:020000040000fa
:080000000001040000000000f3
:020000040000fa
:040008006e04000082
:020000040000fa
:04000c006e0400007e
:020000040000fa
:040010006e0400007a
:020000040000fa
:040014006e04000076
:020000040000fa
:040018006e04000072
:020000040000fa
:04001c006e0400006e
:020000040000fa
:040020006e0400006a
:020000040000fa
:040024006e04000066
:020000040000fa
:0400280030020000a2
:020000040000fa
:04002c006e0400005e
:020000040000fa
:040030006e0400005a
:020000040000fa
:040034008e02000038
:020000040000fa
:040038006e04000052
:020000040000fa
:04003c006e0400004e
:020000040000fa
:040040006e0400004a
:020000040000fa
:040044007e02000038
:020000040000fa
:04004800860200002c
:020000040000fa
:04004c006e0400003e
:020000040000fa
:040050006e0400003a
:020000040000fa
:04005400aa030000fb
:020000040000fa
:040058006e04000032
:020000040000fa
:04005c006e0400002e
:020000040000fa
:040060006e0400002a
:020000040000fa
:040064006e04000026
:020000040000fa
:040068006e04000022
:020000040000fa
:04006c006e0400001e
:020000040000fa
:040070006e0400001a
:020000040000fa
:04007400e0030000a5
:020000040000fa
:040078004a02000038
:020000040000fa
:04007c006e0400000e
:020000040000fa
:040080006e0400000a
:020000040000fa
:040084006e04000006
:020000040000fa
:040088006e04000002
:020000040000fa
:04008c006e040000fe
:020000040000fa
:040090006e040000fa
:020000040000fa
:040094006e040000f6
:020000040000fa
:040098006e040000f2
:020000040000fa
:04009c0064020000fa
:020000040000fa
:0400a00074030000e5
:020000040000fa
:0400a4006e040000e6
:020000040000fa
:0400a8006e040000e2
:020000040000fa
:0400ac006e040000de
:020000040000fa
:0400b0006e040000da
:020000040000fa
:0400b4006e040000d6
:020000040000fa
:0400b8006e040000d2
:020000040000fa
:0400bc006e040000ce
:020000040000fa
:0400c0006e040000ca
:020000040000fa
:0400c4006e040000c6
:020000040000fa
:0400c8006e040000c2
:020000040000fa
:0400cc006e040000be
:020000040000fa
:0400d0006e040000ba
:020000040000fa
:0400d4006e040000b6
:020000040000fa
:0400d8006e040000b2
:020000040000fa
:0400dc006e040000ae
:020000040000fa
:0400e0006e040000aa
:020000040000fa
:0400e4006e040000a6
:020000040000fa
:0400e8006e040000a2
:020000040000fa
:0400ec006e0400009e
:020000040000fa
:0400f0006e0400009a
:020000040000fa
:0400f4006e04000096
:020000040000fa
:0400f8006e04000092
:020000040000fa
:0400fc006e0400008e
:020000040000fa
:040100006e04000089
:020000040000fa
:040104006e04000085
:020000040000fa
:040108006e04000081
:020000040000fa
:04010c006e0400007d
:020000040000fa
:040110006e04000079
:020000040000fa
:040114006e04000075
:020000040000fa
:040118006e04000071
:020000040000fa
:04011c006e0400006d
:020000040000fa
:040120006e04000069
:020000040000fa
:040124006e04000065
:020000040000fa
:040128006e04000061
:020000040000fa
:04012c006e0400005d
:020000040000fa
:040130006e04000059
:020000040000fa
:040134006e04000055
:020000040000fa
:040138006e04000051
:020000040000fa
:04013c006e0400004d
:020000040000fa
:040140006e04000049
:020000040000fa
:040144006e04000045
:020000040000fa
:040148006e04000041
:020000040000fa
:04014c006e0400003d
:020000040000fa
:040150006e04000039
:020000040000fa
:040154006e04000035
:020000040000fa
:040158006e04000031
:020000040000fa
:04015c006e0400002d
:020000040000fa
:040160006e04000029
:020000040000fa
:040164006e04000025
:020000040000fa
:040168006e04000021
:020000040000fa
:04016c006e0400001d
:020000040000fa
:040170004a0300003e
:020000040000fa
:040174006e04000015
:020000040000fa
:040178006e04000011
:020000040000fa
:04017c006e0400000d
:020000040000fa
:040180006e04000009
:020000040000fa
:040184006e04000005
:020000040000fa
:040188006e04000001
:020000040000fa
:04018c006e040000fd
:020000040000fa
:040190006e040000f9
:020000040000fa
:040194006e040000f5
:020000040000fa
:040198006e040000f1
:020000040000fa
:04019c006e040000ed
:020000040000fa
:0401a0006e040000e9
:020000040000fa
:0401a4006e040000e5
:020000040000fa
:0401a8006e040000e1
:020000040000fa
:0401ac006e040000dd
:020000040000fa
:0401b0006e040000d9
:020000040000fa
:0401b4006e040000d5
:020000040000fa
:0401b8006e040000d1
:020000040000fa
:0401bc006e040000cd
:020000040000fa
:0401c0006e040000c9
:020000040000fa
:0401c4006e040000c5
:020000040000fa
:0401c8006e040000c1
:020000040000fa
:0401cc006e040000bd
:020000040000fa
:0401d0006e040000b9
:020000040000fa
:0401d4006e040000b5
:020000040000fa
:0401d8006e040000b1
:020000040000fa
:0401dc006e040000ad
:020000040000fa
:0401e0006e040000a9
:020000040000fa
:0401e4006e040000a5
:020000040000fa
:0401e8006e040000a1
:020000040000fa
:0401ec006e0400009d
:020000040000fa
:0401f0006e04000099
:020000040000fa
:0401f4006e04000095
:020000040000fa
:0401f8006e04000091
:020000040000fa
:0401fc006e0400008d
:020000040000fa
:100200000f3b23000eff27000e01880000000000b6
:10021000000020000000e000020032000001200089
:1002200020028800140007005f0207000000e000c1
:1002300003003a0040b121002100200002003700f5
:100240000000200001002000810f7000010032003a
:1002500014000700000020000000e000020032004f
:1002600000000200000000007a9802000100000077
:100270000040da000000fe004440a900008f230087
:100280000000e00003003200a02020009001880060
:100290004440a800000006008a1f78008b1f7800e9
:1002a00000000600a1028800800478000000eb0036
:1002b0001f003700e284440054a0b4009905ba003e
:1002c000e284440054a0b4009906ba00e2844400d9
:1002d00054a0b4000006eb00476fde00fd07b2003b
:1002e000ae018800636ce10003003a00eaff0700fa
:1002f0000000eb000e003700606ce10008003a00df
:10030000004deb000a05e800020039003420ec0043
:100310000af0a0008b05e900f9ff3e000400370059
:100320006168e100010032000086eb000b0007006d
:1003300019c7ba001905ba000e04e00003003a001c
:100340000a00e000dbff3a0000000600fe07b200f2
:10035000ae0288008a047800f5ff37000cd0a300b5
:10036000e20f4d001c00390089027800354dba00bb
:100370000a05e800020039003420ec000af0a00071
:100380008b05e9000f003200254dba000a05e80090
:10039000020039003420ec000af0a0008b05e900cf
:1003a000080032000c00e0000600320015cdba0053
:1003b0000a05e800020039003420ec000af0a00031
:1003c0008b05e9008984e80054a0b4000b00e0002c
:1003d000e2ff3a00000006009902ba00055d7800cd
:1003e0008b05e900f7ff3200c82ade00055d7800c2
:1003f0008b05e900f3ff32000c00e000f1ff320052
:1004000019ddba00eeff3700ca0c0400000000003e
:10041000940c040000000000500d040000000000d7
:10042000940c0400000000002819040000000000e3
:100430001e3c040000000000fc3d04000000000021
:10044000a83c040000000000183d0400000000006b
:10045000ac3d0400000000001e3c04000000000051
:100460003200f8003400f800881f780018002000df
:10047000a8018800a8202000980188004f04780077
:100480000000fa000080fa003400f9003200f900a0
:10049000004006003200f8003400f800881f7800a1
:1004a00018002000a8018800a820200098018800da
:1004b0004f0478000000fa000080fa003400f900d0
:1004c0003200f900004006003200f8003400f80065
:1004d000881f780018002000a8018800a8202000ac
:1004e000980188004f0478000000fa000080fa00ac
:1004f0003400f9003200f900004006000000fa0064
:1005000088e0a9000080fa00004006000000fa0020
:100510008900a9000080fa0000400600809fbe000c
:10052000829fbe000200fa00c004800068006000e4
:100530000000e000520032004004800068006000cb
:100540000000e0004e003200003a210011c0b3006c
:1005500001487800009b81000000e00003003200a9
:10056000009b81000000e900009b8900b036230059
:10057000104078000004e00005003200b03623008f
:10058000104078008040e900b03623000148780030
:10059000e05980000000e00003003200e0598000d4
:1005a0000000e900e05988000040eb00004f7800af
:1005b000300037001e80fb006600b9008000780024
:1005c000003121000080400010407800e14f5000d1
:1005d00027003a001e80fb006600b900000078008a
:1005e0008080e80000312100008040001000780089
:1005f0000000e0000e0032009e81fb001e80fb0028
:100600006600b900000078008080e8000031210019
:1006100000804000100078000001e9006618b90071
:10062000800078002031210000804000020878001e
:100630001e80fb006600b900000078008080e800a2
:100640000031210000804000100078000000e00030
:1006500007003a001e80fb006600b90080007800a9
:1006600000312100008040008040eb00014878000c
:100670001e4fe8001e407800f74f5000cdff3600b7
:100680008860a9000080fa004f01be004f00be0044
:10069000004006003600f800809fbe00829fbe002a
:1006a000849fbe00869fbe000000fa000200370053
:1006b0003098020001000000301e800061006000e0
:1006c0000000e000faff3a009240a9000080fa0022
:1006d0004f03be004f02be004f01be004f00be00e0
:1006e0003600f900004006003600f800809fbe008a
:1006f000829fbe00849fbe00869fbe000000fa005d
:10070000020037003e98020001000000801d8000ba
:10071000610060000000e000faff3a008bc0a90011
:10072000602f210010407800804078000144a00034
:10073000602f2100014878000080fa004f03be00be
:100740004f02be004f01be004f00be003600f90050
:10075000004006003600f800809fbe00829fbe0069
:10076000849fbe00869fbe000000fa000200370092
:100770002830020001000000d01c800061006000f1
:100780000000e000faff3a008960a900602f210014
:1007900010407800804078000154a000602f2100b4
:1007a000014878000080fa004f03be004f02be00ef
:1007b0004f01be004f00be003600f90000400600a9
:1007c000809fbe000000fa00d00480006800600036
:1007d0000000e0003e00320050048000680060002d
:1007e0000000e0003a003200413780000020200085
:1007f000008060000000e00007003200e926a90048
:10080000602f210010407800804078000124a00073
:10081000602f210001487800a136800000042000ec
:10082000008060000000e00007003200d4c6a9008c
:10083000602f210010407800804078000114a00053
:10084000602f210001487800a0368000640060001d
:100850000000e00007003200d446a900602f21000c
:1008600010407800804078000104a000602f210033
:1008700001487800a0368000680060000000e000b9
:1008800001003200d466a900a136800000022000d9
:10089000008060000000e00001003200d4a6a90042
:1008a000a0368000700060000000e000010032000f
:1008b000d486a9008a60a900602f2100104078002a
:1008c000804078000134a000602f210001487800aa
:1008d0000080fa004f00be00004006000040da0031
:1008e0000000fe000a00fa000000e00037003a00b5
:1008f000639d8100e18f510003003200e28f5100bf
:100900000e003a0009003700803920000000e000a6
:1009100001003a000040da009803e2000b003500c5
:10092000a023ef0099e3a80008003700e03a200078
:100930000000e00001003a000040da00ae03e200ef
:1009400002003500b623ef00afe3a80002007800f4
:100950001a003700040a2000e18f51000b003a0012
:10096000030037000402e90002003a0003003700e8
:10097000040a20009a03ab00faff3200d41c800066
:10098000050037000402e90002003200b003ab00aa
:10099000fcff3200841d8000610262000900320009
:1009a000e18f510002003a00f41c80000100370082
:1009b000a41d8000845878000000e9000000e000d9
:1009c000e4ff3a0000005100080037002300200037
:1009d000b3bf9f00c0bf9f00d1bf9f00e2bf9f0079
:1009e0006a805700a11d07006fb897000080fa00c9
:1009f000000006000a00fa0011002000b1bf9f00ad
:100a0000c0bf9f006a8057009a1d07004fb897002b
:100a10000080fa00000006000a00fa00e20f500011
:100a200034003e00609d8100e10f50000300320061
:100a3000e20f500011003a000c003700833920000b
:100a40000300e00001003a000040da009803e200f1
:100a500002003500a023ef0099e3a8009b43ab0000
:100a60000d003a009b43a8000b003700e33a20003a
:100a70000300e00001003a000040da00ae03e200ab
:100a800002003500b623ef00afe3a800b143ab008e
:100a900001003a00b143a800820178000b00370042
:100aa0003102fb00e10f500004003a009b23ab0031
:100ab000feff3a00e41c880003003700b123ab00be
:100ac000feff3a00941d88008301e9000300e00066
:100ad000f3ff3a00e10f500003003a009b03ab0024
:100ae000feff32000b003700b103ab00feff320007
:100af0000800370033002000b3bf9f00c0bf9f0035
:100b0000d1bf9f00e2bf9f006a8057005b1d0700b6
:100b10006fb99700020078000080fa00000006001c
:100b2000889fbe0080047800709d81000000e00076
:100b300005003a000000eb000e0007000084eb0007
:100b40000000e00008003500789d81000900e00009
:100b50000500320009004400060007000000e00024
:100b600001003d000084eb00080078004f04be0047
:100b700000000600800078000100e00003003a0059
:100b800000002000709d8900000005000080eb003f
:100b900002002000828f500002003e00719d8900fb
:100ba0000000eb000000060000000500140020001b
:100bb0003e023700f4ff2f003c0237000001be0068
:100bc000220007000470a70003f0a1006509b1002e
:100bd000160032000d0035006828e10006003500df
:100be000f0ff2f00f1ff27000300e00013003b009f
:100bf000010028000000050000004000818048003e
:100c00008502e900fcff3a0008003700f88f420037
:100c100002003c008000eb00000005008100d100d4
:100c20000080d3008502e800fcff3a000300e000ea
:100c300002003b0060001000e08018000000060089
:100c40004f89de008201780033023700c70ade00d8
:100c5000f107b200f50fb20008003200e1cf420008
:100c6000020032000170a00024000500810f700016
:100c7000010032000408050044000500810f7000e7
:100c800002003a00140005008502e900000040005f
:100c900081c04800fcff3b000170a000240005005b
:100ca0006022b800060220000000d0008180d2003f
:100cb0000482d2008582d2000000a000020252000d
:100cc00083825a00030031000202420083824a00fc
:100cd0000000a1000603e900f3ff3a00000006004f
:100ce000efff07000400be000000060007f8270021
:100cf000078361000638e10004003a00f70720008e
:100d0000878361008703710001003a0003f0a200ad
:100d1000889fbe008a9fbe008c9fbe00470ade00ef
:100d20000480a100c71ade000580a100070028008a
:100d30000785600087856100f70f20000720e1002c
:100d40009e0032000728e1009c0032000106780076
:100d50000400e000b4003200f70720008780600044
:100d60000170a0000500e000c0003200f70720007d
:100d7000878161000370a000050652000f003a0051
:100d80000b50e1000b0032000308e10002003a00c2
:100d90000200e1007e00320002045000838458000b
:100da000040031000001fd008101fd008402fd000e
:100db0008a05fd006044b800210037000520e100ed
:100dc00005003d000001fd008101fd008402fd00e1
:100dd0008a05fd00050652007a60e1000500350035
:100de0000170a1004722dd00848070008a807000bd
:100df000630037006044b800ef02660007ff2f0071
:100e0000070666000500e00006003400f0831200cb
:100e10008714dd000511de00071bdd0006017100ef
:100e20008519de007060e1000500350009047800d6
:100e300082047800030178008001eb007006560000
:100e40000b50e10003003a0002004000838048009c
:100e50000400370060041400e0841c000200580005
:100e6000838058000188a300060032008100d10071
:100e70000080d3008984d3000884d3000402e800f2
:100e8000270037000178a30025003a000100e000a8
:100e9000030032008186cf00698656000a003700c1
:100ea0008c0020000000e00004003a0009007800f7
:100eb000880478000004eb00700252008086cf00a6
:100ec0000d0646000c06e9007060e10006003500e2
:100ed0008000780009007800880478000004eb00a6
:100ee00070065600700252000c00e0000c00340046
:100ef0008c08dd00f00316000703de00868070001a
:100f00000c00dd00074bde00060070008c4cdd009d
:100f10000743de00868474000c44dd000c0252009e
:100f20006120e10020003500610160000700280019
:100f300087816400f7ff270087836400070374003c
:100f40000300e00006003200820373000400320058
:100f50000000e800e08048000188a3000e003a008d
:100f6000f70f20000720e1004a003d000170a100ba
:100f70004722dd00810072008a8070000000be0000
:100f80004f06be004f05be004f04be000000060025
:100f90006000b800faff37008100d1000080d30064
:100fa0000402e800eeff37000401780089017400b4
:100fb000c20007008a807000f1ff370018010700a7
:100fc000070278000001fd008101fd001401070007
:100fd00087027800850372000778a30004003200be
:100fe0000001fd008101fd0027010700e4ff37003b
:100ff000850362000768a300080032000b50e1007f
:1010000003003200f0ff2f00f1ff2700dcff370064
:101010000001fd008101fd00d9ff37000468a30035
:10102000d7ff3200faff3700f8ff270088836000ff
:101030000b003a000000e00009003a00830364005e
:1010400082837300020032000200be00ccff370032
:101050000b50e100ceff3a000200be00c8ff37008f
:1010600014002000810064003eff3700f8ff2700d5
:101070008883610004003a000200e00002003a00a8
:101080008c007800beff370015002000830164004b
:1010900039ff370001f827000000200081007500ab
:1010a000b7ff3700038368000700280007036300c9
:1010b000470ade000480a100c71ade000580a100f7
:1010c000f70f20000720e100420032000728e1006e
:1010d00040003200889fbe008a9fbe008c1f7800af
:1010e000f107b200f307b2000400e0006400320030
:1010f0000170a0000500e000680032000370a0004d
:1011000085054200eb07b1000204b8000302b800f5
:101110008484440060854a00020ab8008484440044
:101120000a854a00030ab80004054500040033009c
:101130000804d0008984d2000a85d2008b05e9001a
:101140006158e1003d0035000210200009016100f6
:101150000308200089816100f7072000878364006d
:1011600008867300c84cde00c853dd008784740015
:101170004855de000300e0000600320082037600de
:10118000040032008904e80060054d000a88a300cd
:101190000c003a00f70f20000758e10044003d0022
:1011a0000a70a100c75ddd000a8575008a00730022
:1011b000090078004f0678004f05be004f04be00be
:1011c000000006000a05d1008984d3008b05e800e1
:1011d000f0ff3700881f78000604780090000700b1
:1011e000070278000001fd008101fd008c0007006e
:1011f00087027800850372000778a300050032009b
:101200000001fd008101fd009f0007004f047800f0
:1012100000000600850372000748a30003003200a7
:10122000f0ff2f00f1ff2700f8ff3700000020003b
:1012300001f8270088807000f4ff370088017800eb
:101240004848dd00808171004848de00c850dd005c
:1012500001007000c850de00060478000b01780021
:101260001600070088807000d2ff37000500e000fc
:1012700005003200170020003a0007009dff3700ec
:1012800081037000f9ff3a00860078004f0678006d
:101290004f05be004f04be0000000500830371002f
:1012a000f9ff3200270020002e00070094ff3700ce
:1012b00001f8270086807000f4ff37000100e0008d
:1012c00026003200610111007810e10023003c008b
:1012d0006022b8007010e100040035008002780040
:1012e000010078008000eb00700151000200e00076
:1012f0000900340070031100062add00822ade0096
:101300008603dd00878272000200de00860bdd00ae
:10131000070070008208de0084817100f4ff27005e
:1013200004826200848171000400280084826200cb
:101330006102600005f0a600000006000482710052
:10134000070032000000e800e080480000000600ce
:101350000002be006000b800efff37006000b80078
:1013600000000600889fbe000004eb006138e10029
:1013700016003a000100e00008003a00c800de0054
:101380004800dd00880020000100e00003003a0072
:10139000c800de004800dd00680444008184cf00fe
:1013a000e9845400060034008908dd00f08314004d
:1013b0008703de00878070000900dd000904440017
:1013c000610214004f04be00000006000300e000ac
:1013d00008003a00c811de004811dd008800200036
:1013e0000300e00003003a00c811de004811dd00f0
:1013f000680444008384cf00e9845400060034006c
:101400008919dd00f08314008713de0087817100e5
:101410000911dd0009044400e1021400e9ff37006e
:101420002700200001f0a70017002000470bde0076
:10143000f60fb200040032000643e8000a00320052
:101440004702b3000000060001037800f607b2006f
:101450000603700002003a000703b3000000060014
:101460008702b3000000060001037800f607b2000f
:1014700006037000020032000770a00000000600a2
:101480000760a000000006000478a30004003200fa
:101490000578a300030032000168a30001003a00b0
:1014a0000200be000160a00000000600889fbe0090
:1014b0008a9fbe00841f78007c0007004f007800e0
:1014c00011003300f0ff2f00838f6c0006003b00fb
:1014d000040565000a00a7000800370009f0a6000f
:1014e0001000200008003700820f5400838f5c003a
:1014f000030039001000200001003e000000200021
:1015000009f0a7000000ea004f05be004f04be002e
:101510000000e00000000600881f78000304780047
:101520000300e00007003d0060001000e0801800ac
:1015300060011900e081190002003b0001f02d005c
:10154000030037000400070008f0a70001f0a00026
:101550004f04780000000600889fbe008a9fbe00ee
:1015600000827000040271000482710026003200c3
:101570000004be000200be006011b8006b0920002c
:10158000950220000182cf000a0039000541b10018
:101590000082cf00070039000541b1000982cf0069
:1015a000040039000541b1000882cf000100390074
:1015b0000541b10005425200120032000a003b0012
:1015c00082817100610164008100d1000080d3003c
:1015d0008984d3000884d3008b05e8000442e80026
:1015e000f7ff3a00070037000804440089844c00e4
:1015f00000004800818048008b05e9000442e900b2
:10160000f9ff3a00030007004f05be004f04be007b
:101610000000060081002000618055000b003d00a5
:101620000b00200061fe2f000100e1001d003400ce
:1016300082817100610164008904d1000884d300b3
:101640000000e800faff3a00710020006100640029
:1016500003007000020060000900320061044400d1
:10166000e0844c000988a500050032008b05e800e5
:101670006808e10002003a008904d1000884d30020
:10168000f20f20000258e10005003d00c75ddd00bb
:10169000f907b20089807500080078000000060094
:1016a0000bf827008b007800000005000004be0046
:1016b00066fd07000003be000405be000200be0078
:1016c00062fd0700844f7500000006000000fa006c
:1016d000e88157004fb99700b40607000080fa0070
:1016e00000000600fc010700300507006405070044
:1016f000e005070008060700570707000207370044
:101700000000fa00e88157004fb99700a7060700cc
:101710000080fa0000000600ef0107002305070023
:10172000d4050700fc050700550507004a07070018
:10173000f50637000000fa0068815700cfb897001f
:10174000bf0607000080fa0000000600e201070063
:101750003b0207001505070049050700c5050700fe
:10176000ed050700c90607003b070700e60637003e
:101770000000fa0068815700cfb89700b006070054
:101780000080fa0000000600d30107002c020700c9
:1017900006050700b7050700df0507003805070045
:1017a000ba0607002c070700d70637000000fa002a
:1017b00068815700cfb89700a10607000080fa00a3
:1017c00000000600c4010700f80407002c0507000c
:1017d000a8050700d00507001f070700ca06370045
:1017e0000000fa0068815700cfb897009406070000
:1017f0000080fa0000000600b7010700eb040700b4
:101800009c050700c40507001d0507001207070017
:10181000bd0637000000fa0068815700cfb8970076
:10182000870607000080fa00000006001405370054
:101830000000fa0068815700cfb8970085060700be
:101840000080fa00000006007d093700359d810008
:101850000001eb000500e0003100320005017800d6
:101860008001eb000302780083007800020037005b
:10187000820178000601780012037800800f53007f
:1018800009003a000300e00003003200120090005b
:10189000900198000200370012009000309d8900ee
:1018a0000281e8001e003700800f5300060036005a
:1018b0000100e00002003200910f13000200360028
:1018c0000302780082007800120390000600e00016
:1018d000e7ff3a000001eb000100e00010003200d9
:1018e0001101900011031000e40f530006003600b0
:1018f0008101780080197800008041000688e900a5
:101900001200980000017800818f520002003a0016
:10191000329d890001003700120298000181e80021
:1019200002007800000006000000e000180032000d
:101930000081e900319d81000100e00012003200c9
:101940009201780003024000848f500006003a00a4
:101950001102900004087800918141000389e80099
:10196000329d890000000600110278008482e800a0
:1019700085824000850f510003003a0084814100b8
:101980008388e8000000060001087800329d890085
:10199000000006000200fa00889fbe000000e00080
:1019a00001003a00100020000004e8000800a10037
:1019b000e09c81000000e8000000a100e09c89009c
:1019c00040c920000000e0000f003200e10f540089
:1019d00006003600e20f440005003a00c000200077
:1019e000409d89000000eb002a00370028002000fd
:1019f0000800780095ff0700290020000000e000a3
:101a000024003a00010037008004eb00e09c8100d4
:101a1000d19c810000805000800f540013003600dc
:101a200008804400d0bf9f00668057004f0c07001d
:101a3000800078000000eb000100e000150032009b
:101a40000100e8000000a100d19c8100810f50003e
:101a500001003200e09c8900dfb8970001004000df
:101a60000000e8000000a100d09c8900e19c8100fa
:101a70000900e00003003200010078000818780037
:101a8000010037000100780008844400888040008d
:101a9000e19c89004f04be000080fa0000000600af
:101aa000889fbe008a1f7800000478000105780036
:101ab0000a007800b7ff0700800478000900e00002
:101ac0000b0032000800e0000900320078b99700ee
:101ad0008a0f5100010036000a0178008800780062
:101ae0000900780006000700080078008eff070054
:101af000090078004f0578004f04be000000060082
:101b00008001780002003700b15978000201e90035
:101b10000200e000fcff3a0000000600889fbe00c3
:101b20008a9fbe00800478000200e0005b00320063
:101b300001407800814c780082814400f1f99f00d7
:101b4000e20f51005500360091449800a1449800de
:101b5000e1f99f00d1f99f00e60f51004f003600d8
:101b6000b1449800c1f99f00e80f51004b003600c6
:101b70000905ea00630565000a8444000a0551006e
:101b8000c1ff2f00010565000080fb008000eb0015
:101b90001210200013102000d3190700008cbe0083
:101ba0000a01440060b99f0071b99f00e80f550019
:101bb0003a00360020049800310498004004980050
:101bc0005104980020b99f0031b99f0040b99f008f
:101bd00051b99f00f80f550030003600600498009e
:101be00071049800000c9800110c9800200c9800cb
:101bf000310c9800400c9800510c980020b19f00c7
:101c000031b19f0040b19f0051b19f0060b19f0072
:101c100071b19f0000b99f0011b99f006401640079
:101c20007801410002044400020555006011b8002b
:101c30000203be000002be000403be006022b80022
:101c400000007200818072000201730083817300c2
:101c500010003700009cbe000294be0040049800b3
:101c6000510498006204980073049800000c9800d6
:101c7000110c9800220c9800330c9800400c98002e
:101c8000510c9800620c9800730c98000a02b10085
:101c90000802b000ff0f5500eeff3e00090078007b
:101ca0004f05be004f04be0000000600889fbe0026
:101cb0000004be000800780018000700000044007f
:101cc000890078000e000700080078004f04be006d
:101cd00000000600810178000002780030417800a1
:101ce000b14f510002003a000204e000f9ff3a004f
:101cf0009480fb001380fb00008050000000060071
:101d0000881f780000047800080078008e1507000e
:101d1000080078004f04780000000600800078007a
:101d2000040037003104e00002003a0000005100d6
:101d300000000600010178000108a300f9ff3a0045
:101d40008101780031017800f4ef2f000202420097
:101d50000281ea0002016200040828000401610017
:101d6000f7ff320083007800010178003104e000c1
:101d7000fdff3a0000005100000006008001eb006a
:101d80000200e00010003200000278000103780039
:101d9000b44178000304e00008003200b14278004a
:101da0000504e0000500320082034000848f5300e8
:101db0000200320085cf5100f4ff32008381fb0026
:101dc0001680fb00808151000300780000000600af
:101dd000881f780000047800080078007a15070052
:101de000080078004f047800000006003c00fa006c
:101df000889fbe008a9fbe000004be0002057800d6
:101e00000f0078004004b1001d0009000018eb002d
:101e100088a79f00d8af9f000080eb00e0af9f0035
:101e20006022b8006033b800c0fb2f000f004000f4
:101e300088140700120020008a007800c0fb2f00e1
:101e40000f004000301307006fb29700ffb29700f9
:101e50000fbb97009fbb9700dfad97000fa59700c2
:101e60000900e000090032000a855500cfd5de00e8
:101e70000402450085824d0006834d0087834d0096
:101e80000100320004044400880c78004f05be00b5
:101e90004f04be000080fa00000006000001eb00c5
:101ea000d2ff0700e518370012002000cfff07001f
:101eb000e218370022002000ccff3700f1fb2f0092
:101ec00080804000f98f500001003e000050a000cb
:101ed00000000600f9ff3700ec874700889fbe002e
:101ee0008a9fbe008c9fbe008e1f7800000678007f
:101ef00001047800180790002805900098067800e3
:101f0000cdb79f00b80590003202be002203be008c
:101f10000400be000601be004f18de006011b800cc
:101f20008000eb00d0b79f00e1b79f00f2b79f00a1
:101f300083bf9f00800478000900e00006003200a3
:101f40006000b8006011b80004025000858258009b
:101f500006035900878359000e00e0000200350097
:101f60000d10a100cdb79f000900e00005003a0068
:101f70004fb097000028a30002003a000038a300e9
:101f8000020032008a00e900010037008a00780070
:101f9000f8815700a20020000800780062030700c3
:101fa0000900e00003003a00cfb097000128a30029
:101fb000080032000000e90000814500b1c2b30012
:101fc0000900e00001003200d1c2b30001497800ed
:101fd000050037000138a300030032000000e900cb
:101fe00001c2b30081757800480190000201e90048
:101ff00000015100808045004fb297008a017800af
:102000000c0078005f0507009c0090000188a30089
:102010000400320098009000810f500001003d0044
:10202000010078004f0778004f06be004f05be0044
:102030004f04be00cf00b100000006000000060003
:102040004200fa00889fbe008a9fbe008c9fbe009f
:1020500020079800110f9800034f98001100780096
:10206000400f980091009000610f98009e09900029
:10207000a3019000330f98001e0a900044029000c4
:10208000140798009e0a9000b5029000052798005a
:102090003204be002205be006022b8006033b800e2
:1020a0000800be000a01be00f61707000000e000ad
:1020b00003003d000bf0a200d0c2b30004003700c3
:1020c0004e0b90000628a30009003200b0c2b300f6
:1020d0008e239000804b78003e0890000000e900bd
:1020e000700f980011002000510f98001000370069
:1020f0004e0990000238a3000900320000c2b3006c
:102100008e219000804978003e0a90000402e90088
:10211000740f980015002000550f98000400370038
:102120003e0b9000760f98008003eb00570f98004d
:102130000800be000a01be00c0ff0700f4ff2f0028
:10214000f5ff2f00f6ff2f00f7ff270004026000c5
:102150008582600006036100878361006000b8002b
:102160000200200003ff27000020e10001a8e10099
:1021700002b0e10003b8e10011003a000e489000ff
:102180008000fb001104b1000e219000de099000d8
:1021900003004100f98f500002003e00013523008a
:1021a0000100370041352300d5fe070040352300ec
:1021b000dafe07005e0a90000401400015003700b7
:1021c0000020e10001a8e10002b0e10003b8e10055
:1021d000130036008e4a90008500fb001104b10008
:1021e0000e239000de0b900007004300f98f500093
:1021f00002003e008135230001003700c135230075
:10220000bffe0700c0352300c4fe0700de089000b3
:10221000010140004e0a9000be09900050023700b4
:102220006022b8006033b8000800be000a01be009a
:10223000941707000000e0006a0032006022b80036
:102240000600200007ff2300441798005517980048
:1022500066179800771798008006eb000800be000c
:102260000a01be00001f9800111f9800221f98004d
:10227000331f98000e269000070037008d06e800f7
:102280000802be000a03be004417980055179800c4
:1022900066179800771798006022b80006002000a3
:1022a000470224004e109000de1090006e11900046
:1022b000fe119000121907000004be000205be00c6
:1022c0000002be000203be000e1890009e1890008f
:1022d0002e199000be1990006a1707000000e00058
:1022e000e6ff3d000c2798000006eb004e1490001e
:1022f000de1490006e159000fe159000250037004a
:1023000040ed2f00808f560019003d000c00e000ca
:1023100016003a006022b8000600200007352400ad
:102320000e1890009e1890002e199000be19900073
:10233000f31807000002be000203be00041f98004d
:10234000151f9800261f9800371f98006022b800bc
:1023500006002000073524000800be000a01be0068
:10236000e71807000004be000205be001c002000a4
:102370006022b80006002000470224000800be00ca
:102380000a01be002f1807000004be000205be00af
:102390008d06e9000802be000a03be000e18900078
:1023a0009e1890002e199000be1990003517070056
:1023b0000000e000d2ff35000800be000a01be00a8
:1023c00040179800511798006217980073179800eb
:1023d0000e1c90009e1c90002e1d9000be1d9000b3
:1023e000080037006022b8000600200007ff230025
:1023f00044179800551798006617980077179800ab
:102400008006eb008e4a90000500fb00abfe070043
:10241000104f98006e0b9000600020000600e00056
:10242000010035006e08900071c6b3009e4b90000d
:1024300081cf53000a003a00ee0890000100e0004e
:10244000cf013200cf0137008d0f5000d3013c0087
:10245000001f980052c6b300425f98001e0037006c
:102460009e499000435f98000200370064c6b300a5
:10247000445f98000000e800001f980060c6b300a9
:10248000ce5a900080cf520013003a000d00e000b9
:1024900008003d006000b8000200200003ff230098
:1024a000401798005117980062179800731798000a
:1024b0008006eb0061c6b300415f980070c6b300b0
:1024c0001e499000804f5100030032008e19900089
:1024d0008d814100031f98004e129000de12900083
:1024e0006e139000fe139000441f9800551f980033
:1024f000661f9800771f98000800be000a01be0002
:1025000000179800111798002217980033179800a9
:102510000006eb000802be000a03be005407980044
:102520006507980076079800070f9800310037007c
:102530004e1a9000de1a90006e1b9000fe1b900059
:102540000e1090009e1090002e119000be11900071
:10255000bc170700ed1b07000004be000205be000b
:102560000517070080027800250f98004e1a90008a
:10257000de1a90006e1b9000fe1b90000800be004b
:102580000a01be005e1807000e1290009e12900015
:102590002e139000be139000591707000002be00d2
:1025a0000203be0007f0a200041798001517980058
:1025b00026179800371798006022b8000600200000
:1025c000470224004e189000de1890006e1990000b
:1025d000fe1990009b1707000002be000203be0018
:1025e000441f9800551f9800661f9800771f980099
:1025f0000c06e8008e1a9000850f5600ccff3500bf
:102600005e049000ee0490007e0590008e0d900018
:102610006022b80006002000470124004e189000f8
:10262000de1890006e199000fe1990003418070013
:102630000002be000203be00441f9800551f980010
:10264000661f9800771f98000e1090009e10900053
:102650002e119000be1190008a1607000000e000c5
:102660000f0035004e1a9000de1a90006e1b90008d
:10267000fe1b90000e1090009e1090002e119000f6
:10268000be1190007f1607000000e00011003a0024
:10269000ae0a90000508a300080032000d003700c4
:1026a0006000b8006011b800401f9800511f9800ea
:1026b000621f9800731f9800060037006022b80060
:1026c0006033b800441f9800551f9800661f98009b
:1026d000771f98004e1a9000de1a90006e1b900033
:1026e000fe1b90000800be000a01be000a1707008a
:1026f0000002be000203be000417980015179800e0
:1027000026179800371798006022b80006002000ae
:10271000470224004e109000de1090006e119000d1
:10272000fe119000f61707000004be000205be006f
:102730000002be000203be000e1090009e1090002a
:102740002e119000be119000531607000000e0000b
:10275000090035008d06e80060c6b300ce5a90002f
:1027600080cf520008003a000e1b90000603e800dc
:10277000061f9800110037004e149000de149000e0
:102780006e159000fe15900050c6b3004e59900093
:10279000804f510009003a000802be000a03be0043
:1027a000441f9800551f9800661f9800771f9800d7
:1027b0008002eb0045179800070037000800be00b4
:1027c0000a01be00401f9800511f9800621f980028
:1027d000731f98004d1798005e0e90000001eb00eb
:1027e000220f980032079800520798000d0f7800ca
:1027f0006a0037004e1a9000de1a90006e1b90009f
:10280000fe1b90000e1090009e1090002e11900064
:10281000be1190000b1707003c1b07000004be0010
:102820000205be0054160700e90f500001003400f5
:1028300090002000ce0990000348a3000c003a004d
:102840000000e0000a003a0071c6b3001e4a900082
:10285000814f520006003a00ce1290000500e000c1
:1028600003003d002e0b90008606e8002300370091
:10287000be0390000700e0000c003a00ce1090006c
:102880000100e00009003d00e1c2b3000e2190000c
:1028900001717e000c06e800fe0990008301e9004a
:1028a000730f980014002000340798008e229000c7
:1028b0000c814200ae0e90008501780003003700c5
:1028c00001c3b300015978008d06e9000d00e00056
:1028d000fbff3a00032798002e0b900006064600e7
:1028e0000043b00080717e000c06e8000680ea001c
:1028f000fe0b900080834300770f98004e1a9000e3
:10290000de1a90006e1b9000fe1b90000800be00b7
:102910000a01be007a1707000e1290009e12900066
:102920002e139000be139000751607000002be0023
:102930000203be0007f0a2000417980015179800c4
:1029400026179800371798006022b800060020006c
:10295000470224004e189000de1890006e19900077
:10296000fe199000b71607000002be000203be0069
:10297000441f9800551f9800661f9800771f980005
:10298000ce1290008502e900451798005e03900082
:102990000603e800560798002d0f9800de0390000c
:1029a0000e189000808f530005003d009e08900097
:1029b0004100900065005000800f56008dff3900e7
:1029c0009e0678003e0190000200e00007003a00f9
:1029d000ce0990000348a30004003200e0c2b30017
:1029e0000e22900000727e000c06e8008e229000fd
:1029f0000c8042000048eb0051c6b3004e5b9000d3
:102a0000814f530038003a009e0390008700e90090
:102a10000041eb0082f278008001eb000d00e00045
:102a200002003d008d06ea00130020002200200075
:102a300001037800fe0a90008e23900000047800c5
:102a40000a00370001037800a400200011000900eb
:102a50008406d80001027800800678000443b000a4
:102a600084737b000201e9008502e9008600e90029
:102a70000d00e000f3ff3a000200e000f1ff3c002f
:102a8000750f98000727980008007800018243001e
:102a9000b2c2b3000300e00001003200d2c2b300b2
:102aa000024a78000101e9008e21900082804100f5
:102ab0008e4a90000502fb001404b10053c6b30017
:102ac000f90f520001003e0053c4b3008348780060
:102ad0007e0b90000683e900760f9800820f560067
:102ae00001003d0086fc0700ce0b90006380630070
:102af000e20f500015003a007e0890000000e00050
:102b0000120034000e20900084fc07008e219000fb
:102b1000040037007e09900082804100e370780055
:102b20000000e900de0a9000850f5000f9ff3d002b
:102b300003279800058041007e09900001032000d2
:102b4000f6fb07000003eb00360f98000e20900004
:102b500072fc07004e0a9000be0990000001780048
:102b60008e2090002e009000860207004f06be00c7
:102b70004f05be004f04be000080fa0000000600b2
:102b800010002000e48f46002ffe3d00001f98003b
:102b900057c6b300475f98004ffe37000d00e000b6
:102ba00032fe3500001f980042fe37000200fa0096
:102bb000889fbe008a9fbe008005780001047800cf
:102bc0000200780018019000280590009800780015
:102bd000b1bf9f00b80490000200e0000200350081
:102be0000110a100b1bf9f00ea81570082002000c0
:102bf0008a0078003002be002003be000800780082
:102c0000490007003fb99700f0006100030032005f
:102c10000000e90001c3b300817478003fb9970058
:102c2000e8006100030032000000e90001c2b300c7
:102c300081747800480190000201e9000001510010
:102c4000808044003fba97008a0178000b0078002a
:102c50004c0207009b0090000188a3000400320092
:102c600098009000810f500001003d0001007800a5
:102c70004f05be004f04be000080fa0000000600b1
:102c8000ea874700889fbe008a9fbe008e1f78009b
:102c900000047800030078007287570084e2260061
:102ca00055c72600049fbe00c3962200030f78007c
:102cb0006c875700004feb0011059000a1049000b5
:102cc000910578000200e00002003200020778005f
:102cd00001003700728757000000e00002003a0050
:102ce0000e0078000dfc07000a00e000030035002c
:102cf0008a0f5000010036000a0078000b027800ad
:102d000089017800000178008e00780008007800c2
:102d10001c0207004f0778004f05be004f04be009d
:102d2000af00b10000000600f4874700889fbe0096
:102d30008a9fbe008c9fbe008e1f78000605be00d5
:102d40000404be0081bf9f0082b79f00f3b79f00bd
:102d5000b0009000e1b79f001301780092b79f0088
:102d600090069000400090000000e9000006780006
:102d70000d00e00001003d001d0020008040eb0040
:102d8000efb19700817178001e0020001f0037000e
:102d90000c06e9000fb09700cf80de006109b90092
:102da000a0b79f00b1b79f00c2b79f00d3b79f00e5
:102db0000203be000002be000800be000a01be0001
:102dc00010180700000778000e4078000043b0009c
:102dd000efb0970080707e008d06e9000fb9970074
:102de0000201e90082bf9f002fb29700bfb2970097
:102df0004fb39700dfb397000800be000a01be0082
:102e0000f91707000205be000004be000c00e00038
:102e10000d003400e00f5400e08f5c00e00f5d0017
:102e2000e08f5d00daff3a000d00e000d8ff3c00c3
:102e30008fb997000300e000030034001fb0970033
:102e40000018a300d2ff3a000e00e00002003a0092
:102e5000ffb097001140a1000c0078004f077800e8
:102e60004f06be004f05be004f04be004f01b1002b
:102e7000000006000200fa00889fbe008a9fbe0084
:102e80000005780001047800020078001801900025
:102e9000a804900098007800b1bf9f00b80590008a
:102ea0000200e000020035000110a100b1bf9f0048
:102eb000ea815700a2002000890078003002be009d
:102ec0002003be000800780097ff0700480190002b
:102ed0000201e90000015100808045003fba9700df
:102ee000890178000a007800a60107009a00900086
:102ef0000188a3000400320098009000810f500068
:102f000001003d00010078004f05be004f04be00e7
:102f10000080fa0000000600fa874700889fbe0084
:102f20008a9fbe008c9fbe008e1f780080047800b0
:102f300001047800820578001801900028059000af
:102f400018077800b80090000200e0000200350089
:102f50000e10a10001003700120020007000670071
:102f6000e0b79f00090032003b02be002b03be0009
:102f7000e00f5200e08f5a00e00f5b00e08f5b0033
:102f8000020032008a86e900010037008a067800d4
:102f9000e8026700f5b79f00010032008d06e900e6
:102fa0003b02be002b03be00e4af9f00f5af9f00c5
:102fb00086b79f0097b79f00480690000c06e9006f
:102fc0000040eb0080707e00efb297007fb2970068
:102fd0008903780081047800d8af9f00020478004c
:102fe0008bbf9f008a057800034578002a003700d0
:102ff0000c06e9006fab97006f006300e90f50000b
:1030000002003c000003b000010037007005b00072
:103010000a03fb001604b100f90f53000c003e0038
:10302000000378000650a0001606b100f90f530007
:1030300007003e00b4b79f00a5b79f00c7b79f0029
:1030400016110700cfb39700afb297003fb29700b9
:1030500080747e000804e9008d06e9006fa89700df
:10306000ffa897000fb197009fb19700460020007e
:103070008301d1000281d3008180d3000080d3007e
:103080000603e900faff3a00e0af9f00f1af9f00ae
:1030900082b79f0093b79f00e10f56000f003400e6
:1030a0006fa89700ffa897000fb197009fb19700f6
:1030b000e00f5000e08f5800e00f5900e08f5900fa
:1030c000cbff3a000800e000c9ff3c000d00e00023
:1030d000020034000e18a300c5ff3a0089007800f2
:1030e000f4b79f00870478005fac97008a417800ae
:1030f0000b0578008fbd97000500e000100032003e
:103100003b02be002b03be00e4af9f00f5af9f0063
:1031100086b79f0097b79f00e00f5200e08f5a00dc
:10312000e00f5b00e08f5b00050032000c06e90059
:1031300083707e000c06e90000c3b30080707e003f
:10314000ffb297000500e000030032000c06e90022
:1031500000c2b30080707e00480190000201e900c7
:103160000c0151008c8040000e0278008a0178002a
:103170000900780003010700990090000188a3006e
:103180000400320098009000810f500001003d00c3
:10319000010078004f0778004f06be004f05be00c3
:1031a0004f04be00af01b10000000600f2874700e7
:1031b0008e1f780002027800030178000000e00012
:1031c00002003200000778000100370072875700c4
:1031d0008002eb000100e000010032008102e90002
:1031e00070805700060009000018eb000080eb001b
:1031f00080bf9f002310200093bf9f00aebf9f00a1
:10320000b1bf9f00c5bf9f000100e00003003d006b
:10321000b1042000419d890006003700004feb00fb
:10322000eebf9f00debf9f008400780070805700d3
:10323000a11007004f0778002f01b1000000060021
:103240008201780001017800f1ff2700d7ff3700e5
:10325000f40537003c00fa008f017800c303b10089
:103260001d0009008019eb00c0a79f0080b79f00d8
:1032700080922100b0b79f0040fc2f000f0040005b
:103280009b1007000080fa0000000600881f7800ed
:103290000004780000082000808f500017003500df
:1032a00010082000808f50000b00340030082000f0
:1032b000808f500011003a00920078006880500022
:1032c000000978003002be002003be00049cbe004e
:1032d0000694be0007003700920278006480520016
:1032e000000978001000be0084130700009cbe0097
:1032f0000294be0010002000010037000000eb0027
:103300004f0478000000060084082000848f5000dd
:103310001d0032000d003c0014082000848f500076
:103320002700320002003c0004082000040037009f
:1033300024082000848f500034003200440820000c
:10334000848f500043003a0036003700040a200002
:10335000848f50002700320004003c000409200044
:10336000848f50003b003a0028003700020c2000f8
:10337000828f50002f003200020f2000828f5000f9
:1033800034003a002b0037009380e9000200e0008f
:1033900005003200810978001102fb00cfa2de0097
:1033a000612bb900280037008109780011427800ac
:1033b0000482fb008002eb006033b800220037007b
:1033c00013027800e40052000200e0000500320021
:1033d000810978001102be004fabde008603780041
:1033e00019003700810978001102be006033b8006f
:1033f000150037009380e9008109780011027800f8
:10340000cfa2de00612bb9000f00370093027800d5
:10341000e8805200810978003102be002103be001d
:10342000090037009380e9000200e000020032004a
:10343000f1ff37009380e9008109780011027800dc
:103440008002eb006033b8000498be000690be0016
:10345000100005000000050044082000848f500083
:103460002500320008003c0014082000848f500022
:103470001400320024082000848f50002400320001
:10348000040820000c00370004092000848f50003d
:103490001f00320004003c0084082000848f50008c
:1034a00024003a000e003700040a2000848f5000e8
:1034b00011003200040c2000848f50001d003a00df
:1034c0000d0037009380e9008109780091007800b1
:1034d00001087800cf91de008288be00140037001a
:1034e0009380e90081097800910078000108780054
:1034f000824878000e0037009380e9008109780047
:1035000091007800010878008208780008003700f0
:103510009380e90081097800910078000108780023
:103520006112b900612bb9008498be008690be007c
:103530001000050000000500889fbe000004780010
:103540004800900082047800808f5400010036000b
:1035500080047800090178005800900068f907009d
:10356000580090000900400050049800c8009000e6
:1035700089845000490498000048eb004f04be00c5
:1035800000000600f2874700889fbe008a9fbe00a9
:103590008c9fbe008e1f78008004780001057800a3
:1035a00002047800830578006107620002003a0097
:1035b0008b0f540008003900080178008a00780059
:1035c000090078009f1007008b0f5400020039009b
:1035d000880578001e003700088655000c01780029
:1035e000f00f560001003600020120000102200009
:1035f0007e80570049f907008c06780005003700e7
:1036000002012000fe805700090078008d1007009d
:10361000f0865600ef8f5600f9ff3e004461de0051
:1036200000ff2f000091b90002014600fe80570004
:1036300009007800831007000e00e00004003a0043
:10364000080178008a007800090078007d100700e2
:103650000b0078004f0778004f06be004f05be00f4
:103660004f04be002f01b10000000600000005005d
:103670000000050000000500000178000040eb009c
:103680008080fb0081804000632f230063c27800ac
:103690000404e00003003a00702f230060c07800ab
:1036a0000000060092017800934f520004003a0097
:1036b000702f230060c078000309e8000100370084
:1036c0000040e800ea4f5000edff36000000060021
:1036d000f6874700889fbe008a9fbe008c9fbe0071
:1036e0008e1f7800000578000104780083057800bb
:1036f000040678000000eb00c0b79f008080eb005c
:10370000d1b79f00e0b79f00f2b79f0000082000ec
:1037100080bf9f0098007800010078008004eb00d3
:10372000010037008904e800304178000204e0001d
:103730000300320053c2b300834f5100f9ff3a0037
:103740000900e00004003200090178000a00780056
:103750003c100700188c44001807780050c2b300d2
:103760009e4f10003f013a000e07e8000e0c780053
:1037700010003700cfb097000100a0000b00370009
:10378000cfb097000110a00008003700cfb097001d
:103790000120a00005003700cfb097000130a00045
:1037a00002003700cfb097000140a000c1b79f00d2
:1037b000000ce8001800780090407800b2c2b30016
:1037c00082cf5000f1ff320007003c0002c2b3007c
:1037d00082cf5000f0ff320032c2b30082cf5000df
:1037e00007003a00efff3700d2c2b30082cf50008b
:1037f000e0ff320002c3b30082cf5000e0ff32008e
:10380000a2c2b30082cf50000d003a00000ce800c5
:103810001c80e900000e780010007800e0b79f00df
:103820000000e0000f003d00cfb097000100a200b3
:10383000c1b79f000000ea00e0b79f000900370011
:10384000a4040700e0b79f0001003700000ce80067
:10385000180078009000fb000103b100e98f5000d0
:10386000faff36004fb097000008a30002003200b4
:103870000010a100c0b79f0018007800e1c2b3009b
:1038800090cf100016003a008000eb00d1b79f00e7
:103890000000e800000c7800a1c2b30090cf100037
:1038a00006003a00000ce8001c80e900000e7800d9
:1038b00010007800d0b79f0009003700850407008a
:1038c000d0b79f0001003700000ce8001800780016
:1038d0009000fb000103b100e98f5000faff3600b1
:1038e0000800780064ff0700804678001800780020
:1038f0001000fb0071f9070091062000810f5000b5
:103900003800320012003c0041062000810f5000b8
:10391000340032000a003c0011062000810f5000e4
:103920002000320031062000810f5000a00032003c
:1039300051022000810f5000bc003a00b400370053
:1039400071062000810f5000b8003c00880037004d
:1039500001072000810f50005c00320007003c008e
:10396000e1062000810f50007a003200f1062000ad
:10397000810f5000ad003a00390037005107200098
:10398000810f50002700320081072000810f500076
:103990004200320031072000810f5000a3003a009e
:1039a0008f0037008d80fb000c01780000fe2f0097
:1039b0000f00400035fe07000000e000a8003200c4
:1039c00018007800000ce8009041780002fe2f00fb
:1039d0000f014100f88057000a00780024ff07001b
:1039e0000e0037008d80fb008c0178001200200053
:1039f00000fe2f000f00400043fe07000000e00023
:103a000097003200180ce80002fe2f000f01410061
:103a1000f88057000a0078002ff9070080844400de
:103a2000900037008d80fb008c0178000001eb00d6
:103a300000fe2f000f00400033fe07000000e000f2
:103a400087003200180ce80002fe2f000f01410031
:103a5000f88057000a00780006fd0700efff3700e6
:103a60008d80fb008c0178000001eb0000fe2f0030
:103a70000f00400024fe07000000e0007800320044
:103a8000180ce80002fe2f000f014100f8805700db
:103a90000a00780045fc0700e0ff37008d80fb003e
:103aa0008c0178000001eb0000fe2f000f004000a9
:103ab00015fe07000000e0006900320018007800e1
:103ac000000ce800904178001c0037008c01780061
:103ad0000001eb00010f200000fe2f000f0040004e
:103ae00009fe07000000e0005d003200180ce8004d
:103af0000fb097009fb097002fb19700bfb197000c
:103b0000e00f5000e08f5800e00f5900e08f59009f
:103b100009003a00cfb597006fb49700e02e23005c
:103b20007ef807000b027800880178000001780019
:103b3000e12e23004700370083c7b30002fe2f00a9
:103b40000f014100f88057000a007800f2fc0700de
:103b5000b2ff37000b8144008d80fb008c017800a0
:103b600000fe2f000f0040003bfe07003c00370026
:103b70008d80fb000c01780000fe2f000f0040003c
:103b8000c2fd07000000e000350032001800780098
:103b9000000ce8009041780002fe2f000f01410068
:103ba000f88057000a00780025f907009bff3700ce
:103bb00000c8b30080cf560029003a00180ce80076
:103bc0001c80e900000e780010407800e0df9f00c4
:103bd00013002000e2fd2f000f0141000800370014
:103be00000c8b30080cf56001d003a00180ce80052
:103bf0001c80e900000e78008001eb0010017800c5
:103c0000f88057000a0078001dfc070083ff37008a
:103c100000c8b30080cf560011003a00180ce8002d
:103c20004fb29700efb19700080037000e0c7800f4
:103c30000000eb00c0b79f00e0b79f000080eb00e2
:103c4000d0b79f000002eb00840178001200200032
:103c5000412f23000a0078004afe07006fff37005b
:103c6000180ce800090078004f0778004f06be00e6
:103c70004f05be004f04be006f01b10000000600fa
:103c80008200fa00889fbe008a1f78000005780035
:103c900082047800c13f9f000004eb001000370051
:103ca0000902780088017800a2f72f000f01410077
:103cb00081f72f008f8040000a00780084fe070003
:103cc00008004000880f500004003d00b0042000b0
:103cd000409d89000084eb00040037000004780058
:103ce0004f3897001004e000edff3a00080078001c
:103cf0004f0578004f04be000080fa000000060067
:103d00000600fa00889fbe008a9fbe008c9fbe00fe
:103d10000004be008205780020382300000f7800e0
:103d200060382300100798000b80e8000005eb00c6
:103d3000830f50003c003d000b0678008a06780097
:103d40008080eb007808900038119000820f5000be
:103d5000030031003085fb00700c9800070037002d
:103d60000800780021079800df0c070000057800a4
:103d7000ae009000e10f45002b003200e18f4000c3
:103d80000a003a000a0078004cf8070000057800a5
:103d900090062000800f55000f003200e006200042
:103da000800f55000e0032001b0037000a0078001b
:103db0002107980041f80700ae0090000181400003
:103dc0006e01790062c17e000201fb00820f50008b
:103dd00004003200100037008000eb0001003700c3
:103de000110020008a747e000c06e8008d06e800b1
:103df000e38f5600d3ff3a000d0578000a00370024
:103e0000381090000000e0000300320078089000b5
:103e10000000e900700c98000c06e9008b0f5600ba
:103e2000f7ff3d000005eb000a0078004f06be00da
:103e30004f05be004f04be000080fa0000000600df
:103e4000f2874700889fbe008a9fbe008c9fbe00fd
:103e50008e1f780000047800a1b79f0083047800cb
:103e60002205900042069000b20590009906780065
:103e700008007800c30007008d0c40000c06e90024
:103e80000a00e00001003a000c057800eab79f0044
:103e90000a0078008c0f500001003400ecb79f003e
:103ea0000b07780011002000c1b79f008006eb00cf
:103eb000ddb79f000d057800bdb79f008bbf9f0049
:103ec000880578000d047800840037007b08900096
:103ed000bb109000810f5000030031003086fb00c2
:103ee000f00d98000a0037000b0078007e0c0700e8
:103ef00000067800e10f460005003a008fbd9700ec
:103f00007fb297000400e0007b003c00880037008f
:103f10000a00e0000e003a00b0022000800f5600b8
:103f200003003200d0022000800f560008003a0043
:103f30000d00e00002003200888f56000c003a00ad
:103f40000c4f7800990ce8001a0020005e00370042
:103f50003fb097000000e00013003a00e0022000ac
:103f6000800f560010003a000800e00009003200ff
:103f70000b0478008fbd9700381090000000e0001f
:103f80005d003200780890000000e900700c980095
:103f9000590037000c4f7800990ce8001100200000
:103fa000b1b79f00480037000800e00023003a0046
:103fb0005fb297000400e000040032000c007800bb
:103fc000bef707000087b200030037000c0078003e
:103fd000baf707005086b20000f0a7000000ea0020
:103fe0000000e9004f00de000004e000570032004e
:103ff0004fb497000c4f7800990ce8000005eb00d7
:10400000310037000c007800acf707008107200072
:10401000810f500009003a00fef8970000c3b3007a
:1040200080cf500005003a000c4f7800990ce80052
:1040300010002000d0b79f0023003700dfb09700aa
:104040000100e000050032000c007800c40b0700fe
:104050000000e0001a003a000400370000fd2f00c5
:104060000c004000e90f5000150036000b047800ea
:104070008fbd9700381090000000e0000300320070
:10408000780890000000e900700c98008d0f550032
:1040900019003a00efb197000a0178008b00780010
:1040a0000800780016ff07000000e000110034004f
:1040b0000a054000fab79f00990c40000e00370037
:1040c0000c4f7800990ce8008d06e8004fb297007d
:1040d0000402e800c4b79f000e07e800fdb79f0088
:1040e000efb09700818f560078ff35008fbd9700a5
:1040f00001003700fab79f000040eb007fb2970045
:1041000080757a00fe8057000b00780069f7070081
:104110002fb29700009abe000292be001c00200041
:104120001fb09700808f550001003a00ecff2f0070
:104130000c0078004f0778004f06be004f05be0008
:104140004f04be002f01b100000006000a00e80085
:10415000808f5600b9ff3a00aaff37008000780030
:104160001000200002022000828f50000400320064
:10417000e9805000e48f5000010036000000eb00a1
:1041800000000600889fbe00000478008004eb0059
:104190000b003700f1ff07000000e00007003a00c5
:1041a000381090000000e000100032007808900005
:1041b0000000e900700c98000c0037008904e8004a
:1041c000f808900038109000808f500003003100f4
:1041d0003180fb00710c9800eeff3700080078007a
:1041e000c10b0700e10f4000eaff3a000900780028
:1041f0004f04be0000000600889fbe008a1f7800a2
:104200000004be00190078001000fb00d3ff070077
:104210000005eb000000e000090032000800780013
:10422000d8ff0700000578001900e800800c78002e
:104230001000fb00c9ff07000000e000faff3a0091
:104240000a0078004f0578004f04be000000060009
:104250001801fa00889fbe008a9fbe008c9fbe0096
:1042600000057800010478008305780004067800d2
:1042700068004700040009000018eb00720798006e
:1042800000082000000f9800880078000a007800dd
:10429000d9ff070080067800190037007a089000df
:1042a000ba109000810f500003003100b084fb0071
:1042b000700d9800050037000a0078008a0b07008f
:1042c00080047800e18f4400070032001800780075
:1042d0001000fb00808f5400030032003a10900061
:1042e000e9ff2f00110137009b0de800180ce800d2
:1042f000880078000a007800bfff0700808646002b
:1043000018007800904078000104e00003003200bb
:1043100052c2b30082cf5000e0ff3a009b8d4600ae
:1043200051c2b30090cf10008f013a000000e800a6
:10433000000c78008000eb0061079800810678008f
:10434000a1c2b30090cf100002003a00000ce800b8
:104350001d00200018007800de01070060079800ab
:104360006102b900612bb9000a007800390b07001f
:1043700001003700000ce800180078009000fb00f6
:104380000103b100e98f5000faff36000800780001
:10439000b9fc070040579a00180078001000fb0095
:1043a000c6f6070091062000810f50003a00320047
:1043b00015003c0031062000810f5000a2003200a1
:1043c0000a003c00b1052000810f5000dd003200e2
:1043d00011062000810f5000890032005102200098
:1043e000810f50005f013a00bb00370041062000fa
:1043f000810f50001900320071062000810f50001b
:1044000058013c007e00370001072000810f50005a
:104410005b00320007003c00e1062000810f5000e5
:1044200067003200f1062000810f50004d013a0074
:104430003300370051072000810f50002a0032005e
:1044400081072000810f50003e003200310720001c
:10445000810f500043013a008e0037008b01780035
:10446000680147008e0078000a00780047010700c5
:10447000800478000900e0003e013500180ce800d7
:104480008004eb000d00e0003a013a004e5192002a
:104490008280fb000e0037008b0178006801470026
:1044a0008e0078000a007800380107008004780048
:1044b0000900e0002f013500180ce8008004eb0033
:1044c0000d00e0002b013a004e5092008080fb006e
:1044d0008c017800120020000e007800310c0700db
:1044e00080047800230137008b01780068014700c1
:1044f0008e0078000a0078002401070016003700bb
:104500008b017800680147008e0078000a0078006f
:104510001e010700800478000900e0001501350045
:10452000180ce8008004eb000d00e00011013a00d7
:104530004e5092008080fb008c01780009017800c9
:10454000e5ff37008b017800680147008e00780096
:104550000a0078000d010700800478000900e000df
:1045600004013500180ce8008004eb000d00e000a9
:1045700000013a004e5192008280fb00eeff3700ae
:104580008b017800680147008e0078000a007800ef
:10459000fe000700800478000900e000f500350007
:1045a000180ce8008004eb000d00e000f1003a0078
:1045b0008c01780009017800010f2000c6ff370048
:1045c000180ce8001b007800cf80de006109b900fc
:1045d000009fbe000297be008004eb000d00e000cb
:1045e000e4003a004e5092008080fb008c0178007d
:1045f000090178000e007800ea0b0700dd003700a3
:104600008b017800680147008e0078000a0078006e
:104610000bfe0700800478000900e000d50035009b
:10462000180ce8008004eb000d00e000d1003a0017
:104630004e5192008280fb000c0178000e00780041
:10464000b90b0700a6ff370000c8b300ce50920098
:1046500080cf5000c3003a006e0090000000e000e0
:1046600002003a001000200060079800180ce800d3
:104670000002eb000d00e00003003a001c80e9009e
:10468000000e7800100278008b0178000001eb002a
:104690000d00370000c8b3004e519200804f51000a
:1046a000b0003a00180ce8000002eb000d00e0003a
:1046b00003003a001c80e900000e78001002780028
:1046c0008b01780012002000e80047000a00780003
:1046d000af00070082ff370000c8b300ce50920041
:1046e00080cf50009f003a00180ce800fa089000b4
:1046f0003a109000808f5000030031003180fb00a1
:10470000710d9800020037000a007800760a070051
:1047100051022000810f500002003a009b0de8007a
:10472000930037003a1090008004eb000000e00096
:10473000900032007a0890000000e900700d9800a7
:104740008c00370000c8b3004e519200804f5100da
:1047500084003a000002eb000d00e00003003a0084
:104760001c80e900000e7800100278001800e800b4
:10477000000c78008004eb00e1c5b30090cf10007e
:1047800002003a00000ce80019002000121020007e
:104790008900780072004700340f9900dff40700a9
:1047a0000040eb00205798001800780090407800f7
:1047b000d2c2b3003e0a910082cf500005003a00f9
:1047c000000ce80010c0b3000940500000c798007a
:1047d00028003700d2c5b30082cf500025003a0030
:1047e000000ce80010c0b3000940500000f798002a
:1047f000200037000004e00023003200d3c2b300e1
:10480000834f500014003a001800900010407800c8
:104810000004e00010003200814f50000e00320012
:104820000201e800020c780078b897001000fb0045
:10483000f2004700008040000200370011c0b300c2
:1048400009e85000f2014700830150009200fb008c
:10485000818f5100f9ff3500180078009000fb00af
:104860008100470012c0b30009415100b2509800c6
:10487000000ce8001801780012407800d1c5b300a0
:10488000814f5000dbff3a000400e00018003200c6
:10489000840678000006eb0003003700895e78008c
:1048a0000c06e8009b0de8007a089000ba10900012
:1048b000810f500003003100b084fb00700d9800a0
:1048c000050037000a007800340f9900060a070037
:1048d000800478003e0a91000900470030509000a3
:1048e0000004e000edff3a00120037009b0de800e5
:1048f0007a089000ba109000810f50000300310038
:10490000b084fb00700d9800050037000a007800a5
:10491000340f9900f4090700800478003e0a9100e2
:1049200009004700305090000004e000efff3a001b
:104930000006eb003a1090000000e0000300320097
:104940007a0890000000e900700d98000c00e0006b
:10495000040032000400e000020032000040eb00de
:1049600000727e00180ce800e18f44000100320064
:104970008004eb00090078004f06be004f05be0022
:104980004f04be000080fa00000006000000050091
:10499000000005008400fa00889fbe008a1f78008e
:1049a0000005780082047800b13f9f000000eb0012
:1049b000c03f9f00000478000d0037000902780016
:1049c00083f72f008f814100a2f72f000f014100d4
:1049d00061f72f008f8040000a0078001cfe07005e
:1049e000800178000300e000040035000304440067
:1049f0003f3897001004e000f0ff3a00e18f4100db
:104a000003003a000800e00001003a0003047800c7
:104a1000080078004f0578004f04be000080fa00bf
:104a200000000600889fbe008a9fbe008c9fbe00cb
:104a3000800578008106780002067800eb0c900073
:104a4000081020000c044400080178008000eb00ee
:104a5000090078004f0907000000e0000100320063
:104a600009045000080578008c0f5400010036003e
:104a70000c0578000a017800890078000d007800a4
:104a80001ff407000a804400f00d980008844400d9
:104a900088159800e80d98000a0078004f06be00bf
:104aa0004f05be004f04be000000060080007800e5
:104ab0001000200002022000828f5000040032000b
:104ac000e9805000e48f5000010036000000eb0048
:104ad00000000600889fbe008a1f7800000578004d
:104ae0000a047800984478000805e8000900fb00f3
:104af000eeff07000000e000f9ff3a00b0c2b3008b
:104b000080cf540005003200d0c2b3008000eb001b
:104b100080cf540005003a00020037008000eb000f
:104b200001003700110020000804e8000000eb003d
:104b3000030037006a02b900020052000003b0000f
:104b40003801fb0003fd2f0082814100e98f5100f5
:104b5000f8ff36000100e00001003a000000ea0022
:104b60004f0578004f04be0000000600900078005a
:104b70000000eb000100e0000500350001007800b6
:104b8000e7ef0700e10f400001003a000000eb00f2
:104b900000000600800078001000200002022000c3
:104ba000828f500004003200e9805000e48f5000f2
:104bb000010036000000eb00000006000800fa00cb
:104bc000889fbe008a9fbe0000047800810578009f
:104bd00078089000b8109000810f50000300310059
:104be000b084fb00700c98000300370008007800c8
:104bf0003d09070080047800b0022000808f540037
:104c0000040032000005eb00d0022000808f540029
:104c10001b003a00d982b20009f0a7008904ea001b
:104c20008904e9004f4dde0078089000b81090002c
:104c3000810f500003003100b084fb00700c98001d
:104c40000300370008007800270907008004780077
:104c500000fd2f0009004000e90f50000800360059
:104c60000b00e00006003200381090000000e00069
:104c700003003200780890000000e900700c9800f2
:104c800000fd2f00090040008005eb00e90f5000f7
:104c900013003600381090000000e000720032006f
:104ca000780890000000e900700c98006e00370052
:104cb0006a59b9008205400078089000b810900049
:104cc000810f500003003100b084fb00700c98008d
:104cd000030037000800780003090700800478000b
:104ce00000fd2f0009004000e90f500003003e00c6
:104cf000b1cc2000818f5500edff3400615ab9001e
:104d0000612bb90084bf9f0095bf9f00a6bf9f0085
:104d1000b7bf9f001f003700a4002000050020003f
:104d20006033b8000fb897009fb897002fb997006d
:104d3000bfb9970095100700cfcdde000082440078
:104d400081824d0002834d0083834d000403b10036
:104d50000580b1000680b1000780b10084bf9f00cc
:104d600095bf9f00a6bf9f00b7bf9f007808900027
:104d7000b8109000810f500003003100b084fb0098
:104d8000700c98000300370008007800d608070070
:104d90008004780000fd2f0009004000e90f50005a
:104da00017003e00d07a240011ae270042e12a000d
:104db000731420000fba97009fba97002fbb97007b
:104dc000bfbb97000020e10001a8e10002b0e100b4
:104dd00003b8e100d0ff34000900370078089000e4
:104de000810f500003003100b084fb00700c98006c
:104df0000300370008007800bb0807008004780033
:104e00000903b100b8109000e98f5400f3ff360099
:104e10000100e00003003200780890000000e90083
:104e2000700c98000a00e000160032006000b80024
:104e30006011b8000fba97009fba97002fbb970078
:104e4000bfbb97000402500085825800060359003a
:104e50008783590084bf9f0095bf9f00a6bf9f0016
:104e6000b7bf9f00070037006000b80002002000b5
:104e70000300280080bf9f0091bf9f00a2bf9f003a
:104e8000b3bf9f000fb897009fb897002fb9970046
:104e9000bfb997004f05be004f04be000080fa0066
:104ea000000006000f04b000889fbe008a9fbe006d
:104eb0008c9fbe008e1f780000067800b1a79f006f
:104ec000c29f9f00a3a79f00b49f9f00fc08900073
:104ed0003c109000808f5000040031003180fb00b6
:104ee000710e98000007eb000d0037000c007800f1
:104ef0007d080700fbff3700fc0890003c10900085
:104f0000808f5000030031003180fb00710e98004b
:104f1000020037000c007800730807001e00200014
:104f200001032000810f5000f3ff32006022b8001f
:104f30006033b80094af9f00a5af9f00b6af9f004d
:104f4000c7af9f008002eb0095a79f00e102200001
:104f5000810f500023003a00fc0890003c109000a4
:104f6000808f5000050031003180fb00710e9800e9
:104f70006044b8006055b800110037000c0078009c
:104f800059080700faff3700fc0890003c10900019
:104f9000808f5000030031003180fb00710e9800bb
:104fa000020037000c0078004f080700610454002d
:104fb000e0845c0060055d00e0855d001e0020006f
:104fc00001032000810f5000efff320098af9f00d7
:104fd000a9af9f00baaf9f00cbaf9f001500200084
:104fe00095a79f006022b8006033b800d4af9f003f
:104ff000e5af9f00f6af9f0087b79f008002eb00f0
:10500000a59f9f006022b8000600200007ff230034
:10501000d49f9f00e59f9f00f69f9f0087a79f005a
:105020006044b8006055b8006033b800f6a79f0030
:1050300087af9f0084003700e1022000810f5000fd
:105040000e003a009fa397000700e0008b003a0093
:105050005fa89700efa897007fa997008fb19700ee
:1050600090af9f00a1af9f00b2af9f00c3af9f0062
:105070001100200091a79f006a00370091032000d3
:10508000810f5000030034000050a0009dfa2f0053
:105090008086460070002000010020006011b800ea
:1050a0005faa9700efaa97007fab97008fb3970096
:1050b0000020e10001a8e10002b0e10003b8e10036
:1050c0000c003c007fa397008fab97004438dd00b5
:1050d000cc30de00810070004430dd004feade009d
:1050e0000081460081014a00f2a79f0083af9f0024
:1050f0003f003700d0002000010020006011b80000
:105100005faa9700efaa97007fab97008fb3970035
:105110000020e10001a8e10002b0e10003b8e100d5
:105120001d003c006022b8000600200007fb2300a1
:105130005f989700ef9897007f9997008fa197004d
:105140006f0d07000002be000203be00d49f9f0047
:10515000e59f9f00f69f9f0087a79f006168b900a9
:10516000310c07005f9a9700ef9a97007f9b97009a
:105170008fa39700620d07000002be000203be006d
:105180000800be000a01be00630c07000004be0058
:105190000205be00160037000d00e00014003200ca
:1051a000af9a97000500e00011003a006022b800b5
:1051b0000600200007fe23005f989700ef989700f5
:1051c0007f9997008fa197004d0d07000002be0048
:1051d0000203be000800be000a01be004e0c07001c
:1051e0000004be000205be0016002000a69f9f001e
:1051f0005fa89700efa897007fa997008fb197004d
:1052000061004000e080480060014900e081490001
:10521000d0af9f00e1af9f00f2af9f0083b79f0028
:105220001e002000fc0890003c109000808f500071
:10523000030031003180fb00710e9800020037003e
:105240000c007800a80707000dfd2f00808646009f
:10525000e98f560078ff3600800078000150a000ea
:105260001106b100e58f500073ff3600e102200007
:10527000810f500073ff320001003700e002200070
:105280000e00e0001e003a003c1090000000e0001c
:1052900003003200fc0890008100e900710e9800c4
:1052a000bf9897000100e0000e0032000000e0000f
:1052b00003003200fc0890008100e900710e9800a4
:1052c0001fa197000200e0000a0032000000e00089
:1052d000080032007c0890000000e900700e980081
:1052e000040037006022b8006033b8000c0078007a
:1052f00058070700afa197006118b90051003700a7
:105300001fa297000400e00016003a005faa970071
:10531000efaa97007fab97008fb3970094af9f00e1
:10532000a5af9f00b6af9f00c7af9f001100370029
:105330007fa197008fa997004418dd00cc10de00f4
:10534000810070004410dd00f0a79f0081af9f0036
:1053500061024200e0824a0060034b00e0834b00a0
:10536000050037005faa9700efaa97007fab970070
:105370008fb39700800678007000200001002000a5
:105380006011b8000020e10001a8e10002b0e100d6
:1053900003b8e100e6ff34000d0078000050a000e3
:1053a00001072000810f500015003a00bf989700b8
:1053b0000c00780001fe07006022b8000600200003
:1053c000070028000400e1000588e1000690e100e4
:1053d0000798e10014003a00bf9997000300e0002d
:1053e00007003a006022b8006033b8000c00780073
:1053f000180707006000b8006011b8003c013700d2
:105400003c1290006000b8006011b8000400e00099
:10541000050032007c0890000000e900700e980042
:105420006000b8006011b8007fa297008faa9700b3
:10543000e00f5200e08f5a0007003a00afa2970039
:105440006128b900feed07006011b80015ef0700f4
:105450002a0b0700260137001faa9700afaa970062
:105460003fab9700cfab970068025200e0825a0032
:1054700060035b00e0835b002c0020000402d0008e
:105480008582d2000683d2008783d2000c06e90011
:10549000faff3a00040240008582480006034900f2
:1054a00087834900d4af9f00e5af9f00f6af9f0010
:1054b00087b79f00cf9a97000500ea00cf80de00f3
:1054c0006109b9005faa9700efaa97007fab970028
:1054d0008fb397000020e10001a8e10002b0e100d5
:1054e00003b8e1000f00340020022000409d890035
:1054f000afa297006128b9004b0b0700f4ff2f0003
:10550000f5ff2f00f6ff2f00f7fe27007c0c0700a9
:10551000f4ff2f00f5ff2f00f6ff2f00f7fe270006
:105520001a0037004f9b970067f92f0007004300d0
:10553000cf80de006109b9005faa9700efaa97004b
:105540007fab97008fb397000020e10001a8e10036
:1055500002b0e10003b8e10039003d002002200064
:10556000409d8900afa297006128b9002e0b07006b
:105570006022b8000600200007012000600c070030
:105580006022b80006002000070120005c0c070024
:10559000d70037006022b8000600200007fe230075
:1055a0000800be000a01be00bb0a07000c06460048
:1055b0008d864e000000e0000d00350061064600bb
:1055c000e0864e006022b8000600200007ff23009e
:1055d0000800be000a01be00490b07000002be0021
:1055e0000203be000800be000a01be00040037002e
:1055f0000802be000a03be000800be000a01be0089
:10560000450b07000004be000205be005fa897001e
:10561000efa897007fa997008fb197006100500015
:10562000e080580060015900e0815900d0af9f0030
:10563000e1af9f00f2af9f0083b79f0002003700e9
:105640007fa697008fae9700e00f5600e08f5e00b8
:10565000d0ff3d00fca79f008daf9f003fa29700a9
:10566000cfa2de00612bb90094af9f00a5af9f00d1
:10567000b6af9f00c7af9f000002200001002000ce
:105680006011b800cf9a97004faede0005025000bf
:105690008c8258000c0359008c835900d49f9f00c2
:1056a000e59f9f00f69f9f0087a79f005fa8970038
:1056b000efa897007fa997008fb1970000004200e4
:1056c00081804a0002014b0083814b00d0b79f00cc
:1056d000e1b79f00f2b79f0083bf9f001faa97000a
:1056e000afaa97003fab9700cfab97000020e10037
:1056f00001a8e10002b0e10003b8e10006003400b7
:10570000dfaa97004f9b9700068052000002b0006e
:10571000b0a79f000b0033006000b8006011b80014
:1057200090af9f00a1af9f00b2af9f00c3af9f009b
:1057300040032000bfa09700808f500038003c003d
:10574000020037000001eb00b2a79f0042052000d5
:10575000bfa19700030151000000200001f82300c1
:105760007d1107000006be002fa297006120b9003e
:10577000ad0a07000002be000203be000c00be001e
:1057800094b79f00a5b79f00b2b79f00c7b79f000f
:105790005a0a07001fb29700afb297003fb39700b5
:1057a000cfb39700340f07000002be000203be0013
:1057b00094af9f00a5af9f00b6af9f00c7af9f00fb
:1057c000bfa29700ff8f520015003c006022b80076
:1057d0006033b8000800be000a01be00420a07009c
:1057e0000000e0000e0032006000b8007fa39700c8
:1057f00061006300e00f5000e08f580008003a009d
:105800007fa697008fae970061064600e0864e00a7
:10581000fca79f008daf9f006044b8006055b800a2
:10582000afa697006168b9007f0a07000002be00ba
:105830000203be00b4a79f00c5a79f00d6a79f0084
:10584000e7a79f000802be000a03be00ac0b0700da
:105850000004be000205be007fa097008fa897003d
:10586000740a07000002be000203be003fa09700ba
:10587000cfa097005fa19700efa19700a00b0700b2
:105880000002be000203be001fa89700afa8970049
:105890003fa99700cfa997009f0a07000802be0002
:1058a0000a03be009c0a07001faa9700afaa970030
:1058b0003fab9700cfab9700910a07000004be00f2
:1058c0000205be006022b8006033b800060a070077
:1058d0000000e00002003a0020022000409d890004
:1058e0005faa97000800be000a01be00441107002d
:1058f0004f0778004f06be004f05be004f04be00a4
:105900000f04b10000000600cf23b000889fbe0046
:105910008a9fbe008c9fbe008e1f78000004780016
:1059200001007800b2a79f00e39f9f0094af9f0003
:10593000850578008006eb000a003700f808900023
:1059400038109000808f5000030031003180fb0040
:10595000710c98000200370008007800e20507008b
:105960001d00200001032000810f5000f3ff3200d2
:105970000006eb006022b8006033b80094b79f00c7
:10598000a5b79f00b6b79f00c7b79f00e1022000f0
:10599000810f50002a003a00f8089000381090005b
:1059a000808f5000090031003180fb00710c98009d
:1059b0006022b8006033b80094b79f00a5b79f007d
:1059c000b6b79f00c7b79f001900370008007800de
:1059d000c5050700f6ff37001fb09700afb097006e
:1059e0003fb19700cfb1970061005000e0805800b0
:1059f00060015900e081590090b79f00a1b79f0056
:105a0000b2b79f00c3b79f00f8089000381090000d
:105a1000808f5000030031003180fb00710c980032
:105a20000200370008007800af0507001d002000c5
:105a300001032000810f5000e7ff32001c0020000e
:105a40006011b800c29f9d00d39f9d008004eb00b1
:105a50006022b8006033b800d4af9f00e5af9f006c
:105a6000f6af9f0087b79f00090778000905780007
:105a700052003700810f50000c003a000c00e0008b
:105a800058003a005fa89700efa897007fa99700f9
:105a90008fb1970090b79f00a1b79f00b2b79f004a
:105aa000c3b79f001c0020003b003700010320000b
:105ab0005faa9700efaa97007fab97008fb397007c
:105ac00061024200e0824a0060034b00e0834b0029
:105ad000d4af9f00e5af9f00f6af9f0087b79f0050
:105ae000c3072000830f570023003c00810f5000a4
:105af00001003200dfac9700c276dd000a00e00052
:105b00001100320085db2f008f8242008d8642001b
:105b10006102b9000403b1000580b100a2002000b9
:105b2000030020001d00be00d4b79f00e5b79f0012
:105b3000ed0907005fb29700efb29700801e4200a8
:105b400081964a000500370086db2f000f034300d3
:105b50008d064300cf91de00828ebe000a05e8006c
:105b60001d002000e90f55000b003a000d0747000b
:105b70000005eb0008003700810f500006003200de
:105b80004f909700df9097000000a000c0979f0003
:105b9000d1979f00c9452000f80890003810900068
:105ba000808f5000030031003180fb00710c9800a1
:105bb00002003700080078004b05070002fd2f00a7
:105bc00000014100e1022000e90f5100a9ff360069
:105bd000810f5000a9ff32000c00e00003003200ea
:105be0000a003700e0022000080037005faa970093
:105bf000efaa97007fab97008fb3970094b79f00f1
:105c0000a5b79f00b6b79f00c7b79f000d00e00083
:105c100029003200000178000250a0005106200047
:105c2000810f510024003a008b00780008007800b2
:105c3000e2fb07006022b8000600200007002800f1
:105c40000400e1000588e1000690e1000798e1000a
:105c50000c003a000b00e0002300320038129000e4
:105c60006000b8006011b8000400e00005003200d8
:105c7000780890000000e900700c98006000b800ff
:105c80006011b8001fb29700afb297003fb3970002
:105c9000cfb397000002420081824a0002034b000a
:105ca00083834b0094b79f00a5b79f00b6b79f00b2
:105cb000c7b79f00130037000000e0000600350062
:105cc000381090000000e0000300320078089000d7
:105cd0000000e900700c98000d00e00009003a0097
:105ce00060012000409d89006022b8006033b80048
:105cf00008007800d70407006000b8006011b80001
:105d0000780337004f9e9500df9e9500e00f560008
:105d1000e08f5e0007003a009faa97006128b90053
:105d2000c7eb07006011b800deec0700f3080700be
:105d30006c0337001fb09700afb097003fb19700da
:105d4000cfb197005faa9700efaa97007fab9700ab
:105d50008fb397000400e1000588e1000690e100a0
:105d60000798e10020003a00900020000100200088
:105d70006011b8001fb29700afb297003fb3970011
:105d8000cfb397000020e10001a8e10002b0e100dc
:105d900003b8e10014003c00bfa29700fe8f520040
:105da0000a003c000c00be00050378000603e90071
:105db000030033008100d1000080d300fbff3700d7
:105dc000e00f5000e08f580007003a009fab9700ab
:105dd0006138b900140907000004be000205be00c6
:105de0000c00be0060003700220020006f9e97006c
:105df000110009000206d8000000ea00cf80de0092
:105e00006109b9001fb29700afb297003fb3970086
:105e1000cfb397000020e10001a8e10002b0e1004b
:105e200003b8e1000f00340020022000409d8900eb
:105e30009faa97006128b900fb080700f4ff2f0014
:105e4000f5ff2f00f6ff2f00f7fe27002c0a0700b2
:105e5000f4ff2f00f5ff2f00f6ff2f00f7fe2700bd
:105e60008e0037006f9b970067f92f0007004300f3
:105e7000cf80de006109b9001fb29700afb2970072
:105e80003fb39700cfb397000020e10001a8e100e5
:105e900002b0e10003b8e1000d003d002002200047
:105ea000409d89009faa97006128b900de0807007d
:105eb0006022b8000600200007012000100a070039
:105ec0006022b800060020000701200073003700a0
:105ed0000a00e0000e0032000a0037004274dd00c4
:105ee00086db2f000f03430008044300a2002000bc
:105ef000030020001800be00fb080700008cbe0055
:105f00000a05e800e80f5500f4ff34000e07e8002a
:105f10009fb39700e88f540002003c00878f540025
:105f2000050034004270dd008cdb2f000f064600b8
:105f3000000046005c0037009fb69700f18f5600c6
:105f4000f8ff3c00e98f560009003a001fa99700ae
:105f50006110b900b40807000004be000205be00cd
:105f60004f989500df989500b2080700470037006a
:105f70009fb19700e88f51001c003c001faa9700ba
:105f80006120b900a80807000004be000205be0099
:105f90004f989500df989500a60807000002be0004
:105fa0000203be000800be000a01be00d4090700bb
:105fb0000004be000205be009fb297006880120078
:105fc0004200dd00e1232300008040001000be00fd
:105fd000950807000002be000203be000800be00d4
:105fe0000a01be0017090700be0237003fa3970051
:105ff0007b004300d2ff2f009fb3970002b9b90086
:1060000002014000fe0f51000a003c004f9895002d
:10601000df9895000201e900030033008100d10000
:106020000080d300fbff3700e00f5000e08f5800e6
:10603000bcff3a001fae97006160b9007a08070004
:106040000004be000205be004f989500df98950041
:10605000780807000002be000203be000800be0070
:106060000a01be00a60907000004be000205be002a
:106070009fb697006a8056004200dd00e1232300ae
:10608000008040001000be00670807000002be004c
:106090000203be000800be000a01be009809070006
:1060a000900237000e07e9004001be00e00f5100ea
:1060b000e08f5900fbff3200940020009fb0970052
:1060c000110009008400d800010278000001eb00f3
:1060d000d2af9f000400e000520032009fb1970051
:1060e0000300e00001003d00690242006800120068
:1060f0004200dd00e1232300008040001005be00c7
:1061000046db2f000f0343006044b8008002eb0021
:10611000d5af9f00c4a79f000800be00850478008b
:10612000060478000002be002d0037005806be00ad
:106130000a01be000c00be00d4b79f00e5b79f0067
:10614000d7ea07005fb29700efb297000403400060
:1061500085834800068cbe000a01be0000a02c000a
:10616000a1b92300f6b79f0087bf9f00cf070700a4
:106170000002be000a01be000c00be00d4b79f00a2
:10618000e5b79f00d6ea07000001be005fb29700a6
:10619000efb297000400be00530807000002be00e3
:1061a0000900e8007fb397008fbb97005fae9700b0
:1061b0008c8f540009003a00e00f5300e08f5b0021
:1061c00006003a0080067800fd07b200ddaf9f00b0
:1061d0009fb09700e980500091b79f00800478003d
:1061e0008e8f5400d1ff3a000404be004fa29700e6
:1061f000e00f5400e08f5c00060032004270dd00ca
:1062000082db2f000f014100000041000888be0022
:106210000e07e800690212009fb1970084814100d7
:1062200093b79f000002eb00c4a79f00dfae97006a
:106230006c003700cfa29700fd825200c5a79f00d7
:106240000e06e900fc07b2006033b800d6af9f002d
:10625000e7af9f004260dd0087db2f008f834300a4
:1062600080834300d7a79f001704be006055b80085
:10627000cd55dd004348de008b0570004d4ddd003f
:106280004340de000a057000cd44dd000004eb0051
:106290005fa99700efa9970008044100898449008d
:1062a00060054d00e0854d0004a02c00a5b9230039
:1062b0006033b8000440e10005c8e10006d0e10009
:1062c00007d8e1000e0036000800be000a01be003b
:1062d000c50a0700d0af9f00e1af9f0004a02c00cb
:1062e000a5b923006033b8000800be000a01be0053
:1062f000c40a0700dfa39700808bbe0005003700ab
:106300005fa097000888be006011b800d2af9f0060
:10631000e3af9f000e00e900f007b200800f5600c7
:106320000b003a008d0f56000e0032004260dd0077
:1063300083db2f008f814100008041001000be00f0
:10634000e00f5000e08f5800ed01320002003700ee
:106350008d0f5600030032000c06e900fc07b20066
:10636000bcff37005faa9700efaa9700e00f52002a
:10637000e08f5a001b0032009fb29700e982420072
:1063800095b79f008d06e900fd07b2008e8f56007d
:106390000d003a000d07e900fe07b2000e00e9000b
:1063a000f007b2004200dd0086db2f000f03430040
:1063b00000004300c270dd00810043001001be00f8
:1063c00031187100219071004268dd0083db2f00dd
:1063d0008f814100008041005faa9700efaa9700db
:1063e0000488be009fb29700f18f520091ff3400e5
:1063f000f28f520009003a004269dd0086db2f006f
:106400000f03430002014300e0052700910820002c
:10641000b20f1000a28f180086ff36008d0378009f
:10642000a22523000000eb0087004000f107b20026
:106430008e8f50000d003200c208dd0083db2f007c
:106440008f814100818041001104be005202be00d4
:10645000840f5400858f5c00040039000d003e005d
:106460000000e800e20f5000efff3a001fb2970073
:10647000f20f520007003a00d7af9f006044b80007
:106480006055b8008006eb000800be000a01be009f
:1064900067003700990020009fb29700fb8f5200e1
:1064a00001003c00190020004fa39700090343009e
:1064b000c6a79f00100020000900dd000000e900d1
:1064c0006101b900d2a79f00e3a79f000aa02c009a
:1064d000abb92300890178008301e9000300330090
:1064e0008b85d1000a85d300fbff370007047800b5
:1064f0006000b800d0af9f00e1af9f000a02be006d
:106500001fb59700870578002d003700c240dd00d9
:1065100086db2f000f034300810043001101be0002
:106520000203be00090678000c06e90003003300f0
:106530008703d1000683d300fbff37005fae9700cf
:10654000efae97000603460087834e008688be00a4
:106550006fa0970083066000dfa0970002866000ae
:106560000401be000c00be00d4b79f00e5b79f0039
:10657000f6b79f0087bf9f005b070700d0af9f0063
:10658000e1af9f000800e8005fb29700efb297000c
:106590007fb397008fbb97008b0f540006003a0023
:1065a000e00f5300e08f5b0003003a0080057800a5
:1065b000fb07b2006905550000047800f807b20037
:1065c0008e0f5400d1ff3a008b0378009ab79f00da
:1065d0005fa89700efa89700e00f5000e08f5800e9
:1065e0008fff32000e01e800f207b200870f510062
:1065f000070032004277dd0083db2f008f814100ee
:106600000e874100008fbe000207780084ff37002c
:106610000e00e900f007b2004200dd0084db2f002d
:106620000f024200000042001000a0007cff370073
:10663000dfaa970005864600fc07b2008e0f5600c1
:1066400009003a000e07e800fe07b2000e02e9005a
:106650004222dd0086db2f000f03430004024300cb
:10666000000aeb00341278006022b80056d62c00e5
:10667000d71c2400220807000004be000205be004b
:106680004266dd0087db2f008f8343000c864300ca
:106690001c00be00e70607000002be000203be00a9
:1066a0000800be000a01be001b0707008d06e800b7
:1066b000e28f5600deff3a000004be000205be0075
:1066c0001fae97006160b900d70607000002be0048
:1066d0000203be000800be000a01be000808070051
:1066e0000002be000203be00d4a79f00e5a79f00e2
:1066f000f6a79f0087af9f00cfa297005503b00079
:10670000c59f9f006f9b970006835200d69f9f00f6
:10671000bfa39700868f5300060034000600e000f8
:106720000b003500060678001d0020009db79f0075
:10673000030037003fa697000000eb0090b79f00d2
:1067400040032000800f560037003c000300370054
:106750001100200091b79f000006eb009206200078
:106760000c0151000000200001f823007a0d070001
:10677000620607005fa29700efa297007fa3970031
:106780008fab97003c0b07000002be000203be0067
:10679000f49f9f0085a79f0096a79f00a7a79f0033
:1067a000520320000c0151000000200001f82300da
:1067b000690d0700510607000002be000203be007b
:1067c0005fa09700efa097007fa197008fa9970087
:1067d000cb0b07000004be000205be000002be0095
:1067e0000203be005fa09700efa097007fa1970073
:1067f0008fa99700c20607007f9a97008fa2970083
:106800001fa39700afa39700c30607000002be00b6
:106810000203be00d4a79f00e5a79f00f6a79f0034
:1068200087af9f00080037006000b8006011b80013
:10683000f09f9f0081a79f0092a79f00a3a79f00a2
:106840000004be000205be00dfa897000180e8003a
:10685000f007b2008e0f50004e0032004200dd0003
:1068600082db2f000f014100000041001001be003b
:10687000f04f2600d1dc2100800f5100818f59009c
:106880000e003e00e00f5100e08f590005003a0075
:10689000dfa9970063804100f007b2008e0f50001f
:1068a000250032001faa97006120b900e4e8070024
:1068b0000200200003e823001600370000502600e5
:1068c000d1dc2100800f5100818f5900030032007c
:1068d0009faa97006128b9000b0037005fab9700b3
:1068e00063014300f207b2009fab97006138b90023
:1068f0008e0f510004003a00d1e80700020020008a
:1069000003f0230003003700cde807000200200059
:1069100003f42300e3e90700f80507000002be00c6
:106920000203be000800be000a01be007a0607008e
:106930000004be000205be00500320000c00500001
:10694000e10f5000130034006022b8000600200060
:1069500007ff23000800be000a01be00680b070005
:106960006022b8006033b800df0507000000e000d7
:1069700008003a006022b8000600200007ff23004c
:106980000800be000a01be00630607000004be0046
:106990000205be003fa09700e3061000ef989700a5
:1069a000818656000802be000a03be005fa0970061
:1069b000efa097007fa197008fa9970056060700c8
:1069c0007f9a97008fa297001fa39700afa397000d
:1069d0004b0607000002be000203be0094af9f00fa
:1069e000a5af9f00b6af9f00c7af9f006480560061
:1069f000cf98970001f0a100810f500033003c00b8
:106a00000400be00b60a07006022b800060020009d
:106a100007342400a00507000000e0001b0035003b
:106a20009fb297000500e000070032005f9b9700cf
:106a300006066e000cf0a7000c06ea000c06ea0041
:106a40004f66de009cb79f006022b8000600200061
:106a500007fe23001fa89700afa897003fa9970043
:106a6000cfa99700260707000002be000203be0060
:106a700094af9f00a5af9f00b6af9f00c7af9f0028
:106a8000cfa297008502e800c5a79f004fa09700fe
:106a90004003b0008d0f50000a003d001fb3970067
:106aa0000600e000090032006022b8006033b80040
:106ab0000800be000a01be008b0507000000e000d0
:106ac0000200320020022000409d89004fa2970062
:106ad0001fa89700afa897003fa99700cfa99700dc
:106ae000c70c07004f0778004f06be004f05be00d9
:106af0004f04be00ef1fb100ef03b100000006001d
:106b00000c07780014fe3700e4874700889fbe001a
:106b10008a9fbe008c9fbe008e1f78000004780004
:106b2000020778000100e000fa003500bbf62f00f4
:106b30008a012000e18f500004003400e28f5000f1
:106b4000f4003a00ebbc2f005a03200078089000b4
:106b5000b8109000810f500003003100b084fb009a
:106b6000700c980003003700080078005e010700f1
:106b7000800478000900780006f807000000e000b3
:106b8000f2ff3a00b0022000808f5400060032006d
:106b90001c002000d0022000808f54000e003a001c
:106ba0002c002000010037000006eb0061061600f3
:106bb00078089000b8109000810f50000300310059
:106bc000b084fb00700c98000300370008007800c8
:106bd0004501070080047800f12223008006eb00c5
:106be00011003700e78f56000c0032007808900043
:106bf00038119000820f500003003100b084fb0078
:106c0000700c9800050037000800780081bf9f00d5
:106c100035010700800478008fb897008d06e800e2
:106c2000e88f56001f003200090178000250a000d2
:106c30005100fb00800f5100eaff32000d00780088
:106c4000e38f560006003200e88f56001500320030
:106c5000e38f5600190036000e00e000bd00320040
:106c6000b81090000100e0000300320078099000a5
:106c70000201e900720c98000e00e00009003200e9
:106c8000060037000100e0000300320078099000a0
:106c90000201e900720c98000000e900e30f5000c7
:106ca000f8ff3a00e10f46009d003a006000b8008e
:106cb0000200200003ff2f00a000370081232300e3
:106cc0000d00e00012003200a2003700e28f5600f3
:106cd0000c0032007808900038119000820f5000ac
:106ce00003003100b084fb00700c980005003700f1
:106cf0000800780081bf9f00fb0007008004780037
:106d00008fb897008d06e800e38f5600060032002a
:106d1000090178000250a0005100fb00800f5100d3
:106d2000eaff32008b003700f8089000381090001e
:106d3000808f50000700310080c2b30031406800ee
:106d40000080fb000000ea004f00de00710c98009c
:106d50000700370008007800e30007008082b200d7
:106d600000f0a7000000ea000000ea004f00de008b
:106d7000190020000004e0000700320038109000e5
:106d80000000e0006a003200780890000000e9008e
:106d9000700c980066003700f808900038109000da
:106da000808f5000030031003180fb00710c98008f
:106db0000200370008007800cb00070001fd2f001b
:106dc00080804000e98f50000b003600f1fb2f005f
:106dd00080804000f98f500007003600f1f92f0045
:106de00080804000f98f500003003600f10520003c
:106df000810f500002003a008904e800e6ff3700e6
:106e000091022000810f500049003200381090009c
:106e10000000e00003003200f80890008100e90063
:106e2000710c98000e00e00007003a000f003700d8
:106e30000000e00003003200f80890008100e90043
:106e4000710c98008904e9000900e000f8ff3a009d
:106e500037003700381090000000e00003003200d7
:106e6000780890000000e900700c98006001200094
:106e7000409d89006022b8006033b80008007800a7
:106e8000740007002300370000032000808f5400a7
:106e90001a003a00f808900038109000808f5000d7
:106ea000030031003180fb00710c980002003700b4
:106eb000080078008c0007000050a0008107200027
:106ec000810f500007003a000e0278008c01780014
:106ed0000b0178008a00780008007800f1f70700bd
:106ee00016003700381090000000e0000300320068
:106ef000780890000000e900700c98008e0278007d
:106f00000c0278000a01be000800be007efa0700ed
:106f10000a0037006000b8006011b80007003700b1
:106f20006000b8000200200003ff270003003700c4
:106f30006000b8000200200083ff27004f077800a0
:106f40004f06be004f05be004f04be004f00b1000b
:106f5000000006000d00e000beff3a00caff370047
:106f60008000780002fd2f00010141001000200088
:106f7000e90f5100050036000150a0001106b100d4
:106f8000e58f5000010036000000eb000000060015
:106f9000f3ff37008180fb00010037000201e900a8
:106fa000800178000008a300060032000200e00023
:106fb000230032003082fb00810f5200f7ff3a00bd
:106fc000030037000000eb000200e0001e0032006a
:106fd0001380fb00810f50001c00320014102000b1
:106fe000048ab90084027800010037000281e900b8
:106ff00003007800e10f51000a00360033826a0076
:10700000f6ef2f00040343000482ea000402630049
:107010000608280006026200f4ff32000100370073
:107020000201e900800178000200e0000500320062
:107030003082fb00810f5200f9ff3a000300370055
:10704000000005000000eb000000060003007800cf
:1070500000000600889fbe008a9fbe004410980072
:10706000551098006610980077109800f00890006e
:107070002004900001045400cfc4de00614db9002b
:1070800008189800191898002a1898003b189800ba
:10709000e00f5200e08f5a00e00f5b00e08f5b00d2
:1070a0000c0032000014900001045400cfc4de0034
:1070b000614db9000440e10005c8e10006d0e100df
:1070c00007d8e10003003400048240003410980027
:1070d0000200370080109000311098004f05be006c
:1070e0004f04be00000006002800fa00889fbe0082
:1070f0008a1f780000047800f808900028009000ab
:1071000000805000081a9000981a9000281b9000e8
:10711000b81b9000cf80de0004024000858248004a
:10712000068348008783480048109000d8109000dc
:1071300068119000f8119000e00f5000e08f5800a7
:10714000e00f5900e08f5900050032000020e100f7
:1071500001a8e10002b0e10003b8e1000d003d002c
:1071600008007800d4b79f00e5b79f00f6b79f00ee
:1071700087bf9f0052010700800478005fb297002c
:10718000efb297007fb397008fbb97000900e00034
:1071900016003d0078089000a80090008080500004
:1071a0004f89de0004824000850249000603490041
:1071b00087034900041c9800151c9800261c9800a1
:1071c000371c980030149800f0ff2f00f1ff2f00bb
:1071d0000001be00401498005114980062149800f9
:1071e000731498008084eb00520037006100420065
:1071f000e0804a0060014b00e0814b0090bf9f009f
:10720000a1bf9f00b2bf9f00c3bf9f004812900064
:10721000d812900068139000f813900094b79f0064
:10722000a5b79f00b6b79f00c7b79f00e00f5200f9
:10723000e08f5a00e00f5b00e08f5b002800320017
:10724000780d9000081190000a0151006112b900f8
:10725000612bb900d4af9f00e5af9f00f6af9f0050
:1072600087b79f001fb09700afb097003fb197005e
:10727000cfb197001fba9700afba97003fbb9700f6
:10728000cfbb9700040050008580580006015900cc
:107290008781590090af9f00a1af9f00b2af9f00c0
:1072a000c3af9f005faa9700efaa97007fab97003c
:1072b0008fb397000020e10001a8e10002b0e100d7
:1072c00003b8e100060034009fb297001fbb97008f
:1072d00006815200820045003114980002003700f8
:1072e000881390003714980028019000f808900047
:1072f000810151001fba9700afba97003fbb9700ba
:10730000cfbb97004f98de00048241008502480001
:107310000603480087034800041c9800151c9800c9
:10732000261c9800371c9800828f500001003e00f8
:10733000f9f89f00090078004f0578004f04be005f
:107340000080fa000000060001017800800178004a
:10735000008268000408a300050032001300370013
:1073600032407800805978000004e00014003200b8
:10737000030278000208a300f9ff3a000300780036
:10738000010037000318780082007800b20178000d
:10739000f5ef2f00838242000382ea00048262003c
:1073a0000508280005026200f6ff3200000278009e
:1073b00031417800025878000204e000fbff3a00f7
:1073c0000400780000000600881f78008101780022
:1073d00000027800808268000508a30002003200e5
:1073e000210037000201e90003007800040478005e
:1073f0000308a300070032000200e0002100320071
:10740000b3407800015a78000104e000f5ff3a002b
:10741000020037000200e0001a0032001004e00011
:1074200003003a0017003700031c78000281e900ce
:1074300080007800e10f510008003600b0017800ac
:10744000f5ef2f00838242000382ea00048262008b
:107450000508280005026200f3ff320008007800ea
:10746000010037000201e900000478000200e0009a
:1074700004003200b1417800035878000304e000b2
:10748000f8ff3a008000eb0008007800a3e907004d
:10749000080078004f04780000000600f1f92f0082
:1074a00080804000f98f500001003e00f005b200de
:1074b00000000600f9ff37000200fa00881f78007c
:1074c00000047800e2bf9f00648157000800780044
:1074d000ebf10700980090000148a3000100320082
:1074e0000080eb004f0478000080fa0000000600e6
:1074f0000200fa00881f780000047800e2bf9f00b5
:10750000648157000800780022f507009800900079
:107510000148a300010032000080eb004f04780016
:107520000080fa0000000600881f78001308200081
:10753000838f50000f00320033082000838f5000eb
:107540000400320003082000838f500012003a002c
:10755000080037009280e900010978009100780066
:107560003002be002003be008498be008690be009c
:10757000070037009280e9000109780011047800c3
:107580005001be004000be002c030700008cbe006e
:1075900010002000010037000000eb004f047800cd
:1075a0000000060084082000848f50001d00320077
:1075b0000d003c0014082000848f50001e00320093
:1075c00002003c00040820000400370024082000ca
:1075d000848f50001e00320044082000848f500029
:1075e00028003a0022003700040a2000848f50004f
:1075f0001f00320004003c0004092000848f50006a
:1076000020003a0012003700020c2000828f500048
:1076100017003200020f2000828f500019003a003c
:10762000130037009380e900810978009100780009
:1076300090487800120037009380e90081097800b3
:1076400091007800b0187800a01078000c00370086
:107650009380e90081097800910078003002be0033
:107660002003be008498be008690be000400370050
:107670009380e900810978009100780090087800f3
:107680001000050000000500c06090000141e90005
:10769000814071004160980010019000e400610099
:1076a000040032000240a000120098000080eb00ad
:1076b0000000060001109800710898000000050005
:1076c0000200fa00889fbe000004780008007800dd
:1076d0008d0107008084eb000000e00009003a0003
:1076e0009811900012002000e680570008007800f2
:1076f00003000100e10f500002003a002ff897004c
:107700008084fb00090078004f04be000080fa006e
:1077100000000600881f7800404420009de8070014
:10772000000478000800e00013003200c2032000cb
:107730008000eb0008007800f8e80700e0c12300b3
:10774000300c9800c0df2300400c980080ca230052
:107750007004980080d123001014980000c0eb0042
:10776000205c98004004200008004000200498009d
:107770000040200030049800080078004f04780092
:1077800000000600889fbe008a9fbe001002900085
:107790008002eb000418a30003003a00801290005e
:1077a0007009900082825200d00190006001900028
:1077b0000284510008844200cfc4de00614db9004c
:1077c0008898be008a90be000000eb000468a30009
:1077d0000400320010002000828f510001003e00a2
:1077e0000000eb004f05be004f04be000000060085
:1077f000889fbe0000047800480090008204780052
:10780000808f540001003600800478000901780060
:1078100058009000bae807005800900009004000a6
:1078200050049800c80090008984500049049800d2
:107830000048eb004f04be00000006001000780076
:1078400075e43700900190000388a3000100320026
:10785000e7ff37000348a30001003a00c201070018
:107860000000060001017800920090000158a3007a
:1078700003003a00820078004e0107000f00370035
:107880008080fb00a25990008301fb00838f500091
:1078900007003200d2019000220a9000848f51002c
:1078a000030031008059780053019800040037002c
:1078b0008000780002007800b101070080007800a5
:1078c000010078000000060000000600801b230075
:1078d00000000600889fbe000004be000000eb0010
:1078e0000800e00018003200180090000058a300c3
:1078f0000d003200d800900068009000808f50008a
:1079000009003600b80990000001eb008200780001
:107910000800780003000100d80090000080eb0010
:107920000100e000080032000000eb00200c98008d
:1079300060049800500498000900e0000200320042
:10794000180078002be407004f04be00000006007a
:10795000889fbe000004be000000eb000800e000ad
:1079600025003200180090000058a30011003200da
:10797000d800900068009000808f50000900360009
:10798000b80990000001eb00820078000800780040
:1079900003000100d80090000080eb000100e0002f
:1079a000150032000000eb00200c980060049800e5
:1079b00050049800780a900008109000800f520040
:1079c000060031000002520011002000cfa2de00ac
:1079d000612bb90018007800f00007000000eb00f0
:1079e00000149800700c98000900e00002003200ba
:1079f00018007800ffe307004f04be0000000600f7
:107a00000000060000000500fdff0700509d8100fa
:107a10008000eb0020010700509d81008000eb00fa
:107a20001d010700509d81008000eb001a01370006
:107a30000800fa00889fbe008a1f780000047800c2
:107a4000010578008204780038009000a8009000ba
:107a50009abf9f000001780002f0a7000201ea002f
:107a60000201ea004f11de0002815400a2bf9f0014
:107a7000b1bf9f00c0bf9f0022002000ee805700d2
:107a800018007800e30007000000e00006003c005a
:107a9000f80060000130a2001801900082807000a0
:107aa00011049800110037002fb99700820f500081
:107ab0000e003600a8009000710c980002005000e3
:107ac0000080400000149800380090000000e000a2
:107ad000070032000905450001007800b040780039
:107ae00071fd9f00700c9800010037008004780041
:107af000090078004f0578004f04be000080fa00ae
:107b000000000600881f7800000478001800780044
:107b1000a20007000203be000002be00f0ff2f001b
:107b2000f1ff2f000001be00e00f5200e08f5a006d
:107b3000e00f5b00e08f5b0005003500180090004f
:107b40000030a100100498006000b8006011b80077
:107b50004f047800000006000800fa00889fbe006d
:107b60008a1f78000004be00180090000058a3008f
:107b70001b003200d800900068009000808f5000f9
:107b800013003600b80990000001eb008200780075
:107b90000800780094bf9f00a5bf9f00b6bf9f005c
:107ba000c7bf9f000300010058059000f0ff2f00a1
:107bb000f1ff2f000001be001fba9700afba970077
:107bc0003fbb9700cfbb97000a00e00006003200e1
:107bd0000000eb00200c980060049800500498000e
:107be0000800be00c7ff07004f0578004f04be0025
:107bf0000080fa00000006000800fa00889fbe001e
:107c00008a1f78000004be00e18f540008003a008b
:107c1000881090007808900000805000cf80de002f
:107c20000002520081825a0001035b0081835b00e5
:107c3000180090000058a3001b003200d8009000ec
:107c400068009000808f500013003600b809900043
:107c50000001eb00820078000800780094bf9f00cc
:107c6000a5bf9f00b6bf9f00c7bf9f0003000100d4
:107c700058059000f0ff2f00f1ff2f000001be001b
:107c80001fba9700afba97003fbb9700cfbb9700d2
:107c90000a00e000150032000000eb00200c980004
:107ca00060049800500498000800be0095ff07008b
:107cb0000203be000002be00f0ff2f00f1ff2f0004
:107cc0000001be00e00f5200e08f5a00e00f5b00a1
:107cd000e08f5b00050035000000eb000014980009
:107ce000700c98006000b8006011b8004f05780073
:107cf0004f04be000080fa000000060000000600ed
:107d0000401f230000000600881f78000004780050
:107d1000486090008040e90000c070004064980016
:107d2000d800900068009000808f50000500360059
:107d3000b80990000001eb0082007800080078008c
:107d4000030001000000eb00200c98006004980084
:107d500050049800980090000118a300030032001e
:107d60000140a0001104980008003700280190008d
:107d7000380090000000410000149800700c98003a
:107d80000000eb000138a300010032000080eb008e
:107d90004f047800000006001bff3700a0fd2f00f5
:107da000f1ff2f00320007004f89de0082017800ca
:107db000000006000200fa0081017800e0ff9f0049
:107dc000930090000188a30005003200d3009000ca
:107dd000805878000080fb00d10198000a0037002d
:107de000120020008f80e900030078005e00070089
:107df000800078000080eb000100e000020032000b
:107e0000eff897000180fb000080fa0000000600f8
:107e100094fe3700889fbe008a9fbe008c1f7800aa
:107e20000006780082057800010478008004eb00e9
:107e300009057800070037001801900098007800c5
:107e40000c007800a7e20700808444000a05e800df
:107e5000640444008b0f5500f7ff350009007800db
:107e60004f0678004f05be004f04be00000006001c
:107e700002002f00f3ff2f00820f5000838f580065
:107e8000040036000000ea00409d89000080eb00fd
:107e90008080eb00000006008001eb000000e000a5
:107ea00005003200700190000200e0000200320084
:107eb0000200010080017800030078000000060045
:107ec0006000b8006011b80000000600881f78004c
:107ed000c0012000afe60700000478000800e000c1
:107ee0000a003200c20120008000eb000800780088
:107ef0000ae70700e0c12300300c9800c0da230035
:107f0000400c980000c0eb00205c9800080078004e
:107f10004f04780000000600fefd37004009900085
:107f200002400100d00190006001900002825100e7
:107f3000cfa2de00612bb9008498be008690be00ff
:107f4000900090000000eb000168a30004003200e4
:107f500010002000828f510001003e000000eb0065
:107f60000000060007fe3700b00990000300e000a3
:107f7000010032000340010010007800a6e2370043
:107f80000200fa00881f780000047800c1ff9f00fb
:107f9000280890000000e00006003a000800780081
:107fa00020000700800078000080eb000100e00066
:107fb00018003a00d800900028089000808f5000e8
:107fc000090031004ff997000280fb00a85990008a
:107fd0008301fb00830f50000300320082587800b9
:107fe000510498000b003700b809900012002000df
:107ff000e48057000800780003000100800078004a
:108000000080eb00e18f500002003a00cff89700ab
:108010000180fb004f0478000080fa000000060099
:1080200000000500881f7800000478000800780030
:1080300095fd07000000e00006003a00a80090004f
:10804000610498005104980038019000828040003b
:10805000210c98004f047800000006000000060084
:10806000feff0700fdff0700fcff370000c0da003d
:108070000000060000c0da000000060000c0da00c0
:10808000000006008f1fd100e90307008f87e90079
:108090000000e00000000600809feb00e403070002
:1080a0008f87e9000000e00000000600839f680061
:1080b0000100e00002003d0060001000e0801800b8
:1080c0000300e00002003d0060011100e0811900a2
:1080d000f3e207004f00e00002003b0060001000e8
:1080e000e080180000000600801feb00d0030700ae
:1080f0008f87e9000000e00000000600810378009f
:10810000d2e207000001be006000b8000478a300be
:1081100013003a006220e10015003e000d00390016
:108120008301d1000281d3008180d3008301d1007b
:108130000281d3008180d3008301d1000281d3006a
:108140008180d3000538b000c42add00f300b200fe
:108150008381720007f0a70003f0a0000000060072
:1081600083ff2700020020006110b900f9ff3700eb
:1081700003ff2700f7ff37001400fa00889fbe00b6
:108180008a9fbe008c9fbe000004be000205be0098
:10819000680047000a90be000890be00df03070099
:1081a0000070a7000bf0a100304320009e02900059
:1081b00080825200b0fe2f000028e10011003d0037
:1081c000b0fc2f000028e100150034001e099000cb
:1081d0008e0890007e0090000501b0000201d100e1
:1081e0008180d3000080d3008502e800fbff3a00c5
:1081f0000b00e00004043b0060001000e080180069
:1082000001043700f0ff2f00f1ff27000b00e00012
:10821000fd033b000100280000002000fa033700a6
:108220006000b800f80337004f89de008201780053
:10823000fa0337006011b800080437001400fa0090
:10824000889fbe008a9fbe008c9fbe000005be00b6
:108250000206be00680047000c90be000a90be00f7
:10826000ae0307006400e1001a00320016003e0071
:108270006100e1001a0032006e049000fe049000dc
:108280000e0b90009e0b90006011b8009e059000b0
:108290000b38b100d50120008281710061016400ba
:1082a0008703d1000683d3008984d3000884d300d8
:1082b0008502e900f8ff3a00d6e407000df0a700b8
:1082c00001f0a000d003370001fc270000002000cf
:1082d000faff370001f8270000002000f7ff370001
:1082e0006000b800f5ff3700020ab900001bb900b2
:1082f0000200b80081004200810043000000060037
:108300008c9fbe008a9fbe00889fbe00ca010700e6
:108310000bf0a200040037008c9fbe008a9fbe00b5
:10832000889fbe00c40107000c48e1000b003a0022
:108330000c40e100020032008b01070040003700d2
:108340008b066d003e0032000af0a100f301200010
:10835000f2ff2f006110b900390037000c40e10036
:10836000370032000940e100010036007e010700bd
:108370008a856d00cf5dde000b0575000006eb0001
:108380008804fd0089045400010032007d010700cb
:108390000a04e00011003a000800e0002800320062
:1083a000040040008580480006014900878149009b
:1083b0000358a300180032008301d1000281d300ca
:1083c0008180d3000080d3000c86d30001003900e7
:1083d000610676000804e800180037000400500029
:1083e0008580580006015900878159000600310038
:1083f0000af0a2000c06ea0060001800e0801800f5
:1084000060011900e081190003003a000004eb004c
:108410000005eb000a0037000348a30007003a00fc
:108420000c06460000004800818048000201490017
:10843000838149000804e900f7ff3700af013700e6
:10844000c90137008c9fbe008a9fbe00889fbe0076
:10845000790107000b056d000940e1000a003a00b0
:108460000800e000020032000c40e10006003a0083
:108470000af0a1000c047800f3012000f2ff2f00a5
:108480006110b9009d0037000c40e1009b003200f4
:108490000800e000990032000c48e10002003a00b8
:1084a0000004eb00030037000900e00004003a007c
:1084b0000c0478006000b8006011b8008f0037002d
:1084c0000348a30006003a000000400081804800f5
:1084d00002014900838149000804e900f8ff3700e0
:1084e0000748a30006003a000402420085824a00c1
:1084f00006034b0087834b008904e900f8ff37002f
:10850000fd3f20008d845400090454008a1f780028
:10851000881f780000047800810478000205780044
:10852000830578006000b8006011b8000d042000d9
:10853000050037000804440089844c000a054d00fa
:108540008b854d00080031000404540085845c00d4
:1085500006055d0087855d008381d2008d06d3000e
:10856000f4ff3b00070037000404440085844c00fe
:1085700006054d0087854d008381d2008d06d3000e
:10858000ecff3b000804440089844c000a054d00c0
:108590008b854d00080031000404540085845c0084
:1085a00006055d0087855d000281d2008d06d3003f
:1085b000f4ff3b00070037000404440085844c00ae
:1085c00006054d0087854d000281d2008d06d3003f
:1085d000ecff3b000804440089844c000a054d0070
:1085e0008b854d00080031000404540085845c0034
:1085f00006055d0087855d008180d2008d06d30071
:10860000f4ff3b00070037000404440085844c005d
:1086100006054d0087854d008180d2008d06d30070
:10862000ecff3b000804440089844c000a054d001f
:108630008b854d00080031000404540085845c00e3
:1086400006055d0087855d000080d2008d06d300a1
:10865000f4ff3b00070037000404440085844c000d
:1086600006054d0087854d000080d2008d06d300a1
:10867000ecff3b000b00e00004003d00040444005c
:1086800085844c0006054d0087854d000006eb00f3
:108690008301d1000281d3008180d3000080d30008
:1086a0000c86d3008301d1000281d3008180d300e6
:1086b0000080d3000c86d300890474008b057500fc
:1086c0008b84740001003200610676004f0478004c
:1086d0004f0578000348a30007003a000c06460047
:1086e0000000480081804800020149008381490060
:1086f0000804e900f7ff3700000137001a013700ce
:108700008c9fbe008a9fbe00889fbe00ca000700e3
:108710000b056d008a0578000c40e10008003a0066
:108720000900e00082003a000af0a1000c04780081
:10873000f3012000f2ff2f006110b9007c00370028
:108740000c48e10004003a00870007000900e0003f
:1087500077003a00f4ff37000800e00074003200b0
:108760000900e00002003a007f00070070003700b7
:10877000ed3f20008d845400090444008a1f7800d6
:10878000881f7800871f7800861f7800851f780073
:10879000841f7800cb19dd00c515de008b857100c4
:1087a0004b11dd00450dde000a057100cb08dd0030
:1087b000c504de00898470004b04dd000440b8006d
:1087c0000546b8008c80400060814e00044eb80021
:1087d0008c8040000d0149008001eb000318ad00c2
:1087e0000456b8000c0141008d8149000002eb00e5
:1087f0000420ad000646b8000c0141008d814900ff
:1088000060024a00054eb8000c0141008d8149000c
:1088100060024a000556b8008c8141000d024a00f2
:108820008002eb000528ad000746b8008c814100ae
:108830000d024a00e0824a00064eb8008c814100d9
:108840000d024a00e0824a004f0678000c5eb80034
:108850008c8141000d024a00e0824a000656b800b1
:108860000c0242008d824a000003eb000630ad008e
:10887000074eb8000c0242008d824a0060034b0094
:108880004f0678000c5eb8000c0242008d824a0050
:1088900060034b000756b8008c8242000d034b006a
:1088a0008003eb000738ad004f0678000c5eb8007f
:1088b0008c8242000d034b00e0834b004f06780092
:1088c0000c5eb8000c0343008d834b004f0478000e
:1088d0004f0578000748a3000a003a000000400056
:1088e00081804800020149008381490004024a0056
:1088f00085824a0006034b0087834b000804e90089
:10890000f4ff3700030678008080700082807000da
:1089100001003200610676008701780006017800c8
:10892000850078000400780088047800780037001b
:108930008d0037008c06460002003a000000a600b9
:108940000000060060004800e08048006001490027
:10895000e08149000350a600000006008301d10019
:108960000804e800000006000002fd008102fd008e
:108970000203fd008303fd008804fd008a05fd005d
:10898000000006007048e1001a0039007d03200055
:108990000d48e1000a00390081057000830671006e
:1089a0008c8575008d8575000006eb000cd8e700fe
:1089b000610676006000b8006011b8000000060093
:1089c0007048e1000b0039008c0578000006780043
:1089d0000100780082007800030178008001eb003c
:1089e00003d8e70061067600f0845400f4ff3a00f3
:1089f000000006006160e1000c48ad00f085140045
:108a00008b06dd000966de000d0676008b0edd00ac
:108a10000900de000d0070008b16dd008908de0005
:108a20008d8070008b1edd000911de000d017100cc
:108a30008919de00000006000d002800fc7f2000e0
:108a40000d856100441cde00ef8161000c046400b0
:108a5000010032000340a0008d856300c43cde00ad
:108a6000ef8363008c846400010032000740a000a3
:108a70000c40e10006003a00ef8661008286760035
:108a8000818676008086760001003200180037006b
:108a90000c48e10007003a00ef8663008686760006
:108aa000858676008486760002003200aeff0700dd
:108ab0000f0037000348a30005003a00810670004c
:108ac0008286760083867600010032000804e80082
:108ad0000748a30005003a008506720086867600e6
:108ae00087867600010032008904e8000000060055
:108af000cf047800cf0578001b0037000002780013
:108b000081027800020378008303780088047800eb
:108b10000cf0a70087ff0700fd7f20000d40e1005b
:108b2000040035000d0478006000b8006011b80042
:108b30000d0037000800e0000b003c000400780046
:108b4000850078000601780087017800e184140030
:108b50008cff07000cf0a70076ff07000004eb0075
:108b60000340a7000804e8004444dd006fc561002d
:108b7000880175004f04be004f05be004f06be00c1
:108b800000000600889fbe008a9fbe00300442009d
:108b9000b0844a0030054b0090854b006000b10066
:108ba0000898be000a90be000440e10005c8e1003c
:108bb00006d0e10007d8e100020031006800400063
:108bc0001008e8004f05be004f04be00000006007c
:108bd000889fbe008a9fbe003004be002005be00f4
:108be0000418540005985c0006185d0007985d00a5
:108bf000110020000440e10005c8e10006d0e100ba
:108c000007d8e100010039008000eb001088100057
:108c10004f05be004f04be00000006001200fa001f
:108c2000889fbe008a9fbe008c9fbe00e0b79f0059
:108c3000f1b79f0082bf9f0093bf9f000605be0053
:108c40000404be000000eb00d0b79f00c0b79f0037
:108c5000b0b79f00a0b79f0090b79f0000067800b4
:108c60005fb19700cfb09700820141003fb09700fd
:108c70000200e00004003d00370007007e8057003e
:108c8000c0ff070003003700330007007e80570055
:108c9000cfff0700dfb697000d00e0000c003500a5
:108ca0006fb29700ffb297000fbb97009fbb970072
:108cb00010002000010020006011b80000027200c6
:108cc0008182720002037300838373001b0007001c
:108cd0000c06e80001042000810f5600e0ff3a0076
:108ce0000d00e00004003d000802be000a03be00c3
:108cf0007e805700a3ff07005fa897000000e000f8
:108d000005003a001fb29700afb297003fb397003b
:108d1000cfb39700090007006fb09700ffb097002e
:108d20000fb997009fb997004f06be004f05be00d0
:108d30004f04be000080fa0000000600010007009a
:108d400000000600a4b79f00b5b79f00c6b79f00fc
:108d5000d7b79f00000006004f09de008281710036
:108d6000b3b79f004f01de00818040008280700019
:108d7000a1b79f008fb097004f09de0000004000b0
:108d80000200700090b79f007fa897004f01de009f
:108d9000818040008280700081b79f000d00070035
:108da0004f3ade000000400004007000f0af9f006a
:108db000080007000402420085824a0006034b00b7
:108dc00087834b00dfff07000802be000a03be00d6
:108dd000000006002fb29700bfb297004fb3970074
:108de000dfb3970000000600881f780018002000fd
:108df000881f780089ff07008f87e9004f047800fb
:108e000000000600801feb0084ff07008f87e90049
:108e100000000600889fbe008a9fbe00e00f500041
:108e2000e08f5800e00f5900e08f59000c003d0022
:108e30006044b8006055b8000000540081805c00b8
:108e400002015d0083815d0018002000150007000d
:108e500008003d00180007000004eb000500370083
:108e60000004eb000f00070002003d0012000700a5
:108e700018002000dcff07000800e00006003200b8
:108e80006022b8006033b8000000520081805a00b0
:108e900002015b0083815b004f05be004f04be00f2
:108ea00000000600e00f5200e08f5a00e00f5b0068
:108eb000e08f5b00000006006044b8006055b80019
:108ec0000402540085825c0006035d0087835d0018
:108ed00000000600889fbe008a9fbe008c1f78009d
:108ee000e00f5000e08f5800e00f5900e08f59006c
:108ef0000d003d006044b8006055b800000054000b
:108f000081805c0002015d0083815d001c00200007
:108f10000820e10009a8e1000ab0e1000bb8e10077
:108f20000d003d00080037000006eb00e00f520086
:108f3000e08f5a00e00f5b00e08f5b0006003d0011
:108f40006044b8006055b8000402540085825c009b
:108f500006035d0087835d00aaff07000c00e000a8
:108f6000060032006022b8006033b80000005200f2
:108f700081805a0002015b0083815b004f0678000c
:108f80004f05be004f04be0000000600889fbe00d3
:108f90008a9fbe008c1f78000006eb00e00f500097
:108fa000e08f5800e00f5900e08f590007003d00a6
:108fb0006044b8006055b8000000540081805c0037
:108fc00002015d0083815d001c002000e00f520063
:108fd000e08f5a00e00f5b00e08f5b0007003d0070
:108fe0006044b8006055b8000402540085825c00fb
:108ff00006035d0087835d000c00a200c20007002d
:109000000c00e000060032006022b8006033b800b7
:109010000000520081805a0002015b0083815b00e6
:109020004f0678004f05be004f04be00000006004a
:10903000889fbe008a9fbe008c9fbe000404be00b5
:109040000605be00809fbe00829fbe002100070073
:10905000040678000800be000a01be001d000700db
:10906000840678004f03be004f02be008d4f76008d
:109070007fb0970013003300f0ff2f008b8f6b0041
:1090800006003b000d0666000c00a7000a00370032
:1090900007f0a600100020000a003700880f5200d9
:1090a000898f5a008a0f5b008b8f5b0003003900a9
:1090b0001000200001003e000000200007f0a70083
:1090c0000000ea004f06be004f05be004f04be0080
:1090d0000000060005ff270005826100070032003e
:1090e0000428e1000100320024000500060007000a
:1090f00001003a00440005000408050002000700d2
:10910000f9ff3a00140005006f82610081027000cf
:109110008502710085027200000006008000780060
:109120005002be005003be004439de00f700b2001a
:10913000f37f200003016100090032000218e10002
:1091400016003a0085017200830173008381730069
:109150000008200015003a004000200013003700ee
:1091600085017200830173008381730005003a005a
:1091700004a8be0006a8be00100020000b003700a7
:109180000201e9000402420085824a0006034b0006
:1091900087834b000748a300f9ff32000740a00077
:1091a00004a8be0006a8be00200020008000980091
:1091b0009200980000000600680447000294be0078
:1091c0000094be00fc0447008694be008494be0058
:1091d00009007800d1ff070008007800cfff0700e2
:1091e00099007800814f70000b003b000800be0022
:1091f000930007004f00b10003003700f3ff270082
:10920000f2ff2f006110b9004f06be004f05be00ef
:109210004f04be000080fa0000000600881f78009e
:10922000030478000300e00007003d006000100028
:10923000e080180060011900e081190002003b0085
:1092400001f02d00030037000400070008f0a7001c
:1092500003f0a0004f04780000000600889fbe00c5
:109260000082700004027100048271002400320048
:1092700036432000c50020008383cf000a00390058
:109280000541b1008283cf00070039000541b100dc
:109290008183cf00040039000541b1008083cf00f5
:1092a000010039000541b10085c353006022b800b8
:1092b000120032000a003b008482720061026000ea
:1092c0008301d1000281d3008180d3000080d300cc
:1092d0000603e8008743e800f7ff3a00070037007d
:1092e000000040008180480002014900838149005c
:1092f0000603e9008743e900f9ff3a00240007006c
:109300004f04be0000000600889fbe008a9fbe007a
:109310008c9fbe000404b8000506b800890446000e
:1093200060854e000606b8000a054600e0854e003e
:109330000706b8008b054600040eb80089044600f5
:109340000a854e00e0854d00050eb8000a0546006e
:109350008b854e00060eb8008b0546000416b8003b
:109360000a0546008b854e000516b8008b054600a1
:10937000041eb8008b0546000800be000a01be00ae
:109380004f06be004f05be004f04be0000000600a1
:109390001800200057002000080453000d003d0075
:1093a0000600200097fc2f000740e1001e0034005b
:1093b00084827200610260008301d1000281d300c7
:1093c0008180d3000080d3000804e800f8ff3a0051
:1093d0004700200061046000050474000404640078
:1093e0000d00320061004000e0804800600149004b
:1093f000e081490003b8a500070032000603e80039
:109400006538e10004003a008301d1000281d300f5
:109410008180d3000080d300f87f20000830e10075
:1094200003003500080378006000b8006011b80040
:109430004433dd00f300b200830173000000060036
:10944000e48240001078a30007003200640240006c
:109450001178a3003400be001401be0004003200e5
:109460000330a700000006003500be001501be0055
:109470000330a00000000600889fbe008a9fbe0047
:109480000004be000205be006000b800020020001b
:109490000300280000026200818262000203630070
:1094a00083836300f0ff2f00f1ff2f00f2ff2f00f6
:1094b000f3ff270000006400818064000201650062
:1094c00083816500000072008180720002017300d8
:1094d000838173004f05be004f04be0000000600ec
:1094e000f4ff2f00f5ff2f00f6ff2f00f7ff2700f6
:1094f00004026000858260000603610087836100ca
:109500000400be000601be00000006001800fa00bc
:10951000889fbe008a9fbe008c1f78000004be009a
:109520000205be000802be000a03be00443ade0087
:10953000f07f20000006620020432000800f5600cc
:1095400067003c006022b8006033b8000800be002d
:10955000ccfa07000000e000610032000802be0003
:109560000a03be00b4b79f00c5b79f00d6b79f00df
:10957000e7b79f00e00f5200e08f5a00e00f5b005a
:10958000e08f5b000b003d006022b8000600200069
:10959000073324000800be000a01be0058fb070084
:1095a0006022b80006002000073324005afb0700a1
:1095b0000a0037006022b8000600200007332400ac
:1095c0000800be000a01be0053fb07006022b8007d
:1095d000060020000733240049fb07000802be00f4
:1095e0000a03be0046fb07000002be000203be00e5
:1095f000f4b79f0085bf9f0096bf9f00a7bf9f0045
:10960000e03f2000800f560017003c007fb097001d
:109610008fb897001fb99700afb99700f0af9f00c0
:1096200081b79f0092b79f00a3b79f006044b80026
:109630006055b8003fb29700cfb297005fb3970074
:10964000efb39700e00f5200e08f5a00e00f5b008d
:10965000e08f5b0022003d006044b8000a0020005b
:109660000bff2b001e0037006022b8006033b800eb
:109670007fb097008fb897001fb99700afb99700d8
:1096800085fa07000000e0000c0034007fb297006c
:109690008fba97001fbb9700afbb97000800be00b2
:1096a0000a01be001cfb07006022b8000600200073
:1096b00007ff230012fb0700070037007fb2970067
:1096c0008fba97001fbb9700afbb97000800be0082
:1096d0000a01be0010fb07000004be000205be0028
:1096e0000800be000a01be004f0678004f05be000c
:1096f0004f04be000080fa000000060000000600d3
:109700002f03b000889fbe008a9fbe008c9fbe00c2
:109710008e1f78000004be000205be000400be00db
:109720000601be00d0b79f00e1b79f00f2b79f00cf
:1097300083bf9f000203be000002be00d4af9f00a3
:10974000e5af9f00f6af9f0087b79f00040042007f
:1097500085804a0006014b0087814b00d0a79f00ff
:10976000e1a79f00f2a79f0083af9f00e00f50008a
:10977000e08f5800e00f5900e08f590031003200af
:109780005fb09700efb097007fb197008fb9970057
:10979000daff07000203be000002be0090af9f0088
:1097a000a1af9f00b2af9f00c3af9f00f0ff2f009b
:1097b000f1ff2f00f2ff2f00f3ff270000026200ed
:1097c00081826200020363008383630094a79f0089
:1097d000a5a79f00b6a79f00c7a79f006000b8007d
:1097e0000200200003ff27000020e10001a8e100a3
:1097f00002b0e10003b8e10012003e000800be0024
:109800000a01be0090af9f00a1af9f00b2af9f00c2
:10981000c3af9f004418de006011b8008000eb0069
:1098200090a79f00a1a79f00b2a79f00c3a79f007a
:10983000f07f20009fa2970000866200800f5600f4
:109840000b003a005fb29700efb297007fb397002a
:109850008fbb97000800be000a01be00a8fb0700ee
:109860000002be000203be00f6fa07001b0037002c
:109870001fa89700afa897003fa99700cfa997000e
:1098800000004000818048000201490083814900b6
:1098900090a79f00a1a79f00b2a79f00c3a79f000a
:1098a0005fa29700efa297007fa397008fab97006e
:1098b0000400e1000588e1000690e1000798e1005e
:1098c00009003e001c013a006022b8006033b80075
:1098d0000800be000a01be0089fb07000004be00ac
:1098e0000205be00140137000c00e00023003a001e
:1098f0001fa89700afa897003fa99700cfa997008e
:10990000c50020000000d0008180d2000281d2007a
:109910008381d2008502e900faff3a000500370092
:109920000c06e90000004000818048000201490067
:1099300083814900e00f5000e08f5800e00f59008c
:10994000e08f5900f6ff3d00610016001faa970046
:10995000afaa97003fab9700cfab97000000e9009c
:10996000050033000402d0008582d2000683d200b5
:109970008783d200f9ff37001b003700f4ff2f0068
:10998000f5ff2f00f6ff2f00f70020001fa897001b
:10999000afa897003fa99700cfa9970004006000e7
:1099a000858060000601610087816100d0a79f006b
:1099b000e1a79f00f2a79f0083af9f006000b8005f
:1099c00002002000030120005fa29700efa2970091
:1099d0007fa397008fab9700000272008182720014
:1099e000020373008383730094a79f00a5a79f00c1
:1099f000b6a79f00c7a79f005faa9700efaa97008e
:109a00007fab97008fb39700443ade00fd7f2000c4
:109a10008d0662002f003a005faa9700efaa970018
:109a20007fab97008fb39700ce0020000402d000d8
:109a30008582d2000683d2008783d2000e07e90018
:109a4000faff3a001fa09700afa097003fa1970030
:109a5000cfa19700050037008d06e90004024200ff
:109a600085824a0006034b0087834b00e00f5200bb
:109a7000e08f5a00e00f5b00e08f5b00f6ff3d00d7
:109a80000203be000002be00618716005fa89700b7
:109a9000efa897007fa997008fb197000e07e90004
:109aa000050033000000d0008180d2000281d20086
:109ab0008381d200f9ff3700d0af9f00e1af9f0054
:109ac000f2af9f0083b79f000400be000601be00f6
:109ad0001b0037005fa89700efa897007fa99700a9
:109ae0008fb19700f4ff2f00f5ff2f00f6ff2f0036
:109af000f70020000400600085806000060161001e
:109b0000878161006022b800060020000701200064
:109b1000040070008580700006017100878171006b
:109b2000d0af9f00e1af9f00f2af9f0083b79f00cf
:109b30001fa09700afa097003fa19700cfa197006b
:109b40000802be000a03be00d4a79f00e5a79f003d
:109b5000f6a79f0087af9f0012003700e00f52006a
:109b6000e08f5a00e00f5b00e08f5b0008003500db
:109b700005003a005fa49700efa497007fa5970027
:109b80008fad970050ff37000400be000601be00f5
:109b900000004000818048000201490083814900a3
:109ba0000c06e9005fac9700efac97007fad970023
:109bb0008fb5970008025000898258000a035900a7
:109bc0008b8359008d0f5600e4ff3c0090a79f0047
:109bd000a1a79f00b2a79f00c3a79f005fa4970003
:109be000efa497007fa597008fad9700e00f52007c
:109bf000e08f5a00e00f5b00e08f5b0008003d0043
:109c0000120037000400be000601be0094a79f00aa
:109c1000a5a79f00b6a79f00c7a79f000b0037000e
:109c2000e00f5200e08f5a00e00f5b00e08f5b0016
:109c3000f4ff3a0024ff3700000040008180480014
:109c400002014900838149000c06e9000203be00bd
:109c50000002be00443ade006033b8008002eb0030
:109c6000e00f5200e08f5a00e00f5b00e08f5b00d6
:109c7000f1ff320090a79f00a1a79f00b2a79f000d
:109c8000c3a79f000c00e000110034006022b80060
:109c90000600200007ff2f000402400085824800d4
:109ca00006034900878349006164b900614db9002a
:109cb000c445dd000005eb006044b80004007400fa
:109cc0008580740006017500878175000c003700df
:109cd000610616001fa09700afa097003fa1970054
:109ce000cfa197000c06e900050033008301d100e5
:109cf0000281d3008180d3000080d300f9ff3700b8
:109d00001fac9700afac97003fad9700cfad970069
:109d10004f5cde00cfc4de00614db900cf45dd00f1
:109d20000005eb006044b8000804700089847000ee
:109d30000a0571008b8571000800be000a01be0093
:109d40004f0778004f06be004f05be004f04be000f
:109d50002f03b10000000600889fbe0002047800b7
:109d6000f9072000890f54000d0034000200200084
:109d700003f02700cbdc0700f807b100890f54007f
:109d8000170034000200200003f02700c5dc0700a4
:109d9000f807b100890f540010003c001000370094
:109da00029f82f00890f54000d003d00020020000b
:109db00003c82000bbdc07006806b000890f540010
:109dc00007003d000200200003c82000b5dc0700aa
:109dd0006806b000890f540001003d0009047800b6
:109de000f207200008014100cf91de00c711dd001d
:109df00002002000abdc07004f04be00000006009c
:109e0000889fbe0004047800f93f2000890f5400a9
:109e10000f0034006022b8000600200007fe270073
:109e200037fa0700f83fb100890f54001a003400d8
:109e30006022b8000600200007fe270030fa070065
:109e4000f83fb100890f540012003c0012003700a7
:109e500029c02f00890f54000f003d006022b80078
:109e6000060020000736200025fa0700983cb000c5
:109e7000890f540008003d006022b8000600200051
:109e8000073620001efa0700983cb000890f5400e6
:109e900001003d0009047800f43f20000802420060
:109ea000cfa2de00612bb900c423dd000003eb006c
:109eb0006022b80012fa07004f04be00000006003e
:020000040000fa
:109ec0000400fa002047980031479800e0d82000ad
:109ed000104f78003e4090000004e0000e00320079
:109ee000e0d82000904078002e40900080c06000b4
:109ef0002e40900080cf500016003200e0d82000a5
:109f0000904078002e40900080c07000e0d8200083
:109f1000014878000f003700e0d82000904078001a
:109f20002e40900080c060002e40900080cf5000f6
:109f300008003a002e40900080c0ea00e0d82000df
:109f40001040780000c0600080407800e0d8200019
:109f500001487800e0d82000104078009e4078004a
:109f600080cf500010003200053623002436230035
:109f7000e3d8200012c0b300a103200000cab30040
:109f800074d60200010000000536230024362300a9
:109f9000e3d8200012c0b300a103200000cab30020
:109fa00084d7020001000000e0d8200010407800b3
:109fb0001e4068000080fa00000006002400fa003d
:109fc000206798002e609000e94f50007f013e000e
:109fd0002e6090000080fb00100798001e0090008b
:109fe0004600dd00100798001e0090001004b0002d
:109ff00010079800c1862b00f0b32000e019020082
:10a000000200000020079800ae009000f0b320008e
:10a01000008040000041eb00800078002e6090003e
:10a020002eee020001000000ae0090000080400013
:10a0300020079800000220000e0040000536230093
:10a04000243623008001780012c0b3009e009000e7
:10a0500000cab30084d7020001000000ae009000e7
:10a06000f0b320000080400051872b00e01902006f
:10a0700002000000ae009000008040002007980021
:10a080000000eb00000f7800120037000e60900017
:10a090008080fb00220020001e0078000010dd0000
:10a0a000008060000000e00005003200660047000c
:10a0b0001e00400011c3b3000148780004003700bf
:10a0c000660047001e00400001c3b300014878004d
:10a0d0001e0fe8001e007800e30f5000ebff340075
:10a0e000660047001e0040008040eb0001487800f9
:10a0f000ae009000f0b3200000804000e600470072
:10a10000e019020002000000ae0090000080400054
:10a1100020079800ae009000f0b3200000804000bf
:10a1200091872b00e019020002000000ae009000b1
:10a1300000804000200798000e6090008080fb00a7
:10a1400000022000008060000000e00003003200f8
:10a1500010c3b300604798000200370000c3b3008b
:10a16000604798000040eb0070479800ae009000f8
:10a17000f0b3200000804000e6004700e019020034
:10a1800002000000ae009000008040002007980010
:10a19000ae009000f0b3200000804000d1872b007b
:10a1a000e019020002000000ae00900000804000b4
:10a1b000200798000e6090000080fb0061006000a6
:10a1c000004078000004e0000300320010c3b30038
:10a1d000604798000200370000c3b3006047980052
:10a1e0000040eb0070479800ae009000f0b32000f4
:10a1f00000804000e6004700e01902000200000075
:10a20000ae0090000080400020079800ae00900053
:10a21000f0b320000080400011882b00e0190200fc
:10a2200002000000ae00900000804000200798006f
:10a230000e6090008080fb00000420000080600021
:10a240000000e0000300320010c3b3006047980034
:10a250000200370000c3b300604798000040eb00e5
:10a2600070479800ae009000f0b3200000804000de
:10a27000e6004700e019020002000000ae00900076
:10a280000080400020079800ae009000f0b320004e
:10a290000080400051882b00e019020002000000fd
:10a2a000ae00900000804000200798006600470044
:10a2b000920120008000eb008e0d020000000000e3
:10a2c000e60047001e0090006300400004362300b3
:10a2d00023362300010178008000780000cab30013
:10a2e00078180200020000000040eb00705f980048
:10a2f0006e4090000004e00004003a006600470051
:10a3000091882b00e019020002000000ae009000ce
:10a31000f0b3200000804000e6004700e019020092
:10a3200002000000ae00900000804000200798006e
:10a33000ae009000f0b3200000804000b1882b00f8
:10a34000e019020002000000ae0090000080400012
:10a350002007980066004700920120008000eb0073
:10a360008e0d020000000000e60047001e00900075
:10a3700072004000043623002336230001017800d8
:10a380008000780000cab3007818020002000000c4
:10a390000040eb00705f98006e4090000004e00009
:10a3a00004003a006600470091882b00e019020083
:10a3b00002000000ae009000f0b3200000804000da
:10a3c000e6004700e019020002000000ae00900025
:10a3d0000080400020079800ae009000f0b32000fd
:10a3e00000804000f1882b00e0190200020000000c
:10a3f000ae0090000080400020079800000220007e
:10a400000e004000220020008000eb008e0d0200b4
:10a41000000000001e0090000080e8000102200003
:10a420008e80400005362300243623008101780009
:10a4300012c0b3008000780000cab30084d70200c5
:10a44000010000000e609000e60047000041eb00b4
:10a450002eee020001000000ae009000f0b32000dc
:10a4600000804000e6004700e01902000200000002
:10a47000ae0090000080400020079800ae009000e1
:10a48000f0b320000080400031892b00e019020069
:10a4900002000000ae0090000080400020079800fd
:10a4a00066004700920120008000eb008e0d020044
:10a4b00000000000e60047001e0090001002b000ff
:10a4c000053623002436230081017800c2c0b30082
:10a4d0008000780000cab30084d7020001000000a9
:10a4e0000040eb00205798006e4090000004e00010
:10a4f00004003a006600470091882b00e019020032
:10a5000002000000ae009000f0b320000080400088
:10a51000e6004700e019020002000000ae009000d3
:10a520000080400020079800ae009000f0b32000ab
:10a530000080400071892b00e01902000200000039
:10a54000ae0090000080400020079800000220002c
:10a550000e004000220020008000eb008e0d020063
:10a56000000000001e0090000000e8000102200032
:10a570008e804000053623002436230081017800b8
:10a5800012c0b3008000780000cab30084d7020074
:10a59000010000000e609000e60047000041eb0063
:10a5a0002eee020001000000ae009000f0b320008b
:10a5b00000804000e6004700e019020002000000b1
:10a5c000ae00900000804000200798000080fa0054
:10a5d000000006000400fa0010079800b1892b0063
:10a5e0001e009000e019020002000000000f780039
:10a5f00070b12000104078000004e0000800320034
:10a600001e0078009e0090000080400071b1200084
:10a61000e0190200020000001e0f40000700370092
:10a620001e0078009e0090000080400091882b0062
:10a63000e0190200020000001e0f40001e0078001a
:10a640009e00900000804000618a2b00e01902000b
:10a65000020000001e0f4000407581006100600094
:10a660000000e0000b003a00103c8100e30f5000b6
:10a6700008003a001e0078009e0090000080400014
:10a68000b18a2b00e0190200020000001e0f4000fa
:10a69000070037001e0078009e00900000804000f8
:10a6a000d18a2b00e0190200020000001e0f4000ba
:10a6b0001e0078009e00900000804000f18a2b0070
:10a6c000e0190200020000001e0f40009e0078000a
:10a6d000f0b32000008040000041eb0080007800d3
:10a6e00000cab3002eee0200010000001e0f400061
:10a6f0001e0078009e00900000804000518b2b00cf
:10a70000e0190200020000001e0f40009e007800c9
:10a71000f0b32000008140008060810091608100e2
:10a72000c3c0b300f2ee0200010000001e0f4000a3
:10a730001e0078009e00900000804000b18b2b002e
:10a74000e0190200020000001e0f40009e00780089
:10a75000f0b3200000814000207b8100317b81002c
:10a76000c3c0b300f2ee0200010000001e0f400063
:10a770000080fa00000006000a00fa00000f7800ce
:10a7800011079800220798003307980044079800a3
:10a79000108c2b00f61f0200020000001e00780043
:10a7a000f61f020002000000308c2b00f61f020092
:10a7b000020000002e009000f61f020002000000c0
:10a7c0003e0090000000e00007003200908c2b005b
:10a7d000f61f0200020000003e009000f61f02007b
:10a7e0000200000003003700f08c2b00f61f02006f
:10a7f000020000004e0090000000e0000700320060
:10a80000608d2b00f61f0200020000004e00900039
:10a81000f61f02000200000003003700c08d2b006d
:10a82000f61f020002000000308e2b00f61f02000f
:10a83000020000001e009000f61f0200020000004f
:10a84000108c2b00f61f0200020000000080fa00ae
:10a85000000006000e00fa005007980061079800fb
:10a86000640047003300200000017800a18e2b0017
:10a870005e009000303e07000000e0000b00320058
:10a88000ce40900010c3b30080cf500004003a00c7
:10a890008032210051c0b300014878000300370026
:10a8a0008032210011c0b300014878000000eb00a5
:10a8b000100798008b003700f18e2b00f0b32000ba
:10a8c000e019020002000000000f78009e007800ee
:10a8d000f0b3200000804000918f2b00e0190200af
:10a8e000020000001e0f40009e007800f0b3200020
:10a8f000808040001e0090000040780022c0b3001d
:10a900002eee0200010000001e0f40009e007800a5
:10a91000f0b3200000804000c18f2b00e01902003e
:10a92000020000001e0f40009e007800f0b32000df
:10a93000808140001e0090006600b9000000780091
:10a94000e400400000312100008040001000780049
:10a950000040780032c0b300830078002eee020081
:10a96000010000001e0f40009e007800f0b32000a0
:10a9700000804000e18f2b00e0190200020000007f
:10a980001e0f40009e007800f0b320008080400041
:10a990001e0090000040780022c0b3002eee02009e
:10a9a000010000001e0f40009e007800f0b3200060
:10a9b00000804000c18f2b00e0190200020000005f
:10a9c0001e0f40009e007800f0b320008081400000
:10a9d0001e0090006600b900800078000031210060
:10a9e00000804000104078000041eb0083007800b8
:10a9f0002eee0200010000001e0f40001e0090001d
:10aa00006600b9008000780000312100008040001d
:10aa100010407800e24f500025003a009e00780078
:10aa2000f0b320000080400011902b00e0190200dc
:10aa3000020000001e0f40009e007800f0b32000ce
:10aa4000808040001e009000004078000041eb0034
:10aa50002eee0200010000001e0f40009e00780054
:10aa6000f0b3200000804000c18f2b00e0190200ed
:10aa7000020000001e0f40009e007800f0b320008e
:10aa8000008140001e0090006600b90000007800c0
:10aa90008080e80000312100008040001000780034
:10aaa0008200780060ec0200010000001e0f4000f0
:10aab0009e007800f0b3200000804000118c2b0035
:10aac000e0190200020000001e0f4000f0b3200059
:10aad000f61f0200020000001e0090000000e800c7
:10aae000100798001e009000f70f500072ff34000e
:10aaf0000080fa00000006000600fa001007980027
:10ab0000210798001e0090003040900022c0b30042
:10ab1000ae0090002eee020001000000004f780011
:10ab20001e80fb00ae0090000080400041902b0092
:10ab3000e019020002000000004078001e4f4000b3
:10ab40001e80fb00ae009000808040001e00900040
:10ab50004040900022c0b3002eee02000100000031
:10ab6000004078001e4f40001e80fb00ae009000a9
:10ab70000080400041902b00e0190200020000001c
:10ab8000004078001e4f40001e80fb00ae00900089
:10ab9000808040001e0090006040900022c0b30002
:10aba0002eee020001000000004078001e4f400021
:10abb0001e80fb00ae0090000080400061902b00e2
:10abc000e019020002000000004078001e4f400023
:10abd0001e80fb00ae009000808040001e009000b0
:10abe0001040780022c0b3002eee020001000000e9
:10abf000004078001e4f40001e80fb00ae00900019
:10ac00000080400081902b00e0190200020000004b
:10ac1000004078001e4f40001e80fb00ae009000f8
:10ac2000808040001e0090001040900022c0b300c1
:10ac30002eee020001000000004078001e4f400090
:10ac40001e80fb00ae0090000080400081902b0031
:10ac5000e019020002000000004078001e4f400092
:10ac60001e80fb00ae009000808040001e0090001f
:10ac70002040900022c0b3002eee02000100000030
:10ac8000004078001e4f40001e4078000080fa000f
:10ac9000000006000400fa0010079800e0042100fc
:10aca0009ed9020001000000a1902b001e00900020
:10acb000e019020002000000000f78001e0078007a
:10acc0009e00900000804000800078006005210018
:10acd00089ff07000080fb001e0f40001e00780067
:10ace0009e0090000080400051912b00e01902006e
:10acf000020000001e0f40001e0078009e00900021
:10ad00000080400080007800e00421007aff070006
:10ad10000080fb001e0f40001e0078009e00900087
:10ad200000804000a1912b00e01902000200000009
:10ad30001e0f40001e0078009e0090000080400022
:10ad400080007800e00521006bff07000080fb0019
:10ad50001e0f40001e0078009e0090000080400002
:10ad600011922b00e0190200020000001e0f4000ab
:10ad70001e0078009e009000008040008000780057
:10ad8000600621005cff07000080fb001e0f4000f2
:10ad90001e0078009e0090000080400081922b00f1
:10ada000e0190200020000001e0f40001e007800a3
:10adb0009e00900080804000106d800060ec0200da
:10adc000010000001e0f40001e0078009e00900051
:10add00000804000d1922b00e01902000200000028
:10ade0001e0f40001e0078009e00900080804000f2
:10adf000d0062100104078000041eb002eee02004a
:10ae0000010000001e0f40001e0078009e00900010
:10ae10000080400031932b00e01902000200000086
:10ae20001e0f40001e0078009e00900080804000b1
:10ae3000c0802000104078000041eb002eee0200a0
:10ae4000010000001e0f40001e0078009e009000d0
:10ae500000804000c1932b00e019020002000000b6
:10ae60001e0f40001e0078009e0090008080400071
:10ae700050da2000104078000041eb002eee020076
:10ae8000010000001e0f40001e0078009e00900090
:10ae90000080400011942b00e01902000200000025
:10aea0001e0f40001e0078009e00900000804000b1
:10aeb00080007800001721000fff07000080fb00d2
:10aec0001e0f40001e0090000080fa0000000600e7
:10aed0001200fa0070079800010f98000040eb0084
:10aee000004f7800a0c5b300004f78006400470011
:10aef000330020000001780071942b007e00900048
:10af00008d3c07000000e000600032004e409000e1
:10af10000000fb006101b900f0fb2f00f1ff2f00e2
:10af2000020040008380480032012000030020001e
:10af3000820f5000838f580054003e0000600100d3
:10af4000130037003f003700470037004f0037003d
:10af50002a003700170037000d0037004b0037007c
:10af60002600370049003700480037004700370007
:10af7000460037004500370017003700160037003d
:10af800042003700410037004000370024003700fe
:10af9000c3122000320620008040eb00c0942b003a
:10afa000d2d8020000000000ce409000014f78008f
:10afb00036003700c3122000320620008040eb002c
:10afc00060952b00d2d8020000000000ce40900017
:10afd000014f78002d003700c312200032062000f8
:10afe0008040eb0000962b00d2d802000000000049
:10aff000ce409000014f780024003700c31220009b
:10b00000320620008040eb00a0962b00d2d8020030
:10b0100000000000ce409000014f78001b00370078
:10b02000c3122000320620008040eb0040972b0026
:10b03000d2d8020000000000ce409000014f7800fe
:10b0400012003700c3122000320620008040eb00bf
:10b05000e0972b00d2d8020000000000ce40900004
:10b06000014f780009003700c3122000320620008b
:10b070008040eb0080982b00d2d802000000000036
:10b08000ce409000014f78000000000041992b0055
:10b09000f0b32000e0190200020000001007980041
:10b0a000f1b320001e009000008040001e48780090
:10b0b0001e0090000000e80010079800f1b3200087
:10b0c0001e009000008040008040eb0001487800a6
:10b0d0000080fa00000006001e00fa00881f7800b9
:10b0e000500f9800610f9800640047003300200063
:10b0f00000017800319a2b005e0890000e3c07009a
:10b100000000e00006003200640047004eeb020041
:10b110000100000081ad2200804878000300370064
:10b1200080ad220021c0b3000148780080ad22002c
:10b1300090407800c0c3b30080cf500003003600b9
:10b1400080ad2200a1c0b300014878006400470030
:10b150003300200000017800719a2b005e089000f7
:10b16000f53b07000000e000050032004e40900073
:10b170008040780090ad220001487800030037003d
:10b1800090ad22008040eb00014878007800470035
:10b1900000017800d19a2b005e0890000c1d02007f
:10b1a000020000000000e000490032004e0890005c
:10b1b00064004000400f98000000eb00100798006a
:10b1c0000f0037004e089000de089000008040001d
:10b1d0001040780080407800f2aa22001e00900003
:10b1e00000004100014878004e0890000000e8008f
:10b1f000400f98001e0090000000e8001007980023
:10b200009e00900070022000808f500012003c00d1
:10b210004e089000de08900000804000104078004a
:10b22000ea4f50000c0032004e089000de089000fb
:10b230000080400010407800ed4f500006003200c2
:10b240004e089000de08900000804000104078001a
:10b250000004e000dbff3a00f1aa22001e0090008b
:10b26000008040008040eb00014878001e00900004
:10b270000000e0000b0032005a2002000200000033
:10b28000209b2b00f61f020002000000f0aa220003
:10b290002820020002000000108c2b00f61f020084
:10b2a000020000006e0890000000e00004003a0078
:10b2b000a0ad22008040eb00014878000400370078
:10b2c000ee089000a0ad2200800e020000000000f9
:10b2d000640047004300200000017800e19b2b0040
:10b2e0005e089000943b07000000e000140032006c
:10b2f0006e0890000000e00011003a006400470072
:10b30000f4ef020001000000d09888005a200200eb
:10b3100002000000d198800064004700811f78007f
:10b32000919c2b00811f7800f00b020000000000b0
:10b33000e487570064004700f61f02000200000087
:10b34000640047003300200000017800419d2b007d
:10b350005e089000783b07000000e00046003200e5
:10b36000ce40900010c3b30080cf500013003a00cd
:10b370006e0890000000e00008003a005a20020029
:10b3800002000000c09d2b00f61f0200020000001a
:10b39000b00e2000d09888000800370030612200ed
:10b3a00011c0b300014878005a20020002000000da
:10b3b000b09f2b00f61f020002000000ce4090005c
:10b3c00020c3b30080cf500013003a006e089000f5
:10b3d0000000e00008003a005a20020002000000cd
:10b3e000c0a12b00f61f0200020000008011200007
:10b3f000d0988800080037003061220021c0b300d7
:10b40000014878005a2002000200000010a42b001e
:10b41000f61f020002000000ce409000a0c5b3005d
:10b4200080cf500014003a006e0890000000e00049
:10b4300009003a005a20020002000000d0a62b00aa
:10b44000f61f0200020000005080200011c0b3006f
:10b45000014878000800370030612200a1c5b30020
:10b46000014878005a2002000200000070a82b005a
:10b47000f61f0200020000006400470033002000b5
:10b4800000017800c1aa2b005e0890002a3b07004b
:10b490000000e00009003200ce40900010c3b3006d
:10b4a00080cf500005003a00d02a210011c0b3001f
:10b4b00001487800b0762100707e88006400470063
:10b4c000330020000001780041ab2b005e089000a3
:10b4d000193b07000000e00018003200640047003c
:10b4e0004eeb020001000000e106210080487800d8
:10b4f000e0062100104078000004e0000400320063
:10b50000e006210010407800f44f500003003600a0
:10b51000e006210051c0b300014878000536230041
:10b5200024362300e306210012c0b300c10320002b
:10b5300000cab30074d60200010000006400470096
:10b54000330020000001780091ab2b005e089000d2
:10b55000f93a07000000e0001800320064004700dc
:10b560004eeb020001000000f10621008048780047
:10b57000f0062100104078000004e00004003200d2
:10b58000f006210010407800e64f4000030036002e
:10b59000f006210001c5b3000148780005362300fc
:10b5a00024362300f306210012c0b300d10320008b
:10b5b00000cab30074d60200010000000536230063
:10b5c00024362300e306210012c0b300c10320008b
:10b5d00000cab30084d70200010000000536230032
:10b5e00024362300f306210012c0b300d10320004b
:10b5f00000cab30084d702000100000064004700c5
:10b600009300200000017800e1ab2b005e08900061
:10b61000c93a07000000e0000a003200e0062100fd
:10b6200010447800640047000aee020001000000a8
:10b63000804078006400470008417800c80002009c
:10b6400002000000640047001300200000017800a1
:10b6500041ac2b005e089000b73a07000000e00004
:10b660001a003200ce40900010c3b30080cf5000cb
:10b670000f003a00d1988000800c20000080680004
:10b6800000f0a7000000ea000000e9004f00de0023
:10b6900080407800708020000148780060802000a1
:10b6a00011c0b30001487800501f2000d0988800d6
:10b6b000ce40900000c3b30080cf500003003a009a
:10b6c000608020008040eb0001487800f0b320004b
:10b6d0008040eb0001487800640047003300200000
:10b6e0000001780091ac2b005e089000923a0700b0
:10b6f0000000e000dd003200ce40900010c3b30037
:10b7000080cf5000d9003a00f1ac2b00f0b32000fc
:10b71000e019020002000000000f78004063810081
:10b72000610060000000e000080032009e00780028
:10b73000f0b3200000804000b18a2b00e019020025
:10b74000020000001e0f4000070037009e00780036
:10b75000f0b3200000804000d18a2b00e0190200e5
:10b76000020000001e0f40009e007800f0b3200091
:10b770000080400001ae2b00e01902000200000032
:10b780001e0f400040638100620060000000e00086
:10b79000080032009e007800f0b3200000804000d6
:10b7a000b18a2b00e0190200020000001e0f4000c9
:10b7b000070037009e007800f0b3200000804000b2
:10b7c000d18a2b00e0190200020000001e0f400089
:10b7d0009e007800f0b3200000804000c1ae2b0036
:10b7e000e0190200020000001e0f4000103c810022
:10b7f000e30f500026003200e30f500005003e002a
:10b80000e10f500012003200e10f500018003e001e
:10b8100007003700e50f50002d003200e50f500003
:10b8200023003900e60f50003100320038003700a5
:10b830009e007800f0b320000080400061af2b0034
:10b84000e0190200020000001e0f4000380037001f
:10b850009e007800f0b3200000804000e1af2b0094
:10b86000e0190200020000001e0f40003000370007
:10b870009e007800f0b320000080400041b02b0013
:10b88000e0190200020000001e0f400028003700ef
:10b890009e007800f0b3200000804000b1b02b0083
:10b8a000e0190200020000001e0f400020003700d7
:10b8b0009e007800f0b320000080400001b12b0012
:10b8c000e0190200020000001e0f400018003700bf
:10b8d0009e007800f0b3200000804000a1b12b0052
:10b8e000e0190200020000001e0f400010003700a7
:10b8f0009e007800f0b320000080400001b22b00d1
:10b90000e0190200020000001e0f4000080037008e
:10b910009e007800f0b320000080400061b22b0050
:10b92000e0190200020000001e0f400000000000ad
:10b930009e007800f0b3200000804000a1b22b00f0
:10b94000e0190200020000001e0f40009e00780077
:10b95000f0b3200080804000707e800060ec020028
:10b96000010000001e0f40009e007800f0b3200090
:10b970000080400031b32b00e019020002000000fb
:10b980001e0f40009e007800f0b320008080400031
:10b99000507e800060ec0200010000001e0f40009d
:10b9a0009e007800f0b3200000804000b1b32b006f
:10b9b000e0190200020000001e0f40009e00780007
:10b9c000f0b3200080804000607e800060ec0200c8
:10b9d000010000001e0f40009e007800f0b3200020
:10b9e0000080400031b42b00e0190200020000008a
:10b9f0001e0f40009e007800f0b3200080804000c1
:10ba0000407e800060ec0200010000001e0f40003c
:10ba10009e007800f0b3200000804000a1b42b000d
:10ba2000e0190200020000001e0f40009e00780096
:10ba3000f0b3200000804000e1b42b00e0190200c8
:10ba4000020000001e0f40009e007800f0b32000ae
:10ba50008080400060fc2000104078000041eb0036
:10ba60002eee0200010000001e0f4000640047009f
:10ba7000330020000001780061b52b005e089000c3
:10ba8000ad3907000000e00007003200ce40900012
:10ba900010c3b30080cf500003003a00f05981007a
:10baa0000020a000f0598900640047003300200006
:10bab0000001780021b62b005e0890009e39070037
:10bac0000000e00011003200ce40900010c3b3002f
:10bad00080cf50000a003a0011c0b30010c0b3007c
:10bae000f7f80700b0ef20008040eb000148780035
:10baf00050fc20008040eb00014878000300370034
:10bb00008040eb0010c0b300edf80700f0b3200058
:10bb1000104078000004e0004b003a00a1b62b0072
:10bb2000f0b32000e019020002000000000f7800ce
:10bb3000e0d82000104078000080fb006100600029
:10bb4000004078000004e000080032009e00780009
:10bb5000f0b3200000804000b18a2b00e019020001
:10bb6000020000001e0f4000070037009e00780012
:10bb7000f0b3200000804000d18a2b00e0190200c1
:10bb8000020000001e0f40009e007800f0b320006d
:10bb90000080400091b72b00e01902000200000075
:10bba0001e0f40009e007800f0b32000808040000f
:10bbb000e00621001040780012c0b3002eee020013
:10bbc000010000001e0f40009e007800f0b320002e
:10bbd00000804000f1b72b00e019020002000000d5
:10bbe0001e0f40009e007800f0b3200080804000cf
:10bbf000f00621001040780012c0b3002eee0200c3
:10bc0000010000001e0f40009e007800f0b32000ed
:10bc10000080400051b82b00e01902000200000033
:10bc20001e0f40009e007800f0b32000808040008e
:10bc3000608020001040780012c0b3002eee020099
:10bc4000010000001e0f40004f0478000080fa0041
:10bc5000000006000600fa0010079800210798006f
:10bc6000b1b82b00f0b32000e01902000200000080
:10bc7000000f78009e007800f0b320008080400024
:10bc800060b120001040780012c0b3002eee020018
:10bc9000010000001e0f40000080fa0000000600b6
:10bca0000600fa00100798002107980051b92b00f0
:10bcb000f0b32000e019020002000000000f78003d
:10bcc00040b322001040780080407800f0b320009c
:10bcd0001e004000014878001e0fe8009e0078001a
:10bce000f0b320000080400061ba2b00e019020090
:10bcf000020000001e0f400041af22001e0178002c
:10bd0000f0b3200000004100e01902000200000032
:10bd10001e0f40009e007800f0b32000008040001d
:10bd2000d1ba2b00e0190200020000001e0f4000f3
:10bd30009e007800f0b3200000804000c1932b00eb
:10bd4000e0190200020000001e0f40009e00780073
:10bd5000f0b320008080400050da200010407800ce
:10bd60000041eb002eee0200010000001e0f40001b
:10bd70000080fa00000006001c00fa00400f980046
:10bd8000510f980063004700330020000001780045
:10bd9000f1ba2b004e089000e73807000000e000e1
:10bda00026003200630047004eeb02000100000055
:10bdb00020479800002b210010407800ae409000f2
:10bdc00080cf50001d003200002b2100ae409000bb
:10bdd000014878000536230024362300032b210078
:10bde00012c0b300e103200000cab30074d6020001
:10bdf000010000000536230024362300032b210018
:10be000012c0b300e103200000cab30084d70200cf
:10be100001000000002b2100104078000080fb0092
:10be2000610060000000e00004003a0011c0b300af
:10be3000000120008c69020001000000630047003f
:10be4000330020000001780041bb2b004e08900019
:10be5000b93807000000e00024003200630047000a
:10be60004eeb02000100000020479800102b21003b
:10be700010407800ae40900080cf50001b00320090
:10be8000102b2100ae40900001487800102b2100bb
:10be90009040780040c6b30080cf500003003600c9
:10bea000102b2100c1c3b3000148780005362300e0
:10beb00024362300132b210012c0b300f10320000d
:10bec00000cab30074d6020001000000053623004a
:10bed00024362300132b210012c0b300f1032000ed
:10bee00000cab30084d702000100000063004700cd
:10bef0002300200000017800a1bb2b004e08900019
:10bf00008d3807000000e0002a003200630047007f
:10bf10004eeb020001000000204798002e409000e8
:10bf2000e14f50000a003a00002b21001040780039
:10bf3000804078000154a000002b210001487800c7
:10bf40000040eb00880002000200000009003700fa
:10bf5000002b210010407800804078000154a1009f
:10bf6000002b21000148780010c0b30088000200b7
:10bf7000020000000536230024362300032b210095
:10bf800012c0b300e103200000cab30074d602005f
:10bf9000010000000536230024362300032b210076
:10bfa00012c0b300e103200000cab30084d702002e
:10bfb000010000006300470023002000000178001a
:10bfc00041bc2b004e0890005b3807000000e000e9
:10bfd00024003200630047004eeb02000100000025
:10bfe000204798002e409000e14f500007003a0093
:10bff000002b210010407800804078000164a000f0
:10c00000002b21000148780006003700002b21009a
:10c0100010407800804078000164a100002b2100ce
:10c02000014878000536230024362300032b210025
:10c0300012c0b300e103200000cab30074d60200ae
:10c04000010000000536230024362300032b2100c5
:10c0500012c0b300e103200000cab30084d702007d
:10c060000100000001bd2b00f0b32000e019020028
:10c0700002000000000f78009e007800f0b320005e
:10c0800000804000a1bd2b00e0190200020000006a
:10c090001e0f40009e007800f0b32000808040001a
:10c0a000002b21001040780012c0b3002eee0200d9
:10c0b000010000001e0f40009e007800f0b3200039
:10c0c0000080400001be2b00e019020002000000c9
:10c0d0001e0f40009e007800f0b3200080804000da
:10c0e000102b21001040780012c0b3002eee020089
:10c0f000010000001e0f4000002b210010407800be
:10c100008080fb0000022000008060000000e00052
:10c11000080032009e007800f0b32000008040004c
:10c1200071be2b00e0190200020000001e0f40004b
:10c13000070037009e007800f0b320000080400028
:10c1400031bf2b00e0190200020000001e0f40006a
:10c15000002b2100104078008080fb0000042000ac
:10c16000008060000000e000080032009e007800bf
:10c17000f0b3200000804000f1bf2b00e019020066
:10c18000020000001e0f4000070037009e007800ec
:10c19000f0b3200000804000d1c02b00e019020065
:10c1a000020000001e0f4000f0b320001e004000ff
:10c1b0008040eb00014878000080fa000000060093
:10c1c0008000fa00889fbe008a9fbe00603f9800f2
:10c1d000713f98000e80e8003300200000017800d5
:10c1e000b1c12b006e389000d33707000000e0008b
:10c1f0000e0032000e80e800f4ef020001000000a3
:10c2000080407800b02e21000148780005362300d8
:10c2100024362300b32e210012c0b30001382000c1
:10c2200000cab30074d602000100000005362300e6
:10c2300024362300b32e210012c0b30001382000a1
:10c2400000cab30084d70200010000000e80e8009d
:10c25000330020000001780011c22b006e389000de
:10c26000b53707000000e0000e0032000e80e80045
:10c27000f4ef02000100000080407800a02e2100b1
:10c28000014878000536230024362300a32e210020
:10c2900012c0b3001138200000cab30074d60200e7
:10c2a000010000000536230024362300a32e2100c0
:10c2b00012c0b3001138200000cab30084d70200b6
:10c2c000010000000e80e80043002000000178001b
:10c2d00071c22b006e389000973707000000e00015
:10c2e0000e0032000e80e800f4ef020001000000b2
:10c2f00080407800c02e21000148780005362300d8
:10c3000024362300c32e210012c0b30021382000a0
:10c3100000cab30074d602000100000005362300f5
:10c3200024362300c32e210012c0b3002138200080
:10c3300000cab30084d70200010000000e80e800ac
:10c340004300200000017800d1c22b006e3890001d
:10c35000793707000000e0000e0032000e80e80090
:10c36000f4ef02000100000080407800d02e210090
:10c37000014878000536230024362300d32e2100ff
:10c3800012c0b3003138200000cab30074d60200d6
:10c39000010000000536230024362300d32e21009f
:10c3a00012c0b3003138200000cab30084d70200a5
:10c3b000010000000e80e80043002000000178002a
:10c3c00031c32b006e3890005b3707000000e0009f
:10c3d0000e0032000e80e800f4ef020001000000c1
:10c3e00080407800e02e21000148780005362300c7
:10c3f00024362300e32e210012c0b3004138200070
:10c4000000cab30074d60200010000000536230004
:10c4100024362300e32e210012c0b300413820004f
:10c4200000cab30084d70200010000000e80e800bb
:10c43000430020000001780091c32b006e3890006b
:10c440003d3707000000e0000e0032000e80e800db
:10c45000f4ef02000100000080407800f02e21007f
:10c46000014878000536230024362300f32e2100ee
:10c4700012c0b3005138200000cab30074d60200c5
:10c48000010000000536230024362300f32e21008e
:10c4900012c0b3005138200000cab30084d7020094
:10c4a00001000000f02e2100104078008085fb0084
:10c4b000e02e2100104078000085fb00d02e2100e6
:10c4c000104078008084fb00c02e210010407800ce
:10c4d0000084fb00a02e2100104078008083fb0028
:10c4e000b02e2100104078000083fb00202f210097
:10c4f000104078008082fb00102f2100104078004f
:10c500000082fb00002f2100104078008081fb009a
:10c5100050da2000104078000001fb00602e21005e
:10c52000104078008080fb000e80e8008b1f7800b0
:10c530008a1f7800891f7800881f7800871f78007d
:10c54000861f7800851f7800841f7800831f78007d
:10c55000821f7800811f7800f1c32b00811f7800b3
:10c56000f00b020000000000f88757000e80e80082
:10c5700080007800f0b32000e01902000200000003
:10c58000000f7800f0b320001e0040008040eb0058
:10c59000014878004f05be004f04be000080fa003d
:10c5a000000006000800fa002007980031079800f4
:10c5b0000e80e8001300200000017800a1cb2b00c2
:10c5c0002e009000dc3607000000e0000b00320077
:10c5d000ae40900000c3b30080cf500004003a008a
:10c5e000a0d520008040eb00014878000300370010
:10c5f000a0d52000e1c1b30001487800f1cb2b00a9
:10c60000f0b32000e019020002000000000f7800e3
:10c61000a0358000620060000000e00005003200ec
:10c62000f0b320001e00400011c3b30001487800a1
:10c6300004003700f0b320001e00400001c3b30027
:10c64000014878001e0fe800f0b320001e004000f3
:10c650008040eb00014878000080fa0000000600ee
:10c660000800fa0020079800310798000000eb004e
:10c6700010079800f301200042782200c1cc2b0063
:10c680002e009000ac3607000000e00016003200db
:10c69000407822000aee020001000000000f78003e
:10c6a00005003700407822001e0040008040eb006b
:10c6b000014878001e0fe8001e007800ff0f5000b0
:10c6c000f8ff34004078220005362300243623008a
:10c6d0008001780002c2b300414c200000cab300c0
:10c6e00074d60200010000004078220005362300c5
:10c6f000243623008001780002c2b300414c2000a0
:10c7000000cab30084d7020001000000307a220082
:10c710008040eb000148780011cd2b00f0b32000e1
:10c72000e0190200020000009e009000008040001e
:10c73000100798009e009000f0b320000080400099
:10c7400041782200e0190200020000009e009000e3
:10c7500000804000100798001e0090000000e800d4
:10c7600010079800f1b320001e00900000804000e8
:10c770008040eb00014878000080fa0000000600cd
:10c780002400fa0000179800111798000040eb00f1
:10c79000004f78007e00470000017800c1cd2b00db
:10c7a0000e1090000c1d0200020000000000e000ce
:10c7b0000300320010c0b300204798000200370089
:10c7c0000040eb0020479800630047003300200042
:10c7d0000001780041ce2b000e1090005636070065
:10c7e0000000e00005003200630047004eeb02004d
:10c7f00001000000004f780002003700c0c3b30002
:10c80000004f78006300470013002000000178000b
:10c8100091ce2b000e109000473607000000e0007c
:10c8200005003200630047004eeb020001000000eb
:10c8300010479800020037000040eb0010479800b6
:10c84000630047009301200000017800e1ce2b0037
:10c850000e109000383607000000e000650032003e
:10c8600063004700ae43900026c0b3008042eb0057
:10c870000042eb009e4190001e4178008040eb009a
:10c8800038a502000100000031cf2b00f0b32000da
:10c89000e019020002000000700f98007e0890006e
:10c8a00080007800f0b3200000804000e3004700e3
:10c8b000e019020002000000fe08900001004000a4
:10c8c000700f98007e08900080007800f0b3200080
:10c8d0000080400001d02b00e0190200020000009f
:10c8e000fe08900001004000700f98007e08900044
:10c8f00080007800f0b320000080400012c0b30038
:10c90000800078001e4078002eee0200010000003a
:10c91000fe08900001004000700f98007e08900013
:10c9200080007800f0b320000080400061d02b0030
:10c93000e019020002000000fe0890000100400023
:10c94000700f98007e08900080007800f0b32000ff
:10c950000080400012c0b300800078001e409000ac
:10c960002eee020001000000fe08900001004000d1
:10c97000700f98007e08900080007800f0b32000cf
:10c9800000804000c1d02b00e0190200020000002e
:10c99000fe08900001004000700f98007e08900093
:10c9a00080007800f0b320000080400012c0b30087
:10c9b000800078002e4090002eee02000100000062
:10c9c000fe08900001004000700f98007e08900063
:10c9d00080007800f0b320000080400041d12b009f
:10c9e000e019020002000000fe0890000100400073
:10c9f000700f98000080fa00000006000c00fa009a
:10ca000040079800510798000040eb00004f780065
:10ca10000040eb001047980064004700230020000e
:10ca200000017800b1d12b004e009000c235070004
:10ca30000000e00006003200ce40900010c3b300ba
:10ca400080cf500002003a0010c0b3001047980099
:10ca5000640047002300200000017800e1d12b0092
:10ca60004e009000b43507000000e00009003200dd
:10ca7000640047004eeb020001000000004f780008
:10ca80009e4090001e4078009a21020002000000a3
:10ca9000004f780011d22b00f0b32000e019020003
:10caa00002000000100798009e009000f0b32000e4
:10cab000008040000041eb00800078001e407800bc
:10cac0002eee0200010000009e0090000080400059
:10cad000100798000080fa00000006002600fa0007
:10cae00010179800211798006600470023002000c7
:10caf00000017800a1d22b001e1090008e35070097
:10cb00000000e0008e013200660047004eeb02009c
:10cb100001000000304798003e409000e94f50006f
:10cb200087013e003e4090000080fb0020079800f7
:10cb30002e0090004600dd00200798002e00900097
:10cb40001004b00020079800660047001300200082
:10cb500000017800e1d22b001e109000763507000e
:10cb60000000e0004e003200ee40900010c3b30021
:10cb700080cf50004a003a0066004700a201200022
:10cb80008000eb008e0d020000000000e600470070
:10cb90002e00900063004000053623002436230059
:10cba00081017800f2c0b3008000780000cab300b1
:10cbb00074d6020001000000e60047002e0090003d
:10cbc00072004000053623002436230081017800de
:10cbd000f2c0b3008000780000cab30074d602002f
:10cbe0000100000066004700a20120008000eb0069
:10cbf0008e0d020000000000e60047002e009000ad
:10cc00000000e80005362300243623008101780067
:10cc100012c0b3008000780000cab30074d60200ce
:10cc200001000000e60047002e0090001002b00056
:10cc3000053623002436230081017800c2c0b300ea
:10cc40008000780000cab30074d602000100000022
:10cc5000e60047002e0090000080e8000536230023
:10cc6000243623008101780012c0b30080007800d0
:10cc700000cab30074d6020001000000660047003d
:10cc800005362300243623008001780012c0b3004b
:10cc9000ae00900000cab30074d60200010000008c
:10cca00066004700930120000001780051882b00a6
:10ccb0001e109000203507000000e0001300320035
:10ccc000ee409000a0c5b30080cf500005003a00b0
:10ccd00066004700a20120008000eb008e0d0200dc
:10cce00000000000e60047002e00900063004000b6
:10ccf00004362300233623000101780080007800e9
:10cd000000cab300e61802000200000066004700f7
:10cd10009301200000017800b1882b001e109000c4
:10cd2000053507000000e00013003200ee409000df
:10cd3000a0c5b30080cf500005003a006600470050
:10cd4000a20120008000eb008e0d02000000000018
:10cd5000e60047002e0090007200400004362300d9
:10cd600023362300010178008000780000cab30058
:10cd7000e6180200020000006600470033002000b1
:10cd80000001780071892b001e109000ea34070022
:10cd90000000e00010003200660047004eeb020089
:10cda00001000000006798002e0090000000e800dd
:10cdb000010220008e804000053623002436230027
:10cdc0008101780012c0b3008000780000cab3006f
:10cdd00074d602000100000066004700c300200076
:10cde0000001780031892b001e109000d23407001a
:10cdf0000000e00014003200ee409000a0c5b30037
:10ce000080cf500005003a0066004700a2012000d4
:10ce10008000eb008e0d020000000000e6004700dd
:10ce20002e0090001002b0000536230024362300a7
:10ce300081017800c2c0b3008000780000cab3004e
:10ce400074d6020001000000660047003300200095
:10ce500000017800f1882b001e109000b634070006
:10ce60000000e00010003200660047004eeb0200b8
:10ce700001000000006798002e0090000080e8008c
:10ce8000010220008e804000053623002436230056
:10ce90008101780012c0b3008000780000cab3009e
:10cea00074d60200010000000040eb00004f780043
:10ceb0000040eb0010479800660047004300200048
:10cec0000001780051872b001e1090009a34070053
:10ced0000000e0002c0032000040eb0020479800ea
:10cee000260037002e4090000080fb000000470025
:10cef000604090000000fb0001032000810f500003
:10cf00000600320011032000810f50000c00320097
:10cf10000000e00013003200150037002e409000a2
:10cf20000080fb00210020000008dd008040780028
:10cf30001e40900000c07000104798000c003700a1
:10cf40002e4090000080fb00210020000008dd0042
:10cf5000804078001e40780000c07000004f7800cc
:10cf60000300370040c0b3002047980000000000d5
:10cf70002e4090000040e800204798002e4090008e
:10cf8000e34f5000d7ff3600660047001300200033
:10cf90000001780091872b001e1090006634070076
:10cfa0000000e0000f0032006e4090000000fb0027
:10cfb00001032000810f5000040032001103200003
:10cfc000810f500005003200060037001e4090001f
:10cfd0000054a00010479800020037001e54a00023
:10cfe00000000000660047001300200000017800e8
:10cff000d1872b001e1090004f3407000000e00086
:10d000000f0032006e4090000000fb000103200082
:10d01000810f50000400320011032000810f5000e6
:10d0200005003200060037001e4090000004a000fa
:10d0300010479800020037001e04a0000000000006
:10d0400066004700130020000001780011882b00c3
:10d050001e109000383407000000e0000f0032007e
:10d060006e4090000000fb0001032000810f500083
:10d070000400320011032000810f5000050032002f
:10d08000060037001e4090000064a0001047980082
:10d09000020037001e64a000000000001e4078005f
:10d0a0000004e00003003a001e4090000004e0008d
:10d0b0002100320066004700053623002436230095
:10d0c0008001780012c0b300ae00900000cab30027
:10d0d00084d70200010000006e4090007047980065
:10d0e000ee4090001e40780000c07000604798003d
:10d0f000ee4090001e40900000c0ea0000c06000ba
:10d1000060479800fe4090006e40900080cf500035
:10d11000090032006600470005362300243623004c
:10d120008001780012c0b300ae00900000cab300c6
:10d1300074d60200010000003e4090009ff30700fb
:10d140000080fa00000006005000fa0060279800f6
:10d15000712798004300200002fe200061d32b00bd
:10d160006e209000f43307000000e0000e00320053
:10d1700000fe20004eeb02000100000020cf9800ce
:10d18000a00420000e0040000536230024362300b2
:10d190008001780012c0b300d101200000cab300a2
:10d1a00074d6020001000000a00420000e00400020
:10d1b00005362300243623008001780012c0b30016
:10d1c000d101200000cab30084d702000100000092
:10d1d0002ec890000080fb00b06a8800b16a800011
:10d1e000c00320000088b90000007800b06a880001
:10d1f0003300200002fe2000b1d32b006e209000ef
:10d20000cd3307000000e0000b00320000fe2000dc
:10d210009040780010c3b30000c068000080fb009d
:10d220000000e9004f00de000040780080407800f8
:10d2300000c8b30022f307003300200002fe2000e4
:10d2400001d42b006e209000bb3307000000e000eb
:10d250000b00320000fe20009040780010c3b300a5
:10d2600000c068000080fb000000e9004f00de0005
:10d27000004078008040780000c2b30010f307003f
:10d280005300200002fe200051d42b006e2090009d
:10d29000a93307000000e0001b00320000fe200060
:10d2a000f4ef02000100000040279800ce2090001b
:10d2b00070828100808f50001300320080042000b3
:10d2c0000e0040000536230024362300800178003c
:10d2d00022c0b300512f200000cab30074d6020050
:10d2e00001000000e004230005362300243623005b
:10d2f0008001780022c0b300512f200000cab30083
:10d3000084d70200010000003300200002fe20004c
:10d31000b1d42b006e209000873307000000e0009e
:10d320001500320000fe20004eeb0200010000005c
:10d3300001052300804878000536230024362300a9
:10d340000305230012c0b300712f200000cab300f0
:10d3500074d60200010000000536230024362300a5
:10d360000305230012c0b300712f200000cab300d0
:10d3700084d70200010000003300200002fe2000dc
:10d3800011d52b006e2090006b3307000000e000e9
:10d390001500320000fe20004eeb020001000000ec
:10d3a0001105230080487800053623002436230029
:10d3b0001305230012c0b300812f200000cab30060
:10d3c00074d6020001000000053623002436230035
:10d3d0001305230012c0b300812f200000cab30040
:10d3e00084d70200010000003300200002fe20006c
:10d3f00071d52b006e2090004f3307000000e00035
:10d400001500320000fe20004eeb0200010000007b
:10d4100021052300804878000536230024362300a8
:10d420002305230012c0b300912f200000cab300cf
:10d4300074d60200010000000536230024362300c4
:10d440002305230012c0b300912f200000cab300af
:10d4500084d70200010000003300200002fe2000fb
:10d46000d1d52b006e209000333307000000e00080
:10d470001500320000fe20004eeb0200010000000b
:10d480003105230080487800053623002436230028
:10d490003305230012c0b300a12f200000cab3003f
:10d4a00074d6020001000000053623002436230054
:10d4b0003305230012c0b300a12f200000cab3001f
:10d4c00084d70200010000003300200002fe20008b
:10d4d00031d62b006e209000173307000000e000cb
:10d4e0001300320000fe20004eeb0200010000009d
:10d4f00070c798007ec09000e44f500002003e00cc
:10d50000e0c1b30070c79800700420000e00400016
:10d5100005362300243623008001780012c0b300b2
:10d520006103200000cab30074d6020001000000ad
:10d53000e00320000e0040005300200000017800ae
:10d5400071d62b006e209000fb3207000000e00037
:10d5500028003200e00320000e0040001007980071
:10d560000040eb0060c79800600420000e004000ff
:10d5700080017800c2dc2000a1c3b3001e0090002f
:10d58000c61d0200020000000000e0001900320089
:10d590006ec090000000fb000000e8009e009000bc
:10d5a0000080400010079800600420000e0040003a
:10d5b00080017800d2dc200001c2b3001e00900080
:10d5c000c61d0200020000000000e0000900320059
:10d5d000c0dc2000053623002436230080017800bb
:10d5e00022c0b300b101200000cab30074d602000b
:10d5f000010000000000eb0020079800330020002d
:10d6000002fe2000c1d62b006e209000ca32070017
:10d610000000e0001600320000fe20004eeb020089
:10d620000100000031d720008048780030d720006a
:10d630009040780020d720001040780080cf500024
:10d640000300310030d7200001c1b3000148780049
:10d65000053623002436230033d7200012c0b30040
:10d660004141200000cab30074d60200010000004e
:10d67000053623002436230033d7200012c0b30020
:10d680004141200000cab30084d70200010000001d
:10d690003300200002fe200021d72b006e209000d6
:10d6a000a53207000000e0001600320000fe200056
:10d6b0004eeb02000100000021d7200080487800d6
:10d6c00020d720009040780030d72000104078000c
:10d6d00080cf50000300360020d72000a1c0b30047
:10d6e00001487800053623002436230023d7200084
:10d6f00012c0b3003141200000cab30074d602004a
:10d7000001000000053623002436230023d7200023
:10d7100012c0b3003141200000cab30084d7020018
:10d7200001000000c0dc2000053623002436230061
:10d730008001780022c0b300b101200000cab3000c
:10d7400084d70200010000004301200002fe2000f7
:10d75000c1cc2b006e209000773207000000e00063
:10d760000900320000fe2000053623002436230085
:10d770008001780042c1b3004100200000cab3001c
:10d7800074d6020001000000420120008000eb007e
:10d7900000fe20008e0d02000000000000fe2000b0
:10d7a00005362300243623008001780042c1b300ef
:10d7b0004100200000cab30084d70200010000002d
:10d7c00040ff20008040eb0001487800a0032000cb
:10d7d0000e0040003300200000017800e1ab2b0078
:10d7e0006e209000543207000000e0000a00320072
:10d7f000a00320000e00400005362300243623003d
:10d800008001780032c0b3008101200000cab3005b
:10d8100074d6020001000000a00320000e004000aa
:10d82000320020008000eb008e0d0200000000009e
:10d83000a00320000e0040000536230024362300fc
:10d840008001780032c0b3008101200000cab3001b
:10d8500084d70200010000000040eb00507f9800d8
:10d8600066004700930120000001780081d72b005b
:10d870006e209000303207000000e00032003200dd
:10d88000000220000e004000920120008000eb000a
:10d890008e0d020000000000000220000e0040007b
:10d8a00004362300233623000001780061022000a3
:10d8b00000cab30078180200020000000040eb002c
:10d8c000107f9800e6004700000220000e00400094
:10d8d0006a0e0200000000000000e0001a003200a2
:10d8e0006600470004362300233623000001780039
:10d8f0006102200000cab300e61802000200000026
:10d9000010b3200011c0b30001487800400420008b
:10d910000e004000d18a2b00e01902000200000036
:10d92000400420000e00400005362300243623006a
:10d930008001780012c0b3005103200000cab30078
:10d9400074d602000100000066004700920120002a
:10d950008000eb008e0d0200000000006600470012
:10d9600004362300233623000001780061022000e2
:10d9700000cab30078180200020000000040eb006b
:10d98000705f9800400420000e004000220020003c
:10d990008000eb008e0d020000000000400420001b
:10d9a0000e00400005362300243623008001780055
:10d9b00012c0b3005103200000cab30084d7020094
:10d9c000010000000040eb0050c7980070042000e8
:10d9d0000e00400005362300243623008001780025
:10d9e00012c0b3006103200000cab30084d7020054
:10d9f00001000000053623002436230033d7200021
:10da000012c0b3004141200000cab30084d7020015
:10da100001000000053623002436230023d7200010
:10da200012c0b3003141200000cab30084d7020005
:10da300001000000d1d72b00f0b32000e019020054
:10da400002000000000f78009e007800f0b3200074
:10da50000080400001fe2000e019020002000000ea
:10da60001e0f40009e007800f0b3200000804000b0
:10da7000a1d82b00e0190200020000001e0f400098
:10da80009e007800f0b3200000804000a103200039
:10da90008e804000e0190200020000001e0f4000ce
:10daa0009e007800f0b320000080400011d92b00c8
:10dab000e0190200020000001e0f40009e007800e6
:10dac000f0b3200080804000c0dc200010407800cf
:10dad00022c0b3002eee0200010000001e0f400025
:10dae0009e007800f0b320000080400081902b0061
:10daf000e0190200020000001e0f40009e007800a6
:10db0000f0b3200080804000d0dc2000104078007e
:10db100022c0b3002eee0200010000001e0f4000e4
:10db20009e007800f0b320000080400071d92b00e7
:10db3000e0190200020000001e0f40009e00780065
:10db4000f0b32000808040002ec8900022c0b300b7
:10db50002eee0200010000001e0f40009e00780023
:10db6000f0b3200000804000d1d92b00e019020062
:10db7000020000001e0f40009e007800f0b320005d
:10db800000804000e6004700e019020002000000ab
:10db90001e0f40009e007800f0b32000008040007f
:10dba00031da2b00e0190200020000001e0f4000d5
:10dbb0009e007800f0b32000808040007ec090007e
:10dbc0000041eb002eee0200010000001e0f40009d
:10dbd0009e007800f0b320000080400081da2b0026
:10dbe000e0190200020000001e0f40009e007800b5
:10dbf000f0b3200000804000410420008e804000ef
:10dc0000e0190200020000001e0f40009e00780094
:10dc1000f0b3200000804000d1da2b00e0190200b0
:10dc2000020000001e0f40009e007800f0b32000ac
:10dc3000808040007082810060ec020001000000e2
:10dc40001e0f40009e007800f0b3200000804000ce
:10dc500041db2b00e0190200020000001e0f400013
:10dc6000e0d82000104078000004e00008003d00eb
:10dc70009e007800f0b3200000804000b18a2b00a5
:10dc8000e0190200020000001e0f400007003700ec
:10dc90009e007800f0b3200000804000d18a2b0065
:10dca000e0190200020000001e0f40009e007800f4
:10dcb000f0b3200000804000a1db2b00e01902003f
:10dcc000020000001e0f40009e007800f0b320000c
:10dcd0008080400000052300104078000041eb00e8
:10dce0002eee0200010000001e0f40009e00780092
:10dcf000f0b320000080400011dc2b00e01902008e
:10dd0000020000001e0f40009e007800f0b32000cb
:10dd10008080400010052300104078000041eb0097
:10dd20002eee0200010000001e0f40009e00780051
:10dd3000f0b320000080400081dc2b00e0190200dd
:10dd4000020000001e0f40009e007800f0b320008b
:10dd50008080400020052300104078000041eb0047
:10dd60002eee0200010000001e0f40009e00780011
:10dd7000f0b3200000804000f1dc2b00e01902002d
:10dd8000020000001e0f40009e007800f0b320004b
:10dd90008080400030052300104078000041eb00f7
:10dda0002eee0200010000001e0f40009e007800d1
:10ddb000f0b320000080400061dd2b00e01902007c
:10ddc000020000001e0f4000e0d820001040780044
:10ddd0008080fb0000022000008060000000e00066
:10dde000080032009e007800f0b320000080400060
:10ddf000b18a2b00e0190200020000001e0f400053
:10de0000070037009e007800f0b32000008040003b
:10de1000d18a2b00e0190200020000001e0f400012
:10de20009e007800f0b3200000804000c1dd2b0090
:10de3000e0190200020000001e0f40009e00780062
:10de4000f0b320008080400030d7200010407800e0
:10de500022c0b3002eee0200010000001e0f4000a1
:10de60009e007800f0b320000080400031de2b00df
:10de7000e0190200020000001e0f40009e00780022
:10de8000f0b320008080400020d7200010407800b0
:10de900022c0b3002eee0200010000001e0f400061
:10dea0000080fa00000006000e00fa0050079800fb
:10deb000610798006e0090000000e00013003a0037
:10dec000640047004300200000017800a1de2b0021
:10ded0005e009000983007000000e0000b00320068
:10dee0000040eb00004f9800640047000536230017
:10def000243623008001780042c0b3008000eb008c
:10df000000cab30074d6020001000000640047009c
:10df1000420020008000eb008e0d02000000000097
:10df20006400470005362300243623008001780072
:10df300042c0b3008000eb0000cab30084d70200e7
:10df4000010000000040eb00004f98006400470013
:10df500019310700004f7800f1de2b00f0b32000ec
:10df6000e019020002000000100798009e009000d7
:10df7000f0b3200000804000e4004700e0190200f8
:10df8000020000009e0090000080400010079800f2
:10df90009e009000f0b3200000804000c1df2b0005
:10dfa000e0190200020000009e0090000080400086
:10dfb000100798009e009000f0b320000080400001
:10dfc0000041eb00800078001e4078002eee020039
:10dfd000010000009e0090000080400010079800a3
:10dfe0000080fa00000006000a00fa00004f9800c6
:10dff0000e489000e34f500030003e000e48900065
:10e000000080fb00000f78001e0078006500b9005a
:10e0100000007800000f7800504120001e0f4000e3
:10e020000e80e800053623002436230080017800a6
:10e0300052c0b3009e00780000cab30084d702002b
:10e04000010000000e4890000080fb00ae409000f0
:10e05000c2db20004200dd000000410001487800e2
:10e060000e4890000080fb00be409000d2db2000f4
:10e070004200dd0000004100014878000e48900099
:10e080000080fb00ce409000c2db20004200dd009b
:10e09000000041000080e800014878000e48900030
:10e0a0000080fb00de409000d2db20004200dd005b
:10e0b000000041000080e800014878000080fa007c
:10e0c000000006000400fa00204798002e4090004f
:10e0d000e34f50005e003e002e409000c2ff07005c
:10e0e00011e02b00f0b32000e01902000200000054
:10e0f000000f78009e007800f0b320008080400080
:10e100002e4090000040e8000041eb002eee02009f
:10e11000010000001e0f40009e007800f0b32000b8
:10e1200000804000a1e02b00e01902000200000086
:10e130001e0f40009e007800f0b320008080400059
:10e140002e4090000080fb004200dd00c2db20007a
:10e15000624078000041eb002eee0200010000005a
:10e160001e0f40009e007800f0b3200000804000a9
:10e17000d1872b00e0190200020000001e0f4000b2
:10e180009e007800f0b32000808040002e40900078
:10e190000080fb004200dd00d2db200062407800fe
:10e1a0000041eb002eee0200010000001e0f4000b7
:10e1b0009e007800f0b3200000804000f1882b0022
:10e1c000e0190200020000001e0f40009e007800cf
:10e1d000f0b32000808040002e4090000080fb00c3
:10e1e0004200dd000080e800c2db200062407800d1
:10e1f0000041eb002eee0200010000001e0f400067
:10e200009e007800f0b320000080400091872b0032
:10e21000e0190200020000001e0f40009e0078007e
:10e22000f0b32000808040002e4090000080fb0072
:10e230004200dd000080e800d2db20006240780070
:10e240000041eb002eee0200010000001e0f400016
:10e250000080fa00000006000e00fa005007980047
:10e260006107980064004700230020000001780047
:10e27000b1882b005e009000af2f07000000e00087
:10e280008b003200640047004eeb020001000000ea
:10e29000004f78001e4078000004e0008400320047
:10e2a0001e407800e44f500081003e001e4fe90000
:10e2b0001e80fb00100798001e0090006500b9004a
:10e2c00000007800100798009e0090005041200048
:10e2d00000804000100798006400470033002000d1
:10e2e00000017800a1e02b005e009000922f070053
:10e2f0000000e0000d003200640047004eeb020019
:10e3000001000000004f9800680047000536230018
:10e31000243623008001780012c0b3009e009000d4
:10e3200000cab30074d60200010000006400470078
:10e330003300200000017800d1872b005e009000a0
:10e340007d2f07000000e0000f003200640047004e
:10e350004eeb020001000000004f98001e009000ec
:10e360000000e800e80047000536230024362300bb
:10e370008101780012c0b3008000780000cab300a9
:10e3800074d6020001000000640047003300200042
:10e3900000017800f1882b005e009000662f0700d6
:10e3a0000000e0000f003200640047004eeb020066
:10e3b00001000000004f98001e0090000080e8005f
:10e3c000e800470005362300243623008101780049
:10e3d00012c0b3008000780000cab30074d60200f7
:10e3e00001000000640047003300200000017800b5
:10e3f00091872b005e0090004f2f07000000e00087
:10e4000029003200640047004eeb020001000000ca
:10e41000004f98000e489000e14f500010003a0065
:10e42000640047004eeb020001000000004f98001e
:10e430001e00900063004000e800470005362300fe
:10e44000243623008101780012c0b30080007800d8
:10e4500000cab30074d602000100000012003700a9
:10e460000e4890000004e0000f003a0064004700ee
:10e470004eeb020001000000004f98001e009000cb
:10e4800063004000e80047000536230024362300df
:10e490008101780012c0b3008000780000cab30088
:10e4a00074d60200010000001e40780005ff07003e
:10e4b0000080fa00000006000c00fa0040079800f7
:10e4c000510798000e80e80013002000000178003a
:10e4d000e1e02b004e009000172f07000000e00045
:10e4e000140032000e80e8004eeb02000100000034
:10e4f0000080fb00000f78009e00780061806000c3
:10e50000004078000004e000030032006000b80022
:10e5100080608900916089009e00780062806000c0
:10e520000000e000030032006000b800207b89009a
:10e53000317b89000e80e800330020000001780064
:10e5400031e12b004e009000fb2e07000000e000a0
:10e550001a0032000e80e8004eeb020001000000bd
:10e5600060479800ee40900040052300104078007e
:10e5700080cf5000110032006600470005362300ae
:10e58000243623008001780012c0b300b12f200090
:10e5900000cab30074d60200010000000536230053
:10e5a000243623004305230012c0b300b12f2000fe
:10e5b00000cab30084d702000100000081e12b00f3
:10e5c000f0b32000e019020002000000000f780004
:10e5d0009e007800f0b32000008140008060810040
:10e5e00091608100c3c0b300f2ee020001000000a0
:10e5f0001e0f40009e007800f0b320000080400015
:10e60000b18b2b00e0190200020000001e0f400039
:10e610009e007800f0b3200000814000207b810044
:10e62000317b8100c3c0b300f2ee020001000000a4
:10e630001e0f40009e007800f0b3200000804000d4
:10e6400031e22b00e0190200020000001e0f400022
:10e650009e007800f0b320008080400040c122007e
:10e66000104078000041eb002eee02000100000097
:10e670001e0f40009e007800f0b320000080400094
:10e6800081e22b00e0190200020000001e0f400092
:10e690009e007800f0b320008080400050c122002e
:10e6a000104078000041eb002eee02000100000057
:10e6b0001e0f40009e007800f0b320000080400054
:10e6c000d1e22b00e0190200020000001e0f400002
:10e6d0009e007800f0b320008080400080f6220089
:10e6e000104078000041eb002eee02000100000017
:10e6f0001e0f40009e007800f0b320000080400014
:10e7000021e32b00e0190200020000001e0f400070
:10e710009e007800f0b320008080400090f6220038
:10e72000104078000041eb002eee020001000000d6
:10e730001e0f40009e007800f0b3200000804000d3
:10e7400071e32b00e0190200020000001e0f4000e0
:10e750009e007800f0b3200080804000a0f62200e8
:10e76000104078000041eb002eee02000100000096
:10e770001e0f40009e007800f0b320000080400093
:10e78000d1e32b00e0190200020000001e0f400040
:10e790009e007800f0b3200080804000b0f6220098
:10e7a000104078000041eb002eee02000100000056
:10e7b0001e0f40009e007800f0b320000080400053
:10e7c00031e42b00e0190200020000001e0f40009f
:10e7d0009e007800f0b3200080804000c0f6220048
:10e7e000104078000041eb002eee02000100000016
:10e7f0001e0f40009e007800f0b320000080400013
:10e8000091e42b00e0190200020000001e0f4000fe
:10e810009e007800f0b3200080804000d0f62200f7
:10e82000104078000041eb002eee020001000000d5
:10e830001e0f40009e007800f0b3200000804000d2
:10e84000f1e42b00e0190200020000001e0f40005e
:10e850009e007800f0b32000808040004005230037
:10e86000104078000041eb002eee02000100000095
:10e870001e0f40000040eb000031020001000000cc
:10e88000204798009e007800f0b3200000804000f0
:10e8900051e52b00e0190200020000001e0f4000ad
:10e8a0009e007800f0b32000808040002e40900051
:10e8b0000041eb002eee0200010000001e0f4000a0
:10e8c0000080fa00000006000600fa001007980019
:10e8d00021079800a1e52b00f0b32000e019020009
:10e8e00002000000000f78009e007800f0b32000c6
:10e8f0000080400031e62b00e01902000200000019
:10e900001e0f40009e007800f0b320008080400081
:10e91000d095800060ec0200010000001e0f400056
:10e920009e007800f0b3200000804000a1e62b009c
:10e93000e0190200020000001e0f40009e00780057
:10e94000f0b320000081400090958000a1958000e8
:10e95000000078008200780060ec020001000000f6
:10e960001e0f40009e007800f0b3200000804000a1
:10e9700011e72b00e0190200020000001e0f40000a
:10e980009e007800f0b3200080804000b0958000a9
:10e9900060ec0200010000001e0f40009e007800a5
:10e9a000f0b320000080400091e72b00e019020046
:10e9b000020000001e0f40009e007800f0b320000f
:10e9c00080804000c095800060ec020001000000e3
:10e9d0001e0f40009e007800f0b320000080400031
:10e9e00011e82b00e0190200020000001e0f400099
:10e9f0009e007800f0b3200080804000a096800048
:10ea000060ec0200010000001e0f40009e00780034
:10ea1000f0b320000080400091e82b00e0190200d4
:10ea2000020000001e0f40009e007800f0b320009e
:10ea300000814000609680007196800000007800a0
:10ea40008200780060ec0200010000001e0f400010
:10ea50009e007800f0b320000080400001e92b0008
:10ea6000e0190200020000001e0f40009e00780026
:10ea7000f0b32000808040008096800060ec0200af
:10ea8000010000001e0f40009e007800f0b320003f
:10ea90000080400081e92b00e01902000200000024
:10eaa0001e0f40009e007800f0b3200080804000e0
:10eab0009096800060ec0200010000001e0f4000f4
:10eac0000080fa00000006000400fa00000f780041
:10ead00011079800f0b32000f06902000100000067
:10eae0000080fa00000006000600fa0010079800f7
:10eaf0002107980001ea2b00f0b32000e019020082
:10eb000002000000000f78009e007800f0b32000a3
:10eb10000080400091ea2b00e01902000200000092
:10eb20001e0f40009e007800f0b32000808040005f
:10eb3000206122001040780012c0b3002eee0200c7
:10eb4000010000001e0f40009e007800f0b320007e
:10eb50000080400031eb2b00e019020002000000b1
:10eb60001e0f40009e007800f0b32000008140009e
:10eb7000805981009159810000007800820078005e
:10eb800060ec0200010000001e0f40009e007800b3
:10eb9000f0b3200000804000a1eb2b00e019020040
:10eba000020000001e0f40009e007800f0b320001d
:10ebb00080804000407581004500de0067406000b5
:10ebc00012c0b3002eee0200010000001e0f400034
:10ebd0009e007800f0b320000080400021ec2b0064
:10ebe000e0190200020000001e0f40009e007800a5
:10ebf000f0b320008080400050d820001040780002
:10ec000012c0b3002eee0200010000001e0f4000f3
:10ec100050d72000104078000004e00008003200c7
:10ec20009e007800f0b3200000804000e1ec2b0053
:10ec3000e0190200020000001e0f4000070037002c
:10ec40009e007800f0b320000080400081ed2b0092
:10ec5000e0190200020000001e0f40009e00780034
:10ec6000f0b320000080400021ee2b00e0190200ec
:10ec7000020000001e0f40009e007800f0b320004c
:10ec80008080400020c522001000780061406000b4
:10ec900012c0b3002eee0200010000001e0f400063
:10eca0009e007800f0b320000080400001ef2b00b0
:10ecb000e0190200020000001e0f40009e007800d4
:10ecc000f0b320008080400020c5220010007800b2
:10ecd0000000d1006140600012c0b3002eee0200bf
:10ece000010000001e0f40009e007800f0b32000dd
:10ecf00000804000e1ef2b00e0190200020000005c
:10ed00001e0f400020c52200704090000004e0006b
:10ed10000700320020c5220070409000804078003b
:10ed2000f0b320001e0040000148780004003700c6
:10ed3000f0b320001e004000a1c7b30001487800d6
:10ed40001e0fe800f0b320001e0040008040eb00e2
:10ed5000014878000080fa00000006001400fa0064
:10ed600070079800010f98002257980003003700a1
:10ed70007e0090000000e800700798007e00900080
:10ed8000104078000004e0000a0032007e0090008d
:10ed90009040780000c2b30080cf5000f4ff3a00ea
:10eda000050037007e0090000000e8007007980022
:10edb00001003700000000007e00900090407800c5
:10edc00000c2b30080cf5000f6ff32007e009000fa
:10edd000104078000004e000900032000e80e8004f
:10ede000720020008000eb008e0d02000000000089
:10edf0000040eb00104f9800e90047000e80e8004b
:10ee0000630040008101780000017800f1c2b30086
:10ee10007e009000c61d0200020000000000e0001d
:10ee20007e0032001e4890000000fb000000e80059
:10ee3000fe0090000080400070079800e900470045
:10ee40006a0047008101780000017800f1c2b30038
:10ee50007e009000c61d0200020000000000e000dd
:10ee60006e0032002e489000604798001e489000c7
:10ee70000000fb000000e800fe0090000080400061
:10ee800070079800e90047000e80e8006600400027
:10ee9000810178000001780001c2b3007e0090007b
:10eea000c61d0200020000000000e0005b0032000e
:10eeb0001e4890000000fb00fe0090000080400013
:10eec00070079800030037007e0090000000e80003
:10eed000700798007e0090009040780000c2b30058
:10eee00080cf5000f8ff3200e90047000e80e800b4
:10eef0008101780000017800a1c3b3007e0090007a
:10ef0000c61d0200020000000000e00043003200c5
:10ef10001e4890000000fb000000e800fe0090008a
:10ef20000080400070079800e90047000e80e8006c
:10ef30000000e8008101780000017800a1c3b3005f
:10ef40007e009000c61d0200020000000000e000ec
:10ef5000320032001e4890000000fb000000e80074
:10ef6000fe0090000080400070079800e900470014
:10ef70000e80e8000080e800810178000001780040
:10ef800001c2b3007e009000c61d02000200000016
:10ef90000000e000210032002e5090000004e0004c
:10efa000060032005e409000204f98000e4890000e
:10efb000504798002e489000004f98006b00470083
:10efc000130020000001780081f02b007e009000eb
:10efd000592c07000000e000060032003e48900077
:10efe0008040780000cdb30000c04000204f980062
:10eff0000200370000c0eb00204f98002e48900020
:10f00000704798000e80e8004cda02000100000012
:10f01000e00421009ed90200010000002e50900063
:10f020000004e0003f003a00a002230010407800f6
:10f030000004e0003b003a00e00421009ed90200f9
:10f0400001000000d1f02b00f0b32000e019020015
:10f0500002000000000f78009e007800f0b320004e
:10f060000080400080007800e0042100a2ee07004c
:10f070000080fb001e0f40009e007800f0b32000cf
:10f080000080400081f02b00e01902000200000027
:10f090001e0f40009e007800f0b3200080804000ea
:10f0a000300521001040780012c0b3002eee02009f
:10f0b000010000001e0f40009e007800f0b3200009
:10f0c0000080400031f12b00e01902000200000036
:10f0d0001e0f40009e007800f0b3200080804000aa
:10f0e00030052100104078000000fb0012002000d5
:10f0f0000010dd000040780012c0b3002eee0200c8
:10f10000010000001e0f40009e007800f0b32000b8
:10f1100000804000a1f12b00e01902000200000075
:10f120001e0f40000080fa00000006001000fa00e8
:10f1300060079800710798006400470013002000e2
:10f1400000017800a1cb2b006e009000fa2b070085
:10f150000000e00005003200640047004eeb0200b2
:10f1600001000000004f7800020037000040eb0073
:10f17000004f7800c1f12b00f0b32000e01902002d
:10f1800002000000100798009e009000f0b32000dd
:10f19000008040000041eb00800078001e407800b5
:10f1a0002eee0200010000009e0090000080400052
:10f1b000100798001e4078000004e00007003200ad
:10f1c000a0d52000e1c1b3000148780000c5b3001c
:10f1d000c4fe02000100000003003700a0d520009b
:10f1e0008040eb00014878000080fa000000060033
:10f1f000ca00fa0030a7980041a798000040eb0031
:10f20000104798000040eb0040c799006900470094
:10f21000330020000001780081f22b003ea0900016
:10f22000c52b07000000e000080032009e48900057
:10f2300010c3b30080cf500004003a006f004700b5
:10f24000cea09000cf150700cc153700690047000d
:10f250004300200000017800f1f22b003ea0900056
:10f26000b52b07000000e0000800320069004700ed
:10f2700072f0020001000000018020008048780048
:10f2800000c5b300c4fe0200010000006900470091
:10f29000430020000001780041f32b003ea09000c5
:10f2a000a52b07000000e0000800320069004700bd
:10f2b00072f00200010000001180200080487800f8
:10f2c00000c5b300c4fe0200010000000040eb00d6
:10f2d000004f7800690047003300200000017800eb
:10f2e00091f32b003ea09000932b07000000e0005c
:10f2f00089033200690047004eeb02000100000064
:10f30000004f9800b0d52000104078000080fb002e
:10f310000000e8000000e00022003500b0d5200029
:10f32000104078000080fb008000e80040062000cc
:10f33000808f50001b003c009e489000b0c2b3007c
:10f3400080cf500017003a00b0d520001040780060
:10f350008040e800b0d52000014878000536230041
:10f3600024362300b3d5200012c0b300f1012000e1
:10f3700000cab30074d60200010000000536230065
:10f3800024362300b3d5200012c0b300f1012000c1
:10f3900000cab30084d702000100000010c0b3000f
:10f3a000004f7800b0d52000104078000080fb00ae
:10f3b0000000e9000000e00022003500b0d5200088
:10f3c000104078000080fb008000e900400620002b
:10f3d000808f50001b003c009e489000d0c2b300bc
:10f3e00080cf500017003a00b0d5200010407800c0
:10f3f0008040e900b0d520000148780005362300a0
:10f4000024362300b3d5200012c0b300f101200040
:10f4100000cab30074d602000100000005362300c4
:10f4200024362300b3d5200012c0b300f101200020
:10f4300000cab30084d702000100000010c0b3006e
:10f44000004f78008e48900040c6b30080cf500037
:10f4500039033e00b0d52000904078000e4890005f
:10f4600080cf5000340332009e489000b0c2b300f9
:10f4700080cf5000300332009e489000d0c2b300cd
:10f4800080cf50002c0332008e489000b0d5200071
:10f49000014878000536230024362300b3d5200028
:10f4a00012c0b300f101200000cab30074d60200fc
:10f4b000010000000536230024362300b3d52000c8
:10f4c00012c0b300f101200000cab30084d70200cb
:10f4d0000100000010c0b300004f78000040eb00b6
:10f4e000204798008e48900021479800ae40900039
:10f4f00020c5b30080cf5000fe013e002e4090009a
:10f500000004e00002003a00a0cbb30030c799002d
:10f510002e409000e14f500002003a0020cab30094
:10f5200030c799002e409000e24f500002003a0090
:10f5300000cab30030c799002e409000e34f50003e
:10f5400002003a00e0c9b30030c799002e40900095
:10f55000e44f500002003a00c0c9b30030c7990020
:10f560002e409000e54f500002003a00a0c9b300c1
:10f5700030c799002e409000e64f500002003a003c
:10f5800080c9b30030c799002e409000e74f50006b
:10f5900002003a0060c9b30030c799002e409000c5
:10f5a000e84f500002003a0040c9b30030c799004c
:10f5b0002e409000e94f500002003a0020c9b300ed
:10f5c00030c799002e409000ea4f500002003a00e8
:10f5d00000c9b30030c799002e409000eb4f500097
:10f5e00002003a00e0c8b30030c799002e409000f6
:10f5f000ec4f500002003a00c0c8b30030c7990079
:10f600002e409000ed4f500002003a00a0c8b30019
:10f6100030c799002e409000ee4f500002003a0093
:10f6200080c8b30030c799002e409000ef4f5000c3
:10f6300002003a0060c8b30030c799002e40900025
:10f64000f04f500002003a0040c8b30030c79900a4
:10f650002e409000f14f500002003a0020c8b30045
:10f6600030c799002e409000f24f500002003a003f
:10f6700000c8b30030c799002e409000f34f5000ef
:10f6800002003a00e0c7b30030c799002e40900056
:10f69000f44f500002003a00c0c7b30030c79900d1
:10f6a0002e409000f54f500002003a00a0c7b30072
:10f6b00030c799002e409000f64f500002003a00eb
:10f6c00080c7b30030c799002e409000f74f50001c
:10f6d00002003a0060c7b30030c799002e40900086
:10f6e000f84f500002003a0040c7b30030c79900fd
:10f6f0002e409000f94f500002003a0020c7b3009e
:10f7000030c799002e409000fa4f500002003a0096
:10f7100000c7b30030c799002e409000fb4f500047
:10f7200002003a00e0c6b30030c799002e409000b6
:10f73000fc4f500002003a00c0c6b30030c7990029
:10f740002e409000fd4f500002003a00a0c6b300ca
:10f7500030c799002e409000fe4f500002003a0042
:10f7600080c6b30030c799002e409000ff4f500074
:10f7700002003a0060c6b30030c79900ae40900066
:10f7800000c2b30080cf500002003a0040c6b30070
:10f7900030c79900ae40900010c2b30080cf500037
:10f7a00002003a0020c6b30030c79900ae40900076
:10f7b00020c2b30080cf500002003a0000c6b30060
:10f7c00030c79900ae40900030c2b30080cf5000e7
:10f7d00002003a00e0c5b30030c79900ae40900087
:10f7e00040c2b30080cf500002003a00c0c5b30051
:10f7f00030c79900ae40900050c2b30080cf500097
:10f8000002003a00a0c5b30030c79900ae40900096
:10f8100060c2b30080cf500002003a0080c5b30040
:10f8200030c79900ae40900070c2b30080cf500046
:10f8300002003a0060c5b30030c79900ae409000a6
:10f8400080c2b30080cf500002003a0040c5b30030
:10f8500030c79900ae40900090c2b30080cf5000f6
:10f8600002003a0020c5b30030c79900ae409000b6
:10f87000a0c2b30080cf500002003a0000c5b30020
:10f8800030c79900ae409000b0c2b30080cf5000a6
:10f8900002003a00e0c4b30030c79900ae409000c7
:10f8a000c0c2b30080cf500002003a00c0c4b30011
:10f8b00030c79900ae409000d0c2b30080cf500056
:10f8c00002003a00a0c4b30030c79900ae409000d7
:10f8d000e0c2b30080cf500002003a0080c4b30001
:10f8e00030c79900ae409000f0c2b30080cf500006
:10f8f00002003a0060c4b30030c79900ae409000e7
:10f9000000c3b30080cf500002003a0040c4b300ef
:10f9100030c79900ae40900010c3b30080cf5000b4
:10f9200002003a0020c4b30030c79900ae409000f6
:10f9300020c3b30080cf500002003a0000c4b300df
:10f9400030c79900ae40900030c3b30080cf500064
:10f9500002003a00e0c3b30030c79900ae40900007
:10f9600040c3b30080cf500002003a00c0c3b300d0
:10f9700030c79900ae40900050c3b30080cf500014
:10f9800002003a00a0c3b30030c79900ae40900017
:10f9900060c3b30080cf500002003a0080c3b300c0
:10f9a00030c79900ae40900070c3b30080cf5000c4
:10f9b00002003a0060c3b30030c79900ae40900027
:10f9c00080c3b30080cf500002003a0040c3b300b0
:10f9d00030c79900ae40900090c3b30080cf500074
:10f9e00002003a0020c3b30030c79900ae40900037
:10f9f000a0c3b30080cf500002003a0000c3b300a0
:10fa000030c79900ae409000b0c3b30080cf500023
:10fa100002003a00e0c2b30030c79900ae40900047
:10fa2000c0c3b30080cf500002003a00c0c2b30090
:10fa300030c79900ae409000d0c3b30080cf5000d3
:10fa400002003a00a0c2b30030c79900ae40900057
:10fa5000e0c3b30080cf500002003a0080c2b30080
:10fa600030c79900ae409000f0c3b30080cf500083
:10fa700002003a0060c2b30030c79900ae40900067
:10fa800000c4b30080cf500002003a0040c2b3006f
:10fa900030c79900ae40900010c4b30080cf500032
:10faa00002003a0020c2b30030c79900ae40900077
:10fab00020c4b30080cf500002003a0000c2b3005f
:10fac00030c79900ae40900030c4b30080cf5000e2
:10fad00002003a00e0c1b30030c79900ae40900088
:10fae00040c4b30080cf500002003a00c0c1b30050
:10faf00030c79900ae40900050c4b30080cf500092
:10fb000002003a00a0c1b30030c79900ae40900097
:10fb100060c4b30080cf500002003a0080c1b3003f
:10fb200030c79900ae40900070c4b30080cf500041
:10fb300002003a0060c1b30030c79900ae409000a7
:10fb400080c4b30080cf500002003a0040c1b3002f
:10fb500030c79900ae40900090c4b30080cf5000f1
:10fb600002003a0020c1b30030c79900ae409000b7
:10fb7000a0c4b30080cf500002003a0000c1b3001f
:10fb800030c79900ae409000b0c4b30080cf5000a1
:10fb900002003a00e0c0b30030c79900ae409000c8
:10fba000c0c4b30080cf500002003a00c0c0b30010
:10fbb00030c79900ae409000d0c4b30080cf500051
:10fbc00002003a00a0c0b30030c79900ae409000d8
:10fbd000e0c4b30080cf500002003a0080c0b30000
:10fbe00030c79900ae409000f0c4b30080cf500001
:10fbf00002003a0060c0b30030c79900ae409000e8
:10fc000000c5b30080cf500002003a0040c0b300ee
:10fc100030c79900ae40900010c5b30080cf5000af
:10fc200002003a0020c0b30030c79900ae409000f7
:10fc300020c5b30080cf500002003a000040eb0026
:10fc400030c799003ec09100dced020001000000c9
:10fc5000104798000040eb0040c79900300c20008e
:10fc60000e00400005362300243623008001780072
:10fc700012c0b300a140200000cab30074d6020035
:10fc800001000000053623002436230063d620003f
:10fc900012c0b300a140200000cab30084d7020004
:10fca00001000000400c20000e004000053623003b
:10fcb000243623008001780012c0b300e140200008
:10fcc00000cab30074d6020001000000053623000c
:10fcd00024362300a3d6200012c0b300e140200048
:10fce00000cab30084d702000100000010c0b300b6
:10fcf000004f7800ae40900020c5b30080cf500088
:10fd000054003600ae40900080c5b30080cf500054
:10fd100050003e00ae40900030c5b30080cf500090
:10fd200002003a00a0c0b30030c79900ae40900076
:10fd300040c5b30080cf500002003a0080c0b3003d
:10fd400030c79900ae40900050c5b30080cf50003e
:10fd500002003a0060c0b30030c79900ae40900086
:10fd600060c5b30080cf500002003a0040c0b3002d
:10fd700030c79900ae40900070c5b30080cf5000ee
:10fd800002003a0020c0b30030c79900ae40900096
:10fd900080c5b30080cf500002003a000040eb0065
:10fda00030c799003ec09100dced02000100000068
:10fdb0001047980000c2b30040c79900300c2000e3
:10fdc0000e00400005362300243623008001780011
:10fdd00012c0b300a140200000cab30074d60200d4
:10fde00001000000053623002436230063d62000de
:10fdf00012c0b300a140200000cab30084d70200a3
:10fe000001000000400c20000e00400005362300d9
:10fe1000243623008001780012c0b300e1402000a6
:10fe200000cab30074d602000100000005362300aa
:10fe300024362300a3d6200012c0b300e1402000e6
:10fe400000cab30084d702000100000010c0b30054
:10fe5000004f7800ae40900080c5b30080cf5000c6
:10fe600054003600ae409000e0c5b30080cf500093
:10fe700050003e00ae40900090c5b30080cf5000cf
:10fe800002003a00a0c0b30030c79900ae40900015
:10fe9000a0c5b30080cf500002003a0080c0b3007c
:10fea00030c79900ae409000b0c5b30080cf50007d
:10feb00002003a0060c0b30030c79900ae40900025
:10fec000c0c5b30080cf500002003a0040c0b3006c
:10fed00030c79900ae409000d0c5b30080cf50002d
:10fee00002003a0020c0b30030c79900ae40900035
:10fef000e0c5b30080cf500002003a000040eb00a4
:10ff000030c799003ec09100dced02000100000006
:10ff10001047980000c4b30040c79900300c20007f
:10ff20000e004000053623002436230080017800af
:10ff300012c0b300a140200000cab30074d6020072
:10ff400001000000053623002436230063d620007c
:10ff500012c0b300a140200000cab30084d7020041
:10ff600001000000400c20000e0040000536230078
:10ff7000243623008001780012c0b300e140200045
:10ff800000cab30074d60200010000000536230049
:10ff900024362300a3d6200012c0b300e140200085
:10ffa00000cab30084d702000100000010c0b300f3
:10ffb000004f7800ae409000e0c5b30080cf500005
:10ffc0005d003600ae40900040c6b30080cf5000c8
:10ffd00059003e00ae409000f0c5b30080cf500005
:10ffe00002003a00a0c0b30030c79900ae409000b4
:10fff00000c6b30080cf500002003a0080c0b300ba
:020000040001f9
:1000000030c79900ae40900010c6b30080cf5000ba
:1000100002003a0060c0b30030c79900ae409000c3
:1000200020c6b30080cf500002003a0040c0b300a9
:1000300030c79900ae40900030c6b30080cf50006a
:1000400002003a0020c0b30030c79900ae409000d3
:1000500040c6b30080cf500002003a000040eb00e1
:1000600030c799003ec09100dced020001000000a5
:100070001047980000c6b30040c79900300c20001c
:100080000e0040000536230024362300800178004e
:1000900012c0b300a140200000cab30074d6020011
:1000a00001000000053623002436230063d620001b
:1000b00012c0b300a140200000cab30084d70200e0
:1000c00001000000400c20000e0040000536230017
:1000d000243623008001780012c0b300e1402000e4
:1000e00000cab30074d602000100000005362300e8
:1000f00024362300a3d6200012c0b300e140200024
:1001000000cab30084d702000100000010c0b30091
:10011000004f7800080037000536230024362300fe
:10012000b3d5200012c0b300f101200000cab30013
:1001300084d702000100000069004700330020005e
:1001400000017800e1f32b003ea09000fa270700a1
:100150000000e00089033200690047004eeb020016
:1001600001000000004f9800d0d52000104078001a
:100170000080fb000000e8000000e00022003500e5
:10018000d0d52000104078000080fb008000e800ff
:1001900040062000808f50001b003c009e489000cd
:1001a000b0c2b30080cf500017003a00d0d5200075
:1001b000104078008040e800d0d520000148780049
:1001c0000536230024362300d3d5200012c0b30007
:1001d0001102200000cab30074d602000100000022
:1001e0000536230024362300d3d5200012c0b300e7
:1001f0001102200000cab30084d7020001000000f1
:1002000010c0b300004f7800d0d520001040780017
:100210000080fb000000e9000000e0002200350043
:10022000d0d52000104078000080fb008000e9005d
:1002300040062000808f50001b003c009e4890002c
:10024000d0c2b30080cf500017003a00d0d52000b4
:10025000104078008040e900d0d5200001487800a7
:100260000536230024362300d3d5200012c0b30066
:100270001102200000cab30074d602000100000081
:100280000536230024362300d3d5200012c0b30046
:100290001102200000cab30084d702000100000050
:1002a00010c0b300004f78008e48900040c6b300e5
:1002b00080cf500039033e00d0d520009040780018
:1002c0000e48900080cf5000340332009e489000ca
:1002d000b0c2b30080cf5000300332009e4890007f
:1002e000d0c2b30080cf50002c0332008e48900063
:1002f000d0d520000148780005362300243623009d
:10030000d3d5200012c0b3001102200000cab300f0
:1003100074d60200010000000536230024362300b5
:10032000d3d5200012c0b3001102200000cab300d0
:1003300084d702000100000010c0b300004f780015
:100340000040eb00304798008e48900031479800fd
:10035000be40900020c5b30080cf5000fe013e009b
:100360003e4090000004e00002003a00a0cbb30041
:1003700030c799003e409000e14f500002003a0023
:1003800020cab30030c799003e409000e24f5000b1
:1003900002003a0000cab30030c799003e40900006
:1003a000e34f500002003a00e0c9b30030c79900a3
:1003b0003e409000e44f500002003a00c0c9b30034
:1003c00030c799003e409000e54f500002003a00cf
:1003d000a0c9b30030c799003e409000e64f5000de
:1003e00002003a0080c9b30030c799003e40900037
:1003f000e74f500002003a0060c9b30030c79900cf
:100400003e409000e84f500002003a0040c9b3005f
:1004100030c799003e409000e94f500002003a007a
:1004200020c9b30030c799003e409000ea4f500009
:1004300002003a0000c9b30030c799003e40900066
:10044000eb4f500002003a00e0c8b30030c79900fb
:100450003e409000ec4f500002003a00c0c8b3008c
:1004600030c799003e409000ed4f500002003a0026
:10047000a0c8b30030c799003e409000ee4f500036
:1004800002003a0080c8b30030c799003e40900097
:10049000ef4f500002003a0060c8b30030c7990027
:1004a0003e409000f04f500002003a0040c8b300b8
:1004b00030c799003e409000f14f500002003a00d2
:1004c00020c8b30030c799003e409000f24f500062
:1004d00002003a0000c8b30030c799003e409000c7
:1004e000f34f500002003a00e0c7b30030c7990054
:1004f0003e409000f44f500002003a00c0c7b300e5
:1005000030c799003e409000f54f500002003a007d
:10051000a0c7b30030c799003e409000f64f50008e
:1005200002003a0080c7b30030c799003e409000f7
:10053000f74f500002003a0060c7b30030c799007f
:100540003e409000f84f500002003a0040c7b30010
:1005500030c799003e409000f94f500002003a0029
:1005600020c7b30030c799003e409000fa4f5000ba
:1005700002003a0000c7b30030c799003e40900027
:10058000fb4f500002003a00e0c6b30030c79900ac
:100590003e409000fc4f500002003a00c0c6b3003d
:1005a00030c799003e409000fd4f500002003a00d5
:1005b000a0c6b30030c799003e409000fe4f5000e7
:1005c00002003a0080c6b30030c799003e40900058
:1005d000ff4f500002003a0060c6b30030c79900d8
:1005e000be40900000c2b30080cf500002003a002d
:1005f00040c6b30030c79900be40900010c2b3009f
:1006000080cf500002003a0020c6b30030c79900e6
:10061000be40900020c2b30080cf500002003a00dc
:1006200000c6b30030c79900be40900030c2b3008e
:1006300080cf500002003a00e0c5b30030c79900f7
:10064000be40900040c2b30080cf500002003a008c
:10065000c0c5b30030c79900be40900050c2b3007f
:1006600080cf500002003a00a0c5b30030c7990007
:10067000be40900060c2b30080cf500002003a003c
:1006800080c5b30030c79900be40900070c2b3006f
:1006900080cf500002003a0060c5b30030c7990017
:1006a000be40900080c2b30080cf500002003a00ec
:1006b00040c5b30030c79900be40900090c2b3005f
:1006c00080cf500002003a0020c5b30030c7990027
:1006d000be409000a0c2b30080cf500002003a009c
:1006e00000c5b30030c79900be409000b0c2b3004f
:1006f00080cf500002003a00e0c4b30030c7990038
:10070000be409000c0c2b30080cf500002003a004b
:10071000c0c4b30030c79900be409000d0c2b3003f
:1007200080cf500002003a00a0c4b30030c7990047
:10073000be409000e0c2b30080cf500002003a00fb
:1007400080c4b30030c79900be409000f0c2b3002f
:1007500080cf500002003a0060c4b30030c7990057
:10076000be40900000c3b30080cf500002003a00aa
:1007700040c4b30030c79900be40900010c3b3001e
:1007800080cf500002003a0020c4b30030c7990067
:10079000be40900020c3b30080cf500002003a005a
:1007a00000c4b30030c79900be40900030c3b3000e
:1007b00080cf500002003a00e0c3b30030c7990078
:1007c000be40900040c3b30080cf500002003a000a
:1007d000c0c3b30030c79900be40900050c3b300ff
:1007e00080cf500002003a00a0c3b30030c7990088
:1007f000be40900060c3b30080cf500002003a00ba
:1008000080c3b30030c79900be40900070c3b300ee
:1008100080cf500002003a0060c3b30030c7990097
:10082000be40900080c3b30080cf500002003a0069
:1008300040c3b30030c79900be40900090c3b300de
:1008400080cf500002003a0020c3b30030c79900a7
:10085000be409000a0c3b30080cf500002003a0019
:1008600000c3b30030c79900be409000b0c3b300ce
:1008700080cf500002003a00e0c2b30030c79900b8
:10088000be409000c0c3b30080cf500002003a00c9
:10089000c0c2b30030c79900be409000d0c3b300bf
:1008a00080cf500002003a00a0c2b30030c79900c8
:1008b000be409000e0c3b30080cf500002003a0079
:1008c00080c2b30030c79900be409000f0c3b300af
:1008d00080cf500002003a0060c2b30030c79900d8
:1008e000be40900000c4b30080cf500002003a0028
:1008f00040c2b30030c79900be40900010c4b3009e
:1009000080cf500002003a0020c2b30030c79900e7
:10091000be40900020c4b30080cf500002003a00d7
:1009200000c2b30030c79900be40900030c4b3008d
:1009300080cf500002003a00e0c1b30030c79900f8
:10094000be40900040c4b30080cf500002003a0087
:10095000c0c1b30030c79900be40900050c4b3007e
:1009600080cf500002003a00a0c1b30030c7990008
:10097000be40900060c4b30080cf500002003a0037
:1009800080c1b30030c79900be40900070c4b3006e
:1009900080cf500002003a0060c1b30030c7990018
:1009a000be40900080c4b30080cf500002003a00e7
:1009b00040c1b30030c79900be40900090c4b3005e
:1009c00080cf500002003a0020c1b30030c7990028
:1009d000be409000a0c4b30080cf500002003a0097
:1009e00000c1b30030c79900be409000b0c4b3004e
:1009f00080cf500002003a00e0c0b30030c7990039
:100a0000be409000c0c4b30080cf500002003a0046
:100a1000c0c0b30030c79900be409000d0c4b3003e
:100a200080cf500002003a00a0c0b30030c7990048
:100a3000be409000e0c4b30080cf500002003a00f6
:100a400080c0b30030c79900be409000f0c4b3002e
:100a500080cf500002003a0060c0b30030c7990058
:100a6000be40900000c5b30080cf500002003a00a5
:100a700040c0b30030c79900be40900010c5b3001d
:100a800080cf500002003a0020c0b30030c7990068
:100a9000be40900020c5b30080cf500002003a0055
:100aa0000040eb0030c799003ec09100dced020031
:100ab00001000000104798000040eb0040c799007b
:100ac000300c20000e0040000536230024362300a1
:100ad0008001780012c0b300c140200000cab300fa
:100ae00074d60200010000000536230024362300de
:100af00083d6200012c0b300c140200000cab3005a
:100b000084d7020001000000400c20000e004000cd
:100b100005362300243623008001780012c0b3007c
:100b20000141200000cab30074d602000100000099
:100b30000536230024362300c3d6200012c0b3009c
:100b40000141200000cab30084d702000100000068
:100b500010c0b300004f7800be40900020c5b30025
:100b600080cf500054003600be40900080c5b300d6
:100b700080cf500050003e00be40900030c5b30012
:100b800080cf500002003a00a0c0b30030c79900e7
:100b9000be40900040c5b30080cf500002003a0034
:100ba00080c0b30030c79900be40900050c5b3006c
:100bb00080cf500002003a0060c0b30030c79900f7
:100bc000be40900060c5b30080cf500002003a00e4
:100bd00040c0b30030c79900be40900070c5b3005c
:100be00080cf500002003a0020c0b30030c7990007
:100bf000be40900080c5b30080cf500002003a0094
:100c00000040eb0030c799003ec09100dced0200cf
:100c1000010000001047980000c2b30040c79900cf
:100c2000300c20000e00400005362300243623003f
:100c30008001780012c0b300c140200000cab30098
:100c400074d602000100000005362300243623007c
:100c500083d6200012c0b300c140200000cab300f8
:100c600084d7020001000000400c20000e0040006c
:100c700005362300243623008001780012c0b3001b
:100c80000141200000cab30074d602000100000038
:100c90000536230024362300c3d6200012c0b3003b
:100ca0000141200000cab30084d702000100000007
:100cb00010c0b300004f7800be40900080c5b30064
:100cc00080cf500054003600be409000e0c5b30015
:100cd00080cf500050003e00be40900090c5b30051
:100ce00080cf500002003a00a0c0b30030c7990086
:100cf000be409000a0c5b30080cf500002003a0073
:100d000080c0b30030c79900be409000b0c5b300aa
:100d100080cf500002003a0060c0b30030c7990095
:100d2000be409000c0c5b30080cf500002003a0022
:100d300040c0b30030c79900be409000d0c5b3009a
:100d400080cf500002003a0020c0b30030c79900a5
:100d5000be409000e0c5b30080cf500002003a00d2
:100d60000040eb0030c799003ec09100dced02006e
:100d7000010000001047980000c4b30040c799006c
:100d8000300c20000e0040000536230024362300de
:100d90008001780012c0b300c140200000cab30037
:100da00074d602000100000005362300243623001b
:100db00083d6200012c0b300c140200000cab30097
:100dc00084d7020001000000400c20000e0040000b
:100dd00005362300243623008001780012c0b300ba
:100de0000141200000cab30074d6020001000000d7
:100df0000536230024362300c3d6200012c0b300da
:100e00000141200000cab30084d7020001000000a5
:100e100010c0b300004f7800be409000e0c5b300a2
:100e200080cf50005d003600be40900040c6b30049
:100e300080cf500059003e00be409000f0c5b30086
:100e400080cf500002003a00a0c0b30030c7990024
:100e5000be40900000c6b30080cf500002003a00b0
:100e600080c0b30030c79900be40900010c6b300e8
:100e700080cf500002003a0060c0b30030c7990034
:100e8000be40900020c6b30080cf500002003a0060
:100e900040c0b30030c79900be40900030c6b300d8
:100ea00080cf500002003a0020c0b30030c7990044
:100eb000be40900040c6b30080cf500002003a0010
:100ec0000040eb0030c799003ec09100dced02000d
:100ed000010000001047980000c6b30040c7990009
:100ee000300c20000e00400005362300243623007d
:100ef0008001780012c0b300c140200000cab300d6
:100f000074d60200010000000536230024362300b9
:100f100083d6200012c0b300c140200000cab30035
:100f200084d7020001000000400c20000e004000a9
:100f300005362300243623008001780012c0b30058
:100f40000141200000cab30074d602000100000075
:100f50000536230024362300c3d6200012c0b30078
:100f60000141200000cab30084d702000100000044
:100f700010c0b300004f780008003700053623008a
:100f800024362300d3d5200012c0b3001102200064
:100f900000cab30084d702000100000069004700c6
:100fa000330020000001780041f42b003ea09000a7
:100fb000612407000000e0007c0332006900470064
:100fc0004eeb020001000000004f9800f0d5200019
:100fd000104078000080fb000000e8000000e00006
:100fe00022003500f0d52000104078000080fb0082
:100ff0008000e80040062000808f50001b003c006d
:101000009e489000b0c2b30080cf500017003a0055
:10101000f0d52000104078008040e800f0d5200096
:10102000014878000536230024362300f3d520003c
:1010300012c0b3003102200000cab30074d602000f
:10104000010000000536230024362300f3d52000dc
:1010500012c0b3003102200000cab30084d70200de
:101060000100000010c0b300004f7800f0d5200050
:10107000104078000080fb000000e9000000e00064
:1010800022003500f0d52000104078000080fb00e1
:101090008000e90040062000808f50001b003c00cb
:1010a0009e489000d0c2b30080cf500017003a0095
:1010b000f0d52000104078008040e900f0d52000f5
:1010c000014878000536230024362300f3d520009c
:1010d00012c0b3003102200000cab30074d602006f
:1010e000010000000536230024362300f3d520003c
:1010f00012c0b3003102200000cab30084d702003e
:101100000100000010c0b300004f7800f0d52000af
:10111000904078000e48900080cf500023033200aa
:101120009e489000b0c2b30080cf50001f03320031
:101130009e489000d0c2b30080cf50001b03320005
:101140008e489000f0d52000014878000536230035
:1011500024362300f3d5200012c0b3003102200052
:1011600000cab30074d602000100000010c0b30032
:10117000004f78000040eb00404798008e489000f8
:1011800041479800ce40900020c5b30080cf50006a
:10119000fe013e004e4090000004e00002003a00d4
:1011a000a0cbb30030c799004e409000e14f5000f3
:1011b00002003a0020cab30030c799004e409000a8
:1011c000e24f500002003a0000cab30030c7990055
:1011d0004e409000e34f500002003a00e0c9b300d7
:1011e00030c799004e409000e44f500002003a0092
:1011f000c0c9b30030c799004e409000e54f500081
:1012000002003a00a0c9b30030c799004e409000d8
:10121000e64f500002003a0080c9b30030c7990081
:101220004e409000e74f500002003a0060c9b30002
:1012300030c799004e409000e84f500002003a003d
:1012400040c9b30030c799004e409000e94f5000ac
:1012500002003a0020c9b30030c799004e40900008
:10126000ea4f500002003a0000c9b30030c79900ad
:101270004e409000eb4f500002003a00e0c8b3002f
:1012800030c799004e409000ec4f500002003a00e9
:10129000c0c8b30030c799004e409000ed4f5000d9
:1012a00002003a00a0c8b30030c799004e40900039
:1012b000ee4f500002003a0080c8b30030c79900da
:1012c0004e409000ef4f500002003a0060c8b3005b
:1012d00030c799004e409000f04f500002003a0095
:1012e00040c8b30030c799004e409000f14f500005
:1012f00002003a0020c8b30030c799004e40900069
:10130000f24f500002003a0000c8b30030c7990005
:101310004e409000f34f500002003a00e0c7b30087
:1013200030c799004e409000f44f500002003a0040
:10133000c0c7b30030c799004e409000f54f500031
:1013400002003a00a0c7b30030c799004e40900099
:10135000f64f500002003a0080c7b30030c7990032
:101360004e409000f74f500002003a0060c7b300b3
:1013700030c799004e409000f84f500002003a00ec
:1013800040c7b30030c799004e409000f94f50005d
:1013900002003a0020c7b30030c799004e409000c9
:1013a000fa4f500002003a0000c7b30030c799005e
:1013b0004e409000fb4f500002003a00e0c6b300e0
:1013c00030c799004e409000fc4f500002003a0098
:1013d000c0c6b30030c799004e409000fd4f50008a
:1013e00002003a00a0c6b30030c799004e409000fa
:1013f000fe4f500002003a0080c6b30030c799008b
:101400004e409000ff4f500002003a0060c6b3000b
:1014100030c79900ce40900000c2b30080cf50008a
:1014200002003a0040c6b30030c79900ce40900099
:1014300010c2b30080cf500002003a0020c6b300b3
:1014400030c79900ce40900020c2b30080cf50003a
:1014500002003a0000c6b30030c79900ce409000a9
:1014600030c2b30080cf500002003a00e0c5b300a4
:1014700030c79900ce40900040c2b30080cf5000ea
:1014800002003a00c0c5b30030c79900ce409000ba
:1014900050c2b30080cf500002003a00a0c5b30094
:1014a00030c79900ce40900060c2b30080cf50009a
:1014b00002003a0080c5b30030c79900ce409000ca
:1014c00070c2b30080cf500002003a0060c5b30084
:1014d00030c79900ce40900080c2b30080cf50004a
:1014e00002003a0040c5b30030c79900ce409000da
:1014f00090c2b30080cf500002003a0020c5b30074
:1015000030c79900ce409000a0c2b30080cf5000f9
:1015100002003a0000c5b30030c79900ce409000e9
:10152000b0c2b30080cf500002003a00e0c4b30064
:1015300030c79900ce409000c0c2b30080cf5000a9
:1015400002003a00c0c4b30030c79900ce409000fa
:10155000d0c2b30080cf500002003a00a0c4b30054
:1015600030c79900ce409000e0c2b30080cf500059
:1015700002003a0080c4b30030c79900ce4090000a
:10158000f0c2b30080cf500002003a0060c4b30044
:1015900030c79900ce40900000c3b30080cf500008
:1015a00002003a0040c4b30030c79900ce4090001a
:1015b00010c3b30080cf500002003a0020c4b30033
:1015c00030c79900ce40900020c3b30080cf5000b8
:1015d00002003a0000c4b30030c79900ce4090002a
:1015e00030c3b30080cf500002003a00e0c3b30024
:1015f00030c79900ce40900040c3b30080cf500068
:1016000002003a00c0c3b30030c79900ce4090003a
:1016100050c3b30080cf500002003a00a0c3b30013
:1016200030c79900ce40900060c3b30080cf500017
:1016300002003a0080c3b30030c79900ce4090004a
:1016400070c3b30080cf500002003a0060c3b30003
:1016500030c79900ce40900080c3b30080cf5000c7
:1016600002003a0040c3b30030c79900ce4090005a
:1016700090c3b30080cf500002003a0020c3b300f3
:1016800030c79900ce409000a0c3b30080cf500077
:1016900002003a0000c3b30030c79900ce4090006a
:1016a000b0c3b30080cf500002003a00e0c2b300e4
:1016b00030c79900ce409000c0c3b30080cf500027
:1016c00002003a00c0c2b30030c79900ce4090007b
:1016d000d0c3b30080cf500002003a00a0c2b300d4
:1016e00030c79900ce409000e0c3b30080cf5000d7
:1016f00002003a0080c2b30030c79900ce4090008b
:10170000f0c3b30080cf500002003a0060c2b300c3
:1017100030c79900ce40900000c4b30080cf500085
:1017200002003a0040c2b30030c79900ce4090009a
:1017300010c4b30080cf500002003a0020c2b300b2
:1017400030c79900ce40900020c4b30080cf500035
:1017500002003a0000c2b30030c79900ce409000aa
:1017600030c4b30080cf500002003a00e0c1b300a3
:1017700030c79900ce40900040c4b30080cf5000e5
:1017800002003a00c0c1b30030c79900ce409000bb
:1017900050c4b30080cf500002003a00a0c1b30093
:1017a00030c79900ce40900060c4b30080cf500095
:1017b00002003a0080c1b30030c79900ce409000cb
:1017c00070c4b30080cf500002003a0060c1b30083
:1017d00030c79900ce40900080c4b30080cf500045
:1017e00002003a0040c1b30030c79900ce409000db
:1017f00090c4b30080cf500002003a0020c1b30073
:1018000030c79900ce409000a0c4b30080cf5000f4
:1018100002003a0000c1b30030c79900ce409000ea
:10182000b0c4b30080cf500002003a00e0c0b30063
:1018300030c79900ce409000c0c4b30080cf5000a4
:1018400002003a00c0c0b30030c79900ce409000fb
:10185000d0c4b30080cf500002003a00a0c0b30053
:1018600030c79900ce409000e0c4b30080cf500054
:1018700002003a0080c0b30030c79900ce4090000b
:10188000f0c4b30080cf500002003a0060c0b30043
:1018900030c79900ce40900000c5b30080cf500003
:1018a00002003a0040c0b30030c79900ce4090001b
:1018b00010c5b30080cf500002003a0020c0b30032
:1018c00030c79900ce40900020c5b30080cf5000b3
:1018d00002003a000040eb0030c799003ec0910082
:1018e000dced020001000000104798000040eb0012
:1018f00040c79900300c20000e0040000536230040
:10190000243623008001780012c0b30091402000eb
:1019100000cab30074d6020001000000053623009f
:101920002436230053d6200012c0b300914020007b
:1019300000cab30084d7020001000000400c200060
:101940000e00400005362300243623008001780075
:1019500012c0b300d140200000cab30074d6020008
:1019600001000000053623002436230093d6200012
:1019700012c0b300d140200000cab30084d70200d7
:101980000100000010c0b300004f7800ce4090006e
:1019900020c5b30080cf500054003600ce409000e8
:1019a00080c5b30080cf500050003e00ce40900074
:1019b00030c5b30080cf500002003a00a0c0b30091
:1019c00030c79900ce40900040c5b30080cf500092
:1019d00002003a0080c0b30030c79900ce409000aa
:1019e00050c5b30080cf500002003a0060c0b30081
:1019f00030c79900ce40900060c5b30080cf500042
:101a000002003a0040c0b30030c79900ce409000b9
:101a100070c5b30080cf500002003a0020c0b30070
:101a200030c79900ce40900080c5b30080cf5000f1
:101a300002003a000040eb0030c799003ec0910020
:101a4000dced0200010000001047980000c2b30066
:101a500040c79900300c20000e00400005362300de
:101a6000243623008001780012c0b300914020008a
:101a700000cab30074d6020001000000053623003e
:101a80002436230053d6200012c0b300914020001a
:101a900000cab30084d7020001000000400c2000ff
:101aa0000e00400005362300243623008001780014
:101ab00012c0b300d140200000cab30074d60200a7
:101ac00001000000053623002436230093d62000b1
:101ad00012c0b300d140200000cab30084d7020076
:101ae0000100000010c0b300004f7800ce4090000d
:101af00080c5b30080cf500054003600ce40900027
:101b0000e0c5b30080cf500050003e00ce409000b2
:101b100090c5b30080cf500002003a00a0c0b300cf
:101b200030c79900ce409000a0c5b30080cf5000d0
:101b300002003a0080c0b30030c79900ce40900048
:101b4000b0c5b30080cf500002003a0060c0b300bf
:101b500030c79900ce409000c0c5b30080cf500080
:101b600002003a0040c0b30030c79900ce40900058
:101b7000d0c5b30080cf500002003a0020c0b300af
:101b800030c79900ce409000e0c5b30080cf500030
:101b900002003a000040eb0030c799003ec09100bf
:101ba000dced0200010000001047980000c4b30003
:101bb00040c79900300c20000e004000053623007d
:101bc000243623008001780012c0b3009140200029
:101bd00000cab30074d602000100000005362300dd
:101be0002436230053d6200012c0b30091402000b9
:101bf00000cab30084d7020001000000400c20009e
:101c00000e004000053623002436230080017800b2
:101c100012c0b300d140200000cab30074d6020045
:101c200001000000053623002436230093d620004f
:101c300012c0b300d140200000cab30084d7020014
:101c40000100000010c0b300004f7800ce409000ab
:101c5000e0c5b30080cf500054003600ce40900065
:101c600040c6b30080cf500050003e00ce409000f0
:101c7000f0c5b30080cf500002003a00a0c0b3000e
:101c800030c79900ce40900000c6b30080cf50000e
:101c900002003a0080c0b30030c79900ce409000e7
:101ca00010c6b30080cf500002003a0060c0b300fd
:101cb00030c79900ce40900020c6b30080cf5000be
:101cc00002003a0040c0b30030c79900ce409000f7
:101cd00030c6b30080cf500002003a0020c0b300ed
:101ce00030c79900ce40900040c6b30080cf50006e
:101cf00002003a000040eb0030c799003ec091005e
:101d0000dced0200010000001047980000c6b3009f
:101d100040c79900300c20000e004000053623001b
:101d2000243623008001780012c0b30091402000c7
:101d300000cab30074d6020001000000053623007b
:101d40002436230053d6200012c0b3009140200057
:101d500000cab30084d7020001000000400c20003c
:101d60000e00400005362300243623008001780051
:101d700012c0b300d140200000cab30074d60200e4
:101d800001000000053623002436230093d62000ee
:101d900012c0b300d140200000cab30084d70200b3
:101da0000100000010c0b300004f7800053623008a
:101db00024362300f3d5200012c0b30031022000e6
:101dc00000cab30084d70200010000006900470088
:101dd000330020000001780091f42b003ea0900019
:101de000d52007000000e0008403320069004700ae
:101df0004eeb020001000000004f980040d620008a
:101e0000104078000080fb000000e8000000e000c7
:101e10002200350040d62000104078000080fb00f2
:101e20008000e80040062000808f50001b003c002e
:101e30009e489000b0c2b30080cf500017003a0017
:101e400040d62000104078008040e80040d62000b6
:101e500001487800053623002436230043d62000ad
:101e600012c0b3008140200000cab30074d6020043
:101e700001000000053623002436230043d620004d
:101e800012c0b3008140200000cab30084d7020012
:101e90000100000010c0b300004f780040d62000c1
:101ea000104078000080fb000000e9000000e00026
:101eb0002200350040d62000104078000080fb0052
:101ec0008000e90040062000808f50001b003c008d
:101ed0009e489000d0c2b30080cf500017003a0057
:101ee00040d62000104078008040e90040d6200015
:101ef00001487800053623002436230043d620000d
:101f000012c0b3008140200000cab30074d60200a2
:101f100001000000053623002436230043d62000ac
:101f200012c0b3008140200000cab30084d7020071
:101f30000100000010c0b300004f780040d6200020
:101f4000904078000e48900080cf50002b03320064
:101f50009e489000b0c2b30080cf500027033200eb
:101f60009e489000d0c2b30080cf500023033200bf
:101f70008e48900040d620000148780005362300a6
:101f80002436230043d6200012c0b3008140200035
:101f900000cab30074d60200010000000536230019
:101fa0002436230043d6200012c0b3008140200015
:101fb00000cab30084d702000100000010c0b300c3
:101fc000004f78000040eb00504798008e4890008a
:101fd00051479800de40900020c5b30080cf5000ec
:101fe000fe013e005e4090000004e00002003a0066
:101ff000a0cbb30030c799005e409000e14f500085
:1020000002003a0020cab30030c799005e40900039
:10201000e24f500002003a0000cab30030c79900f6
:102020005e409000e34f500002003a00e0c9b30068
:1020300030c799005e409000e44f500002003a0023
:10204000c0c9b30030c799005e409000e54f500012
:1020500002003a00a0c9b30030c799005e4090006a
:10206000e64f500002003a0080c9b30030c7990023
:102070005e409000e74f500002003a0060c9b30094
:1020800030c799005e409000e84f500002003a00cf
:1020900040c9b30030c799005e409000e94f50003e
:1020a00002003a0020c9b30030c799005e4090009a
:1020b000ea4f500002003a0000c9b30030c799004f
:1020c0005e409000eb4f500002003a00e0c8b300c1
:1020d00030c799005e409000ec4f500002003a007b
:1020e000c0c8b30030c799005e409000ed4f50006b
:1020f00002003a00a0c8b30030c799005e409000cb
:10210000ee4f500002003a0080c8b30030c799007b
:102110005e409000ef4f500002003a0060c8b300ec
:1021200030c799005e409000f04f500002003a0026
:1021300040c8b30030c799005e409000f14f500096
:1021400002003a0020c8b30030c799005e409000fa
:10215000f24f500002003a0000c8b30030c79900a7
:102160005e409000f34f500002003a00e0c7b30019
:1021700030c799005e409000f44f500002003a00d2
:10218000c0c7b30030c799005e409000f54f5000c3
:1021900002003a00a0c7b30030c799005e4090002b
:1021a000f64f500002003a0080c7b30030c79900d4
:1021b0005e409000f74f500002003a0060c7b30045
:1021c00030c799005e409000f84f500002003a007e
:1021d00040c7b30030c799005e409000f94f5000ef
:1021e00002003a0020c7b30030c799005e4090005b
:1021f000fa4f500002003a0000c7b30030c7990000
:102200005e409000fb4f500002003a00e0c6b30071
:1022100030c799005e409000fc4f500002003a0029
:10222000c0c6b30030c799005e409000fd4f50001b
:1022300002003a00a0c6b30030c799005e4090008b
:10224000fe4f500002003a0080c6b30030c799002c
:102250005e409000ff4f500002003a0060c6b3009d
:1022600030c79900de40900000c2b30080cf50001c
:1022700002003a0040c6b30030c79900de4090002b
:1022800010c2b30080cf500002003a0020c6b30055
:1022900030c79900de40900020c2b30080cf5000cc
:1022a00002003a0000c6b30030c79900de4090003b
:1022b00030c2b30080cf500002003a00e0c5b30046
:1022c00030c79900de40900040c2b30080cf50007c
:1022d00002003a00c0c5b30030c79900de4090004c
:1022e00050c2b30080cf500002003a00a0c5b30036
:1022f00030c79900de40900060c2b30080cf50002c
:1023000002003a0080c5b30030c79900de4090005b
:1023100070c2b30080cf500002003a0060c5b30025
:1023200030c79900de40900080c2b30080cf5000db
:1023300002003a0040c5b30030c79900de4090006b
:1023400090c2b30080cf500002003a0020c5b30015
:1023500030c79900de409000a0c2b30080cf50008b
:1023600002003a0000c5b30030c79900de4090007b
:10237000b0c2b30080cf500002003a00e0c4b30006
:1023800030c79900de409000c0c2b30080cf50003b
:1023900002003a00c0c4b30030c79900de4090008c
:1023a000d0c2b30080cf500002003a00a0c4b300f6
:1023b00030c79900de409000e0c2b30080cf5000eb
:1023c00002003a0080c4b30030c79900de4090009c
:1023d000f0c2b30080cf500002003a0060c4b300e6
:1023e00030c79900de40900000c3b30080cf50009a
:1023f00002003a0040c4b30030c79900de409000ac
:1024000010c3b30080cf500002003a0020c4b300d4
:1024100030c79900de40900020c3b30080cf500049
:1024200002003a0000c4b30030c79900de409000bb
:1024300030c3b30080cf500002003a00e0c3b300c5
:1024400030c79900de40900040c3b30080cf5000f9
:1024500002003a00c0c3b30030c79900de409000cc
:1024600050c3b30080cf500002003a00a0c3b300b5
:1024700030c79900de40900060c3b30080cf5000a9
:1024800002003a0080c3b30030c79900de409000dc
:1024900070c3b30080cf500002003a0060c3b300a5
:1024a00030c79900de40900080c3b30080cf500059
:1024b00002003a0040c3b30030c79900de409000ec
:1024c00090c3b30080cf500002003a0020c3b30095
:1024d00030c79900de409000a0c3b30080cf500009
:1024e00002003a0000c3b30030c79900de409000fc
:1024f000b0c3b30080cf500002003a00e0c2b30086
:1025000030c79900de409000c0c3b30080cf5000b8
:1025100002003a00c0c2b30030c79900de4090000c
:10252000d0c3b30080cf500002003a00a0c2b30075
:1025300030c79900de409000e0c3b30080cf500068
:1025400002003a0080c2b30030c79900de4090001c
:10255000f0c3b30080cf500002003a0060c2b30065
:1025600030c79900de40900000c4b30080cf500017
:1025700002003a0040c2b30030c79900de4090002c
:1025800010c4b30080cf500002003a0020c2b30054
:1025900030c79900de40900020c4b30080cf5000c7
:1025a00002003a0000c2b30030c79900de4090003c
:1025b00030c4b30080cf500002003a00e0c1b30045
:1025c00030c79900de40900040c4b30080cf500077
:1025d00002003a00c0c1b30030c79900de4090004d
:1025e00050c4b30080cf500002003a00a0c1b30035
:1025f00030c79900de40900060c4b30080cf500027
:1026000002003a0080c1b30030c79900de4090005c
:1026100070c4b30080cf500002003a0060c1b30024
:1026200030c79900de40900080c4b30080cf5000d6
:1026300002003a0040c1b30030c79900de4090006c
:1026400090c4b30080cf500002003a0020c1b30014
:1026500030c79900de409000a0c4b30080cf500086
:1026600002003a0000c1b30030c79900de4090007c
:10267000b0c4b30080cf500002003a00e0c0b30005
:1026800030c79900de409000c0c4b30080cf500036
:1026900002003a00c0c0b30030c79900de4090008d
:1026a000d0c4b30080cf500002003a00a0c0b300f5
:1026b00030c79900de409000e0c4b30080cf5000e6
:1026c00002003a0080c0b30030c79900de4090009d
:1026d000f0c4b30080cf500002003a0060c0b300e5
:1026e00030c79900de40900000c5b30080cf500095
:1026f00002003a0040c0b30030c79900de409000ad
:1027000010c5b30080cf500002003a0020c0b300d3
:1027100030c79900de40900020c5b30080cf500044
:1027200002003a000040eb0030c799003ec0910023
:10273000dced020001000000104798000040eb00b3
:1027400040c79900300c20000e00400005362300e1
:10275000243623008001780012c0b300b14020006d
:1027600000cab30074d60200010000000536230041
:102770002436230073d6200012c0b300b1402000dd
:1027800000cab30084d7020001000000400c200002
:102790000e00400005362300243623008001780017
:1027a00012c0b300f140200000cab30074d602008a
:1027b000010000000536230024362300b3d6200094
:1027c00012c0b300f140200000cab30084d7020059
:1027d0000100000010c0b300004f7800de40900000
:1027e00020c5b30080cf500054003600de4090007a
:1027f00080c5b30080cf500050003e00de40900006
:1028000030c5b30080cf500002003a00a0c0b30032
:1028100030c79900de40900040c5b30080cf500023
:1028200002003a0080c0b30030c79900de4090003b
:1028300050c5b30080cf500002003a0060c0b30022
:1028400030c79900de40900060c5b30080cf5000d3
:1028500002003a0040c0b30030c79900de4090004b
:1028600070c5b30080cf500002003a0020c0b30012
:1028700030c79900de40900080c5b30080cf500083
:1028800002003a000040eb0030c799003ec09100c2
:10289000dced0200010000001047980000c2b30008
:1028a00040c79900300c20000e0040000536230080
:1028b000243623008001780012c0b300b14020000c
:1028c00000cab30074d602000100000005362300e0
:1028d0002436230073d6200012c0b300b14020007c
:1028e00000cab30084d7020001000000400c2000a1
:1028f0000e004000053623002436230080017800b6
:1029000012c0b300f140200000cab30074d6020028
:10291000010000000536230024362300b3d6200032
:1029200012c0b300f140200000cab30084d70200f7
:102930000100000010c0b300004f7800de4090009e
:1029400080c5b30080cf500054003600de409000b8
:10295000e0c5b30080cf500050003e00de40900044
:1029600090c5b30080cf500002003a00a0c0b30071
:1029700030c79900de409000a0c5b30080cf500062
:1029800002003a0080c0b30030c79900de409000da
:10299000b0c5b30080cf500002003a0060c0b30061
:1029a00030c79900de409000c0c5b30080cf500012
:1029b00002003a0040c0b30030c79900de409000ea
:1029c000d0c5b30080cf500002003a0020c0b30051
:1029d00030c79900de409000e0c5b30080cf5000c2
:1029e00002003a000040eb0030c799003ec0910061
:1029f000dced0200010000001047980000c4b300a5
:102a000040c79900300c20000e004000053623001e
:102a1000243623008001780012c0b300b1402000aa
:102a200000cab30074d6020001000000053623007e
:102a30002436230073d6200012c0b300b14020001a
:102a400000cab30084d7020001000000400c20003f
:102a50000e00400005362300243623008001780054
:102a600012c0b300f140200000cab30074d60200c7
:102a7000010000000536230024362300b3d62000d1
:102a800012c0b300f140200000cab30084d7020096
:102a90000100000010c0b300004f7800de4090003d
:102aa000e0c5b30080cf500054003600de409000f7
:102ab00040c6b30080cf500050003e00de40900082
:102ac000f0c5b30080cf500002003a00a0c0b300b0
:102ad00030c79900de40900000c6b30080cf5000a0
:102ae00002003a0080c0b30030c79900de40900079
:102af00010c6b30080cf500002003a0060c0b3009f
:102b000030c79900de40900020c6b30080cf50004f
:102b100002003a0040c0b30030c79900de40900088
:102b200030c6b30080cf500002003a0020c0b3008e
:102b300030c79900de40900040c6b30080cf5000ff
:102b400002003a000040eb0030c799003ec09100ff
:102b5000dced0200010000001047980000c6b30041
:102b600040c79900300c20000e00400005362300bd
:102b7000243623008001780012c0b300b140200049
:102b800000cab30074d6020001000000053623001d
:102b90002436230073d6200012c0b300b1402000b9
:102ba00000cab30084d7020001000000400c2000de
:102bb0000e004000053623002436230080017800f3
:102bc00012c0b300f140200000cab30074d6020066
:102bd000010000000536230024362300b3d6200070
:102be00012c0b300f140200000cab30084d7020035
:102bf0000100000010c0b300004f780069004700da
:102c00003300200000017800e1f42b003ea090008a
:102c1000491d07000000e00026003200690047005f
:102c20004eeb020001000000004f98000e4890009b
:102c30000004e0001f0032000e489000ee4f5000ec
:102c40001c003e0000d62000904078000e48900006
:102c500080cf500017003200690047004eeb0200a1
:102c60000100000001d620008048780005362300ce
:102c70002436230003d6200012c0b30051022000e6
:102c800000cab30074d6020001000000053623001c
:102c90002436230003d6200012c0b30051022000c6
:102ca00000cab30084d702000100000010c0b300c6
:102cb000004f7800690047004300200000017800c1
:102cc00031f52b003ea090001b1d07000000e00026
:102cd000040032006900470072f0020001000000a9
:102ce000004f980069004700430020000001780071
:102cf00081f52b003ea090000f1d07000000e000b2
:102d0000040032006900470072f002000100000078
:102d1000004f980069004700430020000001780040
:102d2000d1f52b003ea09000031d07000000e0003d
:102d3000040032006900470072f002000100000048
:102d4000004f980069004700430020000001780010
:102d500021f62b003ea09000f71c07000000e000c9
:102d6000040032006900470072f002000100000018
:102d7000004f9800690047004300200000017800e0
:102d800081f62b003ea09000eb1c07000000e00045
:102d9000040032006900470072f0020001000000e8
:102da000004f9800690047004300200000017800b0
:102db000e1f62b003ea09000df1c07000000e000c1
:102dc000040032006900470072f0020001000000b8
:102dd000004f980069004700430020000001780080
:102de00041f72b003ea09000d31c07000000e0003c
:102df000040032006900470072f002000100000088
:102e0000004f98006900470043002000000178004f
:102e1000a1f72b003ea09000c71c07000000e000b7
:102e2000040032006900470072f002000100000057
:102e3000004f98006900470043002000000178001f
:102e400011f82b003ea09000bb1c07000000e00022
:102e5000a70132006900470072f002000100000083
:102e6000004f98009e489000b0c2b30080cf500041
:102e7000bd003a00c0d520009040780040c3b300a8
:102e800080cf50003a003e00c0d52000904078002e
:102e900000c2b30080cf5000350036001e407800dd
:102ea0000004e00032003a00c0d5200090407800d5
:102eb00010c2b30080cf500016003a00c0d52000e9
:102ec00041c5b300014878000536230024362300ad
:102ed000c3d5200012c0b3000102200000cab30015
:102ee00074d60200010000000536230024362300ba
:102ef000c3d5200012c0b3000102200000cab300f5
:102f000084d702000100000010c0b300004f780019
:102f100017003700c0d52000104078008040e9003d
:102f2000c0d5200001487800053623002436230050
:102f3000c3d5200012c0b3000102200000cab300b4
:102f400074d6020001000000053623002436230059
:102f5000c3d5200012c0b3000102200000cab30094
:102f600084d702000100000010c0b300004f7800b9
:102f7000c0d520009040780040c5b30080cf5000fd
:102f80003a003e00c0d5200090407800a0c4b300b5
:102f900080cf5000350036001e4078000004e0006d
:102fa00032003a00c0d5200090407800b0c4b30091
:102fb00080cf500016003a00c0d5200041c7b300b2
:102fc000014878000536230024362300c3d52000ad
:102fd00012c0b3000102200000cab30074d6020080
:102fe000010000000536230024362300c3d520004d
:102ff00012c0b3000102200000cab30084d702004f
:103000000100000010c0b300004f78001700370027
:10301000c0d52000104078008040e900c0d52000d5
:10302000014878000536230024362300c3d520004c
:1030300012c0b3000102200000cab30074d602001f
:10304000010000000536230024362300c3d52000ec
:1030500012c0b3000102200000cab30084d70200ee
:103060000100000010c0b300004f7800c0d5200060
:103070009040780040c7b30080cf50003a003e0037
:10308000c0d5200090407800f0c5b30080cf50003c
:10309000350036001e4078000004e00032003a009f
:1030a000c0d520009040780000c6b30080cf50000b
:1030b00016003a00c0d5200001c6b30001487800d0
:1030c0000536230024362300c3d5200012c0b300e8
:1030d0000102200000cab30074d602000100000003
:1030e0000536230024362300c3d5200012c0b300c8
:1030f0000102200000cab30084d7020001000000d2
:1031000010c0b300004f780017003700c0d5200072
:10311000104078008040e900c0d5200001487800c8
:103120000536230024362300c3d5200012c0b30087
:103130000102200000cab30074d6020001000000a2
:103140000536230024362300c3d5200012c0b30067
:103150000102200000cab30084d702000100000071
:1031600010c0b300004f78009e489000d0c2b3005a
:1031700080cf5000bd003a00c0d5200090407800bc
:1031800040c3b30080cf50003a003e00c0d52000bd
:103190009040780000c2b30080cf50003500360068
:1031a0001e4078000004e00032003a00c0d5200044
:1031b0009040780040c3b30080cf500016003a0022
:1031c000c0d5200041c3b300014878000536230074
:1031d00024362300c3d5200012c0b3000102200012
:1031e00000cab30074d602000100000005362300b7
:1031f00024362300c3d5200012c0b30001022000f2
:1032000000cab30084d702000100000010c0b30060
:10321000004f780017003700c0d52000104078001c
:103220008040e800c0d52000014878000536230022
:1032300024362300c3d5200012c0b30001022000b1
:1032400000cab30074d60200010000000536230056
:1032500024362300c3d5200012c0b3000102200091
:1032600000cab30084d702000100000010c0b30000
:10327000004f7800c0d520009040780040c5b300d2
:1032800080cf50003a003e00c0d52000904078002a
:10329000a0c4b30080cf5000350036001e40780037
:1032a0000004e00032003a00c0d5200090407800d1
:1032b00040c5b30080cf500016003a00c0d52000b2
:1032c00011c2b300014878000536230024362300dc
:1032d000c3d5200012c0b3000102200000cab30011
:1032e00074d60200010000000536230024362300b6
:1032f000c3d5200012c0b3000102200000cab300f1
:1033000084d702000100000010c0b300004f780015
:1033100017003700c0d52000104078008040e8003a
:10332000c0d520000148780005362300243623004c
:10333000c3d5200012c0b3000102200000cab300b0
:1033400074d6020001000000053623002436230055
:10335000c3d5200012c0b3000102200000cab30090
:1033600084d702000100000010c0b300004f7800b5
:10337000c0d520009040780040c7b30080cf5000f7
:103380003a003e00c0d5200090407800f0c5b30060
:1033900080cf5000350036001e4078000004e00069
:1033a00032003a00c0d520009040780040c7b300fa
:1033b00080cf500016003a00c0d52000b1c4b30041
:1033c000014878000536230024362300c3d52000a9
:1033d00012c0b3000102200000cab30074d602007c
:1033e000010000000536230024362300c3d5200049
:1033f00012c0b3000102200000cab30084d702004b
:103400000100000010c0b300004f78001700370023
:10341000c0d52000104078008040e800c0d52000d2
:10342000014878000536230024362300c3d5200048
:1034300012c0b3000102200000cab30074d602001b
:10344000010000000536230024362300c3d52000e8
:1034500012c0b3000102200000cab30084d70200ea
:103460000100000010c0b300004f78008e489000ab
:10347000c0d520001040780080cf500024003200da
:103480009e489000b0c2b30080cf500020003200b0
:103490009e489000d0c2b30080cf50001c00320084
:1034a0006800470005362300243623008001780099
:1034b00012c0b3000102200000cab30074d602009b
:1034c000010000000536230024362300c3d5200068
:1034d00012c0b3000102200000cab30084d702006a
:1034e0000100000010c0b300004f78000800370052
:1034f0000536230024362300c3d5200012c0b300b4
:103500000102200000cab30084d7020001000000bd
:1035100069004700430020000001780071f82b008b
:103520003ea09000041b07000000e000a70132004d
:103530006900470072f0020001000000004f98008f
:103540009e489000b0c2b30080cf5000bd003a004a
:10355000e0d520009040780040c3b30080cf5000f9
:103560003a003e00e0d520009040780000c2b30051
:1035700080cf5000350036001e4078000004e00087
:1035800032003a00e0d520009040780010c2b3002d
:1035900080cf500016003a00e0d5200041c5b300ae
:1035a000014878000536230024362300e3d52000a7
:1035b00012c0b3002102200000cab30074d602007a
:1035c000010000000536230024362300e3d5200047
:1035d00012c0b3002102200000cab30084d7020049
:1035e0000100000010c0b300004f78001700370042
:1035f000e0d52000104078008040e900e0d52000b0
:10360000014878000536230024362300e3d5200046
:1036100012c0b3002102200000cab30074d6020019
:10362000010000000536230024362300e3d52000e6
:1036300012c0b3002102200000cab30084d70200e8
:103640000100000010c0b300004f7800e0d520005a
:103650009040780040c5b30080cf50003a003e0053
:10366000e0d5200090407800a0c4b30080cf500087
:10367000350036001e4078000004e00032003a00b9
:10368000e0d5200090407800b0c4b30080cf500057
:1036900016003a00e0d5200041c7b3000148780089
:1036a0000536230024362300e3d5200012c0b300e2
:1036b0002102200000cab30074d6020001000000fd
:1036c0000536230024362300e3d5200012c0b300c2
:1036d0002102200000cab30084d7020001000000cc
:1036e00010c0b300004f780017003700e0d520006d
:1036f000104078008040e900e0d5200001487800c3
:103700000536230024362300e3d5200012c0b30081
:103710002102200000cab30074d60200010000009c
:103720000536230024362300e3d5200012c0b30061
:103730002102200000cab30084d70200010000006b
:1037400010c0b300004f7800e0d520009040780012
:1037500040c7b30080cf50003a003e00e0d52000c3
:1037600090407800f0c5b30080cf5000350036009f
:103770001e4078000004e00032003a00e0d520004e
:103780009040780000c6b30080cf500016003a0089
:10379000e0d5200001c6b3000148780005362300bb
:1037a00024362300e3d5200012c0b30021022000fc
:1037b00000cab30074d602000100000005362300e1
:1037c00024362300e3d5200012c0b30021022000dc
:1037d00000cab30084d702000100000010c0b3008b
:1037e000004f780017003700e0d520001040780027
:1037f0008040e900e0d5200001487800053623002c
:1038000024362300e3d5200012c0b300210220009b
:1038100000cab30074d60200010000000536230080
:1038200024362300e3d5200012c0b300210220007b
:1038300000cab30084d702000100000010c0b3002a
:10384000004f78009e489000d0c2b30080cf500057
:10385000bd003a00e0d520009040780040c3b3009e
:1038600080cf50003a003e00e0d520009040780024
:1038700000c2b30080cf5000350036001e407800f3
:103880000004e00032003a00e0d5200090407800cb
:1038900040c3b30080cf500016003a00e0d52000ae
:1038a00041c3b300014878000536230024362300c5
:1038b000e3d5200012c0b3002102200000cab300eb
:1038c00074d60200010000000536230024362300d0
:1038d000e3d5200012c0b3002102200000cab300cb
:1038e00084d702000100000010c0b300004f780030
:1038f00017003700e0d52000104078008040e80035
:10390000e0d5200001487800053623002436230046
:10391000e3d5200012c0b3002102200000cab3008a
:1039200074d602000100000005362300243623006f
:10393000e3d5200012c0b3002102200000cab3006a
:1039400084d702000100000010c0b300004f7800cf
:10395000e0d520009040780040c5b30080cf5000f3
:103960003a003e00e0d5200090407800a0c4b300ab
:1039700080cf5000350036001e4078000004e00083
:1039800032003a00e0d520009040780040c5b300f6
:1039900080cf500016003a00e0d5200011c2b300dd
:1039a000014878000536230024362300e3d52000a3
:1039b00012c0b3002102200000cab30074d6020076
:1039c000010000000536230024362300e3d5200043
:1039d00012c0b3002102200000cab30084d7020045
:1039e0000100000010c0b300004f7800170037003e
:1039f000e0d52000104078008040e800e0d52000ad
:103a0000014878000536230024362300e3d5200042
:103a100012c0b3002102200000cab30074d6020015
:103a2000010000000536230024362300e3d52000e2
:103a300012c0b3002102200000cab30084d70200e4
:103a40000100000010c0b300004f7800e0d5200056
:103a50009040780040c7b30080cf50003a003e004d
:103a6000e0d5200090407800f0c5b30080cf500032
:103a7000350036001e4078000004e00032003a00b5
:103a8000e0d520009040780040c7b30080cf5000c0
:103a900016003a00e0d52000b1c4b3000148780018
:103aa0000536230024362300e3d5200012c0b300de
:103ab0002102200000cab30074d6020001000000f9
:103ac0000536230024362300e3d5200012c0b300be
:103ad0002102200000cab30084d7020001000000c8
:103ae00010c0b300004f780017003700e0d5200069
:103af000104078008040e800e0d5200001487800c0
:103b00000536230024362300e3d5200012c0b3007d
:103b10002102200000cab30074d602000100000098
:103b20000536230024362300e3d5200012c0b3005d
:103b30002102200000cab30084d702000100000067
:103b400010c0b300004f78008e489000e0d52000f0
:103b50001040780080cf5000240032009e48900032
:103b6000b0c2b30080cf5000200032009e489000c9
:103b7000d0c2b30080cf50001c0032006800470064
:103b800005362300243623008001780012c0b300dc
:103b90002102200000cab30074d602000100000018
:103ba0000536230024362300e3d5200012c0b300dd
:103bb0002102200000cab30084d7020001000000e7
:103bc00010c0b300004f780008003700053623000e
:103bd00024362300e3d5200012c0b30021022000c8
:103be00000cab30084d7020001000000690047004a
:103bf0004300200000017800e1f82b003ea0900077
:103c00004d1907000000e000a701320069004700dd
:103c100072f0020001000000004f98009e489000e2
:103c2000b0c2b30080cf5000bd003a00d0d6200013
:103c30009040780040c3b30080cf50003a003e006f
:103c4000d0d620009040780000c2b30080cf500052
:103c5000350036001e4078000004e00032003a00d3
:103c6000d0d620009040780010c2b30080cf500022
:103c700016003a00d0d6200041c5b30001487800b4
:103c80000536230024362300d3d6200012c0b3000b
:103c90001141200000cab30074d6020001000000e8
:103ca0000536230024362300d3d6200012c0b300eb
:103cb0001141200000cab30084d7020001000000b7
:103cc00010c0b300004f780017003700d0d6200096
:103cd000104078008040e900d0d6200001487800ec
:103ce0000536230024362300d3d6200012c0b300ab
:103cf0001141200000cab30074d602000100000088
:103d00000536230024362300d3d6200012c0b3008a
:103d10001141200000cab30084d702000100000056
:103d200010c0b300004f7800d0d62000904078003b
:103d300040c5b30080cf50003a003e00d0d62000ee
:103d400090407800a0c4b30080cf5000350036000a
:103d50001e4078000004e00032003a00d0d6200077
:103d600090407800b0c4b30080cf500016003a00f5
:103d7000d0d6200041c7b3000148780005362300a3
:103d800024362300d3d6200012c0b30011412000f6
:103d900000cab30074d602000100000005362300fb
:103da00024362300d3d6200012c0b30011412000d6
:103db00000cab30084d702000100000010c0b300a5
:103dc000004f780017003700d0d620001040780050
:103dd0008040e900d0d62000014878000536230055
:103de00024362300d3d6200012c0b3001141200096
:103df00000cab30074d6020001000000053623009b
:103e000024362300d3d6200012c0b3001141200075
:103e100000cab30084d702000100000010c0b30044
:103e2000004f7800d0d620009040780040c7b30003
:103e300080cf50003a003e00d0d62000904078005d
:103e4000f0c5b30080cf5000350036001e4078002a
:103e50000004e00032003a00d0d620009040780004
:103e600000c6b30080cf500016003a00d0d6200024
:103e700001c6b3000148780005362300243623002c
:103e8000d3d6200012c0b3001141200000cab300f5
:103e900074d60200010000000536230024362300fa
:103ea000d3d6200012c0b3001141200000cab300d5
:103eb00084d702000100000010c0b300004f78005a
:103ec00017003700d0d62000104078008040e9006d
:103ed000d0d6200001487800053623002436230080
:103ee000d3d6200012c0b3001141200000cab30095
:103ef00074d602000100000005362300243623009a
:103f0000d3d6200012c0b3001141200000cab30074
:103f100084d702000100000010c0b300004f7800f9
:103f20009e489000d0c2b30080cf5000bd003a0040
:103f3000d0d620009040780040c3b30080cf50001e
:103f40003a003e00d0d620009040780000c2b30076
:103f500080cf5000350036001e4078000004e0009d
:103f600032003a00d0d620009040780040c3b30021
:103f700080cf500016003a00d0d6200041c3b300d5
:103f8000014878000536230024362300d3d62000cc
:103f900012c0b3001141200000cab30074d6020061
:103fa000010000000536230024362300d3d620006c
:103fb00012c0b3001141200000cab30084d7020030
:103fc0000100000010c0b300004f78001700370058
:103fd000d0d62000104078008040e800d0d62000e5
:103fe000014878000536230024362300d3d620006c
:103ff00012c0b3001141200000cab30074d6020001
:10400000010000000536230024362300d3d620000b
:1040100012c0b3001141200000cab30084d70200cf
:104020000100000010c0b300004f7800d0d620007f
:104030009040780040c5b30080cf50003a003e0069
:10404000d0d6200090407800a0c4b30080cf5000ac
:10405000350036001e4078000004e00032003a00cf
:10406000d0d620009040780040c5b30080cf5000eb
:1040700016003a00d0d6200011c2b30001487800e3
:104080000536230024362300d3d6200012c0b30007
:104090001141200000cab30074d6020001000000e4
:1040a0000536230024362300d3d6200012c0b300e7
:1040b0001141200000cab30084d7020001000000b3
:1040c00010c0b300004f780017003700d0d6200092
:1040d000104078008040e800d0d6200001487800e9
:1040e0000536230024362300d3d6200012c0b300a7
:1040f0001141200000cab30074d602000100000084
:104100000536230024362300d3d6200012c0b30086
:104110001141200000cab30084d702000100000052
:1041200010c0b300004f7800d0d620009040780037
:1041300040c7b30080cf50003a003e00d0d62000e8
:1041400090407800f0c5b30080cf500035003600b5
:104150001e4078000004e00032003a00d0d6200073
:104160009040780040c7b30080cf500016003a005e
:10417000d0d62000b1c4b300014878000536230032
:1041800024362300d3d6200012c0b30011412000f2
:1041900000cab30074d602000100000005362300f7
:1041a00024362300d3d6200012c0b30011412000d2
:1041b00000cab30084d702000100000010c0b300a1
:1041c000004f780017003700d0d62000104078004c
:1041d0008040e800d0d62000014878000536230052
:1041e00024362300d3d6200012c0b3001141200092
:1041f00000cab30074d60200010000000536230097
:1042000024362300d3d6200012c0b3001141200071
:1042100000cab30084d702000100000010c0b30040
:10422000004f78008e489000d0d6200010407800d3
:1042300080cf5000240032009e489000b0c2b300ee
:1042400080cf5000200032009e489000d0c2b300c2
:1042500080cf50001c003200680047000536230064
:10426000243623008001780012c0b30011412000e1
:1042700000cab30074d60200010000000536230016
:1042800024362300d3d6200012c0b30011412000f1
:1042900000cab30084d702000100000010c0b300c0
:1042a000004f78000800370005362300243623002d
:1042b000d3d6200012c0b3001141200000cab300c1
:1042c00084d702000100000041f92b00f0b3200068
:1042d000e01902000200000030079800be009000c4
:1042e000f0b3200080804000b0d52000104078005e
:1042f0000041eb002eee020001000000be00900025
:104300000080400030079800be009000f0b320000d
:104310000080400041fa2b00e0190200020000007a
:10432000be0090000080400030079800be00900062
:10433000f0b3200080804000d0d5200010407800ed
:104340000041eb002eee020001000000be009000d4
:104350000080400030079800be009000f0b32000bd
:1043600000804000b1fa2b00e019020002000000ba
:10437000be0090000080400030079800be00900012
:10438000f0b3200080804000f0d52000104078007d
:104390000041eb002eee020001000000be00900084
:1043a0000080400030079800be009000f0b320006d
:1043b0000080400011fb2b00e01902000200000009
:1043c000be0090000080400030079800be009000c2
:1043d000f0b320008080400040d6200010407800dc
:1043e0000041eb002eee020001000000be00900034
:1043f0000080400030079800be009000f0b320001d
:104400000080400071fb2b00e01902000200000058
:10441000be0090000080400030079800be00900071
:10442000f0b320008080400000d6200010407800cb
:104430000041eb002eee020001000000be009000e3
:104440000080400030079800be009000f0b32000cc
:1044500000804000d1fb2b00e019020002000000a8
:10446000be0090000080400030079800be00900021
:10447000f0b320000080400031fc2b00e019020066
:1044800002000000be00900000804000300798004d
:10449000be009000f0b320008080400050d6200085
:1044a00010407800b4ef0200010000003e009000d0
:1044b0000080e80030079800be009000f0b32000b4
:1044c0000080400051fc2b00e019020002000000b7
:1044d000be0090000080400030079800be009000b1
:1044e000f0b320000080400031fc2b00e0190200f6
:1044f00002000000be0090000080400030079800dd
:10450000be009000f0b320008080400060d6200004
:1045100010407800b4ef0200010000003e0090005f
:104520000080e80030079800be009000f0b3200043
:1045300000804000b1fc2b00e019020002000000e6
:10454000be0090000080400030079800be00900040
:10455000f0b320000080400031fc2b00e019020085
:1045600002000000be00900000804000300798006c
:10457000be009000f0b320008080400070d6200084
:1045800010407800b4ef0200010000003e009000ef
:104590000080e80030079800be009000f0b32000d3
:1045a0000080400011fd2b00e01902000200000015
:1045b000be0090000080400030079800be009000d0
:1045c000f0b320000080400031fc2b00e019020015
:1045d00002000000be0090000080400030079800fc
:1045e000be009000f0b320008080400080d6200004
:1045f00010407800b4ef0200010000003e0090007f
:104600000080e80030079800be009000f0b3200062
:104610000080400081fd2b00e01902000200000034
:10462000be0090000080400030079800be0090005f
:10463000f0b320000080400031fc2b00e0190200a4
:1046400002000000be00900000804000300798008b
:10465000be009000f0b320008080400090d6200083
:1046600010407800b4ef0200010000003e0090000e
:104670000080e80030079800be009000f0b32000f2
:1046800000804000f1fd2b00e01902000200000054
:10469000be0090000080400030079800be009000ef
:1046a000f0b320000080400031fc2b00e019020034
:1046b00002000000be00900000804000300798001b
:1046c000be009000f0b3200080804000a0d6200003
:1046d00010407800b4ef0200010000003e0090009e
:1046e0000080e80030079800be009000f0b3200082
:1046f0000080400061fe2b00e01902000200000073
:10470000be0090000080400030079800be0090007e
:10471000f0b320000080400031fc2b00e0190200c3
:1047200002000000be0090000080400030079800aa
:10473000be009000f0b3200080804000b0d6200082
:1047400010407800b4ef0200010000003e0090002d
:104750000080e80030079800be009000f0b3200011
:1047600000804000d1fe2b00e01902000200000092
:10477000be0090000080400030079800be0090000e
:10478000f0b320000080400051ff2b00e019020030
:1047900002000000be00900000804000300798003a
:1047a000be009000f0b3200080804000c0d6200002
:1047b00010407800b4ef0200010000003e009000bd
:1047c0000080e80030079800be009000f0b32000a1
:1047d0000080400081ff2b00e01902000200000071
:1047e000be0090000080400030079800be0090009e
:1047f000f0b3200000804000e1ff2b00e019020030
:1048000002000000be0090000080400030079800c9
:10481000be009000f0b320000080400031fc2b006f
:10482000e019020002000000be009000008040007d
:1048300030079800be009000f0b320008080400058
:10484000c0d5200010407800b4ef02000100000045
:104850003e0090000080e80030079800be00900005
:10486000f0b320000080400051002c00e01902004d
:1048700002000000be009000008040003007980059
:10488000be009000f0b320000080400031fc2b00ff
:10489000e019020002000000be009000008040000d
:1048a00030079800be009000f0b3200080804000e8
:1048b000e0d5200010407800b4ef020001000000b5
:1048c0003e0090000080e80030079800be00900095
:1048d000f0b3200000804000d1002c00e01902005d
:1048e00002000000be0090000080400030079800e9
:1048f000be009000f0b320000080400031fc2b008f
:10490000e019020002000000be009000008040009c
:1049100030079800be009000f0b320008080400077
:10492000d0d6200010407800b4ef02000100000053
:104930003e0090000080e800300798001e4078009c
:10494000e14f50000d003a0020c522007040900059
:104950000004e0000900320020c5220010007800a9
:10496000610060000000e00004003a0020c5220061
:1049700070409000c4fe0200010000000080fa00b8
:1049800000000600b800fa00209f9800319f9800b0
:1049900041012c000e007800e01902000200000026
:1049a000be9890000e00780011ea07000080fa001f
:1049b000000006000800fa00200798003107980060
:1049c000610a2c00f0b32000e01902000200000090
:1049d000000f78000000eb00100798003a00370045
:1049e0001e009000f50f5000340032001e009000b1
:1049f000e40f5000310032001e009000e50f50001f
:104a00002e0032001e009000e60f50002b003200f6
:104a10001e009000e70f5000280032001e0090009a
:104a2000f00f5000250032009e007800f0b3200007
:104a300000804000918f2b00e0190200020000006e
:104a40001e0f40009e007800f0b3200080804000e0
:104a50001e009000004078000041eb002eee0200a6
:104a6000010000001e0f40009e007800f0b32000ff
:104a700000804000c18f2b00e019020002000000fe
:104a80001e0f40009e007800f0b32000008140001f
:104a90001e0090006600b90000007800e4004000ad
:104aa0000031210000804000100078008200780072
:104ab00060ec0200010000001e0f40001e0090008c
:104ac0000000e800100798001e009000f70f50004b
:104ad000c3ff34009e007800f0b320000080400047
:104ae000d10a2c00e0190200020000001e0f400055
:104af0009e007800f0b320008080400040e120005c
:104b0000104078000041eb002eee02000100000092
:104b10001e0f40000080fa0000000600aa00fa0004
:104b200030979800419798000040eb00404798006c
:104b300066004700210b2c00e01902000200000073
:104b400010079800660047008b1007000060fe0009
:104b500066004700210e2c00e01902000200000050
:104b60001007980066004700ce90900094dd070083
:104b70000060fe006600470091112c00e019020061
:104b800002000000100798001e009000e600470099
:104b9000008040000041eb0080007800e0c1b300dd
:104ba0002eee0200010000009e00900000804000f8
:104bb00010079800e40047006600470062e1070024
:104bc0000060fe006600470071152c00e01902002d
:104bd00002000000100798001e009000e600470049
:104be0000080400080007800e07f200060ec020040
:104bf000010000009e009000008040001007980017
:104c0000e4004700660047004fe107000060fe0037
:104c10006600470071182c00e01902000200000035
:104c200010079800e40047006600470055ff0700a2
:104c30000060fe000000eb00000f78001e0037004f
:104c40006600470041192c00e01902000200000034
:104c5000100798001e009000e6004700808040008a
:104c60001e007800004078000041eb002eee0200ac
:104c7000010000009e009000008040001007980096
:104c80001e009000e600470000804000b1192c0093
:104c9000e0190200020000009e0090000080400029
:104ca00010079800e4004700660047008bdf07000c
:104cb0000060fe001e0fe8001e007800e90f5000a3
:104cc000dfff360066004700511a2c00e019020091
:104cd0000200000010079800e4004700660047004b
:104ce0005de5070020002000000f78001e0037005f
:104cf00066004700f11b2c00e019020002000000d2
:104d0000100798001e009000e600470080804000d9
:104d10001e007800004078000041eb002eee0200fb
:104d2000010000009e0090000080400010079800e5
:104d30001e009000e600470000804000611c2c002f
:104d4000e0190200020000009e0090000080400078
:104d500010079800e4004700660047003ee50700a2
:104d60000060fe001e0fe8001e007800e40f5000f7
:104d7000dfff3400e0d8200001cab300014878000a
:104d80000536230024362300e3d8200012c0b300e8
:104d9000a103200000cab30074d602000100000085
:104da0000536230024362300e3d8200012c0b300c8
:104db000a103200000cab30084d702000100000054
:104dc000e006210051c0b3000148780005362300f9
:104dd00024362300e306210012c0b300c1032000e3
:104de00000cab30074d6020001000000f0062100e2
:104df00001c5b3000148780005362300243623009e
:104e0000f306210012c0b300d103200000cab30092
:104e100074d6020001000000c05d200001002000e7
:104e20002087890031878900c05d200001002000b3
:104e30004087890051878900400e230005362300f2
:104e4000243623008001780042c0b300112d2000d9
:104e500000cab30074d6020001000000800e2300d7
:104e600005362300243623008001780042c0b300b9
:104e7000512d200000cab30074d6020001000000ca
:104e8000800e23000536230024362300800178009d
:104e900042c0b300512d200000cab30084d70200e5
:104ea00001000000400e23000536230024362300b5
:104eb0008001780042c0b300112d200000cab30069
:104ec00084d70200010000000010230041c6b30097
:104ed0000148780005362300243623000310230000
:104ee00012c0b300c12e200000cab30074d6020065
:104ef00001000000053623002436230003102300a0
:104f000012c0b300c12e200000cab30084d7020033
:104f1000010000001010230051c0b30001487800c8
:104f200005362300243623001310230012c0b300db
:104f3000d12e200000cab30074d602000100000088
:104f400005362300243623001310230012c0b300bb
:104f5000d12e200000cab30084d702000100000057
:104f6000f0d8200051cab30001487800053623006c
:104f700024362300f3d8200012c0b300b12e200045
:104f800000cab30074d602000100000005362300f9
:104f900024362300f3d8200012c0b300b12e200025
:104fa00000cab30084d7020001000000400d2300b6
:104fb000809b890000372300053623002436230018
:104fc0008001780022c0b300f12e200000cab30097
:104fd00074d60200010000000000eb00809b8900f5
:104fe0000037230005362300243623008001780093
:104ff00022c0b300f12e200000cab30084d7020003
:1050000001000000006b2300909b890020372300e3
:1050100005362300243623008001780022c0b30027
:10502000112f200000cab30074d602000100000056
:105030000000eb00909b89002037230005362300f9
:10504000243623008001780022c0b300112f2000f5
:1050500000cab30084d7020001000000401f2000f6
:10506000a09b890040372300053623002436230007
:105070008001780022c0b300312f200000cab300a5
:1050800074d60200010000000000eb00a09b890024
:1050900040372300053623002436230080017800a2
:1050a00022c0b300312f200000cab30084d7020011
:1050b00001000000603723008040eb0001487800c9
:1050c00005362300243623006337230012c0b300c3
:1050d0004102200000cab30074d6020001000000a3
:1050e00005362300243623006337230012c0b300a3
:1050f0004102200000cab30084d702000100000072
:105100004005230021c3b300014878000536230081
:10511000243623004305230012c0b300b12f200022
:1051200000cab30074d60200010000000536230057
:10513000243623004305230012c0b300b12f200002
:1051400000cab30084d70200010000004001200023
:10515000806b880000d7200005362300243623000a
:105160008001780022c0b3009142200000cab30041
:1051700074d602000100000000d72000053623008d
:10518000243623008001780022c0b3009142200021
:1051900000cab30084d7020001000000002b2100e8
:1051a000d1c2b3000148780005362300243623001d
:1051b000032b210012c0b300e103200000cab3009a
:1051c00074d60200010000000536230024362300b7
:1051d000032b210012c0b300e103200000cab3007a
:1051e00084d7020001000000102b2100c1c3b300ce
:1051f000014878000536230024362300132b2100b4
:1052000012c0b300f103200000cab30074d602003c
:10521000010000000536230024362300132b210053
:1052200012c0b300f103200000cab30084d702000b
:1052300001000000702e210061c1b3000148780018
:105240000536230024362300732e210012c0b3003c
:10525000c12f200000cab30074d602000100000074
:105260000536230024362300732e210012c0b3001c
:10527000c12f200000cab30084d702000100000043
:10528000802e210091c1b30001487800053623002b
:1052900024362300832e210012c0b300d12f20001a
:1052a00000cab30074d602000100000005362300d6
:1052b00024362300832e210012c0b300d12f2000fa
:1052c00000cab30084d7020001000000902e210024
:1052d000e1c4b300014878000536230024362300da
:1052e000932e210012c0b300e12f200000cab300aa
:1052f00074d6020001000000053623002436230086
:10530000932e210012c0b300e12f200000cab30089
:1053100084d7020001000000711d2c00f0b32000b2
:10532000e019020002000000100798000080fa0057
:10533000000006000800fa002007980031079800d6
:10534000011e2c00f0b32000e01902000200000052
:10535000000f78000000eb001007980018003700dd
:105360001e0090000000e000070034009e0078005e
:10537000f0b320000080400041902b00e0190200b3
:10538000020000001e0f4000926222001e009000ea
:105390007f00b90000007800800041001e01780005
:1053a000f0b3200000004100e019020002000000fc
:1053b0001e0f40001e0090000000e800100798003b
:1053c0001e009000e30f5000e5ff34009e007800bf
:1053d000f0b3200000804000a11e2c00e019020064
:1053e000020000001e0f4000516a22001e017800da
:1053f000f0b3200000004100e019020002000000ac
:105400001e0f40000080fa00000006000600fa00af
:105410001007980021079800130020000e01780063
:10542000c11e2c001e009000431307000000e00086
:105430000f0032009e40780010c3b30080cf5000b0
:1054400004003a0011c0b300000120008c69020082
:10545000010000009e40780020c3b30080cf5000c0
:1054600003003a00d00621008040eb00014878009c
:10547000130020000e017800111f2c001e00900068
:105480002d1307000000e000070032009e40780066
:1054900010c3b30080cf500003003a00c08020004a
:1054a0008040eb0001487800130020000e017800d6
:1054b000911f2c001e0090001f1307000000e00049
:1054c000070032009e40780010c3b30080cf500028
:1054d00003003a00e02a210011c0b300014878001f
:1054e000f0b32000ebd507000080fa0000000600b2
:1054f0000c00fa0040079800510798000e80e80061
:105500003300200000017800a1cb2b004e0090005a
:10551000091307000000e00038003200ae409000a0
:1055200010c3b30080cf500034003a002031230074
:10553000104078000004e00030003a0020312300e1
:1055400011c0b3000148780010002000c09c880002
:10555000e11f2c00f0b32000e0190200020000005f
:10556000000f78009e007800f0b32000008040001b
:1055700080007800600521005fd507000080fb00f7
:105580001e0f40000e80e80033002000000178006c
:10559000b1202c004e009000e71207000000e00050
:1055a000160032000e80e800f4ef02000100000057
:1055b000806b880000d720000536230024362300a6
:1055c0008001780022c0b3009142200000cab300dd
:1055d00074d602000100000000d720000536230029
:1055e000243623008001780022c0b30091422000bd
:1055f00000cab30084d70200010000000080fa0056
:10560000000006000a00fa003007980041079800e1
:1056100001212c00f0b32000e0190200020000007c
:10562000000f78009e007800f0b32000008040005a
:1056300080007800001721002fd507000080fb00b4
:105640001e0f40009e007800f0b320000080400054
:10565000e1212c00e0190200020000001e0f4000b2
:105660009e007800f0b3200080804000c08b800056
:1056700060ec0200010000001e0f40009e00780058
:10568000f0b3200000804000c1932b00e01902001d
:10569000020000001e0f40009e007800f0b32000c2
:1056a00080804000a0172100104078000041eb00ee
:1056b0002eee0200010000001e0f40009e00780048
:1056c000f0b320000080400031222c00e0190200dd
:1056d000020000001e0f4000e00920001e005000e4
:1056e000100798001e0090000000e0001500340034
:1056f0009e009000f0092000808f500011003c00b7
:105700009e0090000007210000804000904078003b
:1057100041479800010721001e017800f0b32000e6
:1057200000004100e0190200020000001e0f4000ce
:105730009e0090000007210000804000ce409000b5
:10574000014878009e007800f0b3200000804000ff
:1057500081222c00e0190200020000001e0f400010
:10576000f00420009e007800808f500058003c001c
:105770009e007800f0b3200000804000a1222c00a1
:10578000e0190200020000001e0f40009e00780099
:10579000f0b320000080400080007800c027210086
:1057a000d5d407000080fb001e0f40009e0078004b
:1057b000f0b3200000804000e1212c00e01902003d
:1057c000020000001e0f40009e007800f0b3200091
:1057d000808040002094800060ec02000100000006
:1057e0001e0f40009e007800f0b3200000804000b3
:1057f000c1932b00e0190200020000001e0f4000c0
:105800009e007800f0b320008080400060282100d6
:10581000104078000041eb002eee02000100000075
:105820001e0f40009e007800f0b320000080400072
:1058300031222c00e0190200020000001e0f40007f
:10584000e00920001e005000100798001e00900084
:105850000000e000170034009e009000f0092000d6
:10586000808f500013003c001e009000c1102000eb
:1058700080804000000721000080400090407800b8
:1058800041479800c11721001e017800f0b32000a5
:1058900000004100e0190200020000001e0f40005d
:1058a0009e009000c017210000804000ce40900074
:1058b000014878009e007800f0b32000008040008e
:1058c00041232c00e0190200020000001e0f4000de
:1058d0000080fa00000006000800fa002007980087
:1058e000310798000e80e8001300200000017800c6
:1058f000a1cb2b002e0090000f1207000000e0004b
:105900003a003200ae40900010c3b30080cf500088
:1059100004003200ae40900020c3b30080cf50009e
:1059200032003a003e0090000000e00007003a001c
:105930002e4090008040780000cdb30080c0400031
:10594000e0e0200001487800280037003e00900089
:10595000d21a0200020000000000e0002300320022
:10596000a0dd2000104078000004e0000e003a00a6
:10597000be009000a0dd2000e0190200020000003f
:105980002e4090008040780000cdb30080c04000e1
:1059900000e1200001487800a002230011c0b300fc
:1059a000014878001100370040df200010407800e7
:1059b0000004e0000d003a00be00900040df20002f
:1059c000e0190200020000002e40900080407800a4
:1059d00000cdb30080c0400010e1200001487800f5
:1059e000a002230011c0b30001487800a0022300e8
:1059f000104078000004e00052003a0071232c00af
:105a0000f0b32000e019020002000000000f78004f
:105a10009e007800f0b3200080804000e0e020008d
:105a2000104078000041eb002eee02000100000063
:105a30001e0f40009e007800f0b320000080400060
:105a400051242c00e0190200020000001e0f40004b
:105a5000a0dd2000104078000004e00008003200c3
:105a60009e007800f0b3200000804000a1dd2000ff
:105a7000e0190200020000001e0f4000070037007e
:105a80009e007800f0b320000080400091882b0039
:105a9000e0190200020000001e0f40009e00780086
:105aa000f0b3200000804000c1242c00e019020067
:105ab000020000001e0f400040df20001040780070
:105ac0000004e000080032009e007800f0b32000df
:105ad0000080400041df2000e019020002000000c9
:105ae0001e0f4000070037009e007800f0b3200032
:105af0000080400091882b00e019020002000000a5
:105b00001e0f40009e007800f0b32000008040008f
:105b100031252c00e0190200020000001e0f400099
:105b20009e007800f0b3200080804000f0e020006c
:105b3000104078000041eb002eee02000100000052
:105b40001e0f40000080fa00000006000800fa0066
:105b5000200798003107980091252c00f0b3200011
:105b6000e019020002000000000f78000e80e8003b
:105b70001300200000017800a1cb2b002e00900024
:105b80006d1107000000e0000a003200ae409000f6
:105b900010c3b30080cf500003003a00a6fe0200fd
:105ba000010000000500370000c3b3002047980043
:105bb0000200370000c3b30020479800ae409000b9
:105bc000f0b320001e004000014878001e0fe800de
:105bd000f0b320001e0040008040eb000148780038
:105be0000080fa00000006000600fa001007980086
:105bf00021079800130020000e017800a1cb2b0094
:105c00001e0090004c1107000000e0000e00320062
:105c10009e407800d0c4b30080cf500003003a000b
:105c20005005230021c0b300014878009e40780051
:105c300000c5b30080cf500003003a005005230098
:105c400011c0b300014878005005230010407800cf
:105c50000004e00004003200a1262c00f0b3200074
:105c6000e0190200020000000080fa0000000600b7
:105c70000800fa0020079800310798000e80e8001d
:105c80001300200000017800a1cb2b002e00900013
:105c9000291107000000e0001c003200ae40900017
:105ca00010c3b30080cf500007003a00409b800033
:105cb000e20f500004003a0080dd200011c0b30064
:105cc000014878000300370080dd20008040eb00b1
:105cd0000148780031272c00f0b32000e0190200c1
:105ce00002000000000f78009e007800f0b3200052
:105cf0008080400080dd2000104078000041eb00f3
:105d00002eee0200010000001e0f40000080fa008d
:105d1000000006000c00fa004007980051079800a8
:105d20000e80e800330020000001780031282c00ac
:105d30004e009000001107000000e0001a00320041
:105d40000e80e8004eeb0200010000006047980062
:105d5000ee409000702e21001040780080cf50005f
:105d60001100320066004700053623002436230068
:105d70008001780012c0b300c12f200000cab30018
:105d800074d60200010000000536230024362300eb
:105d9000732e210012c0b300c12f200000cab3002f
:105da00084d70200010000000e80e80033002000cc
:105db0000001780091282c004e009000de100700b2
:105dc0000000e0001a0032000e80e8004eeb0200f6
:105dd0000100000060479800ee409000802e2100f6
:105de0001040780080cf500011003200660047005c
:105df00005362300243623008001780012c0b3004a
:105e0000d12f200000cab30074d6020001000000a8
:105e10000536230024362300832e210012c0b30050
:105e2000d12f200000cab30084d702000100000077
:105e30000e80e800330020000001780001292c00ca
:105e40004e009000bc1007000000e0001d00320072
:105e50000e80e8004eeb0200010000006047980051
:105e6000ae409000e0c4b30080cf50000400320088
:105e7000ae40900010c4b30080cf500011003a0033
:105e80000e80e800053623002436230080017800c8
:105e900012c0b300e12f200000cab30074d6020084
:105ea000010000000536230024362300932e210034
:105eb00012c0b300e12f200000cab30084d7020053
:105ec0000100000061292c00f0b32000e01902005d
:105ed00002000000000f78009e007800f0b3200060
:105ee00080804000602e2100104078000041eb00cf
:105ef0002eee0200010000001e0f40009e00780000
:105f0000f0b3200000804000412a2c00e01902007c
:105f1000020000001e0f40009e007800f0b3200039
:105f200080804000702e2100104078000080fb002f
:105f300060ec0200010000001e0f40009e0078008f
:105f4000f0b3200000804000b12a2c00e0190200cc
:105f5000020000001e0f40009e007800f0b32000f9
:105f600080804000802e2100104078000080fb00df
:105f700060ec0200010000001e0f40009e0078004f
:105f8000f0b3200000804000312b2c00e01902000b
:105f9000020000001e0f4000902e210010407800eb
:105fa00080407800f0b320001e00400001487800d7
:105fb0001e0fe800f0b320001e0040008040eb0000
:105fc000014878000080fa00000006000200fa0094
:105fd000000f780070b12000104078000004e0004d
:105fe0001c003200010037001e0fe8001e00780080
:105ff0009040780000c2b30080cf5000070032000c
:106000001e007800104078000004e000f6ff3a001f
:10601000030037001e0fe8000100370000000000f9
:106020001e0078009040780000c2b30080cf50007e
:10603000f8ff32001e007800104078000004e000f5
:10604000040032000041eb009e00780070b1200097
:10605000f3100700f0b320005ed107000080fa00c3
:10606000000006001c00fa00500f98009301200069
:106070000e017800e1ce2b005e0890002e10070084
:106080000000e0000c0032009e407800a0c5b30084
:1060900080cf500004003a0070b120008040eb0037
:1060a00001487800040037008e00780070b12000ad
:1060b000e019020002000000f0b3200045d1070003
:1060c0000080fa00000006000a00fa00300798007d
:1060d000410798000e80e8002300200000017800ae
:1060e000a12b2c003e009000131007000000e000e0
:1060f000200032002e4090008040780000cdb30098
:1061000080c0400000da20000148780000da20005a
:10611000104078000004e0001300320000da200094
:1061200010407800e44f50000f003e00e12b2c009f
:10613000f0b32000e019020002000000000f780018
:106140009e007800f0b320008080400000da20003c
:10615000104078000041eb002eee0200010000002c
:106160001e0f40000300370000da20008040eb00e3
:10617000014878000080fa00000006001200fa00d2
:1061800070079800010f98000e80e80013002000af
:1061900000017800b12c2c007e009000e60f070073
:1061a0000000e00015003200ae40900030c5b300a2
:1061b00080cf500005003a00012d2c00f0b32000e4
:1061c000e019020002000000000f7800ae409000cd
:1061d000e0c4b30080cf500008003a00e12d2c004d
:1061e000f0b32000e019020002000000000f780068
:1061f0000040eb0046fd0200010000000080fa00b4
:10620000000006000400fa00000f78001107980053
:10621000106d8000520a200080007800f0b320004a
:106220005e720200010000000080fa00000006001b
:106230000c00fa003007980041079800224f9800a0
:106240000e00e8001300200000017800c12e2c0091
:106250003e009000b80f07000000e000110032007f
:106260001e4090008040780000cdb30000c0400088
:10627000104798001e409000e64f500009003c0077
:106280009e4090003005210001487800e004210084
:106290004cda020001000000e00421009ed9020057
:1062a000010000000e00e80033002000000178002b
:1062b000012f2c003e0090009f0f07000000e0001f
:1062c000080032009e40900010c3b30080cf500001
:1062d00004003a0011c0b300000220008c690200e3
:1062e000010000000e00e8003300200000017800eb
:1062f000512f2c003e0090008f0f07000000e0009f
:10630000080032009e40900010c3b30080cf5000c0
:1063100004003a0011c0b300000420008c690200a0
:10632000010000000e00e8003300200000017800aa
:10633000a12f2c003e0090007f0f07000000e0001e
:10634000310032009e40900010c3b30080cf500057
:1063500011003a00f0d8200090407800a0c5b300aa
:1063600080cf50000c003a00f0d8200051cab30092
:10637000014878000536230024362300f3d8200096
:1063800012c0b300b12e200000cab30074d60200c0
:1063900001000000140037009e40900000c3b300cd
:1063a00080cf500010003a00f0d8200090407800d4
:1063b000a0c5b30080cf50000b003200f0d8200001
:1063c000a1c5b30001487800053623002436230018
:1063d000f3d8200012c0b300b12e200000cab300d1
:1063e00074d6020001000000053623002436230085
:1063f000f3d8200012c0b300b12e200000cab300b1
:1064000084d70200010000000e00e80033002000e5
:1064100000017800f12f2c003e009000460f07008d
:106420000000e0001a0032000e00e8004eeb02000f
:1064300001000000004f780000d9200010407800d3
:106440009e4f50000a00320000d920001e487800fc
:10645000053623002436230003d9200012c0b300e0
:10646000e12e200000cab30074d602000100000033
:10647000053623002436230003d9200012c0b300c0
:10648000e12e200000cab30084d702000100000002
:10649000106d8000530a20002e4990008000780083
:1064a000f0b3200082650200010000000080fa00c5
:1064b000000006000a00fa00300798004107980023
:1064c0000e80e800130020000001780041302c000d
:1064d0003e009000180f07000000e0000b003200a3
:1064e000ae40900010c3b30080cf500004003a00cb
:1064f00011c0b30020c0b30071ce07000300370005
:106500008040eb0020c0b3006dce0700a1302c000e
:10651000f0b32000e019020002000000000f780034
:106520009e007800f0b320008080400060042300cb
:106530001040780012c0b3002eee020001000000ef
:106540001e0f40009e007800f0b320000080400045
:1065500081312c00e0190200020000001e0f4000f3
:10656000c0022300104078000004e0000800320060
:106570009e007800f0b3200000804000c10223009c
:10658000e0190200020000001e0f40000700370063
:106590009e007800f0b320000080400091882b001e
:1065a000e0190200020000001e0f40009e0078006b
:1065b000f0b3200000804000e1312c00e01902001f
:1065c000020000001e0f40009e007800f0b3200083
:1065d00000804000800078007004230046d107004e
:1065e0000080fb001e0f40009e007800f0b32000ea
:1065f0000080400031322c00e0190200020000004f
:106600001e0f4000e0d82000104078000080fb0002
:10661000620060000000e000080032009e00780088
:10662000f0b3200000804000b18a2b00e019020086
:10663000020000001e0f4000070037009e00780097
:10664000f0b3200000804000d18a2b00e019020046
:10665000020000001e0f40000e80e8001300200022
:1066600000017800e1e02b003e009000b20e070030
:106670000000e0000e003200ae40900010c3b300f6
:1066800080cf50000a003a00600423008040eb00f5
:10669000014878009e007800f0b3200000804000a0
:1066a000a1322c00e0190200020000001e0f400081
:1066b0000080fa00000006000800fa003007980089
:1066c0000e80e800330020000001780011332c0018
:1066d0003e009000980e07000000e0000900320024
:1066e0000e80e800f4ef0200010000001040880076
:1066f000408020008040eb0001487800401f2000cf
:10670000d098880061332c00f0b32000e01902001b
:1067100002000000000f78009e007800f0b3200017
:1067200080804000104080000040780032c0b300fc
:106730002eee0200010000001e0f40009e007800b7
:10674000f0b320000080400091342c00e0190200da
:10675000020000001e0f4000012d23001e017800e2
:10676000f0b3200000004100e01902000200000028
:106770001e0f40000080fa00000006000a00fa0028
:106780003007980041079800130020000e017800a0
:10679000a1cb2b003e009000670e07000000e00038
:1067a0003b0032009e40780010c3b30080cf500001
:1067b000040032009e40780020c3b30080cf500018
:1067c00015003a001e4078008040780000cdb300ec
:1067d00080c04000e0dc20000148780064004700f1
:1067e00000017800f1342c003e0090000c1d0200e6
:1067f000020000000000e0000a003200e0dc20009f
:1068000010407800804078000134a000e0dc2000d7
:106810000148780003003700e0dc20008040eb00f6
:10682000014878004e0090000000e000180032009f
:1068300060052300104078000004e00014003a00d6
:10684000c20120008000eb00600523008e0d0200d5
:1068500000000000ce00900060052300e019020057
:1068600002000000640047000001780051352c0050
:106870003e0090000c1d0200020000000000e0003d
:10688000030032001007230011c0b3000148780054
:10689000e0dc2000104078000004e0000700320037
:1068a000f0b320008040eb0001487800a0022300f4
:1068b00011c0b3000148780011003700a1352c0049
:1068c000f0b32000e0190200020000002007980049
:1068d0002e00900080007800f0b3200080804000ff
:1068e000e0dc20001040780012c0b3002eee020061
:1068f00001000000ae009000010040002007980059
:106900000080fa00000006000200fa00000f780084
:1069100010c32200104078000081fb00f0c4220068
:10692000104078008080fb00103c8100821f7800be
:10693000811f7800801f7800b0362c00801f7800ff
:10694000f0b32000f00b020000000000e8875700c1
:106950000080fa00000006000400fa00000f780032
:1069600011079800e0dc200011c0b3000148780056
:10697000a002230011c0b300014878001e0090005f
:106980000000e0000e003200600523001040780097
:106990000004e0000a003a009e0090006005230019
:1069a000e0190200020000000007230011c0b3003c
:1069b00001487800100723008040eb000148780070
:1069c0000080fa00000006000e00fa005007980050
:1069d000610798000e80e800130020000001780095
:1069e00071382c005e009000d30d07000000e0001d
:1069f0001c003200ae40900010c3b30080cf5000a6
:106a000018003a0050e1200011c0b300014878009e
:106a10006e0090000000e000120032006e00900056
:106a2000104078000004e0000e003200ee009000fc
:106a300080e12000e0190200020000006e009000da
:106a40008040eb000148780060b1200010407800e1
:106a5000e94f500003003e0060b12000a1c0b30028
:106a6000014878000e80e800330020000001780023
:106a7000c1382c005e009000af0d07000000e00060
:106a80000b0032000e80e80090eb020001000000d5
:106a90000000fb00b0708800b07080000000e000d3
:106aa0000300320050e120008040eb0001487800f4
:106ab0000e80e800530020000001780031392c00de
:106ac0005e0090009c0d07000000e00022003200f4
:106ad0000e80e800f4ef020001000000000f7800d3
:106ae000809b81009e007800808f50001a00320049
:106af00000e823009e007800808f500016003e00c2
:106b00009e007800819b8900003723000536230012
:106b1000243623008001780022c0b300f12e20002b
:106b200000cab30074d60200010000000000eb00b0
:106b3000809b89000037230005362300243623007c
:106b40008001780022c0b300f12e200000cab300fb
:106b500084d70200010000000e80e80053002000ee
:106b60000001780081392c005e009000720d070052
:106b70000000e000220032000e80e800f4ef020086
:106b800001000000000f7800909b81009e007800bb
:106b9000808f50001a003200400125009e007800ce
:106ba000808f500016003e009e007800919b890067
:106bb0002037230005362300243623008001780087
:106bc00022c0b300112f200000cab30074d6020007
:106bd000010000000000eb00909b8900203723009b
:106be00005362300243623008001780022c0b3003c
:106bf000112f200000cab30084d70200010000005a
:106c00000e80e8005300200000017800d1392c00ec
:106c10005e009000480d07000000e00022003200f6
:106c20000e80e800f4ef020001000000000f780081
:106c3000a09b81009e007800808f50001a003200d7
:106c4000007721009e007800808f500016003e00e3
:106c50009e007800a19b8900403723000536230061
:106c6000243623008001780022c0b300312f200099
:106c700000cab30074d60200010000000000eb005f
:106c8000a09b8900403723000536230024362300cb
:106c90008001780022c0b300312f200000cab30069
:106ca00084d70200010000000e80e80033002000bd
:106cb00000017800313a2c005e0090001e0d0700a4
:106cc0000000e0001a0032000e80e8004eeb0200e7
:106cd00001000000004f98008e48900060372300ac
:106ce0001040780080cf500011003200680047004b
:106cf00005362300243623008001780012c0b3003b
:106d00004102200000cab30074d602000100000056
:106d100005362300243623006337230012c0b30056
:106d20004102200000cab30084d702000100000025
:106d3000f0b32000766b0200010000000080fa0032
:106d4000000006000a00fa0030079800410798008a
:106d50000e80e8003300200000017800a1cb2b005a
:106d60003e009000f40c07000000e0002500320017
:106d7000ae40900010c3b30080cf500021003a0015
:106d8000800c230011c0b3000148780060c9b30033
:106d90006e790200010000000004e00019003200da
:106da0004e0090000000e000130032002007230096
:106db000104078000004e00008003a00ce00900087
:106dc00020072300e019020002000000c008230091
:106dd00011c0b3000148780007003700ce009000d2
:106de000d0082300e019020002000000700a23000e
:106df00011c0b300014878004e0090008040eb00c5
:106e000001487800713a2c00f0b32000e01902002c
:106e100002000000000f78009e007800f0b3200010
:106e200080804000800c2300104078000041eb007f
:106e30002eee0200010000001e0f40000080fa004c
:106e4000000006001a00fa00889fbe00300f98006c
:106e5000410f9800630047003300200000017800d4
:106e6000a1cb2b003e089000b30c07000000e0000f
:106e70004d003200e0d82000904078002147980073
:106e8000be40900000c3b30080cf50001800320015
:106e9000e0d8200010407800804078000124a00055
:106ea000e0d8200001487800be40900030c3b30015
:106eb00080cf500007003a00e0d820001040780052
:106ec000804078000144a000e0d82000014878000c
:106ed0000d003700e0d82000104078008040780096
:106ee0000144a100e0d820000148780006003700e6
:106ef000e0d8200090407800b0ceb30080c06000a1
:106f0000e0d8200001487800e0d820001040780048
:106f1000ae40900080cf50002300320005362300a1
:106f200024362300e3d8200012c0b300a1032000c0
:106f300000cab30074d60200010000000536230029
:106f400024362300e3d8200012c0b300a1032000a0
:106f500000cab30084d7020001000000e0d820007e
:106f6000104078000080fb00640060000000e0003a
:106f700007003200c03623001040780080407800bf
:106f80000174a100c03623000148780006003700d4
:106f9000c036230010407800804078000174a000c3
:106fa000c03623000148780063004700330020000a
:106fb00000017800513b2c003e0890005e0c070059
:106fc0000000e0000e003200be40900010c3b3008d
:106fd00080cf500003003a00800c230011c0b300a2
:106fe00001487800be40900020c4b30080cf50001c
:106ff00003003a00800c230021c0b3000148780050
:10700000630047003300200000017800a13b2c0002
:107010003e089000480c07000000e0001a00320013
:10702000630047004eeb020001000000405798004b
:10703000ce509000001023001040780080cf500008
:107040001100320074004700053623002436230067
:107050008001780012c0b300c12e200000cab30026
:1070600074d60200010000000536230024362300f8
:107070000310230012c0b300c12e200000cab300c9
:1070800084d70200010000006300470033002000a5
:1070900000017800e13b2c003e089000260c070020
:1070a0000000e0001a003200630047004eeb0200cf
:1070b0000100000040579800ce50900010102300af
:1070c0001040780080cf500011003200740047005b
:1070d00005362300243623008001780012c0b30057
:1070e000d12e200000cab30074d6020001000000b7
:1070f00005362300243623001310230012c0b300ea
:10710000d12e200000cab30084d702000100000085
:10711000630047003300200000017800313c2c0060
:107120003e089000040c07000000e000220032003e
:10713000be40900010c3b30080cf50001e003a0044
:1071400070c9b3006e790200010000000004e00085
:10715000190032004e0890000000e00013003200d9
:1071600020072300104078000004e00008003a00e7
:10717000ce08900020072300e01902000200000062
:10718000c00823008040eb0001487800070037006a
:10719000ce089000d0082300e01902000200000091
:1071a000700a23008040eb00014878004e089000f0
:1071b0008040eb000148780063004700b3002000e6
:1071c00000017800813c2c003e089000da0b07009b
:1071d0000000e00021003200f0004700630047009b
:1071e0008041eb0062c0b300ca79020001000000d8
:1071f0000004e000190032000e0990009e09900082
:107200002087810031878100800f5100818f5900d4
:107210001200320070004700053623002436230098
:107220008001780042c0b300112d200000cab300d5
:1072300074d6020001000000400e23000536230032
:10724000243623008001780042c0b300112d2000b5
:1072500000cab30084d702000100000063004700a9
:10726000b300200000017800d13c2c003e089000c3
:10727000b10b07000000e00021003200f0004700e1
:10728000630047008041eb0062c0b300ca7902008e
:10729000010000000004e000190032000e09900017
:1072a0009e0990004087810051878100800f510026
:1072b000818f59001200320070004700053623000c
:1072c000243623008001780042c0b300512d2000f5
:1072d00000cab30074d6020001000000800e230033
:1072e00005362300243623008001780042c0b30015
:1072f000512d200000cab30084d702000100000015
:1073000063004700330020000001780021b62b0005
:107310003e089000880b07000000e0000b003200e0
:10732000be40900010c3b30080cf500004003a006c
:1073300011c0b30080c0b300e1ca070003003700ea
:107340008040eb0080c0b300ddca0700213d2c0067
:10735000f0b32000e019020002000000000f7800e6
:10736000e0d82000104078000080fb00640060003e
:107370000000e00016003200e0d820001040780045
:107380000080fb00700060000000e0000800320098
:107390009e007800f0b3200000804000d13d2c001a
:1073a000e0190200020000001e0f40000f0037002d
:1073b0009e007800f0b3200000804000b18a2b00ce
:1073c000e0190200020000001e0f40000700370015
:1073d0009e007800f0b3200000804000d18a2b008e
:1073e000e0190200020000001e0f40009e0078001d
:1073f000f0b320000080400081922b00e0190200d1
:10740000020000001e0f40009e007800f0b3200034
:1074100080804000c0362300104078000041eb001f
:107420002eee0200010000001e0f40009e007800ba
:10743000f0b3200000804000f13d2c00e019020074
:10744000020000001e0f40009e007800f0b32000f4
:107450008080400000102300104078000041eb00c5
:107460002eee0200010000001e0f40009e0078007a
:10747000f0b3200000804000413e2c00e0190200e3
:10748000020000001e0f40009e007800f0b32000b4
:107490008080400010102300104078000041eb0075
:1074a0002eee0200010000001e0f40009e0078003a
:1074b000f0b3200000804000a13e2c00e019020043
:1074c000020000001e0f40009e007800f0b3200074
:1074d000008140002087810031878100c3c0b30054
:1074e000f2ee0200010000001e0f40009e00780036
:1074f000f0b3200000804000013f2c00e0190200a2
:10750000020000001e0f40009e007800f0b3200033
:10751000008140004087810051878100c3c0b300d3
:10752000f2ee0200010000001e0f4000e0d8200033
:10753000104078000080fb00640060000000e00064
:107540009c0132009e007800f0b3200000804000d3
:10755000613f2c00e0190200020000001e0f4000f5
:107560009e007800f0b3200000814000508681002a
:1075700061868100c3c0b300f2ee0200010000008a
:107580001e0f40009e007800f0b3200000804000f5
:10759000c13f2c00e0190200020000001e0f400055
:1075a0009e007800f0b320000081400090868100aa
:1075b000a1868100c3c0b300f2ee0200010000000a
:1075c0001e0f4000b00d230010407800804078006e
:1075d000f0b320001e004000014878001e0fe800b4
:1075e000c0362300104078000080fb00700060006f
:1075f0000000e000080032009e007800f0b3200098
:1076000000804000e13f2c00e01902000200000071
:107610001e0f4000270037009e007800f0b32000c6
:107620000080400051402c00e019020002000000e0
:107630001e0f40009e007800f0b320000081400043
:107640006087810071878100c3c0b300f2ee020041
:10765000010000001e0f40009e007800f0b32000e3
:1076600000804000c13f2c00e01902000200000031
:107670001e0f40009e007800f0b320000081400003
:10768000a0878100b1878100c3c0b300f2ee020081
:10769000010000001e0f40009028210010407800db
:1076a00080407800f0b320001e00400001487800c0
:1076b0001e0fe8009e007800f0b32000008040001c
:1076c000b1402c00e0190200020000001e0f400033
:1076d0009e007800f0b32000008140007086810099
:1076e00081868100c3c0b300f2ee020001000000f9
:1076f0001e0f40009e007800f0b320000080400084
:10770000c13f2c00e0190200020000001e0f4000e3
:107710009e007800f0b3200000814000b086810018
:10772000c1868100c3c0b300f2ee02000100000078
:107730001e0f4000a00d230010407800804078000c
:10774000f0b320001e004000014878001e0fe80042
:10775000c0362300104078000080fb0070006000fd
:107760000000e000080032009e007800f0b3200026
:107770000080400011412c00e019020002000000ce
:107780001e0f4000270037009e007800f0b3200055
:107790000080400081412c00e0190200020000003e
:1077a0001e0f40009e007800f0b3200000814000d2
:1077b0008087810091878100c3c0b300f2ee020090
:1077c000010000001e0f40009e007800f0b3200072
:1077d00000804000c13f2c00e019020002000000c0
:1077e0001e0f40009e007800f0b320000081400092
:1077f000c0878100d1878100c3c0b300f2ee0200d0
:10780000010000001e0f4000802821001040780079
:1078100080407800f0b320001e004000014878004e
:107820001e0fe800c0362300104078000080fb00e7
:10783000700060000000e000080032009e00780048
:10784000f0b3200000804000e1412c00e01902006c
:10785000020000001e0f4000bd003700f0082000ad
:107860009e007800808f500027003c0098868100a1
:10787000a9868100a6878100b78781005486810090
:1078800065868100628781007387810090282100ce
:1078900090407800b00d23001040780000c06800d0
:1078a0000080fb000000e9004f00de00004078008f
:1078b000889fbe00e07a020001000000e4875700c4
:1078c000e0868900f18689009e007800f0b32000f0
:1078d0000080400001432c00e0190200020000007b
:1078e0001e0f40009e007800f0b320000081400091
:1078f000e0868100f1868100c3c0b300f2ee020091
:10790000010000001e0f4000f00820009e007800db
:10791000808f500027003c00b8868100c986810016
:10792000c6878100d78781007486810085868100a3
:107930008287810093878100802821009040780011
:10794000a00d23001040780000c068000080fb00fc
:107950000000e9004f00de0000407800889fbe0074
:10796000e07a020001000000e4875700e086890009
:10797000f18689009e007800f0b32000008040006e
:1079800061432c00e0190200020000001e0f4000bd
:107990009e007800f0b3200000814000e086810066
:1079a000f1868100c3c0b300f2ee020001000000c6
:1079b0001e0f4000f00820009e007800808f5000cd
:1079c00010003c009e007800f0b3200000804000d2
:1079d000c1432c00e0190200020000001e0f40000d
:1079e0009e007800f0b3200080804000c00f23008c
:1079f000104078000041eb002eee02000100000074
:107a00001e0f4000f00820009e007800808f50007c
:107a10000e003c009e007800f0b320000080400083
:107a200011442c00e0190200020000001e0f40006b
:107a30009e007800f0b3200080804000f087810035
:107a400060ec0200010000001e0f4000f008200062
:107a50009e007800808f50003d003c009e00780022
:107a6000f0b320000080400061442c00e0190200c7
:107a7000020000001e0f40009e007800f0b32000be
:107a800080804000a01023001040780022c0b30086
:107a90002eee0200010000001e0f40009e00780044
:107aa000f0b3200080804000801023001040780058
:107ab00022c0b3002eee0200010000001e0f4000a5
:107ac0009e007800f0b320008080400070102300fa
:107ad0001040780022c0b3002eee0200010000002a
:107ae0001e0f40009e007800f0b320008080400010
:107af000401023001040780022c0b3002eee020098
:107b0000010000001e0f40009e007800f0b320002e
:107b100080804000501023001040780022c0b30045
:107b20002eee0200010000001e0f40009e007800b3
:107b3000f0b32000808040006010230010407800e7
:107b400022c0b3002eee0200010000001e0f400014
:107b5000700920009e007800808f500015003c00c6
:107b6000e0d82000104078000080fb006800600032
:107b70000000e000080032009e007800f0b3200012
:107b800000804000b1442c00e01902000200000017
:107b90001e0f4000070037009e007800f0b3200061
:107ba0000080400041452c00e01902000200000066
:107bb0001e0f4000f0b320001e0040008040eb008c
:107bc000014878004f04be000080fa000000060063
:107bd0000600fa001007980021079800d1452c00f4
:107be000f0b32000e019020002000000000f78004e
:107bf000c0362300104078000080fb007000600059
:107c00000000e000080032009e007800f0b3200081
:107c100000804000b1462c00e01902000200000084
:107c20001e0f4000470037009e007800f0b3200090
:107c3000008140006087810071878100c3c0b3006c
:107c4000f2ee0200010000001e0f40009e007800ce
:107c5000f0b3200000804000c13f2c00e01902007a
:107c6000020000001e0f40009e007800f0b32000cc
:107c700000814000a0878100b1878100c3c0b300ac
:107c8000f2ee0200010000001e0f400090282100cb
:107c90001040780080407800f0b320001e004000c3
:107ca000014878001e0fe8009e007800f0b3200025
:107cb0000080400031472c00e01902000200000063
:107cc0001e0f40009e007800f0b3200000814000ad
:107cd0008087810091878100c3c0b300f2ee02006b
:107ce000010000001e0f40009e007800f0b320004d
:107cf00000804000c13f2c00e0190200020000009b
:107d00001e0f40009e007800f0b32000008140006c
:107d1000c0878100d1878100c3c0b300f2ee0200aa
:107d2000010000001e0f4000802821001040780054
:107d300080407800f0b320001e0040000148780029
:107d40001e0fe8009e007800f0b320000080400085
:107d500091472c00e0190200020000001e0f4000b5
:107d6000c0362300104078008080fb0010082000ff
:107d7000008060000000e00005003200f0b3200049
:107d80001e00400011c3b300014878000400370012
:107d9000f0b320001e00400001c3b300014878008a
:107da0001e0fe8009e007800f0b320000080400025
:107db000e1472c00e0190200020000001e0f400005
:107dc0009e007800f0b3200080804000c036230081
:107dd000104078000041eb002eee02000100000090
:107de0001e0f4000f0b320001e0040008040eb005a
:107df000014878000080fa00000006000800fa0040
:107e0000200798003107980061482c00f0b320004b
:107e1000e019020002000000000f78000000eb00f3
:107e2000100798009e007800f0b32000808040008a
:107e30001e0090004200dd000080e80072ff20007c
:107e40006240780022c0b3002eee02000100000064
:107e50001e0f40009e007800f0b32000808040009c
:107e60001e0090004200dd0062ff200062407800aa
:107e700022c0b3002eee0200010000001e0f4000e1
:107e80009e007800f0b32000808040001e0090002b
:107e90004200dd0072ff20006240780022c0b30083
:107ea0002eee0200010000001e0f40009e00780030
:107eb000f0b32000808040001e0090004200dd00f2
:107ec0000080e80062ff20006240780022c0b3001a
:107ed0002eee0200010000001e0f40009e00780000
:107ee000f0b320000080400081902b00e0190200d8
:107ef000020000001e0f40001e0090000000e8007d
:107f0000100798001e009000f30f500004003c0082
:107f1000500920009e007800808f5000c1ff34007f
:107f20000080fa0000000600ca00fa0030a798009e
:107f300041a79800f1482c00f0b32000e01902009e
:107f400002000000000f7800414481000020200062
:107f5000008060000000e00053013a0010f0800053
:107f60000000e00050013a00807a22008040eb00df
:107f700001487800807e22008040eb0001487800b4
:107f80009e007800f0b3200000804000a1492c0042
:107f9000e0190200020000001e0f400065004700cb
:107fa000030c200000017800014a2c003ea0900044
:107fb000610807000000e0002b0032006500470068
:107fc00003042000827a2200514a2c005a0807003c
:107fd0000000eb0010079800030037001e0090001f
:107fe0000000e800100798009e009000f0032000b9
:107ff000808f50000f003c001e0090008080e80041
:10800000607a220000804000104078000004e00008
:10801000080032001e0090008080e800607a220094
:108020000080400090407800f0c2b30080cf500044
:10803000eaff3a009e009000807a22000080400013
:108040008040eb00014878001e009000690040006d
:10805000e50047000080400080007800807e22001c
:10806000e0190200020000009e007800f0b320003a
:1080700000804000514a2c00e0190200020000007c
:108080001e0f40009e007800f0b3200000804000ea
:10809000817a2200e0190200020000001e0f400059
:1080a0009e007800f0b320000080400041902b003b
:1080b000e0190200020000001e0f40009e00780040
:1080c000f0b3200000804000817e2200e019020011
:1080d000020000001e0f40009e007800f0b3200058
:1080e00000804000e14a2c00e0190200020000007c
:1080f0001e0f40006500470053002000000178007b
:10810000514b2c003ea090000b0807000000e0003f
:108110000500320065004700f4ef02000100000096
:10812000303d890002003700b01b2000303d89003f
:108130009e007800f0b3200080804000303d810038
:1081400060ec0200010000001e0f40009e0078005d
:10815000f0b3200000804000b14b2c00e019020079
:10816000020000001e0f40006500470013002000c1
:1081700000017800114c2c003ea09000ee07070093
:108180000000e00077003200650047004eeb02007f
:108190000100000081882200804878008088220049
:1081a000104078000004e00005003a00614c2c000b
:1081b00080862200e01902000200000069003700fa
:1081c0008088220010407800e14f500005003a00fe
:1081d000214d2c0080862200e019020002000000e0
:1081e000600037008088220010407800e24f500085
:1081f00005003a00214e2c0080862200e019020082
:1082000002000000570037008088220010407800ec
:10821000e34f500005003a00114f2c0080862200e9
:10822000e0190200020000004e00370080882200a2
:1082300010407800e44f50004a003a0065004700c3
:10824000130020000001780031502c003ea0900067
:10825000b90707000000e000420032006500470057
:108260004eeb020001000000404798004e40900095
:108270000080fb00e30f500021003200e30f5000ac
:1082800007003c00e10f500013003200e10f5000e6
:1082900016003c000000e0000a0032003100370008
:1082a000e50f500020003200e50f500019003500a6
:1082b000e60f500021003200e70f5000240032008a
:1082c00028003700c1942b0080862200e0190200ac
:1082d000020000002300370061952b0080862200f9
:1082e000e0190200020000001e00370081502c003f
:1082f00080862200e0190200020000001900370009
:1083000021512c0080862200e019020002000000aa
:108310001400370081982b0080862200e0190200ab
:10832000020000000f00370001962b00808622001b
:10833000e0190200020000000a003700a1962b009d
:1083400080862200e01902000200000005003700cc
:1083500041972b0080862200e019020002000000f5
:10836000000000009e007800f0b320000080400074
:10837000b1512c00e0190200020000001e0f400065
:1083800065004700630020000001780031522c0096
:108390003ea09000680707000000e00004003200e3
:1083a00065004700f4ef020001000000e09b890037
:1083b0009e007800f0b3200080804000e09b8100a8
:1083c00060ec0200010000001e0f40009e007800db
:1083d000f0b3200000804000a1522c00e019020000
:1083e000020000001e0f40006500470063002000ef
:1083f0000001780041532c003ea090004e0707007a
:108400000000e0000500320065004700fceb0200c0
:1084100001000000f09b8900019c89009e0078000b
:10842000f0b3200000814000f09b8100019c81009e
:1084300063c0b300f2ee0200010000001e0f400016
:10844000807a2200104078000004e0001f00320013
:10845000807e2200104078000004e0001a00320004
:108460004ea090000000e00005003200cea0900079
:1084700020892200e01902000200000003003700fa
:10848000208922008040eb000148780040448100b0
:108490000090a00040448900a08822008040eb00aa
:1084a00001487800090037009e007800f0b32000f2
:1084b00000804000d1532c00e019020002000000af
:1084c0001e0f40000100370000000000f0b3200044
:1084d0001e0040008040eb00014878000080fa0058
:1084e000000006005e00fa00302f9800412f98002f
:1084f000522f9800632f98000e80e800930120000f
:1085000000017800e1ce2b003e2890000a0707000a
:108510000000e0005e0032007c00470063002000a5
:1085200000017800f1542c003e289000020707005b
:108530000000e0006c0032007c0047008000780002
:1085400020b320006a0e0200000000000000e000de
:1085500065003a00300220000e0040009201200029
:108560008000eb008e0d02000000000030022000b1
:108570000e0040000436230023362300000178005b
:108580006102200000cab300781802000200000057
:108590000040eb00407f98008e80e8003002200011
:1085a0000e004000621d020002000000e54f500076
:1085b0004d00360010b3200010407800e34f50000b
:1085c00049003a0010b3200041c0b30001487800d0
:1085d0004e2890000000e000290032005e28900044
:1085e0000000e000260032006e2890000000e0004d
:1085f00023003200d00320000e00400031552c0033
:10860000e019020002000000000f78001e00780050
:10861000d10320008e80400000804000de289000c2
:10862000e0190200020000001e0f40001e0078004a
:10863000d10320008e80400000804000a11e2c004d
:10864000e0190200020000001e0f40001e0078002a
:10865000d10320008e80400000804000ee28900072
:10866000e0190200020000001e0f4000d0032000ad
:108670000e00400012c0b3008000eb00b7d9070025
:10868000a002230011c0b300014878001600370093
:108690000e80e8009301200000017800b12c2c002e
:1086a0003e289000a40607000000e000070032000a
:1086b000ae40900010c3b30080cf500003003a00da
:1086c00010b3200021c0b3000148780010b320008f
:1086d000104078000004e00003003a0010b32000ce
:1086e00011c0b3000148780071552c00f0b3200090
:1086f000e019020002000000000f78009e007800e0
:10870000f0b320008080400010b3200010407800bb
:108710000041eb002eee0200010000001e0f4000a1
:108720000080fa00000006001a00fa00889fbe00d0
:10873000300f9800410f9800d1562c00f0b3200064
:10874000e019020002000000100798009e0090004f
:10875000f0b3200000804000c1572c00e019020057
:10876000020000009e00900000804000100798006a
:108770009e009000f0b320000080400041582c0083
:10878000e0190200020000009e00900000804000fe
:10879000100798009e009000f0b320000080400079
:1087a00091582c00e0190200020000009e00900089
:1087b0000080400010079800650047000536230040
:1087c000243623008001780032c0b30071032000fa
:1087d00000cab30084d70200010000009e00900090
:1087e000f0b3200000804000c1432c00e0190200db
:1087f000020000009e0090000080400010079800da
:108800005e409000e14f400003003a0010c0b3000a
:10881000004f7800020037000040eb00004f780066
:108820009e009000f0b32000808040005e409000e9
:10883000b4ef0200010000009e00900000804000a4
:108840001007980010c0b300404798002000370080
:108850009e009000f0b320000080400081902b002b
:10886000e0190200020000009e009000008040001d
:10887000100798009e009000f0b320008080400018
:108880004e4090000080fb000000470050409000e8
:10889000b4ef0200010000009e0090000080400044
:1088a000100798004e4090000080fb000000470039
:1088b00050409000e14f4000020032000040eb00c9
:1088c000004f78004e4090000040e800404798007c
:1088d0004e409000e24f5000ddff3600730047002d
:1088e000130020000001780001592c003e08900080
:1088f000110607000000e000180032000040eb0005
:1089000040579800be509000f0c2b30080cf500096
:1089100007003600be50900090c3b30080cf5000d7
:1089200003003e001e407800e14f500002003a0074
:1089300000c3b3003057980073004700053623008a
:10894000243623008001780012c0b300e10120002a
:1089500000cab30074d60200010000009e0090001f
:10896000f0b320000080400041592c00e0190200c3
:10897000020000009e009000008040001007980058
:108980007300470005362300243623008001780059
:1089900012c0b300e101200000cab30084d7020076
:1089a000010000000040eb0040579800be509000ce
:1089b000f0c2b30080cf50000b003600be509000d4
:1089c00090c3b30080cf500007003e00be5090001f
:1089d00000c3b30080cf5000100032001e4078006a
:1089e000e14f50000d003a0000c3b300305798002b
:1089f0000040eb0040579800730047000536230005
:108a0000243623008001780012c0b300e101200069
:108a100000cab30074d6020001000000f300470052
:108a20001e019000f0b3200000004100e019020098
:108a3000020000009e009000008040001007980097
:108a4000a06b2200104078000004e0001300320008
:108a50009e009000f0b320000080400091592c004f
:108a6000e0190200020000009e009000008040001b
:108a700010079800a16b22001e019000f0b32000a7
:108a800000004100e0190200020000009e0090007a
:108a90000080400010079800090037009e009000f9
:108aa000f0b3200000804000015a2c00e0190200c1
:108ab000020000009e009000008040001007980017
:108ac00040612200104078000004e00013003200f2
:108ad0009e009000f0b3200000804000815a2c00de
:108ae000e0190200020000009e009000008040009b
:108af00010079800416122001e019000f0b3200091
:108b000000004100e0190200020000009e009000f9
:108b10000080400010079800090037009e00900078
:108b2000f0b3200000804000f15a2c00e019020050
:108b3000020000009e009000008040001007980096
:108b40009e009000f0b3200000804000715b2c007c
:108b5000e0190200020000009e009000008040002a
:108b600010079800916222001e019000f0b32000cf
:108b700000004100e0190200020000009e00900089
:108b80000080400010079800690047009300200013
:108b900000017800d15b2c003e08900066050700bc
:108ba0000000e000060032009e48900010c3b300b1
:108bb00080cf500002003a0010c0b300004f780090
:108bc0001e407800e14f500068003a0069004700fd
:108bd0009300200000017800315c2c003e089000da
:108be000550507000000e000600032000040eb0087
:108bf00040479800080037004e4090000080fb007e
:108c0000000047008040eb00514098004e4090002b
:108c10000040e800404798004e409000e24f50006e
:108c2000f5ff36000040eb00404798000000eb00e5
:108c30001007980026003700e90047001e0090004a
:108c40000080400090407800a0c3b30080cf500067
:108c500004003a004e4090000040e8004047980071
:108c6000180037004e4090000080fb00ce4090007e
:108c70008180fb0081004700d1409000c408dd00e6
:108c800000004700514098004e4090000084fb00d7
:108c90004e4090000080fb0000004700d044900050
:108ca000e90047001e00900000804000104078005e
:108cb000a2ed02000100000080c07400080047001f
:108cc000514098001e0090000000e8001007980036
:108cd000e90047001e00900000804000104078002e
:108ce0000004e000030032004e409000e24f5000cc
:108cf000d1ff36004e409000e24f50001b003a007a
:108d000065004700053623002436230080017800e3
:108d100032c0b3007103200000cab30074d6020051
:108d20000100000000c3b300305798000040eb0082
:108d3000405798007300470005362300243623006f
:108d40008001780012c0b300e101200000cab30026
:108d500074d60200010000000040eb00305798007c
:108d600073004700ce0890006ffe07004f04be005e
:108d70000080fa00000006000200fa00000f7800f0
:108d8000715c2c00f0b32000e0190200020000002a
:108d90000080fa00000006000600fa0010079800a4
:108da00021079800d15d2c00f0b32000e0190200eb
:108db00002000000000f78009e007800f0b3200051
:108dc00000804000715e2c00e019020002000000eb
:108dd0001e0f40009e007800f0b32000008040008d
:108de000415f2c00e0190200020000001e0f40004d
:108df0009e007800f0b3200000804000c15f2c008e
:108e0000e0190200020000001e0f40000080fa007e
:108e1000000006000400fa00100798000040eb0074
:108e2000004f78001e0090000000e00003003a00b0
:108e300010c0b300004f780024003700e0d82000b5
:108e4000104078000080fb00620060000000e0003d
:108e5000170032001e00900090407800b0c2b300ae
:108e600080cf500012003a006004230010407800c8
:108e7000e14f500007003e006004230010407800de
:108e80008040e800600423000148780010c0b3006f
:108e9000004f78009e009000c0022300e0190200fd
:108ea00002000000700423009ed9020001000000af
:108eb0009e009000c0022300e019020002000000a2
:108ec000700423009ed90200010000001e407800bb
:108ed0000080fa00000006002800fa002017980021
:108ee00031179800c2978000d397800070942300b8
:108ef00051af27000002690081826900c29780009b
:108f0000d397800080e72d0031af25000001690074
:108f100081816900c6978000d797800060ae2700e6
:108f20004163220000006b0081806b0064034700f6
:108f3000849fbe00829fbe00809fbe0070602c0098
:108f4000801f780006007800f00b0200000000008f
:108f5000ee8757000000eb00100798000000eb00c0
:108f6000000f7800df0037001e007800ae10900080
:108f7000008040009e0078002e119000810041008a
:108f8000914078000141780001052100914178006d
:108f90009e0078008140780081c0610081417800a6
:108fa000640247009e0090008100420091407800da
:108fb00081c141009e0090008100e80081004700cf
:108fc000c140900081c141009e0090008180e80076
:108fd00081004700c140900081c0410081404100b4
:108fe000014878001e0090000000e800100798007b
:108ff000e40047001e009000008040001040780010
:109000000004e00002003a000000eb0010079800a6
:109010001e007800ae109000008040009040780064
:10902000f0c2b30080cf5000070034001e0078006b
:10903000ae109000008040009040780090c3b300d4
:1090400080cf5000a60034001e007800ae109000c3
:10905000008040009040780000c6b30080cf5000f0
:10906000070034001e007800ae1090000080400021
:1090700090407800a0c7b30080cf50009800340023
:109080001e007800ae1090000080400090407800f4
:1090900000c4b30080cf5000070034001e007800e9
:1090a000ae1090000080400090407800a0c5b30052
:1090b00080cf50008a0034001e007800ae1090006f
:1090c0000080400090407800a0c2b30080cf5000e4
:1090d000830032001e007800ae1090000080400037
:1090e0009040780030c2b30080cf50007c00320046
:1090f0001e007800ae109000008040009040780084
:10910000d0c2b30080cf5000750032001e0078003e
:10911000ae1090000080400090407800b0c2b300d4
:1091200080cf50006e0032001e007800ae1090001c
:10913000008040009040780010c2b30080cf500003
:10914000670032001e007800ae10900000804000e2
:109150009040780060c2b30080cf500060003200c1
:109160001e007800ae109000008040009040780013
:10917000c0c7b30080cf5000590032001e007800f5
:10918000ae109000008040009040780000c4b30012
:1091900080cf5000520032001e007800ae109000c8
:1091a0000080400090407800d0c3b30080cf5000d2
:1091b0004b0032001e007800ae109000008040008e
:1091c0009e0078002e1190008100410091407800af
:1091d000f143b200014878001e007800ae10900004
:1091e0000080400010407800e94f50000a003c0029
:1091f0001e007800ae109000008040009e007800b5
:109200002e11900081004100914078000143b00090
:1092100001487800270037001e007800ae1090004b
:10922000008040009040780030c2b30080cf5000f2
:109230000a003c001e007800ae1090000080400044
:109240009e0078002e11900081004100914078002e
:109250007145b00001487800160037001e00780004
:10926000ae1090000080400090407800d0c3b30062
:1092700080cf50000a003c001e007800ae10900025
:10928000008040009e0078002e1190008100410077
:1092900091407800fdc0400001487800050037008b
:1092a0001e007800ae10900000804000a1c2b30004
:1092b000014878001e007800ae1090000080400049
:1092c000104078000004e00005003a001e0078001d
:1092d000ae10900000804000a1c5b30001487800a6
:1092e0001e0fe8003e1090009e007800808f500016
:1092f0001dff35003e109000ae1090000080400031
:109300008040eb00014878002e1090000080fa00a9
:10931000000006006c00fa004037980051379800b2
:10932000c0978000d197800061004000e080480035
:10933000c0978800d1978800c0978000d19780009f
:10934000320220000e014100809fbe0010612c00ff
:10935000801f780002007800f00b0200000000007f
:10936000e687570051612c00f0b32000e01902009d
:1093700002000000000f78009e007800f0b320008b
:1093800000804000310220008e804000e019020081
:10939000020000001e0f40009e007800f0b3200085
:1093a0000080400001622c00e01902000200000071
:1093b0001e0f40000040eb00206798000e80e80080
:1093c00001022000c4fe07009e007800f0b32000d8
:1093d000008040008e80e800e019020002000000da
:1093e0001e0f4000310220008e8040000e80e800f9
:1093f0008ad20200010000009e007800f0b3200035
:109400000080400051622c00e019020002000000c0
:109410001e0f40009e007800f0b320000080400046
:10942000310220008e804000e0190200020000009e
:109430001e0f4000f0b320001e0040008040eb00f3
:10944000014878000080fa00000006000e00fa00d3
:10945000300798004107980052079800630798006a
:10946000f0b320008040eb00014878006400470022
:1094700000017800b1622c003e0090000c1d02003b
:10948000020000000000e00004003200a0022300ff
:1094900011c0b3000148780003003700a002230088
:1094a0008040eb00014878003e00900010407800ba
:1094b0000000fb006101b900f0fb2f00f1ff2f005d
:1094c0000200400083804800520120000300200079
:1094d000820f5000838f5800b3023e0000600100ed
:1094e0001500370030003700390037006f003700b3
:1094f000ad0237009c003700b9003700fa00370092
:109500000c013700a8023700a702370024013700fa
:1095100040013700a40237005d0137006f013700ba
:10952000a10237008a013700bd013700020237006f
:109530009d0237005902370011632c003e00900055
:109540000c190200020000000000e00003003200dd
:10955000ce0090003e00900089cc070071632c0083
:109560003e0090000c190200020000000000e00024
:1095700003003200ce0090003e00900009cc0700ae
:10958000d1632c003e0090000c1902000200000084
:109590000000e00063023200ce0090003e00900028
:1095a0002fcc07008002370011642c003e00900091
:1095b0000c190200020000000000e0005b02320013
:1095c000ce0090003e0090000ccd070076023700e0
:1095d00051642c003e0090000c19020002000000b3
:1095e0000000e00003003200ce0090003e0090003a
:1095f0003acd070091642c003e0090000c19020047
:10960000020000000000e00003003200ce009000e5
:109610003e009000ccce0700f1642c003e0090008c
:109620000c190200020000000000e00003003200fc
:10963000ce0090003e0090001bd2070051652c0028
:109640003e0090000c190200020000000000e00043
:1096500003003200ce0090003e009000fed20700d2
:1096600091652c003e0090000c19020002000000e1
:109670000000e00003003200ce0090003e009000a9
:109680008dd30700d1652c003e0090000c1902001c
:10969000020000000000e00026023200ce00900030
:1096a0003e009000c6ca07003f02370081662c00ca
:1096b0003e0090000c190200020000000000e000d3
:1096c00003003200ce0090003e009000b2fd070083
:1096d000f1662c003e0090000c1902000200000010
:1096e0000000e000040032000041eb00ce009000da
:1096f0003e00900099d5070021672c003e009000a5
:109700000c190200020000000000e000030032001b
:10971000ce0090003e009000f3d4070081672c003b
:109720003e0090000c190200020000000000e00062
:1097300003003200ce0090003e00900062d407008b
:10974000e1672c003e0090000c19020002000000ae
:109750000000e000f901320060a1200011c0b30058
:10976000014878001002370031682c003e0090005c
:109770000c190200020000000000e00006003200a8
:109780004e0090000000e00003003a00ce00900080
:109790003e00900065d6070081682c003e009000d6
:1097a0000c190200020000000000e000020032007c
:1097b0003e00900070fd0700c1682c003e00900044
:1097c0000c190200020000000000e000dd01320080
:1097d000ce0090003e009000bbd40700f20137009d
:1097e00001692c003e0090000c19020002000000ec
:1097f0000000e00003003200ce0090003e00900028
:109800007bd6070051692c003e0090000c19020025
:10981000020000000000e00003003200ce009000d3
:109820003e00900063ec0700a1692c003e00900010
:109830000c190200020000000000e00003003200ea
:10984000ce0090003e009000b4ec0700116a2c009e
:109850003e0090000c190200020000000000e00031
:1098600003003200ce0090003e009000d8f80700c0
:10987000816a2c003e0090000c19020002000000da
:109880000000e00003003200ce0090003e00900097
:109890002cf50700f16a2c003e0090000c19020024
:1098a000020000000000e000a80132003e0090002d
:1098b00063004000104078000004e0000600320021
:1098c0003e009000630040009040780000c2b3006a
:1098d00080cf50009f013a00ce0090003e009000e3
:1098e00058f50700b0013700316b2c003e009000a6
:1098f0000c190200020000000000e000030032002a
:10990000ce0090003e0090003cf90700716b2c00e7
:109910003e0090000c190200020000000000e00070
:109920008e013200ce0090003e0090007ef90700cc
:109930009d013700016c2c003e0090000c190200c4
:10994000020000000000e00003003200ce009000a2
:109950003e00900077ee0700516c2c003e00900016
:109960000c190200020000000000e00003003200b9
:10997000ce0090003e009000a4ee0700a16c2c00e9
:109980003e0090000c190200020000000000e00000
:1099900003003200ce0090003e009000d4ee07009d
:1099a000416d2c003e0090000c19020002000000e6
:1099b0000000e00003003200ce0090003e00900066
:1099c000c5ef0700a16d2c003e0090000c190200ad
:1099d000020000000000e00006003a00116e2c00ba
:1099e0003e0090000c190200020000000000e000a0
:1099f00003003200ce0090003e00900001ef07000f
:109a0000916e2c003e0090000c1902000200000034
:109a100065013700116f2c003e0090000c19020008
:109a2000020000000000e00003003200ce009000c1
:109a30003e00900026c50700916f2c003e0090006c
:109a40000c190200020000000000e00003003200d8
:109a5000ce0090003e0090009fc50700f16f2c00e3
:109a60003e0090000c190200020000000000e0001f
:109a70003c0132004e0090000000e0003b013a0043
:109a8000ce0090003e00900072c3070046013700f0
:109a900071702c003e0090000c19020002000000c2
:109aa0000000e00003003200ce0090003e00900075
:109ab0007bc8070011712c003e0090000c190200b9
:109ac000020000000000e0002a013200ce009000f9
:109ad0003e009000a8c807003301370081712c00b8
:109ae0003e0090000c190200020000000000e0009f
:109af00003003200ce0090003e00900055c80700e1
:109b0000b1712c003e0090000c1902000200000010
:109b10000000e0000400320012c0b300ce0090004c
:109b20003e009000c2f1070021722c003e00900020
:109b30000c190200020000000000e0000f013200da
:109b4000ce0090003e00900083f30700160137001e
:109b500091722c003e0090000c19020002000000df
:109b60000000e000060032004e0090000000e0001f
:109b700003003a00ce0090003e009000f3ef070093
:109b800031732c003e0090000c190200020000000e
:109b90000000e000060032004e0090000000e000ef
:109ba00003003a00ce0090003e00900030f0070025
:109bb000c1732c003e0090000c190200020000004e
:109bc0000000e00003003200ce0090003e00900054
:109bd00005f0070031742c003e0090000c190200c3
:109be000020000000000e00003003200ce00900000
:109bf0003e009000c7fd070071742c003e009000ed
:109c00000c190200020000000000e000dd0032003c
:109c1000ce0090003e0090003ef00700e2003700ca
:109c2000e1742c003e0090000c19020002000000bc
:109c30000000e000050032000041eb00ce00900083
:109c40003e0090007af10700d700370011752c0014
:109c50003e0090000c190200020000000000e0002d
:109c6000050032004e0090000000e00002003a00c3
:109c70003e009000fbf0070051752c003e00900064
:109c80000c190200020000000000e0000500320094
:109c90004e0090000000e00002003a003e009000fc
:109ca000caf0070081752c003e0090000c190200dc
:109cb000020000000000e00003003200ce0090002f
:109cc0003e00900000f10700a1b12b003e00900083
:109cd0000c190200020000000000e0000300320046
:109ce000ce0090003e00900024f10700f1752c009a
:109cf0003e0090000c190200020000000000e0008d
:109d000003003200ce0090003e009000e9f1070011
:109d100071762c003e0090000c1902000200000039
:109d20000000e00099003200ce0090003e0090005c
:109d300034f107009c003700b1762c003e00900003
:109d40000c190200020000000000e00029003200af
:109d50004e0090000000e00026003a0080802000c5
:109d6000104078000004e0000400320080802000f1
:109d70008040eb000148780003003700808020001d
:109d800011c0b3000148780011772c00f0b3200017
:109d9000e019020002000000200798002e00900049
:109da00080007800f0b32000808040008080200098
:109db000104078000041eb002eee02000100000090
:109dc000ae00900001004000200798002e00900097
:109dd00080007800f0b3200000804000118c2b0040
:109de000e019020002000000ae00900001004000f7
:109df00020079800d1772c003e0090000c1902003b
:109e0000020000000000e000040032004e0090005c
:109e10000000e00001003a00ffff370021782c002d
:109e20003e0090000c190200020000000000e0005b
:109e3000050032004e0090000000e00002003a00f1
:109e40003e009000b0f2070071782c003e009000b8
:109e50000c190200020000000000e00003003200c4
:109e6000ce0090003e00900044f2070011792c00d3
:109e70003e0090000c190200020000000000e0000b
:109e8000440032004e0090000000e00043003a0021
:109e90003e00900008f2070043003700d1792c0003
:109ea0003e0090000c190200020000000000e000db
:109eb00003003200ce0090003e009000c2f2070086
:109ec000217a2c003e0090000c19020002000000d4
:109ed000917a2c003e0090000c1902000200000054
:109ee0000000e00003003200ce0090003e00900031
:109ef0000dfa0700117b2c003e0090000c190200a7
:109f0000020000000000e00026003200ee01900098
:109f10005e019000ce0090003e00900071f90700b5
:109f200021003700000000001f0037000000000083
:109f30001d003700000000001b003700000000007b
:109f40001900370000000000170037000000000073
:109f5000150037000000000013003700000000006b
:109f600011003700000000000f0037000000000063
:109f70000d003700000000000b003700000000005b
:109f80000900370000000000070037000000000053
:109f9000050037000000000003003700000000004b
:109fa0000100370000000000a002230010407800ec
:109fb0000004e00007003200f0b320008040eb0016
:109fc0000148780060b12000e1c1b3000148780089
:109fd00057003700f0b32000104078000004e00084
:109fe00034003a004e0090008afb0700204798009a
:109ff0002e4090000004e00022003200017c2c0082
:10a00000f0b32000e01902000200000020079800d1
:10a010000000eb00000f78000b0037002e009000ce
:10a020009e0078003e0190008100410011417800bf
:10a03000f1b32000827078002e0090000000e8004c
:10a04000200798001e0fe800ae009000400a200094
:10a05000808f500006003c001e007800be0090007b
:10a0600000804000104078000004e000ebff3a0060
:10a070002e009000f1b320000041eb0082707800c8
:10a080001b0037005a20020002000000807c2c00d8
:10a09000f61f0200020000004e009000f61f0200b2
:10a0a00002000000108c2b00f61f020002000000ce
:10a0b0000f0037004e0090000000e0000900320061
:10a0c000ce009000c00223006a0e020000000000d3
:10a0d0000000e00003003a00600423008040eb0031
:10a0e0000148780060b12000e1c1b3000148780068
:10a0f0004e0090000000e0000d003a00f0b3200098
:10a10000104078000004e00009003200f0b32000a5
:10a11000f61f020002000000108c2b00f61f020048
:10a1200002000000f0b320008040eb0001487800fe
:10a130000080fa00000006000e00fa0030079800c8
:10a140004107980052079800630798000000eb0051
:10a15000000f78003e0090000000e0004300320055
:10a160006400470000017800ce0090003e0090009f
:10a170000c1d0200020000000000e0003b00320065
:10a180004e0090000aee020001000000ae009000b8
:10a1900001004000200798000000eb001007980025
:10a1a0000e0037001e009000de009000008040008e
:10a1b000ae0090003e019000810041009140780087
:10a1c000014878002e0090000000e8002007980069
:10a1d0001e0090000000e800100798009e0090000c
:10a1e0006e009000808f500019003d002e009000fe
:10a1f000be009000008040009040780000c2b30094
:10a2000080cf5000120032002e009000be0090005f
:10a210000080400010407800ea4f50000c003200ef
:10a220002e009000be00900000804000104078009a
:10a23000ed4f5000060032002e009000be0090004e
:10a2400000804000104078000004e000d5ff3a0094
:10a250001e009000de009000008040008040eb0077
:10a260000148780010002000000f78001e007800e0
:10a270000080fa00000006000e00fa003007980087
:10a280004107980052079800630798000000eb0010
:10a29000000f78003e0090000000e0004300320014
:10a2a0006400470000017800ce0090003e0090005e
:10a2b0000c1d0200020000000000e0003b00320024
:10a2c0004e0090000aee020001000000ae00900077
:10a2d00001004000200798000000eb0010079800e4
:10a2e0000e0037001e009000de009000008040004d
:10a2f000ae0090003e019000810041009140780046
:10a30000014878002e0090000000e8002007980027
:10a310001e0090000000e800100798009e009000ca
:10a320006e009000808f500019003d002e009000bc
:10a33000be009000008040009040780000c2b30052
:10a3400080cf5000120032002e009000be0090001e
:10a350000080400010407800ea4f50000c003200ae
:10a360002e009000be009000008040001040780059
:10a37000ed4f5000060032002e009000be0090000d
:10a3800000804000104078000004e000d5ff3a0053
:10a390001e009000de009000008040008040eb0036
:10a3a0000148780010002000000f78001e0078009f
:10a3b0000080fa00000006000400fa001007980070
:10a3c0000040eb00004f7800040037001e009000b2
:10a3d0000000e800100798001e4fe8001e009000e3
:10a3e00010407800b41a0200020000000000e000f3
:10a3f000f6ff3a001e407800e44f500003003a0098
:10a4000010c0b300004f7800020037000040eb009e
:10a41000004f78001e4078000080fa00000006001f
:10a420000800fa001007980021079800624798007a
:10a430006e4090000080fb006100600000407800ea
:10a440000004e0000700320012c0b300ae0090002c
:10a450001e00900098fc020001000000004f7800f0
:10a46000060037000041eb00ae0090001e00900097
:10a4700098fc020001000000004f78001e407800a8
:10a48000e14f500007003a000002eb008001eb00b2
:10a49000a2f4220091ea2200107e2c00b6c0070030
:10a4a000060037000002eb008001eb001e01900067
:10a4b000ae009000907e2c00afc007001e407800d8
:10a4c0000080fa00000006000800fa00204798000b
:10a4d0002107980032079800117f2c0070a12000fe
:10a4e000e019020002000000000f78004201200085
:10a4f0008000eb0000fe20008e0d02000000000036
:10a5000000fe200005362300243623008001780059
:10a5100042c1b3004100200000cab30084d702004a
:10a520000100000040ff20008040eb00014878005f
:10a530009e00780070a120000080400001fe2000f5
:10a54000e0190200020000001e0f40009e0078008b
:10a5500070a1200000804000e17f2c00e019020083
:10a56000020000001e0f40009e00780070a1200035
:10a5700000804000be009000e019020002000000d0
:10a580001e0f40009e00780070a120000080400057
:10a59000a1d22b00e0190200020000001e0f4000b3
:10a5a0009e00780070a12000008040000041eb0078
:10a5b000800078002e4090002eee02000100000086
:10a5c0001e0f40009e00780070a120000080400017
:10a5d00081922b00e0190200020000001e0f4000d3
:10a5e0009e00780070a1200080804000106d8000e7
:10a5f00060ec0200010000001e0f40009e00780089
:10a6000070a120000080400041802c00e019020071
:10a61000020000001e0f40009e00780070a1200084
:10a620000080400082640200010000000080fb0006
:10a630001e0f400012c0b30071a120002e00900038
:10a6400077ff07000080fa00000006000c00fa0007
:10a650002047980021079800320798004307980088
:10a66000244f98002e4890000004e00006003200bd
:10a6700091802c0070a12000e0190200020000006f
:10a68000000f780005003700a1812c0070a1200088
:10a69000e019020002000000000f780042012000d3
:10a6a0008000eb0000fe20008e0d02000000000084
:10a6b00000fe2000053623002436230080017800a8
:10a6c00042c1b3004100200000cab30084d7020099
:10a6d0000100000040ff20008040eb0001487800ae
:10a6e0009e00780070a120000080400001fe200044
:10a6f000e0190200020000001e0f40002e489000ea
:10a700000004e000080032009e00780070a12000e4
:10a710000080400071822c00e0190200020000005d
:10a720001e0f4000070037009e00780070a1200037
:10a730000080400051882b00e01902000200000058
:10a740001e0f40009e00780070a120000080400095
:10a75000be009000e0190200020000001e0f400041
:10a760002e4890000004e0001f003a009e00780090
:10a7700070a1200000804000a1d22b00e01902004f
:10a78000020000001e0f40009e00780070a1200013
:10a79000008040000041eb00800078002e409000d7
:10a7a0002eee0200010000001e0f40009e00780007
:10a7b00070a120000080400081922b00e01902006f
:10a7c000020000001e0f40009e00780070a12000d3
:10a7d00080804000106d800060ec020001000000ed
:10a7e0001e0f40000e0037009e00780070a1200070
:10a7f00000804000e1822c00e0190200020000000d
:10a800001e0f40009e00780070a120008080400054
:10a81000106d800060ec0200010000001e0f40007f
:10a820002e4890000004e000080032009e007800ee
:10a8300070a120000080400061832c00e01902001c
:10a84000020000001e0f4000070037009e00780045
:10a8500070a120000080400091872b00e0190200c9
:10a86000020000001e0f40009e00780070a1200032
:10a8700000804000800078004e00900060ec0200f4
:10a88000010000001e0f400012c0b30071a12000a3
:10a890002e009000e2fe07000080fa000000060093
:10a8a0000a00fa0020479800210798003207980014
:10a8b00043079800c1832c0070a12000e01902001a
:10a8c00002000000000f7800420120008000eb0031
:10a8d00000fe20008e0d02000000000000fe20009f
:10a8e00005362300243623008001780042c1b300de
:10a8f0004100200000cab30084d70200010000001c
:10a9000040ff20008040eb00014878009e00780066
:10a9100070a120000080400001fe2000e01902002c
:10a92000020000001e0f40009e00780070a1200071
:10a930000080400051882b00e01902000200000056
:10a940001e0f40009e00780070a120000080400093
:10a95000be009000e0190200020000001e0f40003f
:10a960009e00780070a1200000804000a1d22b0042
:10a97000e0190200020000001e0f40009e00780057
:10a9800070a12000008040000041eb0080007800b2
:10a990002e4090002eee0200010000001e0f40002d
:10a9a0009e00780070a120000080400091872b005d
:10a9b000e0190200020000001e0f40009e00780017
:10a9c00070a1200000804000800078004e009000c0
:10a9d00060ec0200010000001e0f40009e007800a5
:10a9e00070a120000080400081922b00e01902003d
:10a9f000020000001e0f40009e00780070a12000a1
:10aa000080804000106d800060ec020001000000ba
:10aa100012c0b30071a120002e00900080fe07003c
:10aa20000080fa00000006000800fa0020479800a5
:10aa3000210798003207980091842c0070a1200013
:10aa4000e019020002000000000f7800420120001f
:10aa50008000eb0000fe20008e0d020000000000d0
:10aa600000fe2000053623002436230080017800f4
:10aa700042c1b3004100200000cab30084d70200e5
:10aa80000100000040ff20008040eb0001487800fa
:10aa90009e00780070a120000080400001fe200090
:10aaa000e0190200020000001e0f40009e00780026
:10aab00070a120000080400051882b00e0190200a6
:10aac000020000001e0f40009e00780070a12000d0
:10aad00000804000be009000e0190200020000006b
:10aae0001e0f40009e00780070a1200000804000f2
:10aaf000a1d22b00e0190200020000001e0f40004e
:10ab00009e00780070a12000008040000041eb0012
:10ab1000800078002e4090002eee02000100000020
:10ab20001e0f40009e00780070a1200000804000b1
:10ab300081922b00e0190200020000001e0f40006d
:10ab40009e00780070a1200080804000106d800081
:10ab500060ec02000100000012c0b30071a12000ef
:10ab60002e0090002efe07000080fa000000060074
:10ab70000e00fa002047980021079800320798003d
:10ab8000034f9800144f9800254f9800364f9800b7
:10ab9000474f98004e4890000004e0000600320045
:10aba00061852c0070a12000e01902000200000065
:10abb000000f78000500370041862c0070a12000ae
:10abc000e019020002000000000f7800420120009e
:10abd0008000eb0000fe20008e0d0200000000004f
:10abe00000fe200005362300243623008001780073
:10abf00042c1b3004100200000cab30084d7020064
:10ac00000100000040ff20008040eb000148780078
:10ac10009e00780070a120000080400001fe20000e
:10ac2000e0190200020000001e0f40004e48900094
:10ac30000004e000080032009e00780070a12000af
:10ac40000080400071822c00e01902000200000028
:10ac50001e0f4000070037009e00780070a1200002
:10ac60000080400051882b00e01902000200000023
:10ac70001e0f40009e00780070a120000080400060
:10ac8000be009000e0190200020000001e0f40000c
:10ac90004e4890000004e0004f0032009e00780013
:10aca00070a1200000804000e1822c00e019020029
:10acb000020000001e0f40009e00780070a12000de
:10acc00080804000106d800060ec020001000000f8
:10acd0001e0f40009e00780070a120000080400000
:10ace00011872c00e0190200020000001e0f400036
:10acf0009e00780070a12000008040000041eb0021
:10ad0000800078000e4890002eee02000100000046
:10ad10001e0f40009e00780070a1200000804000bf
:10ad200041902b00e0190200020000001e0f4000bd
:10ad30009e00780070a12000008040000041eb00e0
:10ad4000800078001e4890002eee020001000000f6
:10ad50001e0f40009e00780070a12000008040007f
:10ad600061872c00e0190200020000001e0f400065
:10ad70009e00780070a12000008040000041eb00a0
:10ad8000800078003e4890002eee02000100000096
:10ad90001e0f40009e00780070a12000008040003f
:10ada000b1872c00e0190200020000001e0f4000d5
:10adb0009e00780070a12000008040000041eb0060
:10adc000800078002e4890002eee02000100000066
:10add0001e0f40001e0037009e00780070a120006a
:10ade00000804000a1d22b00e01902000200000008
:10adf0001e0f40009e00780070a1200000804000df
:10ae00000041eb00800078002e4090002eee020002
:10ae1000010000001e0f40009e00780070a120007d
:10ae20000080400081922b00e01902000200000027
:10ae30001e0f40009e00780070a12000808040001e
:10ae4000106d800060ec0200010000001e0f400049
:10ae500012c0b30071a120002e00900070fd070009
:10ae60000080fa00000006000600fa002047980063
:10ae70002107980011882c0070a12000e019020021
:10ae800002000000000f7800420120008000eb006b
:10ae900000fe20008e0d02000000000000fe2000d9
:10aea00005362300243623008001780042c1b30018
:10aeb0004100200000cab30084d702000100000056
:10aec00040ff20008040eb00014878009e007800a1
:10aed00070a120000080400001fe2000e019020067
:10aee000020000001e0f40009e00780070a12000ac
:10aef00000804000a1d22b00e019020002000000f7
:10af00001e0f40009e00780070a1200000804000cd
:10af10000041eb00800078002e4090002eee0200f1
:10af2000010000001e0f40009e00780070a120006c
:10af30000080400081922b00e01902000200000016
:10af40001e0f40009e00780070a12000808040000d
:10af5000106d800060ec02000100000022c0b30010
:10af600071a120002e0090002dfd07000080fa0046
:10af7000000006000201fa00889fbe008a9fbe0002
:10af80008c9fbe0040ff990051ff990062ff99001d
:10af900073ff990004479a0030c3b300004f780054
:10afa00010802000104078000083fb00008020000b
:10afb000104078008082fb007ef891000082fb0048
:10afc0006ef891008081fb001e81fb004ef891001d
:10afd0008080fb00800920000e004000861f780062
:10afe000851f7800841f7800831f7800821f7800f7
:10aff000811f780001612a00811f7800f00b020098
:10b0000000000000ee875700800920000e0040007d
:10b010003e2c0700a0c1b300005f99000040eb0088
:10b02000105f9900800920000e004000372c0700b7
:10b03000d0c0b300300107005a2002000200000017
:10b040000e4092008086fb007ef891000086fb0097
:10b050007ef891008085fb006ef891000085fb0072
:10b060006ef891008084fb001e84fb009e83fb0031
:10b070004ef891000083fb004ef891008082fb00a7
:10b0800010802000104078000082fb00108020001b
:10b09000104078008081fb00008020001040780084
:10b0a0000081fb0000802000104078008080fb00c1
:10b0b0000e00e8008d1f78008c1f78008b1f780031
:10b0c0008a1f7800891f7800881f7800871f780002
:10b0d000861f7800851f7800841f7800831f780002
:10b0e000821f7800811f7800f1632a00811f780099
:10b0f00061092000800b020000000000fc8757005f
:10b100000040eb00705799000e00e800f61f0200a7
:10b11000020000004f06be004f05be004f04be00f7
:10b120000080fa00000006009a00fa00408f9800a4
:10b13000536c8000426c800050d820001040780092
:10b140008080fb0040d72000104078000080fb008a
:10b15000831f7800821f7800811f7800801f78008d
:10b1600050d72000801f7800ce889000811f780083
:10b17000f06a2a00801f78000e007800d60b0200cb
:10b1800000000000ee8757000040eb006057990078
:10b190000e007800f61f0200020000000080fa0096
:10b1a000000006000800fa00000f78002147980010
:10b1b0002207980033079800a20120008000eb00ce
:10b1c00040d720008e0d02000000000040d7200074
:10b1d00011c0b300014878002e4090000004e00048
:10b1e0000600320040d720001040780080407800f0
:10b1f0000114a00040d7200001487800f200200090
:10b200009e00780050d72000e80e020000000000e9
:10b2100040d820008040eb000148780060d8200032
:10b22000e1c1b30001487800ae009000416c880095
:10b23000be009000516c880020312300104078003f
:10b24000e14f500004003a0020c5b300c4fe0200e4
:10b250000100000015003700920020009e007800d9
:10b26000306d2a00be0e0200000000000000e00069
:10b2700007003200920020009e007800d06d2a0066
:10b28000be0e0200000000000000e00004003a00d2
:10b2900040c5b300c4fe02000100000003003700f7
:10b2a00040c4b300c4fe020001000000706e2a001a
:10b2b0009dff07000080fa00000006009800fa00d9
:10b2c00050d82000104078000080fb00801f7800dc
:10b2d000f06e2a00801f7800c06f2a00801f78005f
:10b2e0000e007800d60b020000000000e687570031
:10b2f0000040eb00605799000e007800f61f020036
:10b300000200000050d82000104078000080fb00b0
:10b3100061006000004078000004e0000700320097
:10b3200040d7200041c0b3000148780060d8200019
:10b3300031c0b3000148780005003700a2012000a9
:10b340008000eb0040d720008e0d020000000000be
:10b350000080fa00000006000400fa002047980070
:10b360000040eb00004f78002e4090000004e00009
:10b370001300320060fc2000104078008040e8009c
:10b3800060fc20000148780060fc2000104078003c
:10b39000ea4f50000d003600800e2000d098880043
:10b3a000d0062100104078008040e800d00621003f
:10b3b0000148780010c0b300004f78000300370048
:10b3c00060fc20008040eb00014878001e407800bf
:10b3d0000080fa00000006000200fa00004f78002a
:10b3e000e0d82000104078000080fb006100600081
:10b3f000004078000004e0003d0032001e4078006c
:10b40000ed4f5000030032001e407800ea4f50001c
:10b410001c003a0050fc2000104078000004e000be
:10b420001400320050fc20009040780070ccb30033
:10b4300080cf50000f003e0050fc200010407800ec
:10b440000080fb00c1ef20000041eb00827078001b
:10b4500010722a00f61f020002000000c0ef200058
:10b46000f61f020002000000c0722a00f61f020050
:10b470000200000050fc20008040eb0001487800f2
:10b480001b00370050fc20009040780070ccb300c7
:10b4900080cf500016003e0050fc20001040780085
:10b4a0000080fb001e417800c1ef20008270780010
:10b4b00050fc2000104078008040e80050fc200044
:10b4c0000148780090ad2200104078009e4078003e
:10b4d00080cf500006003a0090ad22001040780066
:10b4e0000004e00002003200a0c0b300baff070071
:10b4f0000080fa00000006000200fa00004f780009
:10b50000e0d82000104078000080fb00610060005f
:10b51000004078000004e000390032001e4078004e
:10b52000ed4f5000030032001e407800ea4f5000fb
:10b5300021003a00b0ef2000104078000004e00045
:10b540002f003200b0ef20009040780080ccb30094
:10b5500080cf500029003e00b0ef2000104078005e
:10b560000080fb0021e320000041eb0082707800a6
:10b57000f0722a00f61f02000200000020e3200003
:10b58000f61f020002000000a0732a00f61f02004e
:10b5900002000000b0ef20008040eb00014878007e
:10b5a000820c20008000eb0020e320008e0d0200c2
:10b5b0000000000012003700b0ef2000904078003b
:10b5c00070ccb30080cf50000d003e00b0ef2000e3
:10b5d000104078000080fb001e41780021e320002d
:10b5e00082707800b0ef2000104078008040e800c2
:10b5f000b0ef200001487800010037000000000093
:10b600000080fa00000006005400fa00881f78004d
:10b6100020d798002ed090006fff070080b3220043
:10b62000904078002ed0900080cf50000b003a0060
:10b63000c05981000090a000c059890080c2b300a9
:10b6400065ff070010c3b30063ff070090c2b3009b
:10b6500061ff0700d0c0b3005fff0700a0b3220066
:10b66000904078002ed0900080cf500013003a0018
:10b67000c159810000202000008060000000e0002f
:10b680000e003200a0b322008040eb000148780099
:10b69000d05981000090a000d059890080c2b30029
:10b6a0004dff070020c3b3004bff070090c2b3005b
:10b6b00049ff0700d0c0b30047ff0700e1598100f0
:10b6c00000102000008060000000e0005800320000
:10b6d0002ed090000080fb00ed0f500023003200c0
:10b6e000ed0f500003003c00ea0f50003100320023
:10b6f0004f003700b1042000810f50000f003200ce
:10b70000f1042000810f500049003a00c0b322002c
:10b7100010407800e24f500004003a00c0b322000d
:10b7200031c0b3000148780041003700c0b32200a7
:10b730008040eb00014878003d003700c0b3220094
:10b7400010407800e34f500004003a00c0b32200dc
:10b7500041c0b3000148780035003700c0b3220073
:10b760008040eb000148780031003700c0b3220070
:10b77000104078000004e00004003200c0b3220052
:10b7800010407800e44f500006003a00c0b3220099
:10b79000104078008040e800c0b3220001487800e3
:10b7a00023003700c0b3220011c0b3000148780065
:10b7b0001f003700c0b3220010407800e14f500056
:10b7c00004003200c0b3220010407800e54f500062
:10b7d00013003a00c0b32200104078008040e80017
:10b7e000c0b3220001487800c0b3220010407800a6
:10b7f000e64f500008003a00e05981000090a00098
:10b80000e0598900e05981000080a100e0598900d9
:10b810000040eb00d0fe07000000000004003700ed
:10b82000c0b322008040eb00014878000000000017
:10b830002ed09000ea4f500047053a00e0c62200a3
:10b8400010407800e14f50003a003a00e159810081
:10b8500000202000008060000000e0003500320081
:10b86000f05981000000a000f0598900f0598100d2
:10b870000010a000f0598900806081009160810073
:10b8800061004000e080480080608900916089008c
:10b8900040c1220010407800e14f40000500320016
:10b8a00040c12200104078008040e80040c12200e2
:10b8b00001487800e0c622008040eb000148780093
:10b8c000f05981000030a100f0598900e0c0220049
:10b8d00010407800e14f500016003600e0c0220012
:10b8e000104078000080fb008000e900e0b32200f7
:10b8f0000080400090409000c0c7b30080cf50004f
:10b900000c003a00e0c02200104078008040e900be
:10b91000e0c0220001487800e0c02200104078001a
:10b920008080fb00e0b32200008040008040eb00fc
:10b9300011409800604581000000e00014053200cd
:10b9400060458100e18a22000041eb0082707800ae
:10b95000e0c6220010407800e14f50000f003a008e
:10b9600060458100e18a2200c2c7b300827078007e
:10b9700061458100d00f2000808f500003003e0001
:10b98000604581000000e800604589006045810055
:10b99000e18a22000041eb00827078000000eb0099
:10b9a00020079800c0b3220010407800e54f5000f7
:10b9b00025003200c0b3220010407800e64f50004e
:10b9c00021003200e18a2200e09a2200e019020000
:10b9d0000200000070c72200104078000004e00060
:10b9e00019003200e09a22008e0e020000000000d2
:10b9f000004078000041780071c72200e09a2200e0
:10ba0000aa190200020000000000e0000e0032004f
:10ba100042012000c1732a00c0c82000800d02002e
:10ba200000000000c0c82000f61f02000200000055
:10ba300060c7220011c0b3000148780070c722001f
:10ba40008040eb0001487800506480000000e00076
:10ba50001100350050648000e30f50000e003c00e0
:10ba6000c09c22008040eb000148780092622200d6
:10ba7000506480007f00b9000000780000004100a1
:10ba8000e19a22001e1a02000200000050648000a9
:10ba90000000e80050648800f059810061006000f7
:10baa0000000e000ff013a00f059810062006000f0
:10bab0000000e000fb013a0060458100e70f500004
:10bac0007f01360072c0b30001752a00e08a2200af
:10bad000aa190200020000000000e0007801320014
:10bae00010c0b300004f7800b9290700e0c622005b
:10baf000104078000004e000a2013a00e0c62200f5
:10bb000011c0b30001487800f05981000020a00066
:10bb1000f059890070c0b300104798000000eb0096
:10bb2000606089001f0037001e4090000080fb000d
:10bb3000e18a2200e1407800f0c2b30080cf5000db
:10bb4000150034001e4090000080fb00e18a2200b6
:10bb5000e140780090c3b30080cf50000e003c005d
:10bb6000606081006a00b9000000780060608900b0
:10bb7000686081001e4090000080fb00e18a220086
:10bb800061407800a2ed0200010000000080fb008f
:10bb900000004400606089001e4090000040e80002
:10bba000104798001e4090008080fb006045810097
:10bbb000808f50000d0031001e4090000080fb007f
:10bbc000e18a2200614078000004e00007003200b2
:10bbd0001e4090000080fb00e18a2200e1407800d6
:10bbe000c0c2b30080cf5000cfff3a001e4090008b
:10bbf0008080fb0060458100808f5000270131006c
:10bc00001e4090000080fb00e18a2200e1407800a5
:10bc1000c0c2b30080cf500020013a001e40900007
:10bc20000040e800104798001e4090000080fb0094
:10bc3000e18a2200614078000004e0000700320041
:10bc40001e4090000080fb00e18a2200e140780065
:10bc5000c0c2b30080cf5000f0ff3a001e409000f9
:10bc60000080fb00e18a2200e1407800c0c2b300fe
:10bc700080cf500009013a001e4090000040e800cb
:10bc8000104798001e4090000080fb00e18a2200cf
:10bc9000e140780020c2b30080cf5000ff003a009e
:10bca0000000eb00100798001e4090000040e800e4
:10bcb000104798000e0037001e4090000080fb00e7
:10bcc000e18a2200e14078001e01900000be2200bf
:10bcd00000004100014878001e4090000040e8004c
:10bce000104798001e0090000000e8001007980020
:10bcf0001e4090008080fb0060458100808f5000d6
:10bd0000100031001e4090000080fb00e18a2200fc
:10bd1000614078000004e0000a0032001e409000fc
:10bd20000080fb00e18a2200e140780020c2b300dd
:10bd300080cf5000030032001e009000f80f50002a
:10bd4000ddff34009e00900000be22000080400015
:10bd50008040eb00014878001e4090008080fb008e
:10bd600060458100808f5000cc0031001e40900063
:10bd70000080fb00e18a2200614078000004e000be
:10bd8000c60032001e4090000040e80010479800b6
:10bd90001e4090000080fb00e18a22006140780094
:10bda0000004e000070032001e4090000080fb000d
:10bdb000e18a2200e1407800c0c2b30080cf500089
:10bdc000f0ff3a001e4090000080fb00e18a220054
:10bdd000e1407800c0c2b30080cf5000af003a000d
:10bde0001e4090000040e800104798001e40900060
:10bdf0000080fb00e18a2200614078000004e0003e
:10be0000070032001e4090000080fb00e18a220003
:10be1000e1407800c0c2b30080cf5000f0ff3a008c
:10be20001e4090000080fb00e18a2200e140780083
:10be3000c0c2b30080cf500098003a001e4090006e
:10be40000040e800104798001e4090000080fb0072
:10be5000e18a2200e140780020c2b30080cf500088
:10be60008e003a001e4090000040e8001047980005
:10be7000e0c022008040eb00014878001500370048
:10be8000e0c02200104078000081fb001e409000be
:10be90000080fb00e18a2200e1407800a0bf220080
:10bea00000004100014878001e4090000040e8007a
:10beb00010479800e0c02200104078008040e80061
:10bec000e0c02200014878002e0090000000e80049
:10bed000200798001e4090008080fb006045810094
:10bee000808f5000110031001e4090000080fb0048
:10bef000e18a2200614078000004e0000b0032007b
:10bf00001e4090000080fb00e18a2200e1407800a2
:10bf1000c0c2b30080cf500004003200e0c0220055
:10bf200010407800e74f5000d5ff3600ae0090007b
:10bf3000f0092000808f500058003c00e0c0220033
:10bf4000104078008080fb00a0bf220000804000ed
:10bf50008040eb0001487800030037001e4090004d
:10bf60000040e800104798001e4090000080fb0051
:10bf7000e18a2200614078000004e00007003200fe
:10bf80001e4090000080fb00e18a2200e140780022
:10bf9000c0c2b30080cf5000f0ff3a001e409000b6
:10bfa0000080fb00e18a2200e1407800c0c2b300bb
:10bfb00080cf500039003a001e4090000040e80059
:10bfc00010479800e0c022008040eb000148780054
:10bfd00012003700e0c02200104078000081fb0012
:10bfe0001e4090000080fb00e18a2200e1407800c2
:10bff00020c0220000004100114098001e40900027
:10c000000040e80010479800e0c02200104078008f
:10c010008040e800e0c02200014878001e40900007
:10c020008080fb0060458100808f5000110031004e
:10c030001e4090000080fb00e18a220061407800f1
:10c040000004e0000b0032001e4090000080fb0066
:10c05000e18a2200e1407800b0c2b30080cf5000f6
:10c0600004003200e0c0220010407800e74f50008a
:10c07000d8ff3600e0c02200104078008080fb002e
:10c0800020c02200008040008040eb00114098005a
:10c09000f05981000020a100f0598900e0c0220081
:10c0a0008040eb0001487800f0b322008040eb00b4
:10c0b0000148780020c0b300004f780031003700fd
:10c0c0000040eb00004f7800e15981000020200083
:10c0d000008060000000e0002a003a00e0c6220074
:10c0e00010407800e14f500026003a000040eb007d
:10c0f0001047980012003700e0c02200104078007e
:10c100000081fb001e4090000080fb00e18a2200bd
:10c11000e1407800e0b322000000410011409800a7
:10c120001e4090000040e80010479800e0c0220048
:10c13000104078008040e800e0c02200014878000c
:10c140001e4090008080fb0060458100808f500081
:10c1500005003100e0c0220090407800f0c9b30033
:10c1600080cf5000e4ff3600e0c02200104078008d
:10c170008080fb00e0b32200008040008040eb00a4
:10c1800011409800e0c6220010407800e14f5000b6
:10c1900044003a001e407800e14f50000500320094
:10c1a000e159810000202000008060000000e000d4
:10c1b0003c003200f05981000000a000f0598900d5
:10c1c000f05981000010a000f059890080608100c2
:10c1d0009160810061004000e0804800806089003b
:10c1e00091608900e0c622008040eb0001487800a1
:10c1f00040c1220010407800e14f400005003200ad
:10c2000040c12200104078008040e80040c1220078
:10c21000014878001e4078000004e000040032006d
:10c22000f05981000030a000f05989000300370068
:10c23000f05981000030a100f0598900e0c02200cf
:10c2400010407800e14f500016003600e0c0220098
:10c25000104078000080fb008000e900e0b322007d
:10c260000080400090409000c0c7b30080cf5000d5
:10c270000c003a00e0c02200104078008040e90045
:10c28000e0c0220001487800e0c0220010407800a1
:10c290008080fb00e0b32200008040008040eb0083
:10c2a00011409800e0c62200104078000004e00031
:10c2b000a6023a0092c0b30081752a00e08a2200eb
:10c2c000aa190200020000000000e000060032008f
:10c2d000a0fd20008040eb0001487800e08a2200a9
:10c2e0000e7c02000100000052c0b30021762a003b
:10c2f000e08a2200aa190200020000000000e0000b
:10c300000e003a00a2c0b30081762a00e08a220023
:10c31000aa190200020000000000e00007003a0035
:10c32000a2c0b30031772a00e08a2200aa190200d5
:10c33000020000000000e0001a003200c0172100d7
:10c34000c210200001072100800d02000000000043
:10c35000e00421009ed902000100000072002000cc
:10c36000e104210000172100800d02000000000000
:10c37000e18a2200000721001e1a020002000000cc
:10c38000d0988000c08b880050da20009040780060
:10c39000a01721000148780050c7220011c0b30047
:10c3a00001487800b2c0b300e1772a00e08a220099
:10c3b000aa190200020000000000e0001d00320087
:10c3c00050d82000104078000080fb00680060001a
:10c3d0000000e0001000320050d820008040eb0048
:10c3e0000148780040d7200021c0b3000148780000
:10c3f00040d7200010407800804078000104a00061
:10c4000040d7200001487800c0d8200031c0b300d8
:10c410000148780005003700a20120008000eb00f1
:10c4200040d720008e0d020000000000a0782a00f6
:10c430003dfb0700d0a98000700060000000e00014
:10c4400094003a00b2c0b30011792a00e08a2200b9
:10c45000aa190200020000000000e0008d00320076
:10c46000b0c0b30060479800030037006e409000f2
:10c470000040e800604798006e4090000080fb009c
:10c48000e18a2200614078000004e00007003200e9
:10c490006e4090000080fb00e18a2200e1407800bd
:10c4a000c0c2b30080cf5000f0ff3a006e40900051
:10c4b0000080fb00e18a2200e1407800c0c2b300a6
:10c4c00080cf500003003a006e4090000040e8002a
:10c4d000604798006e4090008080fb00e08a220058
:10c4e00000804000fceb020001000000000078002a
:10c4f00060448900030037006e4090000040e8006f
:10c50000604798006e4090000080fb00e18a2200a6
:10c51000614078000004e000070032006e409000a7
:10c520000080fb00e18a2200e1407800c0c2b30035
:10c5300080cf5000f0ff3a006e4090000080fb007a
:10c54000e18a2200e1407800c0c2b30080cf5000f1
:10c5500003003a006e4090000040e80060479800f9
:10c560006e4090000080fb00e18a2200e1407800ec
:10c5700020c2b30080cf500023003a006e409000ec
:10c580000040e80060479800030037006e409000cc
:10c590000040e800604798006e4090000080fb007b
:10c5a000e18a2200614078000004e00007003200c8
:10c5b0006e4090000080fb00e18a2200e14078009c
:10c5c00020c2b30080cf5000f0ff3a006e409000d0
:10c5d0000080fb00e18a2200e140780020c2b30025
:10c5e00080cf500016003a006e4090000040e800f6
:10c5f00060479800120037006e4090000040e8004d
:10c600006047980001003700000000006e40900075
:10c610000080fb00e18a2200614078000004e00015
:10c62000070032006e4090000080fb00e18a22008b
:10c63000e1407800c0c2b30080cf5000eeff3a0066
:10c640006e4090000080fb00e18a2200e14078000b
:10c65000c0c2b30080cf500003003a006e4090008b
:10c660000040e800604798006e4090008080fb002a
:10c67000e08a220000804000fceb02000100000084
:10c6800070448900814489004044810000f0a0008a
:10c6900040448900d0a98000700060000000e000e4
:10c6a0005f003200e08a2200400798004e009000b0
:10c6b00090407800c0c3b30080cf50000f003a0014
:10c6c0004e0090000000e80090407800c0c3b30026
:10c6d00080cf500009003a004e0090000080e80032
:10c6e00090407800c0c3b30080cf500003003a00f0
:10c6f0004e00900063004000400798004e009000fc
:10c700009040780030c2b30080cf50000500320066
:10c710004e00900090407800b0c2b30080cf50002f
:10c720000c003a00ce0090006b004700811f78009b
:10c73000d1792a00811f7800d60b0200000000008a
:10c74000e48757006b004700f61f0200020000005c
:10c75000330037004e00900022c0b300817c2a00d5
:10c76000aa190200020000000000e0002c003a00bc
:10c770000040eb00204f98000e003700b0c1800051
:10c78000ae4890008180fb004e0190008100410086
:10c7900011417800615b21008100400082487800ef
:10c7a0000000e800b0c188002e4890000040e8007a
:10c7b000204f98002e4890000080fb00ce00900093
:10c7c00000804000104078000004e00004003200c7
:10c7d000b1c18000e0272000808f5000e7ff3600c5
:10c7e000b1c18000e0272000808f500007003e008c
:10c7f000b0c18000615b210081004000a2c0b30095
:10c80000824878000000e800b0c18800b1c1800013
:10c81000605b2100008040008040eb000148780010
:10c8200072c0b300b17c2a00e08a2200aa1902007b
:10c83000020000000000e000ea003200e08a22006e
:10c840008e0e020000000000eb0f5000e5003600e5
:10c85000e0aa2200104078008040e800e0aa220010
:10c8600001487800708b22009040780010c3b3001c
:10c8700080cf500085003a0010c32200104078009d
:10c880000080fb00e10f500020003200e10f50005b
:10c8900003003c000000e000060032007800370092
:10c8a000e20f5000c6003200e30f50006b00320070
:10c8b0007300370000812000104078000004e00081
:10c8c00008003a000081200051c0b3000148780000
:10c8d0005a20020002000000307d2a00f61f0200ec
:10c8e00002000000f0c42200104078000004e000c4
:10c8f000b50032005a20020002000000e07e2a004b
:10c90000f61f020002000000b600370090c0b3001e
:10c91000104798000000eb00100798000300370054
:10c920001e4090000040e800104798001e40900014
:10c930008080fb0060458100808f5000070031003f
:10c940001e4090000080fb00e18a2200e140780058
:10c9500020c2b30080cf5000f1ff3a001e4090008b
:10c960000080fb00e18a2200e140780020c2b30091
:10c9700080cf500023003a001e4090000040e800a5
:10c98000104798000000eb00100798000e003700d9
:10c990001e4090000080fb00e18a2200e140780008
:10c9a0001e01900060c1220000004100114098006b
:10c9b0001e0090000000e800100798001e40900044
:10c9c0000040e800104798001e4090008080fb0067
:10c9d00060458100808f50000a0031001e409000a9
:10c9e0000080fb00e18a2200e140780020c2b30011
:10c9f00080cf5000030032001e009000f80f50005e
:10ca0000e3ff34001e0090000000e00005003a0043
:10ca100061812a0070c12200e019020002000000ba
:10ca2000100798009e00900060c122000080400026
:10ca30008040eb001140980010c3220021c0b300d9
:10ca4000014878005a2002000200000050822a00ab
:10ca5000f61f02000200000062003700908b2200e7
:10ca60009040780000c3b30080cf500058003200df
:10ca7000b606a90040062000d0988800590037006b
:10ca800040062000d098880056003700708b2200a6
:10ca90009040780000c3b30080cf500051003a00ae
:10caa000f0c42200104078000080fb00e10f50002d
:10cab00040003500e20f500003003400e30f500047
:10cac000340032003b003700908b22009040780009
:10cad00020c3b30080cf500005003200908b2200ad
:10cae0009040780030c3b30080cf500003003a007c
:10caf000f0c4220021c0b30001487800908b2200ce
:10cb00009040780000c3b30080cf500018003a0076
:10cb1000f0c4220031c0b300014878009016230011
:10cb20008040eb000148780020c52200f0409000d2
:10cb300000c5b30080cf50000d00320020c5220098
:10cb400010007800610060000000e0000500320085
:10cb500020c52200e040900000c5b30080cf500007
:10cb60000300320000c5b300c4fe02000100000053
:10cb7000908b22009040780060c3b30080cf5000bb
:10cb800015003a00f0c4220061c0b30001487800eb
:10cb900014003700908b22009040780000c3b3004f
:10cba00080cf50000e00320040062000d098880050
:10cbb0000c00370040062000d0988800090037009c
:10cbc00000000000070037000000000005003700eb
:10cbd00000000000030037000000000001003700e3
:10cbe0000000000042c0b30031842a00e08a220025
:10cbf000aa190200020000000000e0005300320009
:10cc000010c32200104078000004e00021003a0028
:10cc1000f0c42200104078000004e0001d003a003b
:10cc2000103c8100e50f500005003a000040eb0089
:10cc300046fd02000100000030002000103c890089
:10cc400010c3220011c0b300014878005a2002002e
:10cc50000200000080842a00f61f0200020000008b
:10cc60000081200011c0b300014878000000eb00f3
:10cc7000707e8800007d2000607e88000000eb0050
:10cc8000407e8800d02a21008040eb0001487800d7
:10cc90002e0037005a20020002000000e0872a0020
:10cca000f61f020002000000e1882a00c0c8200030
:10ccb000e019020002000000100798009e0090009a
:10ccc000c0c820008080400010c3220010407800bf
:10ccd0000041eb002eee0200010000009e009000db
:10cce0000080400010079800c0c82000f61f020016
:10ccf0000200000041892a00c0c82000e01902009b
:10cd000002000000100798009e009000c0c820009c
:10cd100080804000f0c42200104078000041eb0009
:10cd20002eee0200010000009e00900000804000f6
:10cd300010079800c0c82000f61f02000200000083
:10cd4000a0732a00f61f0200020000000000eb00a2
:10cd5000604589000e0037002ed09000ed4f500046
:10cd60000b00320061458100f0092000808f5000e7
:10cd700007003e00604581002ed19000e18a22002c
:10cd800082707800604581000000e80060458900fd
:10cd90004f0478000080fa00000006001600fa0038
:10cda000200f9800a0892a00f61f02000200000050
:10cdb000d0988000801f7800608b2a00801f780048
:10cdc0000e007800d60b020000000000e487570038
:10cdd0000e007800f61f020002000000908b2a006f
:10cde000f61f0200020000002e089000d098880074
:10cdf000e05981000090a000e05989006000200007
:10ce0000103c890010c0b30053f907000080fa00fd
:10ce1000000006000200fa00000f780040782200af
:10ce200090407800a0c5b30080cf500006003200cb
:10ce3000417822001e007800e01902000200000084
:10ce400010c0b3001001370090b0220010407800ed
:10ce50000004e00008013200518c2a0090b022004a
:10ce600050190200020000000000e00006003a0035
:10ce7000b18c2a0090b0220050190200020000007c
:10ce80000000e00006003200118d2a001e0078002c
:10ce9000e01902000200000010c0b300fa003700e1
:10cea000818d2a0090b0220050190200020000007b
:10ceb0000000e0000c003a00e18d2a0090b0220052
:10cec00050190200020000000000e00006003a00d5
:10ced000418e2a0090b0220050190200020000008a
:10cee0000000e00006003200a18e2a001e0078003b
:10cef000e01902000200000010c0b300e200370099
:10cf0000118f2a0090b02200501902000200000088
:10cf10000000e00006003a00718f2a0090b0220065
:10cf200050190200020000000000e000060032007c
:10cf3000d18f2a001e007800e019020002000000d4
:10cf400010c0b300d000370021902a0090b022001a
:10cf500050190200020000000000e0000c003a003e
:10cf600081902a0090b022005019020002000000b7
:10cf70000000e00006003a00e1902a0090b0220094
:10cf800050190200020000000000e000060032001c
:10cf900041912a001e007800e01902000200000002
:10cfa00010c0b300b800370041922a0090b02200b0
:10cfb00050190200020000000000e00006003200ec
:10cfc000a1922a001e007800e01902000200000071
:10cfd00010c0b300ac003700a1932a0090b022002b
:10cfe00050190200020000000000e00006003a00b4
:10cff00001942a0090b022005019020002000000a3
:10d000000000e0000600320061942a001e00780053
:10d01000e01902000200000010c0b3009a003700bf
:10d02000f1942a0090b02200501902000200000082
:10d030000000e0000600320051952a001e00780032
:10d04000e01902000200000010c0b3008e0037009b
:10d0500001962a0090b02200501902000200000040
:10d060000000e0000600320061962a001e007800f1
:10d07000e01902000200000010c0b3008200370077
:10d0800051972a0090b022005019020002000000bf
:10d090000000e0000c003a00b1972a0090b0220096
:10d0a00050190200020000000000e00006003a00f3
:10d0b00011982a0090b022005019020002000000ce
:10d0c0000000e0000600320071982a001e0078007f
:10d0d000e01902000200000010c0b3006a0037002f
:10d0e00071992a0090b0220050190200020000003d
:10d0f0000000e00006003a00d1992a0090b022001a
:10d1000050190200020000000000e000060032009a
:10d11000319a2a001e007800e01902000200000087
:10d1200010c0b30058003700c19a2a0090b0220006
:10d1300050190200020000000000e0000c003a005c
:10d14000219b2a0090b0220050190200020000002a
:10d150000000e00006003a00819b2a0090b0220007
:10d1600050190200020000000000e000060032003a
:10d17000e19b2a001e007800e01902000200000076
:10d1800010c0b30040003700919c2a0090b02200ec
:10d1900050190200020000000000e000060032000a
:10d1a000f19c2a001e007800e01902000200000035
:10d1b00010c0b30034003700b19d2a0090b02200a7
:10d1c00050190200020000000000e00006003a00d2
:10d1d000119e2a0090b022005019020002000000a7
:10d1e0000000e00006003200319a2a001e0078009c
:10d1f000e01902000200000010c0b3002200370056
:10d20000719e2a0090b02200501902000200000016
:10d210000000e00006003200d19e2a001e007800c7
:10d22000e01902000200000010c0b3001600370031
:10d2300021a02a0090b02200501902000200000034
:10d240000000e00006003a0081a02a0090b0220011
:10d2500050190200020000000000e0000600320049
:10d26000e1a02a001e007800e01902000200000080
:10d2700010c0b300040037001e0078008040eb00af
:10d28000014878000040eb000080fa000000060032
:10d29000ea05fa00881f7800e0d8200010407800e6
:10d2a0000080fb0061006000004078000004e000a6
:10d2b00004003a0080802000104078000004e00064
:10d2c00013003200d1988000709c8100808f500044
:10d2d0000f003200719c8100d0988000811f78007f
:10d2e000801f7800f0a12a00801f7800c0c82000ad
:10d2f000d60b020000000000e6875700c0c82000df
:10d30000f61f020002000000d0988000709c890087
:10d31000d09880008000eb00022020000300200055
:10d32000820f5000838f5800ad223e000060010044
:10d3300000023700d3023700e80237001803370035
:10d340005003370086033700bf0337002604370039
:10d350005f0437009c043700e904370040053700bc
:10d36000790537005906370092063700f70637006f
:10d370003c07370087073700eb07370018083700ee
:10d38000972237004e0837007f083700b008370073
:10d39000e1083700120937004309370074093700e4
:10d3a000a5093700d6093700070a3700380a3700c1
:10d3b0008b223700770a37009a0a3700c10a3700f4
:10d3c00087223700e80a37002c0b37006b0b370039
:10d3d000371137005e113700812237008a1137007c
:10d3e0009c113700d1113700eb1137009b0b370030
:10d3f000d90b37007a223700f611370002123700b6
:10d400002713370033133700f2133700fe133700aa
:10d4100073223700722237007122370070223700e2
:10d42000601537007a153700a1153700b61537009b
:10d43000c8153700301637003c1637006822370011
:10d4400067223700662237006522370064223700e2
:10d4500063223700622237006122370060223700e2
:10d460005f2237005e2237005d2237005c223700e2
:10d470004e16370061163700b6163700d91637003a
:10d4800057223700fe1637000b173700542237009b
:10d490005322370052223700161737002a17370059
:10d4a00050173700621737004d2237004c223700e3
:10d4b0004b2237004a2237004922370048223700e2
:10d4c0008217370097173700bd173700c917370085
:10d4d00043223700422237004122370040223700e2
:10d4e0003f2237003e223700711937003c223700b7
:10d4f0003b2237007819370088193700d3193700d5
:10d5000037223700362237003522370034223700e1
:10d510003322370032223700f71737000818370058
:10d5200088183700a1183700c018370023193700b2
:10d530002b2237002a2237002922370028223700e1
:10d5400027223700262237002522370024223700e1
:10d5500023223700222237002122370020223700e1
:10d560001f2237001e2237001d2237001c223700e1
:10d570001b2237001a2237001922370018223700e1
:10d5800017223700162237001522370014223700e1
:10d5900013223700122237001122370010223700e1
:10d5a0000f2237000e2237000d2237000c223700e1
:10d5b000de193700051a37003f1a370008223700f6
:10d5c00007223700062237000522370004223700e1
:10d5d0000322370002223700441a3700641a37004a
:10d5e0009b1a3700fe213700fd213700fc21370050
:10d5f000fb213700fa213700f9213700f8213700e5
:10d60000f7213700f6213700f5213700f4213700e4
:10d61000f3213700f2213700f1213700f0213700e4
:10d62000ef213700ee213700ed213700ec213700e4
:10d63000eb213700ea213700e9213700e8213700e4
:10d64000e7213700e6213700e5213700e4213700e4
:10d650007e0b3700360e37005c0e3700b70e3700f2
:10d66000ec0e3700030f37000b0f3700dc213700bb
:10d67000540f3700780f3700210f3700970f37000e
:10d68000d50f3700311037003f103700d421370055
:10d69000491037004e103700d1213700d021370014
:10d6a000cf213700ce213700cd213700cc213700e4
:10d6b000cb213700ca213700c9213700c8213700e4
:10d6c000c7213700c6213700c5213700c4213700e4
:10d6d000991a3700a51a3700bb1a3700c71a370046
:10d6e000d31a3700ed1a3700011b3700081b37002b
:10d6f000521b37006c1b3700b9213700b8213700a7
:10d70000b7213700b6213700b5213700b4213700e3
:10d71000b3213700b22137003310370043103700f0
:10d72000af213700ae213700ad2137008b1b37000a
:10d73000ab213700aa213700a9213700a8213700e3
:10d74000901b3700a01b3700e81b37001a1c37005e
:10d75000a3213700a2213700a1213700a0213700e3
:10d760009f2137009e2137009d2137009c213700e3
:10d770009b2137009a2137009921370098213700e3
:10d7800097213700962137009521370094213700e3
:10d79000e31a3700ed1a3700f71a37001b1b370062
:10d7a000221b37008e2137008d2137008c21370056
:10d7b0008b2137008a2137008921370088213700e3
:10d7c00087213700862137008521370084213700e3
:10d7d00083213700822137008121370080213700e3
:10d7e000171c37002f1c3700991c37007c2137008d
:10d7f0007b2137007a2137007921370078213700e3
:10d8000077213700762137007521370074213700e2
:10d8100073213700722137007121370070213700e2
:10d820006f2137006e2137006d2137006c213700e2
:10d830006b2137006a2137006921370068213700e2
:10d8400067213700662137006521370064213700e2
:10d8500063213700622137006121370060213700e2
:10d860005f2137005e2137005d2137005c213700e2
:10d870005b2137005a2137005921370058213700e2
:10d8800057213700562137005521370054213700e2
:10d8900053213700522137005121370050213700e2
:10d8a0004f2137004e2137004d2137004c213700e2
:10d8b0004b2137004a2137004921370048213700e2
:10d8c00047213700462137004521370044213700e2
:10d8d00043213700422137004121370040213700e2
:10d8e0003f2137003e2137003d2137003c213700e2
:10d8f0003b2137003a21370039213700b40937007e
:10d9000037213700362137003521370034213700e1
:10d9100033213700322137003121370030213700e1
:10d920002f2137002e2137002d2137002c213700e1
:10d930002b2137002a2137002921370028213700e1
:10d9400027213700262137002521370024213700e1
:10d9500023213700222137002121370020213700e1
:10d960001f2137001e2137001d2137001c213700e1
:10d970001e013700340437006d043700b20437004d
:10d98000be04370016213700152137001421370057
:10d9900013213700122137001121370010213700e1
:10d9a0000f2137000e2137000d2137000c213700e1
:10d9b0000b2137000a2137000921370008213700e1
:10d9c00007213700062137000521370004213700e1
:10d9d00003213700022137000121370000213700e1
:10d9e000ff203700fe203700fd203700fc203700e5
:10d9f000fb203700fa203700f9203700f8203700e5
:10da0000f7203700f6203700f5203700f4203700e4
:10da1000f3203700f2203700f1203700f0203700e4
:10da2000ef203700ee203700ed203700ec203700e4
:10da3000eb203700ea203700e9203700e8203700e4
:10da4000e7203700e6203700e5203700e4203700e4
:10da5000e3203700e2203700e1203700e0203700e4
:10da6000541c3700a11c3700d51c3700551d37004a
:10da70004e1d370086203700d9203700d8203700c8
:10da8000d7203700d62037006f1d3700d42037004d
:10da9000d3203700d2203700d1203700d0203700e4
:10daa000cf203700ce203700cd203700cc203700e4
:10dab000cb203700ca203700c9203700c8203700e4
:10dac000c7203700c6203700c5203700c4203700e4
:10dad000c3203700c2203700c1203700c0203700e4
:10dae000bf203700be203700bd203700bc203700e4
:10daf000bb203700ba203700b9203700b8203700e4
:10db0000e01b3700e81b3700b5203700b420370092
:10db1000b3203700b2203700b1203700b0203700e3
:10db2000af203700ae203700f31b3700021c370050
:10db3000181c3700002f210080c0eb00014878003e
:10db4000002f210080c0eb0001487800b666a900d4
:10db5000508020008040eb00014878002f21070012
:10db60009821070090b32000c1c0b300014878009d
:10db7000203623008040eb0001487800400120005f
:10db8000009b8900206122008040eb000148780062
:10db900030c922008040eb0001487800306122004b
:10dba0008040eb0001487800b0ef20008040eb009f
:10dbb0000148780050fc20008040eb0001487800cc
:10dbc000f0aa22008040eb0001487800a0ad2200be
:10dbd0008040eb000148780090ad22008040eb00cf
:10dbe000014878000000eb001040880040802000d1
:10dbf0008040eb00014878005a200200020000003b
:10dc0000d0988000801f7800d0a22a00801f780062
:10dc1000c0c82000d60b020000000000e4875700b7
:10dc2000c0c82000f61f0200020000005a200200b7
:10dc300002000000b0a32a00f61f0200020000004c
:10dc4000a0732a00f61f020002000000419c200081
:10dc500010c0b30006a3020001000000001920005c
:10dc6000d09888000040eb0046fd02000100000053
:10dc70000000eb00407e88000000eb00507e880032
:10dc80000000eb00607e88000000eb00907e8800c2
:10dc9000007d2000b07e8800a0fd20008040eb00c9
:10dca000014878000000eb00707e88000000eb0067
:10dcb000807e88000000eb00a07e880020c9220042
:10dcc0008040eb0001487800e0aa22008040eb0091
:10dcd00001487800e0d620008040eb000148780041
:10dce00040b32200f1c3b3000148780040b32200e2
:10dcf00090407800a02821000148780040af220021
:10dd0000f1c3b3000148780050af22008040eb001f
:10dd1000014878000000eb00506488000c003700d8
:10dd2000506480007f00b90080007800906222007b
:10dd300000804000e20120008000eb008e0d020018
:10dd400000000000506480000000e800506488007b
:10dd500050648000e30f5000f1ff34000080eb00be
:10dd600050648800a0b322008040eb000148780096
:10dd700080b322008040eb000148780070c7220089
:10dd80008040eb000148780060c722008040eb0033
:10dd900001487800dcc6a800b6a6a8005a200200f8
:10dda00002000000d098800011002000811f780040
:10ddb000801f780090a42a00801f7800c0c820002f
:10ddc000d60b020000000000e6875700c0c8200004
:10ddd000f61f020002000000d1a9800000ff2f0002
:10dde00000806000d0a988008920370090b320000f
:10ddf000104078000004e0001900320090b32000c9
:10de0000104078008040e90090b32000014878007d
:10de1000419c200010c0b30006a3020001000000d6
:10de20005a2002000200000090b320001040780049
:10de30000080fb00801f780010a62a00801f780059
:10de4000c0c82000d60b020000000000e487570085
:10de5000c0c82000f61f02000200000005003700c5
:10de600010002000d0988800d0c6220061c9b300fd
:10de700001487800a0fd20008040eb0001487800b8
:10de80006320370070b322008040eb000148780027
:10de9000d0802000104078008040e800d080200032
:10dea00001487800ca200700e0a62a009720070052
:10deb00000e2240001002000805989009159890066
:10dec00020002000d0988800411f200010c0b3001f
:10ded00006a30200010000004d203700e159810037
:10dee00000202000008060000000e0000b003200f5
:10def00010002000103c8900b520070000e224003b
:10df000001002000805989009159890040a72a000a
:10df10007e20070030002000d098880080598100c2
:10df200091598100e00f5000e08f5800b31f3a0074
:10df3000b0a72a00f61f020002000000d19880005e
:10df4000000420000e004000811f7800618b2a0031
:10df5000811f7800d60b020000000000e487570004
:10df6000000420000e004000f61f02000200000026
:10df7000908b2a00f61f02000200000001fa200028
:10df800010c0b30006a302000100000010c0b300df
:10df9000f1f4070080112000d09888001c20370081
:10dfa000e159810000202000008060000000e000b6
:10dfb0000e00320086200700c0a92a005320070067
:10dfc00000e2240001002000805989009159890055
:10dfd0000000eb00a064890040c4b300c4fe02004e
:10dfe0000100000070022000d09888008059810054
:10dff00091598100e00f5000e08f58001c003a005a
:10e00000a0892a00f61f020002000000d1988000bb
:10e01000400520000e004000811f7800618b2a001f
:10e02000811f7800d60b020000000000e487570033
:10e03000400520000e004000f61f02000200000014
:10e04000908b2a00f61f0200020000002000200032
:10e05000d0988800e05981000090a000e059890024
:10e0600060002000103c890010c0b300baf4070023
:10e07000411f200010c0b30006a3020001000000f1
:10e08000e31f3700e159810000202000008060007c
:10e090000000e000090032004d20070020aa2a00fd
:10e0a0001a20070000e224000100200080598900a6
:10e0b0009159890050002000d09888008059810033
:10e0c00091598100e00f5000e08f58001c003a0089
:10e0d000a0892a00f61f020002000000d1988000eb
:10e0e000800620000e004000811f7800618b2a000e
:10e0f000811f7800d60b020000000000e487570063
:10e10000800620000e004000f61f02000200000002
:10e11000908b2a00f61f0200020000003000200051
:10e12000d098880060002000103c8900e0598100f0
:10e130000090a000e059890010c0b30086f40700e9
:10e14000411f200010c0b30006a302000100000020
:10e15000a0fd20008040eb0001487800ac1f370094
:10e16000e159810000202000008060000000e000f4
:10e170000f00320016200700e09a22008040eb00da
:10e180000148780010ab2a00e01f070050c72200aa
:10e190008040eb000148780000e2240001002000ec
:10e1a000805989009159890060002000d09888002a
:10e1b0008059810091598100e00f5000e08f580094
:10e1c0001c003a00a0892a00f61f0200020000008d
:10e1d000d1988000c00720000e004000811f780009
:10e1e000618b2a00811f7800d60b0200000000001e
:10e1f000e4875700c00720000e004000f61f020011
:10e2000002000000908b2a00f61f020002000000ae
:10e21000e05981000090a000e059890040002000f2
:10e22000d098880060002000103c890010c0b30026
:10e2300049f40700411f200010c0b30006a30200ec
:10e2400001000000721f3700e09a220010407800a1
:10e250000004e0003e00320082c0b300b1ab2a00ef
:10e26000e09a2200aa190200020000000000e0006b
:10e2700014003200609b2200104078000004e0008f
:10e2800010003200909c22008040eb000148780092
:10e29000619b2200a06b22001e1a020002000000f7
:10e2a00070002000d098880000e2240001002000c7
:10e2b000805989009159890020c922008040eb00d3
:10e2c0000148780050c72200104078000004e000a8
:10e2d0001f003200209c22008040eb0001487800a3
:10e2e000e19a2200a06b22001e1a02000200000028
:10e2f00050002000d098880060002000103c890069
:10e3000020c92200104078008040e80020c9220087
:10e31000014878005a2002000200000040ac2a00a8
:10e32000f61f020002000000e05981000090a000ea
:10e33000e059890020c9220010407800e44f5000c5
:10e34000b01e3600f00f2000d0988800301f370034
:10e350008059810091598100e00f5000e08f5800f2
:10e360001c003a00a0892a00f61f020002000000eb
:10e37000d1988000000920000e004000811f780025
:10e38000618b2a00811f7800d60b0200000000007c
:10e39000e4875700000920000e004000f61f02002d
:10e3a00002000000908b2a00f61f0200020000000d
:10e3b00050002000d0988800e05981000090a00013
:10e3c000e059890060002000103c890010c0b300b3
:10e3d000e1f30700411f200010c0b30006a30200b4
:10e3e000010000000a1f3700e159810000202000d1
:10e3f000008060000000e0000f003200741f070082
:10e40000e09a22008040eb000148780000ad2a002d
:10e410003e1f070000e2240001002000805989000f
:10e420009159890080002000d098880050c72200b0
:10e430008040eb00014878008059810091598100ab
:10e44000e00f5000e08f58001c003a00a0892a001d
:10e45000f61f020002000000d1988000400a200050
:10e460000e004000811f7800618b2a00811f780018
:10e47000d60b020000000000e4875700400a20008d
:10e480000e004000f61f020002000000908b2a00e0
:10e49000f61f02000200000050002000d098880003
:10e4a000e05981000090a000e05989006000200040
:10e4b000103c890010c0b300a7f30700411f2000e3
:10e4c00010c0b30006a3020001000000d01e3700f8
:10e4d000e09a2200104078000004e00014003200ae
:10e4e000209c22008040eb0001487800e19a220045
:10e4f000406122001e1a02000200000050c72200e4
:10e50000104078000004e0000300320060002000aa
:10e51000103c89000600370090002000d098880049
:10e5200000e22400010020008059890091598900ef
:10e530008059810091598100e00f5000e08f580010
:10e540001c003a00a0892a00f61f02000200000009
:10e55000d1988000800b20000e004000811f7800c1
:10e56000618b2a00811f7800d60b0200000000009a
:10e57000e4875700800b20000e004000f61f0200c9
:10e5800002000000908b2a00f61f0200020000002b
:10e5900070002000d0988800e05981000090a00011
:10e5a000e059890060002000103c890010c0b300d1
:10e5b00069f30700411f200010c0b30006a302004a
:10e5c00001000000921e3700e15981000020200068
:10e5d000008060000000e00023003200fc1e070005
:10e5e000e09a22008040eb000148780090ad2a00bc
:10e5f000c61e070000e224000100200080598900a7
:10e6000091598900a0002000d098880050c72200ae
:10e610008040eb00014878000000eb005064880067
:10e620000c003700506480007f00b9008000780043
:10e630009062220000804000e20120008000eb0098
:10e640008e0d020000000000506480000000e80011
:10e650005064880050648000e30f5000f1ff3400e4
:10e660000000eb00506488008059810091598100be
:10e67000e00f5000e08f58001c003a00a0892a00eb
:10e68000f61f020002000000d1988000c00c20009c
:10e690000e004000811f7800618b2a00811f7800e6
:10e6a000d60b020000000000e4875700c00c2000d9
:10e6b0000e004000f61f020002000000908b2a00ae
:10e6c000f61f02000200000070002000d0988800b1
:10e6d000e05981000090a000e0598900600020000e
:10e6e000103c890010c0b3001bf30700411f20003d
:10e6f00010c0b30006a3020001000000441e370052
:10e70000e09a2200104078000004e0000800320087
:10e7100050c72200104078000004e00004003200de
:10e72000400d2000d098880060002000103c890037
:10e73000e159810000202000008060000000e0001e
:10e740001f003200b0002000d09888005a2002003c
:10e750000200000040ae2a00f61f02000200000086
:10e760000000eb00506488000d0037009262220028
:10e77000506480007f00b900000078000000410074
:10e78000f61f020002000000b0ae2a00f61f0200d1
:10e7900002000000506480000000e800506488001f
:10e7a00050648000e30f5000f0ff3400d0ae2a0028
:10e7b000f61f0200020000000080eb005064880099
:10e7c0008059810091598100e00f5000e08f58007e
:10e7d0001e003a00a0892a00f61f02000200000075
:10e7e000d1988000000e20000e004000811f7800ac
:10e7f000618b2a00811f7800d60b02000000000008
:10e80000e4875700000e20000e004000f61f0200b3
:10e8100002000000908b2a00f61f02000200000098
:10e8200090002000d0988800e05981000090a0005e
:10e83000e059890060002000103c890010c0b3003e
:10e84000c5f207000080eb0050648800411f2000e3
:10e8500010c0b30006a3020001000000ec1d370049
:10e86000e159810000202000008060000000e000ed
:10e870000f003200561e0700e09a22008040eb0095
:10e8800001487800f0ae2a00201e070000e22400b4
:10e8900001002000805989009159890050c7220049
:10e8a0008040eb0001487800c0002000d09888002c
:10e8b0008059810091598100e00f5000e08f58008d
:10e8c0001c003a00a0892a00f61f02000200000086
:10e8d000d1988000400f20000e004000811f78007a
:10e8e000618b2a00811f7800d60b02000000000017
:10e8f000e4875700400f20000e004000f61f020082
:10e9000002000000908b2a00f61f020002000000a7
:10e9100090002000d0988800e05981000090a0006d
:10e92000e059890060002000103c890010c0b3004d
:10e9300089f20700411f200010c0b30006a30200a7
:10e9400001000000b21d3700e09a2200104078005c
:10e950000004e00016003200209c22008040eb0002
:10e9600001487800e19a2200506a22001e1a020033
:10e970000200000050c72200104078000004e000b0
:10e9800005003200000d2000d098880060002000b3
:10e99000103c89000600370000e22400010020003e
:10e9a000805989009159890010192000d098880059
:10e9b0008059810091598100e00f5000e08f58008c
:10e9c0001c003a00a0892a00f61f02000200000085
:10e9d000d1988000801020000e004000811f780038
:10e9e000618b2a00811f7800d60b02000000000016
:10e9f000e4875700801020000e004000f61f020040
:10ea000002000000908b2a00f61f020002000000a6
:10ea1000b0002000d0988800e05981000090a0004c
:10ea2000e059890060002000103c890010c0b3004c
:10ea300049f20700411f200010c0b30006a30200e6
:10ea400001000000721d3700e15981000020200004
:10ea5000008060000000e0000f00320040c722008c
:10ea60008040eb0001487800d91d0700e09a2200a1
:10ea70008040eb000148780080af2a00a31d07000a
:10ea800000e224000100200080598900915989008a
:10ea900020192000d0988800805981009159810068
:10eaa000e00f5000e08f58001c003a00a0892a00b7
:10eab000f61f020002000000d1988000c011200063
:10eac0000e004000811f7800618b2a00811f7800b2
:10ead000d60b020000000000e4875700c0112000a0
:10eae0000e004000f61f020002000000908b2a007a
:10eaf000f61f020002000000b0002000d09888003d
:10eb0000e05981000090a000e059890060002000d9
:10eb1000103c890010c0b3000ff20700411f200015
:10eb200010c0b30006a3020001000000381d37002a
:10eb3000e159810000202000008060000000e0001a
:10eb40001b00320040c722008040eb0001487800e3
:10eb5000d0002000d0988800e09a22001040780071
:10eb60000004e00012003200b2c0b30051b02a002d
:10eb7000e09a2200aa190200020000000000e00052
:10eb80000200320030192000d0988800b2c0b300d3
:10eb900011b12a00e09a2200aa1902000200000026
:10eba0000000e00002003200d0002000d098880071
:10ebb0008059810091598100e00f5000e08f58008a
:10ebc0001c003a00a0892a00f61f02000200000083
:10ebd000d1988000001320000e004000811f7800b3
:10ebe000618b2a00811f7800d60b02000000000014
:10ebf000e4875700001320000e004000f61f0200bb
:10ec000002000000908b2a00f61f020002000000a4
:10ec1000b0002000d0988800e05981000090a0004a
:10ec2000e059890060002000103c890010c0b3004a
:10ec3000c9f10700411f200010c0b30006a3020065
:10ec400001000000f21c3700611d0700e09a22005d
:10ec50008040eb0001487800d0b12a002b1d07004e
:10ec600000e22400010020008059890091598900a8
:10ec700040192000d0988800e51c3700e159810038
:10ec800000202000008060000000e00005003a0045
:10ec90008059810091598100e00f5000e08f5800a9
:10eca00005003a00b0b22a00f61f02000200000080
:10ecb000b00e2000d0988800411f200010c0b30083
:10ecc00006a3020001000000d11c3700e1598100b9
:10ecd00000202000008060000000e0000f003200f3
:10ece00040c722008040eb0001487800381d070033
:10ecf000e09a22008040eb0001487800e0b42a004e
:10ed0000021d070000e22400010020008059890054
:10ed100091598900e0002000d09888008059810036
:10ed200091598100e00f5000e08f58001c003a001c
:10ed3000a0892a00f61f020002000000d19880007e
:10ed4000401420000e004000811f7800618b2a00d3
:10ed5000811f7800d60b020000000000e4875700f6
:10ed6000401420000e004000f61f020002000000c8
:10ed7000908b2a00f61f020002000000b000200065
:10ed8000d0988800e05981000090a000e0598900e7
:10ed900060002000103c890010c0b3006ef1070035
:10eda000411f200010c0b30006a3020001000000b4
:10edb000971c3700e09a2200104078000004e00021
:10edc0003c003200c2c0b30081b52a00e09a2200a4
:10edd000aa190200020000000000e0000900320051
:10ede00020002000103c890020012000d0988800dd
:10edf00000e2240001002000805989009159890017
:10ee00002c003700e2c0b30051b62a00e09a22007d
:10ee1000aa190200020000000000e0000a0032000f
:10ee2000f0002000d098880020c922008040eb002c
:10ee30000148780000e22400010020008059890088
:10ee4000915989001b003700e2c0b30041b72a0086
:10ee5000e09a2200aa190200020000000000e0006f
:10ee600009003200900d2000d098880011c0b30036
:10ee700010002000be6902000100000060002000b8
:10ee8000103c89000b00370032c1b30031b82a00b2
:10ee9000e09a2200aa190200020000000000e0002f
:10eea00002003200800d2000d09888006000200011
:10eeb000103c89008059810091598100e00f500079
:10eec000e08f58001c003a00a0892a00f61f0200bb
:10eed00002000000d1988000801520000e00400044
:10eee000811f7800618b2a00811f7800d60b0200f9
:10eef00000000000e4875700801520000e0040004d
:10ef0000f61f020002000000908b2a00f61f02008c
:10ef100002000000d0002000d0988800e059810055
:10ef20000090a000e059890010c0b3000af107006a
:10ef300060002000103c8900411f200010c0b30079
:10ef400006a3020001000000311c3700420020002f
:10ef50008000eb00f0c622008e0d020000000000d1
:10ef6000f0c62200053623002436230080017800f5
:10ef700042c0b3008000eb0000cab30084d7020097
:10ef80000100000030c722008040eb0001487800fb
:10ef9000f0c62200dcd10200000000000004e00006
:10efa000150032008a1c070070b92a00571c0700a0
:10efb000f0c62200551c070010ba2a00531c070097
:10efc00000e2240001002000805989009159890045
:10efd00000012000d0988800411f200010c0b3001d
:10efe00006a302000100000020c922008040eb00bf
:10eff00001487800061c370020c922001040780024
:10f000008040e80020c92200014878005a20020010
:10f010000200000040ba2a00f61f020002000000b1
:10f020000171220010c0b30006a30200010000001d
:10f03000e05981000090a000e059890020c9220019
:10f0400010407800e24f5000701b360080bc2a0050
:10f05000f61f020002000000f00f2000d098880088
:10f06000eb1b3700e1598100002020000080600088
:10f070000000e00021003200e080200021c8b30041
:10f08000014878000081200021c0b30001487800c9
:10f090005a2002000200000050c02a00f61f0200a1
:10f0a0000200000030c92200104078000004e00097
:10f0b00006003a0030c9220011c0b30001487800b0
:10f0c000f02a210011c0b30001487800401c07005d
:10f0d00040c12a00ff1b070000e2240001002000bd
:10f0e000805989009159890010012000d09888002a
:10f0f000e09a22008040eb000148780080598100ae
:10f1000091598100e00f5000e08f58001c003a0038
:10f11000a0892a00f61f020002000000d19880009a
:10f12000c01620000e004000811f7800618b2a006d
:10f13000811f7800d60b020000000000e487570012
:10f14000c01620000e004000f61f02000200000062
:10f15000908b2a00f61f020002000000d000200061
:10f16000d0988800e05981000090a000e059890003
:10f1700060002000103c890010c0b30076f007004a
:10f18000411f200010c0b30006a3020001000000d0
:10f190009f1b3700e15981000020200000806000a3
:10f1a0000000e0002b00320062c0b300c1c12a00a1
:10f1b000e09a2200aa190200020000000000e0000c
:10f1c00020003200409b220010407800a2ed020097
:10f1d000010000000080fb0010079800509b2200f7
:10f1e00090407800f0c2b30080cf5000110034008e
:10f1f000509b22009040780090c3b30080cf500015
:10f200000c003c001e0090006a00b900000078006d
:10f2100010079800509b220010407800a2ed0200d9
:10f22000010000000080fb009e0090000080400074
:10f23000100798001e0090000040780068700200df
:10f24000010000000000eb00507e8800200120003b
:10f25000d09888008059810091598100e00f5000ba
:10f26000e08f58001a003a00a0892a00f61f020019
:10f2700002000000d1988000001820000e0040001d
:10f28000811f7800618b2a00811f7800d60b020055
:10f2900000000000e4875700001820000e00400026
:10f2a000f61f020002000000908b2a00f61f0200e9
:10f2b00002000000e05981000090a000e0598900a0
:10f2c00000012000d098880010c0b30022f0070091
:10f2d00060c72200104078000004e000cd1a320020
:10f2e000d0988000801f780030c22a00801f7800ec
:10f2f000c0c82000d60b020000000000e4875700c1
:10f30000c0c82000f61f020002000000411f2000bc
:10f3100010c0b30006a3020001000000e01f20009f
:10f32000d09888003a1b3700d08020008040eb0046
:10f3300001487800e1598100002020000080600031
:10f340000000e00009003200a11b0700d0c32a0022
:10f350006e1b070000e22400010020008059890094
:10f360009159890030012000d0988800805981008f
:10f3700091598100e00f5000e08f580013003a00cf
:10f38000a0892a00f61f0200020000004019200098
:10f390000e004000f61f020002000000908b2a00c1
:10f3a000f61f02000200000000012000d098880033
:10f3b000e05981000090a000e05989006000200021
:10f3c000103c890010c0b300e3ef0700411f20008c
:10f3d00010c0b30006a30200010000000c1b3700a0
:10f3e000e159810000202000008060000000e00062
:10f3f00011003200761b070000e22400010020000b
:10f40000805989009159890080c42a003f1b070058
:10f4100050012000d098880000e224000100200064
:10f420008059890091598900411f200010c0b30004
:10f4300006a302000100000080598100915981005b
:10f44000e00f5000e08f5800741a3a00a0892a009b
:10f45000f61f020002000000d1988000801a2000f0
:10f460000e004000811f7800618b2a00811f780008
:10f47000d60b020000000000e4875700801a20002d
:10f480000e004000f61f020002000000908b2a00d0
:10f49000f61f02000200000020012000d098880022
:10f4a000e05981000090a000e05989006000200030
:10f4b000103c890010c0b300a7ef0700d41a370032
:10f4c000e159810000202000008060000000e00081
:10f4d000090032003e1b070000e22400010020006a
:10f4e000805989009159890040c52a00071b0700ef
:10f4f00060012000d09888008059810091598100d6
:10f50000e00f5000e08f58001a003a00a0892a004e
:10f51000f61f020002000000d1988000c01b2000ee
:10f520000e004000811f7800618b2a00811f780047
:10f53000d60b020000000000e4875700c01b20002b
:10f540000e004000f61f020002000000908b2a000f
:10f55000f61f02000200000020012000d098880061
:10f56000e05981000090a000e059890010c0b3006c
:10f5700079ef0700411f200010c0b30006a302006e
:10f5800001000000a21a3700e1598100002020008c
:10f59000008060000000e000090032000c1b070042
:10f5a00000e224000100200080598900915989005f
:10f5b000f0c52a00d51a070070012000d0988800f5
:10f5c0008059810091598100e00f5000e08f580070
:10f5d0001a003a00a0892a00f61f0200020000006b
:10f5e000d1988000001d20000e004000811f78008f
:10f5f000618b2a00811f7800d60b020000000000fa
:10f60000e4875700001d20000e004000f61f020096
:10f6100002000000908b2a00f61f0200020000008a
:10f6200020012000d0988800e05981000090a000bf
:10f63000e059890010c0b30047ef0700411f2000c8
:10f6400010c0b30006a3020001000000701a3700ca
:10f65000e159810000202000008060000000e000ef
:10f6600009003200da1a070000e22400010020003d
:10f670008059890091598900e0c62a00a31a070021
:10f6800080012000d0988800805981009159810024
:10f69000e00f5000e08f58001a003a00a0892a00bd
:10f6a000f61f020002000000d1988000401e2000da
:10f6b0000e004000811f7800618b2a00811f7800b6
:10f6c000d60b020000000000e4875700401e200017
:10f6d0000e004000f61f020002000000908b2a007e
:10f6e000f61f02000200000020012000d0988800d0
:10f6f000e05981000090a000e059890010c0b300db
:10f7000015ef0700411f200010c0b30006a3020040
:10f71000010000003e1a3700e1598100002020005e
:10f72000008060000000e00009003200a81a070015
:10f7300000e22400010020008059890091598900cd
:10f7400070c72a00711a070090012000d098880025
:10f750008059810091598100e00f5000e08f5800de
:10f760001a003a00a0892a00f61f020002000000d9
:10f77000d1988000801f20000e004000811f78007b
:10f78000618b2a00811f7800d60b02000000000068
:10f79000e4875700801f20000e004000f61f020083
:10f7a00002000000908b2a00f61f020002000000f9
:10f7b00020012000d0988800e05981000090a0002e
:10f7c000e059890010c0b300e3ee0700411f20009c
:10f7d00010c0b30006a30200010000000c1a37009d
:10f7e000e159810000202000008060000000e0005e
:10f7f00009003200761a070000e224000100200010
:10f80000805989009159890010c82a003f1a0700c1
:10f81000a0012000d0988800805981009159810072
:10f82000e00f5000e08f58001a003a00a0892a002b
:10f83000f61f020002000000d1988000c0202000c6
:10f840000e004000811f7800618b2a00811f780024
:10f85000d60b020000000000e4875700c020200003
:10f860000e004000f61f020002000000908b2a00ec
:10f87000f61f02000200000020012000d09888003e
:10f88000e05981000090a000e059890010c0b30049
:10f89000b1ee0700411f200010c0b30006a3020014
:10f8a00001000000da193700e15981000020200032
:10f8b000008060000000e00009003200441a0700e8
:10f8c00000e224000100200080598900915989003c
:10f8d000c0c82a000d1a0700b0012000d098880087
:10f8e0008059810091598100e00f5000e08f58004d
:10f8f0001a003a00a0892a00f61f02000200000048
:10f90000d1988000002220000e004000811f780066
:10f91000618b2a00811f7800d60b020000000000d6
:10f92000e4875700002220000e004000f61f02006e
:10f9300002000000908b2a00f61f02000200000067
:10f9400020012000d0988800e05981000090a0009c
:10f95000e059890010c0b3007fee0700411f20006e
:10f9600010c0b30006a3020001000000a819370070
:10f97000e159810000202000008060000000e000cc
:10f9800009003200121a070000e2240001002000e2
:10f99000805989009159890070c92a00db19070034
:10f9a000c0012000d09888008059810091598100c1
:10f9b000e00f5000e08f58001a003a00a0892a009a
:10f9c000f61f020002000000d198800040232000b2
:10f9d0000e004000811f7800618b2a00811f780093
:10f9e000d60b020000000000e487570040232000ef
:10f9f0000e004000f61f020002000000908b2a005b
:10fa0000f61f02000200000020012000d0988800ac
:10fa1000e05981000090a000e059890010c0b300b7
:10fa20004dee0700411f200010c0b30006a30200e6
:10fa30000100000076193700e15981000020200004
:10fa4000008060000000e00009003200e0190700bb
:10fa500000e22400010020008059890091598900aa
:10fa600020ca2a00a9190700d0012000d0988800d8
:10fa70008059810091598100e00f5000e08f5800bb
:10fa80001a003a00a0892a00f61f020002000000b6
:10fa9000d1988000802420000e004000811f780053
:10faa000618b2a00811f7800d60b02000000000045
:10fab000e4875700802420000e004000f61f02005b
:10fac00002000000908b2a00f61f020002000000d6
:10fad00020012000d0988800e05981000090a0000b
:10fae000e059890010c0b3001bee0700411f200041
:10faf00010c0b30006a30200010000004419370043
:10fb0000e159810000202000008060000000e0003a
:10fb100009003200ae19070000e2240001002000b5
:10fb20008059890091598900d0ca2a0077190700a5
:10fb3000e0012000d098880080598100915981000f
:10fb4000e00f5000e08f58001a003a00a0892a0008
:10fb5000f61f020002000000d1988000c02520009e
:10fb60000e004000811f7800618b2a00811f780001
:10fb7000d60b020000000000e4875700c0252000db
:10fb80000e004000f61f020002000000908b2a00c9
:10fb9000f61f02000200000020012000d09888001b
:10fba000e05981000090a000e059890010c0b30026
:10fbb000e9ed0700411f200010c0b30006a30200ba
:10fbc0000100000012193700e159810000202000d7
:10fbd000008060000000e000090032007c1907008e
:10fbe00000e2240001002000805989009159890019
:10fbf00010c82a0045190700f0012000d09888009d
:10fc00008059810091598100e00f5000e08f580029
:10fc10001a003a00a0892a00f61f02000200000024
:10fc2000d1988000002720000e004000811f78003e
:10fc3000618b2a00811f7800d60b020000000000b3
:10fc4000e4875700002720000e004000f61f020046
:10fc500002000000908b2a00f61f02000200000044
:10fc600020012000d0988800e05981000090a00079
:10fc7000e059890010c0b300b7ed0700411f200014
:10fc800010c0b30006a3020001000000e018370016
:10fc9000e159810000202000008060000000e000a9
:10fca00018003200f0d520009040780020c52200d6
:10fcb0001140980020c522009040900040c6b3003b
:10fcc00080cf50000300360020c52200e1c0b30001
:10fcd0001140980000e224000100200080598900b2
:10fce000915989003a19070050c722008040eb0063
:10fcf0000148780080cb2a00041907002002200068
:10fd0000d09888008059810091598100e00f5000ff
:10fd1000e08f58001a003a00a0892a00f61f02005e
:10fd200002000000d1988000402820000e00400012
:10fd3000811f7800618b2a00811f7800d60b02009a
:10fd400000000000e4875700402820000e0040001b
:10fd5000f61f020002000000908b2a00f61f02002e
:10fd60000200000020012000d0988800e0598100a6
:10fd70000090a000e059890010c0b30076ed0700a4
:10fd8000411f200010c0b30006a3020001000000c4
:10fd90009f183700e159810000202000008060009a
:10fda0000000e00013003200203d8100610060008f
:10fdb0000000e0000d00320005190700b0cc2a0059
:10fdc000d2180700203d81000000a100203d8900dd
:10fdd0008038210001002000805989009159890054
:10fde00020022000d0988800020037003002200056
:10fdf000d09888008059810091598100e00f50000f
:10fe0000e08f580002003a00800c2000e3f3070066
:10fe1000813e200010c0b30006a3020001000000d4
:10fe20007b183700e159810000202000008060002d
:10fe30000000e0000200320030022000d09888006c
:10fe400050c72200104078000004e0000e0032008d
:10fe500090cd2a00f61f02000200000050c72200c9
:10fe60008040eb0001487800e05981000090a0003c
:10fe7000e0598900e05981000080a100e059890023
:10fe800030022000d098880080598100915981006b
:10fe9000e00f5000e08f580005003a00e059810063
:10fea0000090a000e059890030022000d09888001e
:10feb0004106200010c0b30006a3020001000000ac
:10fec00053183700e15981000020200000806000b5
:10fed0000000e00018003200f0b02200cdf307006f
:10fee000bb180700f0b02200104078000004e000ca
:10fef0000900320060cf2a0084180700f0b0220009
:10ff000082180700a0d02a008018070050022000a5
:10ff1000d098880004003700a0d12a007b18070081
:10ff200050022000d098880000e224000100200048
:10ff30008059890091598900805981009159810027
:10ff4000e00f5000e08f580002003a00f00120005e
:10ff500092f30700017d200010c0b30006a3020049
:10ff6000010000002a183700e1598100002020001c
:10ff7000008060000000e0000900320094180700d3
:10ff800000d32a006118070000e2240001002000cd
:10ff9000805989009159890030172000d098880035
:10ffa0008059810091598100e00f5000e08f580086
:10ffb00002003a00f001200078f30700410620001b
:10ffc00010c0b30006a302000100000010183700a3
:10ffd000e159810000202000008060000000e00066
:10ffe00005003200203d81000000a000203d890076
:10fff00060022000d098880050c72200104078008e
:020000040002f8
:100000000004e0000e00320050c722008040eb00e8
:1000100001487800203d81000000a100203d8900ba
:10002000e05981000090a000e0598900e05981006a
:100030000080a100e059890060022000d09888006b
:100040008059810091598100e00f5000e08f5800e5
:1000500005003a00203d81000000a100203d8900fc
:10006000600220004df307004106200010c0b300dd
:1000700006a3020001000000e5173700e1598100e6
:1000800000202000008060000000e0000800320036
:1000900000e2240001002000805989009159890064
:1000a00030002000103c8900800c2000d09888008f
:1000b00050c72200104078000004e0000b0032001e
:1000c00000e2240001002000805989009159890034
:1000d000e0d32a00f61f02000200000030002000da
:1000e000103c8900800c2000d09888008059810045
:1000f00091598100e00f5000e08f58001a003a003b
:10010000a0892a00f61f020002000000d19880009a
:10011000802920000e004000811f7800618b2a009a
:10012000811f7800d60b020000000000e487570012
:10013000802920000e004000f61f0200020000008f
:10014000908b2a00f61f0200020000002001200010
:10015000d0988800e05981000090a000e059890003
:1001600010c0b3007cec0700411f200010c0b3009a
:1001700006a3020001000000a5173700e159810025
:1001800000202000008060000000e000130032002a
:1001900000e2240001002000805989009159890063
:1001a000780047007201200011d62a00800d02005d
:1001b0000000000078004700d4170700e0c3b30038
:1001c00028180700f0022000d098880021032000a2
:1001d00010c0b30006a30200010000008059810096
:1001e00091598100e00f5000e08f58000d173a0040
:1001f000a0892a00f61f020002000000d1988000aa
:10020000c02a20000e004000811f7800618b2a0068
:10021000811f7800d60b020000000000e487570021
:10022000c02a20000e004000f61f0200020000005d
:10023000908b2a00f61f0200020000003000200010
:10024000d0988800e05981000090a000e059890012
:1002500010c0b30040ec07006d173700c159810092
:1002600000202000008060000000e0001600320046
:1002700020c522006042900020c52200d04190009d
:1002800020c522004041900020c52200b0409000cf
:1002900020c522002040900036eb0700cc17070055
:1002a00000032000d098880000fa20000100200000
:1002b0008059890091598900a10f200010c0b30016
:1002c00006a30200010000008059810091598100bd
:1002d000e00f5000e08f5800d4163a00a0892a00a1
:1002e000f61f020002000000d1988000002c2000c0
:1002f0000e004000811f7800618b2a00811f78006a
:10030000d60b020000000000e4875700002c2000fc
:100310000e004000f61f020002000000908b2a0031
:10032000f61f02000200000010c0b3000aec070034
:10033000e05981000090a000e0598900700220007f
:10034000d09888006109200010c0b30006a3020005
:10035000010000002e173700e15981000020200025
:10036000008060000000e00012003200a064810004
:100370000000e00009003a0010002000a06489009d
:1003800040002000d0988800e115200010c0b30084
:1003900006a302000100000006003700100720003d
:1003a000d0988800e115200010c0b30006a3020019
:1003b000010000008059810091598100e00f500038
:1003c000e08f58009b163a00a0892a00f61f020011
:1003d00002000000d1988000402d20000e00400057
:1003e000811f7800618b2a00811f7800d60b0200e4
:1003f00000000000e4875700402d20000e00400060
:10040000f61f020002000000908b2a00f61f020077
:1004100002000000e05981000090a000e05989002e
:10042000a06481000000e00005003a0010002000f8
:10043000a064890040002000d0988800f41637009e
:1004400010072000d0988800f116370030002000f7
:10045000103c890010f08000e10f500012003a00bb
:10046000d1a9800000102000008060000000e000a2
:100470000a00320040758100610060000000e00069
:1004800003003200c0032000d0988800e016370037
:10049000101d2000d0988800dd163700001d2000b8
:1004a000d0988800da163700b16d8000000820006f
:1004b000008060000000e0001300320010c3220042
:1004c000104078000004e0000f003a00f0c4220061
:1004d000104078000004e0000b003a00f059810061
:1004e000610060000000e00007003a00f059810060
:1004f000620060000000e00003003a00601020008d
:10050000d0988800c2163700406381006200600006
:100510000000e0001400320010c3220010407800f8
:100520000004e00010003a00f0c4220010407800ff
:100530000004e0000c003a00b16d800000082000cb
:10054000008060000000e00007003a00900c2000ee
:10055000d0988800e115200010c0b30006a3020067
:1005600001000000aa1637005080200010407800db
:100570000004e00003003200e01f2000d098880053
:10058000a316370020612200104078000004e0002c
:10059000210032002061220010407800e14f50001d
:1005a0000f003a0040b322009040780010c3b3001f
:1005b00080cf50000a00320040b322009040780003
:1005c00050c3b30080cf50000500320040b322007a
:1005d00090407800f0c3b30080cf50000e003a0086
:1005e0002061220010407800e24f500046003a009f
:1005f00040b322009040780010c3b30080cf500079
:100600000500320040b322009040780050c3b30090
:1006100080cf50003c003a0040b322009040780068
:1006200010c3b30080cf50000500320040b3220059
:100630009040780050c3b30080cf500018003a00bb
:10064000002b2100104078000080fb006800600053
:100650000000e0000e003200109b80000000e0006f
:100660000b003a00409b80000000e00008003a00c8
:10067000709b80000000e00005003a003369200014
:10068000120020008040eb0080d72a00c5ea070056
:100690002061220011c0b300014878001a00370021
:1006a000002b2100104078000080fb0068006000f3
:1006b0000000e00011003200109b80000000e0000c
:1006c0000e003a00409b80000000e0000b003a0062
:1006d000709b80000000e00008003a0090162300a4
:1006e0008040eb0001487800536920001200200090
:1006f0008040eb0020d82a00aaea070020612200ef
:1007000021c0b300014878001075810062006000cc
:100710000000e00023003200307581000000e0009e
:100720002000320020c52200100078006100600027
:100730000000e0001b003a0020c5220010007800f5
:10074000620060000000e0001600320040d7200088
:10075000104078000080fb00610060000000e000b5
:1007600010003a0023e92000120020008040eb0036
:10077000d06d2a008bea0700307581000000e90087
:1007800030758900307581000000e00005003a00f6
:10079000620020008000eb0020ea22008e0d0200a3
:1007a0000000000040d72000104078000080fb00cf
:1007b00061006000004078000004e0001800320092
:1007c00050d82000104078000080fb0061006000dd
:1007d0000000e00012003a00c0d82000104078006d
:1007e0000004e0000e003a0020c52200100078004e
:1007f000610060000000e00009003a0040d72000de
:10080000104078000080fb00640060000000e00001
:1008100003003a00200d2000d0988800fc15370016
:1008200040d72000104078000080fb00640060008a
:100830000000e00003003200500d2000d098880036
:10084000f315370010c3220010407800e34f50002a
:1008500003003a00b06081000020a100b060890070
:1008600010c3220010407800e24f50000e003a0002
:10087000b0608100620060000000e000040032000f
:10088000b0608100640060000000e00006003200fb
:10089000b06081000020a100b06089002005200028
:1008a000d0988800da153700517e8000703821001a
:1008b000808f50000300360020032000d09888006d
:1008c000d3153700617e8000f07c2000808f5000bf
:1008d0000d00360040b322009040780010c3b300f2
:1008e00080cf50000500320040b3220090407800d5
:1008f00050c3b30080cf500003003a000005200031
:10090000d0988800c2153700917e8000f0e1240065
:10091000808f50000300360040102000d0988800df
:10092000bb153700b07e80000000e00003003a00f5
:10093000c0122000d0988800b515370020c52200cd
:1009400010007800610060000000e0000300320049
:10095000e0062000d0988800ad15370000dd2000ab
:10096000104078000004e00003003200000a20007c
:10097000d0988800a615370040af2200904078003c
:10098000f0c3b30080cf50001a003a0050af2200ed
:10099000104078000004e00016003a00103c81008e
:1009a000e30f500013003a0060da20001040780096
:1009b000e54f50000f00340060da2000104078004e
:1009c000ff4f50000b003c0050da20001040780030
:1009d0000004e00007003200817e800080b5210025
:1009e000808f500003003600a0072000d0988800b8
:1009f0008715370010c32200104078000004e00083
:100a00000a003a00b06081000020a100b0608900b7
:100a1000f0c4220010407800e14f500003003a007b
:100a2000a0052000d098880079153700d062810099
:100a3000610060000000e00003003200a00a200016
:100a4000d098880072153700d02a21001040780015
:100a50000004e00013003200717e80000077210066
:100a6000808f50000f00360010c322001040780025
:100a70000004e0000b003a00f0c4220010407800af
:100a80000004e00007003a00f059810061006000b6
:100a90000000e00003003a0060062000d0988800c3
:100aa0005b153700a17e800080b52100808f50004b
:100ab0000f00360010c32200104078000004e00050
:100ac0000b003a00f0c42200104078000004e0005f
:100ad00007003a00f0598100610060000000e0006a
:100ae00003003a0050052000d098880048153700d0
:100af000f0598100640060000000e0000300320053
:100b0000d0022000d098880041153700f0598100ac
:100b1000620060000000e00003003200b00220002c
:100b2000d09888003a153700407581006100600058
:100b30000000e0002f003200d02a21001040780091
:100b40000004e0002b003a00a0282100904078002b
:100b5000f0c3b30080cf50002600320040b3220023
:100b60009040780010c3b30080cf500005003200e1
:100b700040b322009040780050c3b30080cf5000b3
:100b80001c003a00a0f42200d21a02000200000069
:100b90000000e0000e003200a0f4220010407800b7
:100ba0000004e0000a00320041758100000e2000c0
:100bb000008060000000e0000e003a00c00320004a
:100bc000d09888000000eb00407e880010153700a8
:100bd000407581000000a1004075890040758100ca
:100be0000040a10040758900a0f422008040eb0085
:100bf00001487800f0598100610060000000e000c9
:100c000047003a00f0598100620060000000e000f7
:100c100043003a0040758100610060000000e00080
:100c20003f003a00417e800070bb2000808f500062
:100c30003b00360030612200104078000004e000e4
:100c40001d00320030612200104078000000fb00df
:100c5000e20f500008003200a1052000810f500073
:100c600008003200e10f50000a003a00b00e2000e8
:100c7000d09888000700370080112000d0988800a5
:100c8000040037005080200011c0b30001487800f4
:100c900000000000306122008040eb000148780035
:100ca0005a20020002000000c0d82a00f61f0200ed
:100cb00002000000d614370080022000d09888007f
:100cc00070b32200104078000004e00014003a00e5
:100cd000a028210090407800f0c3b30080cf5000de
:100ce0000f00320040b322009040780010c3b300e0
:100cf00080cf50000500320040b3220090407800c1
:100d000050c3b30080cf500005003a00a00f200070
:100d1000d09888000000eb00407e8800bc143700ab
:100d200010c32200104078000004e00007003200e9
:100d3000f0c42200104078000004e00003003200fc
:100d400040062000d0988800b1143700b0608100c0
:100d5000610060000000e00004003a00a061810032
:100d6000610060000000e000030032004006200047
:100d7000d0988800a6143700103c8100e30f500083
:100d80000d003200103c8100e40f50000a003200d8
:100d9000103c8100e50f5000070032005a2002008d
:100da0000200000070da2a00f61f020002000000b4
:100db000800e2000d09888004063810062006000af
:100dc0000000e0001300320010c322001040780041
:100dd0000004e0000f003a00f0c422001040780048
:100de0000004e0000b003a00f0598100610060004f
:100df0000000e00007003a00f05981006200600046
:100e00000000e00003003a00900c2000d098880019
:100e10007f143700f0aa2200104078000004e000a0
:100e20000b00320040758100610060000000e000ae
:100e300004003200a0ad2200104078000004e00061
:100e400003003a00000f2000d0988800701437008b
:100e5000203d8100640060000000e00014003200ca
:100e6000203d8100610060000000e00007003200ca
:100e7000f0dc2a00f61f020002000000203d810085
:100e80000020a100203d890009003700203d81009d
:100e9000610060000000e00005003a00e0598100b8
:100ea0000090a000e059890020022000d09888001e
:100eb0004144810000202000008060000000e0002c
:100ec0000e003200203d8100610060000000e00063
:100ed00003003200c01c2000d09888004c1437005a
:100ee000203d8100610060000000e00003003a0046
:100ef000203d81000020a000203d8900d198800085
:100f0000800c2000808f5000cc133a00603121000b
:100f1000104078000004e000ca133a0021032000ca
:100f200010c0b30006a3020001000000381437000f
:100f3000c0df2a00f61f020002000000e0d82000f7
:100f4000104078000080fb00700060000000e000ae
:100f50000e003a0080fd200010407800e14f500064
:100f60000a003a0080fd20008040eb000148780034
:100f7000c0e02a0065140700411f200010c0b30024
:100f800006a30200010000002114370070e12a00ce
:100f90005e14070000e2240001002000805989004f
:100fa0009159890050c722008040eb000148780029
:100fb000a00c2000d0988800e115200010c0b300dc
:100fc00006a302000100000011143700e15981005e
:100fd00000202000008060000000e0001c003200c3
:100fe000406381000010a100406389005000200090
:100ff000103c890080a9230001002000805989004d
:1010000091598900b00c2000d0988800dcc6a90056
:10101000b6a6a9005a20020002000000d098800065
:101020008000eb00811f7800801f780090a42a00c8
:10103000801f7800c0c82000d60b0200000000000e
:10104000e6875700c0c82000f61f0200020000001b
:101050008059810091598100e00f5000e08f5800c5
:101060000f003a00d0988000801f780020e22a000c
:10107000801f7800c0c82000d60b020000000000ce
:10108000e4875700c0c82000f61f020002000000dd
:10109000800c2000d098880010c0b300aee8070094
:1010a00050c72200104078000004e0000d0032001c
:1010b000d0988000801f780020e32a00801f7800ed
:1010c000c0c82000d60b020000000000e4875700d3
:1010d000c0c82000f61f020002000000800c2000a3
:1010e000d098880060c72200104078000004e0001b
:1010f00056133200d0988000801f7800f0e42a0058
:10110000801f7800c0c82000d60b0200000000003d
:10111000e4875700c0c82000f61f0200020000004c
:10112000411f200010c0b30006a302000100000010
:10113000e01f2000d0988800b51337008059810047
:1011400091598100e00f5000e08f58002c003a00c8
:10115000d19b8000d0988000811f7800801f78008c
:1011600020e82a00801f7800c0c82000d60b0200ab
:1011700000000000e6875700c0c82000f61f0200ec
:1011800002000000d0ae2a00f61f0200020000009c
:101190000000eb00407e880041758100000e2000b9
:1011a000010070004075890070b322008040eb00a0
:1011b0000148780040b32200f1c3b3000148780031
:1011c00040b3220090407800a02821000148780018
:1011d00000132100507e8800406381000010a100b0
:1011e0004063890050002000103c8900800c2000e2
:1011f000d0988800c00c2000d09888008413370055
:101200002103200010c0b30006a30200010000006b
:101210007f133700dcc6a800b6a6a8005a2002003b
:1012200002000000d098800011002000811f78008b
:10123000801f780090a42a00801f7800c0c820007a
:10124000d60b020000000000e6875700c0c820004f
:10125000f61f020002000000813e200010c0b30013
:1012600006a3020001000000d00c2000d0988800e6
:1012700067133700c0c82a00a41307008038210074
:10128000010020008059890091598900e00c20005c
:10129000d09888005e1337008059810091598100f1
:1012a000e00f5000e08f580005003200e159810046
:1012b00000202000008060000000e000e512320005
:1012c00050da200010407800e34f500007003a0049
:1012d000602e210010407800f94f500003003200ca
:1012e000b06d80000070a000b06d88000013210078
:1012f000507e8800800c2000d0988800441337006e
:10130000f0d520009040780020c5220011409800c0
:1013100020c522009040900040c6b30080cf50000e
:101320000300360020c52200e1c0b3001140980040
:10133000a71307005a2002000200000070e92a00eb
:10134000f61f020002000000f0d5200010407800d7
:101350000080fb00801f780050ea2a00801f780080
:10136000c0c82200d60b020000000000e48757002e
:10137000c0c82200f61f02000200000090ea2a0006
:1013800062130700803e2000010020008059890080
:1013900091598900100d2000d098880050d7200066
:1013a000104078000004e000ac123a0040eb2a0044
:1013b000f61f020002000000000d2000d0988800f7
:1013c00013133700e15981000020200000806000e5
:1013d0000000e00005003a00805981009159810029
:1013e000e00f5000e08f58009e123a0040d72000d6
:1013f00010407800804078000104a10040d7200010
:101400000148780050d820001040780080407800d3
:101410000104a00050d820000148780040d72000e7
:10142000104078000080fb00620060000000e000d7
:101430000600320050d8200010407800804078002c
:101440000134a00050d8200001487800800c200012
:10145000d0988800ee123700e1598100002020006a
:10146000008060000000e00005003a008059810023
:1014700091598100e00f5000e08f58007b123a0034
:1014800053130700d0ec2a0020130700203123005b
:1014900010407800e14f500005003a00410620005e
:1014a00010c0b30006a302000100000004003700d2
:1014b000813e200010c0b30006a30200010000001e
:1014c000803821000100200080598900915989004d
:1014d000300d2000d0988800cd123700e1598100ee
:1014e00000202000008060000000e00005003a00bd
:1014f0008059810091598100e00f5000e08f580021
:101500005c123a0040d720001040780080407800fc
:101510000104a10040d72000014878002c130700e7
:1015200050c722008040eb000148780020312300a2
:1015300010407800e14f500005003a00813e200045
:1015400010c0b30006a30200010000000400370031
:10155000813e200010c0b30006a30200010000007d
:10156000e0ed2a00e912070050d72000e71207003b
:10157000d0ee2a00e5120700d0ae2a00e3120700e1
:101580005a20020002000000f0ee2a00f61f0200be
:101590000200000050d72000f61f020002000000e9
:1015a000a0732a00f61f020002000000400d200078
:1015b000d0988800810c200010c0b30006a3020060
:1015c00001000000803821000100200080598900be
:1015d000915989008e12370050c7220010407800c0
:1015e0000004e00005003a00805981009159810013
:1015f000e00f5000e08f580032003a00b0ef2a00b0
:10160000c9e6070050d820001040780080407800dc
:101610000124a00050d820000148780092c0b300f7
:10162000316d2a0050d72000aa19020002000000e4
:101630000000e0001d003200e512070050c7220044
:101640008040eb0001487800803821000100200034
:10165000805989009159890030f02a00f61f020054
:101660000200000092002000d16d2a0050d7200017
:10167000800d020000000000e0ed2a00a312070028
:10168000d06d2a00a1120700d0ee2a009f12070099
:10169000d0ae2a009d120700411f200010c0b300e9
:1016a00006a302000100000059123700800c200040
:1016b000d0988800419c200010c0b30006a302000f
:1016c00001000000e159810000202000008060003e
:1016d0000000e000e911320000e2240001002000d7
:1016e000805989009159890050d820001040780015
:1016f000804078000104a00050d820000148780004
:1017000040d72000104078000080fb00620060009d
:101710000000e0000600320050d8200010407800a1
:10172000804078000134a00050d8200001487800a3
:10173000800c2000d0988800810c200010c0b300dd
:1017400006a30200010000003112370090f12a00c8
:101750006e12070050d720006c120700d0ee2a004e
:101760006a120700d0ae2a006812070000e22400c7
:10177000010020008059890091598900600d2000e6
:10178000d09888002212370050d8200010407800ee
:101790000004e00005003200805981009159810069
:1017a000e00f5000e08f5800b6113a00800c200086
:1017b000d09888001612370080f22a00f61f020027
:1017c00002000000f00f2000d098880010123700af
:1017d00000f62a00f61f020002000000f00f2000b1
:1017e000d09888000a1237007912070050c72200eb
:1017f0008040eb000148780000e224000100200056
:10180000805989009159890030f92a003f12070058
:10181000b00f2000d09888004106200010c0b3000f
:1018200006a3020001000000f9113700e159810010
:1018300000202000008060000000e000090032006d
:1018400080382100010020008059890091598900c9
:10185000c0122000d098880070b3220011c0b300dd
:101860000148780050c72200104078000004e000d2
:1018700005003a008059810091598100e00f500025
:10188000e08f580005003a0070b322008040eb0062
:1018900001487800c0122000d0988800410620003e
:1018a00010c0b30006a3020001000000d8113700e9
:1018b00040b322009040780010c3b30080cf5000a6
:1018c0000500320040b322009040780050c3b300be
:1018d00080cf500019003a00e1598100002020001b
:1018e000008060000000e00005003a00805981009f
:1018f00091598100e00f5000e08f58000d003a0030
:101900003312070060fa2a00f21107004019210083
:10191000010020008059890091598900810c200024
:1019200010c0b30006a302000100000090022000d6
:10193000d098880000000000b5113700800c20000e
:10194000d09888000000eb00407e8800b01137007e
:10195000e159810000202000008060000000e000cc
:1019600005003a008059810091598100e00f500034
:10197000e08f58000e003a00800c2000d0988800bc
:101980000000eb00407e8800f0598100620060009a
:101990000000e00006003200b0022000d09888006d
:1019a0004106200010c0b30006a3020001000000a1
:1019b00060c72200104078000004e00033113200bc
:1019c000d0988000801f780030c22a00801f7800e5
:1019d000c0c82000d60b020000000000e4875700ba
:1019e000c0c82000f61f020002000000411f2000b6
:1019f00010c0b30006a3020001000000e01f200099
:101a0000d098880082113700f111070000e224000d
:101a100001002000805989009159890050fb2a005b
:101a2000ba1107006060810054f00200010000005c
:101a3000e0fb2a00b5110700c0022000d098880002
:101a40004106200010c0b30006a302000100000000
:101a50006f113700e15981000020200000806000f4
:101a60000000e00005003a00805981009159810092
:101a7000e00f5000e08f580006113a00f059810045
:101a80000010a100f0598900800c2000d098880037
:101a9000f0598100680060000000e000050032009d
:101aa000f05981000030a100f059890080ab20007e
:101ab000407e88008059810091598100e00f5000dc
:101ac000e08f5800f5103a00f05981000020a00086
:101ad000f0598900a0892a00f61f020002000000c8
:101ae000d1988000802e20000e004000811f7800d9
:101af000618b2a00811f7800d60b020000000000d5
:101b0000e4875700802e20000e004000f61f0200e0
:101b100002000000908b2a00f61f02000200000065
:101b200010c0b3000ce6070039113700a8110700f8
:101b300000e22400010020008059890091598900a9
:101b400020fc2a0071110700d0ae2a006f11070097
:101b5000f05981000010a100f0598900f05981006e
:101b60000000a100f0598900f05981000020a10077
:101b7000f05989000000eb00407e8800e002200060
:101b8000d09888004106200010c0b30006a30200d0
:101b9000010000001e113700e159810000202000e3
:101ba000008060000000e00005003a0080598100dc
:101bb00091598100e00f5000e08f5800b9103a00b1
:101bc000800c2000d098880010c0b300e2e5070028
:101bd0000f1137007e110700e09a22008040eb00d1
:101be00001487800e0fc2a003a110700801a26001c
:101bf000010020008059890091598900300320009c
:101c0000d0988800021137000000eb00507e880059
:101c1000e159810000202000008060000000e00009
:101c2000ed00320060032000d0988800a2c0b3000d
:101c300081fd2a00e09a2200aa1902000200000099
:101c40000000e00015003a00a2c0b30031fe2a00f7
:101c5000e09a2200aa190200020000000000e00041
:101c60000e003a00a2c0b300e1fe2a00e09a220072
:101c7000aa190200020000000000e00007003a007c
:101c8000a2c0b30091ff2a00e09a2200aa19020024
:101c9000020000000000e0002b00320030002000b5
:101ca000103c8900e005210010407800f94f5000f9
:101cb0000400320050b32200104078000004e0001d
:101cc00003003200e00521009ed90200010000005f
:101cd00050b322008040eb000148780060b322003e
:101ce0008040eb0001487800709b22001040780093
:101cf0008040780040b322000148780040b32200c1
:101d000090407800a02821000148780040b32200cc
:101d10009040780050c3b30080cf500005003a00d7
:101d20008040eb0000202000be690200010000009e
:101d30002d0037008040eb00002020008c6902005d
:101d40000100000028003700a2c0b30041002b00b2
:101d5000e09a2200aa190200020000000000e00040
:101d600007003a00a2c0b300f1002b00e09a220065
:101d7000aa190200020000000000e0001a00320070
:101d80005a20020002000000a0012b00f61f0200f2
:101d900002000000e01f2000d0988800709b220005
:101da000104078008040780040b32200014878005d
:101db00040b3220090407800a0282100014878001c
:101dc000c080200010407800e34f400037103e00f4
:101dd000c0802000104078008040e800c0802000d3
:101de000014878008a103700a2c0b300d1032b004d
:101df000e09a2200aa190200020000000000e000a0
:101e000015003a00a2c0b30081042b00e09a220022
:101e1000aa190200020000000000e0000e003a00d3
:101e2000a2c0b30031052b00e09a2200aa190200db
:101e3000020000000000e00007003a00a2c0b3006a
:101e4000e1052b00e09a2200aa190200020000001e
:101e50000000e0004700320060b32200104078002c
:101e60008040e80060b322000148780060b322009f
:101e700010407800e84f500005003a005a20020058
:101e80000200000090062b00f61f02000200000076
:101e900060b3220010407800f44f50002b00360051
:101ea00060b322008040eb000148780050b322006c
:101eb000104078000004e0001c003a0050b32200fb
:101ec00011c0b30001487800600621009ed90200cd
:101ed000010000005a20020002000000002b210037
:101ee000104078000080fb00610060000040780036
:101ef0000004e0000400320011c0b3000001200023
:101f0000be69020001000000002b21001040780093
:101f10000080fb00640060000000e000030032006d
:101f2000e02a210011c0b3000148780080082b008e
:101f3000f61f020002000000e01f2000d098880079
:101f400040002000103c890031103700709b2200b7
:101f5000104078008040780040b3220001487800ab
:101f600040b3220090407800a0282100014878006a
:101f70000200370030002000103c890082c0b3000e
:101f8000410b2b00e09a2200aa1902000200000077
:101f90000000e00010003200d00b2b005b100700a7
:101fa0008b100700e09a22008040eb000148780087
:101fb0008038210001002000805989009159890052
:101fc000800c2000d098880081bb200010c0b30096
:101fd00006a3020001000000805981009159810090
:101fe000e00f5000e08f580017003a00a0892a0047
:101ff000f61f020002000000d1988000c02f2000d0
:102000000e004000811f7800618b2a00811f78003c
:10201000d60b020000000000e4875700c02f20000c
:102020000e004000f61f020002000000908b2a0004
:10203000f61f020002000000800c2000d0988800eb
:1020400010c0b300c4e4070060c72200104078004d
:102050000004e000970f3200d0988000801f7800c5
:1020600030c22a00801f7800c0c82000d60b0200b2
:1020700000000000e4875700c0c82000f61f0200df
:1020800002000000411f200010c0b30006a30200a0
:1020900001000000e01f2000d0988800dc0f37000e
:1020a00040c12a000b10070049100700e09a2200e7
:1020b0008040eb000148780000fa20000100200079
:1020c000805989009159890050032000d0988800d8
:1020d000cf0f37000000eb00507e8800e1598100ef
:1020e00000202000008060000000e0008700320037
:1020f00062c0b300c1c12a00e09a2200aa190200fe
:10210000020000000000e0008000320060c0b30068
:1021100040479800800c2b00f61f020002000000d0
:102120004e4090000080fb00e19a2200e1407800e0
:10213000f0c2b30080cf5000420034004e40900007
:102140000080fb00e19a2200e140780090c3b300d8
:1021500080cf50003b003c004e4090000080fb00d0
:10216000e19a220061407800a2ed02000100000027
:102170000080fb00100798004e4090000040e800ef
:10218000404798004e4090000080fb00e19a2200fa
:10219000e1407800f0c2b30080cf50001800340056
:1021a0004e4090000080fb00e19a2200e140780060
:1021b00090c3b30080cf500011003c001e0090007f
:1021c0006a00b90000007800100798004e409000a7
:1021d0000080fb00e19a220061407800a2ed02003d
:1021e000010000000080fb009e0090000080400085
:1021f000100798004e4090000040e80040479800cb
:102200001e0090000040780068700200010000008d
:10221000003120000e0040009e009000811f7800d9
:10222000510d2b00811f7800d60b0200000000002a
:10223000e4875700003120000e004000f61f020026
:10224000020000004e4090000040e8004047980027
:102250004e4090000080fb00e19a2200e1407800af
:10226000f0c2b30080cf5000200034004e409000f8
:102270000080fb00e19a2200e140780090c3b300a7
:1022800080cf500019003c004e4090000080fb00c1
:10229000e19a220061407800a2ed020001000000f6
:1022a0000080fb00100798001e009000004078009e
:1022b000ac71020001000000e03220000e0040007e
:1022c0009e009000811f7800a10e2b00811f7800d6
:1022d000d60b020000000000e4875700e032200027
:1022e0000e004000f61f0200020000000000eb009c
:1022f000507e8800007d2000010020008059890068
:1023000091598900800c2000d09888008059810064
:1023100091598100e00f5000e08f580017003a00fb
:10232000a0892a00f61f020002000000d198800058
:10233000c03420000e004000811f7800618b2a000d
:10234000811f7800d60b020000000000e4875700d0
:10235000c03420000e004000f61f02000200000002
:10236000908b2a00f61f020002000000800c200063
:10237000d098880010c0b300f7e3070060c72200c0
:10238000104078000004e000cc0e3200d0988000ad
:10239000801f780030c22a00801f7800c0c820004b
:1023a000d60b020000000000e4875700c0c82000e0
:1023b000f61f020002000000411f200010c0b30001
:1023c00006a3020001000000e01f2000d098880052
:1023d0000f0f37007e0f0700e09a22008040eb00cd
:1023e00001487800d00f2b00480f0700803e2000e6
:1023f0000100200080598900915989007003200054
:10240000d0988800020f3700e15981000020200099
:10241000008060000000e000560132000000eb0088
:10242000507e880072c0b30061102b00e09a220039
:10243000aa190200020000000000e0004d01320075
:10244000d2c0b300e1102b00e09a2200aa190200ca
:10245000020000000000e0004101320052c1b30060
:10246000c1112b00e09a2200aa190200020000000c
:102470000000e0009a00320050da200041c0b300b2
:102480000148780050c1b300504798005e4090006a
:102490000080fb00e19a2200e1407800f0c2b30026
:1024a00080cf5000420034005e4090000080fb006e
:1024b000e19a2200e140780090c3b30080cf500041
:1024c0003b003c005e4090000080fb00e19a22004f
:1024d00061407800a2ed0200010000000080fb00d6
:1024e000100798005e4090000040e80050479800b8
:1024f0005e4090000080fb00e19a2200e1407800fd
:10250000f0c2b30080cf5000180034005e4090004d
:102510000080fb00e19a2200e140780090c3b30004
:1025200080cf500011003c001e0090006a00b900ee
:1025300000007800100798005e4090000080fb00cb
:10254000e19a220061407800a2ed02000100000043
:102550000080fb009e009000008040001007980063
:102560005e4090000040e800504798001e00900038
:1025700000407800187202000100000000362000c0
:102580000e0040009e009000811f780021132b0058
:10259000811f7800d60b020000000000e48757007e
:1025a000003620000e004000f61f0200020000006e
:1025b0005e4090000040e800504798005e40900068
:1025c0000080fb00e19a2200e1407800f0c2b300f5
:1025d00080cf50003f0034005e4090000080fb0040
:1025e000e19a2200e140780090c3b30080cf500010
:1025f00038003c005e4090000080fb00e19a220021
:1026000061407800a2ed0200010000000080fb00a4
:10261000100798005e4090000040e8005047980086
:102620005e4090000080fb00e19a2200e1407800cb
:10263000f0c2b30080cf5000150034005e4090001f
:102640000080fb00e19a2200e140780090c3b300d3
:1026500080cf50000e003c001e0090006a00b900c0
:1026600000007800100798005e4090000080fb009a
:10267000e19a220061407800a2ed02000100000012
:102680000080fb009e009000008040001007980032
:102690001e00900000407800ee7102000100000072
:1026a000e03720000e0040009e009000811f78005f
:1026b00071142b00811f7800d60b0200000000006f
:1026c000e4875700e03720000e004000f61f0200ac
:1026d0000200000040032000d0988800a5003700c9
:1026e00050da200031c0b30001487800d0c0b300f8
:1026f000604798006e4090000080fb00e19a220045
:10270000e1407800f0c2b30080cf500042003400b6
:102710006e4090000080fb00e19a2200e1407800ca
:1027200090c3b30080cf50003b003c006e4090004f
:102730000080fb00e19a220061407800a2ed0200d7
:10274000010000000080fb00100798006e40900020
:102750000040e800604798006e4090000080fb0059
:10276000e19a2200e1407800f0c2b30080cf50002f
:10277000180034006e4090000080fb00e19a2200b7
:10278000e140780090c3b30080cf500011003c00be
:102790001e0090006a00b900000078001007980041
:1027a0006e4090000080fb00e19a220061407800ba
:1027b000a2ed0200010000000080fb009e009000de
:1027c00000804000100798006e4090000040e80034
:1027d000604798001e00900000407800527202008e
:1027e00001000000c03920000e0040009e00900053
:1027f000811f7800c1152b00811f7800d60b0200c5
:1028000000000000e4875700c03920000e0040009f
:10281000f61f0200020000006e4090000040e80039
:10282000604798006e4090000080fb00e19a220013
:10283000e1407800f0c2b30080cf50003f00340088
:102840006e4090000080fb00e19a2200e140780099
:1028500090c3b30080cf500038003c006e40900021
:102860000080fb00e19a220061407800a2ed0200a6
:10287000010000000080fb00100798006e409000ef
:102880000040e800604798006e4090000080fb0028
:10289000e19a2200e1407800f0c2b30080cf5000fe
:1028a000150034006e4090000080fb00e19a220089
:1028b000e140780090c3b30080cf50000e003c0090
:1028c0001e0090006a00b900000078001007980010
:1028d0006e4090000080fb00e19a22006140780089
:1028e000a2ed0200010000000080fb009e009000ad
:1028f00000804000100798001e0090000040780003
:102900004272020001000000a03b20000e004000c7
:102910009e009000811f780011172b00811f780006
:10292000d60b020000000000e4875700a03b200007
:102930000e004000f61f02000200000020db200015
:102940008040eb000148780010db20008040eb0065
:102950000148780040032000d09888000500370027
:1029600050da200021c0b300014878004003200065
:10297000d09888008059810091598100e00f500063
:10298000e08f58004f0d3a000000eb00507e8800a9
:10299000800c2000d098880010c0b3006ee20700c1
:1029a0009b0d37002081200090407800308120006e
:1029b0001040780080cf5000440d3a00e0c3b300cf
:1029c000280e070000c2b300320e070060182b006b
:1029d000ce0d0700a0f42200cc0d070010ba2a008b
:1029e000ca0d0700d0032000d098880041062000bf
:1029f00010c0b30006a302000100000080a923005c
:102a0000010020008059890091598900800d37000c
:102a1000c159810000202000008060000000e0001b
:102a20000b003200d159810000202000008060009e
:102a30000000e00006003200411f200010c0b3007b
:102a400006a3020001000000e0032000d0988800e7
:102a50008059810091598100e00f5000e08f5800ab
:102a60001c0d3a005a2002000200000000192b0041
:102a7000f61f020002000000d50d0700b001200083
:102a8000a20d070080a923000100200080598900c1
:102a900091598900810c200010c0b30006a30200e8
:102aa0000100000010042000d0988800580d370065
:102ab00050c722008040eb0001487800021020003f
:102ac0008000eb00e09a22008e0d02000000000062
:102ad000bf0d070090ea22008c0d070000232f0095
:102ae000010020008059890091598900810c200043
:102af00010c0b30006a3020001000000f003200094
:102b0000d0988800420d3700a0012000801f780077
:102b1000401a2b00801f7800a0c62200d60b0200ae
:102b200000000000e4875700a0c62200770d0700d0
:102b3000d0c0b30070e20700810c200010c0b300c9
:102b400006a302000100000000042000d0988800c5
:102b50002f0d3700e1598100002020000080600027
:102b60000000e000310032000002eb008001eb00c9
:102b7000a2f4220091ea2200701a2b00bc5302003a
:102b800000000000207b8100317b8100610040005b
:102b9000e0804800207b8900317b890080f622009c
:102ba00010407800e14f40000500320080f622001e
:102bb000104078008040e80080f62200014878004c
:102bc00040758100700060000000e00009003200e4
:102bd000a0f6220010407800e14f400005003200ce
:102be000a0f62200104078008040e800a0f6220005
:102bf00001487800407581000000a10040758900ff
:102c0000407581000040a100407589004175810038
:102c1000f0f12f00808060000006200001007000ad
:102c200040758900800c2000d09888008059810070
:102c300091598100e00f5000e08f58001e003a00cb
:102c4000a0892a00f61f020002000000b001200047
:102c50002e0d0700d1988000803d20000e0040001e
:102c6000811f7800618b2a00811f7800d60b02003b
:102c700000000000e4875700803d20000e00400067
:102c8000f61f020002000000908b2a00f61f0200cf
:102c9000020000005a20020002000000f01a2b007f
:102ca000f61f02000200000020042000d0988800d7
:102cb00010c0b300a8e1070050c722001040780000
:102cc0000004e000850c32005a20020002000000df
:102cd000301c2b00f61f0200020000002004200020
:102ce000d0988800a00020000100200080598900b1
:102cf00091598900c60c3700805981009159810093
:102d0000e00f5000e08f580005003200e1598100cb
:102d100000202000008060000000e000710c320004
:102d200020042000d0988800b90c37000002eb0086
:102d30008001eb00a2f4220091ea2200b01d2b00da
:102d4000bc53020000000000407581000010a0008c
:102d500040758900407581000000a1004075890020
:102d6000407581000040a1004075890041758100d7
:102d7000000e20000100700040758900c0f622009e
:102d800010407800e14f400005003200c0f62200fc
:102d9000104078008040e800c0f62200014878002a
:102da000800c2000d0988800990c370050c7220072
:102db0008040eb0001487800e0aa22008040eb0050
:102dc00001487800020d070080a9230001002000bf
:102dd0008059890091598900301e2b00bd0c0700d5
:102de00010052000d0988800411f200010c0b300bb
:102df00006a3020001000000850c3700e1598100a4
:102e000000202000008060000000e0001900320077
:102e1000e0aa2200104078000004e00013003a000d
:102e2000f0c4220010407800e14f5000030032004f
:102e3000f0c422008040eb0001487800a0618100ce
:102e40000000a100a061890010c322008040eb00b7
:102e500001487800b06081000000a100b0608900e6
:102e600050ff20008040eb0001487800800c2000db
:102e7000d098880050c72200104078000004e0007d
:102e800002003200800c2000d09888008059810018
:102e900091598100e00f5000e08f580015003a0072
:102ea000a0892a00f61f020002000000d0988000ce
:102eb000801f7800608b2a00801f7800c0c8200027
:102ec000d60b020000000000e4875700c0c82000b5
:102ed000f61f020002000000908b2a00f61f02007d
:102ee00002000000800c2000d098880010c0b300c1
:102ef00019e107000000eb00607e880060c7220037
:102f0000104078000004e000f80b3200d0988000f8
:102f1000801f780030c22a00801f7800c0c82000bf
:102f2000d60b020000000000e4875700c0c8200054
:102f3000f61f020002000000411f200010c0b30075
:102f400006a3020001000000e01f2000d0988800c6
:102f50002f0c3700c01e2b006c0c07009c0c0700c8
:102f6000007d2000010020008059890091598900ce
:102f70000000eb009061890010c3220031c0b30053
:102f800001487800901623008040eb00014878004b
:102f900020c52200f040900000c5b30080cf500053
:102fa0000d00320020c52200100078006100600092
:102fb0000000e0000500320020c52200e040900043
:102fc00000c5b30080cf50000300320000c5b3003d
:102fd000c4fe02000100000030052000d0988800e7
:102fe0000b0c3700e15981000020200000806000b8
:102ff0000000e00005003a008059810091598100ed
:10300000e00f5000e08f5800ba0b3a00800c20000f
:10301000d09888008059810091598100e00f5000bc
:10302000e08f5800b50b3a00a0892a00f61f020075
:1030300002000000d1988000c03e20000e00400039
:10304000811f7800618b2a00811f7800d60b020057
:1030500000000000e4875700c03e20000e00400042
:10306000f61f020002000000908b2a00f61f0200eb
:103070000200000010c0b300b7e00700e40b370007
:10308000530c070080a9230001002000805989000b
:1030900091598900101f2b000e0c070060052000bd
:1030a000d0988800411f200010c0b30006a3020082
:1030b00001000000d60b3700e159810000202000fc
:1030c000008060000000e00005003a0080598100a7
:1030d00091598100e00f5000e08f5800890b3a00b1
:1030e000800c2000d09888000000eb00a07e8800b3
:1030f000c70b3700b0608100610060000000e00095
:1031000004003a00a0618100610060000000e0005e
:103110000300320040062000d0988800bc0b370026
:103120002b0c0700007d2000010020008059890041
:1031300091598900b01f2b00f40b0700b005200047
:10314000d0988800b20b3700e159810000202000a0
:10315000008060000000e00005003a008059810016
:1031600091598100e00f5000e08f5800670b3a0042
:10317000c0052000d09888008059810091598100b5
:10318000e00f5000e08f5800620b3a00a0892a003f
:10319000f61f020002000000d198800000402000cd
:1031a00000004700811f7800618b2a00811f780092
:1031b000d60b020000000000e4875700004020000a
:1031c00000004700f61f020002000000908b2a005a
:1031d000f61f02000200000010c0b3005ee007000e
:1031e0008b0b3700fa0b070000e2240001002000df
:1031f0008059890091598900f0c4220021c0b30090
:10320000014878000000eb008062890030202b002c
:10321000be0b070050c32200bc0b070070202b0020
:10322000ba0b0700d0052000d0988800780b370033
:10323000e159810000202000008060000000e000d3
:1032400005003200a06181000010a000a06189008b
:1032500000052000d0988800805981009159810094
:10326000e00f5000e08f58002c0b3a00a0892a0094
:10327000f61f020002000000d198800040412000ab
:1032800000004700811f7800618b2a00811f7800b1
:10329000d60b020000000000e487570040412000e8
:1032a00000004700f61f020002000000908b2a0079
:1032b000f61f020002000000800c2000d098880059
:1032c00010c0b30024e00700510b3700a0202b00f2
:1032d0008e0b070010c322008040eb0001487800ed
:1032e000f0c422008040eb0001487800a6fe0200f6
:1032f00001000000b60b0700007d20000100200047
:1033000080598900915989000119200010c0b3002b
:1033100006a302000100000050062000d09888009b
:103320003b0b3700e1598100002020000080600045
:103330000000e00005003a008059810091598100a9
:10334000e00f5000e08f5800f60a3a000005200018
:10335000d09888008059810091598100e00f500079
:10336000e08f5800f10a3a00a0892a00f61f0200f7
:1033700002000000d1988000804220000000470039
:10338000811f7800618b2a00811f7800d60b020014
:1033900000000000e4875700804220000000470042
:1033a000f61f020002000000908b2a00f61f0200a8
:1033b0000200000010c0b300e7df0700140b370065
:1033c000830b0700e09a22008040eb000148780060
:1033d000e0b42a004d0b07008038210001002000d6
:1033e000805989009159890070062000d098880082
:1033f000070b3700e15981000020200000806000a9
:103400000000e0002f003200e09a22001040780017
:103410000004e0002b003200c2c0b30081b52a00d6
:10342000e09a2200aa190200020000000000e00059
:1034300009003200800c2000d098880040c722008c
:103440008040eb0001487800d02a21008040eb004a
:10345000014878001900370040c72200104078006a
:103460008040e80040c722000148780040c72200a1
:1034700010407800e14f50000e0036005a20020044
:1034800002000000f0202b00f61f020002000000e6
:10349000e09a2200f61f020002000000a0732a003a
:1034a000f61f020002000000800e2000d098880065
:1034b00002003700800c2000d09888000000eb004c
:1034c000707e88008059810091598100e00f500082
:1034d000e08f5800970a3a005a20020002000000cc
:1034e000c0212b00f61f020002000000e01f200098
:1034f000d0988800c60a3700e09a22008040eb008e
:103500000148780040af220022002000f1222b0069
:10351000800d0200000000002d0b070010232b007f
:10352000fa0a070080382100010020008059890034
:1035300091598900b0072000d0988800b40a37005c
:10354000e159810000202000008060000000e000c0
:1035500072003200e09a2200104078000004e0007f
:103560006e00320062c0b300b1232b00e09a22004b
:10357000aa190200020000000000e000670032000b
:103580006000200010079800030037001e00900024
:103590000000e80010079800e19a22001e00900049
:1035a00000804000104078000004e0000700320076
:1035b000e19a22001e0090000080400090407800b8
:1035c00020c2b30080cf5000f0ff3a00e19a220001
:1035d0001e009000008040009040780020c2b300a0
:1035e00080cf500032003a001e0090000000e8003a
:1035f000100798000000eb00000f78000c00370067
:10360000e19a22001e0090000080400010407800e7
:103610008040780040af22001e0040000148780042
:103620001e0fe8001e0090000000e8001007980040
:10363000e19a22001e0090000080400010407800b7
:103640000004e00016003200e19a22001e00900003
:10365000008040009040780020c2b30080cf50002e
:103660000f003200e19a22001e009000008040000e
:1036700010407800ed4f500009003200e19a22001e
:103680001e0090000080400010407800ea4f50007b
:10369000030032001e007800f30f5000d8ff340002
:1036a00040af22001e0040008040eb00014878003f
:1036b0000000eb00807e8800800c2000d0988800fd
:1036c0004078220090407800a0c5b30080cf500021
:1036d00012003a0040af220090407800f0c3b300df
:1036e00080cf500004003a0050af22001040780014
:1036f0000004e00009003200e05981000090a000c1
:10370000e05989008038210001002000805989009b
:1037100091598900c0072000d09888008059810005
:1037200091598100e00f5000e08f5800030a3a00e1
:10373000800c200099e507000000eb00807e8800e7
:10374000330a3700e159810000202000008060002a
:103750000000e000090032009d0a070020242b0031
:103760006a0a070080382100010020008059890082
:1037700091598900d0072000d09888008059810095
:1037800091598100e00f5000e08f580002003a008c
:10379000e0072000d09888004106200010c0b30048
:1037a00006a3020001000000190a3700e159810058
:1037b00000202000008060000000e0000f003200c8
:1037c000e09a22008040eb000148780090b022008f
:1037d0008040eb00014878007d0a070010232b0091
:1037e0004a0a070080382100010020008059890022
:1037f00091598900e0072000d09888008059810005
:1038000091598100e00f5000e08f580002003a000b
:10381000e0072000d09888004106200010c0b300c7
:1038200006a3020001000000f9093700e09a220017
:10383000104078000004e0005200320062c0b30083
:10384000b1232b00e09a2200aa1902000200000016
:103850000000e0004b0032006000200010079800dc
:10386000030037001e0090000000e80010079800d9
:10387000e19a22001e009000008040001040780075
:103880000004e00007003200e19a22001e009000d0
:10389000008040009040780020c2b30080cf5000ec
:1038a000f0ff3a00e19a22001e00900000804000e4
:1038b0009040780020c2b30080cf500031003a0021
:1038c0001e0090000000e800100798000000eb00c8
:1038d000000f78000b003700e19a22001e009000d4
:1038e000008040009040780090b022001e00400010
:1038f000014878001e0fe8001e0090000000e8005c
:1039000010079800e19a22001e00900000804000fd
:10391000104078000004e00016003200e19a220016
:103920001e009000008040009040780020c2b3004c
:1039300080cf50000f003200e19a22001e0090005c
:103940000080400010407800ed4f50000900320028
:10395000e19a22001e009000008040001040780094
:10396000ea4f5000030032001e007800e40f5000c0
:10397000d9ff340090b022001e0040008040eb00d0
:1039800001487800120a0700f0242b00df09070025
:103990008038210001002000805989009159890058
:1039a000f0072000d09888004106200010c0b30026
:1039b00006a302000100000095093700e1598100cb
:1039c00000202000008060000000e00009003a00b4
:1039d00050c72200104078000004e00005003a00c3
:1039e0008059810091598100e00f5000e08f58000c
:1039f0002a003a0050c722008040eb0001487800be
:103a0000c04f20000000470002e50700c04f200023
:103a100000004700f1b022000c1902000200000073
:103a20000000e00009003200f0b0220010407800f1
:103a30000004e00017003a00c04f200000004700db
:103a4000104078000004e000120032005a2002000a
:103a500002000000c0252b00f61f0200020000003b
:103a6000e05981000090a000e0598900e0598100f0
:103a70000080a100e059890000e22400010020003c
:103a8000805989009159890010022000d09888003f
:103a900002003700800c2000d098880041062000ea
:103aa00010c0b30006a3020001000000580937004f
:103ab000e05981000090a000e059890070022000c8
:103ac000d09888004101200010c0b30006a3020076
:103ad000010000004e093700e1598100002020005c
:103ae000008060000000e00005003a00805981007d
:103af00091598100e00f5000e08f580011093a0001
:103b0000803e2000010020008059890091598900e1
:103b100020072000d09888003d093700e159810036
:103b200000202000008060000000e00005003a0056
:103b30008059810091598100e00f5000e08f5800ba
:103b400002093a00f0d520009040780020c52200fc
:103b50001140980020c522009040900040c6b3005c
:103b600080cf50000300360020c52200e1c0b30022
:103b7000114098009609070000fa2000010020007b
:103b80008059890091598900b0282b005f090700ee
:103b90005a2002000200000060292b00f61f0200dc
:103ba0000200000020c52200104090000080fb00b1
:103bb000801f780050ea2a00801f7800c0c82200c9
:103bc000d60b020000000000e4875700c0c82200a6
:103bd000f61f02000200000030072000d098880085
:103be0008059810091598100e00f5000e08f58000a
:103bf000d8083a00a0892a00f61f0200020000003f
:103c0000d1988000c043200000004700811f780049
:103c1000618b2a00811f7800d60b02000000000093
:103c2000e4875700c043200000004700f61f020051
:103c300002000000908b2a00f61f02000200000024
:103c400010c0b300c4dd0700f1083700e15981005e
:103c500000202000008060000000e00005003a0025
:103c60008059810091598100e00f5000e08f580089
:103c7000ba083a0020c52200900078000100a10097
:103c80000108780020c52200e040900020c52200f5
:103c90007140980020c52200900078000110a0001b
:103ca00001087800800c2000d09888005a2002007b
:103cb00002000000402a2b00f61f02000200000054
:103cc0008059810091598100e00f5000e08f580029
:103cd000a4083a00a0892a00f61f02000200000092
:103ce000d19880000045200000004700811f780027
:103cf000618b2a00811f7800d60b020000000000b3
:103d0000e48757000045200000004700f61f02002e
:103d100002000000908b2a00f61f02000200000043
:103d200010c0b3008cdd0700b9083700f0d52000c3
:103d30009040780020c522001140980020c5220044
:103d40009040900040c6b30080cf50000300360082
:103d500020c52200e1c0b300114098005a200200a3
:103d600002000000502b2b00f61f02000200000092
:103d700020c52200104090000080fb00801f7800ca
:103d800050ea2a00801f7800c0c82200d60b02002b
:103d900000000000e4875700c0c82200f61f0200a0
:103da000020000000a09070090ea2a00d70807006d
:103db000803e20000100200080598900915989002f
:103dc000100a2000d098880091083700e15981003e
:103dd00000202000008060000000e00005003a00a4
:103de0008059810091598100e00f5000e08f580008
:103df0005e083a0000dd20008040eb0001487800ba
:103e000010dd200011c0b300014878005a200200e4
:103e100002000000a02c2b00f61f02000200000090
:103e2000916e800010032000808f50000400360047
:103e3000916e800080b52100808f50000200360016
:103e4000c05d2000906e880000d6200010407800f1
:103e50000004e0000400320000d62000104078008a
:103e6000ee4f50000300360000d62000e1c0b30042
:103e700001487800d608070003e220001200200065
:103e80008040eb00306d2a00c6dc0700803e200039
:103e9000010020008059890091598900200a2000e2
:103ea000d0988800810c200010c0b30006a3020047
:103eb0000100000056083700e15981000020200071
:103ec000008060000000e00005003a008059810099
:103ed00091598100e00f5000e08f580025083a000a
:103ee000800c2000d098880049083700f0c42200d8
:103ef00010407800e34f50000d00320010c3220044
:103f000010407800e34f500009003200d062810079
:103f10000000a100d0628900d06281000010a000e2
:103f2000d0628900800c2000d098880038083700c3
:103f3000a708070000e22400010020008059890042
:103f400091598900f02d2b007008070060c62200ef
:103f50001040780034f0020001000000d0ae2a00ca
:103f60006a080700b00a2000d098880028083700a7
:103f7000e159810000202000008060000000e00086
:103f800005003a008059810091598100e00f5000ee
:103f9000e08f5800f9073a0050c722008040eb003c
:103fa000014878008a08070000c4290001002000a9
:103fb0008059890091598900702e2b005308070001
:103fc000b0c5220051080700d0ae2a004f080700f4
:103fd000c00a2000d0988800805981009159810042
:103fe000e00f5000e08f5800e6073a00a0892a0051
:103ff000f61f020002000000d19880004046200019
:1040000000004700811f7800618b2a00811f780023
:10401000d60b020000000000e48757004046200055
:1040200000004700f61f020002000000908b2a00eb
:10403000f61f02000200000010c0b300c6dc07003b
:10404000f02e2b00f61f020002000000f0073700e0
:10405000e159810000202000008060000000e000a5
:1040600005003200d06281000000a100d06289000a
:10407000800c2000d09888008059810091598100df
:10408000e00f5000e08f58000400320050c72200bb
:10409000104078000004e000bc073200a0892a002c
:1040a000f61f020002000000d19880008047200027
:1040b00000004700811f7800618b2a00811f780073
:1040c000d60b020000000000e48757008047200064
:1040d00000004700f61f020002000000908b2a003b
:1040e000f61f020002000000d06281000000a10063
:1040f000d0628900d06281000010a000d0628900e7
:10410000800c2000d0988800419c200010c0b30093
:1041100006a302000100000080598100915981002e
:10412000e00f5000e08f58009a073a0010c0b3002b
:1041300089dc0700b6073700b0312b00f307070012
:1041400023080700e09a22008040eb000148780035
:1041500000fa20000100200080598900915989004f
:10416000900e2000d0988800a90737008059810060
:1041700091598100e00f5000e08f58000500320097
:10418000e159810000202000008060000000e00074
:10419000820732000e080700e09a22008040eb0000
:1041a00001487800e0fc2a00d807070000fa200048
:1041b000010020008059890091598900a00e20003b
:1041c000d09888009207370080598100915981006a
:1041d000e00f5000e08f580005003200e1598100e7
:1041e00000202000008060000000e0006d07320029
:1041f000b00e2000d09888008507370080a92300e2
:10420000010020008059890091598900c00e2000ca
:10421000d098880060322b00bc070700f0322b00da
:10422000f61f0200020000000000eb00103c8900b5
:104230008059810091598100e00f5000e08f5800b3
:104240005a073a00d1988000c0482000000047007b
:10425000811f780021342b00811f7800d60b0200cb
:1042600000000000e4875700c0482000000047001d
:10427000f61f0200020000000000eb00103c890065
:10428000d00e2000d0988800014b200010c0b30051
:1042900006a30200010000005d0737000000eb00ec
:1042a000103c890060fc200010407800ea4f50006c
:1042b0000500360001f4210010c0b30006a302007f
:1042c000010000000400370081bb200010c0b300d3
:1042d00006a3020001000000e00e2000d098880034
:1042e00060fc20008040eb00014878004807370060
:1042f000b666a8008157200010c0b30006a30200d4
:1043000001000000f00e2000d09888004007370020
:10431000b666a9000000eb00d09888003c07370083
:10432000b666a80050352b00f61f02000200000000
:10433000419c200010c0b30006a302000100000051
:1043400090112000d098880031073700b666a90088
:10435000a0112000d0988800017d200010c0b3007b
:1043600006a302000100000090b32000b1c0b3001a
:10437000014878002607370090b3200010407800ed
:104380000004e0001b00320090b3200010407800d1
:104390008040e90090b3200001487800017d2000b2
:1043a00010c0b30006a30200010000005a20020062
:1043b0000200000090b32000104078008080fb00d5
:1043c000004a200000004700811f780011a62a0043
:1043d000811f7800d60b020000000000e487570020
:1043e000004a200000004700f61f02000200000003
:1043f00007073700b0112000d0988800d0c62200ef
:1044000061c9b3000148780001073700b666a8000b
:104410008157200010c0b30006a302000100000075
:10442000c0112000d0988800f9063700b666a900b0
:104430000000eb00d0988800f506370064070700fd
:1044400050c722008040eb0001487800f0aa22000b
:104450002e070700d0ae2a002c070700f0aa220082
:104460008040eb0001487800100f2000d0988800b1
:10447000c15d200010c0b30006a3020001000000cf
:1044800080ad2200104078008080fb00803e20003c
:104490000088b90000007800cf80de0080598900d4
:1044a00091598900da0637008059810091598100bd
:1044b000e00f5000e08f580009003200e159810000
:1044c00000202000008060000000e00004003a00ae
:1044d00050c72200104078000004e000b50632000a
:1044e000a0ad2200104078000004e000140032006b
:1044f000e1362b00f0b32000e019020002000000ba
:10450000000f78009e007800f0b32000008040008b
:10451000e19a2200e0190200020000001e0f400094
:104520000041eb00f1b32000a0ad220098fc020096
:1045300001000000a0ad22008040eb00014878009f
:10454000800c2000d0988800810c200010c0b3009f
:1045500006a3020001000000ad06370060fc200049
:104560008040eb00014878000000eb00103c89001f
:10457000813e200010c0b30006a30200010000002d
:10458000a306370050c722008040eb0001487800a6
:104590000f070700803821000100200080598900a2
:1045a0009159890010372b00d806070050102000c1
:1045b000d0988800a100200010c0b30006a302001c
:1045c0000100000092063700e15981000020200020
:1045d000008060000000e0003100320072c0b300d3
:1045e000b1372b00e09a2200aa1902000200000055
:1045f0000000e0002a003200509b2200904078002a
:10460000f0c2b30080cf500025003400509b220040
:104610009040780090c3b30080cf500020003c0051
:10462000509b220010407800a2ed02000100000023
:10463000612e210080487800609b22009040780025
:10464000f0c2b30080cf500015003400609b220000
:104650009040780090c3b30080cf500010003c0021
:10466000602e2100104078006a00b9000000780038
:1046700080407800602e210001487800609b220075
:1046800010407800a2ed020001000000612e210020
:104690009140780081404000602e21000148780060
:1046a000e159810000202000008060000000e0004f
:1046b00009003a0050c72200104078000004e000d2
:1046c00005003a008059810091598100e00f5000a7
:1046d000e08f580039063a00800c2000d0988800fe
:1046e0000000eb00907e88004906370050c722008a
:1046f0008040eb0001487800b506070080382100b3
:1047000001002000805989009159890050da200069
:1047100010407800e44f50000d003a006003200084
:104720000e004000d1012000811f780031382b009d
:10473000811f7800d60b020000000000e4875700bc
:10474000f0382b00f61f02000200000010003700b6
:1047500050da200010407800e34f50000c003a007f
:10476000600320000e00400091012000811f7800ae
:1047700031382b00811f7800d60b020000000000aa
:10478000e4875700903a2b00f61f02000200000059
:10479000600320000e0040005c060700701020003f
:1047a000d09888004106200010c0b30006a3020084
:1047b0000100000016063700e159810000202000aa
:1047c000008060000000e00009003200b06d800051
:1047d0000070a100b06d8800800c2000d098880087
:1047e00000e22400907e880060ea2000507e88006d
:1047f000e159810000202000008060000000e000fe
:1048000009003a0050c72200104078000004e00080
:1048100005003a008059810091598100e00f500055
:10482000e08f5800e7053a00800c2000d0988800ff
:1048300050c722008040eb0001487800f4053700a3
:10484000007d2000b07e880050c722008040eb0031
:1048500001487800e08a22008040eb00014878009f
:10486000e09a22008040eb000148780058060700db
:10487000007d2000010020008059890091598900a5
:10488000303c2b0021060700d0122000d098880071
:104890002103200010c0b30006a3020001000000a5
:1048a000db053700e1598100002020000080600016
:1048b0000000e0005b00320072c0b300d13c2b006e
:1048c000e09a2200aa190200020000000000e000a5
:1048d00054003200509b22009040780000c3b30087
:1048e00080cf500005003200509b2200904078009d
:1048f00010c3b30080cf50004a003a00509b220002
:10490000104078008040780000cdb30000c0400027
:104910008040780080fd200001487800e0d8200029
:10492000104078000080fb00640060000000e000a0
:104930002500320090fd200010407800e14f50002b
:1049400021003a00509b22009040780000c3b30041
:1049500080cf50000e003a001d060700803e200068
:10496000010020008059890091598900503d2b0099
:10497000e6050700e0122000d098880021032000ff
:1049800010c0b30006a3020001000000250037009c
:104990000f060700803e200001002000805989009a
:1049a00091598900003e2b00d8050700e012200035
:1049b000d09888002103200010c0b30006a3020095
:1049c0000100000017003700509b22009040780043
:1049d00010c3b30080cf50000e003a00fc05070062
:1049e000803e2000010020008059890091598900f3
:1049f000c0e02a00c5050700e0122000d09888001a
:104a00002103200010c0b30006a302000100000033
:104a10000400370000ee2200b07e8800800c2000e9
:104a2000d09888008059810091598100e00f500092
:104a3000e08f580065053a00b03e2b00f61f0200db
:104a400002000000800c2000d0988800700537001c
:104a5000e159810000202000008060000000e0009b
:104a600005003a008059810091598100e00f500003
:104a7000e08f580057053a00800c2000d09888003d
:104a800063053700104080000000e00053053a0045
:104a900050402b00f61f020002000000800c200096
:104aa000d09888005a0537006080200010407800b8
:104ab0000004e0004b053a007080200010407800b0
:104ac0000004e0000600320000422b00f61f020046
:104ad00002000000800c2000d09888004c053700b0
:104ae00070442b00f61f0200020000000000eb00e3
:104af000d098880046053700508020008040eb00a9
:104b00000148780050c722008040eb00014878003f
:104b1000af05070080a9230001002000805989000b
:104b20009159890040472b006a050700f01f2000bb
:104b3000d098880036053700e15981000020200018
:104b4000008060000000e000060032008038210094
:104b5000010020008059890091598900002020001f
:104b6000d098880050c72200104078000004e00070
:104b700005003a008059810091598100e00f5000f2
:104b8000e08f580019053a0000202000d0988800d6
:104b90001f0537008059810091598100e00f5000b6
:104ba000e08f580013053a0010002000d0988800cc
:104bb00017053700a0882200104078008040e800e8
:104bc000a088220001487800a088220010407800c8
:104bd000e34f50002300360090472b00f61f0200e1
:104be00002000000404481000090a1004044890080
:104bf0008088220010407800e34f500010003a00f7
:104c000030ca22008040eb0001487800d1a9800022
:104c100000ff2f0000806000d0a98800d0a980008c
:104c20000080a100d0a988004000200010f088007a
:104c30006705070030f92a00340507000600370031
:104c400041448100f0ff28008080600000002500c2
:104c50000100700040448900800c2000d09888003a
:104c6000eb043700e1598100002020000080600043
:104c70000000e00018003200313d81006055200046
:104c800000004700811f7800817a2200811f780090
:104c900071492b00811f7800d60b02000000000034
:104ca000e68757004a05070050c722008040eb0006
:104cb0000148780000e224000100200080598900aa
:104cc0009159890060552000000047000f0507003a
:104cd000d01c2000d0988800411f200010c0b300d5
:104ce00006a3020001000000c9043700e159810059
:104cf00000202000008060000000e0001a00320068
:104d00004044810000f0a10040448900605520002b
:104d100000004700817e2200811f7800d14b2b00cc
:104d2000811f7800d60b020000000000e4875700c6
:104d30002705070050c722008040eb00014878009b
:104d400000e2240001002000805989009159890067
:104d50006055200000004700ec040700e01c200024
:104d6000d09888001100370050c72200104078000a
:104d70000004e00005003a0080598100915981004b
:104d8000e00f5000e08f580008003a00204d2b0043
:104d9000f61f02000200000050c722008040eb0016
:104da00001487800c01c2000d0988800411f2000d6
:104db00010c0b30006a302000100000094043700f5
:104dc00050c72200104078000004e00005003a00bf
:104dd0008059810091598100e00f5000e08f580008
:104de00010003a00f04e2b00f61f020002000000f7
:104df00050c722008040eb00014878004044810009
:104e000000f0a10040448900c01c2000d098880018
:104e1000411f200010c0b30006a3020001000000e3
:104e20007b043700414481000000280000806000be
:104e30000000e000710432004044810000f0a10055
:104e400040448900704481008144810063448100b2
:104e5000c24f200002014700809fbe00831f7800e0
:104e6000f0502b00801f780002007800d60b020063
:104e700000000000e8875700c04f200000004700f6
:104e8000f61f02000200000061448100800c200037
:104e9000808f500022003a00808822001040780065
:104ea000e34f500013003a0010f08000e10f500073
:104eb00003003a00f01c2000d0988800540437000a
:104ec00041448100f0ff28000080600000c0a00085
:104ed00040448900404481000090a1004044890082
:104ee0002000200010f08800800c2000d09888005e
:104ef0004704370041448100f0ff28000080600033
:104f000000c0a00040448900404481000090a100fe
:104f100040448900800c2000d09888003c04370071
:104f2000c0522b00f61f0200020000004044810026
:104f30000090a10040448900808822001040780041
:104f4000e34f500010003a0030ca22008040eb00ce
:104f500001487800d1a9800000ff2f000080600088
:104f6000d0a9880010f08000e10f500003003a0043
:104f70009704070030f92a0064040700400020006d
:104f800010f088000600370041448100f0ff28003f
:104f90008080600000002300010070004044890010
:104fa000800c2000d09888001904370010f0800091
:104fb000e10f500013043a00f01c2000d098880044
:104fc0001304370080882200104078000080fb0026
:104fd000e30f500003003200e40f500013003200d2
:104fe000150037007a04070010542b00470407000f
:104ff0001000200010f08800d1a9800000ff2f00d1
:1050000000806000d0a98800d0a980000040a100e5
:10501000d0a9880030ca220011c0b300014878002e
:10502000601d2000d098880006003700800c20000a
:10503000d098880003003700800c2000d0988800aa
:1050400000000000f2033700e15981000020200039
:10505000008060000000e000b9023200d0a98000aa
:105060006f4060000080fb00e20f50004200320001
:10507000e30f5000940232000000e00098023a0072
:10508000808020008040eb0001487800704481005f
:1050900081448100f064890001658900f064810029
:1050a00001658100e00f5000e08f580022003200bf
:1050b00034be0200010000006000b800d064890026
:1050c000e1648900d0a980000040a000d0a9880038
:1050d000404b20000000470001202000811f780085
:1050e00041552b00811f7800d60b02000000000004
:1050f000e487570036040700404b200000004700bb
:105100000204070000712200709d8800e09b81006e
:105110008000780010c0b30006a302000100000068
:10512000d1a9800000ff2f00008060000010a000c7
:10513000d0a988006f02370050562b00f61f0200de
:105140000200000030ca22008040eb0001487800d5
:10515000d1a9800000ff2f0000806000d0a9880046
:10516000404481000090a10040448900400020009c
:1051700010f088005f023700d0a980000040a10035
:10518000d0a988000000eb0040079800f46481007b
:1051900005658100d2648100e3648100505b2100d9
:1051a000104078000084fb00e0c18000f1c1800065
:1051b000b7c18000c64f200006034700849fbe0091
:1051c000829fbe00881f7800809fbe00871f7800e6
:1051d00080572b00801f780006007800d60b020055
:1051e00000000000f2875700c04f20000000470079
:1051f000f61f020002000000505b2b00f61f0200a9
:105200000200000050572100f61f020002000000bb
:10521000c05b2b00f61f0200020000000000eb0044
:10522000600798002b0137000040eb00204f9800ea
:105230000040eb00604f9800505b21001040780068
:105240000004e000250032000040eb00304f9800e1
:10525000120037002e4890000080fb00be489000ee
:105260008180fb00a21c200001014100a13a210025
:1052700081004100114190006155200081004700ec
:10528000827078002e4890000040e800204f98007f
:105290003e4890000040e800304f9800505b2100ed
:1052a000904078003e48900080cf500004003600c7
:1052b000ae489000e0c7b30080cf5000e5ff360055
:1052c000505b210090407800614f9800505b2100b6
:1052d0008040eb000148780015003700505721004e
:1052e0008040eb0001487800110037002e48900004
:1052f0000080fb00ce009000c22020000101410090
:10530000a13a21008100410011417800615520003f
:1053100081004700827078002e4890000040e8002d
:10532000204f98004e0090000000e80040079800d1
:10533000b1c180004e009000808f50000c003600fc
:105340004e009000c120200080804000a03a210043
:105350000080400010407800ea4f50000400320006
:10536000ae489000e0c7b30080cf5000dfff3600aa
:105370002e4890000080fb0061552000810047000e
:105380000041eb008270780060552000000047006b
:10539000ccbe020001000000b1c180004e009000b0
:1053a000808f50000b0036004e009000c12020007e
:1053b00080804000a03a210000804000104078002a
:1053c000ea4f500003003a004e0090000000e80051
:1053d000400798002e4890000004e000b80032001a
:1053e000605520000000470010407800ed4f50004d
:1053f000b5003200605520000000470010407800e2
:10540000ea4f5000b20032000040eb00704f9800ad
:10541000605520000000470090407800a0c3b30012
:1054200080cf50001e003a002e489000e24f5000fe
:105430001b0036006055200000004700104090001f
:10544000a2ed020001000000105798001e509000cd
:105450000080fb004400dd0000447800605520001f
:105460000000470020409000a2ed02000100000073
:1054700000407400105798001e50900000404000fb
:105480006b40400020579800ae4890002e5090008e
:1054900080cf50000200390010c0b300704f980058
:1054a0007e4890000004e0005b0032006055200060
:1054b0000000470030c40200010000000004e000ca
:1054c0000e003200f05b2b00f61f0200020000000d
:1054d0006055200000004700f61f02000200000097
:1054e000a0732a00f61f020002000000d0a980006d
:1054f0000060a000d0a98800270037006055200078
:1055000000004700ae489000aec502000100000058
:10551000305798003e509000e14f50001e0036007a
:10552000d0648100e16481003e5190008281fb00e3
:10553000c24f200002014700809fbe00831f7800f9
:10554000705d2b00801f780002007800d60b0200ef
:1055500000000000e8875700c04f2000000047000f
:10556000f61f020002000000605520000000470006
:10557000f61f020002000000a0732a00f61f0200be
:105580000200000044bf020001000000d0a980001a
:105590000060a000d0a9880020c0b3000057980088
:1055a0002e489000e84f50000e0036006055200055
:1055b00000004700f040900000c3b30080cf5000cf
:1055c00008003a0060552000000047008048900025
:1055d00010c3b30080cf500002003a000040eb003f
:1055e000005798002e4890008080fb006e48900085
:1055f0000080fb0000805000800078000e5090007a
:105600000080fb0000804000ee0090000080400021
:10561000600798002f0037000040eb00304f9800e3
:105620000d0037003e4890000081fb003e4890008e
:105630000080fb006155200081004700e1407800b8
:105640004057210000004100114098003e48900062
:105650000040e800304f9800be4890002e4890006f
:1056600080cf500004003100be489000e0c3b3007a
:1056700080cf5000ebff36003e4890008080fb005a
:1056800040572100008040008040eb00114098000e
:10569000505b2100be489000014878002e489000e1
:1056a0008080fb006e4890000080fb00008050006e
:1056b000ee00900000804000600798000500370071
:1056c0000000000003003700000000000100370068
:1056d00000000000b1c180004e009000808f50009b
:1056e00005003600d1a98000000420000080600081
:1056f0000000e000ccfe3200ee009000c1c1880046
:105700000000eb00b0c18800d1a980000004200097
:10571000008060000000e0000c00320040602b00c0
:10572000f61f020002000000d0a980000060a10066
:10573000d0a98800d0a980000040a100d0a988008d
:10574000101d2000d0988800ea003700c0c18000fa
:105750006101b800d0648100e16481000200400072
:1057600083804800d0648900e1648900e2c1800040
:10577000f3c18000c0c180008000eb000200400047
:1057800083804800e0c18800f1c18800d2648100b4
:10579000e3648100f064810001658100800f5100a5
:1057a000818f590004003600f0648100016581009a
:1057b000d0648900e1648900d0648100e1648100e3
:1057c000420620000289b900020178006002b90097
:1057d0008401780003014100430620000300b80063
:1057e0000101410082007800f264810003658100bc
:1057f0005006020000000000200f9800310f9800b2
:1058000030658100c14f200001014700801f7800f2
:105810002e089000be089000809fbe00c0632b0041
:10582000801f780002007800d60b02000000000004
:10583000e8875700c04f200000004700f61f020015
:1058400002000000d2648100e3648100f064810002
:1058500001658100800f5100818f59001f003100c8
:10586000d1a9800000022000008060000000e0005c
:105870001a003a00d0a980000040a000d0a98800fa
:105880000000eb00d0c18800c04c200000004700a1
:1058900001202000811f780041552b00811f7800d6
:1058a000d60b020000000000e48757004802070002
:1058b000c04c2000000047001402070000712200c5
:1058c000709d8800e09b81008000780010c0b300cc
:1058d00006a30200010000007a003700f0642b00ec
:1058e000f61f02000200000030ca22008040eb00d8
:1058f00001487800d1a9800000ff2f0000806000df
:10590000d0a98800404481000090a1004044890053
:10591000505b2100104078000004e0001e003200bf
:10592000505b2100104078008080fb004057210030
:10593000008040008040eb0011409800505721004b
:1059400030c40200010000000004e0000400320046
:10595000d0a980000060a000d0a988000b0037000b
:10596000505b2100104078008040780050572100a3
:10597000aec5020001000000e14f500003003600f8
:10598000d0a980000060a000d0a98800505b210051
:105990008040eb0001487800e0c18000f1c1800048
:1059a0000001be00f0648100016581000002510029
:1059b00081825900f264810003658100e0c18000aa
:1059c000f1c18000d6a980004533de006143630049
:1059d0000684fb00d6a980004633de0061436300e5
:1059e0008683fb006655200006034700849fbe00a7
:1059f000829fbe00809fbe00881f7800871f7800ae
:105a000010662b00801f780006007800d60b02007d
:105a100000000000f287570060552000000047009a
:105a2000f61f020002000000d1a98000000420003f
:105a3000008060000000e00005003a00d1a980006d
:105a400000022000008060000000e00006003a0034
:105a5000a0692b00f61f0200020000005000200089
:105a600010f0880017003700906b2b00f61f020023
:105a700002000000bcc30200010000000000e000c2
:105a800006003200306d2b00f61f020002000000fd
:105a90003000200010f0880016003700606e2b00e8
:105aa000f61f0200020000005000200010f08800e5
:105ab000d1a9800000ff2f0000806000d0a98800dd
:105ac0000c0037000b003700b06f2b008f01070070
:105ad00001e2240010c0b30006a302000100000090
:105ae000d1a9800000ff2f0000806000d0a98800ad
:105af00000000000d1988000101d2000808f500011
:105b00000b00320010f08000e10f500003003a005b
:105b1000601d2000d098880005003700ac01070008
:105b200030f92a0079010700800c2000d098880005
:105b3000f09b8100019c8100805989009159890066
:105b400050c72200104078000004e0001f0032001f
:105b5000a0882200104078008082fb00f26481005f
:105b600003658100d0648100e164810064552000f8
:105b700004024700851f7800829fbe00809fbe0000
:105b800040712b00801f780004007800d60b0200c3
:105b900000000000ec87570060552000000047001f
:105ba000f61f02000200000050c722008040eb00f8
:105bb00001487800d0a980000040a100d0a9880049
:105bc000101d2000d09888001101370080598100f5
:105bd00091598100e00f5000e08f58000b013a000e
:105be000f264810003658100d0648100e16481007a
:105bf0006455200004024700829fbe00809fbe00c3
:105c000030752b00801f780004007800d60b02004e
:105c100000000000ea8757006055200000004700a0
:105c2000f61f020002000000d0a980000040a00082
:105c3000d0a98800404e200000004700012020002d
:105c4000811f780041552b00811f7800d60b020080
:105c500000000000e48757005d010700404e20006f
:105c60000000470029010700e09b810080007800c8
:105c700010c0b30006a3020001000000f09b8100e9
:105c8000019c81008059890091598900e00037000a
:105c9000d1a9800000102000008060000000e0001a
:105ca00031003a004a01070030f92a0017010700c5
:105cb00070a12000806e02000100000020892200f7
:105cc000104078000004e0000e003200208922001d
:105cd000d21a0200020000000000e00009003200b9
:105ce00050792b00f61f0200020000000041eb007b
:105cf00071a120002089220010d2020000000000c3
:105d000009003700e07a2b00f61f020002000000b5
:105d100070a12000f61f020002000000a0732a00fc
:105d2000f61f0200020000000071220001002000a6
:105d3000805989009159890000532700709d88007f
:105d4000d0a980000080a000d0a98800800c20008d
:105d5000d0988800810c200010c0b30006a3020078
:105d600001000000aa00370080598100915981008c
:105d7000e00f5000e08f580004003a0040758100a9
:105d8000610060000000e00003003200709d8000b0
:105d90000000e0000d003a00d0a980000080a100c2
:105da000d0a98800d1a9800000ff2f0000806000ea
:105db000d0a9880006010700e05981000090a000ea
:105dc000e0598900c01c2000d0988800411f2000a5
:105dd00010c0b30006a30200010000008c003700d1
:105de000607c2b00f61f020002000000601d2000f6
:105df000d0988800000000008500370000000000f7
:105e00008300370000000000810037000000000020
:105e10007f003700000000007d0037000000000018
:105e20007b00370000000000790037000000000010
:105e30007700370000000000750037000000000008
:105e40007300370000000000710037000000000000
:105e50006f003700000000006d00370000000000f8
:105e60006b003700000000006900370000000000f0
:105e700067003700000000006500370000000000e8
:105e800063003700000000006100370000000000e0
:105e90005f003700000000005d00370000000000d8
:105ea0005b003700000000005900370000000000d0
:105eb00057003700000000005500370000000000c8
:105ec00053003700000000005100370000000000c0
:105ed0004f003700000000004d00370000000000b8
:105ee0004b003700000000004900370000000000b0
:105ef00047003700000000004500370000000000a8
:105f0000430037000000000041003700000000009f
:105f10003f003700000000003d0037000000000097
:105f20003b0037000000000039003700000000008f
:105f30003700370000000000350037000000000087
:105f4000330037000000000031003700000000007f
:105f50002f003700000000002d0037000000000077
:105f60002b0037000000000029003700000000006f
:105f70002700370000000000250037000000000067
:105f8000230037000000000021003700000000005f
:105f90001f003700000000001d0037000000000057
:105fa0001b0037000000000019003700000000004f
:105fb0001700370000000000150037000000000047
:105fc000130037000000000011003700000000003f
:105fd0000f003700000000000d0037000000000037
:105fe0000b0037000000000009003700000000002f
:105ff0000700370000000000050037000000000027
:10600000030037000000000001003700000000001e
:106010004f0478000080fa00000006000000fa003b
:1060200080002000c01c88009a23ef00200220007e
:10603000001d8800a223ef009960a80099e3a80042
:106040009b43a8009b83a8000080fa000000060084
:106050000000fa0030812000104078000080fb0032
:10606000f11c80000141780041812000827078009d
:1060700030812000104078008040e800308120000e
:1060800001487800d01c8000620060000000e00041
:10609000040032009a23a900306581000000e80066
:1060a00030658900d01c8000640060000000e000c2
:1060b000010032009a23a900d01c80006800600013
:1060c0000000e000010032009a63a9000080fa009d
:1060d000000006000200fa00000f78001e007800a1
:1060e0000a000700420120009e00780070c72200cd
:1060f000e80e020000000000b0c822008040eb0063
:10610000014878000080fa00000006000200fa0052
:10611000000f780060802000104078000004e0004c
:1061200025003a001e007800104078000004e000ce
:106130001a003200000000000100370000000000db
:10614000d11c800000102000008060000000e000f2
:10615000fbff32001e007800104078000000fb00ba
:10616000e01c88001e00780010407800e2d4070090
:106170001e0fe8001e007800104078000004e000c8
:10618000eeff3a0000000000d11c8000001020004b
:10619000008060000000e000fbff320070c72200ba
:1061a0008040eb000148780060c722008040eb008f
:1061b0000148780001003700000000000080fa006c
:1061c000000006000000fa000080fa00000006004f
:1061d0000000fa00c0b322008040eb0001487800c4
:1061e000e05981000090a100e0598900e059810048
:1061f0000080a000e05989000080fa00000006003d
:106200000200fa00004f7800a0f6220090407800cb
:10621000400523001040780080cf50000400390072
:1062200040052300104078000004e00002003a001e
:1062300010c0b300090037001e4078000004e000e1
:10624000050032005a20020002000000707e2b0080
:10625000f61f0200020000000040eb000080fa0080
:10626000000006000200fa00004f780080b3220010
:106270001e487800c05981000080a000c0598900e4
:10628000c05981000090a100c05989000080fa0027
:10629000000006000200fa00004f7800a0b32200c0
:1062a0001e487800d05981000080a000d059890094
:1062b000d05981000090a100d05989000080fa00d7
:1062c000000006002c00fa000536230024362300c7
:1062d000b3d5200012c0b300f101200000cab30002
:1062e00084d7020001000000053623002436230075
:1062f000c3d5200012c0b3000102200000cab300c1
:1063000084d7020001000000053623002436230054
:10631000d3d5200012c0b3001102200000cab30080
:1063200084d7020001000000053623002436230034
:10633000e3d5200012c0b3002102200000cab30040
:1063400084d7020001000000053623002436230014
:10635000d3d6200012c0b3001141200000cab30000
:1063600084d70200010000000536230024362300f4
:10637000f3d5200012c0b3003102200000cab300e0
:1063800084d70200010000000536230024362300d4
:1063900003d6200012c0b3005102200000cab3008f
:1063a00084d70200010000000536230024362300b4
:1063b00053d6200012c0b3009140200000cab300a1
:1063c00084d7020001000000053623002436230094
:1063d00063d6200012c0b300a140200000cab30061
:1063e00084d7020001000000053623002436230074
:1063f00073d6200012c0b300b140200000cab30021
:1064000084d7020001000000053623002436230053
:1064100083d6200012c0b300c140200000cab300e0
:1064200084d7020001000000053623002436230033
:1064300013d6200012c0b3005140200000cab300a0
:1064400084d7020001000000053623002436230013
:1064500023d6200012c0b3006140200000cab30060
:1064600084d70200010000000536230024362300f3
:1064700033d6200012c0b3007140200000cab30020
:1064800084d70200010000000536230024362300d3
:1064900093d6200012c0b300d140200000cab30040
:1064a00084d70200010000000536230024362300b3
:1064b000a3d6200012c0b300e140200000cab30000
:1064c00084d7020001000000053623002436230093
:1064d000b3d6200012c0b300f140200000cab300c0
:1064e00084d7020001000000053623002436230073
:1064f000c3d6200012c0b3000141200000cab3007f
:1065000084d7020001000000053623002436230052
:1065100043d6200012c0b3008140200000cab3005f
:1065200084d7020001000000e800470082842b00ad
:1065300011000900b21878000040eb0010479800e5
:10654000130037001e4090000080fb000000400058
:1065500000004700400090009040780040c6b30023
:1065600080cf5000070036001e4090000080fb00e6
:10657000000040000000470040009000e1c0b30070
:10658000014878001e4090000040e8001047980045
:106590001e409000f14f5000eaff360000d6200068
:1065a000104078000004e0000400320000d6200013
:1065b00010407800ee4f50000300360000d6200057
:1065c000e1c0b30001487800620020008000eb00c9
:1065d00020ea22008e0d020000000000a20120002f
:1065e0008000eb0040d720008e0d0200000000006c
:1065f000f08020008040eb00014878000040eb0074
:10660000004f7800040037001e407800f46f02004d
:10661000000000001e4fe8001e407800e34f5000cd
:10662000f9ff360020c5b3005270020001000000df
:106630000000eb00809b8900003723000536230013
:10664000243623008001780022c0b300f12e200000
:1066500000cab30084d70200010000000000eb0074
:10666000909b890020372300053623002436230021
:106670008001780022c0b300112f200000cab300af
:1066800084d70200010000000000eb00a09b8900fd
:10669000403723000536230024362300800178008c
:1066a00022c0b300312f200000cab30084d70200fb
:1066b00001000000809b81000000e0000400320027
:1066c000819b810000e82300808f5000020036008b
:1066d000400d2300809b8900909b81000000e0001a
:1066e00004003200919b810040012500808f500002
:1066f00002003600006b2300909b8900a19b810063
:1067000000772100808f500002003600401f2000db
:10671000a09b89000536230024362300633723001d
:1067200012c0b3004102200000cab30084d70200a7
:10673000010000006037230010407800e44f500053
:1067400003003600603723008040eb0001487800ea
:1067500005362300243623000310230012c0b300a3
:10676000c12e200000cab30084d70200010000003f
:1067700005362300243623001310230012c0b30073
:10678000d12e200000cab30084d70200010000000f
:10679000400e2300053623002436230080017800b4
:1067a00042c0b300112d200000cab30084d70200fc
:1067b00001000000800e230005362300243623004c
:1067c0008001780042c0b300512d200000cab30000
:1067d00084d7020001000000001023001040780060
:1067e000e14f400003003a000010230041c6b3000f
:1067f000014878001010230010407800e14f40005d
:1068000003003a001010230051c0b3000148780083
:1068100022878100338781000080eb008080eb00bd
:10682000800f5100818f590004003a00c05d2000a4
:10683000010020002087890031878900428781007c
:10684000538781000080eb008080eb00800f5100b7
:10685000818f590004003a00c05d20000100200033
:10686000408789005187890005362300243623009c
:106870000305230012c0b300712f200000cab3002b
:1068800084d70200010000000536230024362300cf
:106890001305230012c0b300812f200000cab300eb
:1068a00084d70200010000000536230024362300af
:1068b0002305230012c0b300912f200000cab300ab
:1068c00084d702000100000005362300243623008f
:1068d0003305230012c0b300a12f200000cab3006b
:1068e00084d7020001000000c0dc20000536230030
:1068f000243623008001780022c0b300b1012000bb
:1069000000cab30084d702000100000000fe20008e
:1069100005362300243623008001780042c1b300ed
:106920004100200000cab30084d70200010000002b
:106930000536230024362300f3d8200012c0b3000c
:10694000b12e200000cab30084d70200010000006d
:10695000053623002436230003d9200012c0b300db
:10696000e12e200000cab30084d70200010000001d
:10697000e00423000536230024362300800178003c
:1069800022c0b300512f200000cab30084d70200f8
:1069900001000000053623002436230043052300b0
:1069a00012c0b300b12f200000cab30084d7020088
:1069b000010000004005230010407800e14f400036
:1069c00003003a004005230021c3b30001487800ca
:1069d0006400470005362300243623008001780038
:1069e00012c0b300d101200000cab30084d7020056
:1069f000010000004e409000e14f400004003200d2
:106a0000ce409000c0c3b30080cf500002003600db
:106a1000a0c0b300404798004e4090000080fb00ab
:106a2000b06a8800b16a8000c00320000088b90005
:106a300000007800b06a8800053623002436230061
:106a400023d7200012c0b3003141200000cab30098
:106a500084d70200010000000536230024362300fd
:106a600033d7200012c0b3004141200000cab30058
:106a700084d702000100000020d7200010407800d9
:106a8000f84f50000a003e0030d720001040780038
:106a9000f84f500006003e0030d7200090407800ac
:106aa00020d720001040780080cf500006003e0024
:106ab00020d72000a1c0b3000148780030d72000c3
:106ac00001c1b300014878000536230024362300b5
:106ad000e3d8200012c0b300a103200000cab30015
:106ae00084d702000100000005362300243623006d
:106af000032b210012c0b300e103200000cab30041
:106b000084d702000100000005362300243623004c
:106b1000132b210012c0b300f103200000cab30000
:106b200084d70200010000008000eb0060802b0091
:106b3000e060020000000000053623002436230038
:106b4000b32e210012c0b3000138200000cab300e8
:106b500084d70200010000000536230024362300fc
:106b6000a32e210012c0b3001138200000cab300c8
:106b700084d70200010000000536230024362300dc
:106b8000c32e210012c0b3002138200000cab30078
:106b900084d70200010000000536230024362300bc
:106ba000d32e210012c0b3003138200000cab30038
:106bb00084d702000100000005362300243623009c
:106bc000e32e210012c0b3004138200000cab300f8
:106bd00084d702000100000005362300243623007c
:106be000f32e210012c0b3005138200000cab300b8
:106bf00084d7020001000000102b21009040780093
:106c000040c6b30080cf500003003600102b210097
:106c1000c1c3b300014878000536230024362300a1
:106c2000732e210012c0b300c12f200000cab30090
:106c300084d702000100000005362300243623001b
:106c4000832e210012c0b300d12f200000cab30050
:106c500084d70200010000000536230024362300fb
:106c6000932e210012c0b300e12f200000cab30010
:106c700084d7020001000000702e2100104078002f
:106c8000e14f400003003a00702e210091c1b30093
:106c900001487800802e210010407800e14f40002c
:106ca00003003a00802e2100d1c1b30001487800d2
:106cb000902e210010407800e14f400003003a0080
:106cc000902e2100d1c1b30001487800e0d8200007
:106cd000104078000080fb00640060000000e000cd
:106ce0000400320090fd200011c0b300014878007c
:106cf0000300370090fd20008040eb000148780041
:106d000040782200053623002436230080017800d5
:106d100002c2b300414c200000cab30084d7020075
:106d200001000000307a22008040eb00014878002a
:106d30000000eb00100798000e0037009e00900046
:106d4000407822000080400010407800e14f400071
:106d500005003a008000eb00d0832b003063020076
:106d600000000000090037001e0090000000e8004d
:106d7000100798009e00900040782200008040009c
:106d8000104078000004e000ecff3a006500470086
:106d900005362300243623008001780022c0b3008a
:106da000214c200000cab30084d70200010000007b
:106db000de409000a0c5b30080cf500004003a0030
:106dc000ee40900030ccb30080cf50001b0032006a
:106dd000002b210010407800804078000154a00072
:106de000002b2100014878000536230024362300bb
:106df000032b210012c0b300e103200000cab3003e
:106e000074d6020001000000a0c5b30050479800ee
:106e100030ccb3006047980065004700053623007a
:106e2000243623008001780022c0b300214c2000ca
:106e300000cab30074d60200010000000080fa000e
:106e4000000006000800fa002007980031079800ab
:106e50002e019000be019000028fbe001e00be00f9
:106e60000080fa00000006000000fa00e0998100ae
:106e700080007800f0998100008040000080fa00d6
:106e8000000006000200fa00000f78001e007800e3
:106e90001c1507000000e00002003a000000eb00b3
:106ea000020037001e007800400090000080fa00c9
:106eb000000006000200fa00000f78001e007800b3
:106ec000fe1407000000e00003003a00000020006c
:106ed00001fc2700030037001e007800f00090003e
:106ee000600090000080fa00000006000000fa0038
:106ef000f0002000801f780070002000801f7800c4
:106f000010002000801f780060e52d00801f7800b1
:106f100000342300f00b020000000000e887570057
:106f2000003423000080fa00000006000400fa008c
:106f3000881f7800000f7800110798001e00780065
:106f40000000e000030032001e0090000000e0009e
:106f500002003a00100020002b0037001e009000b5
:106f60009e007800808f50000d003a000000eb007a
:106f7000250037001e007800104078000004e00073
:106f800002003a000000eb001f0037001e0fe8006f
:106f90001e0090000000e800100798000100370074
:106fa000000000001e007800104078000080fb0008
:106fb0005e0f020000000000000478001e00900038
:106fc000104078000080fb005e0f0200000000000f
:106fd000800f5400e7ff32001e0078001040780058
:106fe0000080fb005e0f020000000000000478003b
:106ff0001e009000104078000080fb005e0f020031
:1070000000000000000054004f0478000080fa00e7
:10701000000006000800fa002007980031079800d9
:107020000000eb00000f78000000eb001007980054
:107030002e0090000000e00002003a000000eb008b
:10704000140037002e0090008e0e02000000000099
:10705000000fe8003e009000900078001e007800cd
:1070600001000100100798001e0090000000e000e1
:1070700002003a000000eb00060037001e01780015
:10708000ae0090001e009000800d02000000000085
:107090001e0090000080fa00000006000200fa00c6
:1070a000000f78001e0078000000e00007003a00a2
:1070b000a0cc2000809c890040c92000909c8900c1
:1070c00000d52000a09c89001e003700a0cc200025
:1070d000809c89001e007800100078000000e0000d
:1070e000030032001e00780010007800809c8900a8
:1070f00040c92000909c89001e007800100090007c
:107100000000e000030032001e0078001000900034
:10711000909c89000000eb00a09c8900819c81006c
:10712000a0cc2000808f500006003a00919c810086
:1071300040c92000808f500002003a0000d5200096
:10714000a09c89000080fa00000006000400fa00fc
:10715000100798001e009000900078002001200089
:1071600001000100000f78001e0078000000e00020
:1071700005003200220120008000eb001e00780094
:107180008e0d0200000000001e0078000080fa0052
:10719000000006000400fa00100798000000eb0051
:1071a000000f7800300037001e009000100f7800ac
:1071b0001e009000b00090000010200000806000d1
:1071c0000000e00007003a001e0090002000900040
:1071d0000000e000030032001e009000200090003c
:1071e000ecff07001e009000b0009000001020008f
:1071f000008060000000e00008003a001e009000df
:10720000400090000000e00004003200919c8100ea
:107210001e00900040009000010001001e00900040
:10722000b000900000202000008060000000e0001e
:1072300008003a001e009000000890000000e000e6
:1072400004003200919c81001e0090000008900014
:1072500001000100919c81001e00900001000100ce
:107260009e007800110798001e0090000000e000ca
:10727000cdff3a000080fa00000006000000fa008e
:10728000e0c2b3000080fa00000006004e00fa00e1
:10729000881f780050279800612798006000b80088
:1072a00010079800210798000000eb0040079800a5
:1072b000f2ff0700604798000000eb00000f780025
:1072c0006e2090000000e000040032006e2090006c
:1072d000100078000000e00002003a000000eb001f
:1072e0008b0037000000eb00000f78002f00370004
:1072f0006e209000900078006e209000200090009a
:107300001e00400000804000104078000080fb001c
:1073100091032000810f50000d003c00010320006c
:10732000810f500010003d00d1022000810f50005d
:107330000d003200e1022000810f500015003200e4
:10734000b1022000810f50000700320027003700f3
:1073500051042000810f500003003200510620002c
:10736000810f500020003a006e20900090007800bd
:107370006e209000200090001e0040000080400021
:10738000904078006a0047001e00400001487800e5
:10739000050037006a0047001e004000ee409000e4
:1073a00001487800000000001e0fe800e003200004
:1073b0009e007800808f50000c003e006e209000f0
:1073c0000000e000090032006e20900020009000d4
:1073d0009e0040006e20900010009000808f5000b2
:1073e000c3ff390001003700000000006a004700b9
:1073f0001e0040008040eb0001487800e800470094
:107400006a004700540f02000000000010079800b7
:1074100021079800ce0090006a004700808f50003e
:1074200002003a000000eb00390037005e209000b7
:107430001e019000ae019000620098007300980059
:1074400018c0b30002e02f00f36f24001e0090006c
:10745000ae009000da050200000000000000e0002d
:1074600001003d000044eb000804e000040032008d
:107470005e209000f1ff27005100980017003700b0
:1074800018c0b3000200200003702c001e00900002
:10749000ae009000d6050200000000000000e000f1
:1074a000010034000044eb000804e0000400320056
:1074b0005e2090000100280051009800070037006e
:1074c0001e009000ae009000de05020000000000eb
:1074d000800078005e209000510098005e209000af
:1074e00081002000310098006e209000a0009000e4
:1074f0004e009000000178006a0047000000510033
:10750000808040006e209000210098001000200034
:107510004f0478000080fa00000006000600fa0020
:10752000881f7800000f7800120798002307980042
:1075300018c0b30002e02f00f36f24001e0090007b
:10754000ae009000da050200000000000000e0003c
:1075500001003d000044eb000804e000040032009c
:107560001e007800f1ff2700510098001700370037
:1075700018c0b3000200200003702c001e00900011
:10758000ae009000d6050200000000000000e00000
:10759000010034000044eb000804e0000400320065
:1075a0001e007800010028005100980007003700f5
:1075b0001e009000ae009000de05020000000000fa
:1075c000800078001e007800510098001e007800ae
:1075d0001e019000ae0190006200980073009800b8
:1075e0001e007800f0009000600090004f047800ca
:1075f0000080fa00000006000600fa00881f7800ec
:1076000010079800210798000000eb00000f780099
:107610001e00900030009000700060000000e0004c
:10762000060032001e009000b00090000010200004
:10763000008060000000e000020032000000eb006b
:10764000260037002e0090008e0e02000000000081
:10765000000478001e009000400090008e0e020092
:1076600000000000800f540008003e001e00900043
:1076700040009000ae009000800e0200000000006c
:107680001e00900040009000140037002e00900073
:10769000013923005ffe0700000f78001e0078000c
:1076a0000000e00002003a000000eb000b00370091
:1076b0001e009000400090000000e0000300320037
:1076c0001e00900040009000531407001e00900020
:1076d0009e007800410098001e0078004f0478005a
:1076e0000080fa00000006000800fa002007980059
:1076f000310798000000eb00000f78000000eb005d
:10770000100798002e0090000000e00004003200f6
:107710002e009000100078000000e00002003a0007
:107720000000eb007e0037002e009000100090005b
:107730000000e000080032002e009000a000900041
:107740002e00900010009000808f50000200390041
:107750000000eb00720037003e0090000000e000e7
:1077600002003d000000eb006d0037002e0090008d
:10777000a00090003e009000008040000000e80063
:10778000300798002e009000900090003e0090007e
:10779000808f5000060039002e0090009000780085
:1077a0002e00900020009000008040005c00370018
:1077b0002e009000400090000000e0000200320027
:1077c0000000eb0056003700be009000f0ff2300e1
:1077d000808f5000080036003e0090000000e0005e
:1077e00003003500f0ff2700100798000500370060
:1077f0000000eb004a0037003e009000000040000f
:10780000100798002e009000000890000000e00093
:10781000170032002e009000000990002e0090000a
:10782000100078009e00900002000100000f780018
:107830001e0078000000e00031003a002e009000a9
:10784000f00090002e009000100078000100010070
:107850002e0090008000eb00110098002e00900098
:107860008000eb00010878000000eb002c003700de
:107870002e009000e00090001e009000010001002a
:10788000000f78001e0078000000e0000d003a00b4
:107890002e009000f00090002e0090001000780064
:1078a000010001002e0090008000eb001100980004
:1078b0002e0090008000eb00010878000000eb0033
:1078c000170037002e009000200090008000e80094
:1078d0002e009000100078000101780080007800f0
:1078e0001e007800800d0200000000002e009000b5
:1078f000f00090002e0090001000780001000100c0
:107900002e0090009e009000110098002e00900024
:107910001e0878002e009000200090001e004000fd
:107920000080fa00000006000400fa00881f7800ba
:10793000100798000000eb00000f78001e00900078
:107940000000e000120032001e00900010007800dd
:107950000000e000100032001e009000900078004f
:107960001e00900020009000008f40001e0090003c
:10797000200490001e0078008e0e0200000000001f
:10798000800044001e009000210098000300370092
:107990000000000001003700000000004f047800e4
:1079a0000080fa00000006000c00fa00889fbe006c
:1079b0008a1f780020079800310798004207980036
:1079c000530798002e009000be0090000002be00f9
:1079d00005f0a1004e009000de00900001f0a10033
:1079e00018c0b3000001be000400be00da050200aa
:1079f000000000000000e00001003c000044eb003b
:107a00000804e000040032002e009000be00900048
:107a100001f0a100030037004e009000de0090004e
:107a200001f0a100008fbe004e019000de01900029
:107a30002e009000be0090007606020000000000bc
:107a40000004be0009f0a100020020000340230052
:107a50001e00be0052080200000000001a002000b4
:107a60000001be000800be00d605020000000000b4
:107a70000000e000010034000005eb000a0078007f
:107a80004f0578004f04be000080fa000000060099
:107a90002e00fa00889fbe008a9fbe0050179800f3
:107aa000611798000000eb00200798005e1090001e
:107ab00060019000f00190003207980043079800a1
:107ac0000000eb00000f78000000eb0010079800aa
:107ad000eb014700190009008059eb00e7fd0700a2
:107ae000204f98006000b8003017980041179800a8
:107af0006e1090000000e00002003a000000eb0071
:107b0000ac0037003e009000ce009000cdfc070096
:107b10000001be00f0ff2f00f1ff270002027800f5
:107b20000301780080017800810078000300620082
:107b30008100610081057800000578000a01be001f
:107b40000000200001f82700800f5100818f5900ac
:107b500014003e003e009000ce009000b9fc0700eb
:107b60000001be00f0ff2f00f1ff270002027800a5
:107b70000301780080017800810078000300620032
:107b80008100610081047800000478000801be00d3
:107b90000000200001f82700800f5100818f59005c
:107ba00008003a006b00470052002000f1e52d006c
:107bb000800d02000000000040002000000f78004f
:107bc0003e0037005e10900050009000cf80de0035
:107bd00020060200000000003e019000ce0190004f
:107be000d6050200000000000000e0000b003a0093
:107bf0005e109000d00090006b004700811f78005d
:107c000041e62d00811f7800b80b02000000000043
:107c1000e4875700000f7800280037006b01470009
:107c20003e009000ce009000809fbe0070e62d00c8
:107c3000801f780002007800b80b020000000000ee
:107c4000e6875700000f78006b00470061022000b4
:107c50008e804000811f7800e1e62d00811f7800b2
:107c6000180c020000000000e4875700e10f5000ec
:107c700007003a003e109000ce1090003e019000a8
:107c8000ce01900048ff07000000e0000b003a0022
:107c90006b0147003e009000ce009000809fbe0028
:107ca00020e72d00801f780002007800b80b02004a
:107cb00000000000e6875700000f78001e007800e3
:107cc0000000e000030035001e007800f90f5000ae
:107cd000020034000000eb00360037001e00780080
:107ce0000000e800800078006e1090007efe070023
:107cf000200798002e0090000000e00002003a00eb
:107d00000000eb002b0037000000eb00100798008c
:107d100018003700eb0047001e0090000080400074
:107d2000904078002e48900080cf500006003a0026
:107d3000ae0090001e00900000804000e1c2b30041
:107d40000148780008003700ae0090001e00900047
:107d5000008040006b0147009e00900081004100c0
:107d600091407800014878001e0090000000e80073
:107d7000100798009e0078001e009000808f500031
:107d8000e4ff3e00ae0090001e0090000080400026
:107d90008040eb00014878006e109000a000900039
:107da0001e007800808040006e1090002100980036
:107db000100020004f05be004f04be000080fa00f6
:107dc000000006000600fa00200798000000eb0003
:107dd000000f78000000eb00100798000000eb0097
:107de0001007980050003700ae0090001e00900071
:107df0000080400090407800f0c2b30080cf500077
:107e000010003600ae0090001e0090000080400080
:107e10009040780090c3b30080cf500009003e002e
:107e2000ae0090001e0090000080400010407800de
:107e30000080fb001e00400001fd2f00010f4000ec
:107e400030003700ae0090001e009000008040001f
:107e50009040780000c4b30080cf5000100036007e
:107e6000ae0090001e00900000804000904078001e
:107e700060c4b30080cf500009003e00ae00900007
:107e80001e00900000804000104078000080fb0041
:107e90001e00400091fc2f00010f40001900370028
:107ea000ae0090001e0090000080400090407800de
:107eb00000c6b30080cf500010003600ae00900026
:107ec0001e009000008040009040780060c6b30023
:107ed00080cf500009003e00ae0090001e009000d0
:107ee00000804000104078000080fb001e00400031
:107ef00091fa2f00010f4000020037000000eb0054
:107f00000d0037001e009000e20f500003003e00fd
:107f10001e0078004400dd00000f78001e00900075
:107f20000000e800100798001e009000e30f5000ca
:107f3000adff36001e0078000080fa000000060049
:107f40001600fa00000f9800110f9800220f9800f9
:107f50006000b800008fbe000000eb0040079800f2
:107f60008e089000510798000040eb0040479800b1
:107f70000040eb00504798000040eb00604798003d
:107f80000040eb00704798009e0890005e00900053
:107f900000805000e50f5000a60034005e00900005
:107fa0000080e80087ff070040079800ce0090009f
:107fb000f0bf2d00808f500004003600ce009000ee
:107fc000f0ff2d00808f50009c003600ce00900006
:107fd000f07f2d00808f500034003600ce009000de
:107fe000f0bf2d00808f500030003e005e009000fa
:107ff00066004000600798000000eb0070079800e2
:10800000c0c0b300604798009e0890006e009000ca
:1080100000805000e50f50008a0034006e00900090
:1080200090407800c0c5b30080cf500088003a006f
:108030006e0090000000e8009040780050c7b30048
:1080400080cf500082003a006e0090000080e8006f
:108050005cff070070079800fe009000f0bf2d0045
:10806000808f50007a003600fe009000f0ff2d0057
:10807000808f500076003e004e009000ca00dd0068
:108080007e019000f03f20000000610001007000c0
:108090006101b80000002000110020000200400033
:1080a00083804800008fbe000500370060c0b30029
:1080b000604798004e0090008000eb00008fbe00eb
:1080c000f0072000010020001e01be00800f5100bb
:1080d000818f590003003e0010c0b3004047980054
:1080e00020003700f07f2000010020001e01be00ac
:1080f000800f5100818f590005003e0020c0b30061
:108100004047980000ccb300704798001500370036
:10811000f0ff2f00010020001e01be00800f510063
:10812000818f590005003e0030c0b30040479800e1
:1081300000ceb300704798000a003700f0ff2f0010
:10814000010120001e01be00800f5100818f5900e7
:108150003e003e0040c0b3004047980000cfb3004f
:10816000704798004e4090000040e900504798004a
:10817000130037002e089000900078005e409000b9
:108180000080fb00008040009e0078008140780065
:10819000f143b2000174a000014878001e00be0047
:1081a0004a09dd004600de0000007100c608de005e
:1081b000008fbe005e4090000040e90050479800ec
:1081c0005e4090000004e000eaff3a004e4090005c
:1081d000e14f5000080036002e0890001000780093
:1081e0009e00780001417800fe40900081407100bf
:1081f00001487800060037002e0890001000780033
:108200009e007800814078000174a1000148780048
:108210002e089000900078004e4090000080fb00f7
:10822000808040002e089000010878006e40900089
:1082300008003700000000000500370000000000c3
:1082400003003700000000000100370000000000bc
:108250000040eb000080fa00000006001200fa0067
:1082600070079800010f98000e08900090007800a9
:108270000e089000200090000000e800008f4000f1
:108280000e089000900078000e08900020009000ea
:108290000000e80000804000100798000000eb009c
:1082a000600798000000eb00200798000e0890007f
:1082b000900078000e0890002000900000804000a0
:1082c0009040780020c2b30080cf5000d4003a0024
:1082d0000000eb00500798000000eb00300798000a
:1082e000180037001e00900090407800c0c5b30011
:1082f00080cf500010003a001e0090000000e800ff
:10830000800078000e0890001000780080805000f7
:108310000e08900010009000808f5000c2003100c5
:108320003e0090000000e800300798001e0090001a
:108330000000e800100798001e0090000000e80010
:10834000100798009e0090000e0890001000780022
:10835000808050000e08900010009000808f500028
:10836000050031001e0090009040780020c2b3004c
:1083700080cf5000dbff3a009e0090000e08900076
:1083800010007800808050000e08900010009000cf
:10839000808f5000ab0031001e00900090407800ac
:1083a00020c2b30080cf5000a6003a009e0090008b
:1083b0000e089000100178000e0890002000900038
:1083c00000004100808050003e009000008050007e
:1083d000500798000e089000c00090005e009000ca
:1083e0000000e80001000100200798002e00900026
:1083f0000000e0008e003200ae009000610798009f
:108400006d0037001e00780090407800c0c5b300b2
:1084100080cf5000080032006e0090009e0078006f
:1084200091407800014878000000e800600798005b
:108430001e0fe8006000370020c0b300004f980016
:108440009e0090001e007800008050000000e000b8
:10845000790034001e00e800104078000080fb0026
:10846000e1062000810f50002d003200e1062000bf
:10847000810f500014003c0021062000810f5000a5
:108480001b00320021062000810f50000a003c0032
:10849000f1022000810f500033003200c10520009e
:1084a000810f50003000320021022000810f500067
:1084b0002d0032006300370061062000810f50005c
:1084c000110032005f00370041072000810f50008b
:1084d0001f00320051072000810f50002900320098
:1084e00021072000810f5000130032005500370093
:1084f0006e00900081c0b300014878000000e800e1
:1085000060079800290037006e009000c1c0b300da
:10851000014878000000e800600798002300370059
:108520006e009000a1c0b300014878000000e80090
:10853000600798001d0037006e009000d1c0b300a6
:10854000014878000000e800600798001700370035
:108550006e00900091c0b300014878000000e80070
:1085600060079800110037006e0090009e00e80040
:1085700091407800014878000000e800600798000a
:108580000a0037006c004700000178009e00900050
:108590001e0078006afe0700004f98000e48900009
:1085a0000004e00026003200000000000e489000a9
:1085b0000080fb001e0f40001e0090009e0078000f
:1085c000808f50008fff39006e0090008040eb00dc
:1085d000014878007e0090000101200031009800e1
:1085e000ae0090007e009000410098009e00900038
:1085f0000e08900010007800808050000e08900057
:10860000210098000e089000200090008000e800f3
:108610000e08900021009800100020001a0037007a
:1086200000000000070037000000000005003700d0
:1086300000000000030037000000000001003700c8
:10864000000000002e0090000000e0000400320056
:108650000e089000d00090002e0090000100010054
:108660001e0078000000e000060032009e00780046
:108670000e08900010007800808050000e089000d6
:10868000210098000000eb000080fa0000000600c6
:108690000e00fa0050079800610798000000eb00f8
:1086a000000f78000000eb00300798000000eb009e
:1086b000100798000000eb00400798000000eb0056
:1086c000200798006e0090000000e00002003a00d1
:1086d0000000eb00dc0037005e0090000000e000ce
:1086e00010003a00310020006e009000fefb0700f1
:1086f000300798003e0090000000e00002003a00c1
:108700000000eb00d00037003e0090003200200057
:1087100091e72d00800d02000000000010002000f5
:10872000c9003700de009000010f78001f003700fd
:108730001e007800104078000080fb00ed0f500014
:1087400006003c00ec0f50000a003d00680050009d
:10875000e20f50000b003e0006003700210220000f
:10876000810f500003003200c1052000810f50002e
:1087700004003a002e0090000000e8002007980056
:10878000090037001e00780010407800ff4f5000ad
:1087900004003e002e009000650040002007980075
:1087a00001003700000000001e0fe8001e007800e6
:1087b000104078000004e000ddff3a009e007800e1
:1087c0005e009000808050002e00900000804000ed
:1087d000400798004e009000630040008000780041
:1087e0006e009000c0fb0700300798003e0090002c
:1087f0000000e00002003a000000eb0092003700a9
:108800002e0090000000e00017003a003e009000ab
:1088100021c2b300014878003e0090000000e8004b
:108820004e019000de009000800d0200000000006c
:108830004e0090000000e800be0090000080400064
:1088400021c2b300014878004e0090000080e8008b
:10885000be009000008040008040eb00014878009e
:1088600010002000780037003e00900021c2b300c5
:10887000014878003e0090000000e80010079800d2
:10888000de009000010f78005e0037001e007800c7
:1088900010407800ff4f50000f0036001e00780097
:1088a0009040780020c2b30080cf50000a00320010
:1088b0001e00780090407800c0c5b30080cf500003
:1088c000050032001e007800904078001e009000e5
:1088d00001487800470037001e009000c1c5b30072
:1088e000014878001e0090000000e8001007980082
:1088f0001e007800104078000080fb00ec0f500054
:108900001e003200ec0f500007003c00e90f500041
:1089100026003200ea0f50001c003200e80f500021
:10892000120032002500370021022000810f500084
:108930000a003200c1052000810f50000300320000
:10894000ed0f5000150032001c0037001e00900093
:10895000c1c5b30001487800260037001e00900012
:1089600021c2b30001487800220037001e009000a9
:1089700021c6b300014878001e0037001e00900099
:1089800061c6b300014878001a0037001e0090004d
:10899000e1c6b30001487800160037001e009000c1
:1089a00021c7b30001487800120037001e00900074
:1089b00041c7b300014878000e0037001e00780060
:1089c000104078008080fb001e009000811f78001e
:1089d000c1e72d00811f7800b80b020000000000e5
:1089e000e48757001e0090006400400010079800c4
:1089f000000000001e0fe8001e0090000000e800cc
:108a0000100798001e007800104078000004e00075
:108a10009eff3a004e0090000000e800be0090006b
:108a20000080400021c2b300014878004e00900051
:108a30000080e800be009000008040008040eb0015
:108a400001487800100020000080fa0000000600b5
:108a50000400fa00000f7800110798001e0078004b
:108a6000400090009e00900009ff07000080fa007f
:108a7000000006000200fa00000f78001e007800d7
:108a80000000e000040032001e00780010007800b2
:108a90000000e00002003a000000eb002e0037006a
:108aa0001e0078000000e000060032001e00780082
:108ab000a00090001e00780010009000808f5000f1
:108ac000070039001e007800230037001e007800e0
:108ad000200090008000e8001e007800210098002f
:108ae0001e0078000000e0000f0032001e00780039
:108af000a00090001e00780010009000808f5000b1
:108b0000090031001e007800900078001e007800f7
:108b100020009000008040009040780000c2b30028
:108b200080cf5000e9ff36001e007800a0009000c2
:108b30001e00780010009000808f500005003a0061
:108b40001e007800200090008000e9001e007800e0
:108b5000210098001e0078000080fa000000060046
:108b60000200fa00000f78001e0078000000e0000c
:108b7000080032001e007800100078000000e000bd
:108b8000040032001e007800200090000000e00089
:108b9000020032000000eb001c0037001e007800cd
:108ba0000000e000180032001e0078002000900055
:108bb000e40040001e00780010009000808f5000fc
:108bc000110031001e00780010007800800078004d
:108bd0001e0078002000900000804000320020003d
:108be00021e82d00be0e0200000000000000e000a1
:108bf00005003a001e00780020009000e3004000cd
:108c00001e007800210098001e0078000080fa0005
:108c1000000006000800fa001007980021079800dd
:108c2000320798001e0090000000e00002003a00a9
:108c30000000eb00090037001e0090008e0e0200bd
:108c400000000000000fe800be0190002e0190001f
:108c50009e0078001e009000020007000080fa00cd
:108c6000000006001c00fa00200f9800310f980049
:108c7000420f9800530f9800e200470006000900d9
:108c80008018eb000000eb00000f78000000eb0004
:108c9000e09989000000eb00f09989002e0890000f
:108ca0000000e0003a0032003e0890000000e000c2
:108cb000370032002e089000100798003e099000ff
:108cc000220798000000eb0030079800829c81008a
:108cd000939c81005207980063079800a39c810031
:108ce000730798000039230018f90700000f780077
:108cf0001e0078000000e000220032000e80e80034
:108d000097ff07005bff0700800078001e007800d7
:108d10002b0107000000e0001c0032005e089000fc
:108d20000000e0000c0032000e80e80051ff070058
:108d3000be0090002e009000808f50001400310083
:108d40009e0090003e00900000804000104078009f
:108d50000004e0000e003a004e0890000000e00021
:108d6000060032001e009000800078003e00900057
:108d7000808040004e089000010878001e007800b6
:108d80002a0037000000000001003700000000004a
:108d90001e0078000000e000020032001e00780093
:108da000fcf807002e0890000000e0001e003200d2
:108db0002e089000000f98000000eb00100f9800a4
:108dc000be0090002e009000808f50000300310004
:108dd0003e009000100f9800060037002e00900013
:108de0000000e000030032002e0090000000e900c7
:108df000100f98004e0890000000e00006003200be
:108e00000e089000800078001e08900080804000ce
:108e10004e089000010878000e0990009e0990000d
:108e2000e2998900f39989000000eb000080fa00c4
:108e3000000006000200fa00000f78000001eb00bd
:108e40008000eb001e00780072ff07000080fa002f
:108e5000000006000400fa00000f780011079800d7
:108e60008001eb000001eb009e0090001e007800e6
:108e70007cff07000080fa00000006001a00fa00dc
:108e8000200f9800310f9800420f98000000eb006f
:108e9000000f78000e80e800220120008000eb0027
:108ea0008e0d0200000000004e0890009000780037
:108eb00090f48600010001001007980090f48600ed
:108ec00020079800be089000610798004e089000a7
:108ed0001001be0072079800030f9800a0019000d7
:108ee000130f98001e0090000000e00037003200d1
:108ef0000e80e800800078002e0890008c010700aa
:108f00000000e000330032000e80e80086fa07001f
:108f10004e089000200090000000e0000d0032009c
:108f20004e089000200190003e0090008000e80074
:108f30001e00900002000100000f78001e00780063
:108f40000000e000250032000000eb001007980050
:108f50001c0037004e089000900078003e00900002
:108f60000000e80001000100000f78001e007800fa
:108f70000000e0001b0032003e0090000000e8000e
:108f8000ae009000810f5000010036000100780013
:108f90009e009000000178001e007800800d020005
:108fa000000000003e0090001e0040008040eb00ea
:108fb000014878004e089000900090001e0090003c
:108fc000010001001e0078001600370000000000bc
:108fd000050037000000000003003700000000001b
:108fe00001003700000000001e0090000000e000bb
:108ff000040032004e089000900090001e00900087
:10900000010001001e0078000000e00004003200b2
:109010004e089000900090001e00780001000100b2
:109020000000eb000080fa00000006000200fa00d9
:10903000000f780002392300110020001e00780084
:109040008eff07000080fa00000006000200fa0010
:10905000000f7800023923008000eb001e0078002a
:1090600086ff07000080fa00000006001800fa00e2
:10907000100f9800210f9800320f98000800090087
:10908000001feb002e01b1002e0890000000e00050
:1090900002003d000000eb0022003700819c8100af
:1090a0002e08900001000100000f78001e007800db
:1090b0000000e00002003a000000eb001900370059
:1090c0002e089000100798000000eb002007980081
:1090d0000000eb0040079800be0890005107980080
:1090e000829c8100939c810062079800730798001e
:1090f000a39c8100030f98008e0078001e0890004a
:109100000b0107000000e00005003a00919c81007f
:109110001e007800010001000000eb000100370094
:109120001e0078000080fa00000006001a00fa0015
:10913000100f9800210f9800320f9800430f9800ed
:1091400008000900001feb002e01b1003e0890004e
:109150000000e000030035002e0890000000e00051
:1091600002003a000000eb00130037002e089000c8
:10917000000f78003e089000100798000000eb00f8
:10918000200798001000200040079800ce089000ab
:1091900051079800829c8100939c8100620798008f
:1091a00073079800a39c8100030f98008e0078003d
:1091b0001e089000de0007000080fa000000060094
:1091c0000400fa00000f7800110798001e009000bc
:1091d0000000e000040032001e0090001000780043
:1091e0000000e00002003a000000eb00ce00370073
:1091f0001e0090000000e0001d0032001e009000e4
:1092000020009000e40040001e009000100090003c
:10921000808f500016003e001e0090001000780065
:10922000800078001e009000200090000080400028
:1092300042002000f1e52d00be0e020000000000fb
:109240000000e0000a003a001e0078004100200003
:10925000310098001e00900020009000e4004000c3
:109260001e0090002100980010002000ae00370082
:109270001e0090000000e0001d0032001e00900063
:1092800020009000e50040001e00900010009000bb
:10929000808f500016003e001e00900010007800e5
:1092a000800078001e0090002000900000804000a8
:1092b0005200200061e82d00be0e020000000000f8
:1092c0000000e0000a003a001e00780011002000b3
:1092d000310098001e00900020009000e500400042
:1092e0001e00900021009800100020008e00370022
:1092f0001e0090000000e000200032001e009000e0
:1093000020009000e40040001e009000100090003b
:10931000808f500019003e001e0090001000780061
:10932000800078001e009000200090000080400027
:1093300042002000c1e82d00be0e02000000000027
:109340000000e0000d003a001e007800210020001f
:10935000310098001e007800110020005100980094
:109360001e00900020009000e40040001e009000cd
:1093700021009800100020006b0037001e009000b4
:109380000000e000130032001e009000a0009000da
:109390001e00900010009000808f50000d003100e2
:1093a0001e009000900078001e00900020009000a9
:1093b000008040009040780020c2b30080cf500071
:1093c00004003a009e0090001e007800a3fb0700f6
:1093d000550037001e0090000000e000250032001c
:1093e0001e009000a00090001e0090001000900051
:1093f000808f50001f0031001e0090009000780008
:109400001e009000200090000080400090407800f6
:10941000d0c2b30080cf5000120032001e00900076
:10942000900078001e009000200090000080400016
:1094300090407800f0c2b30080cf50000d0036009d
:109440001e009000900078001e0090002000900008
:10945000008040009040780090c3b30080cf50005f
:1094600004003e009e0090001e00780087f7070071
:109470002d0037001e0090000000e00013003200b5
:109480001e009000a00090001e00900010009000b0
:10949000808f50000d0031001e0090009000780079
:1094a0001e00900020009000008040009040780056
:1094b000b0c5b30080cf500004003a009e00900079
:1094c0001e007800a9000700170037001e0090005a
:1094d0000000e000130032001e009000a000900089
:1094e0001e00900010009000808f50000d00310091
:1094f0001e009000900078001e0090002000900058
:109500000080400090407800b0c7b30080cf50008a
:1095100004003a009e0090001e007800c50107007c
:10952000010037000000eb000080fa000000060098
:109530000800fa0020079800310798000000eb00af
:10954000000f78002e0090000000e00003003200c1
:109550003e0090000000e00002003a000000eb0036
:10956000800037002e009000b0009000f00f200027
:1095700000806000e80f500049003200e80f500002
:1095800007003c00e20f500035003200e40f5000ad
:1095900013003200e10f500021003200700037004c
:1095a00001022000810f50006500320001022000fe
:1095b000810f500003003c00f00f50005c003200af
:1095c0006700370001042000810f50006000320066
:1095d00001082000810f5000350032006000370084
:1095e000510020003e0090003ff80700000f780077
:1095f0001e0078000000e00002003a000000eb00ce
:10960000580037001e00780052002000f1e52d00c0
:10961000800d020000000000100020005100370003
:10962000610020003e0090002ff80700000f780036
:109630001e0078000000e00002003a000000eb008d
:10964000480037001e0078006200200061e82d000d
:10965000800d0200000000001000200041003700d3
:10966000510020003e0090001ff80700000f780016
:109670001e0078000000e00002003a000000eb004d
:10968000380037001e00780052002000c1e82d008d
:10969000800d0200000000001000200031003700a3
:1096a000be0090002e009000f9f807002d00370052
:1096b0000000eb00100798002e0090004000900082
:1096c0000000e00002003a000000eb002500370037
:1096d0002e009000400090008e0e0200000000005e
:1096e0000000e800100798009e0090003e009000e7
:1096f000fdf70700000f78001e0078000000e00072
:1097000002003a000000eb00160037002e00900027
:10971000400090001e019000800078001e0078003c
:10972000800d020000000000100020000d00370036
:10973000be0090002e009000c5fc07000900370015
:10974000be0090002e009000c10007000500370009
:10975000be0090002e0090001f020700010037009d
:109760000000eb000080fa00000006000a00fa008a
:1097700030079800410798000000eb00000f7800c8
:109780000000eb00100798004e009000b000900021
:10979000703e2000808f5000020036000000eb0079
:1097a000a90037004e009000300090008000e800d3
:1097b0004e009000310098004e009000900078001c
:1097c0004e00900020009000008040009040780003
:1097d000b0c5b30080cf500090003a004e0090001a
:1097e000200090008000e8004e00900021009800ca
:1097f0004e0090009ffc07004e0090000000e0002b
:109800000f0032004e009000a00090004e0090002b
:1098100010009000808f5000090031004e00900031
:10982000900078004e0090002000900000804000e2
:1098300090407800d0c5b30080cf50005e00320069
:109840004e0090000000e000060032004e00900044
:10985000a00090004e00900010009000808f5000fb
:10986000060039004e009000200090008000e900c2
:109870004e009000210098006d0037004e009000cf
:10988000200090008000e9004e0090002100980028
:109890004e009000680040002cf60700200798005a
:1098a0002e0090000000e0005e0032001e007800f4
:1098b0000000e00005003a00ae009000010f7800c3
:1098c0009e00780011079800080037001e009000e5
:1098d000ae009000010878002e0090009e009000dd
:1098e00011009800ae009000110798004e00900003
:1098f000200090008000e8004e00900021009800b9
:109900004e0090005bfc0700ce0090001e0090000f
:109910002bfe07000000e000440032004e009000e3
:1099200054fc07004e0090000000e0000f003200e1
:109930004e009000a00090004e009000100090009b
:10994000808f5000090031004e0090009000780098
:109950004e00900020009000008040009040780071
:10996000c0c2b30080cf5000c9ff32004e0090004b
:109970000000e0002e0032004e009000a000900099
:109980004e00900010009000808f500028003100a1
:109990004e009000900078004e0090002000900053
:1099a0000080400090407800d0c5b30080cf5000c8
:1099b0001f003a0001003700000000004e00900038
:1099c000300090008000e9004e00900031009800c7
:1099d0001e0078000000e000030032001e00780046
:1099e0009e009000110098003e00900001022000af
:1099f000310098003e0090009e0078002100980001
:109a00004e009000200090008000e8004e00900082
:109a100021009800100020000b003700000000001b
:109a200003003700000000000100370000000000c4
:109a30001e0078000000e000020032001e007800e6
:109a4000d4f507000000eb000080fa0000000600db
:109a50000a00fa0030079800410798000000eb0068
:109a6000000f78000000eb00200798003e009000f7
:109a7000a0009000110798004e0090000000e00048
:109a800002003a000000eb006800370011002000df
:109a90004e00900014f70700000f78001e007800b9
:109aa0000000e00002003a000000eb005f00370019
:109ab0001e007800b1c5b300014878004e00900048
:109ac000200090008000e8004e00900021009800e7
:109ad0004e009000300090008000e8004e009000a2
:109ae0003100980038003700ce0090001e00900032
:109af0008ffe07000000e00002003a000000eb00cb
:109b00004a0037004e00900087f707001e009000c3
:109b1000100078000000e000280032004e009000a5
:109b2000500090000000e000020032002000200001
:109b30000100370010002000200798002e00900040
:109b40000000e800800078004e009000e6f6070074
:109b5000000f78001e0078000000e00002003a00cc
:109b60000000eb00310037001e007800c1c2b300d6
:109b7000014878001e0fe8004e0090005000900051
:109b80000000e000040032001e00780001c2b300b3
:109b9000014878001e0fe8001e0078008040eb00ae
:109ba000014878004e009000a00090002e00900028
:109bb000808040004e009000210098001e00900020
:109bc00090007800110798001e0090000000e0004f
:109bd000c5ff3a00210020004e009000c2f60700a9
:109be000000f78001e0078000000e00002003a003c
:109bf0000000eb000d0037001e007800d1c5b30057
:109c0000014878001e0fe8001e0078008040eb003d
:109c1000014878004e009000300090008000e9007c
:109c20004e00900031009800100020000080fa00e3
:109c3000000006000a00fa0030079800410798006b
:109c40000000eb00000f78000000eb001007980008
:109c50004e009000b0009000703e2000808f5000b9
:109c6000020036000000eb00d90037004e009000e3
:109c7000300090008000e8004e0090003100980015
:109c80004e0090000000e000cb0032004e0090003b
:109c9000a00090004e00900010009000808f5000b7
:109ca000c50031004e009000900078004e009000fa
:109cb000200090000080400090407800b0c7b300c2
:109cc00080cf5000bc003a004e0090002000900071
:109cd0008000e8004e009000210098004e009000a7
:109ce00064fb07004e0090000000e0000f0032000f
:109cf0004e009000a00090004e00900010009000d8
:109d0000808f5000090031004e00900090007800d4
:109d10004e009000200090000080400090407800ad
:109d2000d0c7b30080cf5000850032004e009000b5
:109d30000000e000060032004e009000a0009000fd
:109d40004e00900010009000808f500006003900f7
:109d50004e009000200090008000e9004e0090002e
:109d600021009800940037004e00900020009000e1
:109d70008000e9004e009000210098004e00900005
:109d800068004000f1f40700200798002e009000c2
:109d90000000e000830032001e0078000000e000b8
:109da00005003a00ae009000010f78009e00780098
:109db00011079800080037001e009000ae009000c8
:109dc000010878002e0090009e009000110098007d
:109dd000ae009000110798004e0090002000900007
:109de0008000e8004e009000210098004e00900096
:109df00020fb0700ce0090001e00900017f907001e
:109e00000000e000690032004e00900019fb0700de
:109e10001e009000c00090001e00900001089800f5
:109e20001e0090008000eb00410098004e00900062
:109e30000000e000600032004e009000a0009000a2
:109e40004e00900010009000808f50005a003100aa
:109e50004e009000900078004e009000200090008e
:109e60000080400090407800a0c3b30080cf500035
:109e700051003a004e009000200090008000e80061
:109e80004e009000210098004e009000f9fa070063
:109e9000ce0090001e009000c9fc07000000e0000a
:109ea000440032004e009000f2fa07004e0090008d
:109eb0000000e0000f0032004e009000a000900073
:109ec0004e00900010009000808f5000090031007b
:109ed0004e009000900078004e009000200090000e
:109ee0000080400090407800c0c2b30080cf500096
:109ef000a2ff32004e0090000000e0002e00320071
:109f00004e009000a00090004e00900010009000c5
:109f1000808f5000280031004e00900090007800a3
:109f20004e0090002000900000804000904078009b
:109f3000d0c7b30080cf50001f003a0001003700a7
:109f4000000000004e009000300090008000e9000a
:109f50004e009000310098001e0078000000e000e4
:109f6000030032001e0078009e009000110098004f
:109f70003e00900001042000310098003e00900057
:109f80009e007800210098004e0090002000900074
:109f90008000e8004e009000210098001000200092
:109fa0000b00370000000000030037000000000035
:109fb00001003700000000001e0078000000e000f3
:109fc000020032001e00780072f407000000eb006f
:109fd0000080fa00000006000e00fa00500798000a
:109fe000610798000000eb00000f78000000eb0014
:109ff000400798005e009000a000900011079800b4
:10a000006e0090000000e00002003a000000eb004b
:10a01000f30037006e009000500090000000e00058
:10a020000200320020002000010037001000200054
:10a03000400798004e0090000000e8008000780083
:10a040006e009000a8f50700000f78001e00780051
:10a050000000e00002003a000000eb00e0003700e2
:10a060001e007800b1c7b300014878001e0fe80059
:10a070006e009000300090008000e8006e009000bc
:10a08000310098006e009000500090000000e00049
:10a09000040032001e007800a1c0b300014878001f
:10a0a0001e0fe8006e009000a00090004e0090008f
:10a0b000808040006e0090002100980092003700e0
:10a0c0006e009000500090000000e000210032007f
:10a0d0006e00900030009000800078006e009000cc
:10a0e00081f50700000f78001e0078000000e000f6
:10a0f00002003a000000eb00b90037000000eb005e
:10a1000020079800070037001e00780091c0b300b8
:10a11000014878001e0fe8002e0090000000e800c3
:10a12000200798006e009000b00090002e00900074
:10a13000808f5000f4ff3e006e009000a000900061
:10a140006e00900030009000808040006e00900013
:10a15000210098001e00900000089000ee00900082
:10a160004bf907000000e00002003a000000eb009d
:10a170009b0037006e009000ebf507006e0090002a
:10a18000500090000000e00002003200200020009b
:10a19000010037001000200040079800ce0090001a
:10a1a0006e00900050f50700000f78001e00780048
:10a1b0000000e00002003a000000eb0088003700d9
:10a1c0001e007800a1c3b300014878001e0fe8000c
:10a1d0006e009000500090000000e000040032008b
:10a1e0001e00780091c0b300014878001e0fe800ff
:10a1f0006e009000a00090004e0090008080400013
:10a200006e00900021009800ee0090001e0090006b
:10a21000c7fc07000000e00002003a000000eb006d
:10a220006f0037006e009000bff507006e009000d1
:10a23000500090000000e0000200320011002000f9
:10a24000010037008000eb001e0090001000780035
:10a250000000e00002003200100020000100370082
:10a260000000eb0000804000400798004e00900086
:10a270000000e800800078006e0090001af50700ea
:10a28000000f78001e0078000000e00002003a0095
:10a290000000eb00520037001e0090001000780014
:10a2a0000000e000040032001e007800c1c2b300cc
:10a2b000014878001e0fe8006e00900050009000ea
:10a2c0000000e000040032001e007800a1c0b300ce
:10a2d000014878001e0fe8001e0078008040eb0067
:10a2e000014878006e009000a00090004e009000a1
:10a2f000808040006e009000210098001e009000b9
:10a3000090007800110798001e0090000000e00007
:10a310006bff3a006e009000500090000000e000db
:10a32000040032006e009000300090000000e80051
:10a330000100370020002000800078006e009000af
:10a34000e9f40700000f78001e0078000000e0002c
:10a3500002003a000000eb00210037006e00900080
:10a36000500090000000e000100032000000eb0000
:10a3700030079800070037001e00780091c0b30036
:10a38000014878001e0fe8003e0090000000e80041
:10a39000300798006e009000300090008000e900c7
:10a3a0003e009000808f5000f3ff3e001e007800ba
:10a3b000d1c7b300014878001e0fe8001e007800e6
:10a3c0008040eb00014878006e0090003000900063
:10a3d0008000e9006e00900031009800100020001d
:10a3e0000080fa00000006000600fa00200798002e
:10a3f0000000eb00000f78000000eb001007980051
:10a400002e0090000000e00002003a000000eb0087
:10a410000d0037002e009000a0009000010f780082
:10a42000050037001e0090000000e80010079800ab
:10a430001e007800100f78001e0078000000e00079
:10a44000f8ff3a001e0090000080fa0000000600ad
:10a450000600fa0010079800210798000000eb00a2
:10a46000000f78001e0090000000e00002003a009b
:10a470000000eb00100037001e009000a0009000cc
:10a48000010f7800050037002e0090000000e90061
:10a49000200798001e007800100f78001e0078003a
:10a4a0000000e000030032002e0090000000e000f9
:10a4b000f5ff3a001e0078000080fa000000060058
:10a4c0000400fa00000f7800110798001e009000a9
:10a4d0000000e00002003d000000eb000400370037
:10a4e0001e009000800078001e007800d8ff070052
:10a4f0000080fa00000006000800fa00100798002b
:10a5000021079800320798000000eb00000f780048
:10a510001e0090000000e000030032002e009000ba
:10a520000000e00002003a000000eb002f003700be
:10a530001e009000a0009000010f78003e009000e7
:10a540000000e00015003200020037001e00780015
:10a55000100f78001e0078000000e00019003200a3
:10a560001e007800000890000000e0001500320096
:10a570001e00780000089000800078002e009000f7
:10a580006a0e0200000000000000e000efff3a0049
:10a590000c0037001e007800100f78001e007800b5
:10a5a0000000e000070032001e0078000008900064
:10a5b000800078002e0090005cf207000000e000b0
:10a5c000f4ff3a001e0078000000e00004003200b2
:10a5d0001e007800000890000000e00002003a0031
:10a5e0000000eb00010037001e0078000080fa0038
:10a5f000000006000400fa00000f78001107980020
:10a600000001eb009e0090001e007800baff0700da
:10a610000080fa00000006000400fa00000f780035
:10a6200011079800120020009e0090001e00780084
:10a63000b1ff07000080fa00000006000400fa00e5
:10a64000000f7800110798009e0090001e0078000f
:10a65000e8ff070000f0a7000000ea000000ea00a1
:10a660004f00de000080fa00000006000400fa003f
:10a67000000f7800110798001e0078009e009000df
:10a68000010878001e0090009e00780011009800dc
:10a690000080fa00000006000600fa00100798008b
:10a6a000210798000000eb00000f78001e009000ca
:10a6b0000000e00002003a000000eb001e0037003e
:10a6c0002e009000a1f20700000f78001e00780015
:10a6d0000000e00002003a000000eb001600370026
:10a6e000220120009e0090001e007800800d0200d4
:10a6f000000000001e0078008000eb0001089800b8
:10a700001e00780030009000800078000180a000da
:10a710001e007800310098001e0078008000eb00d9
:10a72000110098001e007800900090001e00780034
:10a73000010878001e0078000080fa000000060082
:10a740000600fa0010079800210798000000eb00af
:10a75000000f78002e0090000000e000070032009b
:10a760001e0090000000e000040032009e009000f7
:10a770002e009000808f500002003a000000eb0095
:10a780001d0037001e009000a0009000010f78000f
:10a790001e0078000000e0000a003a001e00900051
:10a7a000ae009000210098002e009000ae009000b6
:10a7b000110098002e0090008000eb000108780046
:10a7c0000c0037001e007800100090000000e00030
:10a7d000080032001e00780010009000ae009000cb
:10a7e000a2ff07001e00900020009000ae00900025
:10a7f00011009800100020000080fa000000060000
:10a800000400fa00000f7800110798009e009000e5
:10a810001e007800caff07000080fa000000060052
:10a820000200fa00000f78001e0078000080fa0095
:10a83000000006000e00fa0020079800310798007b
:10a840004207980053079800640798000000eb0047
:10a85000000f78000000eb00100798002e00900019
:10a860000000e0000a0032003e0090000000e0001e
:10a87000070032004e0090000000e00004003200ab
:10a88000ae0090004e009000808f500002003a0011
:10a890000000eb00300037006e0090000000e00088
:10a8a000080032003e009000ddff0700000f780036
:10a8b0004e009000300090000090a000100798001b
:10a8c0000d0037003e009000de009000d1f107003f
:10a8d000000f78001e0078000000e00002003a003f
:10a8e0000000eb001c0037004e009000300090008c
:10a8f0000090a100100798004e009000b00090005a
:10a9000000202000008060000000e00009003a0004
:10a910004e009000000890000000e00005003200aa
:10a920005e009000900090004e00900000089000a3
:10a93000010001004e0090009e0078000108980080
:10a940004e0090009e00900031009800ce009000d4
:10a950002e0090007aff07000080fa000000060039
:10a960000600fa00000f78001107980022079800ef
:10a970000002eb00033923002e0190009e0090009e
:10a980001e007800abff07000080fa000000060000
:10a990000600fa00000f78001107980022079800bf
:10a9a00014002000033923002e0190009e00900027
:10a9b0001e0078009fff07000080fa0000000600dc
:10a9c0000400fa00000f7800110798001e007800bc
:10a9d0000000e00002003a000000eb000600370033
:10a9e000013923001e0090002bff07008000780033
:10a9f0001e00780052ff07000080fa0000000600e9
:10aa00000600fa00000f780011079800220798004e
:10aa10001e0078000000e000030032001e009000dd
:10aa20000000e00002003a000000eb0009003700df
:10aa3000013923002e00900017ff07000002eb00f1
:10aa400003392300000178009e0090001e0078006a
:10aa500078ff07000080fa00000006000600fa00f8
:10aa6000100798002107980019020700000f7800ce
:10aa70000002eb00033923001e017800ae009000b5
:10aa80001e0090006bff07000000e0000200320093
:10aa90001e007800030037001e007800bdf107009b
:10aaa0000000eb000080fa00000006000600fa003b
:10aab000100798002107980012020700000f780085
:10aac0000002eb00033923001e017800ae00900065
:10aad0001e00900057ff07000000e0000200320057
:10aae0001e007800030037001e007800a9f107005f
:10aaf0000000eb000080fa00000006000600fa00eb
:10ab000010079800210798000b020700000f78003b
:10ab10000002eb00033923001e017800ae00900014
:10ab20001e00900043ff07000000e000020032001a
:10ab30001e007800030037001e00780095f1070022
:10ab40000000eb000080fa00000006000800fa0098
:10ab50001007980021079800320798003e009000e7
:10ab600002020700000f78000002eb000339230007
:10ab70001e017800ae0090001e0090002dff07001f
:10ab80000000e000020032001e00780003003700e1
:10ab90001e0078007ff107000000eb000080fa0043
:10aba000000006000a00fa0010079800210798002c
:10abb00032079800430798003e009000ce009000b6
:10abc000fd010700000f78000002eb0003392300ad
:10abd0001e017800ae0090001e00900015ff0700d7
:10abe0000000e000020032001e0078000300370081
:10abf0001e00780067f107000000eb000080fa00fb
:10ac0000000006000800fa001007980021079800cd
:10ac1000320798003e00900024020700000f7800e1
:10ac20000002eb00033923001e017800ae00900003
:10ac30001e009000fffe07000000e000020032004e
:10ac40001e007800030037001e00780051f1070055
:10ac50000000eb000080fa00000006000800fa0087
:10ac60001007980021079800320798003e009000d6
:10ac700063020700000f78000002eb000339230095
:10ac80001e017800ae0090001e009000e9fe070053
:10ac90000000e000020032001e00780003003700d0
:10aca0001e0078003bf107000000eb000080fa0076
:10acb000000006000600fa0010079800210798001f
:10acc00078020700000f78000002eb000339230030
:10acd0001e017800ae0090001e009000d5fe070017
:10ace0000000e000020032001e0078000300370080
:10acf0001e00780027f107000000eb000080fa003a
:10ad0000000006000600fa001007980021079800ce
:10ad100057020700000f78000002eb000339230000
:10ad20001e017800ae0090001e009000c1fe0700da
:10ad30000000e000020032001e007800030037002f
:10ad40001e00780013f107000000eb000080fa00fd
:10ad5000000006000400fa00000f780011079800b8
:10ad60001e0078000000e000030032001e0090008a
:10ad70000000e00002003a000000eb002d00370068
:10ad80001e007800a00090001e009000808f5000f0
:10ad9000050032001e009000100090009e00900000
:10ada00091007800010878001e00900010007800e3
:10adb0000000e000050032001e0090001000780046
:10adc0009e00900091009000110098001e007800f5
:10add000a00090001e009000808f500005003a00f7
:10ade0001e009000900078001e007800210098005e
:10adf000090037001e009000100078000000e000fd
:10ae000005003a001e007800200090009e0090008f
:10ae100091009000110098001e0090008000eb004f
:10ae2000110098001e0090008000eb0001087800df
:10ae30001e0090000080fa00000006000400fa00e6
:10ae4000000f7800110798001e0090000000e0003d
:10ae500002003d000000eb00070037001e009000dc
:10ae6000800078001e00780079fd070080007800df
:10ae70001e007800b7ff07000080fa0000000600ff
:10ae80000400fa00000f7800110798009e0090005f
:10ae90001e007800e9ff0700bef007000080fa00fe
:10aea000000006000600fa0010079800210798002d
:10aeb000ae0090001e009000cefd0700000f78004d
:10aec0009e0078001e009000a2ff07000080fa009c
:10aed000000006000600fa001007980021079800fd
:10aee000ae0090001e009000cbfd0700000f780020
:10aef0009e0078001e00900096ff07000080fa0078
:10af0000000006000400fa00000f78001107980006
:10af10009e0090001e007800e2ff07009df00700f1
:10af20000080fa00000006000400fa00000f78001c
:10af3000110798009e0090001e007800e5ff0700b2
:10af400094f007000080fa00000006000800fa00f4
:10af50001007980021079800320798000000eb00c6
:10af6000000f78002e0090000000e00002003d007d
:10af70000000eb00220037002e00900080007800d7
:10af80001e00900032fd0700000f78001e007800c0
:10af90000000e00004003a00be0090001e00900097
:10afa000e7fd0700160037003e0090001e087800fd
:10afb0001e007800900090003e0090001100980064
:10afc0001e007800be009000110098001e00900046
:10afd000200090009e0f500004003a001e009000d8
:10afe000be00900021009800040037003e00900051
:10aff00010009000be0090000108780010002000b2
:10b000000080fa00000006000600fa00000f780039
:10b0100011079800220798001e0078000000e00049
:10b02000060032002e0090000000e0000300320015
:10b030001e0090000000e00002003a000000eb005b
:10b0400042003700ae0090001e009000808f50003c
:10b0500002003a00100020003c0037001e00900063
:10b06000900078002e009000010878001e009000eb
:10b07000900090002e009000110098002e0090008b
:10b08000100078000000e000040032002e00900064
:10b0900010007800ae009000110098001e007800ab
:10b0a000a00090001e009000808f50000e003a001b
:10b0b0001e00780020009000900090001e00780094
:10b0c00020009000808f500003003a002e00900076
:10b0d000ae009000110098001e007800ae009000b5
:10b0e00021009800100037002e0090001000900002
:10b0f0000000e000040032002e00900010009000dc
:10b10000ae009000010878002e009000100078003a
:10b110000000e00004003a001e00780020009000cb
:10b12000ae009000110098001e0090008000eb001f
:10b13000010878001e0090008000eb0011009800cc
:10b140001e00900013f00700100020000080fa009d
:10b15000000006000600fa00000f780011079800b2
:10b16000220798001e0090000000e00002003d0051
:10b170000000eb00080037001e00900080007800ff
:10b180001e007800b2fc07002e01900080007800bd
:10b190001e0078009cff07000080fa0000000600f7
:10b1a0000800fa00000f78001107980022079800a5
:10b1b000330798002e0090000000e00003003200ea
:10b1c0001e0090000000e00002003a000000eb00ca
:10b1d000270037002e009000b000900000202000d3
:10b1e000008060000000e00007003a002e009000a0
:10b1f000000890000000e000030032002e009000e4
:10b2000000089000840507001e009000013923000b
:10b2100080ef0700800078002e0090000108980061
:10b220002e009000000890000000e00002003a00ac
:10b230000000eb000e0037002e0090003000900060
:10b24000800078000190a1002e009000310098004d
:10b250003e0190009e0090001e007800a6fc0700b2
:10b260002e019000800078001e00780066ff070025
:10b270000080fa00000006000600fa00000f7800c7
:10b2800011079800220798008001eb002e01900022
:10b290009e0090001e007800c1ff07000080fa00a9
:10b2a000000006000600fa00000f78001107980061
:10b2b00022079800130020002e0190009e009000ad
:10b2c0001e007800b6ff07000080fa0000000600ac
:10b2d0000200fa00003923009cef0700000f7800fd
:10b2e0001e0078000000e000030032001e0078001d
:10b2f00041002000310098001e0078000080fa0014
:10b30000000006000200fa00003923008fef07005a
:10b31000000f78001e0078000000e00003003200fb
:10b320001e00780021002000310098001e007800e7
:10b330000080fa00000006000200fa000039230035
:10b3400082ef0700000f78001e0078000000e00088
:10b35000030032001e007800110020003100980028
:10b360001e0078000080fa00000006000400fa00c9
:10b37000100798000039230074ef0700000f7800d1
:10b380001e0078000000e000080032001e0090005f
:10b390000000e00002003200200020000100370021
:10b3a000100020009e007800b00098001e00780079
:10b3b0000080fa00000006000600fa00881f7800ee
:10b3c0001007980021079800003923005fef07005d
:10b3d000000f78001e0078000000e0002f0032000f
:10b3e0001e00780081002000310098001e007800c7
:10b3f0001e019000ae01900062009800730098005a
:10b4000018c0b30002e02f00f36f24001e0090006c
:10b41000ae009000da050200000000000000e0002d
:10b4200001003d000044eb000804e000040032008d
:10b430001e007800f1ff2700510098001700370028
:10b4400018c0b3000200200003702c001e00900002
:10b45000ae009000d6050200000000000000e000f1
:10b46000010034000044eb000804e0000400320056
:10b470001e007800010028005100980007003700e6
:10b480001e009000ae009000de05020000000000eb
:10b49000800078001e007800510098001e0078009f
:10b4a0004f0478000080fa00000006000400fa0053
:10b4b000100798000039230024ef0700000f7800e0
:10b4c0001e0078000000e000110032001e0078002d
:10b4d00001012000310098001e0090000139230076
:10b4e000ccee0700800078001e0078004100980034
:10b4f0001e007800400090000000e00004003a00c8
:10b500001e00780023ef07000000eb000100370069
:10b510001e0078000080fa00000006000400fa0017
:10b52000100798000039230008ef0700000f78008b
:10b530001e0078000000e000080032001e007800c5
:10b5400001112000310098001e009000b4fc07009b
:10b55000800078001e007800410098001e007800ee
:10b560000080fa00000006000400fa0010079800ae
:10b5700000392300f5ee0700000f78001e00780068
:10b580000000e000080032001e00780001142000d6
:10b59000310098001e009000a1fc07008000780098
:10b5a0001e007800210098001e0078000080fa003c
:10b5b000000006000400fa0010079800003923007c
:10b5c000e2ee0700000f78001e0078000000e000a7
:10b5d000080032001e00780001122000310098009f
:10b5e0001e0090008efc0700800078001e0078008e
:10b5f000210098001e0078000080fa00000006007c
:10b600000400fa001007980000392300cfee07006d
:10b61000000f78001e0078000000e00011003200ea
:10b620001e00780001082000310098001e009000e4
:10b630000139230077ee0700800078001e007800b3
:10b64000410098001e007800400090000000e000db
:10b6500004003a001e007800ceee07000000eb0068
:10b66000010037001e0078000080fa00000006008c
:10b670000200fa0000392300b4ee0700000f780042
:10b680001e0078000000e000030032001e00780079
:10b6900001022000310098001e0078000080fa00ae
:10b6a000000006000200fa0000392300a7ee0700a0
:10b6b000000f78001e0078000000e0000300320058
:10b6c0001e00780001042000310098001e00780060
:10b6d0000080fa00000006000c00fa004007980005
:10b6e000510798000000eb00000f78000000eb000d
:10b6f000100798000000eb00200798000000eb0006
:10b70000300798005e0090000000e0000300350064
:10b710004e0090000000e00002003a000000eb0044
:10b7200035003700d2ff0700300798000000eb001b
:10b73000000f78001e0037001e0078000000400057
:10b74000ce0090000080400010007800cf80de0026
:10b75000200602000000000017ff070010079800f5
:10b760001e0090000000e00004003a003e0090003f
:10b7700088ee07000000eb001f0037001e00780075
:10b780000000e00004003a003e0090009e0090009f
:10b7900021009800030037009e0090002e009000ca
:10b7a000b2fb07009e009000210798001e0fe800e2
:10b7b0003e0090000000e000030032005e009000b8
:10b7c0009e0f5000dcff3e003e0090000000e000b5
:10b7d000080032003e009000200090000000e000d1
:10b7e000040032003e009000200090009e00900077
:10b7f000110098003e0090000080fa000000060052
:10b800000c00fa0040079800510798000000eb0078
:10b81000000f78000000eb00100798000000eb001c
:10b82000200798000000eb00300798005e009000b1
:10b830000000e000030035004e0090000000e00032
:10b8400002003a000000eb003200370088ff0700da
:10b85000300798000000eb00000f78001b00370055
:10b860001e0078004200dd00ce0090000080400005
:10b870001000be00d0fe0700100798001e009000c8
:10b880000000e00004003a003e00900041ee070096
:10b890000000eb001f0037001e0078000000e000f1
:10b8a00004003a003e0090009e00900021009800a5
:10b8b000030037009e0090002e0090006bfb0700f5
:10b8c0009e009000210798001e0fe8003e009000a7
:10b8d0000000e000030032005e0090009e0f500068
:10b8e000dfff3e003e0090000000e0000800320054
:10b8f0003e009000200090000000e00004003200b4
:10b900003e009000200090009e00900011009800e2
:10b910003e0090000080fa00000006000c00fa00d3
:10b9200040079800510798000000eb00000f7800d6
:10b930000000eb00100798000000eb0020079800c3
:10b940000000eb00300798005e0090000000e0006f
:10b95000030035004e0090000000e00002003a00b5
:10b960000000eb003200370041ff0700300798006d
:10b970000000eb00000f78001b0037001e0078006d
:10b980004200dd00ce009000008040001000be00ac
:10b9900089fe0700100798001e0090000000e000dc
:10b9a00004003a003e009000faed07000000eb00b2
:10b9b0001f0037001e0078000000e00004003a007d
:10b9c0003e0090009e009000210098000300370088
:10b9d0009e0090002e00900024fb07009e00900027
:10b9e000210798001e0fe8003e0090000000e000d4
:10b9f000030032005e0090009e0f5000dfff3e000b
:10ba00003e0090000000e000080032003e00900080
:10ba1000200090000000e000040032003e00900092
:10ba2000200090009e009000110098003e009000c1
:10ba30000080fa00000006000c00fa0040079800a1
:10ba4000510798000000eb00000f78000000eb00a9
:10ba5000100798000000eb00200798000000eb00a2
:10ba6000300798005e0090000000e0000300350001
:10ba70004e0090000000e00002003a000000eb00e1
:10ba800032003700fafe0700300798000000eb0094
:10ba9000000f78001b0037001e00780000004000f7
:10baa000ce00900000804000100078007ffe07006c
:10bab000100798001e0090000000e00004003a000b
:10bac0003e009000b3ed07000000eb001f003700c0
:10bad0001e0078000000e00004003a003e009000e4
:10bae0009e00900021009800030037009e00900007
:10baf0002e009000ddfa07009e00900021079800bc
:10bb00001e0fe8003e0090000000e000030032003d
:10bb10005e0090009e0f5000dfff3e003e00900050
:10bb20000000e000080032003e009000200090007d
:10bb30000000e000040032003e0090002000900071
:10bb40009e009000110098003e0090000080fa00d6
:10bb5000000006000c00fa0040079800510798000a
:10bb60000000eb00000f78000000eb0010079800c9
:10bb70000000eb00200798000000eb003007980061
:10bb80004e0090000000e0007000320000392300f9
:10bb90006eed0700000f78001e0078000000e00046
:10bba0006c0032004e009000300090008000780061
:10bbb0000180a1001e007800310098004e00900026
:10bbc000d00090001e007800510098004e009000b8
:10bbd000f0009000600090001e0178006001980065
:10bbe000710198004e009000400090000000e000bd
:10bbf0000b0032004e0090004000900001392300fd
:10bc000004ed0700800078001e00780041009800d5
:10bc10001e007800400090000000e0004f0032005d
:10bc20004e009000000890000000e0001300320079
:10bc30004e009000b00090000020200000806000c6
:10bc40000000e000030032004e0090000008900069
:10bc5000040037004e0090000008900001392300d6
:10bc6000ecec07009e007800800898001e00780029
:10bc7000000890000000e0003a0032005e009000f2
:10bc80000000e00002003a001e0078003e0037008d
:10bc90004e009000a0009000110798001b00370094
:10bca000110020001e009000aaff07003007980036
:10bcb0003e0090000000e0002c0032002e009000ba
:10bcc0000000e000090032002e009000be0090004d
:10bcd000010878003e009000ae009000110098002e
:10bce000be00900021079800050037001e00780074
:10bcf000be00900021009800be009000210798002f
:10bd00001e00900090007800110798001e0090001f
:10bd10000000e000e2ff3a001e0078000000e000b2
:10bd2000080032001e007800200090000000e000b3
:10bd3000040032001e00780020009000be00900039
:10bd4000110098001e0078000f003700000000006e
:10bd50000700370000000000050037000000000069
:10bd60000300370000000000010037000000000061
:10bd70001e0078000000e000020032001e00780083
:10bd800004ed07000000eb000080fa000000060050
:10bd90000200fa00000f78001e0078001000780002
:10bda0008080e8001e00780001087800100037004d
:10bdb0001e0078001000780010407800ea4f500014
:10bdc00006003a001e007800100078008000e800ad
:10bdd0001e007800010878000a0037001e00780075
:10bde000100078008000e8001e007800010878004c
:10bdf0001e00780010007800104078000004e00079
:10be0000ebff3a000080fa00000006000200fa0092
:10be1000000f78001e007800100078008080e80095
:10be20001e00780001087800180037001e00780016
:10be30001000780090407800a0c2b30080cf50007e
:10be40000d003a001e007800100078000000e800a5
:10be500090407800f0c2b30080cf500006003a0056
:10be60001e007800100078008080e8001e00780036
:10be7000010878000a0037001e00780010007800e2
:10be80008000e8001e007800010878001e0078009d
:10be900010007800104078000004e000e3ff3a0052
:10bea0000080fa00000006000400fa00000f78008d
:10beb000110798001e009000100078009e00780086
:10bec0009100780091407800014878001e007800c9
:10bed000100078008000e8001e007800010878005b
:10bee0001e009000100078008000e8001e00900006
:10bef00001087800440037001e0090001000780010
:10bf00009e00780091007800914078000148780008
:10bf10001e007800100078009040780020c2b30026
:10bf200080cf50000f003a001e00900010007800f3
:10bf300021c2b300014878001e007800100078008c
:10bf40008000e8001e007800010878001e009000c4
:10bf5000100078008000e8001e00900001087800c2
:10bf60002e0037001e007800100078009040780006
:10bf7000c0c5b30080cf500019003a001e00780001
:10bf8000100078000000e8009040780020c2b30064
:10bf900080cf500012003a001e0090001000780080
:10bfa0000000e8009e007800910078008100e80021
:10bfb00091407800014878001e0078001000780059
:10bfc0008000e8001e007800010878001e00900044
:10bfd000100078008000e8001e0090000108780042
:10bfe0001e007800100078008000e8001e00780035
:10bff000010878001e009000100078008000e80022
:10c000001e009000010878001e00780010007800e3
:10c01000104078000004e000b7ff3a000080fa000a
:10c02000000006000400fa00100798001e009000af
:10c03000000f78001e0090000000e0003e003a0073
:10c04000450037001e009000104078000000fb0003
:10c05000ed0f50000f003200ed0f500004003c00c7
:10c0600069005000e10f500028003e000900370031
:10c0700021022000810f500020003200f102200038
:10c08000810f50000700320001022000810f500094
:10c090001e003a001e0090000000e8001007980003
:10c0a000260037001e0090000000e8009040780055
:10c0b000f0c2b30080cf500003003a000e80e800c9
:10c0c00033ff07001d0037001e0090000000e8004d
:10c0d00090407800a0c2b30080cf500003003a0027
:10c0e0000e80e80049ff0700140037001e00900092
:10c0f0000000e80010079800100037000e80e800ec
:10c100008e00780068ff07000c0037001e007800e2
:10c110009e00900091407800014878001e00900039
:10c120000000e800100798001e0078000000e800fa
:10c13000000f780001003700000000001e00900092
:10c14000104078000004e000beff3a001e007800b6
:10c150008040eb00014878000080fa0000000600f3
:10c160000200fa00000f78001e0078000000e000d6
:10c1700002003a000000eb00080037001e007800c3
:10c18000b0009000f00f20000080600000f0a700d9
:10c190000000ea000000e9004f00de000080fa0025
:10c1a000000006000200fa00000f78001e00780070
:10c1b0000000e00002003a000000eb000900370038
:10c1c0001e007800b0009000f00f2000008060009a
:10c1d0000000a20000f0a7000000ea000000e90053
:10c1e0004f00de000080fa00000006000200fa00a6
:10c1f000000f78001e0078000000e00002003a0006
:10c200000000eb00090037001e007800b00090002d
:10c21000f00f2000008060000010a20000f0a700d6
:10c220000000ea000000e9004f00de000080fa0094
:10c23000000006000200fa00000f78001e007800df
:10c240000000e00002003a000000eb0007003700a9
:10c250001e007800300090006300600000f0a7002e
:10c260000000ea000000ea004f00de000080fa0053
:10c27000000006000200fa00000f78001e0078009f
:10c280000000e00002003a000000eb000900370067
:10c290001e007800b0009000f00f200000806000c9
:10c2a0000020a20000f0a7000000ea000000e90062
:10c2b0004f00de000080fa00000006000200fa00d5
:10c2c000000f78001e0078000000e00002003a0035
:10c2d0000000eb00090037001e007800b00090005d
:10c2e000f00f2000008060000030a20000f0a700e6
:10c2f0000000ea000000e9004f00de000080fa00c4
:10c30000000006000200fa00000f78001e0078000e
:10c310000000e00002003a000000eb0009003700d6
:10c320001e007800b0009000f00f20000080600038
:10c330000040a20000f0a7000000ea000000e900b1
:10c340004f00de000080fa00000006000200fa0044
:10c35000000f78001e0078000000e00002003a00a4
:10c360000000eb000a0037001e007800b0009000cb
:10c37000f00f200080806000000220000080680034
:10c3800000f0a7000000ea000000e9004f00de0016
:10c390000080fa00000006000200fa00000f78009a
:10c3a0001e0078000000e00002003a000000eb00f0
:10c3b0000a0037001e007800b0009000f00f200047
:10c3c00080806000000420000080680000f0a7006a
:10c3d0000000ea000000e9004f00de000080fa00e3
:10c3e000000006000200fa00000f78001e0078002e
:10c3f0000000e00002003a000000eb000a003700f5
:10c400001e007800b0009000f00f200080806000d7
:10c41000000820000080680000f0a7000000ea008b
:10c420000000e9004f00de000080fa000000060076
:10c430000e00fa0040079800510798006207980024
:10c440004e0090000000e0000c0032005e00900002
:10c450000000e000090032004e009000b0009000a3
:10c460005e0090003000900080806800f00f200097
:10c47000008060000000e000020032000000eb00dd
:10c48000dc0037004e009000b0009000f00f20005c
:10c4900000806000e80f500018003200e80f5000e4
:10c4a00007003c00e10f500019003500e20f50007a
:10c4b00012003400e40f5000100032001400370066
:10c4c00001022000810f50000c0032000102200008
:10c4d000810f500003003c00f00f500007003200b5
:10c4e0000b00370001042000810f500003003200d0
:10c4f00001082000810f500005003a00ce00900096
:10c500005e009000808f500003003200040037006e
:10c510000000eb00b700370010002000b500370026
:10c520004e009000b0009000f00f200000806000ee
:10c53000e80f50001b003200e80f500007003c00dd
:10c54000e10f5000aa003500e20f50001300340044
:10c55000e40f500011003200a50037000102200056
:10c56000810f50003400320001022000810f500082
:10c5700003003c00f00f5000190032009c0037000f
:10c5800001042000810f50004d00320001082000fe
:10c59000810f50001200320095003700100020007b
:10c5a000940037005e009000f00090006000900062
:10c5b0004e01900062029000f20290000001be0065
:10c5c0000400be00f8ec07000000e00002003200aa
:10c5d00010002000870037000000eb0085003700c6
:10c5e0004e009000400090000000e0000400320087
:10c5f0005e009000400090000000e00002003a0061
:10c600000000eb007b0037005e009000c00090004f
:10c610004e009000400090006a0e020000000000f2
:10c620000000e00002003a00100020007100370016
:10c630000000eb006f0037004e009000a00090005b
:10c64000010f78005e009000a00090001107980094
:10c650000d0037006e0190009e0090001e007800d3
:10c6600073ff07000000e00002003a000000eb004a
:10c67000600037001e007800100f78001e00900048
:10c6800090007800110798001e0078000000e0007c
:10c69000030032001e0090000000e000edff3a00b1
:10c6a0001e0090009e007800808f50000200320033
:10c6b0000000eb004f003700100020004d00370055
:10c6c0000000eb00200798000000eb003007980006
:10c6d0004e0090000000e000030032004e00900089
:10c6e00020009000010037000000eb0020079800b8
:10c6f000170037002e009000000890006e01900097
:10c70000800078005e0090007bf7070030079800fb
:10c710003e0090000000e00002003a000000eb0044
:10c72000340037006e019000be0090002e00900093
:10c730003fff07000000e00002003a000000eb00ad
:10c740002c0037002e009000900078002107980000
:10c750002e0090000000e000e6ff3a005e0090002e
:10c760000000e000030032005e0090002000900016
:10c77000010037000000eb00300798001700370079
:10c780003e009000000890006e019000800078004c
:10c790004e00900058f70700200798002e009000e8
:10c7a0000000e00002003a000000eb00110037003a
:10c7b0006e019000ae0090003e0090001cff07004c
:10c7c0000000e00002003a000000eb000900370022
:10c7d0003e00900090007800310798003e009000e5
:10c7e0000000e000e6ff3a001000200001003700e2
:10c7f0000000eb000080fa00000006000200fa00d2
:10c80000000f7800819c81001e007800010001006b
:10c810000080fa00000006000200fa00000f780015
:10c82000919c81001e007800010001000080fa0048
:10c83000000006000400fa00000f780011079800bd
:10c84000e20f20009e00900070a120001b0707004f
:10c8500012c0b30071a120001e00780010d20200a7
:10c86000000000000080fa00000006000600fa0048
:10c87000000f78001107980042479800e30f20004e
:10c880004e4190009e00900070a120009d00070086
:10c8900012c0b30071a120001e00780010d2020067
:10c8a000000000000080fa00000006000200fa000c
:10c8b000000f780070a120008c03070012c0b300a5
:10c8c00071a120001e00780010d2020000000000bc
:10c8d0000080fa00000006000200fa00000f780055
:10c8e00070a12000be02070012c0b30071a1200099
:10c8f0001e00780010d20200000000000080fa0044
:10c90000000006000200fa00000f780040368000a8
:10c91000700060000000e000040032001e0078009b
:10c9200001c3b30001487800030037001e007800ff
:10c9300011c3b30001487800413680000002200096
:10c94000008060000000e000040032001e00e800eb
:10c9500001c3b30001487800030037001e00e8005f
:10c9600011c3b300014878004036800068006000c1
:10c970000000e000040032001e80e80001c3b300a4
:10c9800001487800030037001e80e80011c3b3009f
:10c990000148780040368000640060000000e0003c
:10c9a000050032009e0078006380400001c3b300a0
:10c9b00001487800040037009e0078006380400042
:10c9c00011c3b30001487800b035800064006000f6
:10c9d0000000e000050032009e0078006480400006
:10c9e00001c3b30001487800040037009e007800be
:10c9f0006480400011c3b300014878009e007800b5
:10ca0000658040008040eb000148780050c0b300d2
:10ca10000080fa00000006000200fa00000f780013
:10ca2000d133800000402000008060000000e00062
:10ca3000040032001e00780011c3b30001487800e2
:10ca4000030037001e00780001c3b30001487800de
:10ca5000d133800000802000008060000000e000f2
:10ca6000040032001e00e80011c3b3000148780042
:10ca7000030037001e00e80001c3b300014878003e
:10ca8000d133800000002100008060000000e00041
:10ca9000040032001e80e80011c3b3000148780092
:10caa000030037001e80e80001c3b300014878008e
:10cab000d133800000002200008060000000e00010
:10cac000050032009e0078006380400011c3b3006f
:10cad00001487800040037009e0078006380400021
:10cae00001c3b300014878009e00780064804000d4
:10caf0008040eb000148780040c0b3000080fa009d
:10cb0000000006000c00fa0020079800310798008a
:10cb1000024f9800530798000e4890000004e00070
:10cb20003d003200e1882c002e009000e019020048
:10cb300002000000000f7800420120008000eb009e
:10cb400000fe20008e0d02000000000000fe20000c
:10cb500005362300243623008001780042c1b3004b
:10cb60004100200000cab30084d702000100000089
:10cb700040ff20008040eb00014878001e00780054
:10cb8000ae0090000080400001fe2000e01902008d
:10cb9000020000001e0f40001e007800ae00900052
:10cba00000804000d1892c00e01902000200000042
:10cbb0001e0f40001e007800ae0090000080400074
:10cbc000800078003e00900060ec02000100000050
:10cbd0001e0f40001e007800ae0090000080400054
:10cbe000618a2c00e0190200020000001e0f4000c4
:10cbf0001e007800ae00900080804000c036230008
:10cc0000104078000041eb002eee02000100000011
:10cc10001e0f40001c013700e18a2c002e009000fe
:10cc2000e019020002000000000f78001e007800ea
:10cc3000ae00900000804000800078003e00900030
:10cc400060ec0200010000001e0f40005e0090003a
:10cc50007e0050009e0f50002d00340010c32200b3
:10cc600010407800e34f50000f003a001e0078009b
:10cc7000ae00900000804000718b2c00e019020093
:10cc8000020000001e0f40001e007800ae00900061
:10cc90000080400071c12200e01902000200000083
:10cca0001e0f40001a003700f0c422001040780028
:10ccb0000004e0000f0032001e007800ae0090007b
:10ccc00000804000718b2c00e0190200020000007f
:10ccd0001e0f40001e007800ae0090000080400053
:10cce00051c32200e0190200020000001e0f4000a4
:10ccf000070037001e007800ae0090000080400062
:10cd0000b18b2c00e0190200020000001e0f400051
:10cd10005e009000690050009e0f5000300034000b
:10cd20001e007800ae00900000804000018c2c00b6
:10cd3000e0190200020000001e0f400086fd020004
:10cd400001000000204798002e4090000080fb006a
:10cd5000e10f50000a003200e20f50000e003200d6
:10cd60000000e00012003a001e007800ae009000c3
:10cd700000804000e1c4b300014878001200370091
:10cd80001e007800ae0090000080400031c5b30066
:10cd9000014878000c0037001e007800ae009000bb
:10cda00000804000f1c4b30001487800060037005d
:10cdb0001e007800ae00900000804000f1c3b30078
:10cdc00001487800000000001e0fe8001e007800f7
:10cdd000ae009000008040008040eb0001487800e9
:10cde0005e009000690050009e0f5000100034005b
:10cdf0001e007800ae00900000804000518c2c0096
:10ce0000e0190200020000001e0f40001e00780022
:10ce1000ae00900080804000103c8100004078000f
:10ce200032c0b3002eee0200010000001e0f4000d1
:10ce30005e009000690050009e0f5000100034000a
:10ce40001e007800ae00900000804000a18c2c00f5
:10ce5000e0190200020000001e0f40001e007800d2
:10ce6000ae00900080804000709b81000040780000
:10ce700032c0b3002eee0200010000001e0f400081
:10ce80005e009000690050009e0f500010003400ba
:10ce90001e007800ae00900000804000f18c2c0055
:10cea000e0190200020000001e0f40001e00780082
:10ceb000ae0090008080400060da200010407800d2
:10cec00022c0b3002eee0200010000001e0f400041
:10ced000b16d800000022000008060000000e000d2
:10cee000140032005e009000690050009e0f500058
:10cef000100034001e007800ae009000008040005a
:10cf0000418d2c00e0190200020000001e0f4000bd
:10cf10001e007800ae00900080804000f0da200013
:10cf20001040780022c0b3002eee02000100000085
:10cf30001e0f40005e009000690050009e0f5000e0
:10cf40000d0034001e007800ae009000008040000c
:10cf5000a18d2c00e0190200020000001e0f40000d
:10cf60001e007800ae0090000080400065fe0700c3
:10cf70000080fb001e0f40005e0090006900500022
:10cf80009e0f50000d0034001e007800ae0090008f
:10cf900000804000f18d2c00e0190200020000002a
:10cfa0001e0f40001e007800ae0090000080400080
:10cfb00099fe07000080fb001e0f40005e009000fd
:10cfc000690050009e0f5000100034001e007800d1
:10cfd000ae00900000804000518e2c00e01902004d
:10cfe000020000001e0f40001e007800ae009000fe
:10cff00080804000c0362300104078000041eb00e4
:10d000002eee0200010000001e0f40005e009000a6
:10d01000690050009e0f50001b0034001e00780075
:10d02000ae00900000804000b18e2c00e01902009c
:10d03000020000001e0f4000f0d820009040780051
:10d04000a0c5b30080cf500008003a001e00780051
:10d05000ae00900000804000118f2c00e01902000b
:10d06000020000001e0f4000070037001e0078007d
:10d07000ae00900000804000318f2c00e0190200cb
:10d08000020000001e0f40005e009000690050008a
:10d090009e0f5000100034001e007800ae0090007b
:10d0a00000804000518f2c00e019020002000000b7
:10d0b0001e0f40001e007800ae00900080804000ef
:10d0c00000d92000104078000041eb002eee020055
:10d0d000010000001e0f40000e4890000004e00018
:10d0e00050003a005e009000660050009e0f500015
:10d0f0004c0034001e007800ae009000008040001c
:10d10000b18f2c00e0190200020000001e0f400049
:10d110001e007800ae0090008080400030052100a5
:10d12000104078000041eb002eee020001000000ec
:10d130001e0f40005e009000690050009e0f5000de
:10d14000100034001e007800ae0090000080400007
:10d1500001902c00e0190200020000001e0f4000a8
:10d160001e007800ae0090008080400090f6220003
:10d17000104078000041eb002eee0200010000009c
:10d180001e0f40005e009000690050009e0f50008e
:10d19000100034001e007800ae00900000804000b7
:10d1a00051902c00e0190200020000001e0f400008
:10d1b0001e007800ae00900080804000b0f6220093
:10d1c000104078000041eb002eee0200010000004c
:10d1d0001e0f40005e009000690050009e0f50003e
:10d1e000100034001e007800ae0090000080400067
:10d1f000b1902c00e0190200020000001e0f400058
:10d200001e007800ae0090008080400050da2000c0
:10d21000104078000041eb002eee020001000000fb
:10d220001e0f40005e009000690050009e0f5000ed
:10d23000130034001e007800ae0090000080400013
:10d2400001912c00e0190200020000001e0f4000b6
:10d250001e007800ae0090000080400041da2000ff
:10d2600091407800014878001e0fe8001e00780009
:10d27000ae009000008040008040eb000148780044
:10d280005e0090006b0050009e0f50000e003400b6
:10d290001e007800ae0090000080400051912c00ec
:10d2a000e0190200020000001e0f40001e0078007e
:10d2b000ae00900080804000a097800060ec0200eb
:10d2c000010000001e0f40000080fa000000060070
:10d2d0000000fa00106d8000630a20000041eb009e
:10d2e00080007800f0b3200006fe0700f0b32000b5
:10d2f000f61f020002000000a0912c00f61f0200a1
:10d3000002000000f0b320008040eb0001487800ec
:10d310000080fa00000006000600fa0010079800de
:10d3200041479800116d80001e0090000080600051
:10d330000000e00003003a000040eb00004f7800de
:10d340000b003700116d80001e0090000080ea0085
:10d3500000806000106d880010c0b300004f78009e
:10d360004e4090000004e00001003200d8ff0700aa
:10d370001e4078000080fa00000006000600fa0057
:10d380001007980041479800116d80001e00900022
:10d39000808060001e009000808f500003003a00e3
:10d3a0000040eb00004f78000a003700116d80004c
:10d3b0001e00900001007000106d880010c0b300c6
:10d3c000004f78004e4090000004e0000100320061
:10d3d000bfff07001e4078000080fa000000060032
:10d3e0003a00fa00889fbe008a9fbe008c9fbe0054
:10d3f000000f9800402e2100104078008082fb0032
:10d40000302e2100104078000082fb00202e2100e9
:10d41000104078008081fb00a02c21001040780093
:10d420000081fb00902c2100104078008080fb00e0
:10d43000802c2100104078000080fb00851f7800c0
:10d44000841f7800831f7800821f7800811f780076
:10d45000801f7800c0912c00801f7800f100200010
:10d460000e007800800b020000000000ee875700dd
:10d470000040eb00704f9800e0042100104078005d
:10d480008005fb0010052100104078008006fb009d
:10d4900070052100104078000000fb00100f98007c
:10d4a00060052100104078000000fb00200f98006c
:10d4b000a0052100104078000000fb00300f98000c
:10d4c00090052100104078000000fb00400f9800fc
:10d4d00001978000510f9800f1968000610f98002d
:10d4e000e1968000710f9800319680000117980036
:10d4f000219680001117980011968000211798003e
:10d50000d19680003117980001968000411798004d
:10d51000c196800051179800f1958000611798001e
:10d52000b196800071179800e1958000011f980066
:10d53000d0f62200104078000080fb00101f9800f9
:10d54000c0f62200104078000080fb00201f9800e9
:10d5500090f62200104078000080fb00301f9800f9
:10d5600080f62200104078000080fb00401f9800e9
:10d5700050c12200104078000086fb0040c122000c
:10d58000104078000085fb0099968000c8958000c7
:10d5900087968000b6958000629680007396800022
:10d5a00090958000a1958000a5968000d49580007c
:10d5b0008b1f78008d1f78009e0d90008b1f7800c8
:10d5c000ae0d90008b1f7800be0d90008b1f780071
:10d5d000ce0d90008b1f7800de0d90008b1f780021
:10d5e000ee0d90008b1f7800fe0d90008b1f7800d1
:10d5f0008e1590008b1f78009e1590008b1f780071
:10d60000ae1590008b1f7800be1590008b1f780020
:10d61000ce1590008b1f7800de1590008b1f7800d0
:10d62000ee1590008b1f7800fe1590008b1f780080
:10d630008e1d90008b1f78009e1d90008b1f780020
:10d64000ae1d90008b1f7800be1d90008b1f7800d0
:10d65000ce1d90008b1f78008c1f78008a1f7800e9
:10d66000891f7800881f7800871f7800861f780040
:10d67000829fbe00809fbe00851f7800841f7800b7
:10d68000e0922c00801f7800010a20000e08900014
:10d69000800b0200000000006f04b1000e08900033
:10d6a000000ab0008040eb00014878000e089000ae
:10d6b0008e0e02000000000080007800300920007b
:10d6c000808f500004003e008e0078000e0890000d
:10d6d000560e0200000000004f06be004f05be00bf
:10d6e0004f04be000080fa00000006001000fa009f
:10d6f00070079800719d2c007e009000e0190200d8
:10d7000002000000000f78001e007800fe0090006c
:10d71000808040005099810060ec02000100000010
:10d720001e0f40001e007800fe00900000804000a8
:10d73000319e2c00e0190200020000001e0f400084
:10d740001e007800fe0090008080400060998100fb
:10d7500060ec0200010000001e0f40001e00780077
:10d76000fe00900000804000a19e2c00e019020005
:10d77000020000001e0f40001e007800fe00900016
:10d78000008040008000780040ce200060ec020065
:10d79000010000001e0f40001e007800fe009000f7
:10d7a00000804000119f2c00e019020002000000e0
:10d7b0001e0f40001e007800fe0090008080400098
:10d7c0008099810060ec0200010000001e0f400003
:10d7d0001e007800fe00900000804000719f2c0029
:10d7e000e0190200020000001e0f40001e00780039
:10d7f000fe00900080804000a099810060ec020053
:10d80000010000001e0f40001e007800fe00900086
:10d8100000804000d19f2c00e019020002000000af
:10d820001e0f40001e007800fe0090008080400027
:10d830009099810060ec0200010000001e0f400082
:10d840001e007800fe0090000080400031a02c00f7
:10d85000e0190200020000001e0f40001e007800c8
:10d86000fe00900000804000a1a02c00e019020002
:10d87000020000001e0f40001e007800fe00900015
:10d8800080804000b099810060ec0200010000003f
:10d890001e0f40008033230010407800e14f5000fd
:10d8a00008003a001e007800fe0090000080400052
:10d8b00001a12c00e0190200020000001e0f400030
:10d8c000070037001e007800fe0090000080400036
:10d8d00061a12c00e0190200020000001e0f4000b0
:10d8e000d0338000640060000000e00008003200d7
:10d8f0001e007800fe00900000804000318f2c0058
:10d90000e0190200020000001e0f4000070037006f
:10d910001e007800fe00900000804000118f2c0057
:10d92000e0190200020000001e0f4000d03380000a
:10d93000680060000000e000080032001e0078006f
:10d94000fe00900000804000318f2c00e0190200a2
:10d95000020000001e0f4000070037001e00780084
:10d96000fe00900000804000118f2c00e0190200a2
:10d97000020000001e0f40001e007800fe00900014
:10d9800000804000c1a12c00e0190200020000004c
:10d990001e0f4000b17080000e80e800811f7800eb
:10d9a00041a22c00811f7800f00b02000000000053
:10d9b000e48757001e007800fe00900000804000c1
:10d9c0008e80e800e0190200020000001e0f4000f7
:10d9d0001e007800fe0090000080400071a22c0024
:10d9e000e0190200020000001e0f40001e00780037
:10d9f000fe00900080804000809b810060ec02006f
:10da0000010000001e0f40001e007800fe00900084
:10da100000804000d1a22c00e019020002000000aa
:10da20001e0f40001e007800fe0090008080400025
:10da3000909b810060ec0200010000001e0f40007e
:10da40001e007800fe0090000080400031a32c00f2
:10da5000e0190200020000001e0f40001e007800c6
:10da6000fe00900080804000a09b810060ec0200de
:10da7000010000001e0f40001e007800fe00900014
:10da800000804000a1a32c00e01902000200000069
:10da90001e0f40001e007800fe00900080804000b5
:10daa000603723001040780012c0b3002eee020051
:10dab000010000001e0f4000000920009e007800b9
:10dac000808f500027003c001e007800fe00900070
:10dad00000804000f1a32c00e019020002000000c9
:10dae0001e0f40001e007800fe0090008080400065
:10daf00030d720001040780022c0b3002eee020084
:10db0000010000001e0f40001e007800fe00900083
:10db10000080400081a42c00e019020002000000f7
:10db20001e0f40001e007800fe0090008080400024
:10db300020d720001040780022c0b3002eee020053
:10db4000010000001e0f40001e007800fe00900043
:10db500000804000f1a42c00e01902000200000047
:10db60001e0f40000080fa00000006000000fa00ce
:10db7000f0b32000ddfe0700f0b32000f61f020026
:10db800002000000a0912c00f61f0200020000001d
:10db9000f0b320008040eb00014878000080fa00dc
:10dba000000006000400fa001007980021a52c00d0
:10dbb0001e009000e019020002000000000f780033
:10dbc0001e0078009e00900000804000c1a52c003f
:10dbd000e0190200020000001e0f40004201200078
:10dbe0008000eb0000fe20008e0d0200000000000f
:10dbf00000fe200005362300243623008001780033
:10dc000042c1b3004100200000cab30084d7020023
:10dc10000100000040ff20008040eb000148780038
:10dc20001e0078009e0090000080400001fe200051
:10dc3000e0190200020000001e0f400010f08000fa
:10dc4000e40f50000c003200e50f500012003200cb
:10dc5000e30f500018003a001e0078009e0090006c
:10dc60000080400021a62c00e01902000200000004
:10dc70001e0f40001a0037001e0078009e00900022
:10dc800000804000b1a62c00e01902000200000054
:10dc90001e0f4000120037001e0078009e0090000a
:10dca00000804000b1a62c00e01902000200000034
:10dcb0001e0f40000a0037001e0078009e009000f2
:10dcc0008080400010f080000040780022c0b30047
:10dcd0002eee0200010000001e0f400000000000b8
:10dce0001e0fe8001e0078009e009000008040009b
:10dcf0008040eb00014878000080fa000000060038
:10dd00000400fa001007980021a52c001e009000c6
:10dd1000e019020002000000000f78001e007800e9
:10dd20009e00900000804000c1a52c00e019020078
:10dd3000020000001e0f4000420120008000eb00a6
:10dd400000fe20008e0d02000000000000fe2000fa
:10dd500005362300243623008001780042c1b30039
:10dd60004100200000cab30084d702000100000077
:10dd700040ff20008040eb00014878001e00780042
:10dd80009e0090000080400001fe2000e01902008b
:10dd9000020000001e0f40001e0078009e00900050
:10dda0000080400021a72c00e019020002000000c2
:10ddb0001e0f40001e0078009e00900080804000f2
:10ddc000a0882200104078000041eb002eee0200f7
:10ddd000010000001e0f40001e0078009e00900011
:10dde00000804000a1a72c00e01902000200000002
:10ddf0001e0f40001e0078009e0090000080400032
:10de00000041eb008000780030c0b3002eee02002d
:10de1000010000001e0f40001e0fe8001e007800e9
:10de20009e009000008040008040eb000148780098
:10de30000080fa00000006000400fa0010079800b5
:10de4000c1a72c001e009000e01902000200000093
:10de5000000f7800414481000080200000806000b5
:10de60000000e000080032001e0078009e009000d4
:10de70000080400051a82c00e019020002000000c0
:10de80001e0f4000070037001e0078009e00900023
:10de900000804000b1a82c00e01902000200000040
:10dea0001e0f4000404481004c00de0067406000cf
:10deb0000080fb00e30f50001e003200e30f500013
:10dec00005003c00e10f50000a003200e20f500054
:10ded0001000320037003700e50f500025003200f7
:10dee000e50f50001b003500e60f500029003200fe
:10def000300037001e0078009e0090000080400037
:10df000001a92c00e0190200020000001e0f4000d1
:10df1000280037001e0078009e009000008040001e
:10df200081a92c00e0190200020000001e0f400031
:10df3000200037001e0078009e0090000080400006
:10df400061aa2c00e0190200020000001e0f400030
:10df5000180037001e0078009e00900000804000ee
:10df600031ab2c00e0190200020000001e0f40003f
:10df7000100037001e0078009e00900000804000d6
:10df800021ac2c00e0190200020000001e0f40002e
:10df9000080037001e0078009e00900000804000be
:10dfa00011ad2c00e0190200020000001e0f40001d
:10dfb000000000001e0078009e00900000804000dd
:10dfc000e1ad2c00e0190200020000001e0f40002d
:10dfd0001e0078009e009000808040006044810018
:10dfe00060ec0200010000001e0f40001e007800df
:10dff0009e0090000080400001ae2c00e01902005d
:10e00000020000001e0f40001e0078009e009000dd
:10e0100000804000817a2200e01902000200000026
:10e020001e0f40001e0078009e00900000804000ff
:10e03000817e2200e0190200020000001e0f400055
:10e04000303d81000000e0000e0032001e0078002c
:10e050009e00900000804000e1ae2c00e01902001c
:10e06000020000001e0f40001e0078009e0090007d
:10e0700080804000303d810060ec02000100000023
:10e080001e0f40001e0fe8001e0078009e0090004a
:10e09000008040008040eb00014878000080fa00da
:10e0a000000006000200fa00004f780040da20006d
:10e0b000104078009e4f50000300320040da2000ec
:10e0c0001e48780082fc07000080fa00000006006d
:10e0d0000400fa0020479800ae40900060da20006b
:10e0e00001487800ae40900030c6b30080cf5000a9
:10e0f00002003a000040eb0020479800b06d80001d
:10e100006f4060008080fb0060da200000804000eb
:10e11000ae40900011409800b06d80006f406000ec
:10e120000040e8006f4060000080fb006f0060006e
:10e13000b26d800001ff2f008100610001007000be
:10e14000b06d8800b06d80006f4060000080fb0003
:10e15000e70f500005003c00b16d80000002200078
:10e16000008060000000e0005a003200f0da200079
:10e170008040eb00014878000040eb00004f780041
:10e180000b003700f0da2000904078001e80fb0082
:10e190006401400020da200000004100104090009f
:10e1a00080c04000f0da2000014878001e4fe800ef
:10e1b0001e407800e74f5000f2ff3600f0da2000f2
:10e1c000104078000080fb004300de0080407800b3
:10e1d000f0da200001487800b06d80006f406000e8
:10e1e0000080fb00e70f500007003400b16d800095
:10e1f00000ff2f0000806000b06d8800b06d8000cf
:10e200000050a000b06d8800b16d800000022000b9
:10e21000008060000000e0002e003200f0da2000f4
:10e2200010407800e84f500004003600f0da20007b
:10e2300010407800ff4f50000c003600b16d800098
:10e2400000042000008060000000e00003003200b5
:10e250008040eb001000200048fc0700b06d8000fb
:10e260000060a000b06d88001a003700f0da2000ce
:10e270009040780030c6b30080cf500007003a00cd
:10e280008040eb00100020003cfc070000af2c0099
:10e29000f61f0200020000000e003700f0da200036
:10e2a00010407800ee4f500007003600f0da2000f2
:10e2b00010407800ff4f500003003e008040eb000c
:10e2c0001000200014fc0700b06d80000060a10069
:10e2d000b06d880060da200010407800e54f5000f3
:10e2e0001b00340060da20009040780020c6b300a4
:10e2f00080cf500016003c00b06d800070006000c0
:10e300000000e00012003a00e08020001040780099
:10e310000004e0000e003a00b06d80000040a00054
:10e32000b06d8800e080200031c8b300014878005b
:10e330000081200041c0b300014878005a2002004b
:10e340000200000060b12c00f61f02000200000075
:10e350000080fa00000006000200fa00004f78007a
:10e3600000db20001e48780050da200010407800c2
:10e37000e44f500006003a0000db20009040780097
:10e38000a02e21001040780080cf50000a003100fc
:10e3900050da200010407800e34f50000d003a00a2
:10e3a00000db200090407800b02e21001040780063
:10e3b00080cf50000700390050da2000104078006c
:10e3c000e44f500003003a00b06d80000070a000e0
:10e3d000b06d88000080fa00000006000200fa001c
:10e3e000004f780020db20001e487800102f21000d
:10e3f0001e48780050da200010407800e44f5000aa
:10e4000009003a0020db200090407800c02e210057
:10e410001040780080cf500003003100b06d8000c4
:10e420000070a000b06d88000080fa0000000600b7
:10e430000200fa00004f780010db20001e48780030
:10e44000202f21001e48780050da2000104078006c
:10e45000e44f500009003a0010db200090407800a3
:10e46000d02e21001040780080cf500003003100f2
:10e47000b06d80000070a000b06d88000080fa00d0
:10e48000000006000200fa00004f780040db200088
:10e490001e487800202f21001e4878000080fa00d6
:10e4a000000006000200fa00004f780030db200078
:10e4b0001e4878000080fa00000006001400fa00f0
:10e4c00070079800010f9800120f980051b22c00ad
:10e4d0007e009000e019020002000000000f7800aa
:10e4e0001e007800fe009000008040008000780050
:10e4f0000e08900060ec0200010000001e0f4000ba
:10e500001e007800fe00900000804000e1ae2c006c
:10e51000e0190200020000001e0f40001e089000db
:10e520007e0050009e0f50001f00340010c32200d8
:10e5300010407800e34f500008003a001e007800b9
:10e54000fe0090000080400071c12200e01902002e
:10e55000020000001e0f400013003700f0c422002c
:10e56000104078000004e000080032001e0078002f
:10e57000fe0090000080400051c32200e01902001c
:10e58000020000001e0f4000070037001e00780048
:10e59000fe00900000804000c1b22c00e019020093
:10e5a000020000001e0f40001e089000690050008d
:10e5b0009e0f5000300034001e007800fe009000d6
:10e5c00000804000e1ae2c00e019020002000000d3
:10e5d0001e0f400086fd0200010000002047980049
:10e5e0002e4090000000fb00e10f50000a003200b6
:10e5f000e20f50000e0032000000e00012003a006e
:10e600001e007800fe00900000804000e1c4b300ce
:10e6100001487800120037001e007800fe009000cc
:10e620000080400031c5b300014878000c0037007d
:10e630001e007800fe00900000804000f1c4b3008e
:10e6400001487800060037001e007800fe009000a8
:10e6500000804000f1c3b3000148780000000000d2
:10e660001e0fe8001e007800fe00900000804000b1
:10e670008040eb00014878001e08900069005000bf
:10e680009e0f5000100034001e007800fe00900025
:10e6900000804000e1ae2c00e01902000200000002
:10e6a0001e0f40001e007800fe0090008080400099
:10e6b000103c81000040780032c0b3002eee020012
:10e6c000010000001e0f40001e089000690050006d
:10e6d0009e0f5000100034001e007800fe009000d5
:10e6e00000804000e1ae2c00e019020002000000b2
:10e6f0001e0f40001e007800fe0090008080400049
:10e70000709b81000040780032c0b3002eee020002
:10e71000010000001e0f40001e089000690050001c
:10e720009e0f5000100034001e007800fe00900084
:10e7300000804000e1ae2c00e01902000200000061
:10e740001e0f40001e007800fe00900080804000f8
:10e7500060da20001040780022c0b3002eee0200e4
:10e76000010000001e0f4000b16d8000000220007b
:10e77000008060000000e000150032001e089000dc
:10e78000690050009e0f5000110034001e007800f8
:10e79000fe00900000804000e1ae2c00e019020075
:10e7a000020000001e0f40001e007800fe009000d6
:10e7b00080804000f0da20001040780022c0b300d2
:10e7c0002eee0200010000001e0f4000070037007f
:10e7d0001e007800fe00900000804000e1b22c0096
:10e7e000e0190200020000001e0f40001e08900009
:10e7f000690050009e0f50000d0034001e0078008c
:10e80000fe00900000804000e1ae2c00e019020004
:10e81000020000001e0f40001e007800fe00900065
:10e820000080400037f807000080fb001e0f40000a
:10e830001e089000690050009e0f50000d0034002b
:10e840001e007800fe00900000804000e1ae2c0029
:10e85000e0190200020000001e0f40001e007800b8
:10e86000fe009000008040006bf807000080fb0075
:10e870001e0f40001e089000690050009e0f5000bf
:10e88000100034001e007800fe0090000080400060
:10e89000e1ae2c00e0190200020000001e0f400053
:10e8a0001e007800fe00900080804000c0362300eb
:10e8b000104078000041eb002eee02000100000045
:10e8c0001e0f40001e089000690050009e0f50006f
:10e8d0001b0034001e007800fe0090000080400005
:10e8e000e1ae2c00e0190200020000001e0f400003
:10e8f000f0d8200090407800a0c5b30080cf500031
:10e9000008003a001e007800fe00900000804000e1
:10e91000118f2c00e0190200020000001e0f4000c1
:10e92000070037001e007800fe00900000804000c5
:10e93000318f2c00e0190200020000001e0f400081
:10e940001e089000690050009e0f50001000340017
:10e950001e007800fe00900000804000e1ae2c0018
:10e96000e0190200020000001e0f40001e007800a7
:10e97000fe0090008080400000d920001040780008
:10e980000041eb002eee0200010000001e0f4000cf
:10e990001e007800fe00900000804000e1ae2c00d8
:10e9a000e0190200020000001e0f40001e00780067
:10e9b000fe0090008080400030052100104078006b
:10e9c0000041eb002eee0200010000001e0f40008f
:10e9d0001e089000690050009e0f50001000340087
:10e9e0001e007800fe00900000804000e1ae2c0088
:10e9f000e0190200020000001e0f40001e00780017
:10ea0000fe0090008080400090f6220010407800c8
:10ea10000041eb002eee0200010000001e0f40003e
:10ea20001e089000690050009e0f50001000340036
:10ea30001e007800fe00900000804000e1ae2c0037
:10ea4000e0190200020000001e0f40001e007800c6
:10ea5000fe00900080804000b0f622001040780058
:10ea60000041eb002eee0200010000001e0f4000ee
:10ea70001e089000690050009e0f500010003400e6
:10ea80001e007800fe00900000804000e1ae2c00e7
:10ea9000e0190200020000001e0f40001e00780076
:10eaa000fe0090008080400050da20001040780086
:10eab0000041eb002eee0200010000001e0f40009e
:10eac0001e089000690050009e0f50001300340093
:10ead0001e007800fe00900000804000e1ae2c0097
:10eae000e0190200020000001e0f40001e00780026
:10eaf000fe0090000080400041da20009140780044
:10eb0000014878001e0fe8001e007800fe0090000b
:10eb1000008040008040eb00014878001e08900013
:10eb20006b0050009e0f50000e0034001e00780055
:10eb3000fe00900000804000e1ae2c00e0190200d1
:10eb4000020000001e0f40001e007800fe00900032
:10eb500080804000a097800060ec0200010000006f
:10eb60001e0f40001e0890006a0050009e0f5000cb
:10eb70004c0135001e007800fe009000008040002f
:10eb8000e1ae2c00e0190200020000001e0f400060
:10eb90001e007800fe0090008080400050998100a7
:10eba00060ec0200010000001e0f40001e089000f3
:10ebb0006a0050009e0f50003c0135001e00780096
:10ebc000fe00900000804000e1ae2c00e019020041
:10ebd000020000001e0f40001e007800fe009000a2
:10ebe000808040006099810060ec0200010000001c
:10ebf0001e0f40001e0890006a0050009e0f50003b
:10ec00002c0135001e007800fe00900000804000be
:10ec1000e1ae2c00e0190200020000001e0f4000cf
:10ec20001e007800fe009000008040008000780008
:10ec300040ce200060ec0200010000001e0f4000ea
:10ec40001e0890006a0050009e0f50001b01350006
:10ec50001e007800fe00900000804000e1ae2c0015
:10ec6000e0190200020000001e0f40001e007800a4
:10ec7000fe009000808040008099810060ec0200de
:10ec8000010000001e0f40001e0890006a005000a6
:10ec90009e0f50000b0135001e007800fe00900012
:10eca00000804000e1ae2c00e019020002000000ec
:10ecb0001e0f40001e007800fe0090008080400083
:10ecc000a099810060ec0200010000001e0f4000ce
:10ecd0001e0890006a0050009e0f5000fb00350097
:10ece0001e007800fe00900000804000e1ae2c0085
:10ecf000e0190200020000001e0f40001e00780014
:10ed0000fe009000808040009099810060ec02003d
:10ed1000010000001e0f40001e0890006a00500015
:10ed20009e0f5000eb0035001e007800fe009000a2
:10ed300000804000e1b22c00e01902000200000057
:10ed40001e0f40001e007800fe0090000080400072
:10ed5000e1ae2c00e0190200020000001e0f40008e
:10ed60001e007800fe00900080804000b099810075
:10ed700060ec0200010000001e0f40001e08900021
:10ed80006a0050009e0f5000d400350080332300ed
:10ed900010407800e14f500008003a001e00780053
:10eda000fe0090000080400011b32c00e01902002a
:10edb000020000001e0f4000070037001e00780010
:10edc000fe00900000804000e1b22c00e01902003b
:10edd000020000001e0f4000d0338000640060007d
:10ede0000000e000080032001e007800fe009000e5
:10edf00000804000318f2c00e0190200020000006a
:10ee00001e0f4000070037001e007800fe00900033
:10ee100000804000118f2c00e01902000200000069
:10ee20001e0f4000d0338000680060000000e0004a
:10ee3000080032001e007800fe00900000804000b4
:10ee4000318f2c00e0190200020000001e0f40006c
:10ee5000070037001e007800fe0090000080400090
:10ee6000118f2c00e0190200020000001e0f40006c
:10ee70001e0890006a0050009e0f50009900350057
:10ee80001e007800fe00900000804000e1ae2c00e3
:10ee9000e0190200020000001e0f4000b170800067
:10eea0000e80e800811f780041a22c00811f7800ad
:10eeb000f00b020000000000e48757001e007800fd
:10eec000fe009000008040008e80e800e019020003
:10eed000020000001e0f40001e0890006a00500053
:10eee0009e0f5000810035001e007800fe0090004b
:10eef00000804000e1ae2c00e0190200020000009a
:10ef00001e0f40001e007800fe0090008080400030
:10ef1000809b810060ec0200010000001e0f400099
:10ef20001e0890006a0050009e0f500071003500ce
:10ef30001e007800fe00900000804000e1ae2c0032
:10ef4000e0190200020000001e0f40001e007800c1
:10ef5000fe00900080804000909b810060ec0200e9
:10ef6000010000001e0f40001e0890006a005000c3
:10ef70009e0f5000610035001e007800fe009000da
:10ef800000804000e1ae2c00e01902000200000009
:10ef90001e0f40001e007800fe00900080804000a0
:10efa000a09b810060ec0200010000001e0f4000e9
:10efb0001e0890006a0050009e0f5000510035005e
:10efc0001e007800fe00900000804000e1ae2c00a2
:10efd000e0190200020000001e0f40001e00780031
:10efe000fe009000808040006037230010407800d1
:10eff00012c0b3002eee0200010000001e0f400000
:10f000001e0890006a0050009e0f50003f0035001f
:10f010001e007800fe00900000804000e1ae2c0051
:10f02000e0190200020000001e0f40001e007800e0
:10f03000fe0090008080400030d720001040780013
:10f0400022c0b3002eee0200010000001e0f40009f
:10f050001e0890006a0050009e0f50002d003500e1
:10f060001e007800fe00900000804000e1ae2c0001
:10f07000e0190200020000001e0f40001e00780090
:10f08000fe0090008080400020d7200010407800d3
:10f0900022c0b3002eee0200010000001e0f40004f
:10f0a0001d003700000000001b00370000000000ba
:10f0b00019003700000000001700370000000000b2
:10f0c00015003700000000001300370000000000aa
:10f0d00011003700000000000f00370000000000a2
:10f0e0000d003700000000000b003700000000009a
:10f0f0000900370000000000070037000000000092
:10f100000500370000000000030037000000000089
:10f1100001003700000000000080fa000000060037
:10f120000600fa0010079800210798000040eb0045
:10f13000004f78001e0090009040780040c2b3005d
:10f1400080cf500003003a0010c0b3001047980071
:10f150000c0037000040eb00104798000900370012
:10f160001e4090000080fb009e0090000080400048
:10f17000104078001e4f68001e4090000040e800dc
:10f18000104798001e4090000080fb009e009000f9
:10f1900000804000104078000004e00008003200c9
:10f1a0001e4090000080fb009e0090000080400008
:10f1b00090407800a0c2b30080cf5000e8ff3a0032
:10f1c0002e0090000000e0000f0032001e40900072
:10f1d0000080fb009e00900000804000904078007e
:10f1e000a0c2b30080cf500004003a002e0090006f
:10f1f0009e40900001487800030037002e009000e8
:10f200008040eb00014878001e4078000080fa0042
:10f21000000006000800fa00300798000040eb00ec
:10f22000004f780065004700800078003e009000a5
:10f23000bbff0700104798005e4090000004e0000c
:10f24000230032000e80e800800078001e4090000d
:10f25000b4ef0200010000000040eb0040479800be
:10f260005e4090000040e800504798002e4090001b
:10f270008000fb005e4090000080fb003e0190009b
:10f2800000004100104078000080fb00808f50009b
:10f290000f003a005e4090000040e80050479800a0
:10f2a0003e4090008000fb005e4090000080fb002c
:10f2b0003e01900000004100104078000080fb00fb
:10f2c000808f500002003a0010c0b300004f780059
:10f2d0001e4078000080fa00000006000200fa00dc
:10f2e000004f7800e0d82000104078000080fb003c
:10f2f000640060000000e00023003200c0362300fc
:10f30000104078008080fb00000220000080600038
:10f310000000e00016003a005a200200020000003f
:10f3200080572d00f61f02000200000032c0b3001b
:10f33000c1c820001e4078002eee0200010000002f
:10f34000c0c82000f61f020002000000b0582d00c7
:10f35000f61f020002000000c036230010407800b3
:10f36000804078000154a000c03623000148780096
:10f370000010230090407800c0102300014878005e
:10f3800010c0b300010037000040eb000080fa001d
:10f39000000006000800fa001007980021079800f6
:10f3a00062479800734798000040eb00004f7800d8
:10f3b0002e0190006000b8000089be001f003700d9
:10f3c0006e4090009e40780080cf50001a003100bf
:10f3d0002e0090001000be006a09b90002017800fa
:10f3e0006002b9008401780003014100a3002000fd
:10f3f0000300b80001014100820078002e01900056
:10f400000089be002e0090001001be001e80fb008f
:10f410009e00900000804000104078000000fb003b
:10f420000003b100cf80de0002004000838048006e
:10f430002e0190000089be001e4fe8001e80fb00d8
:10f440009e0090000080400090407800f0c2b30021
:10f4500080cf5000070034001e80fb009e0090000b
:10f46000008040009040780090c3b30080cf5000ef
:10f47000d3ff34009e407800114798000e003700fb
:10f480002e0090001000be006a09b9000201780049
:10f490006002b9008401780003014100a30020004c
:10f4a0000300b80001014100820078002e019000a5
:10f4b0000089be001e4fe8007e4090009e4078000c
:10f4c00080cf5000eeff39001e4090000080fa000f
:10f4d000000006000800fa00200798003107980095
:10f4e0002e009000be009000420620000300200085
:10f4f0005006020000000000008fbe009e00900039
:10f50000c00320000088b900000178001e007800c8
:10f510006000b90000007800000141009e00780002
:10f52000c00320000008b8000101410082007800fb
:10f53000008fbe00008fbe002e009000be00900025
:10f5400042062000030020007006020000000000b8
:10f550001e0f40005e9748001e00be000080fa00ab
:10f56000000006000800fa00008fbe002207980085
:10f57000330798002e009000be0090001e01be00d0
:10f58000800f5100818f5900060036002e00900038
:10f59000be0090003e011000ae8118000200be00c7
:10f5a000050037002e009000be0090003e01500084
:10f5b000ae8158000200be000080fa000000060084
:10f5c0001200fa00889fbe0040479800320798005a
:10f5d000430798005407980065079800760798003d
:10f5e000070f98006000b800008fbe004e409000ea
:10f5f0000004e000620032003e019000ce01900065
:10f600005e009000ee009000800f5100818f590045
:10f610000a003a006000b80000878900118789005d
:10f620007e0190008e0990003eb89700ceb89700fa
:10f63000ccff0700008fbe00740037003e01900031
:10f64000ce0190005e009000ee009000800f51000f
:10f65000818f59001c0036003e009000ce009000c3
:10f660009cff07000004be005e009000ee009000ca
:10f6700098ff07000000540081805c00008789002b
:10f680001187890000878100118781006100500087
:10f69000e080580000878900118789007e01900072
:10f6a0008e0990003eb89700ceb897000001510037
:10f6b00081815900006a280011002000001f4100cc
:10f6c000019749001b0037005e009000ee0090009b
:10f6d00080ff07000004be003e009000ce009000b6
:10f6e0007cff07000000540081805c0000878900d7
:10f6f0001187890000878100118781006100500017
:10f70000e080580000878900118789003eb9970082
:10f71000ceb997007e0090008e0890000001510045
:10f7200081815900006a280011002000001f41005b
:10f73000019749000087810011878100026a280033
:10f740000289b900020178006102b90084017800e1
:10f7500003014100036a28000300b80001014100d1
:10f760008200780000878900118789000087810066
:10f77000118781001e0f40005e974800230037006c
:10f780003e009000ce00900052ff07000004be0033
:10f790005e009000ee0090004eff07000800400061
:10f7a0008980480000878900118789003eb9970049
:10f7b000ceb997007e0090008e089000001f410097
:10f7c000019749000087810011878100026a2800a3
:10f7d0000289b900020178006102b9008401780051
:10f7e00003014100036a28000300b8000101410041
:10f7f00082007800008789001187890000878100d6
:10f80000118781001e0f40005e9748001e00be0059
:10f810004f04be000080fa00000006004800fa0015
:10f82000889fbe00302798006000b800408589009e
:10f83000518589006000b800808589009185890024
:10f840006000b80060858900718589006000b8009b
:10f85000a0858900b18589000000eb002007980091
:10f86000c036230010407800804078000134a000aa
:10f87000c036230001487800be2090001107980090
:10f88000030037001e0090000000e80010079800f9
:10f890001e009000104078000004e0000a003200d2
:10f8a0001e0090009040780000c2b30080cf50004e
:10f8b000050032001e00900090407800c0c2b300e6
:10f8c00080cf5000efff3a001e009000904078007b
:10f8d00000c2b30080cf500026003a001e00900006
:10f8e0000000e800100798000040eb00004f78008f
:10f8f0000a0037001e80fb009e00900091407800b7
:10f9000001417800a10b2300827078001e00900056
:10f910000000e800100798001e4fe8001e40780025
:10f92000e54f50000f003e001e0090009040780010
:10f9300000c2b30080cf50000a0032001e009000c9
:10f9400090407800c0c2b30080cf50000500320064
:10f950001e00900090407800e0c2b30080cf5000bd
:10f96000e4ff3a001e80fb00a10b23000041eb00e6
:10f97000827078001e00900090407800e0c2b300d2
:10f9800080cf50000d003a00030037001e009000a9
:10f990000000e800100798001e009000104078005a
:10f9a0000004e000050032001e0090009040780046
:10f9b000c0c2b30080cf5000f4ff3a001e00900098
:10f9c00090407800c0c2b30080cf5000d1033a000d
:10f9d0001e0090000000e800100798008041eb0036
:10f9e00052c0b300810a23001e00900069fe070088
:10f9f000030037001e0090000000e8001007980088
:10fa00001e009000104078000004e0000a00320060
:10fa10001e00900090407800e0c2b30080cf5000fc
:10fa2000050032001e00900090407800c0c2b30074
:10fa300080cf5000efff3a001e0090009040780009
:10fa4000e0c2b30080cf500024003a001e009000b6
:10fa50000000e8001007980043c0b30042c0b300a4
:10fa6000010b23001e0090004afe0700004f7800a3
:10fa70001e4078000004e0000e0032001e80fb00f3
:10fa80009e00900000804000100798001e0090002b
:10fa90001040780080407800900b230001487800e7
:10faa000050037001e0090000000e80010079800d5
:10fab00001003700000000001e0090001040780098
:10fac0000004e000050032001e0090009040780025
:10fad000c0c2b30080cf5000f2ff3a001e00900079
:10fae00090407800c0c2b30080cf50008b033a0032
:10faf0001e0090000000e800100798008041eb0015
:10fb000052c0b300c10a23001e00900021fe07006e
:10fb1000030037001e0090000000e8001007980066
:10fb20001e009000104078000004e0000a0032003f
:10fb30001e00900090407800e0c2b30080cf5000db
:10fb4000050032001e00900090407800c0c2b30053
:10fb500080cf5000efff3a001e00900090407800e8
:10fb6000e0c2b30080cf500024003a001e00900095
:10fb70000000e8001007980043c0b30042c0b30083
:10fb8000410b23001e00900002fe0700004f78008a
:10fb90001e4078000004e0000e0032001e80fb00d2
:10fba0009e00900000804000100798001e0090000a
:10fbb0001040780080407800800b230001487800d6
:10fbc000050037001e0090000000e80010079800b4
:10fbd00001003700000000001e0090001040780077
:10fbe0000004e000050032001e0090009040780004
:10fbf000c0c2b30080cf5000f2ff3a001e00900058
:10fc000090407800c0c2b30080cf500045033a0056
:10fc10001e0090000000e800100798000300370065
:10fc20001e0090000000e800100798001e009000e1
:10fc3000104078000004e000050032001e00900033
:10fc400090407800c0c2b30080cf5000f4ff3a006b
:10fc50001e00900090407800c0c2b30080cf5000da
:10fc600032033a001e0090000000e80010079800e0
:10fc70000000eb00200798000e0037002e009000d7
:10fc80006a00b90000007800200798001e0090006c
:10fc9000104078000000fb000003b100ae009000af
:10fca00000804000200798001e0090000000e8003f
:10fcb000100798001e009000104078000004e0003b
:10fcc0000a0032001e00900090407800c0c2b300cd
:10fcd00080cf5000050032001e0090009040780058
:10fce000e0c2b30080cf5000e4ff3a001e00900055
:10fcf00090407800e0c2b30080cf500010003a007e
:10fd00001e0090000000e800100798000300370074
:10fd10001e0090000000e800100798001e009000f0
:10fd2000104078000004e000050032001e00900042
:10fd300090407800c0c2b30080cf5000f4ff3a007a
:10fd40001e00900090407800c0c2b30080cf5000e9
:10fd5000f8023a001e0090000000e800100798002a
:10fd6000030037001e0090000000e8001007980014
:10fd70001e009000104078000004e00005003200f2
:10fd80001e00900090407800c0c2b30080cf5000a9
:10fd9000f4ff3a001e00900090407800c0c2b3000b
:10fda00080cf5000e5023a001e0090000000e800fd
:10fdb00010079800030037001e0090000000e800c4
:10fdc000100798001e009000104078000004e0002a
:10fdd000050032001e00900090407800c0c2b300c1
:10fde00080cf5000f4ff3a001e0090009040780051
:10fdf000c0c2b30080cf5000d2023a001e00900073
:10fe00000000e80010079800030037001e00900073
:10fe10000000e800100798001e00900010407800d5
:10fe20000004e000050032001e00900090407800c1
:10fe3000c0c2b30080cf5000f4ff3a001e00900013
:10fe400090407800c0c2b30080cf5000bf023a009b
:10fe50001e0090000000e800100798000300370023
:10fe60001e0090000000e800100798001e0090009f
:10fe7000104078000004e000050032001e009000f1
:10fe800090407800c0c2b30080cf5000f4ff3a0029
:10fe90001e00900090407800c0c2b30080cf500098
:10fea000ac023a001e0090000000e8001007980025
:10feb0000040eb00004f78000a0037001e80fb0076
:10fec0009e0090009140780001417800110c2300c1
:10fed000827078001e0090000000e8001007980073
:10fee0001e4fe8001e407800e54f500005003e0020
:10fef0001e00900090407800c0c2b30080cf500038
:10ff0000eeff3a001e80fb00110c23000041eb00c5
:10ff1000827078001e00900090407800c0c2b3004c
:10ff200080cf50008d023a001e0090000000e800d3
:10ff3000100798000000eb00300798000e00370013
:10ff40003e0090006a00b900000078003007980079
:10ff50001e009000104078000000fb000003b1007c
:10ff6000be00900000804000300798001e00900006
:10ff70000000e800100798001e0090001040780074
:10ff80000004e000050032001e0090009040780060
:10ff9000c0c2b30080cf5000e9ff3a00a0fd2000ae
:10ffa0008040eb0001487800c03623001040780004
:10ffb0000080fb0061006000004078000004e00069
:10ffc0000c003200c03623001040780080407800da
:10ffd0000104a100c036230001487800d01023009e
:10ffe0008040eb0001487800201023008040eb00a7
:10fff000014878004085810051858100e00f500064
:020000040003f7
:10000000e08f580057023200808581009185810081
:10001000e00f5000e08f580054023200c036230039
:1000200010407800804078000134a100c0362300e1
:1000300001487800d010230010407800e44f5000b1
:100040000b003e00c0362300104078008080fb008b
:1000500000022000008060000000e0000400320088
:100060001010230090407800c01023000148780051
:1000700020102300104078008040e800201023006a
:10008000014878002010230010407800e14f500014
:100090000e003600d010230090407800101023008e
:1000a0001040780080cf500005003100d0102300b0
:1000b000104078008040e800d0102300014878000c
:1000c000201023008040eb0001487800d01023006e
:1000d00090407800101023001040780080cf50002e
:1000e000960139004005210090407800a0102300bf
:1000f00001487800200521009040780080102300fe
:10010000014878001005210090407800701023000d
:1001100001487800e004210090407800401023005e
:1001200001487800f004210090407800501023002e
:1001300001487800000521009040780060102300fd
:1001400001487800408581005185810060878900e1
:10015000718789008085810091858100a087890051
:10016000b1878900900b23009040780090282100ef
:100170000148780060858100718581008087890051
:1001800091878900a0858100b1858100c0878900a1
:10019000d1878900800b23009040780080282100bf
:1001a000014878003e00900080407800c00f230096
:1001b000014878002e009000f0878900c0362300a7
:1001c00090407800f0ccb30080c06000c0362300bf
:1001d00001487800c0362300104078000080fb0002
:1001e000620060000000e0000e003200c036230014
:1001f00010407800804078000114a100c036230030
:1002000001487800c03623008040eb0001487800a8
:100210005a20020002000000d0582d00f61f0200f4
:1002200002000000800c2300104078000004e00071
:1002300088003200800c230010407800e24f50000c
:1002400014003a004285810053858100100020008f
:1002500001002000800f5100818f590007003600f7
:10026000408581005185810061005000e080580088
:10027000408589005185890006003700408581004e
:100280005185810061004000e08048004085890080
:10029000518589005a20020002000000005a2d00fa
:1002a000f61f020002000000800a2300053623002a
:1002b000243623008001780042c0b300912d200035
:1002c00000cab30074d6020001000000000b230036
:1002d00005362300243623008001780042c0b30095
:1002e000d12d200000cab30074d602000100000026
:1002f0000536230024362300930b230012c0b300dd
:10030000112e200000cab30074d6020001000000c4
:10031000c00a23000536230024362300800178001c
:1003200042c0b300212e200000cab30074d60200e0
:1003300001000000400b2300053623002436230073
:100340008001780042c0b300612e200000cab300d3
:1003500074d6020001000000053623002436230075
:10036000830b230012c0b300a12e200000cab300eb
:1003700074d6020001000000a00c23000536230003
:10038000243623008001780042c0b300912d200064
:1003900000cab30084d7020001000000200d230032
:1003a00005362300243623008001780042c0b300c4
:1003b000d12d200000cab30084d702000100000044
:1003c0000536230024362300b30d230012c0b300ea
:1003d000112e200000cab30084d7020001000000e3
:1003e000e00c23000536230024362300800178002a
:1003f00042c0b300212e200000cab30084d70200ff
:1004000001000000600d2300053623002436230080
:100410008001780042c0b300612e200000cab30002
:1004200084d7020001000000053623002436230093
:10043000a30d230012c0b300a12e200000cab300f8
:1004400084d7020001000000800c23008040eb00f4
:10045000014878005086810061868100e00f5000dd
:10046000e08f5800b50032007086810081868100df
:10047000e00f5000e08f5800b0003200900c2300d5
:100480008040eb0001487800b8868100c986810071
:10049000a6858100b78581007486810085868100ec
:1004a0006285810073858100800b23009040780075
:1004b000a00d23001040780000c068000080fb0001
:1004c0000000e9004f00de0000407800889fbe0079
:1004d0003bfc0700e4875700e0868900f18689002d
:1004e000c036230010407800804078000164a100ed
:1004f000c036230001487800e2868100f38681003f
:100500004087810051878100800f5100818f590001
:1005100014003600900c230011c0b300014878008d
:1005200040878100518781004209dd00ce01de0055
:10053000830171004201dd00e0868100f1868100c7
:10054000800f5100818f590006003600c03623000d
:1005500010407800804078000164a000c03623007d
:100560000148780098868100a986810086858100ef
:1005700097858100548681006586810042858100cf
:1005800053858100900b230090407800b00d23002c
:100590001040780000c068000080fb000000e90007
:1005a0004f00de0000407800889fbe0004fc07007a
:1005b000e4875700e0868900f1868900e2868100a1
:1005c000f38681002087810031878100800f5100f0
:1005d000818f590017003600900c230010407800de
:1005e000804078000114a000900c2300014878009e
:1005f00020878100318781004209dd00ce01de00c5
:10060000830171004201dd00e0868100f1868100f6
:10061000800f5100818f590006003600c03623003c
:1006200010407800804078000164a000c0362300ac
:1006300001487800900c2300104078000004e0008e
:1006400036003200b0102300104078000004e000b3
:1006500015003a00c0362300104078008080fb006f
:1006600000042000008060000000e0000e00320066
:10067000b010230011c0b30001487800d01023004f
:100680008040eb000148780030c8b30013fb07003e
:100690005a20020002000000f05a2d00f61f02004e
:1006a0000200000025003700b010230011c0b30085
:1006b00001487800c0362300104078000080fb001d
:1006c000640060000000e0001b003a00109b800006
:1006d0000000e0000a003a00409b80000000e000bb
:1006e00007003a00509a8000e10f500004003e00dd
:1006f00011c0b30010c0b3009a2102000200000034
:10070000c036230010407800804078000124a0000b
:10071000c03623000148780008003700c0362300a7
:1007200010407800804078000124a100c0362300ea
:10073000014878000100370000000000e0d82000e8
:10074000104078000080fb00680060000000e000be
:10075000880032005a20020002000000900b2300a3
:10076000104078008082fb008285810093858100a3
:10077000408581005185810068024700851f78000f
:10078000829fbe00809fbe00b05c2d00801f78005d
:1007900004007800d60b020000000000ec87570030
:1007a00068004700f61f020002000000800b2300d3
:1007b000104078008082fb00a2858100b385810013
:1007c000608581007185810068024700851f78007f
:1007d000829fbe00809fbe00005e2d00801f7800bb
:1007e00004007800d60b020000000000ec875700e0
:1007f00068004700f61f0200020000006800470082
:10080000ae009000811f7800115f2d00811f7800dd
:10081000d60b020000000000e48757006800470084
:10082000f61f02000200000068004700be009000b2
:10083000811f7800c15f2d00811f7800d60b020058
:1008400000000000e487570068004700f61f020020
:100850000200000068004700a10b2300811f780000
:10086000110c2300811f780091602d00811f7800fa
:10087000d60b020000000000e68757006800470022
:10088000f61f020002000000101023001040780044
:100890000081fb00d0102300104078008080fb0016
:1008a00068004700821f7800811f780051612d0089
:1008b000811f7800d60b020000000000e687570079
:1008c00068004700f61f020002000000c036230047
:1008d000104078000081fb00c036230010407800f3
:1008e0008080fb0068004700821f7800811f78002d
:1008f00071622d00811f7800d60b020000000000fd
:10090000e687570068004700f61f0200020000005b
:100910001900370000000000170037000000000039
:100920001500370000000000130037000000000031
:1009300011003700000000000f0037000000000029
:100940000d003700000000000b0037000000000021
:100950000900370000000000070037000000000019
:100960000500370000000000030037000000000011
:1009700001003700000000004f04be000080fa00b4
:10098000000006000200fa0010c0b300004f78001b
:100990005a200200020000000040eb00004f7800e7
:1009a000e0d82000104078000080fb00700060005c
:1009b0000000e00026003a00c03623001040780016
:1009c0000080fb00640060000000e00007003200cf
:1009d000c0362300104078000080fb0061006000fa
:1009e000004078000004e0001200320070632d0027
:1009f000f61f02000200000090fd20008040eb0086
:100a000001487800c036230010407800804078000c
:100a1000a140b300c036230001487800d010230065
:100a20008040eb000148780010c0b300004f780010
:100a30000d00370030642d00f61f02000200000098
:100a400090fd200011c0b300014878000600370077
:100a5000d0652d00f61f02000200000090fd20006e
:100a600011c0b30001487800b0672d00f61f0200e6
:100a700002000000c03623001040780032c0b300ee
:100a8000c1c820002eee020001000000c0c82000f6
:100a9000f61f020002000000b0582d00f61f0200f1
:100aa0000200000040002000b09a8800813e200033
:100ab000b0c0b30006a30200010000001e40780091
:100ac0000080fa00000006000200fa00b09a8000e0
:100ad000e20f5000b7003200e20f500005003e0068
:100ae0000000e00008003200e10f50002800320052
:100af00031013700e30f5000b8003200e40f50001e
:100b0000060132002c0137006000b80040858900e2
:100b1000518589006000b800808589009185890031
:100b20006000b80060858900718589006000b800a8
:100b3000a0858900b1858900800b2300f1c3b30033
:100b400001487800900b2300f1c3b30001487800fe
:100b500040c8b300e1f90700c03623001040780018
:100b600080407800a140b300c036230001487800df
:100b7000d01023008040eb0001487800a0fd200049
:100b80008040eb000148780010002000b09a8800f7
:100b9000e0d82000104078000080fb006400600076
:100ba0000000e0007500320090fd200011c0b3008d
:100bb00001487800a0fd20008040eb00014878004b
:100bc000201023008040eb0001487800800c2300b7
:100bd0008040eb0001487800400e230005362300da
:100be000243623008001780042c0b300112d20007c
:100bf00000cab30084d7020001000000800e230069
:100c000005362300243623008001780042c0b3005b
:100c1000512d200000cab30084d70200010000005b
:100c2000a00c230005362300243623008001780021
:100c300042c0b300912d200000cab30084d7020047
:100c400001000000200d2300053623002436230078
:100c50008001780042c0b300d12d200000cab3004b
:100c600084d702000100000005362300243623004b
:100c7000b30d230012c0b300112e200000cab30030
:100c800084d7020001000000e00c23000536230099
:100c9000243623008001780042c0b300212e2000ba
:100ca00000cab30084d7020001000000600d2300d9
:100cb00005362300243623008001780042c0b300ab
:100cc000612e200000cab30084d70200010000009a
:100cd0000536230024362300a30d230012c0b300e1
:100ce000a12e200000cab30084d70200010000003a
:100cf000b00d230010407800e14f400012003a0090
:100d00006000b80050868900618689006000b800e4
:100d100090868900a18689006000b80070868900ed
:100d2000818689006000b800b0868900c18689008c
:100d3000b00d2300f1c3b30001487800a00d2300db
:100d4000f1c3b30001487800c0362300104078009a
:100d5000804078000174a100c0362300014878006b
:100d600020002000b09a8800813e2000b0c0b3006f
:100d700006a302000100000095003700813e20001c
:100d8000b0c0b30006a302000100000090fd2000e7
:100d90008040eb0001487800c036230001c8b30052
:100da00001487800c01023008040eb000148780023
:100db0008700370090fd200011c0b3000148780083
:100dc00030002000b09a8800c15d2000b0c0b300a0
:100dd00006a30200010000007d00370090fd200006
:100de00011c0b3000148780080fd200090407800d9
:100df00090fd20001040780080cf50002700320086
:100e0000411f2000b0c0b30006a302000100000093
:100e1000a0fd200010407800e14f400009003200a2
:100e2000d198800080022000808f5000050036009d
:100e3000a0fd2000104078008040e800a0fd2000c8
:100e400001487800a0fd200010407800f34f5000ca
:100e500012003600c0362300104078000080fb00ee
:100e6000610060000000e0000c003a00c036230082
:100e700010407800804078003140b300c036230035
:100e800001487800d01023008040eb000148780032
:100e9000201023008040eb0001487800e0d82000bb
:100ea000104078000080fb00640060000000e0005b
:100eb00044003a0010002000b09a880090fd200005
:100ec0008040eb00014878008fc6a900411f200038
:100ed000b0c0b30006a3020001000000c03623002a
:100ee00010407800804078000114a000c036230034
:100ef00001487800d01023008040eb0001487800c2
:100f0000c036230090407800b0cbb30080c06000b2
:100f1000c0362300014878002d0037000040eb0068
:100f2000004f7800e0d82000104078000080fb00df
:100f3000700060000000e00010003a00c03623009e
:100f4000104078000080fb00640060000000e000ba
:100f500007003200c0362300104078000080fb00fc
:100f600061006000004078000004e00003003200ef
:100f700090fd20008040eb0001487800d09b80006d
:100f8000ed0f500011003200e0d820001040780032
:100f90000080fb00700060000000e00003003a00e9
:100fa0000000eb00b09a8800090037001000200014
:100fb000b09a8800060037000000eb00b09a880065
:100fc00003003700000000000100370000000000af
:100fd00020072300104078000004e00004003a00dd
:100fe000d0082300104078000004e0009a0032008e
:100ff000c0362300104078008080fb0000022000f3
:10100000008060000000e0000d003200e0d8200009
:10101000104078000080fb00640060000000e000e9
:1010200007003200c0362300104078000080fb002b
:1010300061006000004078000004e000860032009b
:1010400020072300104078000004e0004300320035
:1010500040758100610060000000e0003f003a0040
:101060005a20020002000000c03623001040780021
:101070000080fb00801f780020072300801f78007d
:1010800000682d00801f7800c0c82000d60b020029
:1010900000000000e6875700c0c82000f61f0200cd
:1010a00002000000c0082300104078000004e000a7
:1010b0000c003200f1692d00c0c82000e0190200c8
:1010c0000200000021072300c0c82000e8bd020084
:1010d00000000000c00823008040eb0001487800b9
:1010e00008003700616a2d00c0c82000e019020026
:1010f0000200000021072300c0c8200022b7020020
:10110000000000000041eb00f1b3200020072300a5
:1011100010d2020000000000f0b320008040eb007d
:1011200001487800200723008040eb000148780048
:10113000d0082300104078000004e00004003200d2
:10114000c0102300f1c0b30001487800030037004d
:10115000c010230031c0b30001487800d00823003c
:10116000104078000004e0003b0032004075810030
:10117000610060000000e00037003a005a200200e1
:1011800002000000c0362300104078000080fb0001
:10119000801f7800d0082300801f7800a06a2d00ef
:1011a000801f7800c0c82000d60b0200000000009d
:1011b000e6875700c0c82000f61f020002000000aa
:1011c000700a2300104078000004e0000c00320098
:1011d000f1692d00c0c82000e019020002000000e3
:1011e000d1082300c0c82000e8bd020000000000b4
:1011f000700a23008040eb000148780008003700a7
:10120000616a2d00c0c82000e01902000200000041
:10121000d1082300c0c8200022b70200000000004f
:101220000041eb00f1b32000d008230010d20200ef
:1012300000000000f0b320008040eb00014878007f
:10124000d00823008040eb0001487800c010230044
:1012500031c0b300014878000080fa0000000600a9
:101260001600fa000e80e800a16c2d00e0190200c3
:1012700002000000000f78001e0078008e80e80059
:101280000080400082640200010000000080fb003a
:101290001e0f40001e0078008e80e8000080400095
:1012a000316d2d00e0190200020000001e0f400009
:1012b0000e80e800f61f0200020000000080fa0025
:1012c000000006000200fa00e00421009ed902009e
:1012d0000100000030012000000f78001e0078009f
:1012e0000000e900c200dd0060ff200080804000b7
:1012f0001e0078004201dd0060ff20000000410078
:1013000042002000800d0200000000001e0fe900d6
:101310001e0078000000e000f0ff3c0010052100f6
:10132000104078008040780090ff2000014878004d
:10133000e0042100104078008040780060ff200029
:1013400001487800f00421001040780080407800c7
:1013500070ff20000148780000052100104078004f
:101360008040780080ff2000014878000080fa006b
:10137000000006006800fa00509a80008000eb0030
:10138000a20c200003002000820f5000838f580021
:10139000b3063e0000600100ca0037000e013700ae
:1013a000ce013700040237006a023700ac0637006e
:1013b000ab063700aa063700a9063700a806370093
:1013c000d6023700510337005f033700c3033700ed
:1013d00001043700c8043700fb043700a0063700bb
:1013e000080537002b05370039053700770537002a
:1013f0008f053700970537009906370098063700a4
:101400009706370096063700950637009406370092
:101410009306370092063700910637009006370092
:101420008f063700400237008d0637008c063700e4
:101430008b0637008a063700890637008806370092
:101440008706370086063700850637008406370092
:101450008306370082063700810637008006370092
:101460007f0637007e0637007d0637007c06370092
:101470007b0637007a063700790637007806370092
:101480007706370076063700750637007406370092
:101490007306370072063700710637007006370092
:1014a0006f0637006e0637006d0637006c06370092
:1014b0006b0637006a063700690637006806370092
:1014c0006706370066063700650637006406370092
:1014d0006306370062063700610637006006370092
:1014e0005f0637005e0637005d0637005c06370092
:1014f0005b0637005a063700590637005806370092
:101500006705370056063700550637005406370082
:101510005306370052063700510637005006370091
:101520004f0637004e0637007d053700ae05370001
:10153000bc053700fe053700370637004806370080
:101540004706370046063700420637004406370094
:10155000a7023700d10237004106370040063700a6
:101560003f063700d40337000a0437001804370059
:101570004f0437003a06370039063700380637007f
:101580003706370036063700350637003406370091
:101590003306370032063700310637003006370091
:1015a0002f0637002e0637002d0637002c06370091
:1015b0002b0637002a063700290637002806370091
:1015c0002706370026063700250637002406370091
:1015d0002306370022063700210637002006370091
:1015e0001f0637001e0637001d0637001c06370091
:1015f0001b0637001a063700190637001806370091
:101600001706370016063700150637001406370090
:101610001306370012063700110637001006370090
:101620000f0637000e0637000d0637000c06370090
:101630000b0637000a063700090637000806370090
:101640000706370006063700050637000406370090
:101650000306370002063700010637000006370090
:10166000ff053700fe053700fd053700fc05370094
:10167000fb053700fa053700f9053700f805370094
:10168000f7053700f6053700f5053700f405370094
:10169000f3053700f2053700f1053700f005370094
:1016a000ef053700ee053700ed053700ec05370094
:1016b000eb053700ea053700e90537001d02370062
:1016c00029023700c0dc2000053623002436230021
:1016d0008001780022c0b300b101200000cab3002d
:1016e00084d7020001000000e0dc20008040eb0015
:1016f0000148780000db22008040eb0001487800c0
:1017000010db22008040eb00014878005a200200e4
:1017100002000000506d2d00f61f020002000000c4
:10172000c0dc2000104078000041eb00c1c8200060
:101730002eee020001000000c0c82000f61f0200cb
:1017400002000000206e2d00f61f020002000000c3
:10175000d0dc2000104078000041eb00c1c8200020
:101760002eee020001000000c0c82000f61f02009b
:1017700002000000306d2d00f61f02000200000084
:1017800090052100104078000004e0000b003a00b2
:10179000a0052100104078000004e00007003a0096
:1017a000c0052100104078000004e00003003a006a
:1017b000600521009ed902000100000060052100a3
:1017c000104078008040780090dd220001487800c9
:1017d00010002000509a8800e00421009ed90200e9
:1017e0000100000090dd2200104078008080fb00a6
:1017f000e0042100104078000000fb00808f5000c2
:101800000b003200e0042100104078008040780096
:1018100090dd220001487800a0978000e10f400091
:1018200003003200a09780000000e800a097880025
:10183000e004210010407800e14f500039003c00e6
:1018400080dd2200104078000004e00038003a00fb
:1018500040c122009040780050c122000148780029
:1018600040c122008040eb000148780080f6220051
:101870009040780090f622000148780080f622001f
:101880008040eb0001487800a0f6220090407800ec
:10189000b0f6220001487800a0f622008040eb005c
:1018a00001487800c0f6220090407800d0f622006f
:1018b00001487800c0f622008040eb000148780023
:1018c000a2012000212b2100c02c2100800d02004c
:1018d00000000000a20120008000eb00202b21006e
:1018e0008e0d020000000000f0ff27002096880007
:1018f000802c2100a1c5b30001487800902c210064
:10190000a1c5b30001487800a02c2100a1c5b300f7
:101910000148780080dd220011c0b3000148780042
:101920000300370080dd22008040eb000148780092
:10193000002b2100104078000080fb006200600056
:101940000000e0001e003200d0dc200010407800d3
:101950000002fb00c0dc2000104078008001fb008a
:10196000f0042100104078000001fb00e004210099
:10197000104078008000fb000e80e800841f780093
:10198000831f7800821f7800811f7800416e2d0030
:10199000811f7800116f2d00811f78004106200003
:1019a000660b020000000000ec8757000040eb00cf
:1019b00060e798000e80e800f61f020002000000b9
:1019c000e004210090407800c0dc20001040780046
:1019d00080cf50001e003a00f004210090407800b3
:1019e000d0dc20001040780080cf50001800350077
:1019f000f0042100104078008000fb00d0dc2000c3
:101a0000104078000000fb0063004000808f500011
:101a10000f003c0000db2200104078000004e000d2
:101a20001e003a00e0dc20008040eb000148780016
:101a30005a2002000200000000712d00f61f020073
:101a40000200000020002000509a88001300370098
:101a500000db2200104078000004e0000f0032009c
:101a600000db22008040eb0001487800e0d8200035
:101a7000104078000004e00008003d0040b3220060
:101a80009040780050c3b30080cf500003003a006c
:101a90005005230021c0b30001487800e0dc20009d
:101aa000104078000080fb00630060000000e00050
:101ab0000200320020002000509a8800509a8000d6
:101ac000e10f5000ee043a00017d200090c0b30009
:101ad00006a3020001000000220537002061220059
:101ae00010407800e14f50002e003a00d02a21002b
:101af000104078000004e0002a003a00409b80007b
:101b00000000e00027003a00109b80000000e00089
:101b100024003a00709b80000000e00021003a00a1
:101b200050d72000104078000004e0001d003a006b
:101b300050d82000104078000004e00019003a005e
:101b400040c5b300c4fe0200010000001081200067
:101b50008040eb000148780000db220011c0b30098
:101b60000148780090d5200011c0b30001487800ea
:101b7000f080200001c6b3000148780040c5b300e2
:101b80005270020001000000207b8100317b810047
:101b9000606d8900716d890030002000509a8800c6
:101ba000f0043700813e200090c0b30006a302007d
:101bb00001000000eb043700206122001040780093
:101bc000e14f500046003a00409b80000000e000da
:101bd00043003a00109b80000000e00040003a0003
:101be000709b80000000e0003d003a0050d72000cc
:101bf000104078000004e00039003a0050d820007e
:101c0000104078000004e00035003a0020c52200b2
:101c100010007800610060000000e00030003a0031
:101c200020c5220010007800620060000000e00083
:101c30002b00320020c52200f040900040c5b300c8
:101c400080cf500026003a0040c5b3005270020019
:101c50000100000050722d00f61f0200020000007b
:101c600090d5200011c0b3000148780000dd2000ad
:101c700011c0b3000148780010dd20008040eb0067
:101c800001487800c05d2000906e880020dd2200b1
:101c90008040eb000148780030dd22008040eb00fe
:101ca00001487800106d8000b06e8900e0dc2000f3
:101cb000104078000080fb00680060000000e00039
:101cc0000100320066fd070030022000509a8800b3
:101cd000c028210021c3b30001487800a1043700c7
:101ce000c15d200090c0b30006a302000100000007
:101cf00020c5220010007800610060000000e000b4
:101d000061043a0020c52200f040900040c5b300b5
:101d100080cf50005e04320040c5b300c4fe020014
:101d2000010000008f04370010dd20001040780013
:101d30000004e00004003a00c028210010407800b0
:101d40000004e00054043a0040002000509a88004b
:101d50008404370020dd2200104078008040e80035
:101d600020dd2200014878002103200090c0b3004c
:101d700006a3020001000000b0358000640060008e
:101d80000000e00005003a0010dd2200104078005d
:101d90008040e80010dd22000148780010dd2200bc
:101da00010407800e94f500004003e00e0d62000cb
:101db00010407800e14f50001a003a0010dd220078
:101dc0008040eb00014878005a2002000200000029
:101dd00040732d00f61f020002000000a00020004a
:101de000509a880011c0b300000220008c690200e4
:101df00001000000f0802000104078008040780052
:101e00000104a000f080200001487800f08020004c
:101e100010407800804078000164a100f08020002c
:101e20000148780020dd220010407800e64f400095
:101e30001b04360000db220010407800e24f500007
:101e40000c003e005a20020002000000e0732d004a
:101e5000f61f020002000000017d200090c0b300c8
:101e600006a302000100000030002000509a880004
:101e700024003700c0742d00f61f0200020000008d
:101e8000e0d6200010407800e14f500011003a00e9
:101e900011c0b300000220008c69020001000000a4
:101ea000f080200010407800804078000104a000fd
:101eb000f080200001487800f08020001040780079
:101ec000804078000164a100f08020000148780083
:101ed0000a00370011c0b30000022000be690200f2
:101ee00001000000f0802000104078008040780061
:101ef0000164a100f080200001487800a0002000cb
:101f0000509a880000db2200104078008040e800f2
:101f100000db2200014878001204370060752d00b4
:101f2000f61f020002000000900c2000509a88006a
:101f30000c043700309980000000e00004003200fb
:101f400031998000900f2000808f5000d60336001a
:101f5000a00c2000509a880040762d00f61f020049
:101f600002000000ff03370020c5b30052700200da
:101f70000100000090d520008040eb00014878006f
:101f8000d0c3b3006e79020001000000f080200091
:101f900010407800804078000174a000f08020009c
:101fa0000148780060052300104078000004e0003c
:101fb0000600320030772d00f61f020002000000fc
:101fc000e0062000509a88000500370020782d0098
:101fd000f61f020002000000f0062000509a880060
:101fe000c028210021c3b30001487800dd03370079
:101ff00040758100610060000000e00020003a00b0
:1020000010072300104078000004e00009003200af
:1020100010792d00f61f020002000000106d8000f4
:1020200080007800600523001a64020001000000af
:102030000c00370090792d00f61f0200020000000e
:10204000000723001040780080407800106d800069
:1020500001417800800078006005230036640200aa
:1020600001000000c20120008000eb006005230099
:102070008e0d020000000000f0062000509a88003b
:10208000c0282100104078000004e00088033a00d6
:10209000f0062000509a8800b203370020db2200af
:1020a0008040eb0001487800e0dc20001040780020
:1020b0000080fb00620060000000e00003003200ce
:1020c00010002000509a880005003700507a2d003b
:1020d000f61f020002000000c0002000509a880095
:1020e000e0dc2000104078000080fb006800600009
:1020f0000000e0000100320059fc0700e0dc200095
:102100008040eb00014878009603370020db220076
:10211000104078008040e80020db22000148780071
:1021200020db220010407800e94f50000300360009
:1021300020012000509a88008a033700c000200048
:10214000509a88008703370020db22001040780077
:102150000080fb00706e8900706e81004600dd001b
:10216000706e8900706e81001004b000706e89007e
:10217000706e81000080e8000536230024362300bd
:1021800053dd220012c0b3008000780000cab30003
:1021900084d702000100000050dd2200904078004a
:1021a00000c8b30080c0600000dd22000148780054
:1021b000b0002000509a880050dd220010407800c6
:1021c0000080fb00700060000000e0003a03320075
:1021d000920120008000eb0030db22008e0d020017
:1021e0000000000031db2200706e810072004000b0
:1021f0000436230023362300010178008000780094
:1022000000cab3007818020002000000c0dc2200ff
:102210008040eb000148780030db2200104078005d
:102220000004e0002603320030db2200d21a020054
:10223000020000000000e00023033200c02821005b
:1022400021c3b30001487800116d8000b06e810099
:10225000808f50000b003200116d8000b06e810045
:10226000808f50001a00320050dd220010407800ac
:102270008080fb0000042000008060000000e0007f
:1022800013003a0010052300104078008080fb0006
:1022900030052100104078000000fb000088de00bf
:1022a00061006000004078000004e0000800320097
:1022b00010c0b30000310200010000000004e00083
:1022c00003003200d0002000509a88002503370018
:1022d00030072000509a88002203370030db2200ac
:1022e000104078000004e0003200320040758100a8
:1022f000610060000000e00030003a00100523009b
:10230000104078008080fb003005210010407800ec
:102310000000fb000088de006100600000407800e3
:102320000004e0000f00320000dd220010407800c1
:1023300080407800106d80000141780080007800b6
:1023400030db22003664020001000000e0002000c3
:10235000509a8800c028210021c3b30001487800aa
:1023600016003700c028210021c3b30001487800bf
:1023700010052300104078000004e00003003d0039
:1023800030072000509a88000c0037000005230019
:10239000104078000004e00003003d0050072000da
:1023a000509a880005003700f0002000509a8800fd
:1023b00002003700b0002000509a8800c028210099
:1023c000104078000004e000c1023a00b000200094
:1023d000509a8800e3023700407581006140600038
:1023e0000080fb00610060000000e0002b003a006c
:1023f000c028210021c3b3000148780000dd22007d
:10240000104078000004e0000a003a003005230084
:10241000104078008080fb003005210010407800db
:102420000000fb000088de00610060000000e000aa
:1024300003003a00b0002000509a880017003700cf
:10244000c028210021c3b3000148780010052300f3
:10245000104078000004e00003003d003007200039
:10246000509a8800090037000005230010407800ca
:102470000004e00003003d0050072000509a88004f
:1024800002003700f0002000509a8800813e2000b2
:1024900090c0b30006a3020001000000c028210084
:1024a000104078000004e0008b023a00b0002000e9
:1024b000509a8800ab02370030db220010407800d1
:1024c0000004e0002a0032001005230010407800cc
:1024d0000004e00026003d0010c0b30000310200ff
:1024e000010000000004e00021003200407581007e
:1024f000610060000000e0001f003a005a20020066
:1025000002000000107b2d00f61f020002000000f8
:1025100030db22006c640200010000000004e000d7
:102520000600320040072000509a8800c028210091
:1025300021c3b300014878000f00370000052300d5
:10254000104078000004e00003003d005007200028
:10255000509a880002003700f0002000509a88004e
:10256000c028210021c3b3000148780002003700d1
:1025700050072000509a8800c028210010407800a1
:102580000004e00056023a0050072000509a8800ec
:102590007402370040758100614060000080fb00dc
:1025a000610060000000e00002003a0050072000d7
:1025b000509a8800c0282100104078000004e000f4
:1025c00049023a00b0002000509a880065023700a6
:1025d00030db2200104078000004e00025003200cb
:1025e00000052300104078000004e00021003d00b9
:1025f00010c0b30000310200010000000004e00040
:102600001c00320040758100610060000000e000a5
:102610001d003a005a20020002000000a07b2d009d
:10262000f61f020002000000106d8000800078009c
:1026300030db22001a640200010000000004e00008
:102640000600320060072000509a8800c028210050
:1026500021c3b300014878000b003700f0002000d0
:10266000509a8800c028210021c3b3000148780097
:1026700005003700f0002000509a8800c028210093
:1026800021c3b30001487800c02821001040780021
:102690000004e00016023a00f0002000509a880082
:1026a000c028210021c3b300014878002d02370063
:1026b00040758100614060000080fb0061006000a7
:1026c0000000e00005003a00f0002000509a880069
:1026d000c028210021c3b30001487800c028210090
:1026e000104078000004e00003023a00b00020002f
:1026f000509a88001b02370030db2200104078001f
:102700000004e0002700320030052300104078006c
:102710008080fb0030052100104078000000fb00a5
:102720000088de0061006000004078000004e000e6
:102730001c00320010c0b300003102000100000094
:102740000004e00017003200407581006100600065
:102750000000e00015003a005a20020002000000cc
:10276000307c2d00f61f02000200000030db22004a
:1027700056640200010000000004e0000600320080
:1027800000012000509a8800c028210021c3b30016
:102790000148780005003700b0002000509a8800fa
:1027a00002003700b0002000509a8800c0282100a5
:1027b000104078000004e000d1013a00b000200091
:1027c000509a8800e7013700407581006140600041
:1027d0000080fb00610060000000e00002003a00a1
:1027e000b0002000509a8800c028210010407800d6
:1027f0000004e000c4013a00b0002000509a8800b4
:10280000d8013700320020008000eb0080db200080
:102810008e0d02000000000080db20000536230042
:10282000243623008001780032c0b30081012000eb
:1028300000cab30084d7020001000000b0db200012
:102840008040eb000148780080db20009040780059
:10285000f0c2b30080cf50000b00340080db2000ba
:102860009040780090c3b30080cf500006003c0039
:1028700040012000509a880020db22008040eb00bd
:1028800001487800b7013700a0052000509a880061
:10289000b401370020db2200104078008040e800bf
:1028a00020db22000148780020db22001040780065
:1028b000e94f500003003600a0052000509a880020
:1028c000a801370040012000509a8800a501370078
:1028d00020db2200104078000080fb00706e890031
:1028e000706e81004600dd00706e8900706e8100a0
:1028f0001004b000706e8900706e810005362300f0
:10290000243623008e01780012c0b30080007800c6
:1029100000cab30084d7020001000000300120008b
:10292000509a88001e4078000080fb006100600023
:10293000004078000004e0007501320092012000a0
:102940008000eb0030db22008e0d02000000000052
:1029500031db2200706e81006300400004362300ea
:1029600023362300010178008000780000cab300fc
:102970007818020002000000c0dc22008040eb005a
:102980000148780030db2200d21a02000200000069
:102990000000e00060013200706e81000000e8007d
:1029a000053623002436230043dd220012c0b30085
:1029b0008000780000cab30084d702000100000044
:1029c00050012000509a88006601370010d920007d
:1029d000104078000080fb0061006000004078003b
:1029e0000004e0004e01320020db2200104078009d
:1029f0008040e80040dd2200104078008043eb007a
:102a000036c0b3008042eb00014278008041eb0009
:102a10000041780021c0b30030db220038a502005d
:102a20000100000060012000509a88004d0137002d
:102a300010d92000104078000080fb006200600088
:102a40000000e0003801320070012000509a880038
:102a50004401370010d92000104078008080fb002e
:102a600000022000008060000000e0000200320050
:102a700030012000509a880010d9200010407800c2
:102a80008080fb0000042000008060000000e00067
:102a90002701320030012000509a880031013700b0
:102aa00040062000509a880000052300104078005e
:102ab0008080fb0030052100104078000000fb0002
:102ac0000088de0061006000004078000004e00043
:102ad0000d00320010c0b300003102000100000000
:102ae0000004e0001401320010b3200021c0b30044
:102af00001487800419c200090c0b30006a302006a
:102b000001000000170137005a20020002000000f7
:102b1000d07c2d00f61f02000200000011013700da
:102b2000e0d82000104078000080fb0064006000c6
:102b30000000e00029003200c0102300104078009f
:102b40000004e0002500320020052300104078003a
:102b50008080fb0030052100104078000000fb0061
:102b60000088de0061006000004078000004e000a2
:102b70001a00320010c0b300003102000100000052
:102b80000004e00015003200c03623001040780039
:102b90008080fb0000022000008060000000e00058
:102ba00007003200c0362300104078000080fb0090
:102bb00061006000004078000004e0000500320081
:102bc00060062000509a880020db22008040eb0045
:102bd0000148780000000000e200370010002000eb
:102be000509a8800df00370020db22001040780078
:102bf0008040e80020db22000148780020db220032
:102c000010407800e94f500003003600c006200055
:102c1000509a8800d300370060062000509a880040
:102c2000d000370020db2200104078000080fb003d
:102c3000706e8900706e81004600dd00706e890044
:102c4000706e81001004b000706e8900706e81009b
:102c50000080e800053623002436230053dd2200df
:102c600012c0b3008000780000cab30084d702000d
:102c70000100000050dd22009040780000c8b30041
:102c800080c0600000dd220001487800500620006e
:102c9000509a880050dd2200104078000080fb0030
:102ca000700060000000e000a500320092012000ea
:102cb0008000eb0030db22008e0d020000000000df
:102cc00031db2200706e8100720040000436230068
:102cd00023362300010178008000780000cab30089
:102ce0007818020002000000c0dc22008040eb00e7
:102cf0000148780030db2200104078000004e0003a
:102d00009100320030db2200d21a020002000000e3
:102d10000000e0008e003200c028210021c3b30073
:102d20000148780070062000509a88008d00370016
:102d300030db2200104078000004e0002d0032005b
:102d4000e0d82000104078000080fb0064006000a4
:102d50000000e00027003200407581006100600043
:102d60000000e00025003a0000dd2200104078005d
:102d70000004e00009003200117e2d00c0c82000d0
:102d8000e01902000200000031db2200c0c8200070
:102d9000e8bd02000000000008003700817e2d0021
:102da000c0c82000e01902000200000031db220050
:102db000c0c8200022b702000000000012c0b3000b
:102dc000f1b3200030db220010d20200000000002e
:102dd000c028210021c3b30001487800f0b32000cf
:102de0008040eb000148780080062000509a88005f
:102df0000200370050062000509a8800c0282100a9
:102e0000104078000004e00053003a005006200013
:102e1000509a88005300370040758100614060007f
:102e20000080fb00610060000000e00002003a004a
:102e300050062000509a8800c028210010407800d9
:102e40000004e00046003a0050062000509a880036
:102e50004400370010002000509a880041003700dd
:102e60005a20020002000000c07e2d00f61f020062
:102e7000020000000000eb00509a88003900370083
:102e80000000000037003700000000003500370068
:102e90000000000033003700000000003100370060
:102ea000000000002f003700000000002d00370058
:102eb000000000002b003700000000002900370050
:102ec0000000000027003700000000002500370048
:102ed0000000000023003700000000002100370040
:102ee000000000001f003700000000001d00370038
:102ef000000000001b003700000000001900370030
:102f00000000000017003700000000001500370027
:102f1000000000001300370000000000110037001f
:102f2000000000000f003700000000000d00370017
:102f3000000000000b00370000000000090037000f
:102f40000000000007003700000000000500370007
:102f500000000000030037000000000001003700ff
:102f600000000000e0dc2000104078000080fb0042
:102f7000680060000000e0001b003200b0358000f7
:102f8000640060000000e0000c003a00e0dc20007b
:102f9000104078000004e00013003500e0dc200061
:102fa00010407800804078000174a000e0dc200030
:102fb00001487800aaf807000b003700e0dc200089
:102fc000104078000004e00007003d00e0dc200035
:102fd00010407800804078000174a100e0dc2000ff
:102fe000014878009ef807000080fa000000060003
:102ff0000200fa00004f78001e80fb000000e00095
:1030000003003200e10f50000a00320012003700c6
:10301000a0358000620060000000e0000300320084
:10302000e07f2d00f61f020002000000b426a90078
:1030300009003700a0358000620060000000e00059
:1030400003003a0070802d00f61f0200020000000d
:10305000b426a800000000000080fa00000006006e
:103060000000fa00501e800080407800803a210065
:10307000014878000080fa00000006000000fa0015
:1030800050912000104078000080fb00a11d8000be
:1030900001417800619120008270780050912000f9
:1030a000104078008040e8005091200001487800ee
:1030b000801d8000620060000000e000010032001e
:1030c000b023a900801d8000640060000000e000c3
:1030d00001003200b043a900801d8000680060003c
:1030e0000000e00001003200b063a9000080fa0097
:1030f000000006000200fa00889fbe008a9fbe0002
:10310000550507007a46a80080fd20008040eb00ae
:1031100001487800b0ff2f00709c8900b0ff2f009d
:10312000f09c8900c02a210080c0eb000148780093
:103130000000eb0010408800408020008040eb0041
:10314000014878000000eb00e059880080802000f2
:1031500011c0b300014878000000eb00a097880080
:10316000008020008040eb000148780010802000a3
:103170008040eb0001487800308120008040eb0067
:1031800001487800208120008040eb000148780051
:10319000822120008000eb00000721008e0d02003c
:1031a00000000000620120008000eb0020da200017
:1031b0008e0d020000000000620c20008000eb0079
:1031c00080ea22008e0d020000000000820d200027
:1031d0008000eb00e0b322008e0d02000000000032
:1031e000720020008000eb00600521008e0d0200bf
:1031f00000000000720020008000eb00600421004d
:103200008e0d020000000000720020008000eb0024
:10321000600621008e0d02000000000072002000f8
:103220008000eb00e00521008e0d02000000000090
:10323000a20120008000eb0040d720008e0d02008c
:1032400000000000d20b20008000eb004061220053
:103250008e0d020000000000820020008000eb00c4
:1032600020c522008e0d0200000000008203200015
:103270008000eb00a0dd20008e0d020000000000a9
:10328000a20120008000eb00202b21008e0d020007
:1032900000000000a20120008000eb00c02c2100f3
:1032a0008e0d020000000000c20120008000eb0033
:1032b000600523008e0d020000000000f0ff2700d3
:1032c00020968800802c2100a1c5b3000148780019
:1032d000902c2100a1c5b30001487800a02c21004a
:1032e000a1c5b30001487800202e2100a1c5b3007c
:1032f00001487800302e2100a1c5b30001487800b4
:10330000402e2100a1c5b3000148780062102000c2
:103310008000eb00607a22008e0d020000000000a9
:103320000000eb00000f7800090037001e00780055
:10333000c200dd0060ff200000804000420020004d
:103340008000eb008e0d0200000000001e0fe80060
:103350001e007800f30f5000f4ff3400a01023008b
:103360008040eb0001487800801023008040eb0093
:1033700001487800701023008040eb00014878007d
:10338000401023008040eb000148780050102300db
:103390008040eb0001487800601023008040eb0083
:1033a000014878006000b800608789007187890053
:1033b0006000b800a0878900b187890090282100ab
:1033c000f1c3b300014878006000b800808789002d
:1033d000918789006000b800c0878900d187890083
:1033e00080282100f1c3b30001487800c00f2300fa
:1033f0008040eb00014878000000eb00f087890076
:103400006000b80040858900518589006000b800df
:1034100060858900718589006000b8008085890019
:10342000918589006000b800a0858900b185890078
:10343000800b23008040eb0001487800900b2300b4
:103440008040eb0001487800e005210091c1b30005
:103450000148780080d520008040eb0001487800ca
:1034600090d520008040eb0001487800a0d52000d6
:103470008040eb0001487800e0d820008040eb005d
:1034800001487800d02a21008040eb0001487800f4
:10349000d08020008040eb0001487800da1f020055
:1034a000020000000000eb00000f78000b00370066
:1034b00040d920001e0040008040eb000148780009
:1034c00081d920001e0078000000400000804000ec
:1034d0008000eb00010878001e0fe8001e00780055
:1034e000e30f5000f2ff34006000b80080598900fb
:1034f000915989000000eb00504088000000eb006b
:10350000009b89000000eb00407e88000000eb007b
:10351000507e88000000eb00a07e88000000eb00d9
:10352000607e88000000eb00907e8800007d200017
:10353000b07e8800602e21008040eb0001487800ba
:103540000000eb00707e88000000eb00807e8800a9
:10355000008120008040eb0001487800b6e6a8001a
:10356000b6c6a800ca06a800ca26a8002081200066
:103570008040eb0001487800308120008040eb0063
:1035800001487800409120008040eb00014878001d
:10359000509120008040eb000148780070b120007d
:1035a0008040eb000148780010b320008040eb0021
:1035b0000148780000da20008040eb0001487800e4
:1035c000420020008000eb0000dd20008e0d020094
:1035d00000000000e20020008000eb00a0c52200f7
:1035e0008e0d020000000000d20b20008000eb00d6
:1035f000406122008e0d02000000000090040700d0
:10360000f9040700d904070030d9020001000000c6
:10361000203623008040eb00014878004001200064
:10362000009b890062310200010000000040eb00b5
:10363000f897020001000000e080200011c8b300ec
:1036400001487800f0dc20008040eb000148780061
:103650000081200041c0b300014878000000eb0069
:10366000309d8800b0ef20008040eb0001487800da
:1036700050fc20008040eb0001487800b606a9000d
:10368000203123008040eb0001487800e02a21002f
:103690008040eb0001487800002b210010407800aa
:1036a0008080fb0000022000008060000000e0003d
:1036b000040032000040eb0088000200020000001d
:1036c0000300370010c0b3008800020002000000b1
:1036d0006289020001000000f0042100104078001f
:1036e0000000fb00cf80de00c0978800d1978800e3
:1036f000c0978000d1978000120720000289b9008e
:10370000020178006002b9008401780003014100e1
:10371000130720000300b800010141008200780077
:10372000c0978800d19788001005210010407800cc
:103730000001fb00cf91de00c0978000d197800090
:103740000200400083804800c0978800d19788001d
:10375000c0978000d1978000020720000289b9003d
:10376000020178006002b900840178000301410081
:10377000030720000300b800010141008200780027
:10378000c0978800d1978800e0042100104078009d
:103790000001fb00cf91de00c0978000d197800030
:1037a0000200400083804800c0978800d1978800bd
:1037b000c0978000d1978000f20620000289b900ee
:1037c000020178006002b900840178000301410021
:1037d000f30620000300b8000101410082007800d8
:1037e000c0978800d197880000052100104078001c
:1037f0000001fb00cf91de00c0978000d1978000d0
:103800000200400083804800c0978800d19788005c
:10381000070037000000000005003700000000002e
:103820000300370000000000010037000000000026
:103830000060fe00c02a21008040eb0001487800b3
:1038400000312100104078000004e00002003a003e
:10385000c40d020002000000c02a210011c0b30004
:103860000148780060312100104078000004e00039
:1038700002003a0048e9020000000000c02a2100ce
:1038800021c0b30001487800c03121001040780009
:103890000004e00002003a002621020002000000bd
:1038a000c02a210031c0b300014878002032210035
:1038b000104078000004e00002003a00441e0200bc
:1038c00002000000c02a210041c0b3000148780076
:1038d00080322100104078000004e00002003a002d
:1038e0005ef1020001000000c02a210051c0b300b7
:1038f00001487800e0322100104078000004e00028
:1039000002003a0038fb020001000000c02a21003a
:1039100071c0b30001487800c02a210091c0b300f3
:103920000148780060342100104078000004e00075
:1039300002003a00ba89020001000000c02a2100fa
:10394000a1c0b30001487800c034210010407800c5
:103950000004e00002003a00002202000200000021
:10396000c02a2100b1c0b3000148780020352100f1
:10397000104078000004e00002003a006485020074
:1039800001000000c02a2100c1c0b3000148780036
:1039900080352100104078000004e00002003a0069
:1039a000fa10020002000000c02a2100d1c0b300ba
:1039b00001487800e0352100104078000004e00064
:1039c00002003a00f8a5020001000000c02a210010
:1039d000e1c0b30001487800403621001040780073
:1039e0000004e00002003a00060a020002000000a3
:1039f000c02a2100f1c0b30001487800a0362100a0
:103a0000104078000004e00002003a000cb202000e
:103a100001000000c02a210011c1b3000148780054
:103a200060372100104078000004e00002003a00f6
:103a30004add020001000000c02a210021c1b300bc
:103a400001487800c0372100104078000004e000f1
:103a500002003a008606020002000000c02a21008f
:103a600031c1b300014878002038210010407800af
:103a70000004e00002003a00ca1302000200000045
:103a8000c02a210041c1b3000148780080382100dc
:103a9000104078000004e00002003a00cae402008e
:103aa00001000000c02a210061c1b3000148780074
:103ab00040392100104078000004e00002003a0084
:103ac0007601020002000000104080000000e000cb
:103ad0007100320012003700208120001040780071
:103ae0000080fb0041812000614078000080fb00e5
:103af000901d880020812000104078000080fb008d
:103b0000418120000041eb0082707800208120007c
:103b1000104078008040e8002081200001487800b3
:103b2000811d800000102000008060000000e00087
:103b30003500320020812000904078003081200044
:103b40001040780080cf5000e3ff3a002f0037008c
:103b500040802000104078000080fb00012d2300f1
:103b6000e140780040912000104078000080fb0088
:103b7000629120006240780080cf500012003a002d
:103b800040802000104078008040e8004080200005
:103b90000148780040802000104078000080fb0041
:103ba000012d2300614078000004e00009003a0084
:103bb000408020008040eb00014878001000200089
:103bc0001040880003003700408020008040eb0058
:103bd0000148780040912000104078000080fb00f0
:103be00061912000614078000080fb00e01c8800ab
:103bf00040912000104078008040e8004091200073
:103c0000014878000100370000000000d11c80004e
:103c100000102000008060000000e000380032004a
:103c20004091200090407800509120001040780092
:103c300080cf5000c6ff3a0031003700608020007e
:103c4000104078000004e00007003a0020812000c6
:103c5000104078000080fb00418120006140780026
:103c600004db0200000000002081200010407800ea
:103c70000080fb00418120000041eb008270780051
:103c800020812000104078008040e8002081200042
:103c9000014878000100370000000000208120006a
:103ca00090407800308120001040780080cf500094
:103cb000e2ff3a000c0037004091200010407800ed
:103cc0000080fb006191200061407800741f0200b9
:103cd0000200000040912000104078008040e80081
:103ce00040912000014878004091200090407800e9
:103cf000509120001040780080cf5000eeff3a0035
:103d000080d52000104078000004e00014003a0044
:103d100090d52000104078000004e00010003a0028
:103d2000a0d52000104078000004e0000c003a000c
:103d3000b0358000610060000000e0000400320047
:103d40002031230010407800e24f50000400320080
:103d500060d82000104078000004e0000400320029
:103d600010c0b300f8970200010000000300370004
:103d70000040eb00f897020001000000003a21002b
:103d8000104078000004e000a2fe3200003a21005a
:103d90008040eb00014878008059810091598100f2
:103da000e00f5000e08f580006003200805981007b
:103db0009159810061005000e080580080598900cd
:103dc00091598900504080000000e0000900320055
:103dd000504080000000e9005040880050408000c2
:103de0000000e00003003a0020d72d00f61f02007b
:103df00002000000407e8000e10f4000030032001e
:103e0000407e80000000e800407e8800507e8000f8
:103e1000e10f400003003200507e80000000e80007
:103e2000507e8800607e8000e10f40000300320079
:103e3000607e80000000e800607e8800707e800068
:103e4000e10f400003003200707e80000000e800b7
:103e5000707e8800807e8000e10f40000300320009
:103e6000807e80000000e800807e8800907e8000d8
:103e7000e10f400003003200907e80000000e80067
:103e8000907e8800a07e8000e10f40000300320099
:103e9000a07e80000000e800a07e8800b07e800048
:103ea0000000e00003003200b07e80000000e90066
:103eb000b07e8800709d80000000e00004003200a9
:103ec000709d80000000e900709d880009003700a7
:103ed000709d8000e10f500006003a00709d800048
:103ee0000000e900709d880030d92d00f61f020007
:103ef00002000000309d80000000e800309d880036
:103f0000319d800000192000808f50005200360043
:103f10000000eb00309d8800f0dc200010407800ad
:103f20000004e0002c003200f0dc20008040eb00b8
:103f300001487800e0802000104078000004e00094
:103f400006003d00e08020001040780080407800ae
:103f50000174a100e080200001487800f08020007a
:103f6000104078000004e0003b003d00f08020009d
:103f7000104078008080fb00000620000080600078
:103f80000000e00034003a00f0802000104078008b
:103f9000e3406000f080200001487800f0802000bd
:103fa000104078000004e00005003200f08020009e
:103fb000104078008040e800f08020000148780040
:103fc000f0802000104078008040e8000081200050
:103fd0000148780020003700f0dc200011c0b30059
:103fe00001487800e0802000104078000004e000e4
:103ff00009003200e0802000104078000004e0005a
:1040000005003500e0802000104078008040e90085
:10401000e080200001487800f08020001040780007
:104020000004e0000c003200f08020001040780016
:104030008080fb00000e2000008060000000e00097
:1040400005003a00f0802000104078008040e90030
:10405000f080200001487800109d80000000e800fa
:10406000109d8800119d8000803e2000808f5000b0
:10407000eafd36000000eb00109d8800909580005e
:10408000a1958000000078006f0060008004eb00c4
:10409000000478000801be00c0978000d19780001e
:1040a000020040008380480063004000e080480038
:1040b000c0978800d1978800403a210010407800ce
:1040c0000004e00004003200403a21008040eb0090
:1040d000014878000c003700403a210011c0b300bd
:1040e00001487800c0102300104078000004e00070
:1040f00005003200c0102300104078008040e90025
:10410000c010230001487800a0d52000104078009e
:104110000004e00005003200a0d520001040780027
:104120008040e900a0d520000148780092958000e9
:10413000a3958000e0ff2f00f1ff2000800f5100c9
:10414000818f590006003e0090958000a195800067
:1041500061004000e080480090958800a1958800ab
:1041600010c3220010407800e34f500006003a00d0
:10417000b0958000e10f400003003200b095800050
:104180000000e800b0958800f0c4220010407800dc
:10419000e34f500006003a00c0958000e10f400058
:1041a00003003200c09580000000e800c095880040
:1041b00010c3220010407800e34f500003003a0083
:1041c000906181000000e80090618900f0c4220045
:1041d00010407800e34f500003003a0080628100f5
:1041e0000000e8008062890060d82000104078005c
:1041f0000004e0000e00320060d82000104078007b
:104200008040e90060d820000148780060d8200094
:10421000104078000004e00005003a00a2012000f0
:104220008000eb0040d720008e0d0200000000004f
:10423000c0d82000104078000004e00005003200e3
:10424000c0d82000104078008040e900c0d820008d
:1042500001487800a02e81000000e0000300320039
:10426000a02e81000000e900a02e890030d9200096
:1042700010407800e14f40000500320030d92000a6
:10428000104078008040e80030d9200001487800d4
:1042900041758100000e2000008060000000e000f9
:1042a0000d003200407581004500de00674060006f
:1042b0000040e900674060000080fb00670060008c
:1042c0004500dd0042758100f1f12f0081006100a1
:1042d0000100700040758900b07080000000e000af
:1042e00003003400b07080000000e900b070880066
:1042f000b07080000000e00003003d00b07080005e
:104300000000e800b070880060b120001040780024
:104310000004e0000500320060b120001040780089
:104320008040e90060b1200001487800b0282100f9
:10433000104078000004e00005003200b0282100a1
:10434000104078008040e900b02821000148780042
:10435000c0282100104078000004e0000500320071
:10436000c0282100104078008040e900c0282100ca
:1043700001487800d0282100104078000004e000b7
:1043800005003200d0282100104078008040e9006c
:10439000d028210001487800e02821001040780052
:1043a0000004e00005003200e02821001040780001
:1043b0008040e900e028210001487800f028210031
:1043c000104078000004e00005003200f0282100d1
:1043d000104078008040e900f02821000148780072
:1043e00000292100104078000004e00005003200a0
:1043f00000292100104078008040e90000292100b8
:104400000148780010292100104078000004e000e5
:104410000500320010292100104078008040e9009a
:1044200010292100014878003077220010407800e0
:104430000004e000050032003077220010407800d0
:104440008040e90030772200014878000081200098
:10445000104078000004e0000500320000812000d8
:10446000104078008040e900008120000148780079
:10447000104080000000e000030032001040800087
:104480000000e90010408800907080000000e80003
:10449000907088009170800000e12000808f5000b3
:1044a0000800360030da2d00f61f0200020000007e
:1044b00050e1200011c0b300014878000000eb007b
:1044c0009070880090958000a19580000000780091
:1044d000670060008005eb00000578000a00be0060
:1044e000e00f5000e08f5800cefc3a0080802000a2
:1044f000104078000004e000ccfc32006200200094
:1045000011dc2d00c0c82000800d0200000000005a
:10451000c1c82000c0c82000daa4020000000000ca
:10452000f0b32000f61f02000200000070dc2d0036
:10453000f61f0200020000005a20020002000000e4
:1045400080fd2000104078008001fb0090fd2000dd
:10455000104078000001fb00c036230010407800b6
:104560008080fb00c0102300104078000080fb001a
:10457000831f7800821f7800811f7800801f7800d9
:1045800090dc2d00801f7800c0c82000f00b0200d6
:1045900000000000ea875700c0c82000f61f020094
:1045a00002000000f0b320008040eb0001487800da
:1045b0009ffc37000200fa00004f78001e80fb00cd
:1045c0006600b900800078000031210000804000c2
:1045d0008040eb00014878000080fa0000000600ef
:1045e0000200fa00004f78001e80fb006600b90050
:1045f00080007800003121000080400021c0b3001d
:10460000014878000080fa00000006000400fa006b
:10461000004f7800110798001e80fb006600b9006b
:104620008000780020312100008040009e00900032
:10463000010878001e80fb006600b9008000780049
:10464000003121000080400011c0b3000148780013
:104650000080fa00000006000000fa004000200080
:10466000d03388000000240070348800a226ef00b8
:10467000c00c2000b0358800300020005036880083
:1046800000182000f0368800303f2400b033880046
:104690000000240050348800e0232000f03488001b
:1046a0004000200090358800c00720003036880088
:1046b000c0342000d03688008826ef009c26ef000a
:1046c000b026ef00c426ef00d826ef00ec26ef005e
:1046d0008626ef009a26ef00ae26ef00400020006d
:1046e00010368800d626ef00ea26ef0000202000d2
:1046f0005037880000042000b03688007c26ef0088
:104700009026ef00a426ef00b826ef00cc26ef009d
:10471000e026ef00001f2000f03388009226ef0013
:10472000a626ef00ba26ef00e226ef00010880007f
:10473000f00b200000816000600420007105200063
:104740000310200080497800814978008249780070
:10475000813f8000f00f2800808060000050200022
:1047600001007000803f8800b13e800000f82f00fb
:1047700000806000b000b300b03e8800e13d8000e2
:1047800000fc2f00008060000020a000e03d8800b9
:10479000913d8000f00f2c008080600000502200ce
:1047a00001007000903d8800713f800000f82f00ec
:1047b000008060003000b300703f8800a13d8000a1
:1047c00000fc2f00008060003001b300a03d880095
:1047d000b13e8000f00f28008080600000a0200023
:1047e00001007000b03e8800f13e8000f00f28000c
:1047f000808060000030210001007000f03e8800e1
:10480000b13d800000fc2f0000806000e000b3009c
:10481000b03d880000088000000178000260a00020
:1048200060042000710520000310200080497800fa
:1048300081497800824978000080fa000000060073
:104840000000fa0041058000f0ff280000806000b1
:1048500000c0a000400588009021ef00f0e7230091
:10486000900c880000002800a00c88008860a90037
:104870009860a80041068000f0f82f0000806000da
:104880000040a000400688007105800080ff2f00d6
:10489000008060000000a0007005880061058000b5
:1048a000f0ff28000080600000c0a00060058800c4
:1048b00041068000f08f2f00008060000080a00083
:1048c00040068800b1058000f0ff280000806000ed
:1048d00000c0a000b0058800b1058000f08f2f0057
:1048e000008060000080a000b00588008106800084
:1048f000f0f82f00008060000040a00080068800d3
:1049000081068000f0ff28000080600000c0a00049
:104910008006880081068000f08f2f0000806000f4
:104920000080a00080068800e726a800e926a900ec
:10493000d2c6a800d4c6a900d446a900d246a80071
:10494000d466a900d266a800d486a900d286a800a1
:10495000d4a6a900d2a6a8005fe6a8008a60a90094
:104960009a60a8000080fa00000006000200fa0029
:104970000000eb00000f7800160037001e007800e2
:104980006600b900800078000031210000804000fe
:104990008040eb00014878001e0078006600b900f6
:1049a0008000780020312100008040008000eb0072
:1049b000010878001e0078006600b90080007800c9
:1049c00040312100008040008000eb0001087800a9
:1049d0001e0fe8001e007800f70f5000e7ff3400bc
:1049e0000080fa00000006000000fa00000728001e
:1049f000303a88004827ef0000a32000503a880092
:104a000060002000603a88004e27ef005027ef003a
:104a10005627ef005a27ef00f422ef000080fa003b
:104a2000000006000200fa00004f78001e80fb0024
:104a3000603a88004627a8000080fa0000000600bf
:104a40000200fa000100370000000000303a800048
:104a5000610060000000e000fbff32009138800040
:104a6000010f78001e0078000080fa0000000600a8
:104a70000e00fa00200798006147980072479800de
:104a8000034f9800144f9800254f9800364f980018
:104a9000474f98000040eb00004f78007e409000a8
:104aa0000004e00002003a00c0c3b3007047980061
:104ab0002e009000104078000004e0004500320015
:104ac000103c8100e30f500042003a00f6fd020066
:104ad00001000000e14f500020003a00109b8000d0
:104ae0000000e0001d003a005a2002000200000011
:104af000ee40900020d9200001487800ae009000e0
:104b0000f0102300e01902000200000090122300c0
:104b1000fe40900001487800301623009e48900027
:104b20000148780040162300ae4890000148780004
:104b300050162300be4890000148780070162300ec
:104b4000ce4890000148780010002000109b88009b
:104b500010c0b300004f78001e0037000e489000d0
:104b60000004e0001b0032005a2002000200000096
:104b7000e0d92c00f61f020002000000a6fe020091
:104b800001000000ee40900040142300014878002e
:104b9000ae009000a0122300e01902000200000005
:104ba00050142300fe409000014878007016230046
:104bb0008040eb0001487800109b80000000e0007e
:104bc00002003a0000052000109b880010c0b300ce
:104bd000004f7800c0da2c001007980020db2c0072
:104be000100798001e4078000080fa0000000600c0
:104bf0000200fa00881f7800109b80008000eb0004
:104c00006208200003002000820f5000838f5800ac
:104c1000bf053e000060010086003700a700370096
:104c2000dd003700eb003700250137004601370073
:104c3000b7053700b6053700b5053700b4053700ae
:104c4000b305370049013700b10537007a01370055
:104c500065033700ae053700a6033700b003370001
:104c6000ca033700d5033700df033700a805370034
:104c7000a7053700a6053700a5053700a4053700ae
:104c8000a3053700a2053700a1053700a0053700ae
:104c90009f0537009e0537009d0537009c053700ae
:104ca0009b0537009a0537009905370098053700ae
:104cb0009705370096053700e6033700fd033700f8
:104cc0000b043700470437006c04370090053700a9
:104cd0008f0537008e0537008d05370070043700cb
:104ce0008b0537008a0537008905370088053700ae
:104cf00087053700860537008505370084053700ae
:104d000083053700820537007204370086043700b8
:104d100094043700db0437001a0537007c053700a0
:104d20007b0537007a053700790537002405370001
:104d300077053700760537007505370074053700ad
:104d400073053700720537007105370070053700ad
:104d50006f0537006e0537002c0537003605370024
:104d60006b0537006a0537006905370068053700ad
:104d700067053700660537006505370064053700ad
:104d800063053700620537006105370060053700ad
:104d90005f0537005e0537005d0537005c053700ad
:104da0005b0537005a0537005905370058053700ad
:104db00057053700560537005505370054053700ad
:104dc00053053700520537005105370050053700ad
:104dd0004f0537004e0537004d0537004c053700ad
:104de0004b0537004a0537004905370048053700ad
:104df00047053700460537004505370044053700ad
:104e000043053700420537004105370040053700ac
:104e10003f0537003e0537003d053700c501370027
:104e2000de0137004f023700b6023700c0023700fc
:104e3000c7023700f01023008040eb0001487800e3
:104e4000a01223008040eb000148780020d9200008
:104e50008040eb000148780010d920008040eb0032
:104e600001487800f6fd020001000000e14f50000b
:104e700007003a0010d920001040780080407800e8
:104e80000104a00010d92000014878000600370076
:104e900010d9200010407800804078000104a10063
:104ea00010d920000148780041012000d0c0b30093
:104eb00006a30200010000004a0537006016230027
:104ec00011c0b300014878009016230011c0b30050
:104ed0000148780010d92000104078008040780008
:104ee0000104a10010d920000148780010d9200049
:104ef00010407800804078000114a00010d92000f4
:104f00000148780010d920001040780080407800d7
:104f10000124a10010d920000148780010d92000f8
:104f200010407800804078000134a10010d92000a2
:104f30000148780010d920001040780080407800a7
:104f40000154a10010d920000148780010d9200098
:104f500010407800804078000164a10010d9200042
:104f600001487800e01023008040eb000148780001
:104f700020d9200010407800e24f500003003a0092
:104f8000b0002000109b880016053700300020007c
:104f9000109b880013053700e010230010407800b4
:104fa0008040e800e010230001487800e010230072
:104fb00010407800e94f500003003600b000200098
:104fc000109b88000705370030002000109b8800e8
:104fd00004053700e0102300104078000080fb003b
:104fe000008b8900008b81004600dd00008b89006a
:104ff000008b81001004b000008b89006114230035
:10500000008b81000080e800053623002436230051
:105010008101780012c0b3008000780000cab3009c
:1050200084d702000100000020002000109b8800af
:1050300060142300104078000000fb006100600055
:10504000004078000004e000b70432009201200024
:105050008000eb00601423008e0d020000000000b1
:1050600061142300008b810072004000043623008d
:1050700023362300010178008000780000cab300c5
:105080007818020002000000f01523008040eb00b9
:105090000148780060142300d21a020002000000c8
:1050a0000000e000a2043200e028210041c1b3006a
:1050b0000148780040002000109b8800c904370098
:1050c00060142300104078000004e0001500320056
:1050d00040758100610060000000e00013003a00ac
:1050e000e010230010407800f21023006114230028
:1050f00014d50200000000000004e00006003200a9
:1051000050002000109b8800e0282100a1c0b300bf
:10511000014878000500370020002000109b88001f
:105120000200370020002000109b8800e0282100aa
:10513000104078000004e0007f043a0020002000c6
:10514000109b8800a7043700407581006140600013
:105150000080fb00610060000000e00078043a007d
:1051600020002000109b88009e043700f6fd0200fe
:1051700001000000e14f500027003a0010c4b300c6
:1051800052700200010000009012230010407800cd
:1051900080407800f010230018fe0200010000009b
:1051a000e14f500014003a005a20020002000000b3
:1051b00030db2c00f61f020002000000f0dc2c00a7
:1051c000f61f02000200000050c32200f61f02007a
:1051d0000200000090dd2c00f61f0200020000001b
:1051e00030d920008040eb0001487800d00020003a
:1051f000109b88007b0437005a2002000200000048
:10520000b0dd2c00f61f020002000000c0032000e9
:10521000109b8800730437005a200200020000002f
:1052200090df2c00f61f020002000000c0032000e7
:10523000109b88006b04370020d9200010407800b4
:10524000e24f500015003200a06181006200600052
:105250000000e0000800320092c0b300e1e02c0042
:1052600050d72000aa19020002000000a0618100ae
:105270000010a100a06189009016230011c0b300a6
:105280000148780010d92000104078008040780054
:105290000114a00010d920000148780030d9200066
:1052a00090407800901223001040780080cf50008a
:1052b000130039005a2002000200000080e12c0097
:1052c000f61f0200020000006016230021c0b30098
:1052d00001487800a6fe0200010000003001200015
:1052e000109b880020d9200010407800e24f500029
:1052f00003003200f0fd200011c0b3000148780027
:10530000f0c4220010407800e14f50000e0432003b
:10531000f0c4220010407800e34f500063003a00d0
:1053200010d9200010407800804078000114a100be
:1053300010d920000148780010d9200010407800d2
:10534000804078000124a00010d920000148780096
:1053500020d92000104078000004e000370032001f
:10536000320020008000eb0080db20008e0d020068
:105370000000000080db20000536230024362300d7
:105380008001780032c0b3008101200000cab30060
:1053900084d7020001000000b0db20008040eb0059
:1053a000014878000536230024362300e306210057
:1053b00012c0b300c103200000cab30084d70200aa
:1053c00001000000e0062100104078000004e00029
:1053d00004003200e006210010407800f44f500035
:1053e00003003600e006210051c0b30001487800f8
:1053f0000536230024362300f306210012c0b30033
:10540000d103200000cab30084d7020001000000cd
:10541000f0062100104078000004e0000400320093
:10542000f006210010407800e64f400003003600ef
:10543000f006210001c5b3000148780020d9200002
:10544000104078000004e0000d00320080db2000f6
:10545000104078000004e0000900320040c4b300ae
:10546000527002000100000020082000109b8800fc
:105470009012230031c0b300014878000b003700c0
:1054800080d5200011c0b3000148780000c5b300ea
:10549000c4fe020001000000e0002000109b880014
:1054a000f0c4b3005270020001000000f0c42200fa
:1054b000104078000004e00004003200f0c4220034
:1054c00010407800e64f5000a1033a005a20020035
:1054d00002000000b0e22c00f61f020002000000f3
:1054e000f0c422001040780032c0b300c1c82000d0
:1054f0002eee020001000000c0c82000f61f0200ce
:105500000200000040e42c00f61f02000200000030
:10551000f0102300f61f02000200000090dd2c00b6
:10552000f61f020002000000c0032000109b88004c
:10553000ac03370092c0b300e1e02c0050d720004c
:10554000aa190200020000000000e00003003a0077
:1055500040c4b3005270020001000000410120006d
:10556000d0c0b30006a302000100000020162300f3
:10557000104078008040e9002016230001487800a0
:1055800020162300104078000004e00072033a0067
:1055900020082000109b88009203370020d92000ab
:1055a00010407800e24f50000500320092c0b30076
:1055b000e1e02c0050d72000aa19020002000000f0
:1055c00040c4b300527002000100000020d9200046
:1055d00010407800e14f500026003a0010d920001a
:1055e00010407800804078000134a00010d92000dd
:1055f000014878005a2002000200000060e42c00fc
:10560000f61f02000200000080db2000f61f0200ef
:105610000200000030e52c00f61f0200020000002e
:10562000e00621001044780080db20000aee020032
:1056300001000000004078000841780080407800b8
:1056400080db2000c8000200020000000004e0002f
:1056500005003a005a2002000200000060e52c001c
:10566000f61f02000200000030082000109b880096
:105670005c03370081db2000c0c82000e019020075
:1056800002000000000f7800c0c820001e0040008b
:10569000a1c2b300014878001e0fe8009e00780008
:1056a000c0c8200080804000106d8000004078005d
:1056b00032c0b3002eee0200010000001e0f4000b9
:1056c000c0c820001e00400031c2b300014878006d
:1056d0001e0fe800c0c820001e0040008040eb0004
:1056e000014878005a2002000200000030e62c0039
:1056f000f61f020002000000c0c82000f61f0200d2
:105700000200000030e52c00f61f0200020000003d
:10571000e006210010447800c0c820000aee020014
:1057200001000000004078000841780080407800c7
:10573000c0c82000c8000200020000000004e00011
:1057400005003a005a2002000200000060e52c002b
:10575000f61f02000200000040082000109b880095
:1057600020033700d0628100610060000000e0008b
:10577000fb023a0020d9200010407800e14f500091
:1057800031003a0090122300104078008040e90078
:1057900090122300014878009012230010407800f6
:1057a0000004e0000b003200f00621009040780079
:1057b000201623000148780010082000109b880064
:1057c00041012000d0c0b30006a302000100000088
:1057d0000403370010e72c00801f7800e0e72c005e
:1057e000801f7800c0c820000a0c020000000000e2
:1057f000e4875700c0c82000f61f02000200000026
:1058000080d5200011c0b3000148780000c5b30066
:10581000c4fe020001000000e0002000109b880090
:10582000f0c4b300527002000100000010d9200043
:1058300010407800804078000134a10010d9200089
:1058400001487800e7023700c0c82000a1c2b300b9
:1058500001487800106d80000040780032c0b3002d
:10586000d1c820002eee02000100000000c9200077
:1058700031c2b3000148780010c920008040eb001d
:10588000014878005a2002000200000000e92c00c4
:10589000f61f020002000000c0c82000f61f020030
:1058a0000200000090dd2c00f61f02000200000044
:1058b000e006210010447800c0c820000aee020073
:1058c0000100000000407800084178008040780026
:1058d000c0c82000c8000200020000000004e00070
:1058e00005003a005a2002000200000060e52c008a
:1058f000f61f02000200000040082000109b8800f4
:10590000b8023700d0628100610060000000e00052
:1059100095023a0050082000109b880001fa2000f0
:10592000d0c0b30006a3020001000000ad023700a2
:10593000a6fe02000100000060082000109b880005
:10594000e028210031c0b30001487800a5023700eb
:10595000f0c42200104078000004e00018003a0073
:105960000000eb00109b880010d920001040780048
:10597000804078000154a00010d920000148780030
:1059800010d9200010407800804078000114a10058
:1059900010d920000148780010d92000104078006c
:1059a000804078000124a10010d92000014878002f
:1059b00020c5b300527002000100000089023700c8
:1059c000e0282100104078000004e00068023a005e
:1059d000e028210031c0b30001487800a6fe020093
:1059e000010000007f023700f0c4b30052700200d3
:1059f00001000000f0fd20008040eb00014878002d
:105a0000b06a80000000e0000e003200c00002001a
:105a100002000000b16a8000810f500009003600ca
:105a20005a2002000200000010ea2c00f61f0200bb
:105a300002000000a6fe020001000000000120009c
:105a4000109b8800a0122300104078000004e000a2
:105a5000090032005a20020002000000a0eb2c00d6
:105a6000f61f020002000000a6fe02000100000076
:105a700000012000109b8800f0c422001040780034
:105a80000004e0000d003a0020012000109b880077
:105a90005a20020002000000c0ed2c00f61f020098
:105aa00002000000a3242000d20020008040eb0070
:105ab000b0f12c00d2d802000000000070162300c4
:105ac000104078000004e0002b0232005a2002004f
:105ad0000200000050f22c00f61f0200020000003d
:105ae000a6fe02000100000000012000109b8800bb
:105af0003c023700e028210031c0b30001487800a3
:105b000050ff20008040eb0001487800a6fe020014
:105b10000100000010012000109b880031023700b6
:105b2000f0c42200104078000004e00008003a00b1
:105b300020012000109b88005a2002000200000073
:105b4000d0f42c00f61f02000200000025023700ee
:105b5000e0282100104078000004e00008023a002c
:105b6000e028210031c0b30001487800a6fe020001
:105b70000100000050ff2000104078008040e80045
:105b800050ff20000148780016023700d0c4b3004f
:105b9000527002000100000080d520008040eb0020
:105ba0000148780050ff20008040eb000148780059
:105bb00080022000109b88000a023700e0282100a4
:105bc00031c0b3000148780050ff20008040eb0056
:105bd00001487800a6fe02000100000040012000fc
:105be000109b8800ff013700f0c4220010407800ad
:105bf0000004e00008003a00c0032000109b880069
:105c00005a2002000200000080f62c00f61f02005d
:105c100002000000f3013700e02821001040780066
:105c20000004e000d8013a00e028210031c0b300b0
:105c300001487800a6fe02000100000050ff20008d
:105c4000104078008040e80050ff200001487800b4
:105c5000e401370010d9200010407800804078001f
:105c60000154a00010d920000148780010d920006c
:105c700010407800804078000114a10010d9200065
:105c80000148780010d9200010407800804078004a
:105c90000124a10010d9200001487800e010230061
:105ca0008040eb0001487800a0022000109b880093
:105cb000cc013700e0102300104078008040e8005d
:105cc000e010230001487800e01023001040780025
:105cd000e94f50000300360010032000109b88009d
:105ce000c0013700a0022000109b8800bd013700d2
:105cf000d0c4b3005270020001000000e010230085
:105d0000104078000080fb00008b8900008b810030
:105d10004600dd00008b8900008b81001004b0007c
:105d2000008b890061142300008b81000080e80053
:105d300005362300243623008101780012c0b30009
:105d40008000780000cab30084d702000100000080
:105d500090022000109b88006014230010407800ff
:105d60000000fb00620060000000e00088013200db
:105d7000920120008000eb00601423008e0d0200d1
:105d80000000000061142300008b810072004000bd
:105d900004362300233623000101780080007800b8
:105da00000cab3007818020002000000f0152300ba
:105db0008040eb000148780060142300d21a0200f2
:105dc000020000000000e00073013200b002200079
:105dd000109b8800e028210041c1b30001487800f1
:105de0008001370060142300104078000004e000b8
:105df0001900320040758100610060000000e00081
:105e000017003a00c0000200020000008000780085
:105e1000e01023001040780081017800f210230088
:105e20006114230050d40200000000000004e000d0
:105e300006003200c0022000109b8800e0282100ec
:105e4000a1c0b3000148780005003700900220008f
:105e5000109b88000200370090022000109b8800f1
:105e6000e0282100104078000004e0004c013a00d6
:105e700090022000109b88005a0137004075810075
:105e8000614060000080fb00610060000000e000f5
:105e900045013a0090022000109b88005101370014
:105ea000a0122300104078000004e000030032003c
:105eb00000052000109b88004a0137000000eb001d
:105ec000109b880020c5b300527002000100000042
:105ed00044013700f0fd200011c0b30001487800f4
:105ee00010d9200010407800804078000114a100f3
:105ef00010d920000148780010d920001040780007
:105f0000804078000124a10010d9200001487800c9
:105f1000e01023008040eb0001487800e0032000ff
:105f2000109b88002f013700e010230010407800fc
:105f30008040e800e010230001487800e0102300d2
:105f400010407800e94f5000030036005004200054
:105f5000109b880023013700e0032000109b88007d
:105f600020013700d0c4b3005270020001000000cd
:105f7000e0102300104078000080fb00008b8900b7
:105f8000008b81004600dd00008b8900008b8100c2
:105f90001004b000008b890061142300008b810085
:105fa0000080e800053623002436230081017800b4
:105fb00012c0b3008000780000cab30084d702008a
:105fc0000100000060142300104078008040780039
:105fd00000c8b30080c0600080162300014878002c
:105fe000d0032000109b880060142300104078002c
:105ff0000000fb00640060000000e000ec003200e4
:10600000920120008000eb00601423008e0d02003e
:106010000000000061142300008b8100720040002a
:106020000436230023362300010178008000780025
:1060300000cab3007818020002000000f015230027
:106040008040eb0001487800601423001040780085
:106050000004e000d800320060142300d21a0200cd
:10606000020000000000e000d5003200f003200034
:10607000109b8800e028210041c1b300014878004e
:10608000d800370060142300104078000004e000be
:106090003300320040758100610060000000e000c4
:1060a00031003a003016230090407800401623005b
:1060b0001040780080cf500009003a00f0d820004e
:1060c00090407800a0c5b30080cf5000040032009b
:1060d00011c0b30000042000be69020001000000ee
:1060e00080162300904078005016230090427800dc
:1060f000601623001042780040162300904178007b
:106100003016230010417800e01023001040780082
:106110008143780005437800844278000342780088
:1061200082417800f210230061142300b8d50200e8
:10613000000000000004e00006003200000420001f
:10614000109b8800e0282100a1c0b300014878001e
:1061500005003700d0032000109b880002003700a4
:10616000d0032000109b8800e02821001040780018
:106170000004e00094003a00d0032000109b880047
:106180009800370040758100614060000080fb008e
:10619000610060000000e00002003a00d00320002f
:1061a000109b880092c0b300e1e02c0050d7200083
:1061b000aa190200020000000000e0008400320082
:1061c00010d9200010407800804078000164a000c1
:1061d00010d9200001487800a01223001040780058
:1061e0000004e0000300320000052000109b88003e
:1061f0007c0037000000eb00109b880020c5b30036
:10620000527002000100000076003700a6fe020076
:1062100001000000e028210031c0b30001487800ef
:1062200050ff20008040eb0001487800100520005e
:10623000109b88006b003700f0c4220010407800eb
:106240000004e00023003a00a01223001040780070
:106250000004e00019003200f6fd02000100000019
:10626000e14f50005c003a00401423009040780059
:1062700020d9200001487800701623008040eb00f0
:1062800001487800a1122300f0102300e019020059
:106290000200000050142300904078009012230068
:1062a0000148780010002000109b8800a0122300f5
:1062b0008040eb00014878004a0037000000eb0006
:1062c000109b880020c5b30052700200010000003e
:1062d00044003700e0282100104078000004e0006e
:1062e0003f003a00e028210031c0b30001487800a7
:1062f000a6fe02000100000050ff200010407800c0
:106300008040e80050ff2000014878003500370049
:106310000000eb00109b880020c5b3005270020003
:10632000010000002f003700000000002d003700a2
:10633000000000002b00370000000000290037009b
:106340000000000027003700000000002500370093
:10635000000000002300370000000000210037008b
:10636000000000001f003700000000001d00370083
:10637000000000001b00370000000000190037007b
:106380000000000017003700000000001500370073
:10639000000000001300370000000000110037006b
:1063a000000000000f003700000000000d00370063
:1063b000000000000b00370000000000090037005b
:1063c0000000000007003700000000000500370053
:1063d000000000000300370000000000010037004b
:1063e0000000000050ff200010407800e34f5000f4
:1063f000060036005a2002000200000030f82c008f
:10640000f61f020002000000ffff37004f04780073
:106410000080fa00000006000000fa00403680000c
:106420004400de00614060000080fb00610060000d
:10643000b16e80000100a10001007000b06e880004
:10644000403680004500de00614060000080fb00b7
:106450006100600000004000b16e80000110a100ea
:1064600001007000b06e8800403680004300de00fe
:10647000614060000080fb00610060004200dd00c0
:10648000b16e80000120a10001007000b06e880094
:10649000403680004200de00614060000080fb006a
:1064a000610060004300dd00b16e80000130a1009a
:1064b00001007000b06e8800a06e80004800de0011
:1064c00061406000804078000040eb0018f9020055
:1064d00001000000614060000080fb00610060007e
:1064e0004800dd00b16e80000180a1000100700055
:1064f000b06e8800a06e80004900de006140600040
:106500008040780010c0b30018f9020001000000bc
:10651000614060000080fb00610060004900dd0018
:10652000b16e80000190a10001007000b06e880083
:10653000a06e80004a00de0061406000804078006c
:1065400020c0b30018f902000100000061406000a3
:106550000080fb00610060004a00dd00b16e800039
:1065600001a0a10001007000b06e8800a06e800044
:106570004b00de00614060008040780030c0b30016
:1065800018f9020001000000614060000080fb007b
:10659000610060004b00dd00b16e800001b0a10021
:1065a00001007000b06e8800d198800000192000b2
:1065b000808f500004003200d1988000a01120008c
:1065c000808f50000f003a0090b3200010407800f8
:1065d0006140600061406000614060000080fb003d
:1065e000610060004800dd00b16e80000180a10004
:1065f00001007000b06e88000081200061c0b3000f
:1066000001487800b06e80004800de006140600004
:106610000080fb00610060004a00dd00d133800093
:1066200001a0a10001007000d0338800b06e80008e
:106630004900de00614060000080fb0061006000f6
:106640004b00dd00d133800001b0a10001007000db
:10665000d0338800b06e80004a00de0061406000e8
:106660000080fb00610060004c00dd00d133800041
:1066700001c0a10001007000d0338800b06e80001e
:106680004b00de00614060000080fb0061006000a4
:106690004d00dd00d133800001d0a1000100700069
:1066a000d0338800a06e8000e1406000b06e8000b2
:1066b0006140600080cf500038003a00a06e80003a
:1066c0000000d100e1406000b06e80000000d10009
:1066d0006140600080cf500030003a00a06e800022
:1066e0004200de00e1406000b06e80004200de004b
:1066f0006140600080cf500028003a00a06e80000a
:106700004300de00e1406000b06e80004300de0028
:106710006140600080cf500020003a00a06e8000f1
:106720004800de00e1406000b06e80004800de00fe
:106730006140600080cf500018003a00a06e8000d9
:106740004900de00e1406000b06e80004900de00dc
:106750006140600080cf500010003a00a06e8000c1
:106760004a00de00e1406000b06e80004a00de00ba
:106770006140600080cf500008003a00a06e8000a9
:106780004b00de00e1406000b06e80004b00de0098
:106790006140600080cf50005e00320060b1200098
:1067a000104078000004e000020032006869020036
:1067b00001000000b06e8000614060000080fb00be
:1067c00061006000a16e80000100a1000100700066
:1067d000a06e8800b06e80000000d10061406000b3
:1067e0000080fb006100600000004000a16e80009e
:1067f0000110a10001007000a06e8800b06e800042
:106800004200de00614060000080fb00610060002b
:106810004200dd00a16e80000120a1000100700097
:10682000a06e8800b06e80004300de006140600012
:106830000080fb00610060004300dd00a16e80006d
:106840000130a10001007000a06e8800b06e8000d1
:106850004400de00614060000080fb0061006000d9
:106860004400dd00a16e80000140a1000100700025
:10687000a06e8800b06e80004800de0061406000bd
:106880000080fb00610060004800dd00a16e800018
:106890000180a10001007000a06e8800b06e800031
:1068a0004900de00614060000080fb006100600084
:1068b0004900dd00a16e80000190a1000100700080
:1068c000a06e8800b06e80004a00de00614060006b
:1068d0000080fb00610060004a00dd00a16e8000c6
:1068e00001a0a10001007000a06e8800b06e8000c1
:1068f0004b00de00614060000080fb006100600032
:106900004b00dd00a16e800001b0a100010070000d
:10691000a06e8800709b800051062000810f5000ff
:10692000f302320051062000810f50001f003e008c
:10693000ea0f5000e4013200ea0f50000c003e0064
:10694000e40f500030013200e40f500003003e001d
:106950000000e0004300320099043700e50f5000ca
:106960003b013200e60f5000ba01320094043700b8
:10697000f40f500079023200f40f500005003e0081
:10698000eb0f50002c023200ec0f50004e02320090
:106990008b043700f50f50008b02320041062000b7
:1069a000810f5000be02320085043700c10720006d
:1069b000810f5000c9033200c1072000810f500031
:1069c00014003e0091072000810f50002403320084
:1069d00091072000810f500007003e006106200053
:1069e000810f5000e202320081072000810f500029
:1069f0000a03320072043700a1072000810f500003
:106a000094033200b1072000810f5000a003320030
:106a10006b043700e10b2000810f500008043200a6
:106a2000e10b2000810f500007003e00d10720003d
:106a3000810f5000bb033200e1072000810f50009e
:106a4000f50332005e043700f10b2000810f500087
:106a50000c043200a10f2000810f500021043200ed
:106a60005704370000812000104078000004e00047
:106a70000700320040d9200010407800e24f50005b
:106a800003003a001081200011c0b30001487800d3
:106a9000ae000200020000000004e000c8003a005e
:106aa000f0c42200104078000004e000c4003a0066
:106ab000e0b320008040eb000148780040d920007e
:106ac00010407800e24f50000800320000da200049
:106ad00010407800e14f500027003a0040758100d7
:106ae000610060000000e00023003a000081200007
:106af000104078000004e00019003a0060fb2c0010
:106b0000f61f020002000000e0b3200010407800f1
:106b1000804078000114a000e0b320000148780014
:106b200040d9200031c0b30001487800002b21007b
:106b3000104078008080fb0000042000008060008e
:106b40000000e0000c00320040fc2c00f61f0200a8
:106b50000200000040062000709b880006003700fd
:106b60001081200011c0b3000148780040d92000f6
:106b700041c0b3000148780050d92000104078008f
:106b8000e24f50000800320000da20001040780088
:106b9000e24f50000d003a00407581006100600036
:106ba0000000e00009003a00e0b320001040780047
:106bb000804078000124a000e0b320000148780064
:106bc00050d9200031c0b3000148780060d92000be
:106bd00010407800e24f50000800320000da200038
:106be00010407800e34f50000d003a0040758100de
:106bf000610060000000e00009003a00e0b32000fe
:106c000010407800804078000134a000e0b32000fc
:106c10000148780060d9200031c0b30001487800f5
:106c200070d9200010407800e24f50000800320078
:106c300000da200010407800e44f50000d003a00c8
:106c400040758100610060000000e00009003a002a
:106c5000e0b3200010407800804078000144a0009c
:106c6000e0b320000148780070d9200031c0b300a3
:106c70000148780000da2000104078000004e000ad
:106c80000700320040758100610060000000e000f4
:106c900003003a0000da20008040eb000148780051
:106ca000e0b32000104078000004e0004200320011
:106cb000f0fd200011c0b30001487800f0d820009a
:106cc00090407800a0c5b30080cf5000360032005d
:106cd00040b322009040780010c3b30080cf500032
:106ce0000500320040b322009040780050c3b3004a
:106cf00080cf50002c003a00601b23008040eb0046
:106d000001487800f01a23008040eb000148780029
:106d1000501b230080c0eb000148780000292100af
:106d200081c2b30001487800002b21001040780098
:106d30008080fb0000042000008060000000e00074
:106d400005003a0010fd2c00f61f020002000000b2
:106d500050002000709b8800e080200011c8b30024
:106d600001487800c0362300104078000080fb0006
:106d7000640060000000e0000f003200e0d8200056
:106d8000104078000080fb00640060000000e0001c
:106d90000800320011c0b30010c0b3009a210200f5
:106da0000200000004003700e00b2000709b880008
:106db000010037000000000000000000a8033700b9
:106dc00010c3220010407800e24f50007f033a00c9
:106dd000b0608100620060000000e0007d033200ce
:106de00040d9200010407800e24f50007b033a0069
:106df000f0fd2c00f61f02000200000060002000e1
:106e0000709b880096033700601b230010407800b9
:106e10008040e800601b230001487800601b2300cd
:106e200010407800e94f5000060036004001200075
:106e3000709b8800601b23008040eb0001487800b5
:106e40008703370050002000709b880084033700c0
:106e5000601b2300104078000004e0004d003a0061
:106e6000401823008040eb00014878000060fe00dd
:106e7000601b2300104078000080fb00608d8900bb
:106e8000608d81004600dd00608d8900608d81008d
:106e90001004b000608d8900608d810005362300ec
:106ea00024362300131b230012c0b3008000780097
:106eb00000cab30084d7020001000000101b2300a9
:106ec00090407800e0b320001040780000c06000df
:106ed0000004e00023003200920120008000eb005b
:106ee000a01623008e0d020000000000a116230052
:106ef000608d8100630040000436230023362300a8
:106f0000010178008000780000cab3007818020000
:106f100002000000301823008040eb000148780098
:106f2000a0162300104078000004e0000d0032009d
:106f3000a0162300d21a0200020000000000e000a8
:106f40000800320040182300104078008040e8001c
:106f5000401823000148780070002d00f61f020041
:106f600002000000601b2300104078008040e80011
:106f7000601b230001487800601b2300104078004c
:106f8000e94f5000baff3600601b23008040eb0041
:106f90000148780040182300104078000004e00009
:106fa0000c003200e0d82000104078000080fb0088
:106fb000640060000000e00006003200e0282300ca
:106fc00011c0b30001487800a0c5b3006e7902007b
:106fd00001000000601b2300104078000080fb00cf
:106fe000608d8900608d81004600dd00608d890024
:106ff000608d81001004b000608d8900608d81007b
:107000000536230024362300131b230012c0b300cf
:107010008000780000cab30084d70200010000009d
:10702000101b230090407800e0b32000104078004f
:1070300000c060000004e00003003200a000200057
:10704000709b88000603370040002000709b88007a
:107050000303370040d9200010407800e34f500070
:1070600003003a0040d9200041c0b3000148780035
:1070700040d9200010407800e24f500003003a0051
:1070800040d9200031c0b3000148780040d9200029
:10709000104078000004e000d2023a0080dd2000b9
:1070a00011c0b300014878005ed902000000000062
:1070b000a00f2000709b880050012d00f61f0200d9
:1070c00002000000e6023700920120008000eb0081
:1070d000501823008e0d02000000000051182300fc
:1070e000608d8100720040000436230023362300a7
:1070f000010178008000780000cab300781802000f
:1071000002000000e01923008040eb0001487800f5
:1071100050182300104078000004e0001d003200e9
:10712000608d81000080e8000536230024362300ae
:10713000e31a230012c0b3008000780000cab30035
:1071400084d7020001000000c20020008000eb0094
:10715000f01923008e0d020000000000f119230039
:10716000608d81001002b000053623002436230014
:1071700081017800c2c0b3008000780000cab3006b
:1071800084d7020001000000b01a23008040eb0009
:1071900001487800501b230010407800e14f400068
:1071a0001f003a00920120008000eb00a01623008f
:1071b0008e0d020000000000a1162300608d8100ea
:1071c00063004000043623002336230001017800c9
:1071d0008000780000cab3007818020002000000a6
:1071e000301823008040eb0001487800a0162300ef
:1071f000104078000004e00009003200a0162300cf
:10720000d21a0200020000000000e0000400320078
:10721000601b230090407800501b23000148780039
:10722000b0002000709b88000029210041c1b300fc
:10723000014878008a023700501823001040780077
:107240000004e00014003200f01923001040780020
:107250000004e00010003200407581006100600011
:107260000000e0000e003a00601b23001040780090
:10727000f21923005118230064d20200000000001c
:10728000c0002000709b88000029210041c1b3008c
:107290000148780002003700c0002000709b880081
:1072a00000292100104078000004e0004f023a005d
:1072b000c0002000709b88000029210041c1b3005c
:1072c000014878006602370050182300104078000b
:1072d0000004e00018003200e01a2300104078009b
:1072e0008080fb0000022000008060000000e000c1
:1072f0001100320040758100610060000000e00074
:107300000f003a00601b2300104078005118230042
:1073100034d70200000000000004e0000300320047
:10732000f01a230011c0b30001487800400020008b
:10733000709b88000200370040002000709b88008e
:1073400000292100104078000004e00029023a00e2
:1073500040002000709b880041023700e0fd2000c3
:10736000104078000004e00024023a00f01a2300e4
:10737000104078000004e0000d00320050012000b1
:10738000709b880070c5b3005270020001000000bd
:10739000001b2300c1c3b30001487800813e2000d8
:1073a000f0c0b30006a30200010000002c02370069
:1073b00070022d00f61f020002000000800720006e
:1073c000709b88002602370070c5b300527002001f
:1073d00001000000001b2300104078008040e900fd
:1073e000001b230001487800001b23001040780098
:1073f0000004e000160032005a20020002000000e3
:10740000b0032d00f61f020002000000001b230045
:10741000104078000041eb00c1c820002eee0200b1
:1074200001000000c0c82000f61f0200020000009a
:1074300070042d00f61f020002000000813e2000b3
:10744000f0c0b30006a302000100000007003700ef
:1074500080072000709b88005a2002000200000074
:1074600090042d00f61f020002000000ae00020092
:1074700002000000e34f500008003a00a00f200077
:10748000709b88005a2002000200000080062d0038
:10749000f61f020002000000f1013700f001370082
:1074a00000e823005040880070072d00f61f0200fe
:1074b000020000005ed902000000000083192000d5
:1074c000120020008040eb00400a2d00d2d80200bc
:1074d0000000000050062000709b88000119200069
:1074e000f0c0b30006a3020001000000dc01370079
:1074f000504080000000e00005003a000000eb0072
:10750000709b8800000b2d00f61f02000200000097
:1075100040d9200010407800e34f500003003a00ab
:1075200040d9200041c0b3000148780040d9200074
:1075300010407800e24f500003003a0040d920008c
:1075400031c0b3000148780040d9200010407800d5
:107550000004e000ab013a0060062000709b880048
:10756000e00c2d00f61f020002000000bc013700f5
:10757000504080000000e00005003a000000eb00f1
:10758000709b8800100e2d00f61f02000200000004
:1075900040d9200010407800e34f500003003a002b
:1075a00040d9200041c0b3000148780040d92000f4
:1075b00010407800e24f500003003a0040d920000c
:1075c00031c0b3000148780040d920001040780055
:1075d000e14f50008d013600601b23008040eb001e
:1075e00001487800e0b32000104078008040780027
:1075f0000114a000e0b32000014878005ed9020029
:107600000000000050002000709b8800f00f2d004b
:10761000f61f02000200000091013700501b2300fa
:1076200090407800601b230001487800501b230025
:1076300010407800e14f4000060032009007200023
:10764000709b880000292100e1c1b3000148780047
:1076500083013700a00f2000709b88008001370055
:1076600010c32200104078000004e0000b003a0034
:10767000f0c42200104078000004e00007003a0047
:10768000a0618100620060000000e00003003200a1
:10769000a06181000010a100a061890010d9200024
:1076a000104078000080fb0061006000004078001e
:1076b0000004e00060003200601b230010407800ee
:1076c0000080fb00608d8900608d81004600dd0038
:1076d000608d8900608d81001004b000608d89008c
:1076e000608d81000000e800053623002436230069
:1076f000231b230012c0b3008000780000cab3002f
:1077000084d7020001000000601b230010407800b5
:107710000080fb00608d8900608d81004600dd00e7
:10772000608d8900608d81001004b000608d89003b
:10773000608d81000536230024362300131b2300af
:1077400012c0b3008000780000cab30084d70200e2
:1077500001000000101b2300104078008080fb0017
:1077600000042000008060000000e00004003200ff
:10777000401b230011c0b30001487800030037000c
:10778000401b23008040eb0001487800101b2300c1
:10779000104078008080fb00000220000080600024
:1077a0000000e00004003200301b230011c0b300d1
:1077b0000148780003003700301b23008040eb00b5
:1077c0000148780010112d00f61f02000200000091
:1077d000401b23001042780040182300904178009d
:1077e000601b2300104078000041e800201b2300ac
:1077f00090407800301b2300104078008043eb005d
:107800000443780083427800024278008041eb0014
:107810000141780080407800a016230038a50200be
:10782000010000000029210041c1b3000148780097
:10783000a0072000709b88000029210010407800dc
:107840000004e000f3003a00e00b2000709b880089
:107850000301370010d92000104078000080fb00a1
:10786000620060000000e00002003200b00720006b
:10787000709b880000292100104078000004e0007f
:10788000e6003a00e00b2000709b8800f40037000f
:1078900010d92000104078008080fb0000022000fa
:1078a000008060000000e00002003200a00f200015
:1078b000709b880010d92000104078008080fb0069
:1078c00000042000008060000000e000d5003200cd
:1078d000c0072000709b8800e1003700601b230078
:1078e000104078008040e800601b230001487800c9
:1078f000601b230010407800e94f5000060036005e
:10790000901623008040eb0001487800e00b200037
:10791000709b8800d2003700d0072000709b880041
:10792000cf003700601b2300104078000080fb0070
:10793000608d8900608d81004600dd00608d8900ca
:10794000608d81001004b000608d8900608d810021
:107950000536230024362300131b230012c0b30076
:107960008000780000cab30084d702000100000044
:10797000c0072000709b8800101b230090407800f7
:10798000e0b320001040780000c060000004e00078
:10799000a6003200920120008000eb00a016230018
:1079a0008e0d020000000000a1162300608d8100f2
:1079b00063004000043623002336230001017800d1
:1079c0008000780000cab3007818020002000000ae
:1079d000301823008040eb0001487800a0162300f7
:1079e000104078000004e00092003200a01623004e
:1079f000d21a0200020000000000e0008f003200f6
:107a0000e0072000709b88000029210041c0b300de
:107a100001487800920037000029210010407800ca
:107a20000004e00087003a0090072000709b880067
:107a30000029210021c3b3000148780088003700e5
:107a4000f00b2000709b88000029210031c0b3009a
:107a5000014878005ed9020000000000f0d8200044
:107a600090407800a0c5b30080cf5000770032006e
:107a700011c0b30000042000be6902000100000034
:107a80007700370000292100104078000004e00052
:107a90000400320050d82000104078000004e000bc
:107aa0006c003a00a00f2000709b8800f0fd2000c1
:107ab000104078000004e0006800320090162300b7
:107ac0008040eb000148780093212000f200200064
:107ad0008040eb0000132d00d2d80200000000000f
:107ae0005f00370040d9200010407800e34f50007d
:107af00009003a00e0b32000104078000080fb004d
:107b0000620060000000e0000300320040d9200065
:107b100041c0b3000148780050d9200010407800df
:107b2000e34f500009003a00e0b320001040780015
:107b30000080fb00640060000000e00003003200f1
:107b400050d9200041c0b3000148780060d920001e
:107b500010407800e34f500009003a00e0b32000e5
:107b6000104078000080fb00680060000000e0002a
:107b70000300320060d9200041c0b3000148780002
:107b800070d9200010407800e34f500009003a00ff
:107b9000e0b32000104078000080fb00700060001f
:107ba0000000e0000300320070d9200041c0b300a3
:107bb000014878000000eb00709b88002800370027
:107bc000a00f2000709b88002500370000000000f7
:107bd00023003700000000002100370000000000f3
:107be0001f003700000000001d00370000000000eb
:107bf0001b003700000000001900370000000000e3
:107c000017003700000000001500370000000000da
:107c100013003700000000001100370000000000d2
:107c20000f003700000000000d00370000000000ca
:107c30000b003700000000000900370000000000c2
:107c400007003700000000000500370000000000ba
:107c500003003700000000000100370000000000b2
:107c60000080fa00000006000200fa006000b80080
:107c7000509d8800619d88000000eb00709d880089
:107c80006000b800809d8800919d88000080eb0016
:107c90008080eb00a09d8800b19d88000000eb0073
:107ca000c09d8800d0a980000070a100d0a98800e4
:107cb000d0a980000050a100d0a98800d0a98000e0
:107cc0000060a100d0a98800505b21008040eb003b
:107cd00001487800505721008040eb0001487800af
:107ce000d0a980000080a100d0a98800d0a9800080
:107cf0000090a100d0a988000000eb00b0c188006e
:107d00000000eb00d0c188006000b800e0c188002e
:107d1000f1c18800c05321008040eb000148780089
:107d20006000b800f0a9880001aa88002054210052
:107d30008040eb00014878000080eb008080eb0081
:107d4000c09b8900d19b890000e021008040eb00ae
:107d5000014878000040eb00004f78000900370030
:107d60009e80fb00e00220000088b90080007800bf
:107d700000842100008040008040eb000148780032
:107d80001e4fe8001e407800ff4f5000f4ff360001
:107d90000080fa00000006000400fa0010079800b6
:107da0000040eb00004f78001000370000e0210099
:107db000104078008080fb009e81fb001e80fb004d
:107dc0001e0190000000410010417800e0022000f8
:107dd0000088b90000007800830040000084210082
:107de00000804000024878001e4fe800c0c2b30087
:107df0009e40780080cf500006003e001e80fb00b1
:107e00009e00900000804000104078000004e000d8
:107e1000e6ff3a0000e02100104078008080fb007f
:107e20001e81fb00e00220000088b90000007800fd
:107e30008200400000842100008040008040eb0070
:107e40000148780000e02100104078000080fb002d
:107e50008000e800f0012800008060000000e000e1
:107e600004003d000000e90001fe2f0000807000ca
:107e70000000e8008040780000e021000148780020
:107e80000080fa00000006000200fa00a0132d0096
:107e9000f61f0200020000000040eb00004f7800d7
:107ea0002100370000e02100104078008080fb00b6
:107eb0001e80fb0000804000004078007f40600092
:107ec000104798001e4090008080fb00e0022000d8
:107ed0000088b90080007800604920008080400060
:107ee000a03a210000804000104078000004e0002b
:107ef0000c003200028421001e4090008080fb00b4
:107f0000e00220000088b900000078000000410075
:107f1000f61f02000200000060172d00f61f02008d
:107f2000020000001e4fe8001e407800ff4f500086
:107f3000dcff360080172d00f61f02000200000053
:107f40000080fa00000006000600fa00008fbe0064
:107f5000220798001e00be00c001dd0002002000c4
:107f60002e0090008000eb00000071008180710005
:107f70000080fa00000006000200fa00004f7800be
:107f8000f0c2b3009e40780080cf5000070036005a
:107f900090c3b3009e40780080cf500003003e00a5
:107fa00000cdb3001e4040001700370000c4b300ee
:107fb0009e40780080cf50000700360060c4b300b8
:107fc0009e40780080cf500003003e0090ccb3006c
:107fd0001e4040000c00370000c6b3009e407800f1
:107fe00080cf50000700360060c6b3009e40780086
:107ff00080cf500003003e0090cab3001e404000f6
:108000000100370000c0eb000080fa00000006000d
:108010000400fa00100798001e009000104078003d
:10802000d5ff0700004f78001e0090000000e80018
:1080300010407800d0ff0700104798001e407800dd
:10804000e14f4000030032001e409000e14f40002d
:1080500002003a0000c0eb00050037001e80fb0064
:108060004400dd00804078001e40900000c0700099
:108070000080fa00000006000a00fa0030079800ad
:10808000410798003e029000ce02900000802f0031
:10809000f1ff2f00040378000502780080027800c9
:1080a0008100780005006300810062008101780092
:1080b00000017800028fbe00c09b8100d19b81002f
:1080c0001e01be00800f5100818f590002003a004e
:1080d0000040eb002d00370030002400003b8800fa
:1080e0001e007800103b88001e00be004008de0025
:1080f00080007800f007200000806000203b8800ae
:10810000110480002107980083e0a900000000000e
:108110000000000050052000303b8800a00a20002d
:10812000303b880061e7a80000000000000000006c
:1081300000000000013b800000002800008060007b
:108140000000e000fbff3a0083e0a8000000000010
:10815000000000002e01900012048800013b800006
:1081600000002200008060000000e00003003200f8
:1081700061a7a90010c0b300040037001e01be00b3
:10818000c29b8900d39b89000040eb000080fa006d
:10819000000006001400fa00881f7800000f980005
:1081a000110f98000e0990009e099000028fbe00ea
:1081b000a30280002307980000002000f1072000a0
:1081c0001e03be00060478000703780080037800d1
:1081d000810078000700640081006300810278005c
:1081e000000278000400be004008de0000007800b5
:1081f000a00288009e007800310798003e009000a1
:108200001000ba00400798003e0090001080ba00ad
:10821000500798002e019000a20288004e009000a6
:108220008000eb0060079800710798005e009000e6
:108230006102b800f00f2000010020000403780064
:108240000502780080027800810078000500630054
:108250008100620081017800000178000200be0008
:10826000c000dd00000020006e019000fe019000c3
:10827000000071008180710060079800710798000c
:108280006e009000fe0090004f0478000080fa001d
:10829000000006004600fa00701f980001279800b1
:1082a00012279800232798007e1990008e219000b5
:1082b000c0ff2f00f1ff2f000203780003017800b8
:1082c0008001780081007800030063008100610074
:1082d0008102780000027800048fbe001e01be00fb
:1082e0002207980033079800220020000300200096
:1082f0003e004100ae8049004007980051079800b9
:108300002e009000be009000a2ff070060079800ba
:10831000710798004e009000de0090009dff07005e
:10832000000f9800110f9800020220000e0141007a
:108330006e009000fe009000809fbe00c0182d00cf
:10834000801f780002007800f00b0200000000009f
:10835000e6875700000220000e004000f61f0200d2
:10836000020000001e219000ae21900062079800dc
:108370007307980010002400003b88001e0078005e
:10838000103b88001e00be004008de008000780020
:10839000f007200000806000203b8800a3028000de
:1083a000230f9800a00f2000a0028800ee0090008c
:1083b000310f98006e009000fe0090004008de0033
:1083c00080007800f00f200000806000400f9800cf
:1083d0000000eb00be0890000108bb000000eb00ad
:1083e000ce0890000188bb000e099000320f980063
:1083f0000e0890009e0890004008de008000780083
:10840000f00f200000806000400f98002000200046
:10841000be0890000108bb0020002000ce0890009c
:108420000188bb00ae099000a302880011048000ff
:10843000510f980083e0a900000000000000000038
:1084400050052000303b8800a00a2000303b880007
:1084500061e7a8000000000000000000000000002c
:10846000013b800000002800008060000000e00068
:10847000fbff3a0083e0a8000000000000000000bd
:108480005e09900012048800013b80000000220079
:10849000008060000000e00006003200e0192d00be
:1084a000f61f02000200000061a7a9000000eb0017
:1084b000150037002e009000be00900035ff070029
:1084c000600f9800710f9800020220000e01410019
:1084d0006e089000fe089000809fbe00a01a2d003c
:1084e000801f780002007800f00b020000000000fe
:1084f000e6875700000220000e004000f61f020031
:1085000002000000100020000080fa0000000600b9
:108510001000fa0050079800610798007207980051
:10852000205421008040eb00014878007e0090003c
:108530000000e00005003a002054210011c0b30003
:108540000148780010c0b3006e0037005e00900054
:10855000ee009000c8fe07000004e00005003200b5
:108560002054210021c0b3000148780020c0b3008e
:108570006400370020002400003b8800a102800036
:1085800011079800a00f2000a00288005e00900054
:10859000103b88005e009000ee0090004008de0076
:1085a00080007800f007200000806000203b8800f9
:1085b0000000eb00000f7800260037001e00780056
:1085c0006300b90000007800fe00900000804000c9
:1085d000104078000080fb00200798001e00780003
:1085e0006300b900000078000000e800fe00900081
:1085f00000804000104078000080fb004800dd0053
:10860000ae00900001007000200798001e00780066
:108610006300b900000078000080e800fe009000d0
:1086200000804000104078000080fb003007980078
:108630001e00780000004000ae0090000108bb0062
:108640001e00780000004000be0090000188bb00c2
:108650001e0fe8009e007800f0072000808f500079
:10866000d6ff36009e009000a10288001104800011
:108670004107980083e0a90000000000000000000e
:1086800050052000303b8800a00a2000303b8800c5
:1086900061e7a800000000000000000000000000ea
:1086a000013b800000002800008060000000e00026
:1086b000fbff3a0083e0a80000000000000000007b
:1086c000ce00900011048800013b800000002200d1
:1086d000008060000000e0000600320061a7a900f1
:1086e0002054210031c0b3000148780030c0b300ed
:1086f00004003700205421008040eb00014878003e
:108700000040eb000080fa00000006000a00fa00ba
:10871000400798006000b800008fbe00ce009000b7
:10872000f0ff200000806000200798002e009000dd
:108730008080ea00f0ff2000008060003007980091
:108740002e0090008000eb00008fbe003e009000e5
:108750006101b8004c18dd00c410de00810070001b
:108760004c10dd001e1f70001e9770001e00be0022
:108770000080fa00000006001000fa00001c2d0026
:10878000f61f020002000000013b800000402000b4
:10879000008060000000e0000b003200801d2d0012
:1087a000f61f020002000000c0ff25005104200057
:1087b000008fbe00c0ff2500510020002007980058
:1087c000310798000a003700701e2d00f61f0200c6
:1087d00002000000c0ff250051002000008fbe00f5
:1087e000c0ff2500510420002007980031079800a1
:1087f0000000eb00c5ff07004007980051079800f4
:1088000010002000c1ff0700600798007107980062
:108810004e019000de0190002e009000be009000fe
:108820009cfe07000000e00002003a000000eb00a0
:10883000090037006e019000fe0190001e00be008e
:1088400094fe07000000e00002003a000000eb0088
:1088500001003700100020000080fa000000060030
:108860000600fa00200798002e0090009040780043
:10887000a0c3b30080cf50000200320010c0b3008c
:108880002a00370010002000000f78002000370079
:108890001e007800ae00900000804000104078007c
:1088a00020479800ae409000f0c2b30080cf500047
:1088b00004003400ae40900090c3b30080cf50005d
:1088c00012003400ae40900000c4b30080cf5000ce
:1088d00004003400ae40900060c4b30080cf50006c
:1088e0000a003400ae40900000c6b30080cf5000b4
:1088f00004003400ae40900060c6b30080cf50004a
:108900000200340010c0b300080037001e0fe8005a
:108910001e007800ae0090000080400010407800fb
:108920000004e000daff3a000040eb000080fa00ab
:10893000000006000e00fa00881f7800600798000b
:108940006e00900090407800a0c3b30080cf50002c
:108950000200320010c0b3007d0037006e009000ae
:108960000000e800aafd070040479800ce409000b4
:1089700000c2b30080cf50000200360010c0b30028
:10898000730037006e00900067004000a0fd0700f4
:10899000504798005e409000e54f500002003600be
:1089a00010c0b3006a0037006e0090006300400002
:1089b00097fd07000080fb004804dd006e0090007a
:1089c0006500400092fd07000080fb000800700079
:1089d000300798000040eb00004f78004e409000b8
:1089e0001e4f40003e0090004800de00004078002e
:1089f0001e4f40003e009000004078001e4f400097
:108a00005e4090001e4f40000000eb0010079800f1
:108a10001c0037001e00900000004000690040006c
:108a2000ee0090000080400079fd0700004f9800a4
:108a30009e00900030002800008060000000e000f0
:108a400004003d000000e900c1ff2f00008070001d
:108a50000000e800e30f500005003a000e489000c7
:108a60000004e0000200320010c0b30038003700fc
:108a70000e4890001e4f40001e0090000000e800cd
:108a8000100798004e4090008080fb001e00900070
:108a9000808f5000dfff3c004e4090000080fb00c4
:108aa0000000400069004000ee009000008040009f
:108ab00057fd0700104f98001e40ea00204f980015
:108ac000ae4890001e48900080cf50000200320057
:108ad00010c0b3001e0037004e4090000080fb0025
:108ae000000040006b004000ee009000008040005d
:108af00010407800ea4f5000140032004e409000c1
:108b00000080fb00000040006b004000ee00900081
:108b10000080400010407800ed4f50000b00320004
:108b20004e4090000080fb00000040006b004000c1
:108b3000ee00900000804000104078000004e0004b
:108b40000200320010c0b300010037000040eb000b
:108b50004f0478000080fa00000006000800fa00c8
:108b600020079800614798006e409000e24f500047
:108b7000280036002e0090000000e80024fd0700c9
:108b8000004f780000c2b3009e40780080cf5000b4
:108b90000200360010c0b3001f0037001e407800ee
:108ba000004040006b40400010479800ee409000ad
:108bb0001e40900080cf50000e0039002e00900023
:108bc0005cff07000004e00005003200601f2d007c
:108bd000f61f02000200000020c0b3000e003700a4
:108be0002e0090000e000700204798002e409000b5
:108bf000090037002e009000f61f0200020000005e
:108c000060202d00f61f02000200000010c0b3001b
:108c10000100370010c0b3000080fa000000060019
:108c20006e00fa00889fbe008a9fbe008c9fbe0027
:108c3000503798000040eb00604f98005e30900085
:108c40000000e800f2fc0700704f98005e309000d2
:108c500063004000eefc07000080fb004800dd00e0
:108c6000603798005e30900065004000e8fc070027
:108c70000080fb00ee30900001007000000f9800b3
:108c80005e30900067004000e1fc0700205798002c
:108c90002e5090000004e0001f013a00d1a980008e
:108ca00000082000008060000000e0001a013a0087
:108cb000809d8000919d80000e099000a2fc07001d
:108cc000200f9800310f98002e089000be089000e9
:108cd0008100d1000080d300200f9800310f980050
:108ce0002e099000be099000000020000104200021
:108cf0000200400083804800400f9800510f980008
:108d00004e099000de099000f0ef2500510420008c
:108d1000800f5100818f590013003600c09d8000e4
:108d20000000e0000c003200a09d8000b19d80009a
:108d3000a23b2100f6fd07000004e0000400320021
:108d400090c0b300604f98006e48900078013700e3
:108d50000000eb00c09d8800d0a980000070a0003a
:108d6000d0a98800ec003700a29d8000b39d800050
:108d70000080eb008080eb00800f5100818f590054
:108d800081003200f2a9800003aa8000c0532100b4
:108d9000104078000080fb000000d1000040780007
:108da0000080fb008000eb0002014000838148004e
:108db0004e089000de089000800f5100818f59000e
:108dc00071003200d0a980004900de0061406000df
:108dd0008081fb00f0a9800001aa8000e20220004f
:108de0000e014100831f7800809fbe004e08900056
:108df000de089000809fbe0000222d00801f7800ba
:108e000002007800f00b020000000000ec87570021
:108e1000e00220000e004000f61f020002000000e9
:108e2000c09d80000000e0000c003200a09d80008a
:108e3000b19d8000a23b2100b5fd07000004e000c9
:108e40000400320090c0b300604f98006e4890005c
:108e5000370137000000eb00c09d8800d1a98000d9
:108e600000202000008060000000e00004003a00c4
:108e700030c0b300604f98006e4890002c0137005e
:108e8000d0a980000090a100d0a988000080200017
:108e900001002000600f9800710f9800a29d8000d3
:108ea000b39d800000802f00f1ff2f0002027800a8
:108eb00003017800800178008100780003006200df
:108ec0008100610081067800000678000c00be0079
:108ed00010079800210798004e099000de099000c5
:108ee00000802f00f1ff2f000202780003017800bc
:108ef0008001780081007800030062008100610039
:108f000081057800000578000a00be00001798006f
:108f100011179800110037001e009000ae0090005d
:108f200055fc07000004e00004003200a0c0b300bc
:108f3000604f98006e489000fd0037001e019000c1
:108f4000ae0190006e089000fe0890000200400004
:108f50008380480010079800210798001e019000a8
:108f6000ae0190000e1090009e109000800f5100f6
:108f7000818f5900e8ff36000080eb008080eb0015
:108f8000a09d8800b19d88004e099000de099000e8
:108f9000f2a9880003aa8800c0532100fe4990006e
:108fa00003487800d0a980000090a100d0a98800d3
:108fb0000000eb00000f7800530037009e0078009f
:108fc00063806000e30f50004d003200c09d8000c0
:108fd0000000e0002c003a00a29d8000b39d8000bc
:108fe0000080eb008080eb00800f5100818f5900e2
:108ff00010003a004e099000de09900000f02f00aa
:10900000f1ff2f0002027800030178008001780050
:109010008100780003006200810061008104780013
:10902000000478000800be00a09d8800b19d880063
:1090300006003700a09d8000b19d80000010b000a8
:109040000180b000a09d8800b19d88000000eb0069
:109050003007980008003700be009000a03b2100b8
:109060000080400080c0eb00014878003e00900086
:109070000000e80030079800be009000f0172000c4
:10908000808f5000f4ff3600ca9d80001e007800db
:109090000000400069004000de3090000080400089
:1090a000dbfb0700a13b21008100450080487800e0
:1090b000c09d80000000e800c09d8800c19d800028
:1090c00000182000808f50000e003a00a09d800004
:1090d000b19d8000a23b21000dfd07000004e000cf
:1090e0000400320080c0b300604f98006e489000ca
:1090f0008f0037000000eb00c09d880001003700a2
:10910000000000001e0fe8007e4890000080fb0079
:109110009e0f5000a9ff3e002e5090000004e0007a
:1091200064003a00d1a9800000082000008060009f
:109130000000e0005f0032007e489000e44f5000e5
:109140000500360070252d00f61f02000200000009
:1091500030c0b30076003700809d8000919d800074
:109160000e09900078fb070020179800311798002f
:109170002e109000be1090008100d1000080d3001e
:1091800020179800311798002e119000be11900002
:1091900000002000010420000200400083804800fd
:1091a00040179800511798004e119000de11900062
:1091b000c0ff250051042000800f5100818f59000d
:1091c000020036000040eb00590037006000b80094
:1091d00040079800510798000000eb0060079800d6
:1091e000140037006e00900000004000690040004d
:1091f000de3090000080400085fb07008080fb008f
:109200006e0090004300dd000008dd00cf80de002e
:109210004e019000de01900000007100818071001d
:1092200040079800510798006e0090000000e80089
:10923000600798007e4890008080fb006e009000e0
:10924000808f5000e7ff3c00e20220000e01410049
:109250004e009000de009000809fbe004e109000f7
:10926000de109000809fbe00e0282d00801f780057
:1092700002007800f00b020000000000ea875700af
:10928000e00220000e004000f61f02000200000075
:109290004e019000de0190004e109000de10900014
:1092a000fcfb07000000e0001f003a0010c0b30004
:1092b0001f0037002e509000e44f500013003a007a
:1092c0005e3090006900400051fb07000080fb0009
:1092d0004804dd005e3090006b0040004cfb07004e
:1092e0000080fb0008007000601798006e1090006e
:1092f0008000eb00809d8800919d8800d0a98000af
:109300000090a000d0a98800080037002e509000df
:10931000e14f500005003a00d0a980000050a000a5
:10932000d0a9880001003700000000000040eb00d9
:109330004f06be004f05be004f04be000080fa007d
:10934000000006006401fa00889fbe008a9fbe00ec
:109350008c9fbe00001f9900111f99006000b8008b
:1093600000179800111798006000b80020179800a7
:10937000311798005f003700ae1090001e18910062
:1093800001004000104078000081fb008001eb00ec
:109390000e1090004200dd00000047000003b00006
:1093a0000288be000e109000c200dd000003200005
:1093b0000e004000010040001000be004809dd0022
:1093c000c801de00830171004801dd002e1090000d
:1093d0008000e8001e189100010040001040780055
:1093e0000080fb008000eb000001710081817100b2
:1093f0000e1090004200dd00000047000003b000a6
:109400000288be000e109000c200dd0000032000a4
:109410000e004000010040001000be004809dd00c1
:10942000c801de00830171004801dd002e109000ac
:109430008080e8001e189100010040001040780074
:109440000080fb008000eb00000171008181710051
:109450000e1090004200dd00000047000003b00045
:109460000288be000e109000c200dd000003200044
:109470000e004000010040001000be004809dd0061
:10948000c801de00830171004801dd002e1090004c
:10949000e30040001e1891000100400010407800d9
:1094a0000080fb008000eb000001710081817100f1
:1094b0000e1090004200dd00000047000003b000e5
:1094c0000288be000e1090009e10900061004000c7
:1094d000e080480000179800111798002e109000a7
:1094e000be10900064004000e08048002017980003
:1094f000311798000e1190009e119000f00020008e
:1095000001002000800f5100818f59009aff360022
:10951000850037000e1090009e10900062005000f1
:10952000e0805800c200dd00000320000e00400073
:10953000010040001000be008001d1004f09dd0095
:10954000830371000101d1004f00dd0002037000b0
:109550000e1090009e10900062005000e0805800b5
:10956000c200dd00000320000e00400001004000aa
:109570001000be00c301de004d09dd008304710050
:109580004309de004d00dd000204700008016b009d
:1095900089816b000e1090009e10900062005000b8
:1095a000e0805800c200dd00000320000e004000f3
:1095b000010040001000be00460add004a00de0047
:1095c00000007200ca08de000001690081816900a4
:1095d0000e1090009e10900067005000e080580030
:1095e000c200dd00000320000e004000010040002a
:1095f0001000be0002024000838248000e1090005e
:109600009e1090006f005000e0805800c200dd0006
:10961000000320000e004000010040001000be00ca
:10962000c901dd004709de00830571004909dd003d
:109630004700de00020570000e1090009e109000a2
:109640006f005000e0805800c200dd0000032000e1
:109650000e004000010040001000be00c201de000c
:109660004e09dd00830671004209de004e00dd0078
:10967000020670000c016d008d816d0002379900ab
:10968000133799000e1090009e1090006f0050004c
:10969000e0805800c200dd00000320000e00400002
:1096a000010040001000be00cd09dd004300de00d7
:1096b00000807100c308de000e3191009e319100e0
:1096c0000000690081806900040140008581480034
:1096d0000e1090009e10900070005000e080580026
:1096e000c200dd00000320000e0040000100400029
:1096f0001000be0002014000838148000e1090005f
:109700004200dd00000047000003b0000288be00f8
:109710000e1090009e10900061004000e080480014
:1097200000179800111798000e1190009e119000dc
:10973000f003200001002000800f5100818f5900ac
:1097400074ff36000e18910060229000f022900005
:10975000048fbe000e189100002b9000902b9000fb
:1097600026079800370798000e18910020299000ce
:10977000b029900042079800530798000e189100f6
:10978000402a9000d02a900064079800750798003e
:109790000e189100602b9000f02b9000060f98009f
:1097a000170f98000e189100003190009031900032
:1097b000220f9800330f98000e189100203290006d
:1097c000b0329000440f9800550f98000e18910089
:1097d00040339000d0339000660f9800770f9800c8
:1097e0006000b8000017980011179800ee003700cd
:1097f0000e089000ca00dd001e0890004600de0042
:1098000001007000301f99001e089000ca00dd00a2
:109810000e0890004600de0001007000201f990035
:109820000e089000c500dd001e0890004b00de0011
:1098300001007000501f99001e089000c500dd0057
:109840000e0890004b00de0001007000401f9900e0
:109850002e1a9100be1a91004e1b9100de1b910042
:1098600006016a0087816a000e089000c900de00c8
:109870001e0890004700dd0001007000701f990075
:109880001e089000c900de000e0890004700dd00b1
:1098900001007000601f99006e1a9100fe1a91007d
:1098a00004016900858169006e089000fe0890003f
:1098b00002044000838448000e0890009e08900037
:1098c0002e099000be099000800278000102780005
:1098d000820078000300780081806200000062004e
:1098e00070279900612799006e239100fe23910053
:1098f0000e0890009e0890000080ea008180ea0037
:109900004e099000de099000800278000102780084
:10991000820078000300780081806200000062000d
:10992000102f9900012f99000e2891009e28910078
:1099300000006b0081806b000801400089814800b5
:109940000e109000c200dd0000812d00008040005c
:109950001000be0002014000838148000e109000fc
:10996000c200dd00000320000e00400001004000a6
:109970001000be000200400083804800401798009d
:10998000511798001e007800ce00dd001e009000e8
:109990004200de0001007000102799001e009000b8
:1099a000ce00dd001e0078004200de0001007000e5
:1099b000002799001e007800c300dd001e00900003
:1099c0004d00de0001007000302799001e0090005d
:1099d000c300dd001e0078004d00de0001007000b5
:1099e000202799000e2391009e2391002e229100a2
:1099f000be22910004016b0085816b001e0078007f
:109a0000c600de001e0090004a00dd00010070006c
:109a1000502799001e009000c600de001e0078004e
:109a20004a00dd0001007000402799004e2391009c
:109a3000de23910006046900878469002e019000ee
:109a4000be0190001e00be00800278000102780076
:109a500082007800030078008180620000006200cc
:109a6000302f9900212f99002e2b9100be2b9100b1
:109a70004e019000de0190001e00be0080027800c2
:109a80000102780082007800030078008180620083
:109a900000006200502f9900412f99004e2891003c
:109aa000de28910000036b0081836b002e00900084
:109ab000be0090004e019000de0190008002780010
:109ac0000102780082007800030078008180620043
:109ad00000006200702f9900612f99006e2891009c
:109ae000fe28910000006b0081806b0008004000a0
:109af0008980480060179800711798004e099000ff
:109b0000de099000620f9800730f98002e0a9000f3
:109b1000be0a9000440f9800550f98000e0b90005d
:109b20009e0b9000260f9800370f98006e01900052
:109b3000fe0190004e109000de10900002004000e8
:109b400083804800000f9800110f98004e0190008c
:109b5000de01900062079800730798002e029000c3
:109b6000be02900044079800550798001e03be00ef
:109b700026079800370798004e119000de119000dc
:109b80006e109000fe109000001f410001974900e8
:109b90000e1090009e10900061004000e080480090
:109ba00000179800111798000e1190009e11900058
:109bb000f003200001002000800f5100818f590028
:109bc0000bff36000e189100f020900060209000ee
:109bd0003e014000ae8148000200be000e19910017
:109be00060219800712198000e18910000299000c2
:109bf000902990002e009000be00900002004000ce
:109c0000838048000e1991000029980011299800be
:109c10000e18910020299000b02990004e0090006d
:109c2000de00900002004000838048000e19910081
:109c300020299800312998000e18910040299000a1
:109c4000d02990006e009000fe00900002004000bd
:109c5000838048000e1991004029980051299800ee
:109c60000e18910060299000f02990000e089000d5
:109c70009e08900002004000838048000e19910069
:109c800060299800712998000e1891000031900009
:109c9000903190002e089000be0890000200400015
:109ca000838048000e19910000319800113198000e
:109cb0000e18910020319000b03190004e089000b5
:109cc000de08900002004000838048000e199100d9
:109cd00020319800313198000e18910040319000e9
:109ce000d03190006e089000fe0890000200400005
:109cf000838048000e19910040319800513198003e
:109d00004f06be004f05be004f04be000080fa00a3
:109d1000000006000200fa00000f78001e01780023
:109d20006000b80000219800112198001e02780000
:109d30006000b8006011b80020229800312298001d
:109d400042229800532298001e01780070662e006f
:109d500091a0260060219800712198001e017800d2
:109d600050e82a0071b62b000029980011299800ac
:109d70001e01780020372f00e1c62300202998001b
:109d8000312998001e017800a0532f00f1542a00b9
:109d900040299800512998001e017800f0272500dd
:109da000e110250060299800712998001e017800b3
:109db000c088260051b02900003198001131980068
:109dc0001e017800b09a2d0031f821002031980052
:109dd000313198001e01780090d12c0001be250081
:109de00040319800513198000080fa0000000600d0
:109df0000a00fa00200798003107980042079800ef
:109e00006000b800008fbe00370037002e009000c1
:109e100090209000002090001e017800be0190006c
:109e20000281410012417800ae01900000804100a3
:109e3000024878002e0090009020900000209000b2
:109e400061004000e08048002e0190000021980051
:109e5000112198002e009000002190009021900088
:109e60000004200001002000800f5100818f590064
:109e700019003a002e009000800078002e0090001b
:109e800030fd07002e00900020229000b0229000ac
:109e900040239000d02390000020200001002000eb
:109ea0006011b8000000420081804a0002014b00ae
:109eb00083814b002e0290002022980031229800ce
:109ec00042229800532298002e0190006000b800b2
:109ed00000219800112198001200200003002000aa
:109ee0001e0f41005e9749004e0090008000eb007d
:109ef000be0f5000ae8f5800c4ff3e000080fa0035
:109f0000000006000800fa002007980031079800ba
:109f10002e0090000021900090219000028fbe0042
:109f20002e009000002190009021900070032000ee
:109f300001002000800f5100818f590018003e0061
:109f40002e0090001e00400001c8b30001487800b8
:109f500012002000030020001e0f41005e97490000
:109f6000080037002e0090001e0040008040eb00eb
:109f70000148780012002000030020001e0f41005d
:109f80005e97490070032000010020001e01be0002
:109f9000800f5100818f5900f2ff360020003700fa
:109fa0002e0090001e00400001c8b3000148780058
:109fb00012002000030020001e0f41005e974900a0
:109fc000080037002e0090001e0040008040eb008b
:109fd0000148780012002000030020001e0f4100fd
:109fe0005e974900f0032000010020001e01be0022
:109ff000800f5100818f5900f2ff36002e00900033
:10a00000800078002e009000cefc07002e0090000b
:10a01000820320008000eb008e0d02000000000093
:10a020002e00900020229000b0229000402390004b
:10a03000d02390002e0090000021900090219000ed
:10a040004318dd00cd10de00810070004310dd00fc
:10a050006011b8000000420081804a0002014b00fc
:10a0600083814b002e02900020229800312298001c
:10a0700042229800532298002e009000b0209000b9
:10a0800040219000d0219000202090008040780056
:10a090002e009000717898002e009000b020900063
:10a0a00040219000d0219000202090004800de0048
:10a0b000480add0000007200804078002e00900009
:10a0c000617898002e009000b02090004021900010
:10a0d000d02190002020900001007800804078007e
:10a0e0002e009000517898002e009000b020900033
:10a0f00040219000d0219000202090004808de00f0
:10a100004812dd0000007200804078002e009000b0
:10a11000417898002e009000b020900040219000df
:10a12000d02190002020900002007800804078002c
:10a130002e009000317898002e009000b020900002
:10a1400040219000d0219000202090004810de0097
:10a15000481add0000007200804078002e00900058
:10a16000217898002e009000b020900040219000af
:10a17000d0219000202090000300780080407800db
:10a180002e009000117898002e009000b0209000d2
:10a1900040219000d0219000202090004818de003f
:10a1a000804078002e009000017898002e009000ea
:10a1b000800078002e00900062fc07006000b8006c
:10a1c000008fbe00cb0037001e007800be0090005c
:10a1d000008240002e00900060219000f02190004d
:10a1e0009e00780080ff2f000088b90000007800f2
:10a1f00078004000800278007083120004003b0069
:10a200000603ea000618de008000eb0004003700b9
:10a21000061bdd000510de00000073008518de005f
:10a2200000407800004a78001e007800640040007a
:10a23000be009000008240002e0090000029900097
:10a24000902990009e00780080ff2f000088b900c0
:10a2500000007800780040008002780070831200cf
:10a2600004003b000603ea000618de008000eb0055
:10a2700004003700061bdd000510de00000073003f
:10a280008518de0000407800004a78001e00780043
:10a2900068004000be009000008240002e00900048
:10a2a00020299000b02990009e00780080ff2f00a8
:10a2b0000088b90000007800780040008002780033
:10a2c0007083120004003b000603ea000618de005b
:10a2d0008000eb0004003700061bdd000510de00e7
:10a2e000000073008518de0000407800004a780006
:10a2f0001e0078006c004000be009000008240000c
:10a300002e00900040299000d02990009e007800f7
:10a3100080ff2f000088b90000007800780040001e
:10a32000800278007083120004003b000603ea00fc
:10a330000618de008000eb0004003700061bdd007d
:10a340000510de00000073008518de000040780074
:10a35000004a78001e00780070004000be009000a7
:10a36000008240002e00900060299000f0299000ab
:10a370009e00780080ff2f000088b9000000780060
:10a3800078004000800278007083120004003b00d7
:10a390000603ea000618de008000eb000400370028
:10a3a000061bdd000510de00000073008518de00ce
:10a3b00000407800004a78001e00780074004000d9
:10a3c000be009000008240002e00900000319000fe
:10a3d000903190009e00780080ff2f000088b90027
:10a3e000000078007800400080027800708312003e
:10a3f00004003b000603ea000618de008000eb00c4
:10a4000004003700061bdd000510de0000007300ad
:10a410008518de0000407800004a78001e007800b1
:10a4200078004000be009000008240002e009000a6
:10a4300020319000b03190009e00780080ff2f0006
:10a440000088b900000078007800400080027800a1
:10a450007083120004003b000603ea000618de00c9
:10a460008000eb0004003700061bdd000510de0055
:10a47000000073008518de0000407800004a780074
:10a480001e0078007c004000be009000008240006a
:10a490002e00900040319000d03190009e00780056
:10a4a00080ff2f000088b90000007800780040008d
:10a4b000800278007083120004003b000603ea006b
:10a4c0000618de008000eb0004003700061bdd00ec
:10a4d0000510de00000073008518de0000407800e3
:10a4e000004a780012002000030020001e0f4100e7
:10a4f0005e9749001e01be003000200001002000d0
:10a50000800f5100818f59002fff36000080fa0024
:10a51000000006009600fa00108f9800218f980026
:10a520000e80e800fbfd07001e8890008e0e0200e2
:10a5300000000000000f78001e0178009e88900047
:10a540000e80e8002afe0700110720008e804000e0
:10a550000e80e8006bfe07000000eb00000f7800a3
:10a560001b003700100720000e0040001e004000b6
:10a57000104078008080fb00e00620000e004000c4
:10a58000811f780001912d00811f7800f00b0200df
:10a5900000000000e48757001e0078000000400023
:10a5a000ae88900000804000eee8900001487800fe
:10a5b0001e007800000040000000e800ae88900017
:10a5c00000804000fee89000014878001e0fe8007f
:10a5d0001e007800ff0f5000e2ff34002e8890002c
:10a5e0000004b0008040eb00014878000080fa00d1
:10a5f000000006006e00fa0050379800613798009e
:10a600000000eb00000f78000000eb00100798003e
:10a610005e3090008e0e020000000000ec0f500033
:10a6200073003a003c0037001e007800de309000d6
:10a63000008040009040780000c4b30080cf5000fc
:10a64000120034001e007800de30900000804000d0
:10a650009040780060c4b30080cf50000b003c00f5
:10a660001e007800de30900000804000104078002e
:10a670000042b00080407800640147001e00900056
:10a680000000410001487800080037001e007800f3
:10a69000de30900000804000904078006401470068
:10a6a0001e00900000004100014878001e0090004c
:10a6b0000000e800100798001e0fe8001e00900040
:10a6c000e20f50000c0032001e009000e50f500019
:10a6d000090032001e009000e80f50000600320012
:10a6e0001e009000eb0f5000030032001e0090008f
:10a6f000ee0f500008003a00e40047001e009000f2
:10a7000000804000a1c3b300014878001e00900003
:10a710000000e800100798001e007800de3090006e
:10a7200000804000104078000004e0000400320087
:10a730009e00900030062000808f5000baff340049
:10a74000e40047001e009000008040008040eb00c5
:10a7500001487800360037001e007800de30900097
:10a76000008040009040780000c4b30080cf5000cb
:10a77000120034001e007800de309000008040009f
:10a780009040780060c4b30080cf50000b003c00c4
:10a790001e007800de3090000080400010407800fd
:10a7a0000042b00080407800640147001e00900025
:10a7b0000000410001487800080037001e007800c2
:10a7c000de30900000804000904078006401470037
:10a7d0001e00900000004100014878001e0090001b
:10a7e0000000e800100798001e0fe8000100370085
:10a7f000000000001e007800de3090000080400065
:10a80000104078000004e000040032009e00900038
:10a8100030062000808f5000cfff3400e400470056
:10a820001e009000008040008040eb00014878004e
:10a8300064004700ee30900036ff07000080fa0009
:10a84000000006006800fa0060e7980071e79800d1
:10a8500083998100629981007ee090008000fb0076
:10a860006ee090000000fb00831f7800821f7800dc
:10a87000811f7800801f780040b32c00801f780073
:10a880000e007800f00b020000000000ea8757007d
:10a890000e007800f61f0200020000000080fa009f
:10a8a000000006000200fa00000f78000a003700de
:10a8b0001e007800100078000000e00006003a005a
:10a8c000d0b42c00f61f0200020000006402070052
:10a8d00010c0b3000a003700d02480007f00600061
:10a8e0000000e000f2ff3a00f124800000002400a4
:10a8f000008060000000e000edff3a000040eb0047
:10a900000080fa00000006000200fa00000f780044
:10a910001e007800e3ff0700e14f500002003a00fc
:10a9200010c0b300110037009a04a8000a003700d5
:10a930001e007800100078000000e00006003a00d9
:10a9400070b62c00f61f020002000000440207004f
:10a9500010c0b30005003700d02480006100600003
:10a960000000e000f2ff3a000040eb000080fa0037
:10a97000000006000400fa00004f7800110798005c
:10a980001e009000c7ff0700e14f500002003a0090
:10a9900010c0b3000b0037009e40780061c060001b
:10a9a0000080fb00610060004500dd00d1248000d4
:10a9b0000150a10001007000d02488009a84a800f2
:10a9c0000040eb000080fa00000006000200fa00e0
:10a9d000000f78001e007800b2ff0700e14f500022
:10a9e00002003a0010c0b300030037009aa4a80088
:10a9f0009a84a8000040eb000080fa0000000600e6
:10aa00000200fa00000f78001e007800a5ff070082
:10aa1000e14f500002003a0010c0b30011003700af
:10aa20009a24a8000a0037001e0078001000780061
:10aa30000000e00006003a0020b82c00f61f0200db
:10aa4000020000000602070010c0b3000500370036
:10aa5000d0248000620060000000e000f2ff3a00b5
:10aa60000040eb000080fa00000006000600fa003b
:10aa70002047980031479800220798002e00900048
:10aa800088ff0700e14f500002003a0010c0b300f9
:10aa90001e0037003e409000e14f500005003a0094
:10aaa0002e4090000004a0000080fb00b02488002d
:10aab000030037002e4090000080fb00b024880087
:10aac0002e00900077ff0700e14f500002003a008f
:10aad00010c0b3000d0037002e00900046000700a4
:10aae000004f78001e4078000004e00006003200ad
:10aaf000f0b92c00f61f020002000000d801070088
:10ab000010c0b300010037000040eb000080fa00e5
:10ab1000000006000400fa00004f780011079800ba
:10ab20001e0090005fff0700e14f500002003a0056
:10ab300010c0b300130037001e80fb00b024880053
:10ab40001e00900057ff0700e14f500002003a003e
:10ab500010c0b3000b0037001e0090002600070055
:10ab6000e14f500006003a00c0bb2c00f61f020067
:10ab700002000000ba01070010c0b3000100370056
:10ab80000040eb000080fa00000006000200fa001e
:10ab9000000f78001e00780042ff0700e14f5000d0
:10aba00002003a0010c0b300110037009a44a80018
:10abb0000a0037001e007800100078000000e00056
:10abc00006003a0060bd2c00f61f020002000000e3
:10abd000a301070010c0b30005003700d024800097
:10abe000640060000000e000f2ff3a000040eb006b
:10abf0000080fa00000006000200fa00000f780052
:10ac00001e00780027ff0700e14f50000c003a00bb
:10ac100010c0b300110037001e007800100078004b
:10ac20000000e00007003a0000bf2c00f61f020001
:10ac3000020000008a01070020c0b30007003700af
:10ac400000000000f1248000000028000080600067
:10ac50000000e000f0ff3a000040eb000080fa0046
:10ac6000000006000200fa00000f78001e007800c5
:10ac70000cff0700e14f500002003a0010c0b30083
:10ac8000170037009a64a8000a0037001e007800f9
:10ac9000100078000000e00006003a0060c12c00bf
:10aca000f61f0200020000006d01070010c0b30093
:10acb0000b003700d0248000680060000000e00036
:10acc000f2ff3a001e007800f6fe0700e14f500048
:10acd00002003a0010c0b300010037000040eb0052
:10ace0000080fa00000006000e00fa0020479800dd
:10acf000210798006247980043079800540798007e
:10ad00006507980000000000b0362300104078006e
:10ad10000004e000fcff3a006e009000810c20006f
:10ad2000010878005e00900011c0b300014878006f
:10ad30006e009000dbfe0700e14f500006003a0075
:10ad40005e009000104078008040780070c5b3002d
:10ad5000bcfe07006a0037005e00900021c0b3000f
:10ad6000014878006e009000e7fe0700e14f5000b8
:10ad700006003a005e0090001040780080407800a5
:10ad800070c5b300affe07005d0037005e009000a5
:10ad900031c0b300014878006e0190008040eb00a4
:10ada0002e40900031ff0700e14f500006003a00ae
:10adb0005e009000104078008040780070c5b300bd
:10adc000a0fe07004e0037005e00900041c0b300b7
:10add000014878002e4090008080fb00000a20008f
:10ade000808f50000e003a002e0090004800de00d8
:10adf000004f7800ee0090001e40780045ff0700ed
:10ae0000e14f500006003a005e00900010407800cc
:10ae10008040780070c5b3008afe07003800370014
:10ae20002e00900000407800ee00900039ff0700ef
:10ae3000e14f500006003a005e009000104078009c
:10ae40008040780070c5b3007efe07002c003700fc
:10ae50005e00900051c0b300014878000040eb0054
:10ae6000004f78000f0037001e80fb00ce009000de
:10ae70000080400010407800ee00900025ff0700a1
:10ae8000e14f500006003a005e009000104078004c
:10ae90008040780070c5b3006afe070018003700d4
:10aea0001e4fe8006e4090009e40780080cf50001a
:10aeb000edff39005e00900061c0b30001487800ea
:10aec0006e00900031ff0700e14f500006003a008d
:10aed0005e009000104078008040780070c5b3009c
:10aee00058fe0700060037005e0090008040eb002f
:10aef00001487800b036230051c0b3000148780003
:10af00000080fa00000006000e00fa0020479800ba
:10af1000210798006247980043079800540798005b
:10af2000650798006e009000810c200001087800f1
:10af30005e00900011c0b3000148780000000000de
:10af4000b0362300104078000004e000fcff3a0017
:10af50006e00900053fe0700e14f500006003a00db
:10af60005e009000104078008040780020c5b3005b
:10af700034fe0700a40037005e00900021c0b3003b
:10af8000014878006e0090005ffe0700e14f50001e
:10af900006003a005e009000104078008040780083
:10afa00020c5b30027fe0700970037005e00900021
:10afb00031c0b300014878006e0190008040eb0082
:10afc0002e409000a9fe0700e14f500006003a0015
:10afd0005e009000104078008040780020c5b300eb
:10afe00018fe0700880037005e00900041c0b300e3
:10aff000014878002e4090008080fb00000a20006d
:10b00000808f50000e003a002e0090004800de00b5
:10b01000004f7800ee0090001e407800bdfe070053
:10b02000e14f500006003a005e00900010407800aa
:10b030008040780020c5b30002fe07007200370090
:10b040002e00900000407800ee009000b1fe070056
:10b05000e14f500006003a005e009000104078007a
:10b060008040780020c5b300f6fd07006600370079
:10b070005e00900071c0b300014878006e0090003f
:10b080005ffe0700e14f500006003a005e009000ae
:10b09000104078008040780020c5b300e9fd07002b
:10b0a000590037005e00900081c0b300014878006d
:10b0b0006e01900011c0b3002e4090006bfe07009f
:10b0c000e14f500006003a005e009000104078000a
:10b0d0008040780020c5b300dafd07004a00370041
:10b0e0005e00900091c0b300014878000040eb0082
:10b0f000004f78002d0037006e009000d9fe070049
:10b10000e14f500006003a005e00900010407800c9
:10b110008040780020c5b300cafd07003a00370020
:10b120001e80fb00ce00900000804000a124800023
:10b1300081407800014878001e80fb008000e80014
:10b140006e4090000080fb00808f50000b003a00a2
:10b15000ee00900010c0b30006fe0700e14f500063
:10b1600011003a005e0090001040780080407800a6
:10b1700020c5b300b3fd070023003700ee009000a8
:10b180000040eb00fbfd0700e14f500006003a00d5
:10b190005e009000104078008040780020c5b30029
:10b1a000a8fd0700180037001e4fe8006e40900011
:10b1b0009e40780080cf5000cfff39005e009000a5
:10b1c00061c0b300014878006e0090006ffe070078
:10b1d000e14f500006003a005e00900010407800f9
:10b1e0008040780020c5b30096fd070006003700b8
:10b1f0005e0090008040eb0001487800b0362300ec
:10b2000051c0b300014878000080fa000000060039
:10b210000000fa00da46a9000a003700de46a8005e
:10b2200000052000010020000622020002000000ac
:10b23000de46a900000520000100200006220200d1
:10b2400002000000e0368000680060000000e000be
:10b25000f2ff3200da46a8000080fa000000060083
:10b260000000fa009e24ef0000002800d02488008f
:10b27000c0042000c02488000080fa0000000600fe
:10b280000000fa009be4a9000080fa00000006001c
:10b290000400fa0020479800ae40900000cfb300b1
:10b2a00000cf60001e80fb004400de00004f7800ed
:10b2b0001e4078006a00b90000007800004f780056
:10b2c0002e4090006f406000204798002e40900074
:10b2d0001e4f40001e4078000080fa00000006006b
:10b2e0000800fa002047980021079800624798005c
:10b2f000203623008040eb000148780020cab300cc
:10b30000004f78002e4090000080fb00053623009f
:10b3100024362300ae0190006e419000800078003a
:10b320001e407800f8fe070020362300a800070022
:10b3300010c0b3000080fa00000006000a00fa0006
:10b3400040079800720020008000eb004e00900043
:10b350008e0d0200000000000e00e80072c0b30075
:10b360008000780020c0b300ddff0700e14f5000ef
:10b3700030003a003e409000f043b200c4ff0700a6
:10b38000804078004e009000014878002e409000e8
:10b390000074a100beff0700804078004e009000be
:10b3a000114098001e4090000074a100b8ff0700f3
:10b3b000804078004e009000214098004e40900060
:10b3c000f043b200b2ff0700804078004e009000ca
:10b3d000314098005e409000e74060004e009000d1
:10b3e000514098006e4090007f406000a8ff070029
:10b3f000804078004e009000414098007e409000d0
:10b40000a3ff0700804078004e0090006140980044
:10b410001e4090000004e00003003d0020c0b30087
:10b42000004f78000500370010c0b300004f7800cf
:10b43000020037000040eb00004f78001e4078000b
:10b440000080fa00000006000800fa00204798007b
:10b45000210798006247980020cab300004f780087
:10b460002e4090000080fb00053623002436230088
:10b47000ae0190006e419000800078001e40780080
:10b4800019fe0700203623005100070010c0b3004a
:10b490000080fa00000006000a00fa004007980049
:10b4a0004e0090000000e0002d0032004e009000a1
:10b4b00050409000e64f50000800340072c0b300c6
:10b4c0008e00780020c0b30085ff07004e4090003a
:10b4d000e74060004e009000514098004e00900000
:10b4e0001040780021000700204798004e0090008f
:10b4f000104090001d000700104798004e0090007b
:10b500002040900019000700004f78004e00900086
:10b510003040900015000700304798004e00900022
:10b520005040900011000700404798004e009000e6
:10b53000404090000d000700504798004e009000da
:10b5400060409000090007006047980072c0b30097
:10b550008e00780020c0b300bbff07000100370059
:10b5600010c0b3000080fa00000006000400fa00da
:10b57000204798002e4090008080fb00d0cc2c000b
:10b580000008b8004308de00004f78001e40780035
:10b590004400dd00004f78002e4090000081fb0049
:10b5a000d0cc2c000010b8004308de006a00b900bf
:10b5b0000000780000005100204798002e409000c5
:10b5c0001e4f40001e4078000080fa000000060078
:10b5d0000200fa00000f78001e007800104078008a
:10b5e0000080fb00e50f50002b003200e50f5000fb
:10b5f0000c003c00e20f500018003200e20f500037
:10b6000003003c00e10f50000f0032003b00370008
:10b61000e30f500016003200e40f50001900320012
:10b6200036003700e70f500025003200e70f5000ca
:10b630001e003500e80f500026003200e90f5000d0
:10b64000290032002d00370070c42c00f61f0200c4
:10b650000200000010c0b30029003700c0c52c0054
:10b66000f61f02000200000020c0b30024003700d3
:10b6700020c72c00f61f02000200000030c0b300fb
:10b680001f00370000c92c00f61f02000200000056
:10b6900040c0b3001a00370090ca2c00f61f020009
:10b6a0000200000050c0b30015003700e0cb2c00b2
:10b6b000f61f02000200000060c0b3001000370057
:10b6c00030cd2c00f61f02000200000070c0b30055
:10b6d0000b003700b0ce2c00f61f02000200000065
:10b6e00080c0b3000600370080d02c00f61f020097
:10b6f0000200000090c0b300010037000040eb00e2
:10b700000080fa00000006000c00fa0030079800e4
:10b7100041079800520798000e00e80042c0b300ad
:10b720008000780090c0b300edfe0700e14f5000ac
:10b7300019003a001e4090000074a100d4fe0700da
:10b74000ce009000804878002e4090000074a10048
:10b75000cffe0700be009000804878001e40900099
:10b760000004e000050035002e4090000004e000d9
:10b770000200350010002000010037000000eb003f
:10b78000804078005e0090000148780010c0b3004f
:10b79000004f7800140037004e00900080c0eb008e
:10b7a000014878003e00900080c0eb00014878001e
:10b7b0001e4090000004e000030035002e40900081
:10b7c0000004e00002003d001000200001003700ee
:10b7d0000000eb00804078005e0090000148780097
:10b7e0000040eb00004f78001e4078000080fa0017
:10b7f000000006000200fa0005362300243623006c
:10b800008e01780012c0b3006103200000cab300ab
:10b81000bdfd07001e407800e44f500005003e00cb
:10b820001e4078000004e00002003200e0c1b300d6
:10b83000004f7800c0dc20000536230024362300aa
:10b840008001780022c0b300b101200000cab3001b
:10b85000adfd07001e417800d0dc200010407800cc
:10b8600080407800c0dc2000104078000200070013
:10b870000080fa00000006001000fa00404f980017
:10b88000514f9800624f98000040eb00004f780045
:10b890006e489000e14f500002003e00e0c1b3004e
:10b8a000604f98006e00470012c0b300800078001f
:10b8b000f0c0b300e4fe07006e4890000004e00012
:10b8c0001b00320030c8b300204f98006a004700c8
:10b8d00012c0b30080007800e0c0b300dafe0700b9
:10b8e0001e4078000004a000004f78005a2002009b
:10b8f0000200000010d22c00f61f0200020000001f
:10b900006e489000e50047000041eb002eee02007b
:10b910000100000065004700f61f02000200000061
:10b9200020d32c00f61f0200020000000c0037009c
:10b9300030c8b300204f98006a00470012c0b3001f
:10b9400080007800e0c0b300bffe07005a2002006c
:10b9500002000000c0d32c00f61f0200020000000d
:10b96000de489000b0c3b30080cf50002a003e00f4
:10b970004e489000f74f500027003e005e48900070
:10b98000fafe0700104798004e489000f7fe0700a7
:10b99000204798001e4078000014a000004f780057
:10b9a0005a2002000200000020d62c00f61f0200e0
:10b9b000020000006500470022c0b300800078004c
:10b9c0004e4890002eee0200010000006500470086
:10b9d000f61f02000200000010d72c00f61f020024
:10b9e000020000006500470022c0b300800078001c
:10b9f0005e4890002eee0200010000006500470046
:10ba0000f61f02000200000030d72c00f61f0200d3
:10ba1000020000000900370000c8b300104798007a
:10ba200000c8b300204798005a200200020000001e
:10ba3000f0d72c00f61f02000200000000c8b3007f
:10ba40003047980000c8b300404798000e00e80057
:10ba500042c0b3008000780090c0b3007afe0700b7
:10ba60000040eb00204f98006a00470012c0b3006e
:10ba700080007800d0c0b30073fe070012c0b3008e
:10ba80008e00780010c0b3006ffe07000080fa003f
:10ba9000000006000200fa00881f780012c0b30000
:10baa0008e00780010c0b30070d9020001000000c1
:10bab0000004e000070032001e4078000080fb0018
:10bac0006c0060000000e00002003200fadb0200bf
:10bad00001000000d09b8000ec0f500004003e00ed
:10bae000411f200010c1b30006a3020001000000a6
:10baf000d09b8000eb0f50006a003200eb0f50002b
:10bb00000e003e00e50f50003d003200e50f5000f2
:10bb100005003e000000e0001a003200e10f500076
:10bb200021003200d4023700e60f50003a00320004
:10bb3000ea0f50004c003200cf023700ee0f5000e9
:10bb400084023200ee0f500005003e00ec0f500062
:10bb5000b6003200ed0f5000f9003200c602370087
:10bb600041062000810f5000ad023200810c200000
:10bb7000810f5000b3023200ef0f500081023200fb
:10bb8000bd023700003a230001c5b3000148780028
:10bb900060a120008040eb000148780010002000e8
:10bba000d09b8800c7023700003a2300104078007d
:10bbb0000004e00005003200003a23001040780045
:10bbc0008040e900003a230001487800003a230051
:10bbd000104078000004e00002003a00a0002000bd
:10bbe000d09b880060a12000104078000004e00095
:10bbf000a5023200a0002000d09b8800b1023700cf
:10bc0000003a230081c2b3000148780060002000a0
:10bc1000d09b8800ab02370010c322001040780090
:10bc20000004e00009003a00f0c42200104078004f
:10bc30000004e00005003a00003a230010407800bc
:10bc40008040e900003a230001487800003a2300d0
:10bc5000104078000004e0008d023a00a0002000af
:10bc6000d09b880097023700990207000004e0008b
:10bc700006003200b0002000d09b8800003a23006c
:10bc8000a1c0b300014878008e0237006000200098
:10bc9000d09b8800003a2300a1c0b300014878007f
:10bca000880237008a0207000004e00055003200d5
:10bcb000003a2300104078000004e0004b003a00f6
:10bcc00060b12000104078000004e00072023a00e9
:10bcd000b6e6a800b6c6a800ca06a800ca26a800ec
:10bce0005a20020002000000202b2d00f61f020047
:10bcf0000200000010c0b30046fd02000100000079
:10bd0000aee3a800406381000000d1006140600004
:10bd10000080fb00801f7800202c2d00801f780001
:10bd2000c0c82000f00b020000000000e4875700ac
:10bd3000c0c82000f61f020002000000f059810078
:10bd40000000d100614060008081fb00f05981005b
:10bd5000614060000081fb00f0c4220010407800c8
:10bd60008080fb0010c32200104078000080fb00a0
:10bd7000831f7800821f7800811f7800801f780061
:10bd8000802d2d00801f7800c0c82000f00b02001d
:10bd900000000000ea875700c0c82000f61f02001c
:10bda0000200000062002000e12f2d00c0c820002a
:10bdb000800d020000000000c1c82000c0c82000a3
:10bdc000daa4020000000000f0b32000f61f020019
:10bdd0000200000040302d00f61f020002000000ab
:10bde000c0002000d09b880036023700003a2300b4
:10bdf000104078008040e900003a230001487800b4
:10be00003002370050002000d09b880086fd0200e1
:10be1000010000000004e000210232000040eb00bd
:10be200046fd02000100000026023700280207003c
:10be30000004e0000400320060b1200010407800ef
:10be40000004e0000f0032005a200200020000004f
:10be500060302d00f61f02000200000086fd020087
:10be6000010000000004e000030032000040eb008d
:10be700046fd02000100000050002000d09b880019
:10be80001002370086fd020001000000e14f500063
:10be90000300320010c0b30046fd020001000000a4
:10bea000103c81000000e00006003200103c8100e0
:10beb000e50f500003003200103c8100e60f5000f7
:10bec000f9013a00003a230041c0b300014878006c
:10bed00062002000e12f2d00c0c82000800d02006c
:10bee00000000000c1c82000c0c82000daa4020081
:10bef00000000000f0b32000f61f02000200000066
:10bf000040302d00f61f020002000000c284020033
:10bf10000100000080407800103a230001487800ba
:10bf2000d0002000d09b880010f08000e60f500069
:10bf3000df013a00800c2000d09b8800e10137002f
:10bf4000e30107000004e0000400320060b12000bb
:10bf5000104078000004e0000f0032005a20020078
:10bf60000200000080312d00f61f020002000000d8
:10bf700086fd0200010000000004e0000300320022
:10bf80000040eb0046fd02000100000050002000d0
:10bf9000d09b8800cb013700103c81000000e000fe
:10bfa00006003200103c8100e50f50000300320013
:10bfb000103c8100e60f5000bf013a00003a230018
:10bfc000104078000004e0005c013a00e00020002e
:10bfd000d09b8800a0d520008040eb00014878006d
:10bfe00080d520008040eb000148780090d52000eb
:10bff0008040eb0001487800b66d020001000000af
:10c000006869020001000000fadb02000100000084
:10c01000b6e6a800b6c6a800ca06a800ca26a800a8
:10c020001100200010c1b30006a3020001000000af
:10c030000000eb00707e8800a20120008000eb0071
:10c0400040d720008e0d0200000000000060fe00be
:10c050008000eb00a0322d00daa4020000000000f6
:10c06000f0b32000f61f020002000000f0b3200031
:10c070008040eb0001487800d02a210011c0b300b5
:10c08000014878000000eb00707e8800a0282100a5
:10c09000f1c3b30001487800008120008040eb002c
:10c0a0000148780000000000d11c80000010200032
:10c0b000008060000000e000fbff3200811d800076
:10c0c00000102000008060000000e000f6ff320059
:10c0d0008fa6a800a2c6a800a2e6a9000019200009
:10c0e000e059880040d920008040eb0001487800ea
:10c0f000e0b3200010407800804078000114a100d7
:10c10000e0b3200001487800b0322d00f61f020095
:10c110000200000000000000d11c80000010200080
:10c12000008060000000e000fbff3200811d800005
:10c1300000102000008060000000e000f6ff3200e8
:10c140000060fe000100370000000000d11c8000ec
:10c1500000102000008060000000e000faff3200c4
:10c16000811d800000102000008060000000e000c1
:10c17000f5ff320041048000008020000080600054
:10c180000000e000f0ff3a005104800000002400ad
:10c19000008060000000e000ebff3a0050048000e7
:10c1a000680060000000e000e7ff3a0000000000c7
:10c1b00098e3a800aee3a80000000000602f210073
:10c1c0008040eb0001487800d11c80000010200066
:10c1d000008060000000e00058003200811d8000f7
:10c1e00000102000008060000000e00053003200da
:10c1f0004104800000802000008060000000e0001a
:10c200004e003a00510480000000240000806000cd
:10c210000000e00049003a0050048000680060001f
:10c220000000e00045003a00413780000020200077
:10c23000008060000000e00040003a00a13680006d
:10c2400000042000008060000000e0003b003a0095
:10c250000040fe00602f2100104078000004fb0029
:10c26000a03680004200de00614060008083fb0059
:10c27000a03680004600de00614060000083fb00c5
:10c28000403780004900de00614060008082fb0092
:10c29000500480004300de00614060000082fb002b
:10c2a000500480004e00de00614060008081fb0091
:10c2b000400480004b00de00614060000081fb0014
:10c2c000801d80004800de00614060008080fb002f
:10c2d000d01c80004800de00614060000080fb0050
:10c2e000881f7800871f7800861f7800851f7800d8
:10c2f000841f7800831f7800821f7800811f7800d8
:10c30000801f780090332d00801f7800c0c8200067
:10c31000f00b020000000000f487570060392d0088
:10c32000f61f02000200000000000000c0c820004c
:10c33000f61f0200020000002f003700a036800028
:10c340004600de00614060000083fb004037800053
:10c350004900de00614060008082fb0050048000e4
:10c360004300de00614060000082fb00500480005a
:10c370004e00de00614060008081fb0040048000d0
:10c380004b00de00614060000081fb00801d8000ea
:10c390004800de00614060008080fb00d01c80000f
:10c3a0004800de00614060000080fb00861f7800ce
:10c3b000851f7800841f7800831f7800821f780013
:10c3c000811f7800801f7800503a2d00801f780070
:10c3d000c0c82000f00b020000000000f0875700ea
:10c3e000903e2d00f61f020002000000c0c8200091
:10c3f000f61f0200020000000060fe00f4a402002c
:10c400000100000030d9020001000000d09580003a
:10c41000e10f400003003200d09580000000e800ea
:10c42000d0958800d0338000680060000000e000f4
:10c4300006003200e0958000e10f4000030032006a
:10c44000e09580000000e800e0958800403680001c
:10c45000700060000000e00006003a00f0958000e7
:10c46000e10f400003003200f09580000000e8007a
:10c47000f0958800413680000002200000806000b6
:10c480000000e0000c0032004036800068006000d0
:10c490000000e000080032004036800064006000c8
:10c4a0000000e00004003200b0358000640060004d
:10c4b0000000e00006003a0000968000e10f400016
:10c4c00003003200009680000000e800009688001b
:10c4d00062890200010000008000eb00a0322d0004
:10c4e000daa4020000000000f0b32000f61f0200f2
:10c4f0000200000040302d00f61f02000200000084
:10c50000f0b320008040eb000148780050e12000ab
:10c5100011c0b300014878004006200060998800ef
:10c52000d1988000f00f2000808f500064003a0006
:10c53000e01f2000d098880062003700003a2300f6
:10c54000104078008040e900003a2300014878005c
:10c550005c00370086fd0200010000000004e000de
:10c56000030032000040eb0046fd02000100000025
:10c570000000eb00707e8800f0002000d09b880057
:10c580005000370050e1200011c0b300014878008e
:10c590000000eb00707e8800103a23001040780005
:10c5a0000004e00003003200b01023008040eb00e4
:10c5b000014878005a20020002000000d098800054
:10c5c000801f7800803f2d00801f7800c0c82000a9
:10c5d000f00b020000000000e4875700c0c82000f4
:10c5e000f61f020002000000d1988000b00c20006d
:10c5f000808f500004003a00007d200001002000e0
:10c600008059890091598900e00421009ed90200d7
:10c610000100000050002000d09b88002900370056
:10c62000000000000000000000000000000000000a
:10c6300000000000000000000000eb00d09b88001c
:10c640002000370040412d00f61f020002000000cc
:10c650002ca302000100000083e0a90000000000fc
:10c6600000000000000000000000000000000000ca
:10c670000000fe00130037000000eb00d09b880094
:10c68000000000000f003700000000000d00370020
:10c69000000000000b003700000000000900370018
:10c6a0000000000007003700000000000500370010
:10c6b0000000000003003700000000000100370008
:10c6c000000000004f0478000080fa00000006001f
:10c6d0000200fa0010f08000e10f50000600320066
:10c6e00010f08000e20f50000300320010f08000d4
:10c6f000e30f500002003a000040eb00a3003700b7
:10c70000d1988000f00f2000808f500002003a0086
:10c7100010c0b3009d003700d1988000700e20003b
:10c72000808f500006003600d1988000d00e200087
:10c73000808f500002003e000040eb009300370065
:10c74000d1988000d01f2000808f50000600360056
:10c75000d198800000202000808f500002003e0011
:10c760000040eb0089003700d1988000100f2000b6
:10c77000808f500002003a000040eb008300370039
:10c78000d1988000b0032000808f50000600360052
:10c79000d198800000042000808f500002003e00ed
:10c7a0000040eb007900370041758100000e200049
:10c7b000008060000000e000020032000040eb005a
:10c7c00072003700104080000000e00002003200dc
:10c7d0000040eb006d0037006080200010407800c2
:10c7e0000004e000020032000040eb006700370068
:10c7f000002b2100104078008080fb000004200006
:10c80000008060000000e0000e003200719b80009c
:10c8100040062000808f500008003200719b80008d
:10c8200050062000808f500004003200719b800071
:10c8300060062000808f500002003a000040eb00ac
:10c840005200370050d82000104078000004e0006b
:10c85000020032000040eb004c0037002061220053
:10c86000104078000004e00002003a000040eb00b5
:10c8700046003700509a8000e20f50000200360058
:10c880000040eb0041003700e09a80000000e0002b
:10c89000020032000040eb003c003700109b80009b
:10c8a0000000e000020032000040eb0037003700db
:10c8b000409b80000000e000020032000040eb00de
:10c8c00032003700709b80000000e0000200320060
:10c8d0000040eb002d003700a09880000000e00031
:10c8e000020032000040eb0028003700009c80006e
:10c8f000e10f5000020032000040eb00230037003f
:10c90000c09c80000000e00005003200c09c800058
:10c91000e70f500002003e000040eb001b00370014
:10c920000040eb00004f7800080037001e80fb003d
:10c9300041d9200061407800e54f500002003a00e4
:10c940000040eb00110037001e4fe8001e40780049
:10c95000e34f5000f5ff3600c01023001040780070
:10c960000004e00008003200e0d820001040780009
:10c970000080fb00640060000000e0000200320064
:10c980000040eb000100370010c0b3000080fa0047
:10c99000000006000200fa00609c8000f00f5000ca
:10c9a00006023200f00f500010003e00ec0f500065
:10c9b00007013200ec0f500007003e00e10f50006d
:10c9c00048003200e10f500024003900eb0f500006
:10c9d000f000320016033700ee0f5000a4013200c1
:10c9e000ee0f5000be013e006101370081062000bd
:10c9f000810f500008003e0041062000810f5000ca
:10ca000030003100f40f5000f5013200f50f5000f6
:10ca10004e02320006033700a10c2000810f5000a7
:10ca20009d023200a10c2000810f500004003e0046
:10ca3000910c2000810f50004d023200fc023700a3
:10ca4000b10c2000810f5000dd023200a10f200048
:10ca5000810f5000f3023200f50237000080eb0036
:10ca600030948900f0d8200090407800b02823004e
:10ca70000148780000d9200090407800d028230099
:10ca8000014878008033230090407800c0282300bc
:10ca900001487800c036230010407800e54060006f
:10caa000a028230001487800813e200040c1b30047
:10cab00006a302000100000040062000609c8800e0
:10cac000f4023700017d200040c1b30006a302003c
:10cad00001000000609c80000000e800609c88006d
:10cae000ec023700f02a2100104078000004e0003a
:10caf00009003200f02a21008040eb000148780054
:10cb0000602623008040eb0001487800900c200054
:10cb1000609c8800df023700f02823008040eb0093
:10cb200001487800c036230010407800654f60004f
:10cb3000a0282300104078009e4f50000b003200c8
:10cb40000040eb000031020001000000e14f500006
:10cb500006003a00f028230010407800804078005a
:10cb60000124a000f028230001487800e0282300d9
:10cb7000104078000004e0001c003200c0362300a2
:10cb8000104078000080fb00640060000000e000be
:10cb900016003200c0362300104078008080fb0071
:10cba00000032000008060000000e0000f003a0059
:10cbb000e02823008040eb0001487800f0282300a3
:10cbc00010407800804078000124a000f028230065
:10cbd00001487800f0282300104078008040780059
:10cbe0000134a000f028230001487800b028230079
:10cbf00090407800f0d820001040780080cf50009e
:10cc00000c003a00d02823009040780000d9200082
:10cc10001040780080cf500006003a00116d80006f
:10cc2000708281008080600030948100808f50008d
:10cc30000b0032000040eb00003102000100000058
:10cc4000e14f500006003a00f02823001040780021
:10cc5000804078000104a000f028230001487800fb
:10cc6000c0282300904078008033230010407800d3
:10cc700080cf50000f0032003005230010407800b4
:10cc80000004e0000b003d000040eb00003102001a
:10cc900001000000e14f500006003a00f028230098
:10cca00010407800804078000114a000f028230094
:10ccb00001487800f0282300104078000004e000cc
:10ccc0002f003200509a8000e10f50002c003a00f3
:10ccd000103c8100e30f500029003a0060da200088
:10cce000104078000004e00025003400ae0002008f
:10ccf000020000000004e00021003a00f0c422001d
:10cd0000104078000004e0001d003a00106d800023
:10cd1000409489004194810070828100008060000d
:10cd2000309489008033230090407800c02823008d
:10cd30000148780000d9200090407800d0282300d6
:10cd400001487800f0d8200090407800b0282300f7
:10cd500001487800c036230010407800e5406000ac
:10cd6000a028230001487800c0002000609c8800b3
:10cd7000602623008040eb00014878004502370020
:10cd8000a10f200040c1b30006a302000100000073
:10cd90004002370060262300104078008040e80001
:10cda00060262300014878006026230010407800a8
:10cdb000e94f500003003600a00f2000609c88005f
:10cdc00034023700c0002000609c88003102370028
:10cdd00060262300104078000080fb00109489003a
:10cde000109481004600dd001094890010948100a9
:10cdf0001004b00010948900712623001094810063
:10ce00000080e800053623002436230081017800e5
:10ce100012c0b3008000780000cab30084d70200bb
:10ce20000100000070262300104078008040780048
:10ce30004028230001487800b0002000609c880052
:10ce400040282300104078008080fb000004200070
:10ce5000008060000000e00021003200920120000c
:10ce60008000eb00702623008e0d02000000000001
:10ce700071262300109481007200400004362300c4
:10ce800023362300010178008000780000cab30037
:10ce90007818020002000000002823008040eb0008
:10cea0000148780070262300104078000004e0005c
:10ceb000e301320070262300d21a020002000000b3
:10cec0000000e000e0013200d0002000609c8800fb
:10ced0001029210041c1b30001487800ed0137005d
:10cee000f0282300104078000080fb0068006000fc
:10cef0000000e000d6013200920120008000eb002b
:10cf0000702623008e0d0200000000007126230011
:10cf10001094810072004000043623002336230061
:10cf2000010178008000780000cab3007818020080
:10cf300002000000002823008040eb000148780038
:10cf400070262300104078000004e000c201320087
:10cf500070262300d21a0200020000000000e00048
:10cf6000bf01320040012000609c8800c9013700e9
:10cf700070262300104078000004e00033003200e7
:10cf800040758100610060000000e00031003a005f
:10cf900010c32200104078000004e00004003200ba
:10cfa00010c3220010407800e34f500029003a00df
:10cfb000f0c42200104078000004e00004003200b9
:10cfc000f0c4220010407800e34f500021003a00e6
:10cfd000f0282300104078000080fb006100600012
:10cfe000004078000004e0001500320040282300d3
:10cff000104078008040780000c8b30080c0600016
:10d000004094810001417800800078007026230060
:10d010003664020001000000411f200040c1b3003f
:10d0200006a3020001000000e0002000609c8800d0
:10d0300010292100a1c0b300014878000500370085
:10d04000f0002000609c880002003700b000200043
:10d05000609c880010292100104078000004e00046
:10d0600081013a00b0002000609c880089013700ef
:10d0700040758100614060000080fb00610060003d
:10d080000000e00011003a001029210041c1b30066
:10d090000148780040282300104078000004e00098
:10d0a00003003d0040012000609c88000200370022
:10d0b000f0002000609c8800411f200040c1b300a8
:10d0c00006a30200010000007201370021032000c6
:10d0d00040c1b30006a30200010000006d0137004b
:10d0e00070262300104078000004e0002a0032007f
:10d0f00040758100610060000000e00028003a00f7
:10d1000010c32200104078000004e0000400320048
:10d1100010c3220010407800e34f500020003a0076
:10d12000f0c42200104078000004e0000400320047
:10d13000f0c4220010407800e34f500018003a007d
:10d14000f0282300104078000080fb00620060009f
:10d150000000e0000d00320070262300566402003b
:10d1600001000000411f200040c1b30006a30200df
:10d170000100000000012000609c880010292100af
:10d18000a1c0b3000148780005003700400120002d
:10d19000609c880002003700b0002000609c88007e
:10d1a00010292100104078000004e00030013a000e
:10d1b000b0002000609c8800360137004075810077
:10d1c000614060000080fb00610060000000e00042
:10d1d00029013a0040012000609c88002d013700a1
:10d1e00070262300104078000004e0004a0032005e
:10d1f000e0d82000104078000080fb006400600050
:10d200000000e00044003200f028230010407800c5
:10d210000080fb006c0060000000e0003e00320077
:10d22000c0362300104078000080fb0070006000d2
:10d230000000e00038003a004075810061006000a5
:10d240000000e0003a003a0010c3220010407800cd
:10d250000004e0000400320010c3220010407800f7
:10d26000e34f50002f003a00f0c422001040780035
:10d270000004e00004003200f0c4220010407800f6
:10d28000e34f500029003a00402823001040780066
:10d290000004e00009003d00c1ec2d00c0c82000e2
:10d2a000e01902000200000071262300c0c820001f
:10d2b000e8bd0200000000000800370031ed2d003d
:10d2c000c0c82000e01902000200000071262300ff
:10d2d000c0c8200022b702000000000012c0b30046
:10d2e000f1b320007026230010d2020000000000dd
:10d2f000411f200040c1b30006a30200010000004e
:10d3000050012000609c880010292100a1c0b300ba
:10d310000148780006003700b0002000609c8800bb
:10d32000030037000000000001003700000000008b
:10d3300010292100104078000004e000d0003a00dd
:10d34000b0002000609c8800d2003700407581004a
:10d35000614060000080fb00610060000000e000b0
:10d36000c9003a00b0002000609c8800c900370066
:10d3700060262300104078000080fb001094890094
:10d38000109481004600dd00109489001094810003
:10d390001004b000109489007126230010948100bd
:10d3a0000080e80005362300243623008101780040
:10d3b00012c0b3008000780000cab30084d7020016
:10d3c00001000000702623001040780080407800a3
:10d3d0004028230001487800a00c2000609c8800b1
:10d3e00040282300104078008080fb0000042000cb
:10d3f000008060000000e000230032009201200065
:10d400008000eb00702623008e0d0200000000005b
:10d41000712623001094810072004000043623001e
:10d4200023362300010178008000780000cab30091
:10d430007818020002000000002823008040eb0062
:10d440000148780070262300104078000004e000b6
:10d450000900320070262300d21a020002000000e8
:10d460000000e000040032001029210041c1b30097
:10d470000148780087003700702623008040eb00c9
:10d480000148780083003700702623008040eb00bd
:10d49000014878007f003700702623001040780094
:10d4a0000004e00038003200407581006100600037
:10d4b0000000e00022003a0010c322001040780073
:10d4c0000004e0000400320010c322001040780085
:10d4d000e34f50001a003a00f0c4220010407800d8
:10d4e0000004e00004003200f0c422001040780084
:10d4f000e34f500012003a007126230070ed2d001a
:10d5000094c302000000000012c0b300f1b3200079
:10d510007026230010d2020000000000411f2000ee
:10d5200040c1b30006a3020001000000b00c2000bf
:10d53000609c880010292100a1c0b3000148780038
:10d5400010292100104078000004e00050003a004b
:10d5500060262300104078008040e8006026230009
:10d56000014878006026230010407800e94f500001
:10d5700002003600a00f200001003700900c2000b0
:10d58000609c88004300370060262300104078002c
:10d590008040e800602623000148780060262300d0
:10d5a00010407800e94f500002003600a00f200024
:10d5b00001003700900c2000609c88003500370087
:10d5c00040758100614060000080fb0061006000e8
:10d5d0000000e0000e003a006026230010407800b2
:10d5e0008040e80060262300014878006026230080
:10d5f00010407800e94f500002003600a00f2000d4
:10d6000001003700900c2000609c8800210037004a
:10d610002103200040c1b30006a302000100000066
:10d620001c00370010002000609c880019003700a3
:10d6300010002000609c88000000000015003700ea
:10d640000000000013003700000000001100370048
:10d65000000000000f003700000000000d00370040
:10d66000000000000b003700000000000900370038
:10d670000000000007003700000000000500370030
:10d680000000000003003700000000000100370028
:10d69000000000000080fa00000006000600fa000a
:10d6a000200798000040eb0020479800ae00900053
:10d6b000010f78000d0037002e4090006a00b9007d
:10d6c00000007800204798001e0078001040780085
:10d6d000804078002e40900080c0400000cdb30014
:10d6e00000c04000204798001e0fe8001e00780090
:10d6f00090407800f0c2b30080cf500005003400a5
:10d700001e0078009040780090c3b30080cf500096
:10d71000e9ff34002e4090000080fa00000006006f
:10d720000800fa0030079800be009000110798002a
:10d730001e00900090407800d0c2b30080cf50000f
:10d7400006003a001e0090000000e8001007980054
:10d7500000c0eb00004f78000200370010c0b3009b
:10d76000004f78000040eb00404798001000370061
:10d770004e4090006a00b900000078000040780038
:10d78000404798001e0090001040780080407800cc
:10d790004e40900080c0400000cdb30000c040006b
:10d7a000404798001e0090000000e8001007980015
:10d7b0001e00900090407800f0c2b30080cf50006f
:10d7c000050034001e0090009040780090c3b30024
:10d7d00080cf5000e6ff34001e407800ce4090001d
:10d7e0008180fb000088b9000000780000407800cc
:10d7f0000080fa00000006000800fa0030079800d8
:10d800006000b8001007980021079800be00900043
:10d81000010f78001c0037002e0090006a00b9004c
:10d82000000178001e0090006000b9000000780040
:10d83000000141009e009000a00020000008b800f8
:10d84000010141008200780010079800210798002c
:10d8500010079800210798001e00780010407800fb
:10d860000000fb000003b100cf80de001e0190002d
:10d87000ae0190000200400083804800100798002d
:10d88000210798001e0fe8001e00780090407800e5
:10d89000f0c2b30080cf5000050034001e007800b5
:10d8a0009040780090c3b30080cf5000daff34007e
:10d8b0001e009000ae0090000080fa0000000600fc
:10d8c0000800fa002007980031079800be00900079
:10d8d000010f7800ae009000f0702200808f5000a1
:10d8e000170036002e009000c400de0070342000c7
:10d8f0000008b8004308de00004078000043b00094
:10d90000804078003e009000014878003e00900082
:10d910000000e800300798002e019000c410de00df
:10d92000703420000008b800c308de000071220037
:10d930000088b9000000780000005100200798001e
:10d94000ae009000703e2000808f5000180036001e
:10d950002e009000c300de00500c22000008b8002a
:10d960004408de00004078000043b00080407800aa
:10d970003e009000014878003e0090000000e80062
:10d98000300798002e019000c310de00500c2200da
:10d990000008b800c408de00803e20000088b900fe
:10d9a0000000780000005100200798000a003700ae
:10d9b0003e0090009e007800808f500006003200ec
:10d9c0003e00900001c3b300014878003e00900083
:10d9d0000000e80030079800ae00900030062000fc
:10d9e000808f5000180036002e009000c200de002c
:10d9f000b04721000008b8000100d10000407800c5
:10da00000043b000804078003e009000014878005c
:10da10003e0090000000e800300798002e019000c2
:10da2000c210de00b04721000008b8008100d1001c
:10da3000400620000088b900000078000000510076
:10da4000200798000a0037003e0090009e007800f2
:10da5000808f5000060032003e00900001c3b300ea
:10da6000014878003e0090000000e8003007980070
:10da70002e009000e90f50000d003600ae0090001f
:10da8000d0cc2c000008b8004308de00004078002d
:10da90000043b000804078003e00900001487800cc
:10daa0003e0090000000e800300798000a003700b0
:10dab0003e0090009e007800808f500006003200eb
:10dac0003e00900001c3b300014878003e00900082
:10dad0000000e800300798002e019000d0cc2c0008
:10dae0000010b8004308de006a00b90000007800aa
:10daf00000005100200798002e00900000407800a0
:10db00000043b000804078003e009000014878005b
:10db10003e0090000000e800300798003e009000b2
:10db20008040eb0001487800be0090001e007800a5
:10db300000805000100798001e0090000080fa003e
:10db4000000006000200fa00004f7800f0c2b300a7
:10db50009e40780080cf50000800340090c3b3008e
:10db60009e40780080cf500004003c009e4078002a
:10db700000cdb30000c040000d00370000c4b3006a
:10db80009e40780080cf50000800340060c4b3008d
:10db90009e40780080cf500004003c009e407800fa
:10dba00090ccb30000c04000010037000040eb0003
:10dbb0000080fa00000006000200fa00004f780022
:10dbc0001e4078000004e000060035001e4078008a
:10dbd000e94f500003003c001e4078000043b000b5
:10dbe0000a0037001e407800e94f5000060034005c
:10dbf0001e407800ef4f500003003c001e407800ac
:10dc00007043b0000100370000c3b3000080fa0089
:10dc1000000006000400fa00100798000000eb0066
:10dc2000000f78001e0090000000e00008003200a5
:10dc3000010037001e0fe8001e0078009e009000d3
:10dc400000804000104078000004e000f9ff3a0036
:10dc50001e0078000080fa00000006000a00fa00aa
:10dc60004047980031079800024f9800be0090008e
:10dc7000010f7800ce40900030c6b30080cf500036
:10dc800003003e000e489000e24f5000190036009d
:10dc90004e4090000080fb00c200de00b047210033
:10dca0000008b8000100d100004078000043b00037
:10dcb000804078003e009000014878003e009000cf
:10dcc0000000e800300798004e4090000081fb0003
:10dcd000c210de00b04721000008b8008100d1006a
:10dce000400620000088b9000000780000005100c4
:10dcf000404798004e409000e94f50000e0036001b
:10dd00004e4090008080fb00d0cc2c000008b80072
:10dd10004308de00004078000043b00080407800f7
:10dd20003e009000014878003e0090000000e800ae
:10dd3000300798000d0037003e0090009e007800ec
:10dd4000808f500003003a000e489000e14f5000d1
:10dd5000060036003e00900001c3b3000148780081
:10dd60003e0090000000e800300798004e40900010
:10dd70000081fb00d0cc2c000010b8004308de006e
:10dd80006a00b90000007800000051004047980088
:10dd90004e4090000043b000804078003e0090006c
:10dda000014878003e0090000000e800300798002d
:10ddb0003e0090008040eb00014878003e0090005b
:10ddc000804078001e0078000040780000c05000bd
:10ddd000204798002e4090000080fb000080fa0051
:10dde000000006000e00fa00300798004107980076
:10ddf00052079800434f98003e009000ce009000dc
:10de0000e00f5000e08f58004d0032004e48900067
:10de1000004fe9001e80fb00de0090000080400003
:10de20008040eb0001487800180037001e4fe900e1
:10de30003e009000ce009000a200200003002000d1
:10de400070060200000000001007980021079800eb
:10de50001e80fb00de009000008040009e009000cd
:10de6000814078000143b000014878003e009000f6
:10de7000ce009000a2002000030020005006020007
:10de80000000000030079800410798001e4078000d
:10de90000004e000050032003e009000ce0090003b
:10dea000e00f5000e08f5800e0ff3a001e4078007d
:10deb0000004e0001f0032000040eb001047980013
:10dec0000d0037001e4090000080fb00de00900037
:10ded000008040009e80fb005e01900081004100b8
:10dee00091407800014878001e4090000040e80012
:10def000104798001e4fe8001e80fb00de009000d7
:10df000000804000104078000004e000edff3a007f
:10df10001e4090000080fb00de009000008040006a
:10df20008040eb00014878001e4090000080fb001c
:10df30000b0037004e4890000080fb0008003700bf
:10df40005e00900001c3b300014878005e009000bd
:10df50000000e8008040eb0001487800100020003d
:10df60000080fa00000006000600fa00881f780012
:10df700020479800210798002e4090006f4f6000c6
:10df8000ae40900000cfb30000c060001047980082
:10df90001e4090000080fb004400de001047980007
:10dfa0001e40900004ff0700804078002e00900083
:10dfb000014878002e0090000004e8001e40780020
:10dfc000fdfe0700004c78002e0090000080e80065
:10dfd0008040eb0001487800200020004f047800ca
:10dfe0000080fa00000006000600fa0020079800f2
:10dff0000000eb0010079800ae009000010f7800c1
:10e000000c0037001e0090006a00b9000000780084
:10e01000100798001e007800104078008000fb0078
:10e020001e009000008040000003b100100798001f
:10e030001e0fe8001e00780090407800f0c2b30088
:10e0400080cf5000050034001e007800904078001a
:10e0500090c3b30080cf5000eaff34001e00900050
:10e060000080fa00000006000800fa0060479800ef
:10e070006e4090008080fb000e007800811f7800c9
:10e08000e1ee2d00811f7800f00b0200000000007f
:10e09000e48757000e00780086300200010000007f
:10e0a0000080fa00000006000c00fa0050079800fb
:10e0b000de009000811f7800e0ee2d00801f7800c8
:10e0c0000e007800f00b020000000000e48757000b
:10e0d0000e00780086300200010000000080fa0087
:10e0e000000006000600fa0020079800ae0090002d
:10e0f00011079800030037001e0090000000e800a0
:10e10000100798001e0090009040780000c2b300f5
:10e1100080cf5000f8ff32002200200011ef2d00c8
:10e120001e009000be0e0200000000000000e00093
:10e13000150032002200200041ef2d001e0090004b
:10e14000be0e0200000000000000e0000e003200e1
:10e150001e0090009040780080c7b30080cf500030
:10e16000090032001e0090009040780080c5b30086
:10e1700080cf5000040032001e00900047fd0700d1
:10e18000004f78004a0037001e0090009040780051
:10e1900080c7b30080cf5000050032001e00900001
:10e1a0009040780080c5b30080cf500004003a0052
:10e1b0001e0090000000e8001007980003003700e0
:10e1c0001e0090000080e800100798000040eb005f
:10e1d000004f78002d0037001e4078004400dd001d
:10e1e000004f78001e00900090407800f0c2b3000d
:10e1f00080cf50000b0034001e009000904078004b
:10e2000090c3b30080cf500006003c001e00900079
:10e21000104078009e40400000cdb30000cf400089
:10e22000170037001e0090009040780000c6b30031
:10e2300080cf50000d0034001e0090009040780008
:10e2400060c6b30080cf500008003c001e00900064
:10e25000104078008040780000ceb30000c040003d
:10e26000804078001e009000014878001e00900059
:10e27000104078009e40400090ccb30000cf40009a
:10e280001e0090000000e800100798001e0090009b
:10e29000104078000004e000050032001e009000ed
:10e2a0009040780000c2b30080cf5000caff3a000f
:10e2b0001e4078000080fa00000006000000fa000e
:10e2c0007a46a800609980008000eb00420620009a
:10e2d00003002000820f5000838f5800d1023e00bf
:10e2e0000060010064003700850037008e003700b1
:10e2f000ab003700b4003700d1003700df00370033
:10e30000f8003700010137002a01370033013700d8
:10e3100097013700c3023700c2023700c10237003d
:10e32000c0023700bf023700be023700bd0237000f
:10e33000bc023700bb023700ba023700b90237000f
:10e34000b8023700b7023700b6023700b50237000f
:10e35000b4023700b3023700b2023700b10237000f
:10e36000b0023700af023700ae023700ad0237000f
:10e37000ac023700ab023700aa023700a90237000f
:10e38000a8023700a7023700a6023700a50237000f
:10e39000a4023700a3023700a2023700a10237000f
:10e3a000a00237009f0237009e0237009d0237000f
:10e3b0009c0237009b0237009a023700990237000f
:10e3c000980237009702370096023700950237000f
:10e3d000940237009302370092023700910237000f
:10e3e000900237008f0237008e0237008d0237000f
:10e3f0008c0237008b0237008a023700890237000f
:10e40000880237008702370086023700850237000e
:10e41000840237008302370082023700810237000e
:10e42000800237007f0237007e0237007d0237000e
:10e430007c0237007b0237007a023700790237000e
:10e44000780237007702370076023700750237000e
:10e45000740237007302370072023700710237000e
:10e46000700237006f0237006e0237006d0237000e
:10e470006c02370064023700803223008040eb00da
:10e4800001487800e20020008000eb00a032230069
:10e490008e0d02000000000040e120008040eb00f3
:10e4a00001487800803323008040eb000148780069
:10e4b00050e120008040eb00014878000000eb00b4
:10e4c000907088000000eb00b070880080e12000b0
:10e4d0008040eb00014878007a66a900b6e6a80003
:10e4e000b6c6a900411f200040c0b30006a3020029
:10e4f0000100000010002000609988004c023700e5
:10e5000060c0b30012a5020001000000200020003e
:10e5100060998800a100200040c0b30006a302005b
:10e52000010000004202370020a5020001000000a7
:10e53000d0998900d1998100400220000088b9005b
:10e5400000007800509989005199810080a923002a
:10e55000808f500004003c005199810030902200cf
:10e56000808f500004003c00409981000000a10011
:10e570004099890003003700409981000000a00005
:10e5800040998900a100200040c0b30006a302000a
:10e59000010000003000200060998800240237004c
:10e5a00070c0b30012a5020001000000400020006e
:10e5b00060998800a100200040c0b30006a30200bb
:10e5c000010000001a02370020a50200010000002f
:10e5d000d0998900d1998100400220000088b900bb
:10e5e000000078006099890061998100c00c2100c9
:10e5f000808f500004003c006199810070bb2000b6
:10e60000808f500004003c00409981000010a10060
:10e610004099890003003700409981000010a00054
:10e6200040998900a100200040c0b30006a3020069
:10e63000010000005000200060998800fc013700b4
:10e64000409981000020a0004099890030002000fe
:10e650007099890080c0b30012a50200010000007b
:10e660006000200060998800a100200040c0b30035
:10e6700006a3020001000000ed01370020a5020002
:10e6800001000000d0998900d1998100400220004a
:10e690000088b90000007800809989008199810084
:10e6a000c0762000808f500004003c0081998100da
:10e6b000306a2000808f500004003c0040998100a7
:10e6c0000030a10040998900030037004099810083
:10e6d0000030a000409989007000200060998800f7
:10e6e000d301370050c0b30012a5020001000000a2
:10e6f0008000200060998800a100200040c0b30085
:10e7000006a3020001000000c901370020a5020095
:10e7100001000000d0998900d199810040022000b9
:10e720000088b9000000780090998900d0338000fb
:10e73000680060000000e0000b003a009099810042
:10e74000b099890050e1200010407800e14f50005e
:10e7500003003a0050e1200021c0b30001487800d6
:10e760000000eb0090708800319680009099810045
:10e77000808f500008003d009099810030968800fd
:10e78000e00421001040780012c4b3008240400031
:10e79000a02c21000148780090002000609988009a
:10e7a000a100200040c0b30006a302000100000049
:10e7b0009f01370040c0b30012a502000100000015
:10e7c000a000200060998800a100200040c0b30094
:10e7d00006a30200010000009501370020a50200f9
:10e7e00001000000d0998900d199810040022000e9
:10e7f0000088b90000007800a09989001196800077
:10e80000a0998100808f500008003d00a0998100f0
:10e8100010968800e00421001040780012c4b30074
:10e8200082404000802c2100014878002196800021
:10e83000a0998100808f500008003400a0998100c9
:10e8400020968800e00421001040780012c4b30034
:10e8500082404000902c210001487800a19981005d
:10e8600040902200808f50000500340011c0b3009a
:10e87000200020008c690200010000000800370021
:10e88000a1998100f0702200808f500004003c00ac
:10e8900011c0b30020002000be690200010000008a
:10e8a0009199810080af2200808f500005003400d4
:10e8b00011c0b300800020008c690200010000003c
:10e8c0002400370091998100f07c2000808f500057
:10e8d00020003c00e0042100104078008000fb0094
:10e8e00020d72000104078000080fb00808f50006f
:10e8f0000d003500e0042100104078008000fb008e
:10e9000030d72000104078000080fb00808f50003e
:10e9100005003d0011c0b30080002000be69020068
:10e92000010000000b003700e0d820001040780004
:10e930008080fb0000042000008060000000e000f8
:10e940000400320011c0b30080002000be69020044
:10e9500001000000b000200060998800a1002000a4
:10e9600040c0b30006a302000100000030013700e0
:10e9700050e1200010407800e24f50001d003600aa
:10e9800050e120008040eb00014878000000eb00df
:10e990009070880080e12000104078000004e000c2
:10e9a000140032005a20020002000000c0b92d00fd
:10e9b000f61f02000200000081e1200000bb2d00d4
:10e9c000e4b40200000000000041eb00f1b32000bd
:10e9d00080e1200010d2020000000000f0b320000f
:10e9e0008040eb000148780080e120008040eb008f
:10e9f0000148780050e1200010407800e24f5000bc
:10ea000003003a0050e1200031c0b3000148780013
:10ea1000819b8100909b8100808f500021003900f4
:10ea2000400d2300809b890000372300053623001a
:10ea3000243623008001780022c0b300f12e20008c
:10ea400000cab30074d6020001000000006b23006e
:10ea5000909b8900203723000536230024362300ad
:10ea60008001780022c0b300112f200000cab3003b
:10ea700074d6020001000000401f2000a09b890006
:10ea80004037230005362300243623008001780018
:10ea900022c0b300312f200000cab30074d6020098
:10eaa0000100000040e12000104078000080fb00e1
:10eab000e10f50004b003200e20f5000a90032007d
:10eac0000000e000c0003a00a099810080007800ba
:10ead000809b8100808f50000b0031009099810055
:10eae00080007800a099810000017800a09b81003f
:10eaf00000004100808f500003003600b07080009d
:10eb00000000e00003003d00b07080000000e00065
:10eb10001b0034008033230011c0b300014878008b
:10eb20007a66a800b6e6a900b6c6a80040e12000b3
:10eb300011c0b3000148780060372300104078000e
:10eb40000081fb0091998100a0998100821f7800cb
:10eb5000811f7800801f780050bb2d00801f780037
:10eb6000c0c82000f00b020000000000e88757003a
:10eb7000c0c82000f61f0200020000000600370097
:10eb80007a66a900b6e6a800b6c6a90080332300bd
:10eb90008040eb000148780050e1200010407800f0
:10eba0000004e0008c0032007a66a900b6e6a800f6
:10ebb000b6c6a90040e1200021c0b300014878009a
:10ebc000b201200091bd2d00c0c82000800d0200c0
:10ebd00000000000c0c82000f61f02000200000074
:10ebe000820037007a66a800b6e6a900b6c6a8007b
:10ebf000b07080000000e0002b003500b070800095
:10ec00000000e00044003a00603723001040780024
:10ec10000080fb00610060000000e0003e003a0060
:10ec2000a099810080007800909b8100808f500027
:10ec300004003e0091998100a0998100808f5000ce
:10ec400006003c0060372300104078000080fb0085
:10ec5000620060000000e00013003200a099810013
:10ec600080007800909b8100808f500008003e005b
:10ec7000b1998100a0998100808f50000400340078
:10ec80009199810080382100808f500022003c0043
:10ec900060372300104078000080fb0062006000b5
:10eca0000000e0001c003200803323008040eb00b5
:10ecb000014878007a66a900b6e6a800b6c6a900a1
:10ecc00040e120008040eb000148780060372300dd
:10ecd000104078008081fb00b299810091998100f9
:10ece000a0998100831f7800821f7800811f78001f
:10ecf000801f780040bf2d00801f7800c0c8200012
:10ed0000f00b020000000000ea875700c0c8200096
:10ed1000f61f02000200000050e1200010407800c1
:10ed20000004e0002e0032007a66a900b6e6a800d2
:10ed3000b6c6a90040e1200021c0b3000148780018
:10ed4000b2012000f1c12d00c0c82000800d0200da
:10ed500000000000c0c82000f61f020002000000f2
:10ed6000220037007a66a900b6e6a800b6c6a90058
:10ed700050e12000104078000004e0001a003a0042
:10ed80007a66a800b6e6a900b6c6a80040e1200051
:10ed90008040eb0001487800b0998100801f780026
:10eda000a0c32d00801f7800c0c82000f00b020017
:10edb00000000000e4875700c0c82000f61f0200d2
:10edc000020000000900370040e120008040eb0015
:10edd00001487800050037000000000003003700fc
:10ede00000000000010037000000000010002000bb
:10edf00060998800813e200040c0b30006a3020055
:10ee0000010000000a00370010002000609988000f
:10ee1000a100200040c0b30006a3020001000000d2
:10ee2000030037000000eb0060998800000000003c
:10ee30000080fa00000006000200fa00004f78008f
:10ee4000114798001e80fb0041d9200061407800e6
:10ee50000080fb00e40f50005c003200e40f500023
:10ee60000c003c00e10f500028003200e10f500080
:10ee700003003c000000e0000f003200cc0037002f
:10ee8000e20f500030003200e30f50003600320035
:10ee9000c7003700e60f500093003200e60f500025
:10eea00054003500e70f50009d003200e80f50007d
:10eeb000ad003200be0037001e4090000004e000ac
:10eec00005003a001e80fb0041d9200012c0b300ab
:10eed00082707800d40037001e407800e34f500065
:10eee000be003a00116d8000000820000080600024
:10eef0000000e000bb00320011c0b3000008200099
:10ef00008c69020001000000c70037001e4090001d
:10ef10000004e00004003a001e80fb0041d92000fc
:10ef200022c0b300827078001e409000e14f500074
:10ef3000ae003a001e80fb0041d920000041eb00ea
:10ef400082707800b80037001e409000e14f5000fa
:10ef5000a8003a001e80fb0041d920000041eb00d0
:10ef600082707800b00037001e407800e34f5000f8
:10ef700009003a00116d8000000820000080600048
:10ef80000000e00004003a0011c0b30000082000b7
:10ef9000be690200010000001e407800e24f5000f0
:10efa00096003a00116d8000004020000080600053
:10efb0000000e00093003a0011c0b30000402000c0
:10efc000be69020001000000970037001e80fb00b0
:10efd00081d9200000004000008040008000eb004c
:10efe000010878001e80fb0041d9200052c0b30008
:10eff000827078001e409000e14f50000b003a00f4
:10f000001e80fb0041d920000041eb008270780097
:10f010001e80fb0081d920000000400000804000dd
:10f020008000eb00010878007f0037001e40780068
:10f03000e34f500009003a0011c0b300000820005f
:10f04000be690200010000001e80fb0041d92000c3
:10f0500072c0b30082707800730037001e407800e1
:10f06000e24f500009003a0011c0b30000402000f8
:10f07000be690200010000001e80fb0041d9200093
:10f0800082c0b30082707800670037001e80fb00ea
:10f0900082d920008000400081004100910078006a
:10f0a0008100e80082d920000000400000004100fb
:10f0b000010878001e80fb0081d92000000040007c
:10f0c0000080400090007800007d2000808f50007c
:10f0d0004e0036001e80fb0041d9200062c0b30004
:10f0e00082707800500037001e409000e14f5000c1
:10f0f00048003a001e80fb0041d920000041eb008f
:10f10000827078001e80fb0081d920000000400042
:10f11000008040008000eb000108780042003700ca
:10f120001e409000e14f50003c003a001e80fb0062
:10f1300041d920000041eb00827078001e80fb0066
:10f1400081d9200000004000008040008000eb00da
:10f150000108780011c0b300000820008c6902008b
:10f1600001000000300037001e409000e14f5000c9
:10f170002c003a001e80fb0041d920000041eb002a
:10f18000827078001e80fb0081d9200000004000c2
:10f19000008040008000eb000108780011c0b3003f
:10f1a000004020008c690200010000001e003700b2
:10f1b0001e80fb0041d920000041eb0082707800e6
:10f1c0001e80fb0081d9200000004000008040002c
:10f1d0008000eb00010878001300370000000000f9
:10f1e00011003700000000000f0037000000000091
:10f1f0000d003700000000000b0037000000000089
:10f200000900370000000000070037000000000080
:10f210000500370000000000030037000000000078
:10f2200001003700000000000080fa000000060026
:10f230000400fa0020479800314798000040eb0096
:10f24000004f78002e409000e34f500005013e0033
:10f250006039230081c0b30001487800106d800040
:10f260000000e00007003a00c0362300104078009c
:10f270000080fb0061006000004078000004e000b6
:10f28000060032006039230010407800804078008a
:10f290000124a000603923000148780010d9200023
:10f2a000104078000080fb006a0060000000e00071
:10f2b0000400320020d9200010407800e24f5000b6
:10f2c0000a003a009016230010407800e14f5000e9
:10f2d00006003200409b80000000e0001600320073
:10f2e000409b8000e80f500013003e00603923006f
:10f2f00010407800804078000104a00060392300ad
:10f300000148780020312300104078000004e0001c
:10f3100009003a009016230010407800e14f500099
:10f3200005003a002031230021c0b30001487800d5
:10f3300010002000c09c880010d9200010407800e8
:10f340000080fb00640060000000e000100032005c
:10f3500010d92000104078000080fb006800600099
:10f360000000e0000a003a0020d920001040780098
:10f37000e24f500006003200603923001040780050
:10f38000804078000114a000603923000148780013
:10f39000409b8000e60f500012003a0060392300c5
:10f3a00010407800804078000114a00060392300ec
:10f3b000014878002e4090000080fb004200dd00f4
:10f3c0000080e800d1db200061407800e14f500070
:10f3d00007003a007039230011c0b30001487800db
:10f3e00003003700703923008040eb0001487800ab
:10f3f000c0362300104078000080fb0064006000ed
:10f400000000e00006003200603923001040780060
:10f41000804078000144a000603923000148780052
:10f42000309980000000e00009003200309980002f
:10f43000e30f500006003e006039230010407800c2
:10f44000804078000154a000603923000148780012
:10f45000509a8000e20f5000060036006039230009
:10f4600010407800804078000174a00060392300cb
:10f4700001487800f0802000104078000080fb00f8
:10f48000630060000000e0000d003200f08020000a
:10f49000104078008080fb00000e2000008060009b
:10f4a0000000e00006003a006039230010407800b8
:10f4b000804078000164a000603923000148780092
:10f4c0002e4090000080fb004200dd00c1db2000e8
:10f4d000e1407800603923001040780000c06000ef
:10f4e0000004e0001700320010c0b300004f7800a5
:10f4f00060392300104078008080fb00000220006b
:10f50000008060000000e000270032002e409000e4
:10f510000080fb004200dd00c1db2000614078007c
:10f520008080fb0000022000008060000000e000fe
:10f530001d0032000081200061c0b3000148780046
:10f5400019003700f0dc2000104078000004e000d3
:10f55000150032002e4090000080fb004200dd00cc
:10f56000d1db2000e14078006039230010407800b2
:10f5700000c060000004e0000200320010c0b300d0
:10f58000004f78002e4090000004e00006003a0092
:10f59000e0802000104078000004e000020032000b
:10f5a00010c0b300004f78002e4090000080fb0098
:10f5b0004200dd000080e800c1db200061407800ef
:10f5c0000004e000080032001e4078000004e00063
:10f5d000030032000040eb00004f780002003700cb
:10f5e00010c0b300004f78003e4090009e4078006d
:10f5f00080cf50000d0032002e4090000080fb00b4
:10f600004200dd00c1db2000614078008080fb000b
:10f6100000022000008060000000e00003003200d3
:10f620000081200071c0b300014878002e40900096
:10f630000080fb004200dd000080e800d1db2000fc
:10f64000614078000004e0000600320070392300b9
:10f6500010407800e14f500002003a0010c0b300a3
:10f66000004f78001e4078000080fa00000006007d
:10f670009c00fa00889fbe008a1f7800102b210092
:10f68000104078000080fb00000f78001e0078001a
:10f69000e40f500002003e0050002000000f7800f0
:10f6a0009e00780050c0b30006a3020001000000d5
:10f6b000e05980000000e00029003a004036800058
:10f6c0004400de0061406000804078000040eb00b4
:10f6d000d9fd0700403680004500de006140600033
:10f6e0008040780010c0b300d3fd07004036800092
:10f6f0004300de00614060008040780020c0b3001d
:10f70000cdfd0700403680004200de006140600011
:10f710008040780030c0b300c7fd070040d920000a
:10f7200010407800e64f50000400320050d920000d
:10f7300010407800e64f500005003a0011c0b300b9
:10f7400040002000be6902000100000004003700f4
:10f7500011c0b300400020008c69020001000000cd
:10f76000909980000000e80090998800002b21000b
:10f77000104078000080fb00620060000000e000a4
:10f780006700320090998000e10f500003003200c2
:10f79000e40f50002100320053003700f05981007f
:10f7a0000000d100614060008082fb00f0598100c0
:10f7b000614060000082fb00133c810040758100c5
:10f7c000614060000081fb00d19880000e80e8005d
:10f7d000851f7800841f7800831f7800821f7800bf
:10f7e000811f780081ce2d00811f780061092000e3
:10f7f000800b020000000000ec8757000040eb0087
:10f80000005f99005a200200020000000e80e8000c
:10f81000f61f02000200000041003700a02821006e
:10f82000104078000085fb0039998000d89880004e
:10f83000579a8000403680004500de00614060003d
:10f840000083fb00403680004400de006140600021
:10f850008082fb0000812000104078000082fb00c5
:10f8600010812000104078008081fb0050d92000da
:10f87000104078000081fb0040d920001040780043
:10f880008080fb000e80e8008a1f7800891f7800c6
:10f89000881f7800871f7800861f7800851f7800f2
:10f8a000841f7800831f7800821f7800811f7800f2
:10f8b00061d22d00811f780061092000800b0200b9
:10f8c00000000000f68757000040eb00005f990041
:10f8d0005a200200020000000e80e800f61f02001d
:10f8e000020000000e00370091998000518f9800af
:10f8f000027d20001e0078008001780011000900c0
:10f900000381d800de889000808f5000030039000a
:10f910000000eb0090998800010037000000000013
:10f920004f0578004f04be000080fa00000006007a
:10f930000800fa0010079800210798006247980015
:10f940000000eb00000f780040758100610060004e
:10f950000000e00008003a001e009000104078000f
:10f960000004e000040032002e00900010407800f7
:10f970000004e00002003a000040eb0041003700c4
:10f980000000eb00000f7800080037001e00780030
:10f990009e0090000080400090407800a0f422007b
:10f9a0001e004000014878001e0fe8001e0078008d
:10f9b0009e00900000804000104078000004e000ad
:10f9c000030032001e007800f80f5000efff3400f3
:10f9d000a0f422001e0040008040eb0001487800a7
:10f9e0000000eb00000f7800080037001e007800d0
:10f9f000ae009000008040009040780080ea220035
:10fa00001e004000114098001e0fe8001e00780004
:10fa1000ae00900000804000104078000004e0003c
:10fa200004003200f00920009e007800808f500012
:10fa3000eeff340080ea22001e0040008040eb0010
:10fa400011409800407581000010a10040758900a8
:10fa5000407581000000a000407589006e40900054
:10fa6000614060000080fb00610060004400dd0038
:10fa7000417581000140a1000100700040758900be
:10fa800010c0b3000080fa00000006000200fa0077
:10fa9000004f78001e80fb00e10f50000b00320089
:10faa000e20f5000100032000000e00015003a00a4
:10fab000406381000010a100406389004063810021
:10fac0000000a100406389000e0037004063810000
:10fad0000010a00040638900406381000000a10085
:10fae0004063890007003700406381000010a100d7
:10faf00040638900406381000000a00040638900ea
:10fb0000000000000080fa00000006000000fa007b
:10fb100040638100620060000000e00006003a00df
:10fb200040638100610060000000e00002003a00d4
:10fb30000040eb002100370040638100620060005c
:10fb40000000e00006003a004063810061006000b0
:10fb50000000e0000200320020c0b30017003700b0
:10fb600040638100620060000000e0000600320097
:10fb700040638100610060000000e00002003a0084
:10fb800010c0b3000d0037004063810062006000c8
:10fb90000000e00008003200406381006100600066
:10fba0000000e0000400320010c0b300b7ff0700ff
:10fbb00010c0b30001003700c0c0b3000080fa00dd
:10fbc000000006000000fa00103c810000407800b0
:10fbd0000080fa00000006000000fa00709b81001f
:10fbe000004078000080fa00000006000000fa00e3
:10fbf00010c32200104078000004e00009003a0021
:10fc0000f0c42200104078000004e00005003a0033
:10fc1000103c8100e30f500002003a0010c0b30016
:10fc2000010037000040eb000080fa0000000600f1
:10fc30000800fa0020079800614798000000eb00d8
:10fc4000000f78002e0090000aee02000100000074
:10fc500010079800e5ff07000004e0000b003200e9
:10fc60001e009000f90f500008003c001e0090009c
:10fc70000000e000050032002e009000d21a0200c1
:10fc8000020000000000e00002003a000040eb002b
:10fc90001e003700a06181000010a100a061890052
:10fca00080c52d00f61f020002000000f0c42200f3
:10fcb00011c0b30001487800920120008000eb00e1
:10fcc00050c322008e0d0200000000000000eb0077
:10fcd000000f7800080037001e007800ae0090008a
:10fce000008040009040780040c322001e00400089
:10fcf000114098001e0fe8001e0090009e00780042
:10fd0000808f5000f4ff350010c0b3000080fa006f
:10fd1000000006000000fa0010c322001040780026
:10fd20000004e00004003a00f0c422001040780013
:10fd30000004e0000200320010c0b30001003700f0
:10fd40000040eb000080fa00000006000000fa000e
:10fd50006eff07000004e00008003a00b060810078
:10fd60000000a000b0608900a06181000000a00038
:10fd7000a061890010c0b300010037000040eb0013
:10fd80000080fa00000006000e00fa00404f9800c4
:10fd90005a2002000200000080c82d00f61f020059
:10fda000020000004e4890000080fb00010520008a
:10fdb000810f50003900320001052000810f5000f2
:10fdc00007003c0041042000810f50000b0032006e
:10fdd000d1042000810f500048003200a2003700fb
:10fde00021052000810f50008300320041052000d2
:10fdf000810f5000590032009b00370050d6200080
:10fe00009040780020c522002140980010d62000a4
:10fe10009040780020c522003140980090d6200004
:10fe20009040780020c5220041409800c0d52000b5
:10fe30009040780020c5220051409800f0d5200065
:10fe40009040780020c522001140980060c92d0024
:10fe5000f61f020002000000c0c92d00f61f0200bc
:10fe60000200000020c52200104090000080fb002e
:10fe7000801f780010ca2d00801f78000e007800c7
:10fe8000f00b020000000000e48757000e0078002d
:10fe9000f61f0200020000007800370060d6200044
:10fea0009040780020c522002140980020d62000f4
:10feb0009040780020c5220031409800a0d6200054
:10fec0009040780020c5220041409800c0d5200015
:10fed0009040780020c5220051409800b0d5200005
:10fee0009040780020c522001140980050ca2d0093
:10fef000f61f0200020000006000370080d62000dc
:10ff00009040780020c522002140980020d6200093
:10ff10009040780020c5220031409800c0d62000d3
:10ff20009040780020c5220041409800e0d5200094
:10ff30009040780020c5220051409800d0d5200084
:10ff40009040780020c5220011409800a0ca2d00e2
:10ff5000f61f0200020000004800370070d62000a3
:10ff60009040780020c522002140980030d6200023
:10ff70009040780020c5220031409800b0d6200083
:10ff80009040780020c5220041409800d0d6200043
:10ff90009040780020c522005140980040d62000b3
:10ffa000104078000004e00008003a00e0d620008d
:10ffb00011c0b3000148780040d62000904078007e
:10ffc00020c522001140980007003700e0d620002d
:10ffd0008040eb000148780040d620009040780037
:10ffe00020c522001140980020cb2d00f61f0200f2
:10fff000020000002100370050d620009040780019
:020000040004f6
:10000000b0cdb30080c0400020c522002140980040
:1000100010d6200090407800b0cdb30080c04000e2
:1000200020c522003140980090d6200090407800f2
:1000300020c5220041409800c0d5200090407800a3
:1000400020c5220051409800f0d520009040780053
:1000500020c522001140980080cb2d00f61f020021
:10006000020000000500370000cc2d00f61f020042
:10007000020000000040eb001400370020c5220001
:100080009040900040c6b30080cf5000030036007f
:1000900020c52200e1c0b3001140980020c5220015
:1000a000ce4890006140980020c522009000780062
:1000b0000100a0000108780020c52200900078000f
:1000c0000110a1000108780010c0b3000080fa0000
:1000d000000006000000fa0010c322001040780063
:1000e000e24f500007003a00b060810062006000fb
:1000f0000000e00003003200b06081000020a0009a
:10010000b06089000040eb000080fa0000000600ab
:100110000200fa00004f78009e40780061c0600045
:100120000080fb006100600000004000b1608100c1
:100130000110a10001007000b06089000080fa0089
:10014000000006000000fa00b06081000000d1004d
:10015000614060000080fa00000006000000fa0024
:1001600010c32200104078000080fa000000060052
:100170000000fa00906181000080fa000000060093
:100180000000fa00806281000080fa000000060092
:100190000600fa001007980041479800524798005f
:1001a0000040eb00004f78004e409000ea4f5000b6
:1001b00009003e004e4090000004e00006003200be
:1001c0005e409000f44f500003003e005e409000ff
:1001d0000004e00002003a000040eb003600370067
:1001e0000040eb00004f7800220037001e80fb002b
:1001f0009e00900000804000104078000000fb004e
:1002000091032000810f50000a003c0001032000f0
:10021000810f50000a003d0031022000810f500084
:1002200007003200a1022000810f500004003200bc
:100230000e0037001004b100e30f50000b003e0029
:100240001e81fb001e80fb009e009000008040008d
:100250001040780080407800a0c5220000004100d6
:10026000114098001e4fe800020037000040eb00ec
:10027000110037004e4090009e40780080cf500023
:10028000daff390070c62200ce40900001487800a5
:1002900060c62200de40900001487800d0628100f4
:1002a0000010a100d0628900d06281000000a0008f
:1002b000d062890010c0b3000080fa000000060080
:1002c0000000fa00d0628100614060000080fa0006
:1002d000000006000000fa00d06281000000d1009a
:1002e000614060000080fa00000006003400fa005f
:1002f000c09c80008000eb0032062000030020003c
:10030000820f5000838f58009d013e000060010065
:100310009b013700620037007d00370090003700f6
:10032000ad003700bd003700d7003700e7003700c9
:10033000fb0037000d0137006d01370080013700e9
:100340008f0137008e0137008d0137008c01370097
:100350008b0137008a013700890137008801370097
:100360008701370086013700850137008401370097
:100370008301370082013700810137008001370097
:100380007f0137007e0137007d0137007c01370097
:100390007b0137007a013700790137007801370097
:1003a0007701370076013700750137007401370097
:1003b0007301370072013700710137007001370097
:1003c0006f0137006e0137006d0137006c01370097
:1003d0006b0137006a013700690137006801370097
:1003e0006701370066013700650137006401370097
:1003f0006301370062013700610137006001370097
:100400005f0137005e0137005d0137005c01370096
:100410005b0137005a013700590137005801370096
:100420005701370056013700550137005401370096
:100430005301370052013700510137005001370096
:100440004f0137004e0137004d0137004c01370096
:100450004b0137004a013700490137004801370096
:100460004701370046013700450137004401370096
:100470004301370042013700410137004001370096
:100480003f0137003e0137003d0137003c01370096
:100490003b0137003a01370039013700e2003700ed
:1004a00000d7200005362300243623008001780081
:1004b00022c0b3009142200000cab30084d70200da
:1004c00001000000806b8000801f780060912d008b
:1004d000801f78000e007800f00b02000000000082
:1004e000e48757000e007800f61f020002000000ab
:1004f00044010700a100200060c1b30006a3020070
:100500000100000020002000c09c88001c01370072
:1005100010932d00f61f020002000000803123001e
:100520008040eb00014878009031230041c0b300c7
:10053000014878003231230021002000803123005f
:100540003d010700411f200060c1b30006a3020067
:100550000100000030002000c09c88000801370026
:1005600020312300104078000080fb00e10f500094
:1005700003003200e20f5000070032000c00370089
:10058000e0942d00f61f0200020000004000200051
:10059000c09c88000f00370040962d00f61f020017
:1005a0000200000080002000c09c88000900370085
:1005b000203123008040eb0001487800b0972d00e7
:1005c000f61f02000200000080002000c09c88008e
:1005d00000000000ea003700803123008040eb007b
:1005e000014878009031230041c0b30001487800f1
:1005f0003231230021002000803123000e0107004a
:10060000416a200060c1b30006a30200010000009f
:1006100050002000c09c8800d9003700c312200081
:10062000320620008040eb00d0982d00d2d8020086
:1006300000000000803123008040eb00014878007a
:100640009031230051c0b3000148780032312300bb
:100650002100200080312300f7000700816b80001b
:10066000803e20000088b9000000780080007800fb
:1006700060c1b30006a3020001000000600020007a
:10068000c09c8800be003700803123008040eb0012
:100690000148780090312300c1c0b30001487800c0
:1006a000323123002100200080312300e2000700c6
:1006b0002103200060c1b30006a302000100000076
:1006c00070002000c09c8800ad003700203123005e
:1006d0008040eb000148780070992d00f61f020061
:1006e000020000005ed902000000000080312300fb
:1006f0008040eb0001487800903123008040eb00ff
:10070000014878003231230021002000803123008d
:10071000c90007000000eb00c09c8800980037006b
:100720000000eb0030998900803123008040eb000d
:10073000014878009031230041c0b300014878009f
:10074000323123002100200080312300ba0007004d
:100750002103200060c1b30006a3020001000000d5
:1007600090002000c09c880085003700f0c4220063
:1007700010407800e34f500008003200f0c422001f
:1007800010407800e64f500004003200f0c4220010
:10079000104078000004e00007003a0090162300a3
:1007a00010407800e14f500003003200a00020000c
:1007b000c09c880072003700809b2d00f61f02004d
:1007c000020000000000eb00309989008031230016
:1007d0008040eb00014878009031230071c0b300e5
:1007e00001487800323123002100200080312300ad
:1007f00091000700309981000000e80030998900dd
:1008000030062000c09c8800403223008040eb006e
:10081000014878002103200060c1b30006a3020054
:100820000100000056003700f0c42200104078009c
:10083000e34f500008003200f0c42200104078005e
:10084000e64f500004003200f0c42200104078004f
:100850000004e00007003a009016230010407800e2
:10086000e14f500003003200a0002000c09c88002f
:100870004300370040322300104078008040e800f9
:1008800040322300014878004032230010407800b5
:10089000f34f500011003600403223008040eb003f
:1008a00001487800309981000000e8003099890003
:1008b00031998100806b8000808f500007003500e7
:1008c0000000eb003099890090002000c09c880057
:1008d000d09c2d00f61f0200020000002103200022
:1008e00060c1b30006a3020001000000240037002d
:1008f000803123008040eb000148780090312300d4
:10090000c1c0b3000148780032312300210020002b
:1009100080312300480007002103200060c1b3009c
:1009200006a3020001000000509e2d00f61f0200e9
:1009300002000000b0002000c09c880010003700ba
:10094000203123008040eb000148780080312300f3
:100950008040eb0001487800903123008040eb009c
:10096000014878003231230021002000803123002b
:10097000310007000000eb00c09c88000000000070
:100980009016230010407800e14f50000c00320018
:100990002031230010407800e24f50000800320060
:1009a000f0c4220010407800e14f500004003200f3
:1009b000f0c4220010407800e24f500002003a00dc
:1009c000b606a80001003700b606a900f0c4220050
:1009d00010407800e34f500004003200f0c42200c1
:1009e00010407800e64f500004003a00b606a90017
:1009f000901623008040eb00014878000080fa0048
:100a0000000006000000fa001224ef001424ef009a
:100a10001824ef002024ef002424ef002624ef0008
:100a20002824ef002a24ef000032280080208800cc
:100a30000080fa00000006001800fa00100f98006d
:100a4000210f9800320f98000000eb00000f780093
:100a50000000eb00100798000000eb007007980002
:100a60000000eb00000f98001000200060079800c5
:100a7000a366a9001e0890000000e00005003a00ef
:100a80000000eb0050079800700047002007980016
:100a900004003700ee009000510798009e08900077
:100aa000210798003e0890000000e00005003a0091
:100ab0000000eb00400798006e00470030079800e8
:100ac00005003700ee00900041079800be08900036
:100ad0003107980000000000c0208000680060001e
:100ae0000000e000fcff32001e00370000000000a4
:100af000c0208000680060000000e000fcff3200c1
:100b00002e009000104078000080fb00e02088005c
:100b1000ae0090005e00900000804000200798002a
:100b20001e0fe80000000000c0208000610060008f
:100b30000000e000fcff3200e020800080407800f0
:100b40003e00900001487800be0090004e009000ea
:100b500000804000300798001e0090000000e80070
:100b6000100798002e0890009e007800808f50009b
:100b7000deff3900a366a8001e0078000080fa009e
:100b8000000006000200fa000040eb00004f780071
:100b9000f0e02000104078000080fb00e10f5000e2
:100ba00013003500e20f500005003400e30f500041
:100bb0000f003a0010c0b300004f78001200370059
:100bc00040758100610060000000e0000b003a0009
:100bd00041758100000e2000008060000000e000f0
:100be00008003a0010c0b300004f7800060037003c
:100bf0000000eb00009c88000300370000000000ac
:100c000001003700000000001e4078000080fa005c
:100c1000000006000200fa00000f7800f0e020005b
:100c2000104078000080fb00e20f50001f003200ef
:100c3000e30f500003003200e10f500008003200c3
:100c4000300037008001eb000001eb008000eb007a
:100c50001e00780026ca02000000000029003700ac
:100c60008001eb000001eb00a1dd20001e007800f8
:100c700026ca020000000000f0b3200010407800f7
:100c80000004e0001c0032000041eb00f1b3200042
:100c9000a0dd200010d2020000000000f0b3200010
:100ca0008040eb0001487800160037008001eb001f
:100cb0000001eb0041df20001e00780026ca020080
:100cc00000000000f0b32000104078000004e000b5
:100cd0000b0032000041eb00f1b3200040df2000a8
:100ce00010d2020000000000f0b320008040eb00b2
:100cf00001487800030037000000000001003700c1
:100d0000000000000080fa00000006001600fa0053
:100d1000009c8000e70f5000f2003200e70f500007
:100d200010003e00e20f500071003200e20f500050
:100d300005003e000000e0001b003200e10f500003
:100d400028003200ac013700e50f50009a00320055
:100d5000e50f5000b4003e00e30f50007d0032006c
:100d6000a5013700ea0f50003c013200ea0f5000a5
:100d700005003e00e80f500006013200e90f500068
:100d80001d0132009c013700ec0f5000650132005c
:100d9000ec0f50004a013900810c2000810f5000f7
:100da0007901320094013700e0e020008040eb0040
:100db00001487800f0e020008040eb000148780016
:100dc000a0dd20008040eb000148780040df2000db
:100dd0008040eb000148780010002000009c880053
:100de00088013700e0e02000104078000004e000b7
:100df00008003a00a0dd2000104078000004e00068
:100e000004003a0040df2000104078000004e000b9
:100e100032003200e0e02000104078000004e000e2
:100e20000c003200f0e0200031c0b300014878002f
:100e3000e0e0200010407800e14f500003003a004d
:100e400020002000009c8800020037009000200055
:100e5000009c8800a0dd2000104078000004e00025
:100e60000c003200f0e0200011c0b300014878000f
:100e700000e1200010407800e14f500003003a00ec
:100e800020002000009c8800020037009000200015
:100e9000009c880040df2000104078000004e00043
:100ea0000c003200f0e0200021c0b30001487800bf
:100eb00010e1200010407800e14f500003003a009c
:100ec00020002000009c88000200370090002000d5
:100ed000009c8800000000004a013700411f2000ec
:100ee00020c1b30006a30200010000004501370045
:100ef00024ff07000004e000080032000e80e80034
:100f000041e92d00e0190200020000000e80e80017
:100f100040ff070030002000009c8800f0e0200027
:100f200010407800e34f500005003a00810c20008b
:100f300020c1b30006a30200010000003101370008
:100f4000813e200020c1b30006a302000100000082
:100f50002c0137000bff07000004e00008003200fe
:100f60000e80e800a1e92d00e01902000200000057
:100f70000e80e80027ff070050002000009c88003a
:100f8000f0e0200010407800e34f500005003a00e8
:100f9000810c200020c1b30006a302000100000064
:100fa00018013700813e200020c1b30006a30200d3
:100fb0000100000013013700f2fe07000004e0000a
:100fc0000b0032000e80e80001ea2d00e01902005b
:100fd000020000000e80e8000eff0700203a230008
:100fe0008040eb000148780060002000009c8800f1
:100ff000f0e0200010407800e34f500005003a0078
:10100000810c200020c1b30006a3020001000000f3
:10101000fc003700813e200020c1b30006a302007f
:1010200001000000f7003700d6fe07000004e000d2
:101030001e0032000e80e80051ea2d00e019020087
:1010400002000000000f78001e0078008e80e8008b
:1010500080804000203a2300104078000041eb00df
:101060002eee0200010000001e0f40000e80e8007e
:10107000e8fe0700203a2300104078008040e80096
:10108000203a230001487800203a230010407800dd
:10109000e94f50000500360070002000009c8800d9
:1010a000203a230011c0b30001487800f0e020008e
:1010b00010407800e34f500005003a00810c2000fa
:1010c00020c1b30006a3020001000000cd003700dc
:1010d000813e200020c1b30006a3020001000000f1
:1010e000c8003700a7fe07000004e0001b00320024
:1010f0000e80e800c1ea2d00e019020002000000a5
:10110000000f78001e0078008e80e800808040008c
:10111000203a2300104078000041eb002eee020040
:10112000010000001e0f40000e80e800b9fe07001d
:10113000203a2300104078008040e800203a230045
:1011400001487800203a230010407800e44f500016
:101150000200360080002000009c8800f0e02000a3
:1011600010407800e34f500005003a00810c200049
:1011700020c1b30006a3020001000000a100370057
:10118000813e200020c1b30006a302000100000040
:101190009c0037007bfe07000004e00008003200de
:1011a0000e80e80031eb2d00e01902000200000083
:1011b0000e80e80097fe070090002000009c880049
:1011c000f0e0200010407800e34f500005003a00a6
:1011d000810c200020c1b30006a302000100000022
:1011e00088003700813e200020c1b30006a3020022
:1011f000010000008300370062fe07000004e000e9
:10120000080032000e80e800b1eb2d00e01902006a
:10121000020000000e80e8007efe0700a000200013
:10122000009c8800f0e0200010407800e34f500060
:1012300005003a00810c200020c1b30006a3020083
:10124000010000006f003700813e200020c1b30084
:1012500006a30200010000006a00370049fe0700f3
:101260000004e000080032000e80e800e1eb2d00f1
:10127000e0190200020000000e80e80065fe070091
:10128000b0002000009c8800f0e0200010407800b2
:10129000e34f500005003a00810c200020c1b3004c
:1012a00006a302000100000056003700813e200026
:1012b00020c1b30006a30200010000005100370066
:1012c00030fe07000004e000080032000e80e80055
:1012d00031ec2d00e0190200020000000e80e80051
:1012e0004cfe0700c0002000009c8800f0e02000b9
:1012f00010407800e34f500005003a00810c2000b8
:1013000020c1b30006a30200010000003d00370029
:10131000813e200020c1b30006a3020001000000ae
:101320003800370017fe07000004e0000800320014
:101330000e80e80081ec2d00e019020002000000a0
:101340000e80e80033fe0700800c2000009c88001f
:10135000f0e0200010407800e34f500005003a0014
:10136000810c200020c1b30006a302000100000090
:1013700024003700813e200020c1b30006a30200f4
:10138000010000001f003700f0e02000104078004e
:101390000080fb00e20f50000d003200e30f500010
:1013a00003003200e10f5000050032000c0037004e
:1013b000e0e020008040eb000148780008003700a2
:1013c000a0dd20008040eb000148780004003700d9
:1013d00040df20008040eb00014878000000000062
:1013e000f0e020008040eb00014878001000200071
:1013f000009c8800030037000000eb00009c880080
:10140000000000000080fa00000006000000fa0062
:10141000881f7800409b80008000eb005201200074
:1014200003002000820f5000838f5800d3013e003c
:101430000060010015003700d0013700740037004c
:10144000ce013700cd013700cc013700a8003700ae
:10145000ca013700c5003700e8003700fd0037003b
:1014600002013700100137004f01370074013700c7
:10147000c2013700c1013700c0013700bf0137008a
:10148000be01370077013700a1013700ae0002002e
:1014900002000000e34f500031003a0050c4b30096
:1014a00052700200010000005a20020002000000f9
:1014b00040422d00f61f02000200000090452d0062
:1014c000f61f02000200000070c12200f61f020099
:1014d0000200000030462d00f61f0200020000004e
:1014e00080d5200011c0b30001487800f0db200057
:1014f00010407800e14f50000c00320030dc20003a
:1015000010407800e14f50000800320070dc2000ed
:1015100010407800e14f500004003200b0dc2000a1
:1015200010407800e14f500004003a00d0c4b300ee
:10153000c4fe0200010000000300370000c5b30034
:10154000c4fe02000100000011c0b300000420002e
:101550008c6902000100000060002000409b8800b0
:10156000ae00020002000000e24f500074013a0099
:10157000a200020002000000e14f500072013a0098
:1015800050c4b30052700200010000005a20020053
:101590000200000050462d00f61f0200020000006d
:1015a00090452d00f61f02000200000070c12200cd
:1015b000f61f02000200000030462d00f61f020058
:1015c0000200000080dd20008040eb000148780030
:1015d00080d5200011c0b3000148780053062000d8
:1015e000e200200011c0b30050492d00d2d8020003
:1015f0000000000011c0b300000420008c6902004c
:101600000100000020002000409b88005b013700a3
:1016100050c4b300527002000100000080dd2000c1
:1016200010407800e14f500023003a005ed90200dc
:101630000000000080dd20008040eb0001487800c1
:1016400080d5200011c0b30001487800f0db2000f5
:1016500010407800e14f50000c00320030dc2000d8
:1016600010407800e14f50000800320070dc20008c
:1016700010407800e14f500004003200b0dc200040
:1016800010407800e14f500004003a00d0c4b3008d
:10169000c4fe0200010000000300370000c5b300d3
:1016a000c4fe02000100000060002000409b880092
:1016b0006a00020002000000ae000200020000000a
:1016c0000004e00022013a005ed9020000000000a0
:1016d00080002000409b88005a2002000200000089
:1016e000e0492d00f61f0200020000002301370030
:1016f00090c4b3005270020001000000b06a800084
:101700000000e0000d003200b800020002000000fe
:10171000b16a8000810f500008003600a6fe02006a
:101720000100000080002000409b8800c15d200077
:10173000e0c0b30006a3020001000000ae000200fa
:10174000020000000004e00003013a0080002000d5
:10175000409b88005a20020002000000704d2d00be
:10176000f61f0200020000000401370050ff2000b5
:101770008040eb000148780080d520008040eb00dd
:1017800001487800b800020002000000ee0f50008f
:1017900014003600f0db200010407800e14f5000cc
:1017a0000c00320030dc200010407800e14f500087
:1017b0000800320070dc200010407800e14f50003b
:1017c00004003200b0dc200010407800e14f5000ef
:1017d00007003a00d0c4b300c4fe020001000000bc
:1017e0000300370000c5b300c4fe02000100000082
:1017f00090002000409b8800e0003700d0c4b30078
:101800005270020001000000ae0002000200000061
:101810000004e00003003a00a0002000409b880084
:10182000d6003700a6fe02000100000050ff200095
:10183000104078008040e80050ff20000148780008
:10184000813e2000e0c0b30006a3020001000000ba
:10185000ca003700002923008040eb0001487800cf
:10186000c0002000409b8800c400370000292300ee
:10187000104078008040e8000029230001487800eb
:101880000029230010407800e94f50000300360083
:1018900040012000409b8800b8003700c0002000b5
:1018a000409b8800b50037000029230010407800d5
:1018b0000080fb0060958900609581004600dd0096
:1018c00060958900609581001004b00060958900e2
:1018d00011292300609581000080e800053623006f
:1018e000243623008101780012c0b3008000780004
:1018f00000cab30084d702000100000010292300b1
:10190000104078008040780000c8b30080c06000bc
:10191000e02a230001487800b0002000409b8800a6
:1019200010292300104078000000fb0068006000d0
:101930000000e0008a003200920120008000eb00ed
:10194000102923008e0d0200000000001129230041
:101950006095810072004000043623002336230086
:10196000010178008000780000cab30078180200f6
:1019700002000000a02a23008040eb00014878000c
:1019800010292300104078000004e00076003200a7
:10199000d0002000409b8800f028210041c1b30006
:1019a00001487800750037001029230010407800a6
:1019b0000004e00019003200407581006100600001
:1019c0000000e00017003a00e02a230010447800ed
:1019d000b800020002000000800078000029230007
:1019e00010407800084278008101780072c122001e
:1019f0001129230026d30200000000000004e000ab
:101a000003003200e0002000409b88000500370002
:101a1000b0002000409b880002003700b00020008a
:101a2000409b8800f0282100104078000004e0006e
:101a30004f003a00b0002000409b88004f00370064
:101a400040758100614060000080fb006100600023
:101a50000000e00048003a00b0002000409b8800f1
:101a6000460037000000eb00409b880020c5b30013
:101a70005270020001000000e0d820001040780001
:101a80008080fb0000022000008060000000e00079
:101a900019003200b800020002000000ee0f5000f2
:101aa0000f003e005a2002000200000000512d00ed
:101ab000f61f020002000000017d2000e0c0b3001c
:101ac00006a302000100000030522d00f61f0200a4
:101ad0000200000050012000409b880027003700d2
:101ae0005a2002000200000000532d00f61f0200e1
:101af00002000000210037005a200200020000000e
:101b0000f0542d00f61f0200020000001b003700f9
:101b10000000eb00409b88005a20020002000000f9
:101b2000f0562d00f61f020002000000e0dc20004d
:101b300011c0b30001487800000000000f0037001a
:101b4000000000000d003700000000000b0037000f
:101b50000000000009003700000000000700370007
:101b600000000000050037000000000003003700ff
:101b70000000000001003700000000004f04780062
:101b80000080fa00000006000000fa00a098800023
:101b9000e30f5000ed003200e30f500005003e005f
:101ba000e10f50006b003200e10f500094003e0046
:101bb00007003700e90f500034013200ef0f5000ea
:101bc00043013200e80f5000f50032007001370089
:101bd000e02a2100104078000004e0002a003200d2
:101be0000040eb0000310200010000000004e000b2
:101bf00025003200a028210090407800f0c3b300f7
:101c000080cf500020003200d02a21001040780000
:101c10000004e0001c003a0020612200104078001f
:101c2000e14f500018003a0040b322009040780085
:101c300010c3b30080cf50000500320040b3220033
:101c40009040780050c3b30080cf50000e003a009f
:101c50005a20020002000000a09f2d00f61f020083
:101c600002000000e02a21008040eb0001487800db
:101c7000002b23008040eb0001487800200020006a
:101c8000a09888003200370010f08000e20f50006a
:101c900012003a00a10020000040eb0006a3020061
:101ca000010000005a20020002000000a0a02d0048
:101cb000f61f020002000000002b23008040eb0012
:101cc0000148780080002000a0988800b0282100fa
:101cd000e1c1b300014878004401370010f08000f2
:101ce000e20f50001500360010f08000e50f5000a4
:101cf00012003e00a10020000040eb0006a30200fd
:101d0000010000005a2002000200000030a22d0055
:101d1000f61f020002000000002b23008040eb00b1
:101d200001487800f0002000a0988800b028210029
:101d3000e1c1b3000148780005003700017d2000b3
:101d40000040eb0006a3020001000000270137005d
:101d500026013700002b2300104078008040e80067
:101d6000002b230001487800002b2300104078004e
:101d7000e94f50000b0036005a200200020000001c
:101d8000f0a32d00f61f020002000000e02a21004f
:101d90008040eb00014878000000eb00a09888002c
:101da0000200370020002000a098880040b32200e5
:101db0009040780010c3b30080cf5000f80032008c
:101dc00040b322009040780050c3b30080cf500051
:101dd000f50032005a2002000200000060a52d002c
:101de000f61f020002000000e02a21008040eb0004
:101df000014878000000eb00a0988800fb00370045
:101e0000002b2300104078000080fb0060968900c2
:101e1000609681004600dd00609689006096810032
:101e20001004b00060968900112b23006096810099
:101e30000080e80005362300243623008101780065
:101e400012c0b3008000780000cab30084d702003b
:101e500001000000102b2300104078008040780023
:101e6000e02c23000148780010002000a098880092
:101e7000e02c2300104078008080fb00000420004c
:101e8000008060000000e000c9003200e02c230068
:101e9000104078000004e000c700350092012000e7
:101ea0008000eb00102b23008e0d020000000000cc
:101eb000112b23006096810072004000043623003d
:101ec00023362300010178008000780000cab300a7
:101ed0007818020002000000a02c23008040eb00d4
:101ee00001487800102b2300104078000004e00027
:101ef000b3003200102b2300d21a020002000000af
:101f00000000e000b000320030002000a0988800ff
:101f1000b0282100e1c1b300014878005a20020036
:101f20000200000090a72d00f61f02000200000032
:101f3000102b2300f61f020002000000b0a82d00a5
:101f4000f61f020002000000a80037004075810063
:101f5000610060000000e0000a003a00f0b32000d9
:101f60004a560200000000000041eb00f1b32000df
:101f7000102b230010d202000000000010002000ef
:101f8000a0988800b0282100104078000004e000ec
:101f90008f003a0010002000a098880093003700be
:101fa00040758100610060000000e00027003a00f9
:101fb00070a120001c6f0200010000002089220097
:101fc000104078000004e0000e003200208922005a
:101fd000d21a0200020000000000e00009003200f6
:101fe000d0a82d00f61f02000200000012c0b300ae
:101ff00071a120002089220010d202000000000000
:102000000900370040aa2d00f61f02000200000060
:1020100070a12000f61f020002000000b0a82d00f1
:10202000f61f02000200000041448100f0ff28007a
:10203000008060004044890090002000a098880043
:10204000b028210041c1b30001487800b028210028
:10205000104078000004e0005f003a004144810035
:10206000f0ff2800008060004044890010f08000ec
:10207000e20f500002003a001000200010f088002b
:102080000000eb00a09888005800370040758100e0
:10209000610060000000e00004003a001000200031
:1020a00010f088000000eb00a0988800b028210004
:1020b000104078000004e00049003a0010002000c1
:1020c00010f088000000eb00a0988800470037005f
:1020d00040758100610060000000e0001d003a00d2
:1020e000a0ab2d00f61f02000200000070a120002e
:1020f000d26d02000100000020892200104078000b
:102100000004e0000600320012c0b30071a12000fc
:102110002089220010d202000000000003003700d6
:1021200070a12000f61f02000200000010f08000e5
:10213000e30f500003003a006000200010f0880018
:10214000020037000000eb0010f088000000eb00f8
:10215000a0988800b0282100104078000004e0001a
:1021600021003a0010f08000e30f500003003a0015
:102170006000200010f08800020037000000eb0033
:1021800010f088000000eb00a098880017003700ce
:102190000000eb00a098880000000000130037004a
:1021a0000000000011003700000000000f003700a1
:1021b000000000000d003700000000000b00370099
:1021c0000000000009003700000000000700370091
:1021d0000000000005003700000000000300370089
:1021e0000000000001003700000000000080fa003d
:1021f000000006000400fa00e09a8000e10f5000a1
:1022000031013200e10f500003003900e20f5000ad
:1022100047013200560137004075810061006000bf
:102220000000e0003a003a00f059810061006000cf
:102230000000e00036003a00f059810062006000c2
:102240000000e00032003a00f059810064006000b4
:102250000000e0002e003a005005230010407800f6
:102260000004e0002a0032005005230010407800ee
:102270000080fb00e10f500003003200e20f50002d
:10228000070032001d0037005a2002000200000043
:1022900060df2d00f61f020002000000ffff370084
:1022a000b16d800000ff2f0000806000b06d8800dd
:1022b000b06d80000050a100b06d880040af2200da
:1022c000f1c3b3000148780050af22008040eb001a
:1022d0000148780040b32200f1c3b3000148780000
:1022e00040b3220090407800a028210001487800e7
:1022f000800e2000d09888000000000050052300c8
:102300008040eb0001487800800e2000d0988800c3
:10231000f0598100614060000080fb0061006000b6
:10232000004078000004e000df003200f059810036
:10233000620060000000e000db003a005a2002006a
:102340000200000060e02d00f61f02000200000005
:1023500000be2200f61f02000200000040e12d0036
:10236000f61f020002000000a0bf2200f61f0200bc
:1023700002000000b0e12d00f61f02000200000084
:1023800030c02200f61f02000200000030e22d00e3
:10239000f61f02000200000060608100801f7800cc
:1023a00090e22d00801f7800c0c82000f00b0200d2
:1023b00000000000e4875700c0c82000f61f02009c
:1023c00002000000c0e22d00f61f02000200000023
:1023d000f0b32200f61f02000200000040e32d00cf
:1023e000f61f02000200000071e32d00f0b3200090
:1023f000e019020002000000100798009e00900003
:10240000f0b3200000804000a1bf2200e0190200cc
:10241000020000009e00900000804000100798001d
:102420009e009000f0b3200000804000b1e32d003a
:10243000e0190200020000009e00900000804000b1
:10244000100798009e009000f0b32000008040002c
:1024500031c02200e0190200020000009e0090003e
:10246000008040001007980012c0b3008000eb000d
:10247000f0b32000ae760200000000000000eb0088
:10248000000f780082c0b300d1e32d00f0b322002a
:10249000aa190200020000000000e0001d003a003e
:1024a00017003700e0b322001e004000904090006b
:1024b00000c6b30080cf500010003400e0b322000b
:1024c0001e00400090409000a0c7b30080cf500095
:1024d0000a003c00e0b322001e00400010409000c3
:1024e0008040780000ceb30000c0400080407800fb
:1024f000e0b322001e004000114098001e0fe800cb
:10250000e0b322001e004000104090000004e000f4
:10251000e4ff3a00f05981000000a100f059890061
:10252000f05981000010a000f0598900f0b322009a
:102530009040780020c5b30080cf500005003a00dd
:1025400000b422009040780000c2b30080cf500059
:1025500014003200f0b322009040780090c4b30021
:1025600080cf500017003a0000b42200904078005d
:1025700000c5b30080cf500012003a0010b4220012
:102580009040780010c4b30080cf50000d003a0096
:1025900020b422009040780050c5b30080cf500096
:1025a00008003a0034c02200a3bf220002be22006d
:1025b000f1b3220060e42d00bc53020000000000d3
:1025c0003900370034c02200a3bf220002be22001f
:1025d000f1b32200e0e42d00bc5302000000000033
:1025e000f0b320008040eb000148780000be2200dc
:1025f000d21a0200020000000000e0002a003200af
:1026000033c02200a2bf220001be2200f0b322008c
:1026100026ca020000000000f0b32000104078003d
:102620000004e0002000320040758100610060007d
:102630000000e00008003a000041eb00f1b3200088
:1026400000be220010d20200000000002000200086
:10265000e09a88000a003700f1b32000e0f622007b
:10266000e01902000200000001be2200f000230079
:10267000e01902000200000010002000e09a88002b
:10268000d028210041c1b30001487800f0b32000f8
:102690008040eb000148780011c0b3000001200029
:1026a0008c69020001000000e09a80000000e00058
:1026b00033003a0021032000c0c0b30006a302008b
:1026c00001000000310037004075810061006000aa
:1026d0000000e0000b003a000041eb00e1f62200b0
:1026e000f000230010d202000000000020002000b3
:1026f000e09a8800d028210041c1b3000148780049
:102700000400370021032000c0c0b30006a302006c
:1027100001000000d0282100104078000004e000f3
:1027200019003a000000eb00e09a8800170037001b
:1027300040758100610060000000e000040032008c
:10274000d0282100104078000004e00003003a0087
:102750000000eb00e09a88000c0037002103200005
:10276000c0c0b30006a3020001000000070037004c
:102770000000eb00e09a8800000000000300370032
:102780000000000001003700000000000080fa0097
:10279000000006002e00fa00309c8000e10f50007f
:1027a0001d003200e10f500003003900e20f50001d
:1027b000b70032004801370010b320001040780005
:1027c000e14f50000400320010b3200010407800a8
:1027d000e24f50000b003a00d1988000f00f20002b
:1027e000808f50000700320010b320009040780026
:1027f000403a23000148780010002000309c8800f7
:1028000041013700411f200030c1b30006a3020080
:10281000010000003c01370040758100610060004c
:102820000000e00033013a002061220010407800ef
:10283000e14f500031013a00d02a210010407800c9
:102840000004e0002f013a000e80e8009201200011
:102850008000eb008e0d0200000000000e80e800fa
:102860000436230023362300000178006102200093
:1028700000cab30078180200020000000040eb001c
:10288000305f98000e80e800d21a020002000000bb
:102890000000e0006f00320060ad2d00f61f020066
:1028a00002000000700220000e0040009ed90200cd
:1028b000010000000000eb00000f78009e0078008f
:1028c00020b32000808040007e60900022c0b300d2
:1028d0002eee0200010000001e0f40009e00780056
:1028e00020b32000808040000e68900022c0b3001a
:1028f0002eee0200010000001e0f40009e00780036
:1029000020b32000808040001e68900022c0b300e9
:102910002eee0200010000001e0f4000c1ad2d0090
:10292000f0b32000e019020002000000000f780060
:102930009e007800f0b3200000804000c1ae2d0062
:10294000e0190200020000001e0f40009e00780007
:10295000f0b32000008040008e80e800e019020003
:10296000020000001e0f40009e007800f0b320001f
:102970000080400021af2d00e0190200020000009d
:102980001e0f40009e007800f0b320000080400041
:1029900021b32000e0190200020000001e0f4000d9
:1029a0000e80e80012c0b300f1b3200010d2020084
:1029b00000000000f0b320008040eb0001487800e8
:1029c00010b3200031c0b30001487800200020007f
:1029d000309c8800813e200030c1b30006a3020075
:1029e00001000000503a23008040eb0001487800cd
:1029f00010b3200031c0b300014878005a20020013
:102a00000200000070af2d00f61f0200020000005f
:102a1000403a2300104078000080fb00e10f500096
:102a200003003200e20f500005003200b60037000c
:102a300080b12d00f61f02000200000004003700e4
:102a400030b22d00f61f020002000000000000005e
:102a5000ad0037005a20020002000000e0b22d0055
:102a6000f61f02000200000010b320008040eb00bf
:102a7000014878008138210030c1b30006a302006c
:102a8000010000000000eb00309c88009e00370031
:102a900010b3200010407800e14f500004003200d5
:102aa00010b3200010407800e24f500002003a00be
:102ab00010002000309c880010b3200010407800e7
:102ac000e44f500031003a00500220000e00400058
:102ad000220020008000eb008e0d020000000000ac
:102ae000500220000e00400005362300243623004b
:102af0008001780012c0b3005103200000cab30067
:102b000084d7020001000000de60900010c3b30013
:102b100080cf50000f003200500220000e00400015
:102b200091b52d001e1a0200020000005002200084
:102b30000e00400005362300243623008001780073
:102b400012c0b3005103200000cab30074d60200c3
:102b50000100000010b320008040eb000148780025
:102b600020b320008040eb00014878000000eb001b
:102b7000309c88005a20020002000000b0b52d00f1
:102b8000f61f0200020000005f003700503a2300e9
:102b9000104078008040e800503a23000148780057
:102ba000503a2300104078000004e00045003a004d
:102bb000403a2300104078000080fb00e10f5000f5
:102bc00003003200e20f50002a00320035003700c7
:102bd000500220000e004000220020008000eb0088
:102be0008e0d020000000000500220000e00400088
:102bf00005362300243623008001780012c0b3007c
:102c00005103200000cab30084d702000100000075
:102c1000de60900000c3b30080cf50000f00320090
:102c2000500220000e00400051b72d001e1a020075
:102c300002000000500220000e0040000536230074
:102c4000243623008001780012c0b3005103200015
:102c500000cab30074d60200010000005a2002002e
:102c60000200000070b72d00f61f020002000000f5
:102c70000c003700227b8100337b8100606d810076
:102c8000716d8100800f5100818f590004003a005e
:102c900010c322008040eb0001487800010037009b
:102ca000000000000000eb00309c880020b32000f2
:102cb0008040eb000148780010b320008040eb001a
:102cc00001487800411f200030c1b30006a3020074
:102cd000010000000c0037000000eb00309c880071
:102ce00020b320008040eb00014878000000000085
:102cf000050037000000000003003700000000005e
:102d000001003700000000000080fa00000006000b
:102d10000a00fa0030079800410798000000eb0015
:102d2000000f780002012000f10f20004e009000fb
:102d30008e0d0200000000003e0090001040780060
:102d40008080fb00b0022000808f50000a003a0013
:102d50004e009000b1cbb300014878001000200075
:102d60001007980010002000200798001000200095
:102d7000000f7800190037003e0090009040780066
:102d8000f0c2b30080cf50000f0036003e0090002c
:102d90009040780090c3b30080cf50000a003e00fe
:102da0004e009000a1cab300014878000000eb007b
:102db0001007980010002000200798001000200045
:102dc000000f7800050037004e009000c1cfb3001f
:102dd000014878000000eb00000f78001e0078002a
:102de0000000e0004e0032003c0037002e00900052
:102df000ce009000008040009e0090003e019000b8
:102e0000810041001141780001cdb30081404100b3
:102e1000c408dd00014878001e0090000000e800b2
:102e2000100798001e009000be0090000080400037
:102e300090407800f0c2b30080cf50001b003600f5
:102e40001e009000be00900000804000904078007e
:102e500090c3b30080cf500014003e002e009000bd
:102e6000ce00900000804000ae0090004e01900027
:102e70008100410091407800014178009e0090005f
:102e8000be019000818041009141780001cdb300e6
:102e900081c0410081407100014878001e0090000f
:102ea0000000e80010079800090037002e0090008d
:102eb000ce00900000804000ae0090004e019000d7
:102ec0008100410091407800f140b3000148780052
:102ed0002e0090000000e800200798001e009000df
:102ee000be0090000080400090407800f0c2b30027
:102ef00080cf50000a0036001e009000be009000f7
:102f0000008040009040780090c3b30080cf500014
:102f100003003e001e009000f80f5000b3ff340085
:102f20000080fa00000006000c00fa00400798003c
:102f3000510798000000eb00000f7800a20120006c
:102f40008000eb005e0090008e0d0200000000008b
:102f50004e009000104078000080fb00a10a200085
:102f6000810f50000d003200b10b2000810f500086
:102f700011003a005e009000b1c2b3000148780031
:102f80001000200010079800100020002007980073
:102f900010002000000f78000c0037000000eb004c
:102fa0001007980010002000200798001000200053
:102fb000000f7800050037005e009000a1c5b30047
:102fc000014878000000eb00000f78001e00780038
:102fd0000000e000430032000040eb006047980032
:102fe000370037002e009000ce0090000080400097
:102ff000104078008080fb00000f2000808060007f
:10300000000f2000808f50002b0032001e00900027
:10301000de00900000804000ae0090004e01900065
:1030200081004100914078008180fb00c408de00ef
:10303000814078000143b000014878001e009000f4
:103040000000e800100798002e009000ce009000cd
:1030500000804000104078000080fb006f0060009e
:10306000ef0f5000110032001e009000de009000b3
:1030700000804000ae0090004e01900081004100b1
:1030800091407800efc060000143b0000148780033
:103090001e0090000000e800100798002e0090002d
:1030a0000000e800200798000500370010c0b300ba
:1030b000604798000200370010c0b30060479800d6
:1030c0001e009000f80f500006003c002e009000fb
:1030d000ee0f500003003c006e4090000004e00042
:1030e000c0ff32001e0078000080fa0000000600d9
:1030f0001a00fa0000579800110f9800220f98004c
:10310000330f9800440f9800ce0a90003e0a9000ba
:103110008e017800f2c0b3009e0890000e5090001f
:1031200084d70200010000009e407800b0c2b300c6
:1031300080cf500020003a009e409000f0c2b300c3
:1031400080cf50001c0036009e40900090c3b3001a
:1031500080cf500018003e00ae409000f0c2b30097
:1031600080cf500014003600ae40900090c3b300f2
:1031700080cf500010003e008e0078002e08900096
:10318000e2002000e80e0200000000002e0890007f
:103190006f0040008040eb00014878004e0a90002c
:1031a000be0990002e0990009e0890000e509000dd
:1031b0000600070003003700ae0890000e007800fc
:1031c00059ff07000080fa00000006001a00fa000c
:1031d00000579800110f9800220f9800330f9800a5
:1031e000440f98008e0078002e089000c8fe07005b
:1031f000ce0a90003e0a90008e017800f2c0b30023
:103200009e0890000e50900074d60200010000004d
:103210000080fa00000006000800fa00200798006d
:10322000310798000000eb00100798000000eb0049
:10323000000f78003e0090000aee0200010000003e
:10324000100798000000eb00000f78000d00370019
:103250001e007800ae009000008040009040780092
:103260001e0078003e0190000000410010407800f0
:1032700080cf5000020032000000eb000600370053
:103280001e0fe8001e0090009e007800808f500006
:10329000efff3500100020000080fa00000006005b
:1032a0000600fa0010079800210798000000eb00c4
:1032b000000f78000d0037001e0078009e0090007f
:1032c00000804000904078001e0078002e019000a1
:1032d000000041001040780080cf50000200320012
:1032e0000000eb00190037001e0fe8001e007800f8
:1032f0009e00900000804000104078000004e00034
:10330000060032001e007800ae00900000804000f1
:10331000104078000004e000e7ff3a001e0078004b
:103320009e00900000804000904078001e007800d1
:103330002e019000000041001040780000c068009d
:103340000080fb000000e9004f00de000080fa0072
:10335000000006000800fa001007980021079800f6
:10336000624798000000eb00000f78000d00370066
:103370001e0078009e009000008040009040780081
:103380001e0078002e0190000000410010407800df
:1033900080cf5000020032000000eb000600370032
:1033a0001e0fe8006e4090000080fb009e0f500052
:1033b000efff3c00100020000080fa000000060033
:1033c0000a00fa003007980041079800ce009000ec
:1033d00011079800be009000010f78000000eb007c
:1033e000200798000b0037001e00900090407800e6
:1033f0001e007800014878001e0090000000e800e0
:10340000100798001e0fe8002e0090000000e80052
:10341000200798001e009000104078000004e00093
:10342000f1ff3a001e0078008040eb000148780070
:103430002e0090000080fa00000006000a00fa004a
:103440003007980041079800ce00900011079800bf
:10345000be009000010f78000000eb0020079800ec
:103460000b0037001e009000904078001e0078008e
:10347000014878001e0090000000e8001007980046
:103480001e0fe8002e0090000000e80020079800c2
:103490001e009000104078000004e000f1ff3a00a8
:1034a0001e0078008040eb00014878002e0090005c
:1034b0000080fa00000006000e00fa0040079800a5
:1034c00051079800424f9800de00900011079800c5
:1034d000ce009000010f78000000eb00200798005c
:1034e0000040eb00604798000e0037001e0090007f
:1034f000904078001e007800014878001e0090007f
:103500000000e800100798001e0fe8002e00900051
:103510000000e800200798006e4090000040e8009e
:10352000604798001e009000104078000004e00002
:10353000070032006e4090008000fb004e48900073
:103540000000fb000000e900808f5000e7ff35001d
:103550001e0078008040eb00014878002e009000ab
:103560000080fa00000006000200fa00004f780018
:10357000f0c2b3009e40780080cf500006003400b7
:1035800090c3b3009e40780080cf500002003c0002
:1035900010002000010037000000eb000080fa005e
:1035a000000006000400fa00100798000000eb007d
:1035b000000f78001e00900090407800b0c2b30069
:1035c00080cf500009003a001e0090000000e80083
:1035d00010079800060037001e0090000000e80069
:1035e000100798001e0fe8000100370000000000df
:1035f0001e00900010407800dbff07000000e00094
:10360000f5ff3a001e009000104078000004e00032
:10361000020032000000eb00000f78001e0078006e
:083620000080fa000000060022
:020000040000fa
:020000040004f6
:10362800d03200001e000000820000002346230064
:1036380049234e002354230052234100234e2300e4
:10364800532350002341230052234500234e2300d7
:103658005400000000080000aa0b000080000000d1
:10366800283300001400000080000000963300009a
:103678000400000080000000603300000c0000001f
:1036880080000000a82c0000040100008000000059
:10369800ac2d0000f600000080000000a22e000003
:1036a800cc00000080000000a83000006600000088
:1036b800800000006e2f0000bc00000080000000a9
:1036c8000e3100005c000000800000009032000015
:1036d80020000000800000006a3100004e00000059
:1036e80080000000041e00000e080000800000009a
:1036f8009e3300000200000082000000feff000070
:10370800a03300000200000080000000a233000087
:103718000200000080000000a43300000200000046
:1037280080000000663200002a00000080000000cf
:103738008a3300000600000082000000010001003a
:1037480000feff0012260000960600008000000020
:103758000c3300001c00000080000000b0320000a4
:1037680020000000800000009033000006000000e8
:1037780082000000ca0c94000c500d003c3300007d
:1037880014000000800000002a3000007e000000c5
:10379800800000006c3300000c0000008000000076
:1037a800783300000a00000082000000ffffff00dd
:1037b800fffa00003075000000000000aa130000a6
:1037c8005a0a000080000000a63300000200000032
:1037d800800000009a330000040000008000000010
:1037e800a8330000020000008000000050330000f1
:1037f8001000000082000000494e460000696e007b
:1038080066004e00414e00006e616e000000000030
:10381800ee3200001e00000082000000286e6900e1
:103828006c29000025006800076c09004c836a00b9
:103838009074a0007ac000008068880000846c0042
:10384800820081008233000008000000820000002e
:10385800696e6600006e61006e0000003032000084
:103868003600000082000000696e6600696e69001b
:10387800747900006e616e0000000a00000000000c
:103888006400000000e803000000100027000000aa
:10389800a0860100004042000f00800096980000ba
:1038a80000e1f500055f70008900ff00092f0f0097
:1038b800b83100003c000000820000000100030055
:1038c8000000000000000000000000000000a80048
:1038d8003c00000000000000001e3c00ac3d000061
:1038e80000000000000000000000000000000000d0
:1038f80000000000000000000000000000000000c0
:10390800000000000000000000000000aa330000d2
:103918000200000080000000f43100003c000000bc
:103928008200000001000300000000000000000009
:10393800000000000000a8003c000000000000009b
:10394800001e3c00ac3d000000000000000000002c
:10395800000000000000000000000000000000005f
:10396800000000000000000000000000000000004f
:1039780000000000ac3300000200000082000000dc
:1039880001000000ae3300000200000080000000cb
:04399800000000002b
:020000040000fa
:020000040004f6
:10399c000800fa0010079800414798003207980079
:1039ac000040eb00004f78000f0037001e80fb003a
:1039bc009e00900000804000104078008000fb00ca
:1039cc004e4090000080fb00808f500005003a00b4
:1039dc009e80fb003e009000010878001000200043
:1039ec00080037001e4fe8001e80fb009e00900070
:1039fc0000804000104078000004e000ebff3a002b
:103a0c000000eb000080fa00000006000c00fa0039
:103a1c003007980041079800520798000000eb000f
:103a2c00000f78000000eb00200798004e0090007b
:103a3c0010407800204798001e007800be009000cf
:103a4c0000804000e400470001017800ae40900087
:103a5c00cfff0700e10f50000f003a002e0090003e
:103a6c001e004000be00900000804000ce00900080
:103a7c000c19020002000000e10f500008003a008f
:103a8c002e0090009e0040005e009000010878001f
:103a9c0010002000060037000000eb000400370087
:103aac002e0090001e0f40001e0fe800e2ff3700b2
:103abc000080fa00000006000a00fa0030079800a7
:103acc0041079800be0090001107980003003700d2
:103adc001e0090000000e800100798001e009000e7
:103aec00104078000004e000f9ff3a00ce0090008e
:103afc0021079800030037002e0090000000e8001a
:103b0c00200798002e009000104078000004e00080
:103b1c00f9ff3a000040eb00004f78000700370037
:103b2c001e4fe8001e0090000000e90010079800ee
:103b3c002e0090000000e900200798001e00900065
:103b4c00904078002e0090001040780080cf5000fc
:103b5c0008003a009e0090003e009000808f5000bc
:103b6c0004003900ae0090004e009000808f500091
:103b7c00ebff31001e4078000080fa0000000600c8
:103b8c000a00fa0010079800414798003207980085
:103b9c00430798003e0090008040eb0001487800fd
:103bac004e0090008040eb00014878001c0037006c
:103bbc003e009000104078006a00b90000007800c8
:103bcc0000407800804078003e009000014878006a
:103bdc003e00900010407800804078001e0090005d
:103bec001040780080c0400000cdb30000c0400001
:103bfc00804078003e009000014878001e00900044
:103c0c000000e800100798004e009000104078006b
:103c1c000040e800804078004e0090000148780099
:103c2c001e00900010407800b41a02000200000040
:103c3c000000e000deff3a001e009000904078008b
:103c4c004e40900080cf5000040032001e009000c7
:103c5c00104078000004e00003003a00100020003f
:103c6c00000f7800020037000000eb00000f780016
:103c7c001e0078000080fa00000006000400fa0024
:103c8c0030998000e30f50004c003200e30f5000dd
:103c9c0005003e00e10f500016003200e10f50000d
:103cac003f003e0009003700a10f2000810f50009b
:103cbc0060003200b10f2000810f5000650032000f
:103ccc00ea0f5000400032006e003700509a80001e
:103cdc00e20f500078003600519a8000b01220009c
:103cec00808f500076003e00100020003099880034
:103cfc00780037000000eb00000f78000000eb00ac
:103d0c00100798000e0037001e0090004200dd00e6
:103d1c00c1db2000614078008080fb0000022000a5
:103d2c00008060000000e000020032001000200063
:103d3c00000f78001e0090000000e80010079800ab
:103d4c001e009000e30f5000efff34001e007800bf
:103d5c000000e0000b003a00017d200030c0b300f1
:103d6c0006a3020001000000a00f2000309988007b
:103d7c008040eb00001020008c6902000100000064
:103d8c0054003700017d200030c0b30006a30200b0
:103d9c000100000020002000309988004d00370001
:103dac00017d200030c0b30006a30200010000001a
:103dbc00300020003099880046003700a000200019
:103dcc0030998800430037001081200010407800a3
:103ddc000004e0000c0032008040eb0000102000da
:103dec008c69020001000000f08020001040780077
:103dfc00804078000114a000f08020000148780079
:103e0c00a00f20003099880000812000104078001d
:103e1c000004e0002c003a008040eb000010200071
:103e2c00be69020001000000a00f2000309988003c
:103e3c0028003700f0802000104078008040780087
:103e4c000154a100f080200001487800b00f200040
:103e5c0030998800509a8000e10f50001c003e0001
:103e6c00f080200010407800804078000154a100c0
:103e7c00f0802000014878000000eb0030998800a9
:103e8c00140037000000eb0030998800f08020000f
:103e9c0010407800804078000154a100f080200090
:103eac000148780080ef2d00f61f02000200000090
:103ebc00000000000700370000000000050037007c
:103ecc000000000003003700000000000100370074
:103edc00000000000080fa00000006000200fa005a
:103eec00004f7800a0da2200104078009e4f50005e
:103efc0003003a00506d81000090a000506d8900c5
:103f0c001e407800ea4f5000030032001e4078003b
:103f1c00ed4f500014003a0080ca22001040780087
:103f2c000004e0001e00320080ca2200104078001d
:103f3c000080fb0091ca22000041eb0082707800e7
:103f4c008001eb000001eb008000eb0090ca220026
:103f5c0026ca02000000000080ca22008040eb004c
:103f6c00014878000e0037001e407800ed4f5000dd
:103f7c000b00320080ca2200104078000080fb0049
:103f8c001e41780091ca22008270780080ca2200fb
:103f9c00104078008040e80080ca22000148780078
:103fac000080fa00000006000000fa0080002000eb
:103fbc00701d8800b023ef0020022000b01d880087
:103fcc00b823ef009bc0a800afe3a800b143a80042
:103fdc00b183a800b686a8000080fa000000060095
:103fec000200fa00000f78001e00780010407800e4
:103ffc000004e00011003200000000000100370056
:10400c0000000000811d8000001020000080600076
:10401c000000e000fbff32001e007800104078002a
:10402c000000fb00901d88001e0fe8001e007800a9
:10403c00104078000004e000f1ff3a000080fa0024
:10404c00000006000200fa00000f78001e00780045
:10405c00104078000004e000110032000000000065
:10406c000100370000000000811d800000102000be
:10407c00008060000000e000fbff32001e007800b2
:10408c00104078000080fb00901d88001e0fe80097
:10409c001e007800104078000004e000f1ff3a00a8
:1040ac000080fa00000006000000fa0000ee2d006f
:1040bc00cbff07000080fa00000006000000fa00a9
:1040cc000080fa00000006000200fa00004f7800a1
:1040dc001e80fb00e10f500003003200e20f500085
:1040ec002500320051003700706f22000536230086
:1040fc002436230080017800e2c1b3001130200087
:10410c0000cab30084d702000100000040772200ef
:10411c0005362300243623008001780022c0b3002a
:10412c001134200000cab30084d702000100000043
:10413c0040732200053623002436230080017800ca
:10414c00e2c1b3004134200000cab30084d702009e
:10415c0001000000307522000536230024362300b0
:10416c0080017800e2c1b3002136200000cab30000
:10417c0084d7020001000000706f22000536230076
:10418c002436230080017800e2c1b30011382000ee
:10419c0000cab30084d7020001000000407722005f
:1041ac0005362300243623008001780022c0b3009a
:1041bc00113c200000cab30084d7020001000000ab
:1041cc00407322000536230024362300800178003a
:1041dc00e2c1b300413c200000cab30084d7020006
:1041ec000100000030752200053623002436230020
:1041fc0080017800e2c1b300213e200000cab30068
:10420c0084d702000100000020772200053623002d
:10421c00243623008001780012c0b3002141200015
:10422c0000cab30084d702000100000030772200de
:10423c008040eb00014878000080fa000000060086
:10424c000000fa0000998000e10f50001e003200bf
:10425c00e10f500003003900e20f5000240032003f
:10426c002c003700ca06a900ca26a80040b32200b9
:10427c009040780010c3b30080cf5000050032008e
:10428c0040b322009040780050c3b30080cf500060
:10429c0005003a00419c200020c0b30006a3020098
:1042ac000100000004003700411f200020c0b300b3
:1042bc0006a3020001000000009980000000e80045
:1042cc000099880016003700ca06a900ca26a90062
:1042dc00411f200020c0b30006a302000100000013
:1042ec00009980000000e800009988000c0037005d
:1042fc00ca06a800ca26a900411f200020c0b3008e
:10430c0006a30200010000000000eb0000998800e9
:10431c00030037000000eb0000998800000000004b
:10432c000080fa00000006000200fa00004f78003e
:10433c00114798001e407800e54f500002003600ef
:10434c0050c0b300004f7800307581000000e000d1
:10435c0024003a00109b80000000e00021003a008d
:10436c00409b80000000e0001e003a00509a800044
:10437c00e10f50001b003a001e80fb0030758900d5
:10438c001e409000614060000080fb0061006000f6
:10439c00117581000100a1000100700010758900e9
:1043ac00107581000010a000107589001e4090004f
:1043bc000004e00003003a00800c20002075890006
:1043cc0002003700401f20002075890090d5200086
:1043dc0011c0b3000148780040c5b300c4fe020010
:1043ec000100000030758100004078000080fa0068
:1043fc00000006000000fa000080fa000000060031
:020000040000fa
:020000040004f6
:10440c00f03fb1000180b10006003500ee03090059
:10441c0000000000403fb1000180b100fbff3d00f7
:10442c001000b000203fb0000200350000800900f1
:08443c00000000000000060072
:020000040000fa
:02000004000af0
:104c20003030000030300000303000003130000003
:104c300039450000334600003234000030300000b7
:104c400030300000253000003258000025300000d0
:104c50003258000025300000325800002530000096
:104c6000325800003030000025300000325800007b
:104c7000253000003258000038410000004100009b
:104c800055440000494f0000204300004f440000fd
:104c90004543000020520000313400003d25000053
:104ca0006420000028300000782500003032000029
:104cb0005829000020520000313500003d25000039
:104cc0006420000028300000782500003032000009
:104cd00058290000523900003d25000064200000e2
:104ce00028300000782500003032000058290000ec
:104cf00020520000313000003d25000064200000fb
:104d000028300000782500003032000058290000cb
:104d100020520000313100003d25000064200000d9
:104d200028300000782500003032000058290000ab
:104d300020520000313200003d25000064200000b8
:104d4000283000007825000030320000582900008b
:104d5000204900003d250000630a000000250000f6
:104d60007320000046690000633d000025730000c9
:104d700020640000656d00003d25000064200000f7
:104d800065740000617400003d250000642000008f
:104d900065750000723d00002564000020250000bc
:104da000640a0000003100006b350000687a0000e2
:104db0002e7700006176000000310000356b0000a6
:104dc000687a00002e770000617600000044000041
:104dd000656d0000616e000064650000000d00005c
:104de0000a5400005241000043450000494e0000b3
:104df000464f000020000000257300002044000002
:104e0000656d0000616e0000646500004172000085
:104e100072650000744c000065630000747500004a
:104e200072650000536f00006e280000292000000a
:104e300045740000617400003d250000640a000014
:104e4000000d00000a52000020520000584d0000e2
:104e50004f440000200000000d0a0000000d00007b
:104e60000a52000020540000584d00004f4400003a
:104e7000200000000a0000003c3c00003c4500000f
:104e8000636800006f200000646500007465000026
:104e900063740000653e00003e3e00000a00000012
:104ea0002b4300004d4700004c3a0000200000005a
:104eb000244700005053000041430000503a0000d6
:104ec0002000000045520000524f00005200000038
:104ed0002b4300004d5300002045000052520000bb
:104ee0004f520000002b0000434d00004520000001
:104ef00045520000524f00005200000023410000c4
:104f0000504c000041590000455600003a20000076
:104f10003000000052450000432b00007566000081
:104f20000023000048540000545000005249000083
:104f30004e4700003a200000004d0000414a0000aa
:104f40003a2000005552000043200000696700002d
:104f50006e6f00007265000020700000656e00003a
:104f6000646100006e740000207200006563000040
:104f700065700000746900006f6e0000203a000048
:104f8000202500002e340000307300000a000000cd
:104f90004f4b0000002b0000434c00004343000037
:104fa0003a2000000041000070700000656c0000b5
:104fb000206500006e740000726100006e740000d5
:104fc000203e000020490000474e00004f520000e4
:104fd00045200000425000000a000000417000001f
:104fe000706500006c200000736f00007274000098
:104ff000616e000074200000656e000020630000f8
:105000006f750000727300002c20000069670000bb
:105010006e6f000072650000206500006e74000075
:10502000726100006e7400000a0000003030000061
:1050300030300000303000003030000030300000f0
:10504000303000003030000000410000707000007f
:10505000656c0000206500006e7400007261000045
:105060006e740000202d00003e2000004150000022
:10507000504500004c5f0000414c000045520000cc
:10508000540a000000520000494e00004700000092
:10509000524900004e470000206c000075200000bf
:1050a0005374000061740000757300003d410000fe
:1050b00050500000454c00005f5400005241000079
:1050c00049540000454d0000454e000054200000aa
:1050d0002043000070740000536500006349000025
:1050e000676e00006f720000654100007070000084
:1050f000656c00003d3500000a00000052490000c8
:105100004e470000206c0000752000006967000019
:105110006e6f00007265000020000000204100005a
:10512000455300003d0000002041000053530000a3
:105130003d0000002d2d00002d2d00002d2d000024
:105140002d2d00002d2d00002d540000494d000094
:10515000452000004f550000542000002d20000085
:10516000434100005345000020000000256400007a
:10517000002d00002d2d00002d2d00002d2d0000f4
:105180002d2d00002d0d00000032000030380000f1
:1051900030310000003200003038000030320000b2
:1051a000006f0000726100006e6700006500000083
:1051b0003230000038310000300000003230000092
:1051c000383100003100000032300000383100007a
:1051d0003300000077650000627300006672000013
:1051e000003200003038000031350000003200008d
:1051f00030380000313600000066000072650000a3
:10520000650000003230000038320000300000003d
:10521000323000003832000031000000323000002f
:1052200038380000380000006d6d00007362000027
:105230006f75000079670000746500006c2e000037
:10524000636f00006d000000323700003230000054
:105250003100000069730000702e0000766f0000be
:1052600064610000666f00006e6500002e6900003a
:1052700065000000323700003230000032000000cc
:105280003237000032300000350000007468000042
:1052900072650000652e00006965000000320000a4
:1052a00037320000303300000069000073700000e6
:1052b0002e650000697200002e6900006500000084
:1052c0003237000032300000370000007465000003
:1052d000736300006f6d00006f620000696c000076
:1052e000652e0000696500000032000033340000c4
:1052f0003130000000320000333400003032000052
:10530000003200003334000031310000006d000035
:105310006f620000696c0000652e00006f320000b3
:105320002e6300006f2e0000756b0000003200003d
:105330003334000031350000003200003334000007
:1053400039310000006900006e74000065720000d1
:105350006e6500007400000032330000343300003a
:10536000300000003233000034330000330000000e
:105370003233000034330000340000006576000052
:1053800065720000797700006865000072650000b2
:10539000003200003334000032300000007400009e
:1053a00068720000656500002e6300006f2e00002b
:1053b000756b000000320000303200003031000018
:1053c00000320000303200003032000000320000b5
:1053d0003032000030350000006900006e740000bb
:1053e000657200006e650000742e0000766f00008c
:1053f00064610000666f00006e6500002e670000ab
:10540000720000003230000032300000390000002d
:1054100032300000323100003000000067690000c7
:105420006e7400002e6200002d6f00006e6c000094
:10543000696e0000652e000067720000005b0000ce
:10544000473100003d250000642000003c3c000086
:1054500020250000640a000000470000312e0000f3
:105460002564000020730000746100007274000065
:10547000200a0000004900004e49000054200000ae
:1054800047310000203100002031000020310000b1
:1054900000470000312e000025640000205200006b
:1054a00054530000206500007420000043540000a5
:1054b000532000003d20000025640000200a000069
:1054c0000057000061690000746900006e67000009
:1054d00020250000642000000d0000004154000061
:1054e000264600000d00000041540000264b00003d
:1054f000300d0000002d00002d2d00002d2d00008e
:1055000061700000774b00004f660000662d0000c0
:105510002d2d00002d540000494d000045200000b5
:105520004f550000542000002d2000004341000092
:1055300053450000200000004154000045300000a9
:105540000d000000415400002b49000050520000a3
:105550003d3100003135000032300000300d0000d8
:1055600000410000542b0000494300004349000063
:10557000440d0000002b0000494300004349000097
:10558000443a00002000000043430000494400006a
:1055900020450000727200006f7200000a000000d7
:1055a000415400002b430000475300004e0d000003
:1055b000004100005423000053570000504b0000ee
:1055c000475600000d000000494d0000454900000d
:1055d0003a200000002f0000000d000000410000f4
:1055e000542b0000434700004d4d00000d0000000b
:1055f0004154000023490000534d00005343000074
:10560000464700003f0d0000002300004953000002
:105610004d53000043460000473a0000203100008f
:1056200000230000495300004d5300004346000092
:10563000473a0000203000000041000054230000e1
:10564000495300004d53000043460000473d000011
:10565000300d0000000a00002072000065620000aa
:105660006f6f0000742000006d6f00006465000023
:105670006d200000706f0000757200002041000076
:1056800054230000495300004d53000043460000de
:10569000473d0000302000000a0000004154000097
:1056a0002b430000504900004e3f00000d00000059
:1056b0002b430000504900004e3a000020520000e9
:1056c0004541000044590000002b000043500000f9
:1056d000494e00003a200000534900004d200000d0
:1056e000504900004e0000002b43000050490000cc
:1056f0004e3a000020530000494d000020500000a9
:10570000554b0000002b000043500000494e0000a4
:105710003a2000004e4f000054200000494e000087
:105720005345000052540000454400000041000071
:10573000542b000043500000494e00003d22000061
:10574000002200000d000000436f000064650000af
:1057500020500000494e00002070000061730000de
:105760002070000061720000616d0000657400002f
:10577000726500002c200000766f00006972000046
:105780002043000046500000494e00000a0000007f
:1057900057410000524e0000494e0000473a0000b9
:1057a000204f00004e4c0000592000004f4e0000da
:1057b0004520000041540000544500004d500000b9
:1057c00054200000464f00005220000050490000c5
:1057d0004e2000004c450000465400002c200000e4
:1057e00043480000454300004b20000052450000a4
:1057f0004749000053540000455200004544000052
:1058000020500000494e0000004300006c69000079
:105810006720000032200000506900006e20000068
:105820006f6b00000a000000415400002b43000091
:10583000535100000d0000002b43000053510000a5
:105840003a20000000470000312e000025640000cf
:1058500020450000636800006f440000657400008c
:1058600065630000746500003e3e000020350000c6
:1058700031300000200d000000410000542b0000da
:10588000434d0000454500003d3200000d00000082
:10589000415400002b490000464300003d30000009
:1058a0002c3000000d000000415400002b4300008c
:1058b0004d470000463d0000310d00000041000052
:1058c00054530000303d0000303b000053370000cf
:1058d0003d320000353500000d000000415400004d
:1058e0002b430000523d0000300d0000004100003d
:1058f000542b000043520000433d0000300d0000d7
:1059000000410000542b000043520000534c0000a3
:105910003d3000000d000000415400002b4300000a
:10592000465500004e3d0000310d000000410000d2
:10593000542b0000434c0000495000003d30000053
:105940000d000000415400002b4300004c490000b2
:10595000523d0000300d000000410000542b0000bb
:10596000434f00004c5000003d3000000d0000008f
:10597000415400002b430000534900004c3d0000ff
:10598000313b00002b4300004c5600004c3d000012
:10599000300d000000410000542300005347000078
:1059a00041430000543d0000312c0000300d000048
:1059b00000450000525200004f520000202b000012
:1059c0004347000041430000543d0000312c0000db
:1059d000302000002d200000436f00006e74000096
:1059e000696e0000756500000a0000004154000067
:1059f0002b43000047440000434f00004e5400007a
:105a00003d3100002c22000049500000222c0000f3
:105a100022000000222c0000223000002e30000066
:105a20002e3000002e300000222c00002c2c000014
:105a30000d000000415400002b43000047440000cb
:105a4000434f00004e5400003d3100002c22000066
:105a500049500000222c0000222200000d0000000e
:105a6000415400002353000047410000435400000c
:105a70003d3100002c3100000d0000002d2d0000f4
:105a80002d2d00002d2d00002d2d00002d2d0000ae
:105a90002d490000676e00006f7200006520000055
:105aa00065720000726500007572000020730000ce
:105ab0007572000020630000736900006c20000014
:105ac0000041000054230000493200004357000009
:105ad000523d0000342c0000372c00003230000012
:105ae0002c300000302c0000313700000d00000089
:105af00070610000756f00006b2e00007761000080
:105b000076000000697300006f6c0000652e0000d5
:105b1000776100007600000052650000626f0000af
:105b20006f74000020640000752000006d6f00009d
:105b3000646500006d200000417500006375000081
:105b40006e200000534d0000530a00000052000078
:105b5000656200006f6f0000742000006d6f000030
:105b6000646500006d200000657400006170000035
:105b70006520000032300000302c0000206500005d
:105b80007461000074200000696e0000636f000003
:105b90007272000065630000740a0000005000008b
:105ba0004450000020440000efbf0000bd6a000028
:105bb000efbf0000bd2000006f750000766500009b
:105bc00072740000202d000020440000656d00006c
:105bd000616e000064650000204f000075760000d3
:105be00065720000747500007265000020500000ae
:105bf000445000000a000000477200006166000087
:105c000020470000534d0000207300006c65000029
:105c1000657000000a0000004154000024470000a5
:105c200050530000503d0000300d000000410000c6
:105c3000542b000043460000554e00003d3000004c
:105c40000d000000473100002e25000064200000f8
:105c5000544900004d450000204f000055540000fd
:105c60000d000000473100002e25000064200000d8
:105c700045720000726f0000725200006563000000
:105c80007520000045720000726f00007252000023
:105c90006563000075200000200d0000003c00003e
:105ca0003c3c00003c3c00003c3c00003c47000009
:105cb000312e0000256400002045000063680000cc
:105cc0006f440000657400006563000074650000a7
:105cd000203e00002035000031300000203e000052
:105ce0003e3e00003e3e00003e3e00003e3e0000c4
:105cf0003e3e00003e200000353100003020000014
:105d00000d00000052650000707200006973000011
:105d100065200000473100002e25000064200000af
:105d200047310000373d00002564000000470000b7
:105d3000312e00003231000030200000506f000092
:105d400073480000503d000000250000640a000078
:105d500000410000542b000043530000494c000058
:105d60003d3000000d000000536f00006e6e00001b
:105d7000657200006965000020500000617300003a
:105d80002064000065200000666900006368000070
:105d900069650000720a0000004100005423000001
:105da000415000004c410000593d0000302c0000e3
:105db000302c0000222200000d00000041540000a1
:105dc00023410000504c0000415900003d310000cb
:105dd0002c3000002c2200000022000000470000b0
:105de000312e000032310000312000006c690000cb
:105df00074200000002a00004552000052450000b7
:105e00005552000000640000656d0000616e0000e6
:105e100064650000206600006963000020740000d3
:105e200065730000742000006f6c0000640a0000bd
:105e30000041000054230000415000004c4100008c
:105e4000593d0000302c0000302c000022000000e2
:105e500045520000524f000052200000494e000001
:105e6000534500005254000020500000494e0000ed
:105e700020570000484500004e200000434100002c
:105e8000524400002049000053200000554e0000fd
:105e9000504f0000574500005245000044200000cc
:105ea00054480000454e00002054000052590000a4
:105eb0002041000047410000494e00000a00000058
:105ec00045520000524f000052200000544f000085
:105ed0004f2000004d4100004e59000020540000aa
:105ee00052490000455300003a2000005349000089
:105ef0004d200000424c00004f4300004b45000085
:105f000044200000434f00004445000020500000a2
:105f1000554b0000204e0000454500004445000060
:105f2000440a000000410000542b0000434e0000d2
:105f30004d4900003d3100002c3100002c300000a4
:105f40002c3000002c3000000d00000041540000f7
:105f50002b4300004d4700004c3d00002241000053
:105f60004c4c0000220d000000410000542b0000aa
:105f7000434d0000474400003d0000002c3000006d
:105f80000d000000415400002b4300004d4700006d
:105f9000443d0000312c000034000000415400005a
:105fa0002b43000052450000473f00000d00000059
:105fb0002b43000052450000473a0000203000000b
:105fc0002c310000002b0000435200004547000028
:105fd0003a200000302c0000350000002b43000068
:105fe00052450000473a0000203100002c310000eb
:105ff000002b000043520000454700003a200000fb
:10600000312c0000350000002b43000052450000f9
:10601000473a0000203000002c330000002b000025
:1060200043520000454700003a200000312c000098
:1060300033000000526500006769000073740000bf
:1060400072610000746900006f6e0000206400003f
:10605000656e000069650000642000006f6e00003e
:1060600020720000656300006f6d00006d65000028
:106070006e630000650a0000002b00004352000020
:10608000454700003a200000302c0000300000009e
:106090002b43000052450000473a0000203000002a
:1060a0002c340000002b0000435200004547000044
:1060b0003a200000312c0000300000002b4300008b
:1060c00052450000473a0000203100002c34000007
:1060d0000053000065750000696c0000207000002e
:1060e0007265000063650000646500006e74000066
:1060f00020640000656600006175000074200000e7
:106100007265000073650000617500000a00000000
:10611000526500006c6100006e63000065200000a5
:106120007461000063680000652000006d6f00006e
:10613000646500006d2000006361000072200000b3
:10614000646500006661000075740000206900004d
:106150006e730000637200006970000074690000d3
:106160006f6e00000a0000002b4300005245000043
:10617000473a00002032000000410000542b00008c
:1061800043520000454700003d3100000d00000073
:106190004c6500006374000075720000652000000b
:1061a00043530000510a0000004c000065630000ea
:1061b0007475000072650000203c000072730000de
:1061c000736900003e2000003a20000025640000b2
:1061d0000a0000004c650000637400007572000046
:1061e000652000003c730000713e0000203a000072
:1061f00020250000640a000000410000542b00002c
:1062000043450000535100000d0000002b430000e7
:1062100045530000513a0000200000002b430000cd
:1062200045530000513a000020390000392c00008d
:10623000393900002c0000002b43000045530000ba
:10624000513a000020390000392c00003939000093
:106250002c320000353500002c32000035350000ae
:106260002c0000004c650000637400007572000093
:10627000652000003c72000073720000713e000057
:10628000203a000020250000640a0000004c0000b5
:10629000656300007475000072650000203c00001a
:1062a00072730000727000003e2000003a2000006f
:1062b000256400000a0000004c65000063740000c3
:1062c00075720000652000003c72000073630000de
:1062d000703e0000203a000020250000640a000003
:1062e000004c0000656300007475000072650000da
:1062f000203c0000656300006e6f00003e2000003f
:106300003a200000256400000a000000415400000b
:106310002b4300004d470000533d000022000000c9
:10632000546900006d6500004f7500007431000075
:10633000206500006e7600006f69000020530000a9
:106340004d5300000a0000002563000000530000c8
:106350004d530000454e0000562000000054000040
:10636000696d0000654f0000757400003220000068
:10637000656e0000766f000069200000534d00003c
:10638000530a0000004500007272000065750000ad
:1063900072200000473100002e360000322000003d
:1063a000656e0000766f000069200000534d00000c
:1063b000530a0000005300004d53000045520000f6
:1063c0005220000000410000542b0000434c00000c
:1063d000434300000d00000041540000410d000047
:1063e00000410000542300005246000053540000b6
:1063f000530d00000041000054530000373d0000e1
:10640000300d00000041000054440000003b00003b
:106410000d00000041540000480d0000004e000037
:106420004f4b00002d3e00003233000032200000b0
:106430004d6c00003d00000043500000494e00003c
:1064400020540000696d0000654f000055540000a5
:106450002d3e000032330000320a0000003f0000f1
:1064600000410000542b0000434f00005053000037
:106470003f0d0000002b0000434f00005053000070
:106480003a000000415400002b4300004f50000030
:10649000533d0000332c0000320d0000004100008d
:1064a000542b0000434f0000505300003d330000c8
:1064b0002c3000000d000000415000004e20000074
:1064c0006f70000065720000617400006575000067
:1064d000722000006d690000732000006120000040
:1064e0006a6f000075720000202d00003e20000041
:1064f0007265000070610000726100006d6500004f
:1065000074720000616700006520000050440000c4
:10651000500a000000410000542b000043530000cb
:10652000494c00003d3100000d00000047310000e3
:106530002e31000031340000205000006f73000045
:10654000485000003d000000473100002e3100009f
:106550003135000020470000616900006e730000c3
:10656000206f00006b0a000000470000656e00000d
:106570004671000074200000673100003d310000ca
:1065800036300000207000006f730000687000005b
:106590003d00000043740000726c0000476500007d
:1065a0006e460000717400002e4c0000616e000009
:1065b00063650000653d0000310a000000410000f5
:1065c000542b000056540000443d000000410000e0
:1065d000542b000056540000533d0000007300008f
:1065e0006920000070610000732000006d610000f0
:1065f00072630000686500002c20000074650000d4
:106600007374000065720000206100007665000070
:10661000632000002c200000656e000074720000f2
:1066200065200000636100007220000064740000b7
:106630006d66000000410000542b00004352000032
:10664000454700003d3200000d00000041540000ad
:1066500023530000484400004e0d0000005200008b
:10666000454200004f4f000054200000536f0000cf
:1066700066740000204d00006f640000656d00002e
:106680000a0000002d460000696e00002074000022
:10669000656d0000706f000020470000312e000083
:1066a000256400002d0d000000520000454200004e
:1066b0004f4f000054200000656c0000656300002f
:1066c000747200006971000075650000204d0000c3
:1066d0006f640000656d00000a0000005220000099
:1066e00000410000542b00005753000034360000d6
:1066f0003f0d0000002b000057530000343600000f
:106700003a20000000410000542b000057530000c5
:10671000343600003d250000640d00000023000019
:10672000232300004445000042550000472000009c
:106730004261000073630000756c0000652000007a
:10674000766500007273000020330000470a0000e5
:1067500000230000232300004445000042550000b0
:10676000472000004261000073630000756c000068
:106770006520000076650000727300002034000080
:10678000470a000000410000542400004750000068
:10679000535000003f0d000000240000475000004f
:1067a000535000003a200000004100005424000033
:1067b00047500000535000003d3100000d00000024
:1067c00041540000244700005053000041430000a2
:1067d000500d0000002d00002d2d00002d2d00007b
:1067e0002d2d00002d2d00002d2d000054490000fe
:1067f0004d450000204f000055540000202d0000a2
:106800002033000030310000000a00002323000084
:1068100023540000524100004e530000504100003c
:10682000524500004e540000204300005054000028
:106830003d30000020230000232300000a00000058
:106840000a2300002323000044420000474d0000bb
:106850004f440000454d00003d300000202800005e
:106860006d6f0000646500006d200000657400001d
:1068700061690000742000007072000065740000ff
:106880002920000023230000230a0000000a000042
:106890002323000023440000424700004d4f000026
:1068a000444500004d3d000030200000286d0000f0
:1068b0006f640000656d00002070000061730000cf
:1068c0002070000072650000742c0000207200002f
:1068d000656900006e690000742900002023000033
:1068e000232300000a000000415400005a0d00005c
:1068f0000048000054540000503a0000206100009d
:10690000626100006e6400006f6e000020280000cd
:106910004e62000054720000792000006570000093
:106920007569000073650000290a0000004100003d
:106930005423000048540000545000004346000017
:10694000473d0000302c000022250000732200008b
:106950002c250000642c0000302c000022220000b6
:106960002c220000222c0000312c000031320000cb
:10697000302c0000310d00000041000054230000c5
:10698000485400005450000051520000593d00008e
:10699000302c0000302c0000222500007322000063
:1069a0000d00000048540000545000003a20000040
:1069b0006563000068650000632000004854000023
:1069c0005450000043460000472000002d200000e6
:1069d0007265000074720000790a0000004800002f
:1069e00054540000503a0000207000006173000011
:1069f000206400006520000023480000545400007b
:106a000050520000494e0000472000002d20000099
:106a10007265000074720000790a000000480000ee
:106a20005454000050520000494e0000472000001e
:106a30007374000061740000757300003d25000050
:106a400075200000736900007a6500003d25000094
:106a50006c7500000a00000048540000545000000b
:106a60003a20000073740000617400007574000027
:106a7000202100003d20000032300000300a0000dc
:106a800000410000542b0000434e00004d4900001f
:106a90003d3000002c3000002c3000002c30000075
:106aa0002c3000000d00000041540000234800007d
:106ab0005454000050520000435600003d30000086
:106ac0002c250000640d0000004d0000414a00002c
:106ad0003a20000074610000696c00006c650000e1
:106ae000206e0000756c00006c6500000a0000005c
:106af0000a3d00003d200000424c00004f430000d2
:106b0000206200006c6f0000635f00006c65000095
:106b10006e3d0000257500002072000061770000c6
:106b20003d2500006c7500002066000072610000c9
:106b3000675f00006c6500006e3d00002575000079
:106b400020460000696c000065410000646400009c
:106b50003d2500006c7500002f2500006c750000bd
:106b6000203d00003d0a0000006600007261000048
:106b7000673d00005b0000005d0a0000004d000062
:106b8000414a00003a2000006c690000676e000076
:106b900065200000636f0000727200006f6d0000de
:106ba00070750000652000003a200000000a000017
:106bb0004d4100004a3a0000206c00006967000067
:106bc0006e650000206900006e760000616c0000b8
:106bd00069640000652000002865000072720000f2
:106be0003d2500007529000020460000696c00006a
:106bf00065410000646400003d2500006c750000e4
:106c0000203a0000200000004d4100004a3a0000f8
:106c1000206c0000696700006e65000020630000c2
:106c20006f720000726f00006d70000075650000eb
:106c30002f6900006e760000616c0000696400003e
:106c4000652000002d3e000020720000656c0000f1
:106c5000616e00006365000020630000796300003e
:106c60006c650000206300006f6d0000706c000018
:106c7000657400000a0000004d4100004a3a00001f
:106c8000202500006c75000025250000204f000025
:106c9000565200003d250000750a0000004d00001e
:106ca000414a00003a200000666900006e200000a2
:106cb0006c6500006374000075720000650a0000d6
:106cc000004d0000414a00003a20000066690000c3
:106cd0006e20000065720000726f0000723d0000bf
:106ce00025750000206500006f6600003d2500004e
:106cf0007520000072610000773d0000256c0000e7
:106d000075200000446100007461000053690000b8
:106d10007a6500003d2500006c75000020650000cc
:106d200063610000727400003d2500006c64000087
:106d30000a0000004d4100004a3a000020660000b1
:106d40006963000068690000657200002069000046
:106d50006e6300006f6d0000706c000065740000d1
:106d60002f6500007272000065750000720a000055
:106d7000004d0000414a00003a2000006c65000010
:106d8000637400007572000065200000636f0000ee
:106d90006d7000006c65000074650000204f0000fd
:106da0004b0a0000005300007761000070200000d3
:106db000506100007274000069740000696f000087
:106dc0006e2000004f4b00000a00000053770000c7
:106dd00061700000205000006172000074690000c2
:106de000746900006f6e00002046000061690000b9
:106df0006c0a0000004100005423000041530000d1
:106e0000454e0000443d0000227400006573000000
:106e1000742e000077610000762200002c33000001
:106e2000303000000d0000000a4d0000414a000013
:106e3000202b0000434d000045200000455200007b
:106e4000524f00005220000061200000256c00001d
:106e5000752f0000256c00007520000028650000db
:106e6000737300006169000020250000752900008f
:106e7000202d00003e200000726500006c610000c3
:106e80006e6300006520000063790000636c000001
:106e900065200000636f00006d7000006c650000ed
:106ea000740a0000000a00004d4100004a20000062
:106eb000544900004d4500004f550000542000008b
:106ec0002873000065730000736900006f6e000096
:106ed0002076000069760000616e00007465000095
:106ee0002920000061200000256c0000752f0000a3
:106ef000256c0000752000003a200000726500003b
:106f00002d2300004854000054500000524300005c
:106f1000562000007375000072200000706c0000a5
:106f200061630000650a0000004500006e76000005
:106f30006f690000205300004f460000544d0000d0
:106f4000414a000020520000455400005259000000
:106f500020500000415500000a000000456d00006f
:106f600065740000205300004f460000544d00009f
:106f7000414a0000205200004554000052590000d0
:106f800020500000415500000a0000003f3f000073
:106f90003f3f00003f200000473100002065000017
:106fa0007461000070650000206900006e630000dd
:106fb0006f6e00006e750000652000002d3e000021
:106fc0002032000030300000200a0000004d000098
:106fd00061780000205300004d530000206a00003b
:106fe0006f7500007220000061750000746f000072
:106ff0007269000073650000206400006570000085
:1070000061730000736500000a0000004354000033
:10701000524c00005245000053450000415500000d
:107020002053000051330000473d00003939000073
:107030002053000051340000473d00003939000062
:107040002052000053520000503d0000302000004c
:1070500052530000435000003d3000002045000026
:10706000434e00004f3d000030200000525300000e
:10707000525100003d30000000410000504e000021
:10708000204e00004f4d00003d5a0000000000005f
:107090005b0d00005c0d00005d0d00005e0d00004a
:1070a0006d0d00005f0d0000650d0000660d000015
:1070b000670d0000680d0000610d0000620d00000a
:1070c000630d0000690d00006a0d00006b0d0000eb
:1070d0006c0d0000640d00005220000043460000cb
:1070e000412000004c3d000000200000453d000014
:1070f00000200000443d000000200000433d00004f
:1071000000200000583d000000200000563d000017
:10711000005a000000200000533d00000020000045
:10712000493d0000002000004d3d0000002000000f
:10713000543d000000520000205300004d53000059
:10714000204e0000554d00003d000000204500008d
:10715000503d000000310000003000000020000021
:107160004c4e0000473d000000200000435000004e
:10717000453d00000020000043500000533d00004a
:10718000000a0000002000004e5500004d3d0000a8
:107190000020000044540000453d00000020000095
:1071a00044540000453d000030000000204800002d
:1071b000524500003d0000002048000052450000fc
:1071c0003d30000000200000545300004d530000eb
:1071d0003d00000042550000473d00000052000005
:1071e000204d000041500000504900004e47000073
:1071f00000200000470000003d0000002053000078
:1072000000200000440000002f0000005f0000008c
:107210003a00000052200000494e0000464f000096
:1072200020480000423d00000020000048430000cc
:107230003d00000020480000524f00004b3d000080
:1072400000200000485200004b4f00003d000000ad
:10725000204d0000453d0000002000004e5400007d
:107260004f3d000000200000444500004e49000052
:10727000454400003d00000020540000523d000045
:1072800000200000484c0000453d00000046000082
:10729000494300003d000000676100007264000087
:1072a000652e00007761000076000000666900002e
:1072b000706800006f2e000077610000760000000b
:1072c00070610000756f00006b2e00007761000098
:1072d00076000000697300006f6c0000652e0000ee
:1072e0007761000076000000316b00003568000017
:1072f0007a2e000077610000760000003135000032
:107300006b6800007a2e00007761000076000000b4
:10731000636f00006e660000697200006d2e000051
:107320007761000076000000522000004d530000fd
:10733000475400004553000054200000444500001d
:107340004d3d0000005400004f3d0000004900008a
:1073500043520000413d0000004300004d44000046
:107360003d000000436d0000642000006d6f0000d0
:10737000646500006d2000003a000000464f0000e8
:10738000524300004547000052410000463d0000c6
:1073900000470000312000003e3e00003e2000007b
:1073a000256400000a00000052450000424f000022
:1073b0004f5400003d00000052650000626f000065
:1073c0006f740000207300006f66000074200000de
:1073d000696d00006d650000646900006174000063
:1073e00020640000752000006d6f000064650000df
:1073f0006d0a000000520000656200006f6f00001f
:107400007420000064750000206d00006f640000af
:10741000656d00002061000070720000657300005f
:10742000205300004d530000204500007261000011
:10743000736500000a00000052650000626f0000e2
:107440006f740000206500006c650000637400002c
:10745000726900007175000065200000696d000010
:107460006d65000064690000617400002064000024
:10747000752000006d6f0000646500006d0a00005b
:1074800000520000656200006f6f00007420000071
:10749000656c000065630000747200006971000093
:1074a0007565000020640000752000006d6f00000d
:1074b000646500006d2000006170000072650000ce
:1074c00073200000534d000053200000457200005f
:1074d00061730000650a0000005200006562000050
:1074e0006f6f0000742000007061000072200000c7
:1074f000415400005a200000696d00006d650000d5
:107500006469000061740000206e000000520000f9
:10751000656200006f6f000074200000415400009d
:107520005a20000064750000206d00006f640000a8
:10753000656d00002061000070720000657300003e
:10754000205300004d5300002045000072610000f0
:10755000736500000a0000005453000054500000fe
:10756000494e00003d00000044430000443d00003f
:1075700000440000495400003d0000004454000055
:107580004d4600003d00000044420000473d000021
:10759000004900004e4600004f3d00000052000030
:1075a000204d00004f440000454d000020520000d7
:1075b00065710000754f0000666600003d00000028
:1075c0002052000065710000755300006c650000da
:1075d000657000003d00000020470000534d000092
:1075e0005f530000746500003d000000505700002c
:1075f000525f00004f460000460000005057000058
:107600005f4f00004e000000434f00004e46000058
:10761000494700000050000052450000540000009f
:107620004e4f00005f530000494700004e410000ec
:107630004c000000534c0000454500005000000085
:1076400045520000524f0000520000003f3f000032
:107650003f00000020540000282000007069000056
:107660006e3d0000002000002072000073730000d7
:10767000693d00000020000020630000616c0000f4
:107680006c3d000000200000207300006d730000be
:107690003d00000020290000200000002020000004
:1076a0004e620000746f00003d000000454600007f
:1076b0004641000043450000525300004d53000076
:1076c0003d000000205400005241000043450000ee
:1076d0003d000000522000004d4f000044450000d6
:1076e0004d2000005452000041430000453d000081
:1076f0000020000044430000443d00000020000042
:1077000044490000543d00000020000044420000b5
:10771000473d0000005200002050000043200000c0
:1077200050520000453d000000520000204f000074
:1077300050450000524100005445000055520000e1
:1077400020520000454700003d000000204e000090
:107750004f4d00003d22000000220000004f0000bd
:10776000505400003d000000545000004645000009
:107770003d00000052450000505f000041550000f0
:10778000544f00003d000000434f00004e460000f3
:107790005f41000050500000454c00003d000000db
:1077a000522000004f500000544900004f4e00008e
:1077b00020000000204f0000505400003d00000059
:1077c0002054000050460000453d0000002000000d
:1077d00052450000505f000041550000544f00002a
:1077e0003d3100000020000052450000505f0000c5
:1077f00041550000544f00003d30000000200000c3
:10780000434f00004e4600005f4100005050000012
:10781000454c00003d31000000200000434f0000b7
:107820004e4600005f41000050500000454c0000f3
:107830003d3000000053000051330000473d000080
:107840000053000051340000473d0000005200008a
:1078500053520000503d00000052000053520000ff
:10786000513d000000450000434e00004f3d000028
:107870000052000053430000503d00000052000041
:1078800020520000455300004541000055200000f3
:1078900057530000343600003d25000064200000ee
:1078a00054590000504500003d25000064200000b0
:1078b0004c410000535400005f340000475f00005b
:1078c000535100003d250000642000004c410000a1
:1078d000535400005f340000475f00005253000023
:1078e000525000003d250000642000004c41000083
:1078f000535400005f340000475f00005253000003
:10790000515000003d250000642000002d2d000096
:107910002053000051330000473d00002564000063
:107920002053000051340000473d00002564000052
:107930002052000053520000503d0000256400001a
:107940002052000053520000513d00002564000009
:1079500020450000434e00004f3d0000256400001c
:107960002052000053430000503d000025640000f9
:107970002000000041430000543d00000052000080
:10798000204100004d5000004c4900002041000003
:10799000435400003d0000004e4f00004d3d0000ec
:1079a0000052000020410000504e0000204e000018
:1079b0004f4d00003d000000434f000055520000b5
:1079c000543d00003100000054500000413d0000d3
:1079d00000550000524700003d0000004e550000d9
:1079e0004d3d0000005200002041000050500000ba
:1079f000454c0000204e0000554d00003d000000a9
:107a000020540000504100003d00000020550000bf
:107a1000524700003d000000204300004f55000089
:107a2000525400003d00000020440000454d00007d
:107a30003d310000004c00003d0000004e3d0000c4
:107a4000005200002042000049500000204e00007b
:107a50003d000000204c00003d00000045460000b5
:107a600046410000434500003d000000444d000039
:107a7000433d000000520000545200003d00000051
:107a800054410000433d0000004d000044530000fd
:107a9000433d00000057000044530000563d0000e5
:107aa0000057000044530000543d00000057000000
:107ab00044530000473d00000057000044560000ba
:107ac000413d000000440000533d0000004800001c
:107ad000544a00003d000000484d0000415800009d
:107ae0003d000000484d0000494e00003d000000f0
:107af000544500004c3d00000052000020430000af
:107b00004650000041550000204e00004f4d00003f
:107b10003d00000020440000544d0000463d0000a0
:107b200000200000485400004a3d000000200000f2
:107b3000444d0000433d000000200000544500007b
:107b40004c3d000000200000445300003d000000b8
:107b500020560000543d0000002000004d4400006d
:107b6000534300003d00000020520000545200002a
:107b70003d0000002057000044530000563d000027
:107b80000020000057440000535400003d00000056
:107b90002057000044530000473d00000020000033
:107ba00057440000564100003d00000020540000f2
:107bb000414300003d000000204800004d4100000e
:107bc000583d000000200000484d0000494e0000d4
:107bd0003d000000504900004e3d000000520000f2
:107be0002043000046500000494e00002050000095
:107bf000494e00003d00000020430000563d0000bb
:107c000000520000204300004653000020530000b3
:107c10003d000000204600003d00000052410000f1
:107c20005a3d0000004d00004a4100003d000000a8
:107c30005220000043500000542000004350000038
:107c4000453d000000200000454a00003d000000c6
:107c500020450000483d000000200000534a00007d
:107c60003d00000020530000483d000000200000bf
:107c7000534a0000413d000000200000534800002e
:107c8000413d000000200000534a0000453d000037
:107c90000020000053480000453d00000020000087
:107ca0004d4a0000413d0000002000004541000019
:107cb0003d000000522000004455000052450000e5
:107cc00045200000002000004e530000564a0000ee
:107cd0003d00000020530000524500004a3d0000d6
:107ce0000020000053500000484900004a3d0000b9
:107cf0000020000053500000484f00004a3d0000a3
:107d000000200000204e000053560000483d0000b7
:107d10000020000053520000454800003d000000d4
:107d20002053000050480000494800003d0000007a
:107d300020530000504800004f4800003d00000064
:107d4000522000004445000042550000472000003a
:107d5000002000004d6f0000646500006d4f0000c2
:107d60006b3d000000200000546f00004731000010
:107d70003d000000205300006d73000054700000af
:107d80003d000000204c0000536f00006e2e0000ec
:107d900045740000617400003d000000202e0000ca
:107da0004669000063300000213d00003000000003
:107db000202e000046690000633000003d3d0000b9
:107dc0003000000020410000432e0000415400001c
:107dd0007261000069740000657200003d000000df
:107de000202e0000506f00007369000074690000cd
:107df0006f6e00006e6500003d000000202e000048
:107e000054790000705000006f7300003d000000c6
:107e100020570000443d00000052000020440000b4
:107e20005420000000200000286d00007371000045
:107e30003d000000290000005220000046520000d2
:107e40004551000020410000435400003d00000067
:107e500055530000494e0000453d0000005200000f
:107e6000313400003d00000052310000353d00007b
:107e700000480000504e00003d0000004850000047
:107e80004d4500003d00000048500000443d00000a
:107e900000480000505400003d000000474600002c
:107ea000543d000000520000394400003d00000035
:107eb00052390000503d00000052000039540000cb
:107ec0003d000000523900004d4500003d0000001b
:107ed00052310000314400003d00000052310000ea
:107ee000315000003d0000005231000031540000cc
:107ef0003d00000052310000314d0000453d0000c2
:107f00000052000031320000503d000000520000dd
:107f1000313200004d4500003d00000052310000ac
:107f2000325400003d000000522000004741000094
:107f3000494e0000205600003d350000204800005a
:107f4000504e00003d00000020480000504d000051
:107f5000453d00000020000048500000443d000066
:107f60000020000048500000543d000000200000a8
:107f700047460000543d0000002000005239000038
:107f8000443d00000058000000200000523900006d
:107f9000503d00000020000052390000543d000018
:107fa00000200000523900004d4500003d00000057
:107fb0002052000031310000443d0000002000004c
:107fc00052310000315000003d00000020520000fe
:107fd00031310000543d000000200000523100000b
:107fe000314d0000453d0000003000005800000009
:107ff000202a00004d4900004300000020520000ec
:1080000031320000503d00000020000052310000dd
:10801000324d0000453d00000020000052310000bc
:10802000325400003d00000047410000494e00006e
:1080300020480000504e00003d3500003520000073
:10804000485000004d4500003d3500003020000044
:1080500048500000443d0000343500002048000036
:10806000505400003d360000352000004746000017
:10807000543d000033350000205200003944000018
:108080003d580000304500002052000039500000eb
:108090003d580000304100002052000039540000db
:1080a0003d5800003030000020520000394d0000e3
:1080b000453d0000583000004120000052310000d2
:1080c000314400003d5800003030000020520000d4
:1080d00031310000503d00005830000030200000d9
:1080e00052310000315400003d580000363000008d
:1080f00020520000313100004d4500003d300000ad
:1081000058320000302000002a4d00004943000092
:108110002052000031320000503d00005832000073
:108120003320000052310000324d0000453d000078
:108130005832000035200000523100003254000057
:108140003d580000323500002000000052200000a1
:108150004752000041460000002000004743000055
:108160003d00000046540000502000004143000044
:10817000543d0000302000005459000050450000dc
:108180003d5000004155000020490000503d0000d6
:10819000302e0000302e0000302e00003020000075
:1081a000504f0000525400003d32000031200000ca
:1081b000494400003d5a000020500000573d000097
:1081c0005a00000043540000524c00005245000089
:1081d000534500004155000020530000513300007a
:1081e000473d00003939000020450000434e0000a3
:1081f0004f3d00003020000052530000435000006b
:108200003d3000002053000051340000473d000085
:10821000393900002052000053520000513d000047
:108220003020000052530000525000003d3000004a
:10823000004300004650000041550000204e000061
:108240004f4d00003d550000534900004e450000d1
:1082500020440000544d0000463d00003132000033
:1082600033200000485400004a3d00003234000032
:108270003a30000030200000444d0000433d000033
:1082800031300000204800004d410000583d000002
:1082900031360000204800004d4900004e3d0000ee
:1082a0003130000020440000533d00000043000036
:1082b0004650000041550000205700004453000084
:1082c000563d0000313200003720000057440000c6
:1082d000535400003d3100003237000020570000a9
:1082e00044530000473d00003132000037200000b9
:1082f00057440000564100003d3100003237000075
:10830000204d000044530000433d000000470000a2
:10831000414900004e20000055530000494e000026
:10832000453d0000310000004346000041200000b0
:108330004c3d000000200000454600004641000082
:10834000434500003d31000000430000465300005b
:10835000205300003d310000204600003d33000066
:1083600034200000433d0000363500002049000065
:108370003d300000204400003d300000004300007c
:1083800046530000205300003d000000204600003e
:108390003d300000204300003d3000002049000037
:1083a0003d300000204400003d300000005200003d
:1083b0002047000055530000494e000045000000d2
:1083c00052200000494d00004f440000205600009c
:1083d0003d0000002000000052440000523d00001b
:1083e00000440000454e000049450000443d0000a7
:1083f000005300004d5300003d00000052200000db
:108400004953000044200000415500004449000049
:108410004f20000000540000505300003d000000b9
:10842000522000004c450000525200004f52000004
:10843000204800004c4500003d000000204700009f
:10844000313d000000200000543d000027000000e6
:108450002700000020450000313c000020480000bb
:108460004c4500003d000000273e00000052000087
:10847000204c0000434f00004e4600002043000007
:108480004f4e0000533d000000200000534d0000ff
:10849000533100003d000000205300004d53000008
:1084a000323d00000020000049440000583d00001b
:1084b00000520000205200004143000043520000df
:1084c0004f43000048450000204100004354000095
:1084d0003d0000005220000052450000424f0000c5
:1084e0004f54000000520000205200004550000090
:1084f0004f4e000044520000452000004143000060
:10850000543d000000500000524900004f3d000063
:1085100000520000455000004c4900003d000000a2
:1085200042410000534300003d0000005220000083
:108530005245000053450000415500002043000013
:10854000555200003d00000020500000524900003c
:108550004f3d00000020000052450000504c00003c
:10856000493d00000020000042410000534300004c
:108570003d0000004e4500003d000000522000007c
:10858000534900004d5500004c450000204e0000ae
:10859000453d000000470000534d00003d00000035
:1085a00052200000534c00004545000050200000c0
:1085b000475300004d3d00005300000052200000d2
:1085c000534c000045450000502000004753000078
:1085d0004d3d00004e000000574400003d000000eb
:1085e00052440000503d0000005200004441000091
:1085f0003d00000053520000563d0000004f0000b7
:10860000504500003d00000041550000545200005c
:108610003d00000052200000534d00005346000072
:10862000414900004c2000004e4200003d00000087
:10863000205300004d5300003d0000002048000082
:10864000523d00000020000041550000545200003f
:108650003d00000020520000415a00003d31000062
:1086600000430000505400003d0000005220000074
:1086700054520000414e000053500000415200008f
:10868000454e00005420000043500000543d0000bf
:1086900000200000464900004e3d00000020000080
:1086a000504500003d31000000530000593d0000de
:1086b00031000000522000005445000053540000d7
:1086c00041550000444900004f2000004143000094
:1086d000543d000000670000736d000073740000db
:1086e00061740000653d0000256900002041000024
:1086f000535300003d250000692000004145000063
:10870000533d000025690000200a000000440000dd
:10871000454300003d000000464f0000524300006a
:10872000453d000000530000424300003d000000b2
:1087300053480000433d0000004400005042000048
:10874000433d0000004d0000433d0000005200008a
:108750002047000050530000524500004620000012
:1087600041430000543d0000005200004546000017
:108770003d000000545000003d0000004e4d000040
:10878000493d000000410000435100003d00000051
:10879000544c0000413d0000005400004c4f0000cc
:1087a0003d00000052200000475000005320000010
:1087b00041430000543d0000003300000020000051
:1087c000545000003d000000204e00004d490000c4
:1087d0003d000000205400004c4100003d0000001e
:1087e000205400004c4f00003d00000020520000cb
:1087f0004c4100003d0000002e000000204300001e
:108800004c4100003d5a000000200000434c000095
:10881000413d000000200000524c00004f3d000090
:1088200000200000434c00004f3d00005a000000b3
:10883000204300004c4f00003d0000002044000099
:108840004c4100003d5a0000204400004c4f000005
:108850003d5a000020440000413d00005a00000045
:10886000204400004c4100003d0000002044000076
:108870004c4f00003d000000204e0000533d000022
:1088800000200000414c00003d000000204400009a
:10889000413d000000200000545200004143000010
:1088a000453d00003100000020540000524100000e
:1088b000434500003d30000000520000204700000a
:1088c00050530000504f0000532000004c41000066
:1088d000543d0000005a0000204c00004f4e0000a4
:1088e0003d5a0000002000004c4f00004e3d0000ab
:1088f00000200000455400003d000000205300000f
:1089000054470000505300003d000000522000007a
:108910004848000052200000483d0000005200007e
:108920002048000054540000505300004745000008
:108930005400000020550000524c00003d00000093
:10894000555200004c3d00000068000074740000a7
:10895000707300003a2f00002f000000205000002c
:108960004f520000543d0000005000004f520000e4
:10897000543d00000020000054590000503d00000c
:1089800000540000595000003d00000063610000e9
:108990005f63000065720000742e000070650000c7
:1089a0006d000000636c00005f63000065720000f2
:1089b000745f0000747700006f2e00007065000087
:1089c0006d000000636c00005f6b000065790000c3
:1089d0005f740000776f00002e700000656d00006e
:1089e0000075000070640000745f0000736f000089
:1089f0006674000077610000726500002e68000058
:108a00006578000000410000554400003d00000072
:108a10006e6f00006e610000622e00007761000042
:108a200076000000726900006e6700002e7700007b
:108a30006176000000200000544500004d50000009
:108a40004f3d000000540000454d0000504f000015
:108a50003d00000020540000494d0000454f00003b
:108a6000555400003d000000544900004d450000f1
:108a70004f550000543d000000200000524500000a
:108a8000515500004554000045200000454e0000af
:108a9000204300004f5500005253000000430000e7
:108aa000553d00000044000054200000005200002a
:108ab0002056000045520000494600004e55000077
:108ac0004d540000454c000050410000552000006e
:108ad000564e0000503d000000520000205600009d
:108ae00045520000534900004f4e0000204700004f
:108af000454e00003d0000004d540000475300006b
:108b00004d5600003500000020550000433d000098
:108b1000003200003630000038310000370000001d
:108b2000565500003d00000020560000553d000055
:108b30000020000043430000494400003d000000c5
:108b40002043000043490000443d00005a0000005b
:108b5000204900004d450000493d00000020000074
:108b6000494d0000454900003d5a0000002000002a
:108b70004d4f0000443d000000410000524e0000f7
:108b8000533d0000004e0000533d00000052000025
:108b900020460000545000002041000043540000d3
:108ba0003d3000002044000045460000494e0000d2
:108bb000453d00003020000000520000204400002d
:108bc00045460000494e00004520000000200000fe
:108bd00044550000414c00005f450000544f000028
:108be0004e3d000030000000204c00004f520000bd
:108bf000413d000030000000204c000049540000be
:108c00005f410000525200003d300000002500008e
:108c10006c580000256c0000582500006c580000be
:108c2000002500006c64000000520000205200008b
:108c30004547000020560000414c00003d00000068
:108c400020430000413d000000200000524500008c
:108c5000533d000000200000534900003d3100005a
:108c60000041000050500000454c00000041000051
:108c70004d5000004c49000000410000504e0000e3
:108c8000004200004950000000430000464100003f
:108c90000043000046500000415500000043000022
:108ca00046500000494e00000043000046530000bb
:108cb00000430000505400000043000054520000e4
:108cc0004c52000045530000454100005500000093
:108cd00044450000464900004e45000000440000a5
:108ce00054000000444500004255000047000000c9
:108cf000445500005245000045000000444f00006c
:108d0000444f0000004600005245000051000000a2
:108d1000465400005000000046430000540000008c
:108d200047410000494e000000470000524100004a
:108d30004600000047550000534900004e45000022
:108d400000470000505300004c4f0000430000005b
:108d50004750000053520000454600000047000005
:108d60005053000000480000485200000048000036
:108d700054540000505300004745000054000000c8
:108d8000494d00004f440000004900004e460000dd
:108d90004f000000495300004452000045430000ca
:108da0004f520000440000004c4300004f4e0000b2
:108db000460000004c450000525200004f52000097
:108dc000004c000045520000524500005552000082
:108dd000004c00004f520000414e0000554d000075
:108de000004d00005347000054450000535400005c
:108df000004d00004f440000454d0000004d0000b4
:108e000041500000504900004e470000004f000054
:108e100050450000524100005445000055520000ea
:108e2000004f000050540000494f00004e00000069
:108e30005043000000500000415500005354000012
:108e40004100000050410000555400005354000000
:108e50000052000041430000435200004f43000015
:108e60004845000000520000455000004f4e0000f1
:108e7000445200004500000052450000424f0000ef
:108e80004f5400000052000045470000005200000f
:108e900045530000454100005500000053540000b8
:108ea000005300004d53000000530000200000005c
:108eb000534900004d5500004c4500000053000090
:108ec0004d53000046410000494c00000053000093
:108ed000594e00000054000052410000434500007c
:108ee00000520000205400005241000043450000a1
:108ef00020430000593d000000540000574400008a
:108f00004700000054450000535400000054000086
:108f1000455300005441000055440000494f0000f3
:108f200000540000524100004e5300005041000028
:108f3000524500004e54000000560000414e000013
:108f400041000000564100004c4300005054000016
:108f50000056000045520000534900004f4e0000eb
:108f60000056000045520000494600004e550000e2
:108f70004d540000454c00005041000055000000d9
:108f80005220000046410000494c00002000000033
:108f90005061000073200000646500002072000032
:108fa000657000006f6e00007365000020660000b1
:108fb000616900006c200000612000003a20000080
:108fc000005300004d5300004154000054200000a5
:108fd000005300004d530000444e00005420000098
:108fe0000049000050410000554d0000534700006b
:108ff000204e00004f4d00003d000000204d0000bd
:10900000534700003d000000204900004e3d000095
:109010000052000020500000415500004155000062
:10902000444900004f20000050410000553d000021
:10903000220000004950000041550000524100004c
:10904000452000004e4f00004d3d00000022000072
:1090500020540000454c00003d000000205300005b
:1090600054500000415500003d0000002043000026
:109070004f4d00003d0000004950000041550000e8
:1090800052410000532000004e4f00004d3d0000b3
:1090900000490000504100005541000041530000cc
:1090a000204e00004f4d00003d0000005220000007
:1090b00041500000504b00004f2000005041000084
:1090c000553d0000220000004950000041550000bd
:1090d00045410000532000004e4f00004d3d000070
:1090e000002000004e4f00003d0000002045000021
:1090f000583d00000020000045520000523d000095
:109100000049000050410000554400004d5200004d
:10911000204e00004f4d00003d0000005220000096
:109120005041000055530000544100002050000001
:10913000415500003d2200000022000020530000a5
:1091400054500000415500003d0000002053000035
:1091500054470000505300003d0000005220000022
:1091600053540000204d0000453d00000020000049
:109170004e3d0000002000004e3d00005a0000005f
:10918000204700004d3d0000002000004753000034
:109190003d00000020470000453d00000020000089
:1091a000515300003d00000020510000534d0000cd
:1091b0003d000000204900004e3d0000002000005e
:1091c0004f550000543d00000020000047500000b3
:1091d000533d00000020000053520000563d0000a7
:1091e0000030000000310000002000004f5000005f
:1091f000453d000000200000574400003d000000f5
:1092000020530000483d00000020000053480000ab
:10921000413d000000200000545200003d000000cd
:1092200020450000453d00000020000041470000af
:109230003d0000000a00000020480000583d0000ea
:109240002563000025630000256300002f25000032
:109250006325000063250000630000005220000029
:109260004643000054200000435600003d780000b3
:10927000257800002f2500007820000053520000c0
:10928000453d0000782500006c7800002f25000087
:109290006c78000020530000504900003d78000029
:1092a000257800002f250000782000005350000092
:1092b0004f3d000078250000782f00002578000041
:1092c00020530000493d000078250000782f000061
:1092d00025780000205300004f3d00007825000055
:1092e000782f00002578000020530000453d000045
:1092f00078250000782f0000257800002056000017
:10930000433d000078250000782f000025780000fc
:1093100020520000425000003d78000025780000f7
:109320002f2500007820000052450000413d00003c
:1093300078250000782f00002578000020560000d6
:10934000583d000078250000783a0000257800009c
:109350003a250000782f0000257800003a2500000b
:10936000783a0000257800002048000042520000b2
:109370003d2500003032000064250000303200003e
:109380006425000030320000642500003032000007
:10939000642000006a3d00002530000032640000b7
:1093a00025300000326400002f68000000520000e9
:1093b00020560000414e00004120000056310000c0
:1093c000323d000000200000563400002e32000024
:1093d0003d00000020560000332e0000333d000009
:1093e0000020000056450000343d00000020000031
:1093f00056450000333d00000020000056450000a7
:10940000323d00000020000056450000313d0000c4
:109410003000000020560000505600003d000000c3
:1094200020430000423d00003100000020430000c6
:10943000423d000030000000204600004f52000076
:10944000434500003d0000002564000000200000ae
:1094500053420000433d000000200000534800003c
:10946000433d000000200000445000004243000043
:109470003d000000204d0000433d000000200000a2
:1094800028200000484d0000415800003d00000029
:10949000204800004d4900004e3d00000020000023
:1094a0002900000052200000534f000046540000e5
:1094b0004d4100004a000000204e00004f4d0000ca
:1094c0003d000000205300005543000043450000cc
:1094d000535300000020000045520000524f00008e
:1094e0005200000020520000455400005259000074
:1094f000200000002f00000052200000485400000f
:109500005450000053200000005000004f53000052
:1095100054200000004700004554000020000000d7
:109520005355000043430000455300005300000022
:1095300045520000524f0000523d000053450000cc
:109540004e440000494e0000470000004552000014
:10955000524f0000523d000053450000525600009b
:109560004552000000450000525200004f520000da
:109570003d45000058540000455200004e41000097
:109580004c00000045520000524f0000523d0000c8
:10959000494e000054450000524e0000414c00006e
:1095a00000450000525200004f5200003d460000ae
:1095b0004f5200004d410000540000002000000008
:1095c00020550000524c00003d68000074740000fb
:1095d000707300003a2f00002f0000003a000000d6
:1095e000457200007265000075720000203a0000ac
:1095f00020700000617300002064000027610000fb
:109600006e740000656e00006e650000206400004e
:10961000efbf0000bd740000efbf0000bd6300009d
:1096200074ef0000bfbd000065000000436c000047
:1096300069670000203300002052000073730000af
:10964000696f00006b0a0000005200002053000008
:1096500059350000200000005a0000003a30000098
:10966000003a00003100000045720000724900001d
:10967000326300002025000063200000653d0000eb
:1096800025640000202500006420000025640000ff
:1096900020200000200a0000004500005252000077
:1096a0004f52000020490000326300003a200000c1
:1096b000544900004d450000204f00005554000063
:1096c00020490000444c0000450a0000004500000d
:1096d000525200004f520000204900003243000067
:1096e0003a200000544900004d450000204f000082
:1096f0005554000020530000544100005254000013
:109700000a00000045520000524f000052200000a5
:1097100049320000433a000020540000494d000047
:10972000452000004f550000542000005245000025
:109730005354000041520000540a0000004500004c
:10974000525200004f5200002049000032430000f6
:109750003a200000544900004d450000204f000011
:1097600055540000204100004444000052450000d0
:10977000535300000a00000045520000524f000001
:109780005220000049320000433a000020540000fb
:10979000494d0000452000004f55000054200000b6
:1097a00044410000544100000a00000045520000fe
:1097b000524f00005220000049320000433a00009e
:1097c00020540000494d0000452000004f55000086
:1097d00054200000535400004f5000000a000000c5
:1097e00045520000524f0000522000004932000054
:1097f000433a000020540000494d0000452000007d
:109800004f55000054200000414300004b20000051
:109810004e4f000054200000524500004345000018
:1098200049560000454400000a000000455200006f
:10983000524f00005220000049320000433a00001d
:1098400020540000494d0000452000004f55000005
:10985000542000004d4100005354000045520000c8
:10986000204e00004f5400002052000045410000ef
:1098700044590000205400004f20000052450000d1
:109880004345000049560000450a0000004500001d
:10989000525200004f5200003a2000004255000092
:1098a000532000004e4f000054200000524500009d
:1098b000414400005900000045520000524f000092
:1098c000523a00002053000054410000525400005e
:1098d000204e00004f54000020530000454e000071
:1098e0004400000045520000524f0000523a000070
:1098f0002041000044440000524500005353000042
:10990000205700005249000054450000204e00003e
:109910004f54000020530000454e0000440000005a
:1099200045520000524f0000523a00002052000001
:1099300045470000495300005445000052200000f4
:109940004e4f000054200000534500004e440000dc
:1099500000450000525200004f5200003a20000023
:109960004441000054410000204e00004f540000cc
:1099700020530000454e0000440000004552000006
:10998000524f0000523a000020530000544f000094
:10999000502000004e4f00005420000053450000ae
:1099a0004e44000000450000525200004f5200009b
:1099b0003a2000005245000053540000415200007c
:1099c000542000004e4f000054200000534500007a
:1099d0004e44000000450000525200004f5200006b
:1099e0003a2000004144000044520000455300006a
:1099f000532000005245000041440000204e00006a
:109a00004f54000020530000454e00004400000069
:109a100045520000524f0000523a0000204400001e
:109a200041540000412000004e4f0000542000002f
:109a300052450000434500004956000045440000df
:109a4000003800003536000033200000736f00003e
:109a50006d6d0000656900006c2000006465000009
:109a600020000000206d0000696e00007574000089
:109a7000657300000a00000038350000363300002e
:109a80002050000061730000206400006520000089
:109a90006475000072e9000065200000736f00002b
:109aa0006d6d0000656900006c20000070720000a0
:109ab0006f670000726100006d6d0000e9650000d5
:109ac0000a00000038350000363300002052000044
:109ad00065760000656900006c20000061200000d0
:109ae0000048000000200000706f00007572000048
:109af0002074000065730000740a00000038000044
:109b00003536000033200000506100007320000053
:109b10006465000020720000657600006569000041
:109b20006c200000706f000075720000207400004f
:109b300065730000740a000000000000417000001e
:109b4000706500006c200000757200006765000001
:109b50006e7400000a000000686500006c6c000074
:109b60006f00000000440000454d0000414e000021
:109b700044450000204400002741000050500000f0
:109b8000454c0000205300004f520000544100009b
:109b90004e540000202d00003e200000004e00002a
:109ba000b0200000544500004c2000003a20000086
:109bb000000a0000004900004d5000004f53000013
:109bc00053490000424c000045200000444500007d
:109bd0002050000041530000534500005220000077
:109be0004c27000041500000504500004c0a000086
:109bf00000490000735600006f69000063650000b3
:109c0000436100006c6c000052650000616400005c
:109c1000793d00003d3000000a000000676100004f
:109c200072640000652e000077610000760000007d
:109c3000466900006e200000617000007065000041
:109c40006c20000070610000722000005450000081
:109c5000410a0000004c0000276100007070000005
:109c6000656c00002061000020e9000063680000ce
:109c70006f750000e920000073740000617400003b
:109c8000757300003d0000002000000073650000b7
:109c90006e640000445400004d4600002d7000002a
:109ca0002d200000000d00000a0000007365000078
:109cb0006e640000445400004d4600003d3d00002d
:109cc000300a000000730000656e0000644400006c
:109cd000544d0000462d0000743100002d2000007e
:109ce000000d00000a5400005241000043450000ee
:109cf000494e0000464f0000200000002573000080
:109d000020470000313300004531000033310000ae
:109d1000202d00003e200000313400000a00000029
:109d2000736500006e640000445400004d4600005e
:109d30002d740000322d0000204d0000453d000034
:109d40000041000050500000454c0000205400002d
:109d5000455200004d4900004e45000020700000b3
:109d60006172000020740000656d0000706f0000db
:109d70000a00000041500000504500004c20000047
:109d800054450000524d0000494e0000452000009f
:109d900063610000757300006520000061700000c1
:109da000706500006c20000075720000676500009f
:109db0006e7400000a000000415000005045000091
:109dc0004c200000534f000052540000414e000050
:109dd0005420000054450000524d0000494e000040
:109de000452000002d2000006c650000206300006d
:109df0006f72000065730000706f00006e640000f9
:109e0000616e000074200000e0200000636f00001d
:109e100075700000e92000006c6100002063000004
:109e20006f6e00006e65000063740000696f0000d3
:109e30006e0a00000066000069700000686f000094
:109e40002e770000617600000041000050500000b5
:109e5000454c0000205300004f52000054410000c8
:109e60004e540000204300004f55000052540000a3
:109e700020540000455200004d4900004e450000ae
:109e8000207000006172000020700000686f000008
:109e90006e690000650a000000410000707000005b
:109ea000656c000020740000657200006d690000a0
:109eb0006ee900002061000076650000632000006c
:109ec0007375000063630000657300000a00000002
:109ed00041700000706500006c200000656e00009d
:109ee00020450000636800006563000020670000f3
:109ef0003133000020320000303e000020360000e8
:109f0000300a000000530000616200006f72000020
:109f1000646100006765000020700000617200004d
:109f2000205700004154000043480000444f000007
:109f30004720000073750000697400006520000070
:109f400061620000736500006e6300006520000020
:109f5000646500002072000061630000637200000d
:109f60006f63000068e900000a0000004967000014
:109f70006e6f0000726500002041000070700000ec
:109f8000656c00000a000000204900004d500000f0
:109f9000554c000053450000203100002d0a000000
:109fa00000530000696d0000706c00006520000027
:109fb0004170000070750000690a00000020000078
:109fc000494d0000505500004c5300004520000052
:109fd000312000002d20000052ef0000bfbd000026
:109fe0006365000070740000696f00006e2000005f
:109ff00041700000706500006c200000456e00009c
:10a0000074720000616e0000740a0000004c0000d1
:10a01000696700006e65000020560000616c00005a
:10a0200069640000650a0000002d00004270000015
:10a0300020720000656c000061630000686500002c
:10a040002d3e000032350000300a000000430000c1
:10a050006173000065200000417000007065000021
:10a060006c200000536f000072740000616e0000ed
:10a07000740a000000410000545400002052000007
:10a0800041500000504500004c200000000a000034
:10a090000050000041530000204400004520000013
:10a0a0005241000050500000454c0000205200007a
:10a0b00045430000552000004f4e000020410000a5
:10a0c00050500000454c00004c4500000a000000c4
:10a0d00041500000504500004c200000454e00005b
:10a0e00054520000414e0000540a0000002d0000b0
:10a0f0004152000045200000594f0000552000004b
:10a100005355000052450000205400004f2000002d
:10a110004d4100004b45000020410000204300005d
:10a12000414c00004c2000003f2d00002d47000056
:10a1300031350000203e00003e200000313000009c
:10a14000352000000a000000636f00006e6600000a
:10a15000697200006d2e000077610000760000003b
:10a160002d660000696e000020740000656d00001f
:10a17000706f000020610000626100006e640000ea
:10a180006f6e00002061000070700000656c0000c0
:10a190002d310000303100000a0000002d42000087
:10a1a00070200000726500006c61000063680000b0
:10a1b000652d00003e20000031300000320a000012
:10a1c000002d0000666900006e200000746500002c
:10a1d0006d7000006f20000061620000616e000081
:10a1e000646f00006e200000617000007065000068
:10a1f0006c2d000031300000320a0000002d0000fc
:10a2000042700000203e00002061000070700000dd
:10a21000656c0000202d00003e200000350a000083
:10a2200000230000232300004445000042550000a5
:10a23000472000002d3e000020440000656d000016
:10a24000616e000064650000204100007070000035
:10a25000656c0000205600006f6900007800000067
:10a26000697300006f6c0000652e000077610000cc
:10a27000760000002d2d00002d2d00002044000050
:10a28000554d00005020000064650000726e000013
:10a290006965000072650000732000006c690000b1
:10a2a000676e000065730000202e000068650000e6
:10a2b00078200000286100006e63000069650000de
:10a2c0006e6e0000652000002d3e00002072000030
:10a2d00065630000656e00007465000029200000c1
:10a2e0002d2d00002d2d00000a0000000a000000a6
:10a2f0002d2d00002d2d000020460000494e0000ad
:10a3000020440000554d0000502000002d2d00007d
:10a310002d2d00000a000000576f0000726400003d
:10a3200020300000203d0000203000007825000093
:10a33000303600006c5800000a0000005772000020
:10a34000697400006520000046610000696c00002f
:10a350000a0000004e65000077200000576f0000e3
:10a360007264000020300000203d0000203000001a
:10a3700078250000303600006c5800000a0000000c
:10a380005365000074200000496e00006163000006
:10a3900074690000766500002050000061720000c2
:10a3a00074690000746900006f6e00000a0000000c
:10a3b00053770000617000002041000063740000ca
:10a3c0006976000065200000320a0000005300009a
:10a3d0007761000070200000416300007469000094
:10a3e00076650000203100000a0000004572000080
:10a3f000726f000072200000566100006c6900005e
:10a4000064690000747900000a000000202d00003b
:10a41000204e00006f740000206300006f6d00008c
:10a42000706c000065740000652000004865000045
:10a43000782000004c6900006e6500000a000000f2
:10a4400048450000583a0000207300006175000084
:10a45000742000006164000072200000696e00003a
:10a4600061630000743d000030780000253000007a
:10a47000386c0000582000006c610000737400000c
:10a4800041640000647200003d3000007825000047
:10a49000303800006c580000207200006564000035
:10a4a000656600003d250000750a000000430000bd
:10a4b0006f6e0000667700006f720000643a000063
:10a4c000206c0000696700006e650000203a000003
:10a4d00031300000206100006e6f0000726d0000de
:10a4e000616c0000652000002864000061740000b9
:10a4f0006120000070650000726400007565000056
:10a50000292000002d3e0000206100006261000053
:10a510006e6400006f6e00000a00000043460000f9
:10a520004720000057520000495400004520000019
:10a5300061640000647200003d3000007825000076
:10a54000303800006c58000020760000616c00007c
:10a550003d30000078250000303600006c580000c7
:10a560000a000000417200007265000074200000c3
:10a57000656e0000206300006f75000072730000bc
:10a580000a00000047310000372000006465000029
:10a590006d200000534c0000454500005020000095
:10a5a000727300003d250000642000000a000000d6
:10a5b0002020000041650000733d0000256400007c
:10a5c00020410000737300003d250000642000005e
:10a5d0007365000061740000723d00002564000096
:10a5e00020200000736500006165000066660000c1
:10a5f0003d250000642000000a00000047520000d2
:10a60000414600000a0000000a000000416200000c
:10a61000616e0000646f00006e2000006172000037
:10a620007265000074200000313200000a00000052
:10a6300041620000616e0000646f00006e20000047
:10a640006172000072650000742000003133000068
:10a650000a000000000a00000a4700006f20000006
:10a66000536c00006565000070280000290a000096
:10a6700000540000524d0000543100003d25000000
:10a6800064200000545200004d540000323d000090
:10a690002564000020550000315200005849000098
:10a6a000463d0000256400002055000032520000a5
:10a6b00058490000463d0000256400002049000084
:10a6c0004f430000494600003d2500006420000083
:10a6d000494f000043460000473900003d25000077
:10a6e00064200000494f0000434600004636000049
:10a6f0003d25000064200000494f00004346000053
:10a70000463200003d25000064200000497400002e
:10a710005265000076650000696c00003d7800001d
:10a7200025300000325800000a0000000a0a00002c
:10a73000466900006e200000736c00006565000033
:10a7400070280000293a000000540000524d00001b
:10a75000543100003d2500006420000054520000e8
:10a760004d540000323d00002564000020550000db
:10a770003152000058490000463d000025640000a9
:10a78000205500003252000058490000463d0000ac
:10a7900025640000204900004f43000049460000a6
:10a7a0003d25000064200000494f000043460000a2
:10a7b000473900003d25000064200000494f00009b
:10a7c00043460000463600003d250000640a0000b4
:10a7d000000a00000a4e00004f200000736c0000c9
:10a7e0006565000070280000292000003a00000084
:10a7f000536f00007274000069650000206400005f
:10a8000065200000736f00006d6d00006569000039
:10a810006c2000003135000020470000313d000071
:10a82000256400000a000000537500006363000007
:10a83000657300007320000052650000736500001e
:10a84000740a000000000000415000005045000064
:10a850004c200000454e000054520000414e0000c4
:10a8600054200000444500005445000043540000bb
:10a87000452000002d3e0000204d00004f44000008
:10a8800045200000444500002052000045500000d3
:10a890004f4e000053450000204100005554000079
:10a8a0004f4d000041540000495100005545000043
:10a8b000004e0000b0200000544500004c20000075
:10a8c0003a200000000a0000004100005050000043
:10a8d000454c0000204500004e540000524100004d
:10a8e0004e54000020440000455400004543000041
:10a8f00054450000202d00003e2000004d4f000078
:10a90000444500002044000045200000524500005e
:10a91000504f00004e530000452000004d41000004
:10a920004e550000454c000000720000696e0000aa
:10a93000672e0000776100007600000041500000a3
:10a94000504500004c200000454e000054520000cd
:10a95000414e00005420000054450000524d0000bc
:10a96000494e000045200000322000003d3e00001e
:10a97000204c000065200000636f00007272000030
:10a9800065730000706f00006e640000616e00006f
:10a9900074200000e020000072610000636300008a
:10a9a000726f000063680000e90a000000410000c7
:10a9b00050500000454c0000204500004e5400005f
:10a9c000524100004e540000205400004552000047
:10a9d0004d4900004e45000020360000203d00009b
:10a9e0003e2000004c650000206300006f720000f4
:10a9f00072650000737000006f6e000064610000fb
:10aa00006e74000020e0000020720000616300000e
:10aa1000637200006f63000068e900000a00000034
:10aa20007473000074200000617000007065000005
:10aa30006c200000656e000074720000616e000002
:10aa4000740a000000740000656d0000706f000063
:10aa50002064000065200000327300000a0000003e
:10aa60005073000020640000652000007465000041
:10aa7000737400002061000070700000656c0000bd
:10aa8000206500006e740000726100006e740000aa
:10aa9000206c00006f6e0000670a0000005000008c
:10aaa00073200000646500002074000065730000de
:10aab0007420000061700000706500006c200000d0
:10aac000656e000074720000616e0000742000006a
:10aad00054410000433d0000300a000000730000b4
:10aae0007465000070200000323100000a00000090
:10aaf0004c6100006e63000065200000616300008f
:10ab00007120000047500000532000004465000001
:10ab10006d3d0000000a0000004700005053000097
:10ab20003a200000706f000073200000636f000087
:10ab30007272000065630000746500000a00000086
:10ab400047500000532000004375000072200000b1
:10ab50002d3e000052650000660a0000004c000017
:10ab600065670000657200002064000065700000e9
:10ab70006c200000726500006c6100006e630000d4
:10ab80006520000061630000712000004750000054
:10ab9000530a00000047000050530000204c000002
:10aba000415400003d2500006c6400002e2500008b
:10abb0006c64000025630000207c00002000000081
:10abc0004c4f00004e3d0000256c0000642e00003c
:10abd000256c000064250000632000007c2000003c
:10abe000004100004c5400003d250000642000009e
:10abf000207c0000200000004e4200005341000075
:10ac0000543d000025640000202000007c2000004e
:10ac100000550000544300003d250000732500004e
:10ac2000732000007c200000004d00004553000010
:10ac3000204f00004b3d000025640000204e000026
:10ac40004d6900003d250000642000000020000048
:10ac50007c2000004d4500003d25000064200000e0
:10ac60002530000032580000200a00000043000098
:10ac70006f750000707500007265000020470000cd
:10ac800050530000006d0000616900006e74000008
:10ac9000696500006e7400002047000050530000fa
:10aca0002050000041550000206400006570000045
:10acb0006c61000063650000006d000061690000c8
:10acc0006e740000696500006e740000204700008b
:10acd00050530000204100006c6900006d2000000e
:10ace00070650000726d0000616e0000656e00000e
:10acf00074650000002000004d4500003d0000008c
:10ad0000456e000076200000536d000073200000a7
:10ad100067700000732000006175000020250000ae
:10ad2000732000004d65000067700000733d000057
:10ad30005825000030320000780a0000004700006b
:10ad4000505300004c4f00004300000047500000eb
:10ad500053000000456e000076200000536d000097
:10ad60007320000067700000732000006175000010
:10ad70002d20000025730000204d000065670000b5
:10ad8000707300003d58000025300000327800004c
:10ad90000a00000052200000535400002049000027
:10ada0004e3d0000000a0000004900004e4900002e
:10adb0005420000047390000204800004d54000096
:10adc0003d0000003a0000000d0a0000545200004f
:10add00041430000454900004e4600004f2000005e
:10ade0000025000073200000473900002e310000cc
:10adf0002025000030320000643a000025300000b9
:10ae000032640000205400003d2500003032000074
:10ae1000643a000025300000326400000a0000009f
:10ae20004327000045530000542000004c27000039
:10ae300048450000555200004520000054450000e0
:10ae4000535400000d0a0000004400006562000039
:10ae500075740000207400006573000074330000f6
:10ae60003e3400000a000000415500004449000043
:10ae70004f2000004f4b00000a0000005245000028
:10ae80004c4100004e4300004520000054450000a6
:10ae9000535400000a000000464900004e20000004
:10aea00054450000535400000a00000047390000d8
:10aeb00020310000302000003e3e00002032000023
:10aec000303100000a000000473900002032000045
:10aed00030310000203e00003e20000032300000f3
:10aee000320a000000470000392000003230000024
:10aef000322000003e3e00002031000031300000d2
:10af00000a00000047390000203200003032000003
:10af1000203e00003e20000031310000310a0000d8
:10af2000007300006d73000020530000590a0000f8
:10af3000007300006d7300002053000054410000b6
:10af400054550000530a0000004700006f20000025
:10af5000535400004550000020310000320a000028
:10af6000007300006d730000204600004354000091
:10af70000a000000736d00007320000053590000a8
:10af80004e0a0000007300006d73000020560000a0
:10af9000414e0000410a0000004a00006f750000a9
:10afa00072200000736100006e73000020560000e4
:10afb00045520000494600004e5500004d0a000071
:10afc00000470000505300004c4f000043000000b9
:10afd0004750000053000000477200006166000007
:10afe00020390000202d000020640000656600006c
:10aff000617500006c7400000a000000416d0000e3
:10b00000702000004f660000660d00000041000047
:10b010006d700000204f00006e0d00000000000069
:10b02000982f00008a420000914400003771000010
:10b03000cffb0000c0b50000a5db0000b5e90000b3
:10b040005bc2000056390000f1110000f159000008
:10b05000a48200003f920000d55e00001cab0000ff
:10b0600098aa000007d80000015b000083120000ce
:10b07000be85000031240000c37d00000c55000097
:10b08000745d0000be720000feb10000de800000b2
:10b09000a7060000dc9b000074f100009bc10000cb
:10b0a000c16900009be4000086470000beef00007d
:10b0b000c69d0000c10f0000cca100000c240000c0
:10b0c0006f2c0000e92d0000aa840000744a0000e3
:10b0d000dca90000b05c0000da880000f97600000e
:10b0e000525100003e9800006dc6000031a80000db
:10b0f000c827000003b00000c77f000059bf000050
:10b10000f30b0000e0c6000047910000a7d5000047
:10b1100051630000ca0600006729000029140000de
:10b12000850a0000b7270000382100001b2e000010
:10b13000fc6d00002c4d0000130d00003853000082
:10b14000547300000a650000bb0a00006a76000024
:10b150002ec90000c2810000852c00007292000000
:10b16000a1e80000bfa200004b6600001aa8000082
:10b17000708b00004bc20000a35100006cc70000a0
:10b1800019e8000092d100002406000099d60000c2
:10b19000853500000ef4000070a000006a10000069
:10b1a00016c10000a4190000086c0000371e000042
:10b1b0004c77000048270000b5bc0000b034000008
:10b1c000b30c00001c3900004aaa0000d84e000051
:10b1d0004fca00009c5b0000f36f00002e68000067
:10b1e000ee8200008f7400006f630000a5780000fd
:10b1f00014780000c884000008020000c78c00001a
:10b20000faff0000be900000eb6c000050a40000ac
:10b21000f7a30000f9be0000f278000071c600003c
:10b220002530000032780000000000004953000083
:10b2300044200000312000003d200000494e000065
:10b24000495400002044000075720000656500004c
:10b25000206d0000736700003d250000640a0000b7
:10b26000002d00002d2d00002d200000495300006e
:10b2700044200000322000003d200000504f00001c
:10b2800057450000522d000055500000202d0000b1
:10b290002d2d00002d2000000a0000002d2d0000a3
:10b2a0002d2d00002049000053440000203d0000e7
:10b2b0002052000045430000202d00002d2d0000ed
:10b2c0002d2000000a0000002d2d00002d2d000073
:10b2d0002049000053440000203d000020500000a1
:10b2e0004c410000592000002d2d00002d2d0000a4
:10b2f000200a0000002d00006465000066200000a8
:10b3000049530000442000003d20000073740000f9
:10b310006f700000200a00000067000061720000ea
:10b32000646500002e77000061760000002d0000ab
:10b33000466900006e200000656e00007265000026
:10b340006769000073740000726500006d6500009d
:10b350006e7400002049000053440000203d0000ae
:10b3600020730000746f0000702000000a000000cd
:10b370002d2d00002d2d0000205000004c4100001c
:10b380005920000049530000442000002d2d0000ea
:10b390002d2d0000200a0000002d00002d2d0000a2
:10b3a0002d200000504c00004159000020490000b1
:10b3b0005420000041470000414900004e20000099
:10b3c0002d2d00002d2d0000002d00002d2d000042
:10b3d0002d200000535400004f5000002049000071
:10b3e00053440000202d00002d2d00002d200000d2
:10b3f0000a000000456e0000766f00006920000022
:10b40000534d000053200000494e0000464f0000fd
:10b410000a000000456e0000766f00006920000001
:10b4200048540000545000005320000053740000a2
:10b430006174000075730000204900006e66000012
:10b440006f0a0000004500006e7600006f69000082
:10b45000205300006f660000742000004d61000062
:10b460006a200000537400006174000075730000ce
:10b47000204900006e6600006f0a000000460000d0
:10b48000494e0000204f00004b200000456e000098
:10b49000766f000069200000534d0000532000002b
:10b4a000494e0000464f00000a00000046490000d7
:10b4b0004e200000456e0000766f000069200000fd
:10b4c000534d000053200000494e0000464f00003d
:10b4d0002073000075720000206500007272000089
:10b4e00020760000616c000072650000670a0000b1
:10b4f000005300004d530000204900004e4600005c
:10b500004f200000322000003e330000203e0000ab
:10b510003e200000000a0000004500006e7600009a
:10b520006f690000204800005454000050200000c3
:10b5300053540000415400005553000020500000b7
:10b54000415500000a000000456d000065740000d0
:10b5500020480000545400005020000053540000c4
:10b560004154000055530000205000004155000098
:10b570000a000000456e0000766f000069200000a0
:10b58000534f000046540000204d0000414a000087
:10b590002053000054410000545500005320000087
:10b5a00050410000550a0000000000005456000001
:10b5b0003d3100000a0000005645000052490000dd
:10b5c000464e0000554d0000544500004c50000010
:10b5d0004155000020000000204e0000554d0000a5
:10b5e0003d00000020430000553d000000450000e4
:10b5f0006d69000073730000696f00006e20000029
:10b6000064750000205300004d53000020640000ca
:10b610006520000076650000726900006669000020
:10b6200063610000746900006f6e0000200000007c
:10b6300064750000206e0000756d000065720000ea
:10b640006f0a0000006400007520000072650000b1
:10b6500073650000617500000a000000417500007c
:10b66000637500006e200000534d00005320000061
:10b67000766500007269000066200000656d0000bc
:10b68000697300002c200000434600005041000078
:10b6900055200000544500004c200000696e000059
:10b6a000636f00007272000065630000740a00009e
:10b6b00000310000005300004d53000020640000e2
:10b6c0006520000076650000726900006669000070
:10b6d00063610000746900006f6e0000207200005a
:10b6e00065630000750a0000003000000053000090
:10b6f0004d530000206400006520000076650000c6
:10b7000072690000666900006361000074690000ee
:10b710006f6e0000204e00004f4e000020720000af
:10b7200065630000752c000020560000543d0000a9
:10b73000300a000000000000456e0000766f000037
:10b7400069200000534d0000532000007661000086
:10b750006e61000020640000656300000a000000c4
:10b76000564100004e410000000a00005220000037
:10b77000434800004152000047450000207300008c
:10b7800074610000727400002062000061740000a7
:10b790003d25000064200000707300003d2500007e
:10b7a000642000004d4300003d250000640a0000b5
:10b7b000000a0000522000004348000041520000ef
:10b7c0004745000020300000203e00003e200000e1
:10b7d0004d65000073750000726500002056000082
:10b7e000505600000a0000000a52000020430000ea
:10b7f000484100005247000045200000415200002f
:10b80000524500005420000062610000743d0000b9
:10b810002564000020700000733d000025640000d6
:10b8200020200000707600003d250000642000000c
:10b830004d4300003d250000640a0000000a00009e
:10b8400052200000434800004152000047450000dc
:10b8500020310000203e00003e2000004d65000029
:10b8600073750000726500002056000050560000fd
:10b870000a0000000a520000204300004841000076
:10b88000524700004520000052650000746f000020
:10b890007572000020610000757400006f200000c8
:10b8a00056500000563d0000256400000a000000cc
:10b8b0002d2d00002d2d00002d2d000043410000f6
:10b8c00053450000203200003030000020410000cd
:10b8d00050500000454c0000205300004f52000023
:10b8e000544100004e5400002d2d00002d4d00004d
:10b8f000414b0000455600004f4900004345000001
:10b90000434100004c4c00002d2d00000a000000b7
:10b91000446500006d6100006e6400006520000059
:10b9200067610000696e00002000000044690000ab
:10b93000666600000a0000002a480000503d000032
:10b9400000250000640a000000500000686f00003d
:10b950000a000000506800006f2000004d45000004
:10b960000a00000054650000737400000a00000023
:10b9700052650000636f0000726400000a0000005e
:10b98000204d0000617500007661000069730000c1
:10b990002070000061720000616d000020740000e2
:10b9a0007970000065530000657400004175000067
:10b9b000646900006f430000686100006e6e000063
:10b9c000656c000020280000290a0000000000002b
:10b9d000473100003d25000064200000534d000069
:10b9e000535300006f720000742e00004154000099
:10b9f0003d25000064200000477300006d530000e7
:10ba000074610000746500003d25000064200000a2
:10ba1000534d0000534500006e7400002e4100009d
:10ba2000543d000025640000205300004d530000e9
:10ba3000456e0000742e0000416600006163000046
:10ba40003d250000642000000a0000004766000059
:10ba5000303d0000256400002047000066310000f2
:10ba60003d2500006420000042700000543d0000ad
:10ba70002564000020530000656300004967000052
:10ba8000417000003d2500006420000045310000a9
:10ba90003d25000064200000453200003d250000e7
:10baa00064200000473900003d25000064200000ac
:10bab000473100003d2500006420000047330000ae
:10bac0003d2500006420000044650000725600001f
:10bad000616c000052650000673d000025630000b6
:10bae0000a0000002d2d00002d2d00002d54000017
:10baf000454d0000504f000020320000656d0000f1
:10bb00006520000041500000505500004920000011
:10bb1000464900004e490000452d00002d2d000033
:10bb20002d0a000000550000706700002e54000030
:10bb3000656d0000706f0000203d00003d2000009a
:10bb4000300a00000052000020730000656300000e
:10bb50007520000064650000636f00006e6e0000d9
:10bb60006563000074650000726300006861000096
:10bb70007267000065750000723d0000310a000028
:10bb80000047000052410000460a0000000a000081
:10bb9000005400007053000065630000475000002f
:10bba000535f000032530000656300003d25000034
:10bbb000642000004d65000067700000733d0000c8
:10bbc000582500003032000078200000536f00003c
:10bbd000756800003d250000642000006c750000c1
:10bbe0003d250000640a00000000000052650000ce
:10bbf000626f00006f74000020640000656d00003b
:10bc0000616e0000646500000a000000534d0000f2
:10bc1000532000005245000043550000204e000014
:10bc2000544500003d000000204400004154000045
:10bc3000453d00000020000048450000555200002e
:10bc4000453d00000020000049440000583d000030
:10bc5000002500006400000020540000455800004a
:10bc6000544500003d0000000d0a000000440000a3
:10bc70005420000000200000004800005454000040
:10bc8000505300004745000054000000534d000091
:10bc9000535200004550000020000000534d0000aa
:10bca000534300004d4400002000000025690000bf
:10bcb0002e250000692e000025690000006e00009e
:10bcc000756c00006c000000256400000025000079
:10bcd000312e00003135000067000000256c0000a7
:10bce00067000000253100002e310000376700009a
:10bcf0000022000022000000752500003034000002
:10bd000078000000efbb0000bf000000666100008b
:10bd10006c7300006500000074720000756500001f
:10bd200000000000000100004346000050410000f8
:10bd30005500000043460000504900004e0000003e
:10bd400047410000494e000000430000464100000a
:10bd5000204c00003d00000043460000532000003e
:10bd6000533d0000005600004552000053490000ba
:10bd70004f4e0000005300005400000056410000e8
:10bd80004e410000004900004d4f000044000000fb
:10bd9000475000005300000047500000534c000083
:10bda0004f430000004700005053000000560000c1
:10bdb00045520000534900004f4e000000000000b3
:10bdc0000d0a0000545200004143000045490000a4
:020000040000fa
:02000004000af0
:04be0000ffffff0041
:020000040000fa
:02000004000af0
:04be2000ff1f000000
:020000040000fa
:02000004000af0
:04be300009ffff0007
:020000040000fa
:02000004000af0
:04be380047ffff00c1
:020000040000fa
:02000004000af0
:04be4000bbffff0045
:020000040000fa
:02000004000af0
:04be4800ffffff00f9
:020000040000fa
:02000004000af0
:04be5000df7fff0091
:020000040000fa
:02000004000af0
:04be5800ffffff00e9
:020000040000fa
:020000040100f9
:04300000feffff00d0
:00000001FF