:020000040000fa
:080000000001040000000000f3
:020000040000fa
:0400080042040000ae
:020000040000fa
:04000c0042040000aa
:020000040000fa
:0400100042040000a6
:020000040000fa
:0400140042040000a2
:020000040000fa
:04001800420400009e
:020000040000fa
:04001c00420400009a
:020000040000fa
:040020004204000096
:020000040000fa
:040024004204000092
:020000040000fa
:0400280004020000ce
:020000040000fa
:04002c00420400008a
:020000040000fa
:040030004204000086
:020000040000fa
:040034006202000064
:020000040000fa
:04003800420400007e
:020000040000fa
:04003c00420400007a
:020000040000fa
:040040004204000076
:020000040000fa
:040044005202000064
:020000040000fa
:040048005a02000058
:020000040000fa
:04004c00420400006a
:020000040000fa
:040050004204000066
:020000040000fa
:040054007e03000027
:020000040000fa
:04005800420400005e
:020000040000fa
:04005c00420400005a
:020000040000fa
:040060004204000056
:020000040000fa
:040064004204000052
:020000040000fa
:04006800420400004e
:020000040000fa
:04006c00420400004a
:020000040000fa
:040070004204000046
:020000040000fa
:04007400b4030000d1
:020000040000fa
:040078001e02000064
:020000040000fa
:04007c00420400003a
:020000040000fa
:040080004204000036
:020000040000fa
:040084004204000032
:020000040000fa
:04008800420400002e
:020000040000fa
:04008c00420400002a
:020000040000fa
:040090004204000026
:020000040000fa
:040094004204000022
:020000040000fa
:04009800420400001e
:020000040000fa
:04009c003802000026
:020000040000fa
:0400a0004803000011
:020000040000fa
:0400a4004204000012
:020000040000fa
:0400a800420400000e
:020000040000fa
:0400ac00420400000a
:020000040000fa
:0400b0004204000006
:020000040000fa
:0400b4004204000002
:020000040000fa
:0400b80042040000fe
:020000040000fa
:0400bc0042040000fa
:020000040000fa
:0400c00042040000f6
:020000040000fa
:0400c40042040000f2
:020000040000fa
:0400c80042040000ee
:020000040000fa
:0400cc0042040000ea
:020000040000fa
:0400d00042040000e6
:020000040000fa
:0400d40042040000e2
:020000040000fa
:0400d80042040000de
:020000040000fa
:0400dc0042040000da
:020000040000fa
:0400e00042040000d6
:020000040000fa
:0400e40042040000d2
:020000040000fa
:0400e80042040000ce
:020000040000fa
:0400ec0042040000ca
:020000040000fa
:0400f00042040000c6
:020000040000fa
:0400f40042040000c2
:020000040000fa
:0400f80042040000be
:020000040000fa
:0400fc0042040000ba
:020000040000fa
:0401000042040000b5
:020000040000fa
:0401040042040000b1
:020000040000fa
:0401080042040000ad
:020000040000fa
:04010c0042040000a9
:020000040000fa
:0401100042040000a5
:020000040000fa
:0401140042040000a1
:020000040000fa
:04011800420400009d
:020000040000fa
:04011c004204000099
:020000040000fa
:040120004204000095
:020000040000fa
:040124004204000091
:020000040000fa
:04012800420400008d
:020000040000fa
:04012c004204000089
:020000040000fa
:040130004204000085
:020000040000fa
:040134004204000081
:020000040000fa
:04013800420400007d
:020000040000fa
:04013c004204000079
:020000040000fa
:040140004204000075
:020000040000fa
:040144004204000071
:020000040000fa
:04014800420400006d
:020000040000fa
:04014c004204000069
:020000040000fa
:040150004204000065
:020000040000fa
:040154004204000061
:020000040000fa
:04015800420400005d
:020000040000fa
:04015c004204000059
:020000040000fa
:040160004204000055
:020000040000fa
:040164004204000051
:020000040000fa
:04016800420400004d
:020000040000fa
:04016c004204000049
:020000040000fa
:040170001e0300006a
:020000040000fa
:040174004204000041
:020000040000fa
:04017800420400003d
:020000040000fa
:04017c004204000039
:020000040000fa
:040180004204000035
:020000040000fa
:040184004204000031
:020000040000fa
:04018800420400002d
:020000040000fa
:04018c004204000029
:020000040000fa
:040190004204000025
:020000040000fa
:040194004204000021
:020000040000fa
:04019800420400001d
:020000040000fa
:04019c004204000019
:020000040000fa
:0401a0004204000015
:020000040000fa
:0401a4004204000011
:020000040000fa
:0401a800420400000d
:020000040000fa
:0401ac004204000009
:020000040000fa
:0401b0004204000005
:020000040000fa
:0401b4004204000001
:020000040000fa
:0401b80042040000fd
:020000040000fa
:0401bc0042040000f9
:020000040000fa
:0401c00042040000f5
:020000040000fa
:0401c40042040000f1
:020000040000fa
:0401c80042040000ed
:020000040000fa
:0401cc0042040000e9
:020000040000fa
:0401d00042040000e5
:020000040000fa
:0401d40042040000e1
:020000040000fa
:0401d80042040000dd
:020000040000fa
:0401dc0042040000d9
:020000040000fa
:0401e00042040000d5
:020000040000fa
:0401e40042040000d1
:020000040000fa
:0401e80042040000cd
:020000040000fa
:0401ec0042040000c9
:020000040000fa
:0401f00042040000c5
:020000040000fa
:0401f40042040000c1
:020000040000fa
:0401f80042040000bd
:020000040000fa
:0401fc0042040000b9
:020000040000fa
:100200006fd422000eff27000e01880000000000be
:10021000000020000000e000020032000001200089
:100220002002880014000700980107000000e00089
:1002300003003a00a0672f001100200002003700e1
:100240000000200001002000810f7000010032003a
:1002500014000700000020000000e000020032004f
:100260000000020000000000187002000100000001
:100270000040da000000fe004440a900e0b0230086
:100280000000e00003003200002020009001880000
:100290004440a800000006008a1f78008b1f7800e9
:1002a00000000600a1028800800478000000eb0036
:1002b0001f003700e284440054a0b4009905ba003e
:1002c000e284440054a0b4009906ba00e2844400d9
:1002d00054a0b4000006eb00476fde00fd07b2003b
:1002e000ae018800636ce10003003a00eaff0700fa
:1002f0000000eb000e003700606ce10008003a00df
:10030000004deb000a05e800020039003420ec0043
:100310000af0a0008b05e900f9ff3e000400370059
:100320006168e100010032000086eb000b0007006d
:1003300019c7ba001905ba000e04e00003003a001c
:100340000a00e000dbff3a0000000600fe07b200f2
:10035000ae0288008a047800f5ff37000cd0a300b5
:10036000e20f4d001c00390089027800354dba00bb
:100370000a05e800020039003420ec000af0a00071
:100380008b05e9000f003200254dba000a05e80090
:10039000020039003420ec000af0a0008b05e900cf
:1003a000080032000c00e0000600320015cdba0053
:1003b0000a05e800020039003420ec000af0a00031
:1003c0008b05e9008984e80054a0b4000b00e0002c
:1003d000e2ff3a00000006009902ba00055d7800cd
:1003e0008b05e900f7ff3200c82ade00055d7800c2
:1003f0008b05e900f3ff32000c00e000f1ff320052
:1004000019ddba00eeff37003200f8003400f800c2
:10041000881f780018002000a8018800082020000c
:10042000980188004f0478000000fa000080fa006c
:100430003400f9003200f900004006003200f800f4
:100440003400f800881f780018002000a8018800f8
:1004500008202000980188004f0478000000fa006e
:100460000080fa003400f9003200f9000040060074
:100470003200f8003400f800881f780018002000cf
:10048000a801880008202000980188004f04780007
:100490000000fa000080fa003400f9003200f90090
:1004a000004006000000fa0088e0a9000080fa0081
:1004b000004006000000fa008900a9000080fa0050
:1004c00000400600809fbe00829fbe000200fa002e
:1004d000c0048000680060000000e00052003200ac
:1004e00040048000680060000000e0004e00320020
:1004f000003a210011c0b30001487800c0688100b3
:100500000000e00003003200c06881000000e90044
:10051000c068890030d22200104078000004e0005a
:100520000500320030d22200104078008040e900ff
:1005300030d2220001487800e05980000000e0003d
:1005400003003200e05980000000e900e059880013
:100550000040eb00004f7800300037001e80fb00a9
:100560006600b90080007800003121000080400062
:1005700010407800e14f500027003a001e80fb0039
:100580006600b900000078008080e800003121009a
:1005900000804000100078000000e0000e003200f3
:1005a0009e81fb001e80fb006600b9000000780001
:1005b0008080e800003121000080400010007800b9
:1005c0000001e9006618b9008000780020312100a0
:1005d00000804000020878001e80fb006600b90021
:1005e000000078008080e800003121000080400099
:1005f000100078000000e00007003a001e80fb00b9
:100600006600b900800078000031210000804000c1
:100610008040eb00014878001e4fe8001e40780043
:10062000f74f5000cdff36008860a9000080fa0027
:100630004f01be004f00be00004006003600f8002b
:10064000809fbe00829fbe00849fbe00869fbe002a
:100650000000fa0002003700ce6f02000100000027
:10066000301e8000610060000000e000faff3a00e8
:100670009240a9000080fa004f03be004f02be0066
:100680004f01be004f00be003600f90000400600da
:100690003600f800809fbe00829fbe00849fbe008f
:1006a000869fbe000000fa0002003700dc6f0200e7
:1006b00001000000801d8000610060000000e0007b
:1006c000faff3a008bc0a900602f2100104078008b
:1006d000804078000144a000602f2100014878008c
:1006e0000080fa004f03be004f02be004f01be0063
:1006f0004f00be003600f900004006003600f8004a
:10070000809fbe00829fbe00849fbe00869fbe0069
:100710000000fa0002003700463402000100000029
:10072000d01c8000610060000000e000faff3a0089
:100730008960a900602f2100104078008040780077
:100740000154a000602f2100014878000080fa00c9
:100750004f03be004f02be004f01be004f00be005f
:100760003600f90000400600809fbe000000fa003d
:10077000d0048000680060000000e0003e0032000d
:1007800050048000680060000000e0003a00320081
:100790004137800000202000008060000000e00061
:1007a00007003200e926a900602f210010407800e0
:1007b000804078000124a000602f210001487800cb
:1007c000a136800000042000008060000000e000ee
:1007d00007003200d4c6a900602f21001040780025
:1007e000804078000114a000602f210001487800ab
:1007f000a0368000640060000000e00007003200c6
:10080000d446a900602f2100104078008040780075
:100810000104a000602f210001487800a03680006c
:10082000680060000000e00001003200d466a9000a
:10083000a136800000022000008060000000e0007f
:1008400001003200d4a6a900a0368000700060002c
:100850000000e00001003200d486a9008a60a900ef
:10086000602f210010407800804078000134a00003
:10087000602f2100014878000080fa004f00be0080
:10088000004006000040da000000fe000000050005
:100890006022b800060220000000d0008180d20053
:1008a0000482d2008582d2000000a0000202520021
:1008b00083825a00030031000202420083824a0010
:1008c0000000a1000603e900f3ff3a000000060063
:1008d000efff07000400be00000006000000fa0061
:1008e000e88157004fb99700cb0207000080fa005b
:1008f00000000600ef000700470107007b0107002a
:10090000f70107001f02070040030700eb02370052
:100910000000fa00e88157004fb99700be020700b7
:100920000080fa0000000600e20007003a0107001c
:10093000eb010700130207006c01070033030700f7
:10094000de0237000000fa0068815700cfb8970038
:10095000d60207000080fa0000000600d50007005c
:100960002d01070061010700dd01070005020700f6
:1009700026030700d10237000000fa006881570003
:10098000cfb89700c90207000080fa0000000600f7
:10099000c800070020010700d1010700f901070086
:1009a0005201070019030700c40237000000fa00d3
:1009b00068815700cfb89700bc0207000080fa009a
:1009c000000006004901370080017800020037006e
:1009d000b15978000201e9000200e000fcff3a0092
:1009e00000000600889fbe008a9fbe008004780039
:1009f0000200e0005b00320001407800814c78008a
:100a000082814400f1f99f00e20f51005500360049
:100a100091449800a1449800e1f99f00d1f99f000a
:100a2000e60f51004f003600b1449800c1f99f0015
:100a3000e80f51004b0036000905ea006305650028
:100a40000a8444000a055100c1ff2f00010565001a
:100a50000080fb008000eb0012102000131020002b
:100a600008060700008cbe000a01440060b99f0020
:100a700071b99f00e80f55003a0036002004980035
:100a800031049800400498005104980020b99f0058
:100a900031b99f0040b99f0051b99f00f80f550030
:100aa000300036006004980071049800000c980033
:100ab000110c9800200c9800310c9800400c980004
:100ac000510c980020b19f0031b19f0040b19f00b0
:100ad00051b19f0060b19f0071b19f0000b99f00ac
:100ae00011b99f00640164007801410002044400d0
:100af000020555006011b8000203be000002be00ee
:100b00000403be006022b800000072008180720001
:100b1000020173008381730010003700009cbe0047
:100b20000294be00400498005104980062049800aa
:100b300073049800000c9800110c9800220c980087
:100b4000330c9800400c9800510c9800620c9800ef
:100b5000730c98000a02b1000802b000ff0f5500a4
:100b6000eeff3e00090078004f05be004f04be00b6
:100b700000000600889fbe000004be000800780048
:100b80001800070000004400890078000e000700ec
:100b9000080078004f04be000000060081017800c4
:100ba0000002780030417800b14f510002003a0055
:100bb0000204e000f9ff3a009480fb001380fb0080
:100bc0000080500000000600881f780000047800b4
:100bd00008007800e7040700080078004f04780058
:100be0000000060080007800040037003104e000b7
:100bf00002003a00000051000000060001017800e8
:100c00000108a300f9ff3a00810178003101780062
:100c1000f4ef2f00020242000281ea0002016200aa
:100c20000408280004016100f7ff32008300780007
:100c3000010178003104e000fdff3a00000051009e
:100c4000000006008001eb000200e000100032000e
:100c50000002780001037800b44178000304e0004a
:100c600008003200b14278000504e00005003200bf
:100c700082034000848f53000200320085cf510070
:100c8000f4ff32008381fb001680fb00808151005d
:100c90000300780000000600881f78000004780038
:100ca00008007800d3040700080078004f0478009b
:100cb00000000600ec874700889fbe008a9fbe00a8
:100cc0008c9fbe008e1f780000067800010478001b
:100cd000180790002805900098067800cdb79f006f
:100ce000b80590003202be002203be000400be0020
:100cf0000601be004f18de006011b8008000eb0056
:100d0000d0b79f00e1b79f00f2b79f0083bf9f005d
:100d1000800478000900e000060032006000b8009e
:100d20006011b80004025000858258000603590083
:100d3000878359000e00e000020035000d10a1006d
:100d4000cdb79f000900e00005003a004fb09700c2
:100d50000028a30002003a000038a300020032007d
:100d60008a00e900010037008a007800f881570006
:100d7000a200200008007800860007000900e000bb
:100d800003003a00cfb097000128a300080032000a
:100d90000000e90000814500b1c2b3000900e00095
:100da00001003200d1c2b3000149780005003700cc
:100db0000138a300030032000000e90001c2b300c3
:100dc00081757800480190000201e900000151009e
:100dd000808045004fb297008a0178000c007800af
:100de000550207009c0090000188a3000400320017
:100df00098009000810f500001003d000100780034
:100e00004f0778004f06be004f05be004f04be00de
:100e1000cf00b100000006000200fa00889fbe006b
:100e20008a9fbe00800578000104780002007800e7
:100e3000180190002805900098007800b1bf9f002d
:100e4000b80490000200e000020035000110a1008b
:100e5000b1bf9f00ea815700820020008a0078001d
:100e60003002be002003be000800780049000700e1
:100e70003fb99700f0006100030032000000e90074
:100e800001c3b300817478003fb99700e8006100a6
:100e9000030032000000e90001c2b3008174780051
:100ea000480190000201e9000001510080804400e7
:100eb0003fba97008a0178000b0078001e020700f5
:100ec0009b0090000188a30004003200980090006d
:100ed000810f500001003d00010078004f05be0069
:100ee0004f04be000080fa0000000600ea874700b9
:100ef000889fbe008a9fbe008e1f78000004780085
:100f0000030078007287570084e2260055c7260048
:100f1000049fbe00c3962200030f78006c87570021
:100f2000004feb0011059000a1049000910578009e
:100f30000200e000020032000207780001003700e2
:100f4000728757000000e00002003a000e007800af
:100f500024ff07000a00e000030035008a0f50005c
:100f6000010036000a0078000b0278008901780041
:100f7000000178008e00780008007800ee0107007c
:100f80004f0778004f05be004f04be00af00b10010
:100f900000000600f4874700889fbe008a9fbe00bd
:100fa0008c9fbe008e1f78000605be000404be00a4
:100fb00081bf9f0082b79f00f3b79f00b0009000f1
:100fc000e1b79f001301780092b79f009006900050
:100fd000400090000000e900000678000d00e000ed
:100fe00001003d001d0020008040eb00efb19700a4
:100ff000817178001e0020001f0037000c06e900f8
:101000000fb09700cf80de006109b900a0b79f0044
:10101000b1b79f00c2b79f00d3b79f000203be00c5
:101020000002be000800be000a01be003b0507002a
:10103000000778000e4078000043b000efb0970042
:1010400080707e008d06e9000fb997000201e9006b
:1010500082bf9f002fb29700bfb297004fb3970097
:10106000dfb397000800be000a01be002405070098
:101070000205be000004be000c00e0000d003400bc
:10108000e00f5400e08f5c00e00f5d00e08f5d003a
:10109000daff3a000d00e000d8ff3c008fb997005e
:1010a0000300e000030034001fb097000018a30005
:1010b000d2ff3a000e00e00002003a00ffb09700b5
:1010c0001140a1000c0078004f0778004f06be00c9
:1010d0004f05be004f04be004f01b10000000600e6
:1010e0000200fa00889fbe008a9fbe0000057800bb
:1010f000010478000200780018019000a804900014
:1011000098007800b1bf9f00b80590000200e00091
:10111000020035000110a100b1bf9f00ea81570015
:10112000a2002000890078003002be002003be002b
:101130000800780097ff0700480190000201e900cd
:1011400000015100808045003fba97008901780076
:101150000a007800780107009a0090000188a30037
:101160000400320098009000810f500001003d0003
:10117000010078004f05be004f04be000080fa0059
:1011800000000600fa874700889fbe008a9fbe00c5
:101190008c9fbe008e1f78008004780001047800c8
:1011a0008205780018019000280590001807780043
:1011b000b80090000200e000020035000e10a1000f
:1011c000010037001200200070006700e0b79f00a8
:1011d000090032003b02be002b03be00e00f5200ac
:1011e000e08f5a00e00f5b00e08f5b0002003200ee
:1011f0008a86e900010037008a067800e802670065
:10120000f5b79f00010032008d06e9003b02be00e9
:101210002b03be00e4af9f00f5af9f0086b79f0091
:1012200097b79f00480690000c06e9000040eb00cd
:1012300080707e00efb297007fb29700890378003c
:1012400081047800d8af9f00020478008bbf9f0014
:101250008a057800034578002a0037000c06e9006b
:101260006fab97006f006300e90f500002003c0075
:101270000003b000010037007005b0000a03fb0056
:101280001604b100f90f53000c003e000003780073
:101290000650a0001606b100f90f530007003e00eb
:1012a000b4b79f00a5b79f00c7b79f008d03070085
:1012b000cfb39700afb297003fb2970080747e0023
:1012c0000804e9008d06e9006fa89700ffa89700c1
:1012d0000fb197009fb19700460020008301d10015
:1012e0000281d3008180d3000080d3000603e9008f
:1012f000faff3a00e0af9f00f1af9f0082b79f0076
:1013000093b79f00e10f56000f0034006fa89700bd
:10131000ffa897000fb197009fb19700e00f500012
:10132000e08f5800e00f5900e08f5900cbff3a00e2
:101330000800e000c9ff3c000d00e000020034009e
:101340000e18a300c5ff3a0089007800f4b79f008b
:10135000870478005fac97008a4178000b0578001d
:101360008fbd97000500e000100032003b02be0078
:101370002b03be00e4af9f00f5af9f0086b79f0030
:1013800097b79f00e00f5200e08f5a00e00f5b001c
:10139000e08f5b00050032000c06e90083707e00e0
:1013a0000c06e90000c3b30080707e00ffb2970016
:1013b0000500e000030032000c06e90000c2b300a3
:1013c00080707e00480190000201e9000c0151008c
:1013d0008c8040000e0278008a01780009007800b5
:1013e000d5000700990090000188a3000400320096
:1013f00098009000810f500001003d00010078002e
:101400004f0778004f06be004f05be004f04be00d8
:10141000af01b10000000600f28747008e1f780080
:1014200002027800030178000000e00002003200b0
:101430000007780001003700728757008002eb0038
:101440000100e000010032008102e90070805700d5
:10145000060009000018eb000080eb0080bf9f0031
:101460002310200093bf9f00aebf9f00b1bf9f001d
:10147000c5bf9f000100e00003003d00b104200053
:10148000216a890006003700004feb00eebf9f0085
:10149000debf9f00840078007080570018030700ab
:1014a0004f0778002f01b10000000600820178008c
:1014b00001017800f1ff2700d7ff370084082000e2
:1014c000848f50001d0032000d003c0014082000e5
:1014d000848f50002700320002003c0004082000e6
:1014e0000400370024082000848f500034003200ac
:1014f00044082000848f500043003a003600370033
:10150000040a2000848f50002700320004003c00b1
:1015100004092000848f50003b003a002800370067
:10152000020c2000828f50002f003200020f20009a
:10153000828f500034003a002b0037009380e9007e
:101540000200e00005003200810978001102fb0072
:10155000cfa2de00612bb900280037008109780096
:10156000114278000482fb008002eb006033b80077
:101570002200370013027800e40052000200e0006d
:1015800005003200810978001102be004fabde0079
:101590008603780019003700810978001102be0027
:1015a0006033b800150037009380e90081097800a6
:1015b00011027800cfa2de00612bb9000f003700c6
:1015c00093027800e8805200810978003102be0061
:1015d0002103be00090037009380e9000200e0000b
:1015e00002003200f1ff37009380e90081097800a2
:1015f000110278008002eb006033b8000498be004e
:101600000690be0010000500000005004408200000
:10161000848f50002500320008003c001408200090
:10162000848f50001400320024082000848f500062
:1016300024003200040820000c00370004092000b8
:10164000848f50001f00320004003c0084082000fa
:10165000848f500024003a000e003700040a200056
:10166000848f500011003200040c2000848f500041
:101670001d003a000d0037009380e90081097800d1
:101680009100780001087800cf91de008288be00ca
:10169000140037009380e9008109780091007800f8
:1016a00001087800824878000e0037009380e90036
:1016b000810978009100780001087800820878009c
:1016c000080037009380e9008109780091007800d4
:1016d000010878006112b900612bb9008498be003e
:1016e0008690be001000050000000500889fbe0027
:1016f000000478004800900082047800808f540035
:10170000010036008004780009017800580090003c
:10171000adfc0700580090000900400050049800fc
:10172000c800900089845000490498000048eb00ec
:101730004f04be0000000600f2874700889fbe00ed
:101740008a9fbe008c9fbe008e1f780080047800a8
:1017500001057800020478008305780061076200c3
:1017600002003a008b0f540008003900080178008d
:101770008a00780009007800dcff07008b0f540016
:1017800002003900880578001e00370008865500e1
:101790000c017800f00f5600010036000201200015
:1017a000010220007e8057008efc07008c06780026
:1017b0000500370002012000fe8057000900780074
:1017c000caff0700f0865600ef8f5600f9ff3e0073
:1017d0004461de0000ff2f000091b90002014600c5
:1017e000fe80570009007800c0ff07000e00e000ef
:1017f00004003a00080178008a00780009007800a7
:10180000baff07000b0078004f0778004f06be00b4
:101810004f05be004f04be002f01b10000000600be
:101820000000050000000500000005000001780030
:101830000040eb008080fb008180400043cc220010
:1018400063c278000404e00003003a0050cc220098
:1018500060c078000000060092017800934f5200ab
:1018600004003a0050cc220060c078000309e80070
:10187000010037000040e800ea4f5000edff36005d
:1018800000000600f6874700889fbe008a9fbe00c2
:101890008c9fbe008e1f7800000578000104780040
:1018a00083057800040678000000eb00c0b79f00b5
:1018b0008080eb00d1b79f00e0b79f00f2b79f0098
:1018c0000008200080bf9f00980078000100780089
:1018d0008004eb00010037008904e8003041780003
:1018e0000204e0000300320053c2b300834f5100f2
:1018f000f9ff3a000900e000040032000901780015
:101900000a00780079ff0700188c44001807780057
:1019100050c2b3009e4f10003f013a000e07e8008e
:101920000e0c780010003700cfb097000100a00027
:101930000b003700cfb097000110a000080037005f
:10194000cfb097000120a00005003700cfb097006e
:101950000130a00002003700cfb097000140a00086
:10196000c1b79f00000ce800180078009040780094
:10197000b2c2b30082cf5000f1ff320007003c003a
:1019800002c2b30082cf5000f0ff320032c2b30077
:1019900082cf500007003a00efff3700d2c2b300f9
:1019a00082cf5000e0ff320002c3b30082cf50006c
:1019b000e0ff3200a2c2b30082cf50000d003a0017
:1019c000000ce8001c80e900000e78001000780090
:1019d000e0b79f000000e0000f003d00cfb097008f
:1019e0000100a200c1b79f000000ea00e0b79f001d
:1019f0000900370039010700e0b79f0001003700f8
:101a0000000ce800180078009000fb000103b10012
:101a1000e98f5000faff36004fb097000008a3008e
:101a2000020032000010a100c0b79f00180078002b
:101a3000e1c2b30090cf100016003a008000eb0026
:101a4000d1b79f000000e800000c7800a1c2b300ed
:101a500090cf100006003a00000ce8001c80e9005e
:101a6000000e780010007800d0b79f000900370002
:101a70001a010700d0b79f0001003700000ce800f2
:101a8000180078009000fb000103b100e98f5000be
:101a9000faff36000800780064ff070080467800ef
:101aa000180078001000fb00870107009106200055
:101ab000810f50003800320012003c004106200027
:101ac000810f5000340032000a003c001106200053
:101ad000810f50002000320031062000810f50009d
:101ae000a000320051022000810f5000bc003a00db
:101af000b400370071062000810f5000b8003c0090
:101b00008800370001072000810f50005c00320080
:101b100007003c00e1062000810f50007a003200ef
:101b2000f1062000810f5000ad003a003900370067
:101b300051072000810f500027003200810720004c
:101b4000810f50004200320031072000810f500009
:101b5000a3003a008f0037008d80fb000c01780055
:101b600000fe2f000f004000730107000000e0009e
:101b7000a800320018007800000ce80090417800be
:101b800002fe2f000f014100f88057000a00780084
:101b900024ff07000e0037008d80fb008c017800c9
:101ba0001200200000fe2f000f00400043fe07003f
:101bb0000000e00097003200180ce80002fe2f0041
:101bc0000f014100f88057000a00780039fc070037
:101bd00080844400900037008d80fb008c017800e9
:101be0000001eb0000fe2f000f00400033fe070055
:101bf0000000e00087003200180ce80002fe2f0011
:101c00000f014100f88057000a00780034fd0700fa
:101c1000efff37008d80fb008c0178000001eb00a6
:101c200000fe2f000f00400024fe07000000e0002f
:101c300078003200180ce80002fe2f000f0141006e
:101c4000f88057000a00780073fc0700e0ff3700b7
:101c50008d80fb008c0178000001eb0000fe2f005e
:101c60000f00400015fe07000000e0006900320090
:101c700018007800000ce800904178001c00370044
:101c80008c0178000001eb00010f200000fe2f0006
:101c90000f00400009fe07000000e0005d00320078
:101ca000180ce8000fb097009fb097002fb1970075
:101cb000bfb19700e00f5000e08f5800e00f5900cf
:101cc000e08f590009003a00cfb597006fb4970034
:101cd000c0cb2200c3fb07000b027800880178000c
:101ce00000017800c1cb22004700370083c7b30052
:101cf00002fe2f000f014100f88057000a00780013
:101d000020fd0700b2ff37000b8144008d80fb00ef
:101d10008c01780000fe2f000f0040003bfe070002
:101d20003c0037008d80fb000c01780000fe2f0086
:101d30000f004000000107000000e0003500320005
:101d400018007800000ce8009041780002fe2f0097
:101d50000f014100f88057000a007800b1fe07002b
:101d60009bff370000c8b30080cf560029003a001f
:101d7000180ce8001c80e900000e78001040780084
:101d8000e0df9f0013002000e2fd2f000f01410063
:101d90000800370000c8b30080cf56001d003a008d
:101da000180ce8001c80e900000e78008001eb00b0
:101db00010017800f88057000a0078004bfc0700fb
:101dc00083ff370000c8b30080cf560011003a00ef
:101dd000180ce8004fb29700efb1970008003700e9
:101de0000e0c78000000eb00c0b79f00e0b79f002a
:101df0000080eb00d0b79f000002eb008401780068
:101e00001200200021cc22000a0078004afe0700c0
:101e10006fff3700180ce800090078004f077800c2
:101e20004f06be004f05be004f04be006f01b1005b
:101e3000000006008200fa00889fbe008a1f78001a
:101e40000005780082047800c13f9f000004eb0089
:101e5000100037000902780088017800a2f72f00ef
:101e60000f01410081f72f008f8040000a007800a9
:101e700084fe070008004000880f500004003d0069
:101e8000b0042000206a89000084eb0004003700c1
:101e9000000478004f3897001004e000edff3a008e
:101ea000080078004f0578004f04be000080fa005b
:101eb00000000600800078001000200002022000d0
:101ec000828f500004003200e9805000e48f5000ff
:101ed000010036000000eb0000000600889fbe00f5
:101ee0008a1f7800000578000a047800984478007a
:101ef0000805e8000900fb00eeff07000000e00015
:101f0000f9ff3a00b0c2b30080cf540005003200a0
:101f1000d0c2b3008000eb0080cf540005003a002f
:101f2000020037008000eb000100370011002000a4
:101f30000804e8000000eb00030037006a02b90063
:101f4000020052000003b0003801fb0003fd2f0027
:101f500082814100e98f5100f8ff36000100e00066
:101f600001003a000000ea004f0578004f04be006f
:101f700000000600010178008001780000826800fe
:101f80000408a30005003200130037003240780037
:101f9000805978000004e000140032000302780049
:101fa0000208a300f9ff3a0003007800010037009f
:101fb0000318780082007800b2017800f5ef2f0056
:101fc000838242000382ea0004826200050828003e
:101fd00005026200f6ff320000027800314178000d
:101fe000025878000204e000fbff3a000400780089
:101ff00000000600881f7800810178000002780048
:10200000808268000508a30002003200210037002a
:102010000201e90003007800040478000308a3002b
:10202000070032000200e00021003200b3407800d7
:10203000015a78000104e000f5ff3a000200370081
:102040000200e0001a0032001004e00003003a0031
:1020500017003700031c78000281e9008000780037
:10206000e10f510008003600b0017800f5ef2f00b5
:10207000838242000382ea0004826200050828008d
:1020800005026200f3ff320008007800010037000b
:102090000201e900000478000200e00004003200c0
:1020a000b1417800035878000304e000f8ff3a00db
:1020b0008000eb00080078004afa0700080078006a
:1020c0004f04780000000600f1fb2f0080804000e4
:1020d000f98f500001003e000050a00000000600f3
:1020e000f9ff3700f1f92f0080804000f98f500090
:1020f00001003e00f005b20000000600f9ff3700c5
:102100000200fa00881f780000047800e2bf9f00f8
:10211000648157000800780046ff0700980090008f
:102120000148a300010032000080eb004f0478005a
:102130000080fa0000000600881f78000004780084
:1021400000082000808f5000170035001008200084
:10215000808f50000b00340030082000808f50002a
:1021600011003a0092007800688050000009780061
:102170003002be002003be00049cbe000694be00d8
:10218000070037009202780064805200000978004e
:102190001000be0007000700009cbe000294be00b5
:1021a00010002000010037000000eb004f04780011
:1021b00000000600810378001d0007000001be003a
:1021c0006000b8000478a30013003a006220e10028
:1021d00015003e000d0039008301d1000281d300bb
:1021e0008180d3008301d1000281d3008180d3009c
:1021f0008301d1000281d3008180d3000538b00073
:10220000c42add00f300b2008381720007f0a7004a
:1022100003f0a0000000060083ff2700020020005a
:102220006110b900f9ff370003ff2700f7ff3700ff
:10223000c70ade00f107b200f50fb2000800320055
:10224000e1cf4200020032000170a000240005002e
:10225000810f7000010032000408050044000500f1
:10226000810f700002003a00140005008502e900a9
:102270000000400081c04800fcff3b000170a0004e
:1022800024000500020ab900001bb9000200b800d2
:10229000810042008100430000000600889fbe00cc
:1022a0008a9fbe0030044200b0844a0030054b00d3
:1022b00090854b006000b1000898be000a90be00f7
:1022c0000440e10005c8e10006d0e10007d8e100c4
:1022d00002003100680040001008e8004f05be0011
:1022e0004f04be0000000600889fbe008a9fbe000b
:1022f0003004be002005be000418540005985c00a0
:1023000006185d0007985d00110020000440e10000
:1023100005c8e10006d0e10007d8e100010039005e
:102320008000eb00108810004f05be004f04be0077
:10233000000006001200fa00889fbe008a9fbe00bf
:102340008c9fbe00e0b79f00f1b79f0082bf9f0047
:1023500093bf9f000605be000404be000000eb0012
:10236000d0b79f00c0b79f00b0b79f00a0b79f0035
:1023700090b79f00000678005fb19700cfb097003c
:10238000820141003fb097000200e00004003d00e0
:10239000370007007e805700c0ff070003003700aa
:1023a000330007007e805700cfff0700dfb697009d
:1023b0000d00e0000c0035006fb29700ffb29700ef
:1023c0000fbb97009fbb970010002000010020006a
:1023d0006011b80000027200818272000203730073
:1023e000838373001b0007000c06e8000104200033
:1023f000810f5600e0ff3a000d00e00004003d00b0
:102400000802be000a03be007e805700a3ff07003b
:102410005fa897000000e00005003a001fb2970097
:10242000afb297003fb39700cfb397000900070002
:102430006fb09700ffb097000fb997009fb9970052
:102440004f06be004f05be004f04be000080fa00dc
:10245000000006000100070000000600a4b79f006e
:10246000b5b79f00c6b79f00d7b79f000000060012
:102470004f09de0082817100b3b79f004f01de007b
:102480008180400082807000a1b79f008fb09700cc
:102490004f09de00000040000200700090b79f006e
:1024a0007fa897004f01de0081804000828070008d
:1024b00081b79f000d0007004f3ade00000040008a
:1024c00004007000f0af9f00080007000402420003
:1024d00085824a0006034b0087834b00dfff07001d
:1024e0000802be000a03be00000006002fb29700db
:1024f000bfb297004fb39700dfb39700000006000c
:10250000881f780018002000881f780089ff0700c6
:102510008f87e9004f04780000000600801feb0061
:1025200084ff07008f87e90000000600889fbe0037
:102530008a9fbe00e00f5000e08f5800e00f590066
:10254000e08f59000c003d006044b8006055b800b1
:102550000000540081805c0002015d0083815d0009
:10256000180020001500070008003d0018000700b3
:102570000004eb00050037000004eb000f0007002b
:1025800002003d001200070018002000dcff0700d9
:102590000800e000060032006022b8006033b80096
:1025a0000000520081805a0002015b0083815b00c1
:1025b0004f05be004f04be0000000600e00f5200b1
:1025c000e08f5a00e00f5b00e08f5b000000060028
:1025d0006044b8006055b8000402540085825c0075
:1025e00006035d0087835d0000000600889fbe0033
:1025f0008a9fbe008c1f7800e00f5000e08f5800cb
:10260000e00f5900e08f59000d003d006044b80014
:102610006055b8000000540081805c0002015d003c
:1026200083815d001c0020000820e10009a8e10072
:102630000ab0e1000bb8e1000d003d0008003700d2
:102640000006eb00e00f5200e08f5a00e00f5b0045
:10265000e08f5b0006003d006044b8006055b800a4
:102660000402540085825c0006035d0087835d00e0
:10267000aaff07000c00e000060032006022b8004c
:102680006033b8000000520081805a0002015b00f4
:1026900083815b004f0678004f05be004f04be00eb
:0426a0000000060030
:020000040000fa
:1026a40030300000303000003030000031300000a5
:1026b4003945000033460000323400003030000059
:1026c4003030000025300000325800002530000072
:1026d4003258000025300000325800002530000038
:1026e400325800003030000025300000325800001d
:1026f400253000003258000038410000004100003d
:1027040055440000494f0000204300004f4400009e
:102714004543000020520000313400003d250000f4
:1027240064200000283000007825000030320000ca
:102734005829000020520000313500003d250000da
:1027440064200000283000007825000030320000aa
:1027540058290000523900003d2500006420000083
:10276400283000007825000030320000582900008d
:1027740020520000313000003d250000642000009c
:10278400283000007825000030320000582900006d
:1027940020520000313100003d250000642000007b
:1027a400283000007825000030320000582900004d
:1027b40020520000313200003d250000642000005a
:1027c400283000007825000030320000582900002d
:1027d400204900003d250000630a00000025000098
:1027e4007320000046690000633d0000257300006b
:1027f40020640000656d00003d2500006420000099
:1028040065740000617400003d2500006420000030
:1028140065750000723d000025640000202500005d
:10282400640a0000003100006b350000687a000083
:102834002e7700006176000000310000356b000047
:10284400687a00002e7700006176000000440000e2
:10285400656d0000616e000064650000000d0000fd
:102864000a5400005241000043450000494e000054
:10287400464f0000200000002573000020440000a3
:10288400656d0000616e0000646500004172000027
:1028940072650000744c00006563000074750000ec
:1028a40072650000536f00006e28000029200000ac
:1028b40045740000617400003d250000640a0000b6
:1028c400000d00000a52000020520000584d000084
:1028d4004f440000200000000d0a0000000d00001d
:1028e4000a52000020540000584d00004f440000dc
:1028f400200000000a0000003c3c00003c450000b1
:10290400636800006f2000006465000074650000c7
:1029140063740000653e00003e3e00000a000000b3
:102924002b4300004d4700004c3a000020000000fb
:10293400244700005053000041430000503a000077
:102944002000000045520000524f000052000000d9
:102954002b4300004d53000020450000525200005c
:102964004f520000002b0000434d000045200000a2
:1029740045520000524f0000520000002341000065
:10298400504c000041590000455600003a20000018
:102994003000000052450000432b00007566000023
:1029a4000023000048540000545000005249000025
:1029b4004e4700003a200000002300005347000067
:1029c40041430000543a0000203100002c00000074
:1029d4004d4100004a3a00002055000052430000d7
:1029e40020690000676e00006f720000652000001f
:1029f400706500006e640000616e000074200000c9
:102a0400726500006365000070740000696f000067
:102a14006e2000003a200000252e00003430000013
:102a2400730a0000004f00004b0000004d410000fd
:102a34004a3a00002072000065630000616c0000e7
:102a440061670000652000007375000072200000bb
:102a54006465000062750000742000006465000075
:102a6400206c0000696700006e650000204f0000c4
:102a74004b0a0000002b0000434c000043430000bd
:102a84003a2000000041000070700000656c0000f6
:102a9400206500006e740000726100006e74000016
:102aa400203e000020490000474e00004f52000025
:102ab40045200000425000000a0000004170000060
:102ac400706500006c200000736f000072740000d9
:102ad400616e000074200000656e00002063000039
:102ae4006f750000727300002c20000069670000fd
:102af4006e6f000072650000206500006e740000b7
:102b0400726100006e7400000a00000030300000a2
:102b14003030000030300000303000003030000031
:102b240030300000303000000041000070700000c0
:102b3400656c0000206500006e7400007261000086
:102b44006e740000202d00003e2000004150000063
:102b5400504500004c5f0000414c0000455200000d
:102b6400540a000000520000494e000047000000d3
:102b7400524900004e470000206c00007520000000
:102b84005374000061740000757300003d4100003f
:102b940050500000454c00005f54000052410000ba
:102ba40049540000454d0000454e000054200000eb
:102bb4002043000070740000536500006349000066
:102bc400676e00006f7200006541000070700000c5
:102bd400656c00003d3500000a0000005249000009
:102be4004e470000206c000075200000696700005b
:102bf4006e6f00007265000020000000204100009c
:102c0400455300003d0000002041000053530000e4
:102c14003d0000002d2d00002d2d00002d2d000065
:102c24002d2d00002d2d00002d540000494d0000d5
:102c3400452000004f550000542000002d200000c6
:102c440043410000534500002000000025640000bb
:102c5400002d00002d2d00002d2d00002d2d000035
:102c64002d2d00002d0d0000003200003038000032
:102c740030310000003200003038000030320000f3
:102c8400006f0000726100006e67000065000000c4
:102c940032300000383100003000000032300000d3
:102ca40038310000310000003230000038310000bb
:102cb4003300000077650000627300006672000054
:102cc40000320000303800003135000000320000ce
:102cd40030380000313600000066000072650000e4
:102ce400650000003230000038320000300000007f
:102cf4003230000038320000310000003230000071
:102d040038380000380000006d6d00007362000068
:102d14006f75000079670000746500006c2e000078
:102d2400636f00006d000000323700003230000095
:102d34003100000069730000702e0000766f0000ff
:102d440064610000666f00006e6500002e6900007b
:102d5400650000003237000032300000320000000d
:102d64003237000032300000350000007468000083
:102d740072650000652e00006965000000320000e5
:102d84003732000030330000006900007370000027
:102d94002e650000697200002e69000065000000c5
:102da4003237000032300000370000007465000044
:102db400736300006f6d00006f620000696c0000b7
:102dc400652e000069650000003200003334000005
:102dd4003130000000320000333400003032000093
:102de400003200003334000031310000006d000077
:102df4006f620000696c0000652e00006f320000f5
:102e04002e6300006f2e0000756b0000003200007e
:102e14003334000031350000003200003334000048
:102e240039310000006900006e7400006572000012
:102e34006e6500007400000032330000343300007b
:102e4400300000003233000034330000330000004f
:102e54003233000034330000340000006576000093
:102e640065720000797700006865000072650000f3
:102e740000320000333400003230000000740000df
:102e840068720000656500002e6300006f2e00006c
:102e9400756b000000320000303200003031000059
:102ea40000320000303200003032000000320000f6
:102eb4003032000030350000006900006e740000fc
:102ec400657200006e650000742e0000766f0000cd
:102ed40064610000666f00006e6500002e670000ec
:102ee400720000003230000032300000390000006f
:102ef4003230000032310000300000006769000009
:102f04006e7400002e6200002d6f00006e6c0000d5
:102f1400696e0000652e000067720000005b00000f
:102f2400473100003d250000642000003c3c0000c7
:102f340020250000640a000000470000312e000034
:102f440025640000207300007461000072740000a6
:102f5400200a0000004900004e49000054200000ef
:102f640047310000203100002031000020310000f2
:102f740000470000312e00002564000020520000ac
:102f840054530000206500007420000043540000e6
:102f9400532000003d20000025640000200a0000aa
:102fa4000057000061690000746900006e6700004a
:102fb40020250000642000000d00000041540000a2
:102fc400264600000d00000041540000264b00007e
:102fd400300d0000002d00002d2d00002d2d0000cf
:102fe40061700000774b00004f660000662d000002
:102ff4002d2d00002d540000494d000045200000f7
:103004004f550000542000002d20000043410000d3
:1030140053450000200000004154000045300000ea
:103024000d000000415400002b49000050520000e4
:103034003d3100003135000032300000300d000019
:1030440000410000542b00004943000043490000a4
:10305400440d0000002b00004943000043490000d8
:10306400443a0000200000004343000049440000ab
:1030740020450000727200006f7200000a00000018
:10308400415400002b430000475300004e0d000044
:10309400004100005423000053570000504b00002f
:1030a400475600000d000000494d0000454900004e
:1030b4003a200000002f0000000d00000041000035
:1030c400542b0000434700004d4d00000d0000004c
:1030d4004154000023490000534d000053430000b5
:1030e400464700003f0d0000002300004953000044
:1030f4004d53000043460000473a000020310000d1
:1031040000230000495300004d53000043460000d3
:10311400473a000020300000004100005423000022
:10312400495300004d53000043460000473d000052
:10313400300d0000000a00002072000065620000eb
:103144006f6f0000742000006d6f00006465000064
:103154006d200000706f00007572000020410000b7
:1031640054230000495300004d530000434600001f
:10317400473d0000302000000a00000041540000d8
:103184002b430000504900004e3f00000d0000009a
:103194002b430000504900004e3a0000205200002a
:1031a4004541000044590000002b0000435000003a
:1031b400494e00003a200000534900004d20000011
:1031c400504900004e0000002b430000504900000d
:1031d4004e3a000020530000494d000020500000ea
:1031e400554b0000002b000043500000494e0000e6
:1031f4003a2000004e4f000054200000494e0000c9
:1032040053450000525400004544000000410000b2
:10321400542b000043500000494e00003d220000a2
:10322400002200000d000000436f000064650000f0
:1032340020500000494e000020700000617300001f
:103244002070000061720000616d00006574000070
:10325400726500002c200000766f00006972000087
:103264002043000046500000494e00000a000000c0
:1032740057410000524e0000494e0000473a0000fa
:10328400204f00004e4c0000592000004f4e00001b
:103294004520000041540000544500004d500000fa
:1032a40054200000464f0000522000005049000006
:1032b4004e2000004c450000465400002c20000025
:1032c40043480000454300004b20000052450000e5
:1032d4004749000053540000455200004544000093
:1032e40020500000494e0000004300006c690000bb
:1032f4006720000032200000506900006e200000aa
:103304006f6b00000a000000415400002b430000d2
:10331400535100000d0000002b43000053510000e6
:103324003a20000000470000312e00002564000010
:1033340020450000636800006f44000065740000cd
:1033440065630000746500003e3e00002035000007
:1033540031300000200d000000410000542b00001b
:10336400434d0000454500003d3200000d000000c3
:10337400415400002b490000464300003d3000004a
:103384002c3000000d000000415400002b430000cd
:103394004d470000463d0000310d00000041000093
:1033a40054530000303d0000303b00005337000010
:1033b4003d320000353500000d000000415400008e
:1033c4002b430000523d0000300d0000004100007e
:1033d400542b000043520000433d0000300d000018
:1033e40000410000542b000043520000534c0000e5
:1033f4003d3000000d000000415400002b4300004c
:10340400465500004e3d0000310d00000041000013
:10341400542b0000434c0000495000003d30000094
:103424000d000000415400002b4300004c490000f3
:10343400523d0000300d000000410000542b0000fc
:10344400434f00004c5000003d3000000d000000d0
:10345400415400002b430000534900004c3d000040
:10346400313b00002b4300004c5600004c3d000053
:10347400300d0000004100005423000053470000b9
:1034840041430000543d0000312c0000300d000089
:1034940000450000525200004f520000202b000053
:1034a4004347000041430000543d0000312c00001c
:1034b400302000002d200000436f00006e740000d7
:1034c400696e0000756500000a00000041540000a8
:1034d4002b43000047440000434f00004e540000bb
:1034e4003d3100002c22000049500000222c000035
:1034f40022000000222c0000223000002e300000a8
:103504002e3000002e300000222c00002c2c000055
:103514000d000000415400002b430000474400000c
:10352400434f00004e5400003d3100002c220000a7
:1035340049500000222c0000222200000d0000004f
:10354400415400002353000047410000435400004d
:103554003d3100002c3100000d0000002d2d000035
:103564002d2d00002d2d00002d2d00002d2d0000ef
:103574002d490000676e00006f7200006520000096
:10358400657200007265000075720000207300000f
:103594007572000020630000736900006c20000055
:1035a400004100005423000049320000435700004a
:1035b400523d0000342c0000372c00003230000053
:1035c4002c300000302c0000313700000d000000ca
:1035d40070610000756f00006b2e000077610000c1
:1035e40076000000697300006f6c0000652e000017
:1035f400776100007600000052650000626f0000f1
:103604006f74000020640000752000006d6f0000de
:10361400646500006d2000004175000063750000c2
:103624006e200000534d0000530a000000520000b9
:10363400656200006f6f0000742000006d6f000071
:10364400646500006d200000657400006170000076
:103654006520000032300000302c0000206500009e
:103664007461000074200000696e0000636f000044
:103674007272000065630000740a000000500000cc
:103684004450000020440000efbf0000bd6a000069
:10369400efbf0000bd2000006f75000076650000dc
:1036a40072740000202d000020440000656d0000ad
:1036b400616e000064650000204f00007576000014
:1036c40065720000747500007265000020500000ef
:1036d400445000000a00000041540000235300003d
:1036e40047410000435400003f0d00000047000024
:1036f4007261000066200000475300004d20000066
:10370400736c000065650000700a00000041000051
:103714005424000047500000535000003d30000086
:103724000d000000415400002b43000046550000ea
:103734004e3d0000300d000000470000312e000017
:103744002564000020540000494d0000452000007d
:103754004f550000540d000000470000312e0000ba
:103764002564000020450000727200006f720000a2
:10377400526500006375000020450000727200006d
:103784006f72000052650000637500002020000085
:103794000d0000003c3c00003c3c00003c3c0000b0
:1037a4003c3c0000473100002e250000642000004e
:1037b40045630000686f0000446500007465000004
:1037c40063740000652000003e20000035310000d5
:1037d400302000003e3e00003e3e00003e3e000021
:1037e4003e3e00003e3e00003e3e0000203500000c
:1037f40031300000200d0000005200006570000010
:10380400726900007365000020470000312e00003b
:103814002564000020470000313700003d250000ea
:1038240064000000473100002e32000031300000f7
:10383400205000006f730000485000003d0000005d
:10384400256400000a000000415400002b430000de
:10385400534900004c3d0000300d000000530000af
:103864006f6e00006e650000726900006520000044
:1038740050610000732000006465000020660000b1
:103884006963000068690000657200000a000000b6
:103894004154000023410000504c000041590000f5
:1038a4003d3000002c3000002c220000220d0000ce
:1038b4000041000054230000415000004c4100002e
:1038c400593d0000312c0000302c00002200000083
:1038d40022000000473100002e3200003131000088
:1038e400206c000069740000200000002a450000dc
:1038f400525200004555000052000000646500006b
:103904006d6100006e6400006520000066690000bf
:10391400632000007465000073740000206f0000d1
:103924006c6400000a0000004154000023410000c0
:10393400504c0000415900003d3000002c30000084
:103944002c22000000450000525200004f5200009b
:10395400204900004e53000045520000542000004e
:10396400504900004e20000057480000454e00001a
:10397400204300004152000044200000495300004d
:10398400205500004e5000004f57000045520000e3
:103994004544000020540000484500004e2000002b
:1039a40054520000592000004147000041490000e2
:1039b4004e0a000000450000525200004f52000021
:1039c400205400004f4f0000204d0000414e0000e5
:1039d400592000005452000049450000533a0000a9
:1039e40020530000494d0000204200004c4f0000cd
:1039f400434b000045440000204300004f440000b6
:103a040045200000505500004b2000004e450000aa
:103a140045440000454400000a00000041540000f1
:103a24002b4300004e4d0000493d0000312c0000a6
:103a3400312c0000302c0000302c0000300d000030
:103a440000410000542b0000434d0000474c00008f
:103a54003d220000414c00004c2200000d000000fb
:103a6400415400002b4300004d470000443d00003a
:103a7400002c0000300d000000410000542b000019
:103a8400434d0000474400003d3100002c34000049
:103a940000410000542b0000435200004547000041
:103aa4003f0d0000002b000043520000454700007a
:103ab4003a200000302c0000310000002b430000ad
:103ac40052450000473a0000203000002c35000029
:103ad400002b000043520000454700003a2000003c
:103ae400312c0000310000002b430000524500003f
:103af400473a0000203100002c350000002b000064
:103b040043520000454700003a200000302c0000da
:103b1400330000002b43000052450000473a0000e8
:103b2400203100002c3300000052000065670000c3
:103b3400697300007472000061740000696f000012
:103b44006e200000646500006e690000656400007a
:103b5400206f00006e20000072650000636f00009b
:103b64006d6d0000656e0000636500000a000000d2
:103b74002b43000052450000473a0000203000006b
:103b84002c300000002b0000435200004547000089
:103b94003a200000302c0000340000002b430000c9
:103ba40052450000473a0000203100002c3000004c
:103bb400002b000043520000454700003a2000005b
:103bc400312c0000340000005365000075690000ca
:103bd4006c200000707200006563000065640000e2
:103be400656e0000742000006465000066610000da
:103bf40075740000207200006573000065610000a8
:103c0400750a000000520000656c0000616e00003f
:103c140063650000207400006163000068650000b3
:103c2400206d00006f640000656d000020630000db
:103c34006172000020640000656600006175000088
:103c440074200000696e0000736300007269000054
:103c540070740000696f00006e0a0000002b000001
:103c640043520000454700003a20000032000000a3
:103c7400415400002b43000052450000473d000022
:103c8400310d0000004c00006563000074750000f5
:103c94007265000020430000535100000a00000038
:103ca4004c6500006374000075720000652000001c
:103cb4003c72000073730000693e0000203a00006b
:103cc40020250000640a0000004c00006563000029
:103cd4007475000072650000203c000073710000e0
:103ce4003e2000003a200000256400000a00000085
:103cf400415400002b43000045530000510d0000c7
:103d0400002b000043450000535100003a200000fe
:103d1400002b000043450000535100003a200000ee
:103d2400393900002c390000392c0000002b000028
:103d340043450000535100003a2000003939000087
:103d44002c390000392c000032350000352c0000dd
:103d540032350000352c0000004c00006563000083
:103d64007475000072650000203c0000727300004e
:103d7400727100003e2000003a200000256400001b
:103d84000a0000004c6500006374000075720000b6
:103d9400652000003c72000073720000703e000059
:103da400203a000020250000640a0000004c0000b6
:103db400656300007475000072650000203c00001b
:103dc40072730000637000003e2000003a2000007f
:103dd400256400000a0000004c65000063740000c4
:103de40075720000652000003c650000636e0000f1
:103df4006f3e0000203a000020250000640a000005
:103e040000410000542b0000434d000047530000c4
:103e14003d22000000540000696d0000654f000061
:103e24007574000031200000656e0000766f00009c
:103e340069200000534d0000530a000000250000d3
:103e440063000000534d0000534500004e5600002f
:103e540020000000546900006d6500004f750000eb
:103e640074320000206500006e7600006f69000067
:103e7400205300004d5300000a000000457200006a
:103e8400726500007572000020470000312e0000aa
:103e940036320000206500006e7600006f69000075
:103ea400205300004d5300000a000000534d000051
:103eb400534500005252000020000000415400000d
:103ec4002b4300004c430000430d00000041000060
:103ed400544100000d000000415400002352000032
:103ee40046530000545300000d00000041540000ec
:103ef400533700003d3000000d0000004154000025
:103f0400440000003b0d0000004100005448000044
:103f14000d0000004e4f00004b2d00003e3200000b
:103f240033320000204d00006c3d000000430000cf
:103f3400504900004e200000546900006d650000e7
:103f44004f550000542d00003e3200003332000073
:103f54000a0000003f000000415400002b43000011
:103f64004f500000533f00000d0000002b430000a1
:103f74004f500000533a000000410000542b000051
:103f8400434f0000505300003d3300002c3200002a
:103f94000d000000415400002b4300004f5000006e
:103fa400533d0000332c0000300d000000410000a0
:103fb400504e0000206f0000706500007261000028
:103fc4007465000075720000206d000069730000c4
:103fd40020610000206a00006f750000722000005c
:103fe4002d3e000020720000657000006172000028
:103ff400616d000065740000726100006765000077
:1040040020500000445000000a0000004154000009
:104014002b430000534900004c3d0000310d0000cb
:1040240000470000312e0000313100003420000030
:10403400506f000073480000503d0000004700002e
:10404400312e0000313100003520000047610000ae
:10405400696e0000732000006f6b00000a0000000e
:10406400476500006e460000717400002067000080
:10407400313d00003136000030200000706f000038
:1040840073680000703d000000430000747200007b
:104094006c470000656e000046710000742e00003d
:1040a4004c6100006e630000656500003d31000056
:1040b4000a000000415400002b5600005444000044
:1040c4003d000000415400002b56000054530000f2
:1040d4003d0000007369000020700000617300005f
:1040e400206d00006172000063680000652c000010
:1040f40020740000657300007465000072200000e5
:104104006176000065630000202c0000206500003b
:104114006e7400007265000020630000617200008c
:1041240020640000746d000066000000415400002b
:104134002b43000052450000473d0000320d0000b3
:10414400004100005423000053480000444e000086
:104154000d00000052450000424f00004f54000083
:10416400205300006f660000742000004d6f0000b3
:10417400646500006d0a0000002d0000466900001f
:104184006e200000746500006d7000006f20000058
:10419400473100002e250000642d00000d000000b2
:1041a40052450000424f00004f54000020650000bb
:1041b4006c65000063740000726900007175000092
:1041c400652000004d6f0000646500006d0a00006a
:1041d4000052000020000000415400002b57000052
:1041e40053340000363f00000d0000002b57000040
:1041f40053340000363a000020000000415400000f
:104204002b57000053340000363d000025640000a5
:104214000d00000023230000234400004542000059
:1042240055470000204200006173000063750000e0
:104234006c650000207600006572000073200000a9
:10424400334700000a000000232300002344000039
:104254004542000055470000204200006173000001
:10426400637500006c650000207600006572000034
:1042740073200000344700000a000000415400008d
:104284002447000050530000503f00000d00000080
:104294002447000050530000503a00002000000062
:1042a400415400002447000050530000503d0000da
:1042b400310d00000041000054240000475000006c
:1042c40053410000435000000d0000002d2d00005c
:1042d4002d2d00002d2d00002d2d00002d2d000072
:1042e4002d540000494d0000452000004f550000aa
:1042f400542000002d200000333000003100000065
:104304000a2300002323000054520000414e000001
:104314005350000041520000454e0000542000005c
:1043240043500000543d00003020000023230000cf
:10433400230a0000000a0000232300002344000095
:10434400424700004d4f0000444500004d3d000031
:1043540030200000286d00006f640000656d0000cf
:104364002065000074610000697400002070000082
:10437400726500007429000020230000232300003c
:104384000a0000000a230000232300004442000026
:10439400474d00004f440000454d00003d300000f3
:1043a400202800006d6f0000646500006d2000008f
:1043b40070610000732000007072000065740000da
:1043c4002c20000072650000696e00006974000012
:1043d4002920000023230000230a000000410000dc
:1043e400545a00000d0000004854000054500000ce
:1043f4003a200000235300004741000043540000ca
:104404003f200000696e00006469000071750000bf
:1044140065200000636f00006e7400006578000082
:104424007465000020660000657200006d65000080
:10443400202d00003e200000726500006f75000012
:10444400766500007274000075720000650a000051
:104454000048000054540000503a0000206100005d
:10446400626100006e6400006f6e0000202800008e
:104474004e62000054720000792000006570000054
:104484007569000073650000202d000020630000a2
:104494006f6e0000746500007874000065200000f1
:1044a4005044000050200000696e00006469000060
:1044b400737000006f6e0000696200006c6500009c
:1044c400290a00000048000054540000503a00003b
:1044d400207000006173000020640000652000006b
:1044e40072650000706f00006e73000065200000ac
:1044f4002353000047410000435400003f200000c4
:104504002d3e000020720000656f000075760000eb
:104514006572000074750000726500002050000090
:1045240044500000207000006172000020730000fd
:10453400656300007572000069740000650a00007c
:104544000048000054540000503a0000206100006c
:10455400626100006e6400006f6e0000202800009d
:104564004e62000054720000792000006570000063
:104574007569000073650000290a0000004100000d
:1045840054230000485400005450000043460000e7
:10459400473d0000302c000022250000732200005b
:1045a4002c250000642c0000302c00002222000086
:1045b4002c220000222c0000312c0000313200009b
:1045c400302c0000310d0000004100005423000095
:1045d400485400005450000051520000593d00005e
:1045e400302c0000302c0000222500007322000033
:1045f4000d00000048540000545000003a20000010
:1046040065630000686500006320000048540000f2
:104614005450000043460000472000002d200000b5
:104624007265000074720000790a000000480000fe
:1046340054540000503a00002070000061730000e0
:10464400206400006520000023480000545400004a
:1046540050520000494e0000472000002d20000069
:104664007265000074720000790a000000480000be
:104674005454000050520000494e000047200000ee
:104684007374000061740000757300003d25000020
:1046940075200000736900007a6500003d25000064
:1046a4006c7500000a0000004854000054500000db
:1046b4003a200000737400006174000075740000f7
:1046c400202100003d20000032300000300a0000ac
:1046d40000410000542b0000434e00004d490000ef
:1046e4003d3000002c3000002c3000002c30000045
:1046f4002c3000000d0000004d4100004a3a00003b
:10470400205200004550000052490000534500006b
:1047140020520000415000004944000045200000a0
:104724002d200000736b000069700000207e0000e3
:10473400256c0000752000006f63000074650000a4
:10474400747300002070000075690000732000007d
:1047540072650000737900006e630000207300002e
:1047640075720000206c0000696700006e6500002f
:104774000a00000041540000234800005454000083
:1047840050520000435600003d3000002c2500002c
:10479400640d0000004d0000414a00003a20000072
:1047a40074610000696c00006c650000206e0000fc
:1047b400756c00006c6500000a0000004d410000ab
:1047c4004a3a0000207300006b690000702000006a
:1047d40074650000726d0000696e000065200000c1
:1047e400282500006c750000206f00006374000031
:1047f400292000002d3e00002072000065630000a7
:10480400686500007263000068650000206c0000a9
:10481400696700006e6500002064000065200000e8
:1048240072650000737900006e6300000a000000e6
:104834000a3d00003d200000424c00004f430000b0
:10484400206200006c6f0000635f00006c65000074
:104854006e3d0000257500002072000061770000a5
:104864003d2500006c7500002066000072610000a8
:10487400675f00006c6500006e3d00002575000058
:1048840020460000696c000065410000646400007b
:104894003d2500006c7500002f2500006c7500009c
:1048a400203d00003d0a0000006600007261000027
:1048b400673d00005b0000005d0a0000004d000041
:1048c400414a00003a2000006c690000676e000055
:1048d400652000006465000020720000657300001c
:1048e400796e00006320000072650000747200009d
:1048f4006f75000076650000652000002d3e000005
:104904002072000065700000726900007365000089
:1049140020640000752000007472000061690000ca
:10492400746500006d6500006e7400000a000000ec
:104934004d4100004a3a0000206c00006967000005
:104944006e650000206300006f720000726f00004b
:104954006d70000075650000203a00002000000022
:104964000a4d0000414a00003a2000006c69000032
:10497400676e000065200000696e0000766100002b
:104984006c69000064650000202800006572000066
:10499400723d0000257500002920000046690000d2
:1049a4006c65000041640000643d0000256c00005b
:1049b400752000003a200000004d0000414a00002c
:1049c4003a2000006c690000676e0000652000005a
:1049d400646500002072000065730000796e0000b9
:1049e40063200000696e0000747200006f7500009f
:1049f40076610000626c0000652000002d3e00001e
:104a040020610000626100006e6400006f6e0000af
:104a14002072000065700000726900007365000078
:104a2400207200006170000069640000650a0000e3
:104a3400002000002063000068650000726300002d
:104a44006865000065200000286c0000656e0000a9
:104a54003d250000752c00002062000065730000f5
:104a6400743d0000256c000075290000203d000005
:104a7400205b0000005d00000a20000020610000af
:104a8400727200006574000020610000204600007e
:104a9400696c000065410000646400003d2500006d
:104aa4006c75000020280000736b00006970000022
:104ab40020660000696e000069200000612000008b
:104ac400256c0000752900000a0000004d4100001b
:104ad4004a3a0000206c0000696700006e6500001f
:104ae400206300006f720000726f00006d700000a0
:104af400756500002f6900006e760000616c00008f
:104b040069640000652000002d3e00002072000052
:104b1400656c0000616e00006365000020630000a6
:104b2400796300006c650000206300006f6d000075
:104b3400706c0000657400000a0000004d41000024
:104b44004a3a0000202500006c750000252500006d
:104b5400204f0000565200003d250000750a000059
:104b6400004d0000414a00003a2000006669000040
:104b74006e2000006c650000637400007572000014
:104b8400650a0000004d0000414a00003a20000080
:104b9400666900006e20000065720000726f0000fc
:104ba400723d000025750000206500006f6600005e
:104bb4003d2500007520000072610000773d000073
:104bc400256c000075200000446100007461000041
:104bd400536900007a6500003d2500006c750000f3
:104be4002065000063610000727400003d25000030
:104bf4006c6400000a0000004d4100004a3a0000c5
:104c040020660000696300006869000065720000a6
:104c1400206900006e6300006f6d0000706c00007e
:104c2400657400002f650000727200006575000055
:104c3400720a0000004d0000414a00003a200000c2
:104c44006c6500006374000075720000652000004c
:104c5400636f00006d7000006c65000074650000f7
:104c6400204f00004b0a0000005300007761000051
:104c7400702000005061000072740000697400002c
:104c8400696f00006e2000004f4b00000a00000016
:104c94005377000061700000205000006172000032
:104ca40074690000746900006f6e00002046000003
:104cb400616900006c0a00000041000054230000f8
:104cc40041530000454e0000443d000022740000a2
:104cd40065730000742e00007761000076220000e6
:104ce4002c330000303000000d0000000a4d00009d
:104cf400414a0000202b0000434d000045200000e5
:104d040045520000524f0000522000006120000074
:104d1400256c0000752f0000256c00007520000034
:104d240028650000737300006169000020250000fd
:104d340075290000202d00003e200000726500004f
:104d44006c6100006e630000652000006379000060
:104d5400636c000065200000636f00006d7000004c
:104d64006c650000740a0000000a00004d41000058
:104d74004a200000544900004d4500004f550000f2
:104d8400542000002873000065730000736900005c
:104d94006f6e00002076000069760000616e0000ee
:104da400746500002920000061200000256c0000cb
:104db400752f0000256c0000752000003a200000cb
:104dc400726500002d230000485400005450000078
:104dd400524300005620000073750000722000004a
:104de400706c000061630000650a0000004d000063
:104df400414a00003a200000726500007072000011
:104e04006973000065200000726100007069000091
:104e14006465000020610000726d0000656500009b
:104e2400202800006d650000696c00006c650000be
:104e340075720000207000006f6900006e7400003d
:104e4400202500006c750000202d00003e2000008d
:104e5400736b000069700000202500006c75000071
:104e6400206f000063740000657400007329000063
:104e74000a0000004d4100004a3a0000206c000086
:104e8400696700006e650000206400006520000072
:104e940072650000737900006e63000020720000e8
:104ea40065630000686500007263000068650000c7
:104eb400652000003d2000005b000000456e0000fe
:104ec400766f000069200000534f00004654000034
:104ed4004d4100004a200000524500005452000099
:104ee4005920000050410000550a00000045000010
:104ef4006d65000074200000534f0000465400000c
:104f04004d4100004a200000524500005452000068
:104f14005920000050410000550a0000003f0000e5
:104f24003f3f00003f3f00002047000031200000c9
:104f3400657400006170000065200000696e000067
:104f4400636f00006e6e000075650000202d000088
:104f54003e20000032300000302000000a00000033
:104f64004d61000078200000534d000053200000e4
:104f74006a6f000075720000206100007574000003
:104f84006f72000069730000652000006465000012
:104f94007061000073730000650a000000430000a4
:104fa400545200004c52000045530000454100009b
:104fb4005520000053510000334700003d390000e4
:104fc4003920000053510000344700003d390000ef
:104fd4003920000052530000525000003d300000c0
:104fe4002052000053430000503d000030200000d8
:104ff400454300004e4f00003d30000020520000a9
:1050040053520000513d00003000000041500000a8
:105014004e2000004e4f00004d3d00005a0000009d
:105024005b0d00005c0d00005d0d00005e0d0000d6
:105034006d0d00005f0d0000650d0000660d0000a1
:10504400670d0000680d0000610d0000620d000096
:10505400630d0000690d00006a0d00006b0d000077
:105064006c0d0000640d0000522000004346000057
:10507400412000004c3d000000200000453d0000a0
:1050840000200000443d000000200000433d0000db
:1050940000200000583d000000200000563d0000a4
:1050a400005a000000200000533d000000200000d2
:1050b400493d0000002000004d3d0000002000009c
:1050c400543d000000520000205300004d530000e6
:1050d400204e0000554d00003d000000204500001a
:1050e400503d0000003100000030000000200000ae
:1050f4004c4e0000473d00000020000043500000db
:10510400453d00000020000043500000533d0000d6
:10511400000a0000002000004e5500004d3d000034
:105124000020000044540000453d00000020000021
:1051340044540000453d00003000000020480000b9
:10514400524500003d000000204800005245000088
:105154003d30000000200000545300004d53000077
:105164003d00000042550000473d00000052000091
:10517400204d000041500000504900004e470000ff
:1051840000200000470000003d0000002053000004
:1051940000200000440000002f0000005f00000019
:1051a4003a00000052200000494e0000464f000023
:1051b40020480000423d0000002000004843000059
:1051c4003d00000020480000524f00004b3d00000d
:1051d40000200000485200004b4f00003d0000003a
:1051e400204d0000453d0000002000004e5400000a
:1051f4004f3d000000200000444500004e490000df
:10520400454400003d00000020540000523d0000d1
:1052140000200000484c0000453d0000004600000e
:10522400494300003d000000676100007264000013
:10523400652e0000776100007600000066690000ba
:10524400706800006f2e0000776100007600000097
:1052540070610000756f00006b2e00007761000024
:1052640076000000697300006f6c0000652e00007a
:105274007761000076000000316b000035680000a3
:105284007a2e0000776100007600000031350000be
:105294006b6800007a2e0000776100007600000041
:1052a400636f00006e660000697200006d2e0000de
:1052b4007761000076000000522000004d5300008a
:1052c40047540000455300005420000044450000aa
:1052d4004d3d0000005400004f3d00000049000017
:1052e40043520000413d0000004300004d440000d3
:1052f4003d000000436d0000642000006d6f00005d
:10530400646500006d2000003a000000464f000074
:10531400524300004547000052410000463d000052
:1053240000470000312000003e3e00003e20000007
:10533400256400000a00000052450000424f0000ae
:105344004f5400003d00000052650000626f0000f1
:105354006f740000207300006f660000742000006a
:10536400696d00006d6500006469000061740000ef
:1053740020640000752000006d6f0000646500006b
:105384006d0a000000520000656200006f6f0000ab
:105394007420000064750000206d00006f6400003c
:1053a400656d0000206100007072000065730000ec
:1053b400205300004d53000020450000726100009e
:1053c400736500000a00000052650000626f00006f
:1053d4006f740000206500006c65000063740000b9
:1053e400726900007175000065200000696d00009d
:1053f4006d650000646900006174000020640000b1
:10540400752000006d6f0000646500006d0a0000e7
:1054140000520000656200006f6f000074200000fd
:10542400656c00006563000074720000697100001f
:105434007565000020640000752000006d6f000099
:10544400646500006d20000061700000726500005a
:1054540073200000534d00005320000045720000eb
:1054640061730000650a00000052000065620000dc
:105474006f6f000074200000706100007220000053
:10548400415400005a200000696d00006d65000061
:105494006469000061740000206e00000052000086
:1054a400656200006f6f000074200000415400002a
:1054b4005a20000064750000206d00006f64000035
:1054c400656d0000206100007072000065730000cb
:1054d400205300004d53000020450000726100007d
:1054e400736500000a00000054530000545000008b
:1054f400494e00003d00000044430000443d0000cc
:1055040000440000495400003d00000044540000e1
:105514004d4600003d00000044420000473d0000ad
:10552400004900004e4600004f3d000000520000bc
:10553400204d00004f440000454d00002052000063
:1055440065710000754f0000666600003d000000b4
:105554002052000065710000755300006c65000066
:10556400657000003d00000020470000534d00001e
:105574005f530000746500003d00000050570000b8
:10558400525f00004f4600004600000050570000e4
:105594005f4f00004e000000434f00004e460000e5
:1055a400494700000050000052450000540000002c
:1055b4004e4f00005f530000494700004e41000079
:1055c4004c000000534c0000454500005000000012
:1055d40045520000524f0000520000003f3f0000bf
:1055e4003f000000205400002820000070690000e3
:1055f4006e3d000000200000207200007373000064
:10560400693d00000020000020630000616c000080
:105614006c3d000000200000207300006d7300004a
:105624003d00000020290000200000002020000090
:105634004e620000746f00003d000000454600000b
:105644004641000043450000525300004d53000002
:105654003d0000002054000052410000434500007a
:105664003d000000522000004d4f00004445000062
:105674004d2000005452000041430000453d00000d
:105684000020000044430000443d000000200000ce
:1056940044490000543d0000002000004442000042
:1056a400473d00000052000020500000432000004d
:1056b40050520000453d000000520000204f000001
:1056c400504500005241000054450000555200006e
:1056d40020520000454700003d000000204e00001d
:1056e4004f4d00003d22000000220000004f00004a
:1056f400505400003d000000545000004645000096
:105704003d00000052450000505f0000415500007c
:10571400544f00003d000000434f00004e4600007f
:105724005f41000050500000454c00003d00000067
:10573400522000004f500000544900004f4e00001a
:1057440020000000204f0000505400003d000000e5
:105754002054000050460000453d00000020000099
:1057640052450000505f000041550000544f0000b6
:105774003d3100000020000052450000505f000051
:1057840041550000544f00003d300000002000004f
:10579400434f00004e4600005f410000505000009f
:1057a400454c00003d31000000200000434f000044
:1057b4004e4600005f41000050500000454c000080
:1057c4003d3000000053000051330000473d00000d
:1057d4000053000051340000473d00000052000017
:1057e40053520000503d000000520000535200008c
:1057f400513d000000450000434e00004f3d0000b5
:105804000052000053430000503d000000520000cd
:10581400205200004553000045410000552000007f
:1058240057530000343600003d250000642000007a
:1058340054590000504500003d250000642000003c
:105844004c410000535400005f340000475f0000e7
:10585400535100003d250000642000004c4100002d
:10586400535400005f340000475f000052530000af
:10587400525000003d250000642000004c4100000f
:10588400535400005f340000475f0000525300008f
:10589400515000003d250000642000002d2d000023
:1058a4002053000051330000473d000025640000f0
:1058b4002053000051340000473d000025640000df
:1058c4002052000053520000503d000025640000a7
:1058d4002052000053520000513d00002564000096
:1058e40020450000434e00004f3d000025640000a9
:1058f4002052000053430000503d00002564000086
:105904002000000041430000543d0000005200000c
:10591400204100004d5000004c490000204100008f
:10592400435400003d0000004e4f00004d3d000078
:105934000052000020410000504e0000204e0000a4
:105944004f4d00003d000000434f00005552000041
:10595400543d00003100000054500000413d00005f
:1059640000550000524700003d0000004e55000065
:105974004d3d000000520000204100005050000046
:10598400454c0000204e0000554d00003d00000035
:1059940020540000504100003d000000205500004c
:1059a400524700003d000000204300004f55000016
:1059b400525400003d00000020440000454d00000a
:1059c4003d310000004c00003d0000004e3d000051
:1059d400005200002042000049500000204e000008
:1059e4003d000000204c00003d0000004546000042
:1059f40046410000434500003d000000444d0000c6
:105a0400433d000000520000545200003d000000dd
:105a140054410000433d0000004d00004453000089
:105a2400433d00000057000044530000563d000071
:105a34000057000044530000543d0000005700008c
:105a440044530000473d0000005700004456000046
:105a5400413d000000440000533d000000480000a8
:105a6400544a00003d000000484d00004158000029
:105a74003d000000484d0000494e00003d0000007c
:105a8400544500004c3d000000520000204300003b
:105a94004650000041550000204e00004f4d0000cc
:105aa4003d00000020440000544d0000463d00002d
:105ab40000200000485400004a3d0000002000007f
:105ac400444d0000433d0000002000005445000008
:105ad4004c3d000000200000445300003d00000045
:105ae40020560000543d0000002000004d440000fa
:105af400534300003d0000002052000054520000b7
:105b04003d0000002057000044530000563d0000b3
:105b14000020000057440000535400003d000000e2
:105b24002057000044530000473d000000200000bf
:105b340057440000564100003d000000205400007e
:105b4400414300003d000000204800004d4100009a
:105b5400583d000000200000484d0000494e000060
:105b64003d000000504900004e3d0000005200007e
:105b74002043000046500000494e00002050000021
:105b8400494e00003d00000020430000563d000047
:105b94000052000020430000465300002053000040
:105ba4003d000000204600003d000000524100007e
:105bb4005a3d0000004d00004a4100003d00000035
:105bc40052200000435000005420000043500000c5
:105bd400453d000000200000454a00003d00000053
:105be40020450000483d000000200000534a00000a
:105bf4003d00000020530000483d0000002000004c
:105c0400534a0000413d00000020000053480000ba
:105c1400413d000000200000534a0000453d0000c3
:105c24000020000053480000453d00000020000013
:105c34004d4a0000413d00000020000045410000a5
:105c44003d00000052200000445500005245000071
:105c540045200000002000004e530000564a00007a
:105c64003d00000020530000524500004a3d000062
:105c74000020000053500000484900004a3d000045
:105c84000020000053500000484f00004a3d00002f
:105c940000200000204e000053560000483d000044
:105ca4000020000053520000454800003d00000061
:105cb4002053000050480000494800003d00000007
:105cc40020530000504800004f4800003d000000f1
:105cd40052200000444500004255000047200000c7
:105ce400002000004d6f0000646500006d4f00004f
:105cf4006b3d000000200000546f0000473100009d
:105d04003d000000205300006d730000547000003b
:105d14003d000000204c0000536f00006e2e000078
:105d240045740000617400003d000000202e000056
:105d34004669000063300000213d0000300000008f
:105d4400202e000046690000633000003d3d000045
:105d54003000000020410000432e000041540000a8
:105d64007261000069740000657200003d0000006b
:105d7400202e0000506f0000736900007469000059
:105d84006f6e00006e6500003d000000202e0000d4
:105d940054790000705000006f7300003d00000053
:105da40020570000443d0000005200002044000041
:105db4005420000000200000286d000073710000d2
:105dc4003d0000002900000052200000465200005f
:105dd4004551000020410000435400003d000000f4
:105de40055530000494e0000453d0000005200009c
:105df400313400003d00000052310000353d000008
:105e040000480000504e00003d00000048500000d3
:105e14004d4500003d00000048500000443d000096
:105e240000480000505400003d00000047460000b8
:105e3400543d000000520000394400003d000000c1
:105e440052390000503d0000005200003954000057
:105e54003d000000523900004d4500003d000000a7
:105e640052310000314400003d0000005231000076
:105e7400315000003d000000523100003154000058
:105e84003d00000052310000314d0000453d00004e
:105e94000052000031320000503d0000005200006a
:105ea400313200004d4500003d0000005231000039
:105eb400325400003d000000522000004741000021
:105ec400494e0000205600003d35000020480000e7
:105ed400504e00003d00000020480000504d0000de
:105ee400453d00000020000048500000443d0000f3
:105ef4000020000048500000543d00000020000035
:105f040047460000543d00000020000052390000c4
:105f1400443d0000005800000020000052390000f9
:105f2400503d00000020000052390000543d0000a4
:105f340000200000523900004d4500003d000000e3
:105f44002052000031310000443d000000200000d8
:105f540052310000315000003d000000205200008a
:105f640031310000543d0000002000005231000097
:105f7400314d0000453d0000003000005800000095
:105f8400202a00004d490000430000002052000078
:105f940031320000503d000000200000523100006a
:105fa400324d0000453d0000002000005231000049
:105fb400325400003d00000047410000494e0000fb
:105fc40020480000504e00003d3500003520000000
:105fd400485000004d4500003d35000030200000d1
:105fe40048500000443d00003435000020480000c3
:105ff400505400003d3600003520000047460000a4
:10600400543d0000333500002052000039440000a4
:106014003d58000030450000205200003950000077
:106024003d58000030410000205200003954000067
:106034003d5800003030000020520000394d00006f
:10604400453d00005830000041200000523100005e
:10605400314400003d580000303000002052000060
:1060640031310000503d0000583000003020000065
:1060740052310000315400003d5800003630000019
:1060840020520000313100004d4500003d30000039
:1060940058320000302000002a4d0000494300001f
:1060a4002052000031320000503d00005832000000
:1060b4003320000052310000324d0000453d000005
:1060c40058320000352000005231000032540000e4
:1060d4003d5800003235000020000000522000002e
:1060e40047520000414600000020000047430000e2
:1060f4003d000000465400005020000041430000d1
:10610400543d000030200000545900005045000068
:106114003d5000004155000020490000503d000062
:10612400302e0000302e0000302e00003020000001
:10613400504f0000525400003d3200003120000056
:10614400494400003d5a000020500000573d000023
:106154005a00000043540000524c00005245000015
:106164005345000041550000205300005133000006
:10617400473d00003939000020450000434e00002f
:106184004f3d0000302000005253000043500000f7
:106194003d3000002053000051340000473d000012
:1061a400393900002052000053520000513d0000d4
:1061b4003020000052530000525000003d300000d7
:1061c400004300004650000041550000204e0000ee
:1061d4004f4d00003d550000534900004e4500005e
:1061e40020440000544d0000463d000031320000c0
:1061f40033200000485400004a3d000032340000bf
:106204003a30000030200000444d0000433d0000bf
:1062140031300000204800004d410000583d00008e
:1062240031360000204800004d4900004e3d00007a
:106234003130000020440000533d000000430000c2
:106244004650000041550000205700004453000010
:10625400563d000031320000372000005744000052
:10626400535400003d310000323700002057000035
:1062740044530000473d0000313200003720000045
:1062840057440000564100003d3100003237000001
:10629400204d000044530000433d0000004700002f
:1062a400414900004e20000055530000494e0000b3
:1062b400453d00003100000043460000412000003d
:1062c4004c3d00000020000045460000464100000f
:1062d400434500003d3100000043000046530000e8
:1062e400205300003d310000204600003d330000f3
:1062f40034200000433d00003635000020490000f2
:106304003d300000204400003d3000000043000008
:1063140046530000205300003d00000020460000ca
:106324003d300000204300003d30000020490000c3
:106334003d300000204400003d30000000520000c9
:106344002047000055530000494e0000450000005e
:1063540052200000494d00004f4400002056000028
:106364003d0000002000000052440000523d0000a7
:1063740000440000454e000049450000443d000033
:10638400005300004d5300003d0000005220000067
:1063940049530000442000004155000044490000d6
:1063a4004f20000000540000505300003d00000046
:1063b400522000004c450000525200004f52000091
:1063c400204800004c4500003d000000204700002c
:1063d400313d000000200000543d00002700000073
:1063e4002700000020450000313c00002048000048
:1063f4004c4500003d000000273e00000052000014
:10640400204c0000434f00004e4600002043000093
:106414004f4e0000533d000000200000534d00008b
:10642400533100003d000000205300004d53000094
:10643400323d00000020000049440000583d0000a7
:10644400005200002052000041430000435200006b
:106454004f43000048450000204100004354000021
:106464003d0000005220000052450000424f000051
:106474004f5400000052000020520000455000001c
:106484004f4e0000445200004520000041430000ec
:10649400543d000000500000524900004f3d0000f0
:1064a40000520000455000004c4900003d0000002f
:1064b40042410000534300003d0000005220000010
:1064c40052450000534500004155000020430000a0
:1064d400555200003d0000002050000052490000c9
:1064e4004f3d00000020000052450000504c0000c9
:1064f400493d0000002000004241000053430000d9
:106504003d0000004e4500003d0000005220000008
:10651400534900004d5500004c450000204e00003a
:10652400453d000000470000534d00003d000000c1
:1065340052200000534c000045450000502000004c
:10654400475300004d3d000053000000522000005e
:10655400534c000045450000502000004753000004
:106564004d3d00004e000000574400003d00000077
:1065740052440000503d000000520000444100001d
:106584003d00000053520000563d0000004f000043
:10659400504500003d0000004155000054520000e9
:1065a4003d00000052200000534d000053460000ff
:1065b400414900004c2000004e4200003d00000014
:1065c400205300004d5300003d000000204800000f
:1065d400523d0000002000004155000054520000cc
:1065e4003d00000020520000415a00003d310000ef
:1065f40000430000505400003d0000005220000001
:1066040054520000414e000053500000415200001b
:10661400454e00005420000043500000543d00004b
:1066240000200000464900004e3d0000002000000c
:10663400504500003d31000000530000593d00006a
:106644003100000052200000544500005354000063
:1066540041550000444900004f2000004143000020
:10666400543d000000670000736d00007374000067
:1066740061740000653d00002569000020410000b0
:10668400535300003d2500006920000041450000ef
:10669400533d000025690000200a0000004400006a
:1066a400454300003d000000464f000052430000f7
:1066b400453d000000530000424300003d0000003f
:1066c40053480000433d00000044000050420000d5
:1066d400433d0000004d0000433d00000052000017
:1066e400204700005053000052450000462000009f
:1066f40041430000543d00000052000045460000a4
:106704003d000000545000003d0000004e4d0000cc
:10671400493d000000410000435100003d000000dd
:10672400544c0000413d0000005400004c4f000058
:106734003d0000005220000047500000532000009c
:1067440041430000543d00000033000000200000dd
:10675400545000003d000000204e00004d49000050
:106764003d000000205400004c4100003d000000aa
:10677400205400004c4f00003d0000002052000057
:106784004c4100003d0000002e00000020430000aa
:106794004c4100003d5a000000200000434c000022
:1067a400413d000000200000524c00004f3d00001d
:1067b40000200000434c00004f3d00005a00000040
:1067c400204300004c4f00003d0000002044000026
:1067d4004c4100003d5a0000204400004c4f000092
:1067e4003d5a000020440000413d00005a000000d2
:1067f400204400004c4100003d0000002044000003
:106804004c4f00003d000000204e0000533d0000ae
:1068140000200000414c00003d0000002044000026
:10682400413d00000020000054520000414300009c
:10683400453d00003100000020540000524100009a
:10684400434500003d300000005200002047000096
:1068540050530000504f0000532000004c410000f2
:10686400543d0000005a0000204c00004f4e000030
:106874003d5a0000002000004c4f00004e3d000037
:1068840000200000455400003d000000205300009b
:1068940054470000505300003d0000005220000007
:1068a4004848000052200000483d0000005200000b
:1068b4002048000054540000505300004745000095
:1068c4005400000020550000524c00003d00000020
:1068d400555200004c3d0000006800007474000034
:1068e400707300003a2f00002f00000020500000b9
:1068f4004f520000543d0000005000004f52000071
:10690400543d00000020000054590000503d000098
:1069140000540000595000003d0000006361000075
:106924005f63000065720000742e00007065000053
:106934006d000000636c00005f630000657200007e
:10694400745f0000747700006f2e00007065000013
:106954006d000000636c00005f6b0000657900004f
:106964005f740000776f00002e700000656d0000fa
:106974000075000070640000745f0000736f000015
:106984006674000077610000726500002e680000e4
:106994006578000000410000554400003d000000ff
:1069a4006e6f00006e610000622e000077610000cf
:1069b40076000000726900006e6700002e77000008
:1069c4006176000000540000454d0000504f000067
:1069d4003d00000020540000454d0000504f0000d1
:1069e4003d000000544900004d4500004f55000093
:1069f400543d000000200000544900004d450000b3
:106a04004f550000543d0000004e00004254000069
:106a1400525900003d000000204e00004254000086
:106a2400525900003d000000534500005549000044
:106a34004c3d000000200000534500005549000073
:106a44004c3d00000020000052450000515500005c
:106a54004554000045200000454e0000204300003e
:106a64004f5500005253000000430000553d000004
:106a74000044000054200000005200002056000092
:106a840045520000494600004e5500004d54000098
:106a9400454c00005041000055200000564e0000b7
:106aa400503d0000005200002056000045520000f6
:106ab400534900004f4e000020470000454e00009f
:106ac4003d0000004d540000475300004d560000a7
:106ad4003500000020550000433d00000032000056
:106ae40036300000383100003700000056550000f1
:106af4003d00000020560000553d0000002000002d
:106b040043430000494400003d00000020430000ce
:106b140043490000443d00005a00000020490000a1
:106b24004d450000493d000000200000494d000093
:106b3400454900003d5a0000002000004d4f000070
:106b4400443d000000410000524e0000533d00004f
:106b5400004e0000533d000000520000204600009b
:106b64005450000020410000435400003d30000018
:106b74002044000045460000494e0000453d000009
:106b84003020000000520000204400004546000070
:106b9400494e00004520000000200000445500003c
:106ba400414c00005f450000544f00004e3d000082
:106bb40030000000204c00004f520000413d000016
:106bc40030000000204c0000495400005f410000e8
:106bd400525200003d300000002500006c580000b7
:106be400256c0000582500006c58000000250000aa
:106bf4006c64000000520000205200004547000071
:106c040020560000414c00003d00000020430000dd
:106c1400413d00000020000052450000533d0000ab
:106c240000200000534900003d31000000410000f5
:106c340050500000454c0000004100004d50000041
:106c44004c49000000410000504e0000004200008a
:106c5400495000000043000046410000004300008a
:106c6400465000004155000000430000465000001b
:106c7400494e00000043000046530000004300005a
:106c84005054000000430000545200004c520000d5
:106c940045530000454100005500000044450000f4
:106ca400464900004e450000004400005400000026
:106cb40044450000425500004700000044550000d0
:106cc4005245000045000000444f0000444f0000be
:106cd40000460000524500005100000046540000e8
:106ce40050000000464300005400000047410000eb
:106cf400494e0000004700005241000046000000d9
:106d040047550000534900004e450000004700006d
:106d1400505300004c4f0000430000004750000057
:106d24005352000045460000004700005053000045
:106d3400004800004852000000480000545400007d
:106d4400505300004745000054000000494d000026
:106d54004f440000004900004e4600004f00000070
:106d64004953000044520000454300004f520000c4
:106d7400440000004c4300004f4e00004600000059
:106d84004c450000525200004f520000004c0000dd
:106d9400455200005245000055520000004c0000ce
:106da4004f520000414e0000554d0000004d0000c0
:106db400534700005445000053540000004d0000a8
:106dc4004f440000454d0000004d000041500000bc
:106dd400504900004e470000004f0000504500009d
:106de400524100005445000055520000004f00007d
:106df40050540000494f00004e0000005043000072
:106e040000500000415500005354000041000000b0
:106e1400504100005554000053540000005200003b
:106e240041430000435200004f4300004845000026
:106e340000520000455000004f4e00004452000034
:106e44004500000052450000424f00004f5400002e
:106e54000052000045470000005200004553000066
:106e64004541000055000000535400000053000049
:106e74004d5300000053000020000000534900005f
:106e84004d5500004c450000005300004d530000d8
:106e940046410000494c000000530000594e0000d8
:106ea400005400005241000043450000005200001d
:106eb40020540000524100004345000020430000dc
:106ec400593d0000005400005744000047000000f2
:106ed4005445000053540000005400004553000082
:106ee4005441000055440000494f00000054000084
:106ef400524100004e530000504100005245000032
:106f04004e54000000560000414e000041000000b5
:106f1400564100004c43000050540000005600004d
:106f240045520000534900004f4e00000056000037
:106f340045520000494600004e5500004d540000e3
:106f4400454c000050410000550000005220000054
:106f540046410000494c0000200000005061000040
:106f6400732000006465000020720000657000005a
:106f74006f6e000073650000206600006169000008
:106f84006c200000612000003a2000000053000043
:106f94004d530000415400005420000000530000f1
:106fa4004d530000444e00005420000000490000ee
:106fb40050410000554d000053470000204e000092
:106fc4004f4d00003d000000204d000053470000dd
:106fd4003d000000204900004e3d0000005200002a
:106fe4002050000041550000415500004449000074
:106ff4004f20000050410000553d000022000000d9
:107004004950000041550000524100004520000055
:107014004e4f00004d3d00000022000020540000af
:10702400454c00003d000000205300005450000077
:10703400415500003d000000204300004f4d00007a
:107044003d0000004950000041550000524100003d
:10705400532000004e4f00004d3d00000049000049
:10706400504100005541000041530000204e0000f3
:107074004f4d00003d000000522000004150000030
:10708400504b00004f20000050410000553d0000cf
:107094002200000049500000415500004541000015
:1070a400532000004e4f00004d3d00000020000022
:1070b4004e4f00003d00000020450000583d0000f8
:1070c4000020000045520000523d0000004900002d
:1070d40050410000554400004d520000204e000075
:1070e4004f4d00003d0000005220000050410000c0
:1070f4005553000054410000205000004155000049
:107104003d220000002200002053000054500000e3
:10711400415500003d00000020530000544700008a
:10712400505300003d000000522000005354000062
:10713400204d0000453d0000002000004e3d0000b1
:10714400002000004e3d00005a00000020470000cf
:107154004d3d000000200000475300003d000000aa
:1071640020470000453d000000200000515300006e
:107174003d00000020510000534d00003d00000080
:10718400204900004e3d0000002000004f55000043
:10719400543d00000020000047500000533d000013
:1071a4000020000053520000563d00000030000053
:1071b40000310000002000004f500000453d000059
:1071c40000200000574400003d0000002053000050
:1071d400483d00000020000053480000413d0000ed
:1071e40000200000545200003d0000002045000033
:1071f400453d000000200000414700003d00000024
:107204000a00000020480000583d000025630000eb
:1072140025630000256300002f250000632500007e
:107224006325000063000000522000004643000074
:1072340054200000435600003d78000025780000eb
:107244002f2500007820000053520000453d000027
:10725400782500006c7800002f2500006c78000071
:1072640020530000504900003d78000025780000bc
:107274002f25000078200000535000004f3d0000ef
:1072840078250000782f00002578000020530000a6
:10729400493d000078250000782f00002578000083
:1072a400205300004f3d000078250000782f000097
:1072b4002578000020530000453d0000782500009b
:1072c400782f00002578000020560000433d000080
:1072d40078250000782f0000257800002052000057
:1072e400425000003d780000257800002f25000062
:1072f4007820000052450000413d00007825000040
:10730400782f00002578000020560000583d00002a
:1073140078250000783a0000257800003a2500001e
:10732400782f0000257800003a250000783a000004
:107334002578000020480000425200003d2500004e
:107344003032000064250000303200006425000063
:107354003032000064250000303200006420000058
:107364006a3d000025300000326400002530000032
:10737400326400002f680000005200002056000014
:10738400414e00004120000056310000323d000013
:1073940000200000563400002e3200003d000000a2
:1073a40020560000332e0000333d00000020000072
:1073b40056450000343d0000002000005645000002
:1073c400333d00000020000056450000323d00001f
:1073d4000020000056450000313d00003000000050
:1073e40020560000505600003d00000020430000dd
:1073f400423d00003100000020430000423d0000f7
:1074040030000000204600004f52000043450000b9
:107414003d000000256400000020000053420000ed
:10742400433d00000020000053480000433d00009d
:107434000020000044500000424300003d000000d2
:10744400204d0000433d00000020000028200000e3
:10745400484d0000415800003d0000002048000055
:107464004d4900004e3d00000020000029000000ae
:1074740052200000534f0000465400004d410000cc
:107484004a000000204e00004f4d00003d00000067
:1074940020530000554300004345000053530000af
:1074a4000020000045520000524f0000520000002e
:1074b40020520000455400005259000020000000f2
:1074c4002f000000204d0000414a00002000000071
:1074d40025000000522000004854000054500000d1
:1074e40053200000005000004f53000054200000bf
:1074f40000470000455400002000000053550000e0
:10750400434300004553000053000000455200006f
:10751400524f0000523d0000534500004e4400000d
:10752400494e00004700000045520000524f000041
:10753400523d0000534500005256000045520000e1
:1075440000450000525200004f5200003d4500002b
:1075540058540000455200004e4100004c00000009
:1075640045520000524f0000523d0000494e0000b9
:1075740054450000524e0000414c000000450000fc
:10758400525200004f5200003d4600004f5200008e
:107594004d41000054000000200000002055000070
:1075a400524c00003d6800007474000070730000c9
:1075b4003a2f00002f0000003a000000457200003e
:1075c4007265000075720000203a0000207000000f
:1075d4006173000020640000276100006e740000e5
:1075e400656e00006e65000020640000efbf0000bf
:1075f400bd740000efbf0000bd63000074ef000025
:10760400bfbd000065000000436c00006967000016
:10761400203300002052000073730000696f0000e3
:107624006b0a00000052000020530000593500008e
:10763400200000005a0000003a300000003a000028
:1076440031000000457200007249000032630000fe
:107654002025000063200000653d00002564000033
:107664002025000064200000256400002020000084
:10767400200a000000450000525200004f52000052
:1076840020490000326300003a2000005449000001
:107694004d450000204f00005554000020490000d3
:1076a400444c0000450a000000450000525200000e
:1076b4004f52000020490000324300003a200000ed
:1076c400544900004d450000204f0000555400006f
:1076d4002053000054410000525400000a000000ee
:1076e40045520000524f0000522000004932000071
:1076f400433a000020540000494d0000452000009a
:107704004f5500005420000052450000535400001f
:1077140041520000540a000000450000525200008b
:107724004f52000020490000324300003a2000007c
:10773400544900004d450000204f000055540000fe
:10774400204100004444000052450000535300000f
:107754000a00000045520000524f00005220000071
:1077640049320000433a000020540000494d000013
:10777400452000004f550000542000004441000003
:10778400544100000a00000045520000524f00001e
:107794005220000049320000433a00002054000007
:1077a400494d0000452000004f55000054200000c2
:1077b400535400004f5000000a00000045520000de
:1077c400524f00005220000049320000433a0000aa
:1077d40020540000494d0000452000004f55000092
:1077e40054200000414300004b2000004e4f000095
:1077f4005420000052450000434500004956000053
:10780400454400000a00000045520000524f0000a9
:107814005220000049320000433a00002054000086
:10782400494d0000452000004f5500005420000041
:107834004d4100005354000045520000204e00000a
:107844004f540000205200004541000044590000fc
:10785400205400004f200000524500004345000022
:1078640049560000450a000000450000525200003d
:107874004f5200003a2000004255000053200000ff
:107884004e4f0000542000005245000041440000c7
:107894005900000045520000524f0000523a0000c7
:1078a400205300005441000052540000204e0000b8
:1078b4004f54000020530000454e000044000000d7
:1078c40045520000524f0000523a0000204100008f
:1078d4004444000052450000535300002057000068
:1078e4005249000054450000204e00004f5400004f
:1078f40020530000454e00004400000045520000a3
:10790400524f0000523a0000205200004547000048
:107914004953000054450000522000004e4f00001f
:1079240054200000534500004e4400000045000070
:10793400525200004f5200003a200000444100001f
:1079440054410000204e00004f540000205300001a
:10795400454e00004400000045520000524f000014
:10796400523a000020530000544f00005020000001
:107974004e4f000054200000534500004e440000c8
:1079840000450000525200004f5200003a2000000f
:10799400524500005354000041520000542000009e
:1079a4004e4f000054200000534500004e44000098
:1079b40000450000525200004f5200003a200000df
:1079c400414400004452000045530000532000008d
:1079d4005245000041440000204e00004f54000076
:1079e40020530000454e00004400000045520000b2
:1079f400524f0000523a000020440000415400005d
:107a0400412000004e4f0000542000005245000069
:107a1400434500004956000045440000003800007a
:107a24003536000033200000736f00006d6d0000d8
:107a3400656900006c2000006465000020000000ff
:107a4400206d0000696e000075740000657300000d
:107a54000a000000383500003633000020500000d2
:107a6400617300002064000065200000647500005c
:107a740072e9000065200000736f00006d6d000066
:107a8400656900006c200000707200006f670000e0
:107a9400726100006d6d0000e96500000a000000dd
:107aa40038350000363300002052000065760000af
:107ab400656900006c20000061200000004800009f
:107ac40000200000706f0000757200002074000038
:107ad40065730000740a00000038000035360000a9
:107ae4003320000050610000732000006465000032
:107af4002072000065760000656900006c200000bb
:107b0400706f00007572000020740000657300003f
:107b1400740a00000000000041700000706500005d
:107b24006c20000075720000676500006e74000030
:107b34000a000000686500006c6c00006f00000023
:107b440000440000454d0000414e00004445000043
:107b5400204400002741000050500000454c000024
:107b6400205300004f520000544100004e540000c6
:107b7400202d00003e200000004e0000b020000038
:107b8400544500004c2000003a200000000a000088
:107b9400004900004d5000004f53000053490000bd
:107ba400424c0000452000004445000020500000e5
:107bb4004153000053450000522000004c270000b0
:107bc40041500000504500004c0a000000490000ec
:107bd400735600006f690000636500004361000094
:107be4006c6c00005265000061640000793d000087
:107bf4003d3000000a00000067610000726400006c
:107c0400652e0000776100007600000046690000e0
:107c14006e20000061700000706500006c200000a0
:107c2400706100007220000054500000410a0000fe
:107c3400004c00002761000070700000656c0000bb
:107c44002061000020e90000636800006f750000f7
:107c5400e920000073740000617400007573000073
:107c64003d00000020000000736500006e64000009
:107c7400445400004d4600002d7000002d200000eb
:107c8400000d00000a000000736500006e6400002f
:107c9400445400004d4600003d3d0000300a000001
:107ca40000730000656e000064440000544d000041
:107cb400462d0000743100002d200000000d00004e
:107cc4000a5400005241000043450000494e0000a0
:107cd400464f0000200000002573000020470000ec
:107ce400313300004531000033310000202d000005
:107cf4003e200000313400000a00000073650000db
:107d04006e640000445400004d4600002d740000d1
:107d1400322d0000204d0000453d000000410000d0
:107d240050500000454c0000205400004552000013
:107d34004d4900004e4500002070000061720000b3
:107d440020740000656d0000706f00000a000000e0
:107d540041500000504500004c20000054450000f4
:107d6400524d0000494e00004520000063610000b0
:107d740075730000652000006170000070650000ec
:107d84006c20000075720000676500006e740000ce
:107d94000a00000041500000504500004c20000043
:107da400534f000052540000414e00005420000084
:107db40054450000524d0000494e0000452000008b
:107dc4002d2000006c650000206300006f7200002d
:107dd40065730000706f00006e640000616e000047
:107de40074200000e0200000636f00007570000044
:107df400e92000006c610000206300006f6e000049
:107e04006e65000063740000696f00006e0a000074
:107e14000066000069700000686f00002e770000a3
:107e2400617600000041000050500000454c000005
:107e3400205300004f520000544100004e540000f3
:107e4400204300004f55000052540000205400000d
:107e5400455200004d4900004e45000020700000ce
:107e64006172000020700000686f00006e690000fd
:107e7400650a00000041000070700000656c00009d
:107e840020740000657200006d6900006ee9000056
:107e94002061000076650000632000007375000017
:107ea40063630000657300000a0000004170000075
:107eb400706500006c200000656e00002045000025
:107ec4006368000065630000206700003133000030
:107ed40020320000303e000020360000300a00004e
:107ee40000530000616200006f72000064610000d2
:107ef40067650000207000006172000020570000d8
:107f04004154000043480000444f00004720000053
:107f14007375000069740000652000006162000050
:107f2400736500006e630000652000006465000056
:107f34002072000061630000637200006f63000040
:107f440068e900000a000000496700006e6f000045
:107f5400726500002041000070700000656c000034
:107f64000a000000204900004d500000554c00005c
:107f740053450000203100002d0a0000005300008a
:107f8400696d0000706c0000652000004170000005
:107f940070750000690a000000200000494d0000cf
:107fa400505500004c5300004520000031200000d3
:107fb4002d20000052ef0000bfbd000063650000eb
:107fc40070740000696f00006e20000041700000b2
:107fd400706500006c200000456e000074720000a3
:107fe400616e0000740a0000004c00006967000024
:107ff4006e65000020560000616c0000696400009a
:10800400650a0000002d000042700000207200008c
:10801400656c000061630000686500002d3e00008f
:1080240032350000300a0000004300006173000094
:108034006520000041700000706500006c200000a5
:10804400536f000072740000616e0000740a000037
:108054000041000054540000205200004150000030
:10806400504500004c200000000a000000500000b1
:10807400415300002044000045200000524100000c
:1080840050500000454c00002052000045430000c1
:10809400552000004f4e00002041000050500000c9
:1080a400454c00004c4500000a000000415000000f
:1080b400504500004c200000454e00005452000082
:1080c400414e0000540a0000002d000041520000ff
:1080d40045200000594f0000552000005355000072
:1080e40052450000205400004f2000004d41000084
:1080f4004b4500002041000020430000414c00009b
:108104004c2000003f2d00002d47000031350000b9
:10811400203e00003e2000003130000035200000e9
:108124000a000000636f00006e66000069720000c0
:108134006d2e000077610000760000002d660000bf
:10814400696e000020740000656d0000706f00000f
:1081540020610000626100006e6400006f6e000028
:108164002061000070700000656c00002d3100007b
:10817400303100000a0000002d4200007020000091
:10818400726500006c61000063680000652d0000ea
:108194003e20000031300000320a0000002d0000b3
:1081a400666900006e200000746500006d700000b8
:1081b4006f20000061620000616e0000646f0000c7
:1081c4006e20000061700000706500006c2d0000de
:1081d40031300000320a0000002d0000427000001f
:1081e400203e00002061000070700000656c0000fb
:1081f400202d00003e200000350a0000002300006e
:10820400232300004445000042550000472000009d
:108214002d3e000020440000656d0000616e0000ea
:10822400646500002041000070700000656c00006f
:10823400205600006f690000780000006973000098
:108244006f6c0000652e000077610000760000006e
:10825400417200007265000074200000656e000029
:10826400206300006f750000727300000a000000b4
:108274004731000037200000646500006d200000d5
:10828400534c00004545000050200000727300006c
:108294003d250000642000000a00000020200000aa
:1082a40041650000733d000025640000204100008a
:1082b400737300003d250000642000007365000016
:1082c40061740000723d000025640000202000005d
:1082d4007365000061650000666600003d250000ce
:1082e400642000000a0000004752000041460000dc
:1082f4000a0000000a00000041620000616e0000f4
:10830400646f00006e20000061720000726500005e
:1083140074200000313200000a00000041620000b5
:10832400616e0000646f00006e2000006172000046
:108334007265000074200000313300000a00000060
:10834400000a00000a4700006f200000536c000080
:108354006565000070280000290a00000054000030
:10836400524d0000543100003d25000064200000ff
:10837400545200004d540000323d000025640000ba
:10838400205500003152000058490000463d0000cd
:1083940025640000205500003252000058490000b6
:1083a400463d000025640000204900004f430000c2
:1083b400494600003d25000064200000494f0000ac
:1083c40043460000473900003d25000064200000ba
:1083d400494f000043460000463600003d2500009a
:1083e40064200000494f000043460000463200006c
:1083f4003d2500006420000049740000526500001f
:1084040076650000696c00003d78000025300000ae
:10841400325800000a0000000a0a00004669000001
:108424006e200000736c0000656500007028000079
:10843400293a000000540000524d0000543100005d
:108444003d25000064200000545200004d540000fb
:10845400323d000025640000205500003152000028
:1084640058490000463d00002564000020550000e6
:108474003252000058490000463d000025640000c7
:10848400204900004f430000494600003d250000fc
:1084940064200000494f00004346000047390000b3
:1084a4003d25000064200000494f000043460000c1
:1084b400463600003d250000640a0000000a000062
:1084c4000a4e00004f200000736c00006565000038
:1084d40070280000292000003a000000536f0000bb
:1084e40072740000696500002064000065200000cb
:1084f400736f00006d6d0000656900006c20000062
:108504003135000020470000313d000025640000a3
:108514000a000000537500006363000065730000e7
:10852400732000005265000073650000740a0000a7
:108534000000000041500000504500004c200000a5
:10854400454e000054520000414e000054200000eb
:1085540044450000544500004354000045200000f9
:108564002d3e0000204d00004f4400004520000037
:108574004445000020520000455000004f4e0000ca
:108584005345000020410000555400004f4d0000a9
:10859400415400004951000055450000004e0000c0
:1085a400b0200000544500004c2000003a20000098
:1085b400000a00000041000050500000454c00003b
:1085c400204500004e540000524100004e5400006b
:1085d4002044000045540000454300005445000079
:1085e400202d00003e2000004d4f000044450000b7
:1085f400204400004520000052450000504f000078
:108604004e530000452000004d4100004e5500002f
:10861400454c000000720000696e0000672e0000e7
:1086240077610000760000004150000050450000d2
:108634004c200000454e000054520000414e000002
:108644005420000054450000524d0000494e0000e3
:1086540045200000322000003d3e0000204c000078
:1086640065200000636f00007272000065730000f3
:10867400706f00006e640000616e000074200000e2
:10868400e02000007261000063630000726f00006c
:1086940063680000e90a0000004100005050000037
:1086a400454c0000204500004e540000524100009b
:1086b4004e54000020540000455200004d49000073
:1086c4004e45000020360000203d00003e20000002
:1086d4004c650000206300006f72000072650000aa
:1086e400737000006f6e0000646100006e7400001f
:1086f40020e000002072000061630000637200004b
:108704006f63000068e900000a0000007473000051
:108714007420000061700000706500006c2000008f
:10872400656e000074720000616e0000740a00003f
:1087340000740000656d0000706f0000206400008c
:1087440065200000327300000a000000507300002e
:10875400206400006520000074650000737400004c
:108764002061000070700000656c0000206500004e
:108774006e740000726100006e740000206c0000d2
:108784006f6e0000670a00000050000073200000b4
:10879400646500002074000065730000742000000c
:1087a40061700000706500006c200000656e0000c0
:1087b40074720000616e00007420000054410000d7
:1087c400433d0000300a000000730000746500009f
:1087d40070200000323100000a0000004c610000eb
:1087e4006e630000652000006163000071200000da
:1087f4004750000053200000446500006d3d000018
:10880400000a000000470000505300003a20000016
:10881400706f000073200000636f0000727200002c
:1088240065630000746500000a0000004750000002
:108834005320000043750000722000002d3e00000c
:1088440052650000660a0000004c000065670000e5
:108854006572000020640000657000006c20000058
:10886400726500006c6100006e630000652000000a
:10887400616300007120000047500000530a0000ab
:108884000047000050530000204c000041540000f9
:108894003d2500006c6400002e2500006c6400007f
:1088a40025630000207c0000200000004c4f0000e5
:1088b4004e3d0000256c0000642e0000256c000075
:1088c40064250000632000007c20000000410000bb
:1088d4004c5400003d25000064200000207c000072
:1088e400200000004e42000053410000543d0000af
:1088f40025640000202000007c20000000550000ba
:10890400544300003d25000073250000732000003f
:108914007c200000004d000045530000204f000063
:108924004b3d000025640000204e00004d6900000e
:108934003d25000064200000002000007c20000091
:108944004d4500003d250000642000002530000056
:1089540032580000200a0000004300006f75000038
:10896400707500007265000020470000505300003d
:10897400006d0000616900006e740000696500000c
:108984006e74000020470000505300002050000087
:108994004155000020640000657000006c61000017
:1089a40063650000006d0000616900006e740000e2
:1089b400696500006e7400002047000050530000f9
:1089c400204100006c6900006d200000706500000b
:1089d400726d0000616e0000656e00007465000039
:1089e400002000004d4500003d000000456e0000e1
:1089f40076200000536d00007320000067700000b3
:108a04007320000061750000202500007320000021
:108a14004d65000067700000733d0000582500009c
:108a240030320000780a0000004700005053000074
:108a34004c4f00004300000047500000530000006a
:108a4400456e000076200000536d00007320000086
:108a54006770000073200000617500002d20000085
:108a640025730000204d000065670000707300004e
:108a74003d58000025300000327800000a00000054
:108a84005220000053540000204900004e3d0000d5
:108a9400000a0000004900004e4900005420000074
:108aa40047390000204800004d5400003d000000fc
:108ab4003a0000000d0a0000545200004143000037
:108ac400454900004e4600004f20000000250000ec
:108ad40073200000473900002e31000020250000db
:108ae40030320000643a0000253000003264000097
:108af400205400003d25000030320000643a00009c
:108b040025300000326400000a0000004327000002
:108b140045530000542000004c2700004845000045
:108b240055520000452000005445000053540000f5
:108b34000d0a000000440000656200007574000026
:108b44002074000065730000743300003e3400009c
:108b54000a00000041550000444900004f20000075
:108b64004f4b00000a000000524500004c41000039
:108b74004e430000452000005445000053540000bb
:108b84000a000000464900004e2000005445000041
:108b9400535400000a00000047390000203100004f
:108ba400302000003e3e0000203200003031000042
:108bb4000a00000047390000203200003031000074
:108bc400203e00003e20000032300000320a000047
:108bd400004700003920000032300000322000003d
:108be4003e3e000020310000313000000a00000049
:108bf400473900002032000030320000203e0000df
:108c04003e20000031310000310a000000730000f2
:108c14006d73000020530000590a00000073000027
:108c24006d730000205300005441000054550000af
:108c3400530a0000004700006f2000005354000056
:108c44004550000020310000320a0000007300008b
:108c54006d73000020460000435400000a00000029
:108c6400736d000073200000535900004e0a000089
:108c7400007300006d73000020560000414e000098
:108c8400410a0000004a00006f75000072200000d5
:108c9400736100006e73000020560000455200000e
:108ca400494600004e5500004d0a000000470000f0
:108cb400505300004c4f0000430000004750000098
:108cc4005300000047720000616600002039000074
:108cd400202d00002064000065660000617500001e
:108ce4006c7400000a000000416d00007020000058
:108cf4004f660000660d0000004100006d7000002a
:108d0400204f00006e0d000000000000576f0000af
:108d14007264000020300000203d0000203000007c
:108d240078250000303600006c5800000a0000006e
:108d3400577200006974000065200000466100005d
:108d4400696c00000a0000004e65000077200000f6
:108d5400576f00007264000020300000203d0000c6
:108d64002030000078250000303600006c580000e8
:108d74000a0000005365000074200000496e0000e2
:108d840061630000746900007665000020500000f3
:108d94006172000074690000746900006f6e000065
:108da4000a000000537700006170000020410000b9
:108db400637400006976000065200000320a000038
:108dc4000053000077610000702000004163000040
:108dd4007469000076650000203100000a0000007c
:108de40045720000726f000072200000566100009e
:108df4006c69000064690000747900000a000000d6
:108e0400202d0000204e00006f740000206300003d
:108e14006f6d0000706c0000657400006520000038
:108e240048650000782000004c6900006e65000071
:108e34000a00000048450000583a00002073000072
:108e4400617500007420000061640000722000005d
:108e5400696e000061630000743d0000307800001a
:108e640025300000386c0000582000006c610000c0
:108e74007374000041640000647200003d3000001f
:108e840078250000303800006c5800002072000083
:108e940065640000656600003d250000750a000059
:108ea400004300006f6e0000667700006f720000e0
:108eb400643a0000206c0000696700006e650000e1
:108ec400203a000031300000206100006e6f000085
:108ed400726d0000616c00006520000028640000d1
:108ee400617400006120000070650000726400007d
:108ef40075650000292000002d3e0000206100005f
:108f0400626100006e6400006f6e00000a000000e1
:108f14004346000047200000575200004954000017
:108f24004520000061640000647200003d300000d0
:108f340078250000303800006c58000020760000ce
:108f4400616c00003d3000007825000030360000e0
:108f54006c5800000a000000982f00008a420000ac
:108f64009144000037710000cffb0000c0b5000041
:108f7400a5db0000b5e900005bc200005639000023
:108f8400f1110000f1590000a48200003f9200009a
:108f9400d55e00001cab000098aa000007d80000b2
:108fa400015b000083120000be8500003124000034
:108fb400c37d00000c550000745d0000be7200000b
:108fc400feb10000de800000a7060000dc9b00006c
:108fd40074f100009bc10000c16900009be4000023
:108fe40086470000beef0000c69d0000c10f0000d0
:108ff400cca100000c2400006f2c0000e92d00001f
:10900400aa840000744a0000dca90000b05c0000df
:10901400da880000f9760000525100003e98000002
:109024006dc6000031a80000c827000003b000008e
:10903400c77f000059bf0000f30b0000e0c600002a
:1090440047910000a7d5000051630000ca06000044
:109054006729000029140000850a0000b7270000d2
:10906400382100001b2e0000fc6d00002c4d000078
:10907400130d000038530000547300000a6500000b
:10908400bb0a00006a7600002ec90000c2810000fd
:10909400852c000072920000a1e80000bfa200002d
:1090a4004b6600001aa80000708b00004bc2000041
:1090b400a35100006cc7000019e8000092d1000021
:1090c4002406000099d60000853500000ef4000047
:1090d40070a000006a10000016c10000a41900006e
:1090e400086c0000371e00004c7700004827000081
:1090f400b5bc0000b0340000b30c00001c39000003
:109104004aaa0000d84e00004fca00009c5b000031
:10911400f36f00002e680000ee8200008f740000e0
:109124006f630000a578000014780000c884000074
:1091340008020000c78c0000faff0000be90000087
:10914400eb6c000050a40000f7a30000f9be00007f
:10915400f278000071c6000025300000327800006b
:1091640000000000495300004420000031200000aa
:109174003d200000494e00004954000020440000f6
:109184007572000065650000206d000073670000c3
:109194003d250000640a0000002d00002d2d000074
:1091a4002d2000004953000044200000322000001c
:1091b4003d200000504f000057450000522d000094
:1091c40055500000202d00002d2d00002d20000002
:1091d4000a0000002d2d00002d2d00002049000064
:1091e40053440000203d000020520000454300008d
:1091f400202d00002d2d00002d2000000a0000006d
:109204002d2d00002d2d00002049000053440000a6
:10921400203d0000205000004c4100005920000077
:109224002d2d00002d2d0000200a0000002d00002f
:1092340064650000662000004953000044200000db
:109244003d200000737400006f700000200a0000cd
:109254000067000061720000646500002e77000062
:1092640061760000002d0000466900006e200000b9
:10927400656e000072650000676900007374000089
:10928400726500006d6500006e74000020490000e6
:1092940053440000203d000020730000746f000060
:1092a400702000000a0000002d2d00002d2d00006c
:1092b400205000004c410000592000004953000098
:1092c400442000002d2d00002d2d0000200a000058
:1092d400002d00002d2d00002d200000504c00001a
:1092e400415900002049000054200000414700007b
:1092f400414900004e2000002d2d00002d2d0000be
:10930400002d00002d2d00002d20000053540000de
:109314004f5000002049000053440000202d00005d
:109324002d2d00002d2000000a000000456e0000d5
:10933400766f000069200000534d000053200000a8
:10934400494e0000464f00000a000000456e000030
:10935400766f00006920000048540000545000005b
:109364005320000053740000617400007573000002
:10937400204900006e6600006f0a000000450000ee
:109384006e7600006f690000205300006f660000d5
:10939400742000004d6100006a2000005374000036
:1093a4006174000075730000204900006e660000bf
:1093b4006f0a000000460000494e0000204f0000e4
:1093c4004b200000456e0000766f0000692000000d
:1093d400534d000053200000494e0000464f00004a
:1093e4000a000000464900004e200000456e0000bf
:1093f400766f000069200000534d000053200000e8
:10940400494e0000464f00002073000075720000b2
:10941400206500007272000020760000616c00007c
:1094240072650000670a0000005300004d530000fd
:10943400204900004e4600004f200000322000006a
:109444003e330000203e00003e200000000a0000e1
:10945400004500006e7600006f690000204800009f
:1094640054540000502000005354000041540000a4
:109474005553000020500000415500000a00000030
:10948400456d00006574000020480000545400003d
:109494005020000053540000415400005553000074
:1094a40020500000415500000a000000456e0000f5
:1094b400766f000069200000534f000046540000fe
:1094c400204d0000414a0000205300005441000098
:1094d400545500005320000050410000550a00007c
:1094e40000000000545600003d3100000a00000056
:1094f4005645000052490000464e0000554d0000fc
:10950400544500004c50000041550000200000006c
:10951400204e0000554d00003d0000002043000097
:10952400553d0000004500006d69000073730000a4
:10953400696f00006e200000647500002053000075
:109544004d53000020640000652000007665000093
:1095540072690000666900006361000074690000bc
:109564006f6e00002000000064750000206e000093
:10957400756d0000657200006f0a00000064000051
:1095840075200000726500007365000061750000bd
:109594000a00000041750000637500006e200000a1
:1095a400534d0000532000007665000072690000ee
:1095b40066200000656d0000697300002c20000027
:1095c400434600005041000055200000544500006f
:1095d4004c200000696e0000636f0000727200008e
:1095e40065630000740a00000031000000530000ad
:1095f4004d530000206400006520000076650000e3
:10960400726900006669000063610000746900000b
:109614006f6e00002072000065630000750a000090
:1096240000300000005300004d530000206400008f
:10963400652000007665000072690000666900001c
:1096440063610000746900006f6e0000204e00002a
:109654004f4e00002072000065630000752c00006e
:1096640020560000543d0000300a000000000000b5
:10967400456e0000766f000069200000534d000025
:1096840053200000766100006e6100002064000039
:10969400656300000a000000564100004e410000ce
:1096a400000a00005220000043480000415200001c
:1096b40047450000207300007461000072740000cc
:1096c40020620000617400003d2500006420000059
:1096d400707300003d250000642000004d4300002d
:1096e4003d250000640a0000000a0000522000002a
:1096f400434800004152000047450000203000006c
:10970400203e00003e2000004d65000073750000ff
:109714007265000020560000505600000a00000048
:109724000a52000020430000484100005247000054
:109734004520000041520000524500005420000022
:1097440062610000743d0000256400002070000088
:10975400733d0000256400002020000070760000a6
:109764003d250000642000004d4300003d2500001d
:10977400640a0000000a0000522000004348000070
:10978400415200004745000020310000203e000007
:109794003e2000004d6500007375000072650000f6
:1097a40020560000505600000a0000000a52000033
:1097b40020430000484100005247000045200000bb
:1097c40052650000746f0000757200002061000093
:1097d400757400006f20000056500000563d0000d4
:1097e400256400000a0000002d2d00002d2d00002e
:1097f4002d2d00004341000053450000203200009d
:10980400303000002041000050500000454c000062
:10981400205300004f520000544100004e540000f9
:109824002d2d00002d4d0000414b00004556000039
:109834004f49000043450000434100004c4c0000e8
:109844002d2d00000a000000446500006d61000039
:109854006e6400006520000067610000696e00000e
:109864002000000044690000666600000a00000051
:109874002a480000503d000000250000640a000052
:1098840000500000686f00000a00000050680000eb
:109894006f2000004d4500000a00000054650000e0
:1098a400737400000a00000052650000636f00003a
:1098b400726400000a000000204d00006175000081
:1098c400766100006973000020700000617200007e
:1098d400616d000020740000797000006553000081
:1098e4006574000041750000646900006f43000066
:1098f400686100006e6e0000656c000020280000a6
:10990400290a000000000000473100003d25000046
:1099140064200000534d0000535300006f72000098
:10992400742e0000415400003d2500006420000016
:10993400477300006d5300007461000074650000fb
:109944003d25000064200000534d000053450000f5
:109954006e7400002e410000543d00002564000098
:10996400205300004d530000456e0000742e00008b
:1099740041660000616300003d2500006420000092
:109984000a00000047660000303d00002564000026
:1099940020470000663100003d25000064200000df
:1099a40042700000543d0000256400002053000074
:1099b4006563000049670000417000003d25000018
:1099c40064200000453100003d25000064200000b3
:1099d400453200003d2500006420000047390000a6
:1099e4003d25000064200000473100003d250000b3
:1099f40064200000473300003d250000642000007f
:109a04004465000072560000616c0000526500005d
:109a1400673d0000256300000a0000002d2d0000b2
:109a24002d2d00002d540000454d0000504f000026
:109a340020320000656d00006520000041500000e8
:109a44005055000049200000464900004e490000de
:109a5400452d00002d2d00002d0a000000550000aa
:109a6400706700002e540000656d0000706f0000e8
:109a7400203d00003d200000300a0000005200009c
:109a84002073000065630000752000006465000019
:109a9400636f00006e6e0000656300007465000073
:109aa4007263000068610000726700006575000061
:109ab400723d0000310a00000047000052410000de
:109ac400460a0000000a0000005400007053000021
:109ad4006563000047500000535f000032530000ec
:109ae400656300003d250000642000004d65000012
:109af40067700000733d00005825000030320000fc
:109b040078200000536f0000756800003d250000b8
:109b1400642000006c7500003d250000640a00000c
:109b24000000000052650000626f00006f740000c6
:109b340020640000656d0000616e00006465000033
:109b44000a000000534d000053200000524500005d
:109b540043550000204e0000544500003d00000025
:109b64002044000041540000453d00000020000056
:109b74004845000055520000453d0000002000000b
:109b840049440000583d0000002500006400000026
:109b94002054000045580000544500003d000000da
:109ba4000d0a0000004400005420000000200000c2
:109bb4000048000054540000505300004745000082
:109bc40054000000534d0000535200004550000063
:109bd40020000000534d0000534300004d4400009a
:109be40020000000434600005041000055000000e2
:109bf40043460000504900004e0000004741000069
:109c0400494e00000043000046410000204c000083
:109c14003d0000004346000053200000533d000077
:109c24000056000045520000534900004f4e00000a
:109c34000053000054000000564100004e41000053
:109c4400004900004d4f0000440000004750000050
:109c54005300000047500000534c00004f430000e5
:109c64000047000050530000005600004552000019
:109c7400534900004f4e0000000000000d0a000090
:109c84005452000041430000454900004e46000084
:109c94004f20000000000000256400000030000098
:109ca40078000000305800000000000064650000e7
:0c9cb40066610000757400000a000000ea
:020000040000fa
:109cc0000400fa002047980031479800e0d82000af
:109cd000104f78003e4090000004e0000e0032007b
:109ce000e0d82000904078002e40900080c06000b6
:109cf0002e40900080cf500016003200e0d82000a7
:109d0000904078002e40900080c07000e0d8200085
:109d1000014878000f003700e0d82000904078001c
:109d20002e40900080c060002e40900080cf5000f8
:109d300008003a002e40900080c0ea00e0d82000e1
:109d40001040780000c0600080407800e0d820001b
:109d500001487800e0d82000104078009e4078004c
:109d600080cf50001000320085d12200a4d1220003
:109d7000e3d8200012c0b300a103200000cab30042
:109d800044ae02000100000085d12200a4d12200cf
:109d9000e3d8200012c0b300a103200000cab30022
:109da00054af020001000000e0d82000104078000d
:109db0001e4068000080fa00000006002400fa003f
:109dc000206798002e609000e94f50007f013e0010
:109dd0002e6090000080fb00100798001e0090008d
:109de0004600dd00100798001e0090001004b0002f
:109df0001007980061832a00f0b32000b0f1020040
:109e00000100000020079800ae009000f0b3200091
:109e1000008040000041eb00800078002e60900040
:109e2000fec5020001000000ae009000008040006e
:109e300020079800000220000e00400085d122007b
:109e4000a4d122008001780012c0b3009e009000cf
:109e500000cab30054af020001000000ae00900041
:109e6000f0b3200000804000f1832a00b0f102002e
:109e700001000000ae009000008040002007980024
:109e80000000eb00000f7800120037000e60900019
:109e90008080fb00220020001e0078000010dd0002
:109ea000008060000000e00005003200660047000e
:109eb0001e00400011c3b3000148780004003700c1
:109ec000660047001e00400001c3b300014878004f
:109ed0001e0fe8001e007800e30f5000ebff340077
:109ee000660047001e0040008040eb0001487800fb
:109ef000ae009000f0b3200000804000e600470074
:109f0000b0f1020001000000ae00900000804000af
:109f100020079800ae009000f0b3200000804000c1
:109f200031842a00b0f1020001000000ae00900070
:109f300000804000200798000e6090008080fb00a9
:109f400000022000008060000000e00003003200fa
:109f500010c3b300604798000200370000c3b3008d
:109f6000604798000040eb0070479800ae009000fa
:109f7000f0b3200000804000e6004700b0f102008e
:109f800001000000ae009000008040002007980013
:109f9000ae009000f0b320000080400071842a00e1
:109fa000b0f1020001000000ae009000008040000f
:109fb000200798000e6090000080fb0061006000a8
:109fc000004078000004e0000300320010c3b3003a
:109fd000604798000200370000c3b3006047980054
:109fe0000040eb0070479800ae009000f0b32000f6
:109ff00000804000e6004700b0f1020001000000d0
:10a00000ae0090000080400020079800ae00900055
:10a01000f0b3200000804000b1842a00b0f10200bb
:10a0200001000000ae009000008040002007980072
:10a030000e6090008080fb00000420000080600023
:10a040000000e0000300320010c3b3006047980036
:10a050000200370000c3b300604798000040eb00e7
:10a0600070479800ae009000f0b3200000804000e0
:10a07000e6004700b0f1020001000000ae009000d1
:10a080000080400020079800ae009000f0b3200050
:10a0900000804000f1842a00b0f1020001000000bd
:10a0a000ae00900000804000200798006600470046
:10a0b000920120008000eb00f2040200000000008a
:10a0c000e60047001e0090006300400084d122009b
:10a0d000a3d12200010178008000780000cab300fb
:10a0e00048f00200010000000040eb00705f9800a3
:10a0f0006e4090000004e00004003a006600470053
:10a1000031852a00b0f1020001000000ae0090008d
:10a11000f0b3200000804000e6004700b0f10200ec
:10a1200001000000ae009000008040002007980071
:10a13000ae009000f0b320000080400051852a005e
:10a14000b0f1020001000000ae009000008040006d
:10a150002007980066004700920120008000eb0075
:10a16000f204020000000000e60047001e0090001c
:10a170007200400084d12200a3d1220001017800a6
:10a180008000780000cab30048f00200010000001f
:10a190000040eb00705f98006e4090000004e0000b
:10a1a00004003a006600470031852a00b0f1020041
:10a1b00001000000ae009000f0b3200000804000dd
:10a1c000e6004700b0f1020001000000ae00900080
:10a1d0000080400020079800ae009000f0b32000ff
:10a1e0000080400091852a00b0f1020001000000cb
:10a1f000ae00900000804000200798000002200080
:10a200000e004000220020008000eb00f20402005b
:10a21000000000001e0090000080e8000102200005
:10a220008e80400085d12200a4d1220081017800d7
:10a2300012c0b3008000780000cab30054af02001f
:10a24000010000000e609000e60047000041eb00b6
:10a25000fec5020001000000ae009000f0b3200037
:10a2600000804000e6004700b0f10200010000005d
:10a27000ae0090000080400020079800ae009000e3
:10a28000f0b3200000804000d1852a00b0f1020028
:10a2900001000000ae009000008040002007980000
:10a2a00066004700920120008000eb00f2040200eb
:10a2b00000000000e60047001e0090001002b00001
:10a2c00085d12200a4d1220081017800c2c0b30050
:10a2d0008000780000cab30054af02000100000003
:10a2e0000040eb00205798006e4090000004e00012
:10a2f00004003a006600470031852a00b0f10200f0
:10a3000001000000ae009000f0b32000008040008b
:10a31000e6004700b0f1020001000000ae0090002e
:10a320000080400020079800ae009000f0b32000ad
:10a330000080400011862a00b0f1020001000000f8
:10a34000ae0090000080400020079800000220002e
:10a350000e004000220020008000eb00f20402000a
:10a36000000000001e0090000000e8000102200034
:10a370008e80400085d12200a4d122008101780086
:10a3800012c0b3008000780000cab30054af0200ce
:10a39000010000000e609000e60047000041eb0065
:10a3a000fec5020001000000ae009000f0b32000e6
:10a3b00000804000e6004700b0f10200010000000c
:10a3c000ae00900000804000200798000080fa0056
:10a3d000000006000400fa001007980051862a00c9
:10a3e0001e009000b0f1020001000000000f780094
:10a3f00070b12000104078000004e0000800320036
:10a400001e0078009e0090000080400071b1200086
:10a41000b0f10200010000001e0f400007003700ed
:10a420001e0078009e0090000080400031852a00c8
:10a43000b0f10200010000001e0f40001e00780075
:10a440009e0090000080400001872a00b0f10200c9
:10a45000010000001e0f40002049810061006000e3
:10a460000000e0000b003a0040e98000e30f5000dc
:10a4700008003a001e0078009e0090000080400016
:10a4800051872a00b0f10200010000001e0f4000b9
:10a49000070037001e0078009e00900000804000fa
:10a4a00071872a00b0f10200010000001e0f400079
:10a4b0001e0078009e0090000080400091872a00d6
:10a4c000b0f10200010000001e0f40009e00780065
:10a4d000f0b32000008040000041eb0080007800d5
:10a4e00000cab300fec50200010000001e0f4000bc
:10a4f0001e0078009e00900000804000f1872a0036
:10a50000b0f10200010000001e0f40009e00780024
:10a51000f0b3200000814000b00d8100c10d81002a
:10a52000c3c0b300c2c60200010000001e0f4000fd
:10a530001e0078009e0090000080400051882a0094
:10a54000b0f10200010000001e0f40009e007800e4
:10a55000f0b3200000814000004f8100114f8100c6
:10a56000c3c0b300c2c60200010000001e0f4000bd
:10a570000080fa00000006000a00fa00000f7800d0
:10a5800011079800220798003307980044079800a5
:10a59000b0882a000cf60200010000001e007800be
:10a5a0000cf6020001000000d0882a000cf6020020
:10a5b000010000002e0090000cf6020001000000d7
:10a5c0003e0090000000e0000700320030892a00c1
:10a5d0000cf60200010000003e0090000cf60200a4
:10a5e000010000000300370090892a000cf60200e9
:10a5f000010000004e0090000000e0000700320063
:10a60000008a2a000cf60200010000004e009000b3
:10a610000cf602000100000003003700608a2a00e7
:10a620000cf6020001000000d08a2a000cf602009d
:10a63000010000001e0090000cf602000100000066
:10a64000b0882a000cf60200010000000080fa0029
:10a65000000006000e00fa005007980061079800fd
:10a66000640047003300200000017800418b2a007d
:10a670005e009000843e07000000e0000b00320006
:10a68000ce40900010c3b30080cf500004003a00c9
:10a690008032210051c0b300014878000300370028
:10a6a0008032210011c0b300014878000000eb00a7
:10a6b000100798008b003700918b2a00f0b3200020
:10a6c000b0f1020001000000000f78009e00780049
:10a6d000f0b3200000804000318c2a00b0f102006d
:10a6e000010000001e0f40009e007800f0b3200023
:10a6f000808040001e0090000040780022c0b3001f
:10a70000fec50200010000001e0f40009e00780000
:10a71000f0b3200000804000618c2a00b0f10200fc
:10a72000010000001e0f40009e007800f0b32000e2
:10a73000808140001e0090006600b9000000780093
:10a74000e40040000031210000804000100078004b
:10a750000040780032c0b30083007800fec50200dc
:10a76000010000001e0f40009e007800f0b32000a2
:10a7700000804000818c2a00b0f10200010000003e
:10a780001e0f40009e007800f0b320008080400043
:10a790001e0090000040780022c0b300fec50200f9
:10a7a000010000001e0f40009e007800f0b3200062
:10a7b00000804000618c2a00b0f10200010000001e
:10a7c0001e0f40009e007800f0b320008081400002
:10a7d0001e0090006600b900800078000031210062
:10a7e00000804000104078000041eb0083007800ba
:10a7f000fec50200010000001e0f40001e00900078
:10a800006600b9008000780000312100008040001f
:10a8100010407800e24f500025003a009e0078007a
:10a82000f0b3200000804000b18c2a00b0f102009b
:10a83000010000001e0f40009e007800f0b32000d1
:10a84000808040001e009000004078000041eb0036
:10a85000fec50200010000001e0f40009e007800af
:10a86000f0b3200000804000618c2a00b0f10200ab
:10a87000010000001e0f40009e007800f0b3200091
:10a88000008140001e0090006600b90000007800c2
:10a890008080e80000312100008040001000780036
:10a8a0008200780030c40200010000001e0f40004a
:10a8b0009e007800f0b3200000804000b1882a009c
:10a8c000b0f10200010000001e0f4000f0b32000b4
:10a8d0000cf60200010000001e0090000000e800dd
:10a8e000100798001e009000f70f500072ff340010
:10a8f0000080fa00000006000600fa001007980029
:10a90000210798001e0090003040900022c0b30044
:10a91000ae009000fec5020001000000004f78006c
:10a920001e80fb00ae00900000804000e18c2a00f9
:10a93000b0f1020001000000004078001e4f40000e
:10a940001e80fb00ae009000808040001e00900042
:10a950004040900022c0b300fec50200010000008c
:10a96000004078001e4f40001e80fb00ae009000ab
:10a9700000804000e18c2a00b0f1020001000000dc
:10a98000004078001e4f40001e80fb00ae0090008b
:10a99000808040001e0090006040900022c0b30004
:10a9a000fec5020001000000004078001e4f40007c
:10a9b0001e80fb00ae00900000804000018d2a0048
:10a9c000b0f1020001000000004078001e4f40007e
:10a9d0001e80fb00ae009000808040001e009000b2
:10a9e0001040780022c0b300fec502000100000044
:10a9f000004078001e4f40001e80fb00ae0090001b
:10aa000000804000218d2a00b0f10200010000000a
:10aa1000004078001e4f40001e80fb00ae009000fa
:10aa2000808040001e0090001040900022c0b300c3
:10aa3000fec5020001000000004078001e4f4000eb
:10aa40001e80fb00ae00900000804000218d2a0097
:10aa5000b0f1020001000000004078001e4f4000ed
:10aa60001e80fb00ae009000808040001e00900021
:10aa70002040900022c0b300fec50200010000008b
:10aa8000004078001e4f40001e4078000080fa0011
:10aa9000000006000400fa0010079800e0042100fe
:10aaa0006eb1020001000000418d2a001e009000de
:10aab000b0f1020001000000000f78001e007800d5
:10aac0009e0090000080400080007800600521001a
:10aad00089ff07000080fb001e0f40001e00780069
:10aae0009e00900000804000f18d2a00b0f102002d
:10aaf000010000001e0f40001e0078009e00900024
:10ab00000080400080007800e00421007aff070008
:10ab10000080fb001e0f40001e0078009e00900089
:10ab200000804000418e2a00b0f1020001000000c8
:10ab30001e0f40001e0078009e0090000080400024
:10ab400080007800e00521006bff07000080fb001b
:10ab50001e0f40001e0078009e0090000080400004
:10ab6000b18e2a00b0f10200010000001e0f40006b
:10ab70001e0078009e009000008040008000780059
:10ab8000600621005cff07000080fb001e0f4000f4
:10ab90001e0078009e00900000804000218f2a0057
:10aba000b0f10200010000001e0f40001e007800fe
:10abb0009e00900080804000106d800030c4020034
:10abc000010000001e0f40001e0078009e00900053
:10abd00000804000718f2a00b0f1020001000000e7
:10abe0001e0f40001e0078009e00900080804000f4
:10abf000d0062100104078000041eb00fec50200a5
:10ac0000010000001e0f40001e0078009e00900012
:10ac100000804000d18f2a00b0f102000100000046
:10ac20001e0f40001e0078009e00900080804000b3
:10ac3000c0802000104078000041eb00fec50200fb
:10ac4000010000001e0f40001e0078009e009000d2
:10ac50000080400061902a00b0f102000100000075
:10ac60001e0f40001e0078009e0090008080400073
:10ac700050da2000104078000041eb00fec50200d1
:10ac8000010000001e0f40001e0078009e00900092
:10ac900000804000b1902a00b0f1020001000000e5
:10aca0001e0f40001e0078009e00900000804000b3
:10acb00080007800001721000fff07000080fb00d4
:10acc0001e0f40001e0090000080fa0000000600e9
:10acd0001200fa0070079800010f98000040eb0086
:10ace000004f7800a0c5b300004f78006400470013
:10acf000330020000001780011912a007e009000ae
:10ad0000e13c07000000e000600032004e4090008f
:10ad10000000fb006101b900f0fb2f00f1ff2f00e4
:10ad20000200400083804800320120000300200020
:10ad3000820f5000838f580054003e0000600100d5
:10ad4000130037003f003700470037004f0037003f
:10ad50002a003700170037000d0037004b0037007e
:10ad60002600370049003700480037004700370009
:10ad7000460037004500370017003700160037003f
:10ad80004200370041003700400037002400370000
:10ad9000c3122000320620008040eb0060912a00a0
:10ada0007ad8020000000000ce409000014f7800e9
:10adb00036003700c3122000320620008040eb002e
:10adc00000922a007ad8020000000000ce409000d5
:10add000014f78002d003700c312200032062000fa
:10ade0008040eb00a0922a007ad802000000000008
:10adf000ce409000014f780024003700c31220009d
:10ae0000320620008040eb0040932a007ad80200ee
:10ae100000000000ce409000014f78001b0037007a
:10ae2000c3122000320620008040eb00e0932a008d
:10ae30007ad8020000000000ce409000014f780058
:10ae400012003700c3122000320620008040eb00c1
:10ae500080942a007ad8020000000000ce409000c2
:10ae6000014f780009003700c3122000320620008d
:10ae70008040eb0020952a007ad8020000000000f4
:10ae8000ce409000014f780000000000e1952a00bc
:10ae9000f0b32000b0f1020001000000100798009c
:10aea000f1b320001e009000008040001e48780092
:10aeb0001e0090000000e80010079800f1b3200089
:10aec0001e009000008040008040eb0001487800a8
:10aed0000080fa00000006001e00fa00881f7800bb
:10aee000500f9800610f9800640047003300200065
:10aef00000017800d1962a005e089000623c0700ad
:10af00000000e00006003200640047001ec302009b
:10af100001000000e10722008048780003003700ac
:10af2000e007220021c0b30001487800e0072200ba
:10af300090407800c0c3b30080cf500003003600bb
:10af4000e0072200a1c0b300014878006400470078
:10af5000330020000001780011972a005e0890005d
:10af6000493c07000000e000050032004e40900020
:10af700080407800f0072200014878000300370085
:10af8000f00722008040eb0001487800780047007d
:10af90000001780071972a005e08900022f30200f9
:10afa000010000000000e000490032004e0890005f
:10afb00064004000400f98000000eb00100798006c
:10afc0000f0037004e089000de089000008040001f
:10afd0001040780080407800520522001e0090004a
:10afe00000004100014878004e0890000000e80091
:10aff000400f98001e0090000000e8001007980025
:10b000009e00900070022000808f500012003c00d3
:10b010004e089000de08900000804000104078004c
:10b02000ea4f50000c0032004e089000de089000fd
:10b030000080400010407800ed4f500006003200c4
:10b040004e089000de08900000804000104078001c
:10b050000004e000dbff3a00510522001e009000d2
:10b06000008040008040eb00014878001e00900006
:10b070000000e0000b00320070f60200010000004a
:10b08000c0972a000cf602000100000050052200c3
:10b090003ef6020001000000b0882a000cf6020013
:10b0a000010000006e0890000000e00004003a007b
:10b0b000000822008040eb000148780004003700bf
:10b0c000ee08900000082200e405020000000000e5
:10b0d00064004700430020000001780081982a00a6
:10b0e0005e089000e83b07000000e000140032001a
:10b0f0006e0890000000e00011003a006400470074
:10b10000c4c7020001000000d098880070f6020059
:10b1100001000000d198800064004700811f780082
:10b1200031992a00811f7800bc0402000000000051
:10b13000e4875700640047000cf60200010000009d
:10b14000640047003300200000017800e1992a00e4
:10b150005e089000cc3b07000000e0004600320093
:10b16000ce40900010c3b30080cf500013003a00cf
:10b170006e0890000000e00008003a0070f602003f
:10b1800001000000609a2a000cf602000100000095
:10b19000b00e2000d09888000800370090bb210036
:10b1a00011c0b3000148780070f6020001000000f1
:10b1b000509c2a000cf6020001000000ce409000d6
:10b1c00020c3b30080cf500013003a006e089000f7
:10b1d0000000e00008003a0070f6020001000000e4
:10b1e000609e2a000cf60200010000008011200081
:10b1f000d09888000800370090bb210021c0b30020
:10b200000148780070f6020001000000b0a02a009a
:10b210000cf6020001000000ce409000a0c5b30073
:10b2200080cf500014003a006e0890000000e0004b
:10b2300009003a0070f602000100000070a32a0025
:10b240000cf60200010000005080200011c0b30085
:10b25000014878000800370090bb2100a1c5b30069
:10b260000148780070f602000100000010a52a00d5
:10b270000cf60200010000006400470033002000cb
:10b280000001780061a72a005e0890007e3b07005d
:10b290000000e00009003200ce40900010c3b3006f
:10b2a00080cf500005003a00d02a210011c0b30021
:10b2b00001487800b0762100707e88006400470065
:10b2c0003300200000017800e1a72a005e0890000a
:10b2d0006d3b07000000e0001800320064004700ea
:10b2e0001ec3020001000000e10621008048780032
:10b2f000e0062100104078000004e0000400320065
:10b30000e006210010407800f44f500003003600a2
:10b31000e006210051c0b3000148780085d1220029
:10b32000a4d12200e306210012c0b300c103200013
:10b3300000cab30044ae02000100000064004700f0
:10b34000330020000001780031a82a005e08900038
:10b350004d3b07000000e000180032006400470089
:10b360001ec3020001000000f106210080487800a1
:10b37000f0062100104078000004e00004003200d4
:10b38000f006210010407800e64f40000300360030
:10b39000f006210001c5b3000148780085d12200e4
:10b3a000a4d12200f306210012c0b300d103200073
:10b3b00000cab30044ae02000100000085d12200a3
:10b3c000a4d12200e306210012c0b300c103200073
:10b3d00000cab30054af02000100000085d1220072
:10b3e000a4d12200f306210012c0b300d103200033
:10b3f00000cab30054af020001000000640047001f
:10b40000930020000001780081a82a005e089000c7
:10b410001d3b07000000e0000a003200e0062100aa
:10b420001044780064004700dac502000100000003
:10b4300080407800640047000841780098d80200f6
:10b4400001000000640047001300200000017800a4
:10b45000e1a82a005e0890000b3b07000000e00016
:10b460001a003200ce40900010c3b30080cf5000cd
:10b470000f003a00d1988000800c20000080680006
:10b4800000f0a7000000ea000000e9004f00de0025
:10b4900080407800708020000148780060802000a3
:10b4a00011c0b30001487800501f2000d0988800d8
:10b4b000ce40900000c3b30080cf500003003a009c
:10b4c000608020008040eb0001487800f0b320004d
:10b4d0008040eb0001487800640047003300200002
:10b4e0000001780031a92a005e089000e63a0700c2
:10b4f0000000e000dd003200ce40900010c3b30039
:10b5000080cf5000d9003a0091a92a00f0b3200062
:10b51000b0f1020001000000000f780070108100ff
:10b52000610060000000e000080032009e0078002a
:10b53000f0b320000080400051872a00b0f10200e3
:10b54000010000001e0f4000070037009e00780039
:10b55000f0b320000080400071872a00b0f10200a3
:10b56000010000001e0f40009e007800f0b3200094
:10b5700000804000a1aa2a00b0f1020001000000f2
:10b580001e0f400070108100620060000000e000ab
:10b59000080032009e007800f0b3200000804000d8
:10b5a00051872a00b0f10200010000001e0f400088
:10b5b000070037009e007800f0b3200000804000b4
:10b5c00071872a00b0f10200010000001e0f400048
:10b5d0009e007800f0b320000080400061ab2a009c
:10b5e000b0f10200010000001e0f400040e98000a1
:10b5f000e30f500026003200e30f500005003e002c
:10b60000e10f500012003200e10f500018003e0020
:10b6100007003700e50f50002d003200e50f500005
:10b6200023003900e60f50003100320038003700a7
:10b630009e007800f0b320000080400001ac2a009a
:10b64000b0f10200010000001e0f4000380037007a
:10b650009e007800f0b320000080400081ac2a00fa
:10b66000b0f10200010000001e0f40003000370062
:10b670009e007800f0b3200000804000e1ac2a007a
:10b68000b0f10200010000001e0f4000280037004a
:10b690009e007800f0b320000080400051ad2a00e9
:10b6a000b0f10200010000001e0f40002000370032
:10b6b0009e007800f0b3200000804000a1ad2a0079
:10b6c000b0f10200010000001e0f4000180037001a
:10b6d0009e007800f0b320000080400041ae2a00b8
:10b6e000b0f10200010000001e0f40001000370002
:10b6f0009e007800f0b3200000804000a1ae2a0038
:10b70000b0f10200010000001e0f400008003700e9
:10b710009e007800f0b320000080400001af2a00b6
:10b72000b0f10200010000001e0f40000000000008
:10b730009e007800f0b320000080400041af2a0056
:10b74000b0f10200010000001e0f40009e007800d2
:10b75000f0b3200080804000707e800030c4020082
:10b76000010000001e0f40009e007800f0b3200092
:10b7700000804000d1af2a00b0f1020001000000bb
:10b780001e0f40009e007800f0b320008080400033
:10b79000507e800030c40200010000001e0f4000f7
:10b7a0009e007800f0b320000080400051b02a00d5
:10b7b000b0f10200010000001e0f40009e00780062
:10b7c000f0b3200080804000607e800030c4020022
:10b7d000010000001e0f40009e007800f0b3200022
:10b7e00000804000d1b02a00b0f10200010000004a
:10b7f0001e0f40009e007800f0b3200080804000c3
:10b80000407e800030c40200010000001e0f400096
:10b810009e007800f0b320000080400041b12a0073
:10b82000b0f10200010000001e0f40009e007800f1
:10b83000f0b320000080400081b12a00b0f1020086
:10b84000010000001e0f40009e007800f0b32000b1
:10b850008080400060fc2000104078000041eb0038
:10b86000fec50200010000001e0f400064004700fa
:10b87000330020000001780001b22a005e08900029
:10b88000013a07000000e00007003200ce409000bf
:10b8900010c3b30080cf500003003a00200781009e
:10b8a0000020a0002007890064004700330020002a
:10b8b00000017800c1b22a005e089000f23907004a
:10b8c0000000e00011003200ce40900010c3b30031
:10b8d00080cf50000a003a0011c0b30010c0b3007e
:10b8e000f7f80700b0ef20008040eb000148780037
:10b8f00050fc20008040eb00014878000300370036
:10b900008040eb0010c0b300edf80700f0b320005a
:10b91000104078000004e0004b003a0041b32a00d8
:10b92000f0b32000b0f1020001000000000f780029
:10b93000e0d82000104078000080fb00610060002b
:10b94000004078000004e000080032009e0078000b
:10b95000f0b320000080400051872a00b0f10200bf
:10b96000010000001e0f4000070037009e00780015
:10b97000f0b320000080400071872a00b0f102007f
:10b98000010000001e0f40009e007800f0b3200070
:10b990000080400031b42a00b0f102000100000034
:10b9a0001e0f40009e007800f0b320008080400011
:10b9b000e00621001040780012c0b300fec502006e
:10b9c000010000001e0f40009e007800f0b3200030
:10b9d0000080400091b42a00b0f102000100000094
:10b9e0001e0f40009e007800f0b3200080804000d1
:10b9f000f00621001040780012c0b300fec502001e
:10ba0000010000001e0f40009e007800f0b32000ef
:10ba100000804000f1b42a00b0f1020001000000f3
:10ba20001e0f40009e007800f0b320008080400090
:10ba3000608020001040780012c0b300fec50200f4
:10ba4000010000001e0f40004f0478000080fa0043
:10ba5000000006000600fa00100798002107980071
:10ba600051b52a00f0b32000b0f10200010000003f
:10ba7000000f78009e007800f0b320008080400026
:10ba800060b120001040780012c0b300fec5020073
:10ba9000010000001e0f40000080fa0000000600b8
:10baa0000600fa001007980021079800f1b52a0057
:10bab000f0b32000b0f1020001000000000f780098
:10bac000a00d22001040780080407800f0b32000e4
:10bad0001e004000014878001e0fe8009e0078001c
:10bae000f0b320000080400001b72a00b0f102004e
:10baf000010000001e0f4000a10922001e01780075
:10bb0000f0b3200000004100b0f10200010000008d
:10bb10001e0f40009e007800f0b32000008040001f
:10bb200071b72a00b0f10200010000001e0f4000b2
:10bb30009e007800f0b320000080400061902a0051
:10bb4000b0f10200010000001e0f40009e007800ce
:10bb5000f0b320008080400050da200010407800d0
:10bb60000041eb00fec50200010000001e0f400076
:10bb70000080fa00000006001c00fa00400f980048
:10bb8000510f980063004700330020000001780047
:10bb900091b72a004e0890003b3907000000e000f2
:10bba00026003200630047001ec3020001000000af
:10bbb00020479800002b210010407800ae409000f4
:10bbc00080cf50001d003200002b2100ae409000bd
:10bbd0000148780085d12200a4d12200032b210046
:10bbe00012c0b300e103200000cab30044ae02005b
:10bbf0000100000085d12200a4d12200032b2100e6
:10bc000012c0b300e103200000cab30054af020029
:10bc100001000000002b2100104078000080fb0094
:10bc2000610060000000e00004003a0011c0b300b1
:10bc300000012000b2400200010000006300470044
:10bc40003300200000017800e1b72a004e08900080
:10bc50000d3907000000e0002400320063004700b7
:10bc60001ec302000100000020479800102b210095
:10bc700010407800ae40900080cf50001b00320092
:10bc8000102b2100ae40900001487800102b2100bd
:10bc90009040780040c6b30080cf500003003600cb
:10bca000102b2100c1c3b3000148780085d12200c8
:10bcb000a4d12200132b210012c0b300f1032000f5
:10bcc00000cab30044ae02000100000085d122008a
:10bcd000a4d12200132b210012c0b300f1032000d5
:10bce00000cab30054af0200010000006300470027
:10bcf000230020000001780041b82a004e0890007f
:10bd0000e13807000000e0002a003200630047002d
:10bd10001ec3020001000000204798002e40900042
:10bd2000e14f50000a003a00002b2100104078003b
:10bd3000804078000154a000002b210001487800c9
:10bd40000040eb0058d80200010000000900370055
:10bd5000002b210010407800804078000154a100a1
:10bd6000002b21000148780010c0b30058d8020011
:10bd70000100000085d12200a4d12200032b210064
:10bd800012c0b300e103200000cab30044ae0200b9
:10bd90000100000085d12200a4d12200032b210044
:10bda00012c0b300e103200000cab30054af020088
:10bdb000010000006300470023002000000178001c
:10bdc000e1b82a004e089000af3807000000e000fc
:10bdd00024003200630047001ec30200010000007f
:10bde000204798002e409000e14f500007003a0095
:10bdf000002b210010407800804078000164a000f2
:10be0000002b21000148780006003700002b21009c
:10be100010407800804078000164a100002b2100d0
:10be20000148780085d12200a4d12200032b2100f3
:10be300012c0b300e103200000cab30044ae020008
:10be40000100000085d12200a4d12200032b210093
:10be500012c0b300e103200000cab30054af0200d7
:10be600001000000a1b92a00f0b32000b0f10200e7
:10be700001000000000f78009e007800f0b3200061
:10be80000080400041ba2a00b0f102000100000029
:10be90001e0f40009e007800f0b32000808040001c
:10bea000002b21001040780012c0b300fec5020034
:10beb000010000001e0f40009e007800f0b320003b
:10bec00000804000a1ba2a00b0f102000100000089
:10bed0001e0f40009e007800f0b3200080804000dc
:10bee000102b21001040780012c0b300fec50200e4
:10bef000010000001e0f4000002b210010407800c0
:10bf00008080fb0000022000008060000000e00054
:10bf1000080032009e007800f0b32000008040004e
:10bf200011bb2a00b0f10200010000001e0f40000a
:10bf3000070037009e007800f0b32000008040002a
:10bf4000d1bb2a00b0f10200010000001e0f40002a
:10bf5000002b2100104078008080fb0000042000ae
:10bf6000008060000000e000080032009e007800c1
:10bf7000f0b320000080400091bc2a00b0f1020024
:10bf8000010000001e0f4000070037009e007800ef
:10bf9000f0b320000080400071bd2a00b0f1020023
:10bfa000010000001e0f4000f0b320001e00400002
:10bfb0008040eb00014878000080fa000000060095
:10bfc0008000fa00889fbe008a9fbe00603f9800f4
:10bfd000713f98000e80e8003300200000017800d7
:10bfe00051be2a006e389000273807000000e0009c
:10bff0000e0032000e80e800c4c7020001000000fd
:10c0000080407800b02e21000148780085d12200c0
:10c01000a4d12200b32e210012c0b30001382000a9
:10c0200000cab30044ae02000100000085d1220026
:10c03000a4d12200b32e210012c0b3000138200089
:10c0400000cab30054af0200010000000e80e800f7
:10c050003300200000017800b1be2a006e38900045
:10c06000093807000000e0000e0032000e80e800f2
:10c07000c4c702000100000080407800a02e21000b
:10c080000148780085d12200a4d12200a32e2100ee
:10c0900012c0b3001138200000cab30044ae020041
:10c0a0000100000085d12200a4d12200a32e21008e
:10c0b00012c0b3001138200000cab30054af020010
:10c0c000010000000e80e80043002000000178001d
:10c0d00011bf2a006e389000eb3707000000e00027
:10c0e0000e0032000e80e800c4c70200010000000c
:10c0f00080407800c02e21000148780085d12200c0
:10c10000a4d12200c32e210012c0b3002138200088
:10c1100000cab30044ae02000100000085d1220035
:10c12000a4d12200c32e210012c0b3002138200068
:10c1300000cab30054af0200010000000e80e80006
:10c14000430020000001780071bf2a006e38900083
:10c15000cd3707000000e0000e0032000e80e8003e
:10c16000c4c702000100000080407800d02e2100ea
:10c170000148780085d12200a4d12200d32e2100cd
:10c1800012c0b3003138200000cab30044ae020030
:10c190000100000085d12200a4d12200d32e21006d
:10c1a00012c0b3003138200000cab30054af0200ff
:10c1b000010000000e80e80043002000000178002c
:10c1c000d1bf2a006e389000af3707000000e000b2
:10c1d0000e0032000e80e800c4c70200010000001b
:10c1e00080407800e02e21000148780085d12200af
:10c1f000a4d12200e32e210012c0b3004138200058
:10c2000000cab30044ae02000100000085d1220044
:10c21000a4d12200e32e210012c0b3004138200037
:10c2200000cab30054af0200010000000e80e80015
:10c23000430020000001780031c02a006e389000d1
:10c24000913707000000e0000e0032000e80e80089
:10c25000c4c702000100000080407800f02e2100d9
:10c260000148780085d12200a4d12200f32e2100bc
:10c2700012c0b3005138200000cab30044ae02001f
:10c280000100000085d12200a4d12200f32e21005c
:10c2900012c0b3005138200000cab30054af0200ee
:10c2a00001000000f02e2100104078008085fb0086
:10c2b000e02e2100104078000085fb00d02e2100e8
:10c2c000104078008084fb00c02e210010407800d0
:10c2d0000084fb00a02e2100104078008083fb002a
:10c2e000b02e2100104078000083fb00202f210099
:10c2f000104078008082fb00102f21001040780051
:10c300000082fb00002f2100104078008081fb009c
:10c3100050da2000104078000001fb00602e210060
:10c32000104078008080fb000e80e8008b1f7800b2
:10c330008a1f7800891f7800881f7800871f78007f
:10c34000861f7800851f7800841f7800831f78007f
:10c35000821f7800811f780091c02a00811f780019
:10c36000bc04020000000000f88757000e80e800bf
:10c3700080007800f0b32000b0f10200010000005e
:10c38000000f7800f0b320001e0040008040eb005a
:10c39000014878004f05be004f04be000080fa003f
:10c3a000000006000800fa002007980031079800f6
:10c3b0000e80e800130020000001780041c82a0028
:10c3c0002e009000303707000000e0000b00320024
:10c3d000ae40900000c3b30080cf500004003a008c
:10c3e000a0d520008040eb00014878000300370012
:10c3f000a0d52000e1c1b3000148780091c82a000f
:10c40000f0b32000b0f1020001000000000f78003e
:10c41000a0358000620060000000e00005003200ee
:10c42000f0b320001e00400011c3b30001487800a3
:10c4300004003700f0b320001e00400001c3b30029
:10c44000014878001e0fe800f0b320001e004000f5
:10c450008040eb00014878000080fa0000000600f0
:10c460000800fa0020079800310798000000eb0050
:10c4700010079800f3012000a2d2210061c92a0010
:10c480002e009000003707000000e0001600320088
:10c49000a0d22100dac5020001000000000f7800e0
:10c4a00005003700a0d221001e0040008040eb00b4
:10c4b000014878001e0fe8001e007800ff0f5000b2
:10c4c000f8ff3400a0d2210085d12200a4d122009f
:10c4d0008001780002c2b300414c200000cab300c2
:10c4e00044ae020001000000a0d2210085d122004c
:10c4f000a4d122008001780002c2b300414c200088
:10c5000000cab30054af02000100000090d4210023
:10c510008040eb0001487800b1c92a00f0b3200048
:10c52000b0f10200010000009e0090000080400079
:10c53000100798009e009000f0b32000008040009b
:10c54000a1d22100b0f10200010000009e00900085
:10c5500000804000100798001e0090000000e800d6
:10c5600010079800f1b320001e00900000804000ea
:10c570008040eb00014878000080fa0000000600cf
:10c580002400fa0000179800111798000040eb00f3
:10c59000004f78007e0047000001780061ca2a0041
:10c5a0000e10900022f30200010000000000e000e5
:10c5b0000300320010c0b30020479800020037008b
:10c5c0000040eb0020479800630047003300200044
:10c5d00000017800e1ca2a000e109000aa36070078
:10c5e0000000e00005003200630047001ec30200a7
:10c5f00001000000004f780002003700c0c3b30004
:10c60000004f78006300470013002000000178000d
:10c6100031cb2a000e1090009b3607000000e0008e
:10c6200005003200630047001ec302000100000045
:10c6300010479800020037000040eb0010479800b8
:10c6400063004700930120000001780081cb2a009d
:10c650000e1090008c3607000000e00065003200ec
:10c6600063004700ae43900026c0b3008042eb0059
:10c670000042eb009e4190001e4178008040eb009c
:10c68000d67c020001000000d1cb2a00f0b32000cc
:10c69000b0f1020001000000700f98007e089000c9
:10c6a00080007800f0b3200000804000e3004700e5
:10c6b000b0f1020001000000fe08900001004000ff
:10c6c000700f98007e08900080007800f0b3200082
:10c6d00000804000a1cc2a00b0f10200010000005f
:10c6e000fe08900001004000700f98007e08900046
:10c6f00080007800f0b320000080400012c0b3003a
:10c70000800078001e407800fec502000100000095
:10c71000fe08900001004000700f98007e08900015
:10c7200080007800f0b320000080400001cd2a0096
:10c73000b0f1020001000000fe089000010040007e
:10c74000700f98007e08900080007800f0b3200001
:10c750000080400012c0b300800078001e409000ae
:10c76000fec5020001000000fe089000010040002c
:10c77000700f98007e08900080007800f0b32000d1
:10c780000080400061cd2a00b0f1020001000000ed
:10c79000fe08900001004000700f98007e08900095
:10c7a00080007800f0b320000080400012c0b30089
:10c7b000800078002e409000fec5020001000000bd
:10c7c000fe08900001004000700f98007e08900065
:10c7d00080007800f0b3200000804000e1cd2a0006
:10c7e000b0f1020001000000fe08900001004000ce
:10c7f000700f98000080fa00000006000c00fa009c
:10c8000040079800510798000040eb00004f780067
:10c810000040eb0010479800640047002300200010
:10c820000001780051ce2a004e0090001636070015
:10c830000000e00006003200ce40900010c3b300bc
:10c8400080cf500002003a0010c0b300104798009b
:10c8500064004700230020000001780081ce2a00f8
:10c860004e009000083607000000e000090032008a
:10c87000640047001ec3020001000000004f780062
:10c880009e4090001e4078009af8020001000000cf
:10c89000004f7800b1ce2a00f0b32000b0f10200c2
:10c8a00001000000100798009e009000f0b32000e7
:10c8b000008040000041eb00800078001e407800be
:10c8c000fec50200010000009e00900000804000b4
:10c8d000100798000080fa00000006002600fa0009
:10c8e00010179800211798006600470023002000c9
:10c8f0000001780041cf2a001e109000e2350700a9
:10c900000000e0008e013200660047001ec30200f6
:10c9100001000000304798003e409000e94f500071
:10c9200087013e003e4090000080fb0020079800f9
:10c930002e0090004600dd00200798002e00900099
:10c940001004b00020079800660047001300200084
:10c950000001780081cf2a001e109000ca35070020
:10c960000000e0004e003200ee40900010c3b30023
:10c9700080cf50004a003a0066004700a201200024
:10c980008000eb00f204020000000000e600470017
:10c990002e0090006300400085d12200a4d1220027
:10c9a00081017800f2c0b3008000780000cab300b3
:10c9b00044ae020001000000e60047002e00900097
:10c9c0007200400085d12200a4d1220081017800ac
:10c9d000f2c0b3008000780000cab30044ae020089
:10c9e0000100000066004700a20120008000eb006b
:10c9f000f204020000000000e60047002e00900054
:10ca00000000e80085d12200a4d122008101780035
:10ca100012c0b3008000780000cab30044ae020028
:10ca200001000000e60047002e0090001002b00058
:10ca300085d12200a4d1220081017800c2c0b300b8
:10ca40008000780000cab30044ae0200010000007c
:10ca5000e60047002e0090000080e80085d122000b
:10ca6000a4d122008101780012c0b30080007800b8
:10ca700000cab30044ae0200010000006600470097
:10ca800085d12200a4d122008001780012c0b30019
:10ca9000ae00900000cab30044ae020001000000e6
:10caa000660047009301200000017800f1842a000d
:10cab0001e109000743507000000e00013003200e3
:10cac000ee409000a0c5b30080cf500005003a00b2
:10cad00066004700a20120008000eb00f204020083
:10cae00000000000e60047002e00900063004000b8
:10caf00084d12200a3d122000101780080007800b7
:10cb000000cab300b6f00200010000006600470052
:10cb1000930120000001780051852a001e1090002a
:10cb2000593507000000e00013003200ee4090008d
:10cb3000a0c5b30080cf500005003a006600470052
:10cb4000a20120008000eb00f204020000000000bf
:10cb5000e60047002e0090007200400084d12200c1
:10cb6000a3d12200010178008000780000cab30040
:10cb7000b6f002000100000066004700330020000c
:10cb80000001780011862a001e1090003e35070033
:10cb90000000e00010003200660047001ec30200e3
:10cba00001000000006798002e0090000000e800df
:10cbb000010220008e80400085d12200a4d12200f5
:10cbc0008101780012c0b3008000780000cab30071
:10cbd00044ae02000100000066004700c3002000d0
:10cbe00000017800d1852a001e109000263507002c
:10cbf0000000e00014003200ee409000a0c5b30039
:10cc000080cf500005003a0066004700a2012000d6
:10cc10008000eb00f204020000000000e600470084
:10cc20002e0090001002b00085d12200a4d1220075
:10cc300081017800c2c0b3008000780000cab30050
:10cc400044ae0200010000006600470033002000ef
:10cc50000001780091852a001e1090000a35070017
:10cc60000000e00010003200660047001ec3020012
:10cc700001000000006798002e0090000080e8008e
:10cc8000010220008e80400085d12200a4d1220024
:10cc90008101780012c0b3008000780000cab300a0
:10cca00044ae0200010000000040eb00004f78009d
:10ccb0000040eb001047980066004700430020004a
:10ccc00000017800f1832a001e109000ee34070066
:10ccd0000000e0002c0032000040eb0020479800ec
:10cce000260037002e4090000080fb000000470027
:10ccf000604090000000fb0001032000810f500005
:10cd00000600320011032000810f50000c00320099
:10cd10000000e00013003200150037002e409000a4
:10cd20000080fb00210020000008dd00804078002a
:10cd30001e40900000c07000104798000c003700a3
:10cd40002e4090000080fb00210020000008dd0044
:10cd5000804078001e40780000c07000004f7800ce
:10cd60000300370040c0b3002047980000000000d7
:10cd70002e4090000040e800204798002e40900090
:10cd8000e34f5000d7ff3600660047001300200035
:10cd90000001780031842a001e109000ba34070088
:10cda0000000e0000f0032006e4090000000fb0029
:10cdb00001032000810f5000040032001103200005
:10cdc000810f500005003200060037001e40900021
:10cdd0000054a00010479800020037001e54a00025
:10cde00000000000660047001300200000017800ea
:10cdf00071842a001e109000a33407000000e00098
:10ce00000f0032006e4090000000fb000103200084
:10ce1000810f50000400320011032000810f5000e8
:10ce200005003200060037001e4090000004a000fc
:10ce300010479800020037001e04a0000000000008
:10ce4000660047001300200000017800b1842a002a
:10ce50001e1090008c3407000000e0000f0032002c
:10ce60006e4090000000fb0001032000810f500085
:10ce70000400320011032000810f50000500320031
:10ce8000060037001e4090000064a0001047980084
:10ce9000020037001e64a000000000001e40780061
:10cea0000004e00003003a001e4090000004e0008f
:10ceb000210032006600470085d12200a4d1220063
:10cec0008001780012c0b300ae00900000cab30029
:10ced00054af0200010000006e40900070479800bf
:10cee000ee4090001e40780000c07000604798003f
:10cef000ee4090001e40900000c0ea0000c06000bc
:10cf000060479800fe4090006e40900080cf500037
:10cf1000090032006600470085d12200a4d122001a
:10cf20008001780012c0b300ae00900000cab300c8
:10cf300044ae0200010000003e4090009ff3070055
:10cf40000080fa00000006005000fa0060279800f8
:10cf5000712798004300200002fe200001d02a0023
:10cf60006e209000483407000000e0000e00320000
:10cf700000fe20001ec302000100000020cf980028
:10cf8000a00420000e00400085d12200a4d1220080
:10cf90008001780012c0b300d101200000cab300a4
:10cfa00044ae020001000000a00420000e0040007a
:10cfb00085d12200a4d122008001780012c0b300e4
:10cfc000d101200000cab30054af020001000000ec
:10cfd0002ec890000080fb00b06a8800b16a800013
:10cfe000c00320000088b90000007800b06a880003
:10cff0003300200002fe200051d02a006e20900055
:10d00000213407000000e0000b00320000fe200089
:10d010009040780010c3b30000c068000080fb009f
:10d020000000e9004f00de000040780080407800fa
:10d0300000c8b30022f307003300200002fe2000e6
:10d04000a1d02a006e2090000f3407000000e000fd
:10d050000b00320000fe20009040780010c3b300a7
:10d0600000c068000080fb000000e9004f00de0007
:10d07000004078008040780000c2b30010f3070041
:10d080005300200002fe2000f1d02a006e20900004
:10d09000fd3307000000e0001b00320000fe20000e
:10d0a000c4c702000100000040279800ce20900075
:10d0b00050568100808f5000130032008004200001
:10d0c0000e00400085d12200a4d12200800178000a
:10d0d00022c0b300512f200000cab30044ae0200aa
:10d0e00001000000a0ac220085d12200a4d12200c2
:10d0f0008001780022c0b300512f200000cab30085
:10d1000054af0200010000003300200002fe2000a6
:10d1100051d12a006e209000db3307000000e000b0
:10d120001500320000fe20001ec3020001000000b6
:10d13000c1ac22008048780085d12200a4d1220011
:10d14000c3ac220012c0b300712f200000cab3008c
:10d1500044ae02000100000085d12200a4d12200cb
:10d16000c3ac220012c0b300712f200000cab3006c
:10d1700054af0200010000003300200002fe200036
:10d18000b1d12a006e209000bf3307000000e000fc
:10d190001500320000fe20001ec302000100000046
:10d1a000d1ac22008048780085d12200a4d1220091
:10d1b000d3ac220012c0b300812f200000cab300fc
:10d1c00044ae02000100000085d12200a4d122005b
:10d1d000d3ac220012c0b300812f200000cab300dc
:10d1e00054af0200010000003300200002fe2000c6
:10d1f00011d22a006e209000a33307000000e00047
:10d200001500320000fe20001ec3020001000000d5
:10d21000e1ac22008048780085d12200a4d1220010
:10d22000e3ac220012c0b300912f200000cab3006b
:10d2300044ae02000100000085d12200a4d12200ea
:10d24000e3ac220012c0b300912f200000cab3004b
:10d2500054af0200010000003300200002fe200055
:10d2600071d22a006e209000873307000000e00092
:10d270001500320000fe20001ec302000100000065
:10d28000f1ac22008048780085d12200a4d1220090
:10d29000f3ac220012c0b300a12f200000cab300db
:10d2a00044ae02000100000085d12200a4d122007a
:10d2b000f3ac220012c0b300a12f200000cab300bb
:10d2c00054af0200010000003300200002fe2000e5
:10d2d000d1d22a006e2090006b3307000000e000de
:10d2e0001300320000fe20001ec3020001000000f7
:10d2f00070c798007ec09000e44f500002003e00ce
:10d30000e0c1b30070c79800700420000e00400018
:10d3100085d12200a4d122008001780012c0b30080
:10d320006103200000cab30044ae02000100000007
:10d33000e00320000e0040005300200000017800b0
:10d3400011d32a006e2090004f3307000000e00048
:10d3500028003200e00320000e0040001007980073
:10d360000040eb0060c79800600420000e00400001
:10d3700080017800c2dc2000a1c3b3001e00900031
:10d38000dcf30200010000000000e00019003200a0
:10d390006ec090000000fb000000e8009e009000be
:10d3a0000080400010079800600420000e0040003c
:10d3b00080017800d2dc200001c2b3001e00900082
:10d3c000dcf30200010000000000e0000900320070
:10d3d000c0dc200085d12200a4d122008001780089
:10d3e00022c0b300b101200000cab30044ae020065
:10d3f000010000000000eb0020079800330020002f
:10d4000002fe200061d32a006e2090001e33070028
:10d410000000e0001600320000fe20001ec30200e3
:10d420000100000031d720008048780030d720006c
:10d430009040780020d720001040780080cf500026
:10d440000300310030d7200001c1b300014878004b
:10d4500085d12200a4d1220033d7200012c0b3000e
:10d460004141200000cab30044ae020001000000a8
:10d4700085d12200a4d1220033d7200012c0b300ee
:10d480004141200000cab30054af02000100000077
:10d490003300200002fe2000c1d32a006e2090003d
:10d4a000f93207000000e0001600320000fe200004
:10d4b0001ec302000100000021d720008048780030
:10d4c00020d720009040780030d72000104078000e
:10d4d00080cf50000300360020d72000a1c0b30049
:10d4e0000148780085d12200a4d1220023d7200052
:10d4f00012c0b3003141200000cab30044ae0200a4
:10d500000100000085d12200a4d1220023d72000f1
:10d5100012c0b3003141200000cab30054af020072
:10d5200001000000c0dc200085d12200a4d122002f
:10d530008001780022c0b300b101200000cab3000e
:10d5400054af0200010000004301200002fe200051
:10d5500061c92a006e209000cb3207000000e00075
:10d560000900320000fe200085d12200a4d1220053
:10d570008001780042c1b3004100200000cab3001e
:10d5800044ae020001000000420120008000eb00d8
:10d5900000fe2000f20402000000000000fe200057
:10d5a00085d12200a4d122008001780042c1b300bd
:10d5b0004100200000cab30054af02000100000087
:10d5c00040ff20008040eb0001487800a0032000cd
:10d5d0000e004000330020000001780081a82a00de
:10d5e0006e209000a83207000000e0000a00320020
:10d5f000a00320000e00400085d12200a4d122000b
:10d600008001780032c0b3008101200000cab3005d
:10d6100044ae020001000000a00320000e00400004
:10d62000320020008000eb00f20402000000000045
:10d63000a00320000e00400085d12200a4d12200ca
:10d640008001780032c0b3008101200000cab3001d
:10d6500054af0200010000000040eb00507f980032
:10d6600066004700930120000001780021d42a00c1
:10d670006e209000843207000000e000320032008b
:10d68000000220000e004000920120008000eb000c
:10d69000f204020000000000000220000e00400022
:10d6a00084d12200a3d12200000178006102200071
:10d6b00000cab30048f00200010000000040eb0087
:10d6c000107f9800e6004700000220000e00400096
:10d6d000ce050200000000000000e0001a00320049
:10d6e0006600470084d12200a3d122000001780007
:10d6f0006102200000cab300b6f002000100000081
:10d7000010b3200011c0b30001487800400420008d
:10d710000e00400071872a00b0f1020001000000f5
:10d72000400420000e00400085d12200a4d1220038
:10d730008001780012c0b3005103200000cab3007a
:10d7400044ae020001000000660047009201200084
:10d750008000eb00f20402000000000066004700b9
:10d7600084d12200a3d122000001780061022000b0
:10d7700000cab30048f00200010000000040eb00c6
:10d78000705f9800400420000e004000220020003e
:10d790008000eb00f20402000000000040042000c2
:10d7a0000e00400085d12200a4d122008001780023
:10d7b00012c0b3005103200000cab30054af0200ee
:10d7c000010000000040eb0050c7980070042000ea
:10d7d0000e00400085d12200a4d1220080017800f3
:10d7e00012c0b3006103200000cab30054af0200ae
:10d7f0000100000085d12200a4d1220033d72000ef
:10d8000012c0b3004141200000cab30054af02006f
:10d810000100000085d12200a4d1220023d72000de
:10d8200012c0b3003141200000cab30054af02005f
:10d830000100000071d42a00f0b32000b0f1020012
:10d8400001000000000f78009e007800f0b3200077
:10d850000080400001fe2000b0f102000100000045
:10d860001e0f40009e007800f0b3200000804000b2
:10d8700041d52a00b0f10200010000001e0f400057
:10d880009e007800f0b3200000804000a10320003b
:10d890008e804000b0f10200010000001e0f400029
:10d8a0009e007800f0b3200000804000b1d52a002f
:10d8b000b0f10200010000001e0f40009e00780041
:10d8c000f0b3200080804000c0dc200010407800d1
:10d8d00022c0b300fec50200010000001e0f400080
:10d8e0009e007800f0b3200000804000218d2a00c7
:10d8f000b0f10200010000001e0f40009e00780001
:10d90000f0b3200080804000d0dc20001040780080
:10d9100022c0b300fec50200010000001e0f40003f
:10d920009e007800f0b320000080400011d62a004d
:10d93000b0f10200010000001e0f40009e007800c0
:10d94000f0b32000808040002ec8900022c0b300b9
:10d95000fec50200010000001e0f40009e0078007e
:10d96000f0b320000080400071d62a00b0f1020020
:10d97000010000001e0f40009e007800f0b3200060
:10d9800000804000e6004700b0f102000100000006
:10d990001e0f40009e007800f0b320000080400081
:10d9a000d1d62a00b0f10200010000001e0f400095
:10d9b0009e007800f0b32000808040007ec0900080
:10d9c0000041eb00fec50200010000001e0f4000f8
:10d9d0009e007800f0b320000080400021d72a008c
:10d9e000b0f10200010000001e0f40009e00780010
:10d9f000f0b3200000804000410420008e804000f1
:10da0000b0f10200010000001e0f40009e007800ef
:10da1000f0b320000080400071d72a00b0f102006e
:10da2000010000001e0f40009e007800f0b32000af
:10da3000808040005056810030c402000100000088
:10da40001e0f40009e007800f0b3200000804000d0
:10da5000e1d72a00b0f10200010000001e0f4000d3
:10da6000e0d82000104078000004e00008003d00ed
:10da70009e007800f0b320000080400051872a000b
:10da8000b0f10200010000001e0f40000700370047
:10da90009e007800f0b320000080400071872a00cb
:10daa000b0f10200010000001e0f40009e0078004f
:10dab000f0b320000080400041d82a00b0f10200fd
:10dac000010000001e0f40009e007800f0b320000f
:10dad00080804000c0ac2200104078000041eb0084
:10dae000fec50200010000001e0f40009e007800ed
:10daf000f0b3200000804000b1d82a00b0f102004d
:10db0000010000001e0f40009e007800f0b32000ce
:10db100080804000d0ac2200104078000041eb0033
:10db2000fec50200010000001e0f40009e007800ac
:10db3000f0b320000080400021d92a00b0f102009b
:10db4000010000001e0f40009e007800f0b320008e
:10db500080804000e0ac2200104078000041eb00e3
:10db6000fec50200010000001e0f40009e0078006c
:10db7000f0b320000080400091d92a00b0f10200eb
:10db8000010000001e0f40009e007800f0b320004e
:10db900080804000f0ac2200104078000041eb0093
:10dba000fec50200010000001e0f40009e0078002c
:10dbb000f0b320000080400001da2a00b0f102003a
:10dbc000010000001e0f4000e0d820001040780047
:10dbd0008080fb0000022000008060000000e00068
:10dbe000080032009e007800f0b320000080400062
:10dbf00051872a00b0f10200010000001e0f400012
:10dc0000070037009e007800f0b32000008040003d
:10dc100071872a00b0f10200010000001e0f4000d1
:10dc20009e007800f0b320000080400061da2a00f6
:10dc3000b0f10200010000001e0f40009e007800bd
:10dc4000f0b320008080400030d7200010407800e2
:10dc500022c0b300fec50200010000001e0f4000fc
:10dc60009e007800f0b3200000804000d1da2a0046
:10dc7000b0f10200010000001e0f40009e0078007d
:10dc8000f0b320008080400020d7200010407800b2
:10dc900022c0b300fec50200010000001e0f4000bc
:10dca0000080fa00000006000e00fa0050079800fd
:10dcb000610798006e0090000000e00013003a0039
:10dcc00064004700430020000001780041db2a0087
:10dcd0005e009000ec3007000000e0000b00320016
:10dce0000040eb00004f98006400470085d12200ff
:10dcf000a4d122008001780042c0b3008000eb0074
:10dd000000cab30044ae02000100000064004700f6
:10dd1000420020008000eb00f2040200000000003e
:10dd20006400470085d12200a4d122008001780040
:10dd300042c0b3008000eb0000cab30054af020041
:10dd4000010000000040eb00004f98006400470015
:10dd50006d310700004f780091db2a00f0b32000fe
:10dd6000b0f1020001000000100798009e00900032
:10dd7000f0b3200000804000e4004700b0f1020052
:10dd8000010000009e0090000080400010079800f5
:10dd90009e009000f0b320000080400061dc2a006b
:10dda000b0f10200010000009e00900000804000e1
:10ddb000100798009e009000f0b320000080400003
:10ddc0000041eb00800078001e407800fec5020094
:10ddd000010000009e0090000080400010079800a5
:10dde0000080fa00000006000a00fa00004f9800c8
:10ddf0000e489000e34f500030003e000e48900067
:10de00000080fb00000f78001e0078006500b9005c
:10de100000007800000f7800504120001e0f4000e5
:10de20000e80e80085d12200a4d122008001780074
:10de300052c0b3009e00780000cab30054af020085
:10de4000010000000e4890000080fb00ae409000f2
:10de5000c2db20004200dd000000410001487800e4
:10de60000e4890000080fb00be409000d2db2000f6
:10de70004200dd0000004100014878000e4890009b
:10de80000080fb00ce409000c2db20004200dd009d
:10de9000000041000080e800014878000e48900032
:10dea0000080fb00de409000d2db20004200dd005d
:10deb000000041000080e800014878000080fa007e
:10dec000000006000400fa00204798002e40900051
:10ded000e34f50005e003e002e409000c2ff07005e
:10dee000b1dc2a00f0b32000b0f102000100000014
:10def000000f78009e007800f0b320008080400082
:10df00002e4090000040e8000041eb00fec50200fa
:10df1000010000001e0f40009e007800f0b32000ba
:10df20000080400041dd2a00b0f102000100000045
:10df30001e0f40009e007800f0b32000808040005b
:10df40002e4090000080fb004200dd00c2db20007c
:10df5000624078000041eb00fec5020001000000b5
:10df60001e0f40009e007800f0b3200000804000ab
:10df700071842a00b0f10200010000001e0f400071
:10df80009e007800f0b32000808040002e4090007a
:10df90000080fb004200dd00d2db20006240780000
:10dfa0000041eb00fec50200010000001e0f400012
:10dfb0009e007800f0b320000080400091852a0088
:10dfc000b0f10200010000001e0f40009e0078002a
:10dfd000f0b32000808040002e4090000080fb00c5
:10dfe0004200dd000080e800c2db200062407800d3
:10dff0000041eb00fec50200010000001e0f4000c2
:10e000009e007800f0b320000080400031842a0098
:10e01000b0f10200010000001e0f40009e007800d9
:10e02000f0b32000808040002e4090000080fb0074
:10e030004200dd000080e800d2db20006240780072
:10e040000041eb00fec50200010000001e0f400071
:10e050000080fa00000006000e00fa005007980049
:10e060006107980064004700230020000001780049
:10e0700051852a005e009000033007000000e00098
:10e080008b003200640047001ec302000100000044
:10e09000004f78001e4078000004e0008400320049
:10e0a0001e407800e44f500081003e001e4fe90002
:10e0b0001e80fb00100798001e0090006500b9004c
:10e0c00000007800100798009e009000504120004a
:10e0d00000804000100798006400470033002000d3
:10e0e0000001780041dd2a005e009000e62f070065
:10e0f0000000e0000d003200640047001ec3020073
:10e1000001000000004f98006800470085d1220000
:10e11000a4d122008001780012c0b3009e009000bc
:10e1200000cab30044ae02000100000064004700d2
:10e13000330020000001780071842a005e00900006
:10e14000d12f07000000e0000f00320064004700fc
:10e150001ec3020001000000004f98001e00900046
:10e160000000e800e800470085d12200a4d1220089
:10e170008101780012c0b3008000780000cab300ab
:10e1800044ae02000100000064004700330020009c
:10e190000001780091852a005e009000ba2f0700e8
:10e1a0000000e0000f003200640047001ec30200c0
:10e1b00001000000004f98001e0090000080e80061
:10e1c000e800470085d12200a4d122008101780017
:10e1d00012c0b3008000780000cab30044ae020051
:10e1e00001000000640047003300200000017800b7
:10e1f00031842a005e009000a32f07000000e00099
:10e2000029003200640047001ec302000100000024
:10e21000004f98000e489000e14f500010003a0067
:10e22000640047001ec3020001000000004f980078
:10e230001e00900063004000e800470085d12200e6
:10e24000a4d122008101780012c0b30080007800c0
:10e2500000cab30044ae0200010000001200370003
:10e260000e4890000004e0000f003a0064004700f0
:10e270001ec3020001000000004f98001e00900025
:10e2800063004000e800470085d12200a4d12200ad
:10e290008101780012c0b3008000780000cab3008a
:10e2a00044ae0200010000001e40780005ff070098
:10e2b0000080fa00000006000c00fa0040079800f9
:10e2c000510798000e80e80013002000000178003c
:10e2d00081dd2a004e0090006b2f07000000e00057
:10e2e000140032000e80e8001ec30200010000008e
:10e2f0000080fb00000f78009e00780061806000c5
:10e30000004078000004e000030032006000b80024
:10e31000b00d8900c10d89009e0078006280600008
:10e320000000e000030032006000b800004f8900e8
:10e33000114f89000e80e8003300200000017800b2
:10e34000d1dd2a004e0090004f2f07000000e000b2
:10e350001a0032000e80e8001ec302000100000017
:10e3600060479800ee40900000ad22001040780019
:10e3700080cf5000110032006600470085d1220096
:10e38000a4d122008001780012c0b300b12f200078
:10e3900000cab30044ae02000100000085d1220093
:10e3a000a4d1220003ad220012c0b300b12f20007f
:10e3b00000cab30054af02000100000021de2a00b1
:10e3c000f0b32000b0f1020001000000000f78005f
:10e3d0009e007800f0b3200000814000b00d810065
:10e3e000c10d8100c3c0b300c2c60200010000001d
:10e3f0001e0f40009e007800f0b320000080400017
:10e4000051882a00b0f10200010000001e0f4000f8
:10e410009e007800f0b3200000814000004f810092
:10e42000114f8100c3c0b300c2c60200010000004a
:10e430001e0f40009e007800f0b3200000804000d6
:10e44000d1de2a00b0f10200010000001e0f4000e2
:10e450009e007800f0b3200080804000a01b2200c6
:10e46000104078000041eb00fec5020001000000f2
:10e470001e0f40009e007800f0b320000080400096
:10e4800021df2a00b0f10200010000001e0f400051
:10e490009e007800f0b3200080804000b01b220076
:10e4a000104078000041eb00fec5020001000000b2
:10e4b0001e0f40009e007800f0b320000080400056
:10e4c00071df2a00b0f10200010000001e0f4000c1
:10e4d0009e007800f0b3200080804000409e220023
:10e4e000104078000041eb00fec502000100000072
:10e4f0001e0f40009e007800f0b320000080400016
:10e50000c1df2a00b0f10200010000001e0f400030
:10e510009e007800f0b3200080804000509e2200d2
:10e52000104078000041eb00fec502000100000031
:10e530001e0f40009e007800f0b3200000804000d5
:10e5400011e02a00b0f10200010000001e0f40009f
:10e550009e007800f0b3200080804000609e220082
:10e56000104078000041eb00fec5020001000000f1
:10e570001e0f40009e007800f0b320000080400095
:10e5800071e02a00b0f10200010000001e0f4000ff
:10e590009e007800f0b3200080804000709e220032
:10e5a000104078000041eb00fec5020001000000b1
:10e5b0001e0f40009e007800f0b320000080400055
:10e5c000d1e02a00b0f10200010000001e0f40005f
:10e5d0009e007800f0b3200080804000809e2200e2
:10e5e000104078000041eb00fec502000100000071
:10e5f0001e0f40009e007800f0b320000080400015
:10e6000031e12a00b0f10200010000001e0f4000bd
:10e610009e007800f0b3200080804000909e220091
:10e62000104078000041eb00fec502000100000030
:10e630001e0f40009e007800f0b3200000804000d4
:10e6400091e12a00b0f10200010000001e0f40001d
:10e650009e007800f0b320008080400000ad2200d2
:10e66000104078000041eb00fec5020001000000f0
:10e670001e0f40000040eb001e35020001000000ac
:10e68000204798009e007800f0b3200000804000f2
:10e69000f1e12a00b0f10200010000001e0f40006d
:10e6a0009e007800f0b32000808040002e40900053
:10e6b0000041eb00fec50200010000001e0f4000fb
:10e6c0000080fa00000006000600fa00100798001b
:10e6d0002107980041e22a00f0b32000b0f10200c7
:10e6e00001000000000f78009e007800f0b32000c9
:10e6f00000804000d1e22a00b0f1020001000000d9
:10e700001e0f40009e007800f0b320008080400083
:10e71000d095800030c40200010000001e0f4000b0
:10e720009e007800f0b320000080400041e32a0002
:10e73000b0f10200010000001e0f40009e007800b2
:10e74000f0b320000081400090958000a1958000ea
:10e75000000078008200780030c402000100000050
:10e760001e0f40009e007800f0b3200000804000a3
:10e77000b1e32a00b0f10200010000001e0f4000ca
:10e780009e007800f0b3200080804000b0958000ab
:10e7900030c40200010000001e0f40009e007800ff
:10e7a000f0b320000080400031e42a00b0f1020004
:10e7b000010000001e0f40009e007800f0b3200012
:10e7c00080804000c095800030c40200010000003d
:10e7d0001e0f40009e007800f0b320000080400033
:10e7e000b1e42a00b0f10200010000001e0f400059
:10e7f0009e007800f0b3200080804000a09680004a
:10e8000030c40200010000001e0f40009e0078008e
:10e81000f0b320000080400031e52a00b0f1020092
:10e82000010000001e0f40009e007800f0b32000a1
:10e8300000814000609680007196800000007800a2
:10e840008200780030c40200010000001e0f40006a
:10e850009e007800f0b3200000804000a1e52a006f
:10e86000b0f10200010000001e0f40009e00780081
:10e87000f0b32000808040008096800030c4020009
:10e88000010000001e0f40009e007800f0b3200041
:10e890000080400021e62a00b0f1020001000000e3
:10e8a0001e0f40009e007800f0b3200080804000e2
:10e8b0009096800030c40200010000001e0f40004e
:10e8c0000080fa00000006000400fa00000f780043
:10e8d00011079800f0b3200016410200010000006b
:10e8e0000080fa00000006000600fa0010079800f9
:10e8f00021079800a1e62a00f0b32000b0f1020041
:10e9000001000000000f78009e007800f0b32000a6
:10e910000080400031e72a00b0f102000100000051
:10e920001e0f40009e007800f0b320008080400061
:10e9300080bb21001040780012c0b300fec5020069
:10e94000010000001e0f40009e007800f0b3200080
:10e9500000804000d1e72a00b0f102000100000071
:10e960001e0f40009e007800f0b3200000814000a0
:10e97000b0068100c10681000000780082007800a6
:10e9800030c40200010000001e0f40009e0078000d
:10e99000f0b320000080400041e82a00b0f10200fe
:10e9a000010000001e0f40009e007800f0b3200020
:10e9b00080804000204981004500de006740600003
:10e9c00012c0b300fec50200010000001e0f40008f
:10e9d0009e007800f0b3200000804000c1e82a00cb
:10e9e000b0f10200010000001e0f40009e00780000
:10e9f000f0b320008080400050d820001040780004
:10ea000012c0b300fec50200010000001e0f40004e
:10ea100050d72000104078000004e00008003200c9
:10ea20009e007800f0b320000080400081e92a00b9
:10ea3000b0f10200010000001e0f40000700370087
:10ea40009e007800f0b320000080400021ea2a00f8
:10ea5000b0f10200010000001e0f40009e0078008f
:10ea6000f0b3200000804000c1ea2a00b0f10200ab
:10ea7000010000001e0f40009e007800f0b320004f
:10ea800080804000801f22001000780061406000fc
:10ea900012c0b300fec50200010000001e0f4000be
:10eaa0009e007800f0b3200000804000a1eb2a0017
:10eab000b0f10200010000001e0f40009e0078002f
:10eac000f0b3200080804000801f220010007800fa
:10ead0000000d1006140600012c0b300fec502001a
:10eae000010000001e0f40009e007800f0b32000df
:10eaf0000080400081ec2a00b0f10200010000001b
:10eb00001e0f4000801f2200704090000004e000b3
:10eb100007003200801f2200704090008040780083
:10eb2000f0b320001e0040000148780004003700c8
:10eb3000f0b320001e004000a1c7b30001487800d8
:10eb40001e0fe800f0b320001e0040008040eb00e4
:10eb5000014878000080fa00000006001400fa0066
:10eb600070079800010f98002257980003003700a3
:10eb70007e0090000000e800700798007e00900082
:10eb8000104078000004e0000a0032007e0090008f
:10eb90009040780000c2b30080cf5000f4ff3a00ec
:10eba000050037007e0090000000e8007007980024
:10ebb00001003700000000007e00900090407800c7
:10ebc00000c2b30080cf5000f6ff32007e009000fc
:10ebd000104078000004e000900032000e80e80051
:10ebe000720020008000eb00f20402000000000030
:10ebf0000040eb00104f9800e90047000e80e8004d
:10ec0000630040008101780000017800f1c2b30088
:10ec10007e009000dcf30200010000000000e00034
:10ec20007e0032001e4890000000fb000000e8005b
:10ec3000fe0090000080400070079800e900470047
:10ec40006a0047008101780000017800f1c2b3003a
:10ec50007e009000dcf30200010000000000e000f4
:10ec60006e0032002e489000604798001e489000c9
:10ec70000000fb000000e800fe0090000080400063
:10ec800070079800e90047000e80e8006600400029
:10ec9000810178000001780001c2b3007e0090007d
:10eca000dcf30200010000000000e0005b00320025
:10ecb0001e4890000000fb00fe0090000080400015
:10ecc00070079800030037007e0090000000e80005
:10ecd000700798007e0090009040780000c2b3005a
:10ece00080cf5000f8ff3200e90047000e80e800b6
:10ecf0008101780000017800a1c3b3007e0090007c
:10ed0000dcf30200010000000000e00043003200dc
:10ed10001e4890000000fb000000e800fe0090008c
:10ed20000080400070079800e90047000e80e8006e
:10ed30000000e8008101780000017800a1c3b30061
:10ed40007e009000dcf30200010000000000e00003
:10ed5000320032001e4890000000fb000000e80076
:10ed6000fe0090000080400070079800e900470016
:10ed70000e80e8000080e800810178000001780042
:10ed800001c2b3007e009000dcf30200010000002d
:10ed90000000e000210032002e5090000004e0004e
:10eda000060032005e409000204f98000e48900010
:10edb000504798002e489000004f98006b00470085
:10edc000130020000001780021ed2a007e00900051
:10edd000ad2c07000000e000060032003e48900025
:10ede0008040780000cdb30000c04000204f980064
:10edf0000200370000c0eb00204f98002e48900022
:10ee0000704798000e80e8001cb20200010000006c
:10ee1000e00421006eb10200010000002e509000bd
:10ee20000004e0003f003a0060aa22001040780091
:10ee30000004e0003b003a00e00421006eb1020053
:10ee40000100000071ed2a00f0b32000b0f10200d3
:10ee500001000000000f78009e007800f0b3200051
:10ee60000080400080007800e0042100a2ee07004e
:10ee70000080fb001e0f40009e007800f0b32000d1
:10ee80000080400021ed2a00b0f1020001000000e6
:10ee90001e0f40009e007800f0b3200080804000ec
:10eea000300521001040780012c0b300fec50200fa
:10eeb000010000001e0f40009e007800f0b320000b
:10eec00000804000d1ed2a00b0f1020001000000f6
:10eed0001e0f40009e007800f0b3200080804000ac
:10eee00030052100104078000000fb0012002000d7
:10eef0000010dd000040780012c0b300fec5020023
:10ef0000010000001e0f40009e007800f0b32000ba
:10ef10000080400041ee2a00b0f102000100000034
:10ef20001e0f40000080fa00000006001000fa00ea
:10ef300060079800710798006400470013002000e4
:10ef40000001780041c82a006e0090004e2c070096
:10ef50000000e00005003200640047001ec302000c
:10ef600001000000004f7800020037000040eb0075
:10ef7000004f780061ee2a00f0b32000b0f10200eb
:10ef800001000000100798009e009000f0b32000e0
:10ef9000008040000041eb00800078001e407800b7
:10efa000fec50200010000009e00900000804000ad
:10efb000100798001e4078000004e00007003200af
:10efc000a0d52000e1c1b3000148780000c5b3001e
:10efd00094d602000100000003003700a0d52000f5
:10efe0008040eb00014878000080fa000000060035
:10eff000ca00fa0030a7980041a798000040eb0033
:10f00000104798000040eb0040c799006900470096
:10f01000330020000001780021ef2a003ea090007c
:10f02000192c07000000e000080032009e48900004
:10f0300010c3b30080cf500004003a006f004700b7
:10f04000cea09000cf150700cc153700690047000f
:10f05000430020000001780091ef2a003ea09000bc
:10f06000092c07000000e00008003200690047009a
:10f0700042c80200010000000180200080487800a2
:10f0800000c5b30094d602000100000069004700eb
:10f090004300200000017800e1ef2a003ea090002c
:10f0a000f92b07000000e00008003200690047006b
:10f0b00042c8020001000000118020008048780052
:10f0c00000c5b30094d60200010000000040eb0030
:10f0d000004f7800690047003300200000017800ed
:10f0e00031f02a003ea09000e72b07000000e0006e
:10f0f00089033200690047001ec3020001000000be
:10f10000004f9800b0d52000104078000080fb0030
:10f110000000e8000000e00022003500b0d520002b
:10f12000104078000080fb008000e80040062000ce
:10f13000808f50001b003c009e489000b0c2b3007e
:10f1400080cf500017003a00b0d520001040780062
:10f150008040e800b0d520000148780085d1220029
:10f16000a4d12200b3d5200012c0b300f1012000c9
:10f1700000cab30044ae02000100000085d12200a5
:10f18000a4d12200b3d5200012c0b300f1012000a9
:10f1900000cab30054af02000100000010c0b30069
:10f1a000004f7800b0d52000104078000080fb00b0
:10f1b0000000e9000000e00022003500b0d520008a
:10f1c000104078000080fb008000e900400620002d
:10f1d000808f50001b003c009e489000d0c2b300be
:10f1e00080cf500017003a00b0d5200010407800c2
:10f1f0008040e900b0d520000148780085d1220088
:10f20000a4d12200b3d5200012c0b300f101200028
:10f2100000cab30044ae02000100000085d1220004
:10f22000a4d12200b3d5200012c0b300f101200008
:10f2300000cab30054af02000100000010c0b300c8
:10f24000004f78008e48900040c6b30080cf500039
:10f2500039033e00b0d52000904078000e48900061
:10f2600080cf5000340332009e489000b0c2b300fb
:10f2700080cf5000300332009e489000d0c2b300cf
:10f2800080cf50002c0332008e489000b0d5200073
:10f290000148780085d12200a4d12200b3d52000f6
:10f2a00012c0b300f101200000cab30044ae020056
:10f2b0000100000085d12200a4d12200b3d5200096
:10f2c00012c0b300f101200000cab30054af020025
:10f2d0000100000010c0b300004f78000040eb00b8
:10f2e000204798008e48900021479800ae4090003b
:10f2f00020c5b30080cf5000fe013e002e4090009c
:10f300000004e00002003a00a0cbb30030c799002f
:10f310002e409000e14f500002003a0020cab30096
:10f3200030c799002e409000e24f500002003a0092
:10f3300000cab30030c799002e409000e34f500040
:10f3400002003a00e0c9b30030c799002e40900097
:10f35000e44f500002003a00c0c9b30030c7990022
:10f360002e409000e54f500002003a00a0c9b300c3
:10f3700030c799002e409000e64f500002003a003e
:10f3800080c9b30030c799002e409000e74f50006d
:10f3900002003a0060c9b30030c799002e409000c7
:10f3a000e84f500002003a0040c9b30030c799004e
:10f3b0002e409000e94f500002003a0020c9b300ef
:10f3c00030c799002e409000ea4f500002003a00ea
:10f3d00000c9b30030c799002e409000eb4f500099
:10f3e00002003a00e0c8b30030c799002e409000f8
:10f3f000ec4f500002003a00c0c8b30030c799007b
:10f400002e409000ed4f500002003a00a0c8b3001b
:10f4100030c799002e409000ee4f500002003a0095
:10f4200080c8b30030c799002e409000ef4f5000c5
:10f4300002003a0060c8b30030c799002e40900027
:10f44000f04f500002003a0040c8b30030c79900a6
:10f450002e409000f14f500002003a0020c8b30047
:10f4600030c799002e409000f24f500002003a0041
:10f4700000c8b30030c799002e409000f34f5000f1
:10f4800002003a00e0c7b30030c799002e40900058
:10f49000f44f500002003a00c0c7b30030c79900d3
:10f4a0002e409000f54f500002003a00a0c7b30074
:10f4b00030c799002e409000f64f500002003a00ed
:10f4c00080c7b30030c799002e409000f74f50001e
:10f4d00002003a0060c7b30030c799002e40900088
:10f4e000f84f500002003a0040c7b30030c79900ff
:10f4f0002e409000f94f500002003a0020c7b300a0
:10f5000030c799002e409000fa4f500002003a0098
:10f5100000c7b30030c799002e409000fb4f500049
:10f5200002003a00e0c6b30030c799002e409000b8
:10f53000fc4f500002003a00c0c6b30030c799002b
:10f540002e409000fd4f500002003a00a0c6b300cc
:10f5500030c799002e409000fe4f500002003a0044
:10f5600080c6b30030c799002e409000ff4f500076
:10f5700002003a0060c6b30030c79900ae40900068
:10f5800000c2b30080cf500002003a0040c6b30072
:10f5900030c79900ae40900010c2b30080cf500039
:10f5a00002003a0020c6b30030c79900ae40900078
:10f5b00020c2b30080cf500002003a0000c6b30062
:10f5c00030c79900ae40900030c2b30080cf5000e9
:10f5d00002003a00e0c5b30030c79900ae40900089
:10f5e00040c2b30080cf500002003a00c0c5b30053
:10f5f00030c79900ae40900050c2b30080cf500099
:10f6000002003a00a0c5b30030c79900ae40900098
:10f6100060c2b30080cf500002003a0080c5b30042
:10f6200030c79900ae40900070c2b30080cf500048
:10f6300002003a0060c5b30030c79900ae409000a8
:10f6400080c2b30080cf500002003a0040c5b30032
:10f6500030c79900ae40900090c2b30080cf5000f8
:10f6600002003a0020c5b30030c79900ae409000b8
:10f67000a0c2b30080cf500002003a0000c5b30022
:10f6800030c79900ae409000b0c2b30080cf5000a8
:10f6900002003a00e0c4b30030c79900ae409000c9
:10f6a000c0c2b30080cf500002003a00c0c4b30013
:10f6b00030c79900ae409000d0c2b30080cf500058
:10f6c00002003a00a0c4b30030c79900ae409000d9
:10f6d000e0c2b30080cf500002003a0080c4b30003
:10f6e00030c79900ae409000f0c2b30080cf500008
:10f6f00002003a0060c4b30030c79900ae409000e9
:10f7000000c3b30080cf500002003a0040c4b300f1
:10f7100030c79900ae40900010c3b30080cf5000b6
:10f7200002003a0020c4b30030c79900ae409000f8
:10f7300020c3b30080cf500002003a0000c4b300e1
:10f7400030c79900ae40900030c3b30080cf500066
:10f7500002003a00e0c3b30030c79900ae40900009
:10f7600040c3b30080cf500002003a00c0c3b300d2
:10f7700030c79900ae40900050c3b30080cf500016
:10f7800002003a00a0c3b30030c79900ae40900019
:10f7900060c3b30080cf500002003a0080c3b300c2
:10f7a00030c79900ae40900070c3b30080cf5000c6
:10f7b00002003a0060c3b30030c79900ae40900029
:10f7c00080c3b30080cf500002003a0040c3b300b2
:10f7d00030c79900ae40900090c3b30080cf500076
:10f7e00002003a0020c3b30030c79900ae40900039
:10f7f000a0c3b30080cf500002003a0000c3b300a2
:10f8000030c79900ae409000b0c3b30080cf500025
:10f8100002003a00e0c2b30030c79900ae40900049
:10f82000c0c3b30080cf500002003a00c0c2b30092
:10f8300030c79900ae409000d0c3b30080cf5000d5
:10f8400002003a00a0c2b30030c79900ae40900059
:10f85000e0c3b30080cf500002003a0080c2b30082
:10f8600030c79900ae409000f0c3b30080cf500085
:10f8700002003a0060c2b30030c79900ae40900069
:10f8800000c4b30080cf500002003a0040c2b30071
:10f8900030c79900ae40900010c4b30080cf500034
:10f8a00002003a0020c2b30030c79900ae40900079
:10f8b00020c4b30080cf500002003a0000c2b30061
:10f8c00030c79900ae40900030c4b30080cf5000e4
:10f8d00002003a00e0c1b30030c79900ae4090008a
:10f8e00040c4b30080cf500002003a00c0c1b30052
:10f8f00030c79900ae40900050c4b30080cf500094
:10f9000002003a00a0c1b30030c79900ae40900099
:10f9100060c4b30080cf500002003a0080c1b30041
:10f9200030c79900ae40900070c4b30080cf500043
:10f9300002003a0060c1b30030c79900ae409000a9
:10f9400080c4b30080cf500002003a0040c1b30031
:10f9500030c79900ae40900090c4b30080cf5000f3
:10f9600002003a0020c1b30030c79900ae409000b9
:10f97000a0c4b30080cf500002003a0000c1b30021
:10f9800030c79900ae409000b0c4b30080cf5000a3
:10f9900002003a00e0c0b30030c79900ae409000ca
:10f9a000c0c4b30080cf500002003a00c0c0b30012
:10f9b00030c79900ae409000d0c4b30080cf500053
:10f9c00002003a00a0c0b30030c79900ae409000da
:10f9d000e0c4b30080cf500002003a0080c0b30002
:10f9e00030c79900ae409000f0c4b30080cf500003
:10f9f00002003a0060c0b30030c79900ae409000ea
:10fa000000c5b30080cf500002003a0040c0b300f0
:10fa100030c79900ae40900010c5b30080cf5000b1
:10fa200002003a0020c0b30030c79900ae409000f9
:10fa300020c5b30080cf500002003a000040eb0028
:10fa400030c799003ec09100acc502000100000023
:10fa5000104798000040eb0040c79900300c200090
:10fa60000e00400085d12200a4d122008001780040
:10fa700012c0b300a140200000cab30044ae02008f
:10fa80000100000085d12200a4d1220063d620000d
:10fa900012c0b300a140200000cab30054af02005e
:10faa00001000000400c20000e00400085d1220023
:10fab000a4d122008001780012c0b300e1402000f0
:10fac00000cab30044ae02000100000085d122004c
:10fad000a4d12200a3d6200012c0b300e140200030
:10fae00000cab30054af02000100000010c0b30010
:10faf000004f7800ae40900020c5b30080cf50008a
:10fb000054003600ae40900080c5b30080cf500056
:10fb100050003e00ae40900030c5b30080cf500092
:10fb200002003a00a0c0b30030c79900ae40900078
:10fb300040c5b30080cf500002003a0080c0b3003f
:10fb400030c79900ae40900050c5b30080cf500040
:10fb500002003a0060c0b30030c79900ae40900088
:10fb600060c5b30080cf500002003a0040c0b3002f
:10fb700030c79900ae40900070c5b30080cf5000f0
:10fb800002003a0020c0b30030c79900ae40900098
:10fb900080c5b30080cf500002003a000040eb0067
:10fba00030c799003ec09100acc5020001000000c2
:10fbb0001047980000c2b30040c79900300c2000e5
:10fbc0000e00400085d12200a4d1220080017800df
:10fbd00012c0b300a140200000cab30044ae02002e
:10fbe0000100000085d12200a4d1220063d62000ac
:10fbf00012c0b300a140200000cab30054af0200fd
:10fc000001000000400c20000e00400085d12200c1
:10fc1000a4d122008001780012c0b300e14020008e
:10fc200000cab30044ae02000100000085d12200ea
:10fc3000a4d12200a3d6200012c0b300e1402000ce
:10fc400000cab30054af02000100000010c0b300ae
:10fc5000004f7800ae40900080c5b30080cf5000c8
:10fc600054003600ae409000e0c5b30080cf500095
:10fc700050003e00ae40900090c5b30080cf5000d1
:10fc800002003a00a0c0b30030c79900ae40900017
:10fc9000a0c5b30080cf500002003a0080c0b3007e
:10fca00030c79900ae409000b0c5b30080cf50007f
:10fcb00002003a0060c0b30030c79900ae40900027
:10fcc000c0c5b30080cf500002003a0040c0b3006e
:10fcd00030c79900ae409000d0c5b30080cf50002f
:10fce00002003a0020c0b30030c79900ae40900037
:10fcf000e0c5b30080cf500002003a000040eb00a6
:10fd000030c799003ec09100acc502000100000060
:10fd10001047980000c4b30040c79900300c200081
:10fd20000e00400085d12200a4d12200800178007d
:10fd300012c0b300a140200000cab30044ae0200cc
:10fd40000100000085d12200a4d1220063d620004a
:10fd500012c0b300a140200000cab30054af02009b
:10fd600001000000400c20000e00400085d1220060
:10fd7000a4d122008001780012c0b300e14020002d
:10fd800000cab30044ae02000100000085d1220089
:10fd9000a4d12200a3d6200012c0b300e14020006d
:10fda00000cab30054af02000100000010c0b3004d
:10fdb000004f7800ae409000e0c5b30080cf500007
:10fdc0005d003600ae40900040c6b30080cf5000ca
:10fdd00059003e00ae409000f0c5b30080cf500007
:10fde00002003a00a0c0b30030c79900ae409000b6
:10fdf00000c6b30080cf500002003a0080c0b300bc
:10fe000030c79900ae40900010c6b30080cf5000bc
:10fe100002003a0060c0b30030c79900ae409000c5
:10fe200020c6b30080cf500002003a0040c0b300ab
:10fe300030c79900ae40900030c6b30080cf50006c
:10fe400002003a0020c0b30030c79900ae409000d5
:10fe500040c6b30080cf500002003a000040eb00e3
:10fe600030c799003ec09100acc5020001000000ff
:10fe70001047980000c6b30040c79900300c20001e
:10fe80000e00400085d12200a4d12200800178001c
:10fe900012c0b300a140200000cab30044ae02006b
:10fea0000100000085d12200a4d1220063d62000e9
:10feb00012c0b300a140200000cab30054af02003a
:10fec00001000000400c20000e00400085d12200ff
:10fed000a4d122008001780012c0b300e1402000cc
:10fee00000cab30044ae02000100000085d1220028
:10fef000a4d12200a3d6200012c0b300e14020000c
:10ff000000cab30054af02000100000010c0b300eb
:10ff1000004f78000800370085d12200a4d12200cc
:10ff2000b3d5200012c0b300f101200000cab30015
:10ff300054af0200010000006900470033002000b8
:10ff40000001780081f02a003ea090004e280700b2
:10ff50000000e00089033200690047001ec3020070
:10ff600001000000004f9800d0d52000104078001c
:10ff70000080fb000000e8000000e00022003500e7
:10ff8000d0d52000104078000080fb008000e80001
:10ff900040062000808f50001b003c009e489000cf
:10ffa000b0c2b30080cf500017003a00d0d5200077
:10ffb000104078008040e800d0d52000014878004b
:10ffc00085d12200a4d12200d3d5200012c0b300d5
:10ffd0001102200000cab30044ae0200010000007c
:10ffe00085d12200a4d12200d3d5200012c0b300b5
:10fff0001102200000cab30054af0200010000004b
:020000040001f9
:1000000010c0b300004f7800d0d520001040780019
:100010000080fb000000e9000000e0002200350045
:10002000d0d52000104078000080fb008000e9005f
:1000300040062000808f50001b003c009e4890002e
:10004000d0c2b30080cf500017003a00d0d52000b6
:10005000104078008040e900d0d5200001487800a9
:1000600085d12200a4d12200d3d5200012c0b30034
:100070001102200000cab30044ae020001000000db
:1000800085d12200a4d12200d3d5200012c0b30014
:100090001102200000cab30054af020001000000aa
:1000a00010c0b300004f78008e48900040c6b300e7
:1000b00080cf500039033e00d0d52000904078001a
:1000c0000e48900080cf5000340332009e489000cc
:1000d000b0c2b30080cf5000300332009e48900081
:1000e000d0c2b30080cf50002c0332008e48900065
:1000f000d0d520000148780085d12200a4d122006b
:10010000d3d5200012c0b3001102200000cab300f2
:1001100044ae02000100000085d12200a4d12200db
:10012000d3d5200012c0b3001102200000cab300d2
:1001300054af02000100000010c0b300004f78006f
:100140000040eb00304798008e48900031479800ff
:10015000be40900020c5b30080cf5000fe013e009d
:100160003e4090000004e00002003a00a0cbb30043
:1001700030c799003e409000e14f500002003a0025
:1001800020cab30030c799003e409000e24f5000b3
:1001900002003a0000cab30030c799003e40900008
:1001a000e34f500002003a00e0c9b30030c79900a5
:1001b0003e409000e44f500002003a00c0c9b30036
:1001c00030c799003e409000e54f500002003a00d1
:1001d000a0c9b30030c799003e409000e64f5000e0
:1001e00002003a0080c9b30030c799003e40900039
:1001f000e74f500002003a0060c9b30030c79900d1
:100200003e409000e84f500002003a0040c9b30061
:1002100030c799003e409000e94f500002003a007c
:1002200020c9b30030c799003e409000ea4f50000b
:1002300002003a0000c9b30030c799003e40900068
:10024000eb4f500002003a00e0c8b30030c79900fd
:100250003e409000ec4f500002003a00c0c8b3008e
:1002600030c799003e409000ed4f500002003a0028
:10027000a0c8b30030c799003e409000ee4f500038
:1002800002003a0080c8b30030c799003e40900099
:10029000ef4f500002003a0060c8b30030c7990029
:1002a0003e409000f04f500002003a0040c8b300ba
:1002b00030c799003e409000f14f500002003a00d4
:1002c00020c8b30030c799003e409000f24f500064
:1002d00002003a0000c8b30030c799003e409000c9
:1002e000f34f500002003a00e0c7b30030c7990056
:1002f0003e409000f44f500002003a00c0c7b300e7
:1003000030c799003e409000f54f500002003a007f
:10031000a0c7b30030c799003e409000f64f500090
:1003200002003a0080c7b30030c799003e409000f9
:10033000f74f500002003a0060c7b30030c7990081
:100340003e409000f84f500002003a0040c7b30012
:1003500030c799003e409000f94f500002003a002b
:1003600020c7b30030c799003e409000fa4f5000bc
:1003700002003a0000c7b30030c799003e40900029
:10038000fb4f500002003a00e0c6b30030c79900ae
:100390003e409000fc4f500002003a00c0c6b3003f
:1003a00030c799003e409000fd4f500002003a00d7
:1003b000a0c6b30030c799003e409000fe4f5000e9
:1003c00002003a0080c6b30030c799003e4090005a
:1003d000ff4f500002003a0060c6b30030c79900da
:1003e000be40900000c2b30080cf500002003a002f
:1003f00040c6b30030c79900be40900010c2b300a1
:1004000080cf500002003a0020c6b30030c79900e8
:10041000be40900020c2b30080cf500002003a00de
:1004200000c6b30030c79900be40900030c2b30090
:1004300080cf500002003a00e0c5b30030c79900f9
:10044000be40900040c2b30080cf500002003a008e
:10045000c0c5b30030c79900be40900050c2b30081
:1004600080cf500002003a00a0c5b30030c7990009
:10047000be40900060c2b30080cf500002003a003e
:1004800080c5b30030c79900be40900070c2b30071
:1004900080cf500002003a0060c5b30030c7990019
:1004a000be40900080c2b30080cf500002003a00ee
:1004b00040c5b30030c79900be40900090c2b30061
:1004c00080cf500002003a0020c5b30030c7990029
:1004d000be409000a0c2b30080cf500002003a009e
:1004e00000c5b30030c79900be409000b0c2b30051
:1004f00080cf500002003a00e0c4b30030c799003a
:10050000be409000c0c2b30080cf500002003a004d
:10051000c0c4b30030c79900be409000d0c2b30041
:1005200080cf500002003a00a0c4b30030c7990049
:10053000be409000e0c2b30080cf500002003a00fd
:1005400080c4b30030c79900be409000f0c2b30031
:1005500080cf500002003a0060c4b30030c7990059
:10056000be40900000c3b30080cf500002003a00ac
:1005700040c4b30030c79900be40900010c3b30020
:1005800080cf500002003a0020c4b30030c7990069
:10059000be40900020c3b30080cf500002003a005c
:1005a00000c4b30030c79900be40900030c3b30010
:1005b00080cf500002003a00e0c3b30030c799007a
:1005c000be40900040c3b30080cf500002003a000c
:1005d000c0c3b30030c79900be40900050c3b30001
:1005e00080cf500002003a00a0c3b30030c799008a
:1005f000be40900060c3b30080cf500002003a00bc
:1006000080c3b30030c79900be40900070c3b300f0
:1006100080cf500002003a0060c3b30030c7990099
:10062000be40900080c3b30080cf500002003a006b
:1006300040c3b30030c79900be40900090c3b300e0
:1006400080cf500002003a0020c3b30030c79900a9
:10065000be409000a0c3b30080cf500002003a001b
:1006600000c3b30030c79900be409000b0c3b300d0
:1006700080cf500002003a00e0c2b30030c79900ba
:10068000be409000c0c3b30080cf500002003a00cb
:10069000c0c2b30030c79900be409000d0c3b300c1
:1006a00080cf500002003a00a0c2b30030c79900ca
:1006b000be409000e0c3b30080cf500002003a007b
:1006c00080c2b30030c79900be409000f0c3b300b1
:1006d00080cf500002003a0060c2b30030c79900da
:1006e000be40900000c4b30080cf500002003a002a
:1006f00040c2b30030c79900be40900010c4b300a0
:1007000080cf500002003a0020c2b30030c79900e9
:10071000be40900020c4b30080cf500002003a00d9
:1007200000c2b30030c79900be40900030c4b3008f
:1007300080cf500002003a00e0c1b30030c79900fa
:10074000be40900040c4b30080cf500002003a0089
:10075000c0c1b30030c79900be40900050c4b30080
:1007600080cf500002003a00a0c1b30030c799000a
:10077000be40900060c4b30080cf500002003a0039
:1007800080c1b30030c79900be40900070c4b30070
:1007900080cf500002003a0060c1b30030c799001a
:1007a000be40900080c4b30080cf500002003a00e9
:1007b00040c1b30030c79900be40900090c4b30060
:1007c00080cf500002003a0020c1b30030c799002a
:1007d000be409000a0c4b30080cf500002003a0099
:1007e00000c1b30030c79900be409000b0c4b30050
:1007f00080cf500002003a00e0c0b30030c799003b
:10080000be409000c0c4b30080cf500002003a0048
:10081000c0c0b30030c79900be409000d0c4b30040
:1008200080cf500002003a00a0c0b30030c799004a
:10083000be409000e0c4b30080cf500002003a00f8
:1008400080c0b30030c79900be409000f0c4b30030
:1008500080cf500002003a0060c0b30030c799005a
:10086000be40900000c5b30080cf500002003a00a7
:1008700040c0b30030c79900be40900010c5b3001f
:1008800080cf500002003a0020c0b30030c799006a
:10089000be40900020c5b30080cf500002003a0057
:1008a0000040eb0030c799003ec09100acc502008b
:1008b00001000000104798000040eb0040c799007d
:1008c000300c20000e00400085d12200a4d122006f
:1008d0008001780012c0b300c140200000cab300fc
:1008e00044ae02000100000085d12200a4d1220004
:1008f00083d6200012c0b300c140200000cab3005c
:1009000054af020001000000400c20000e00400027
:1009100085d12200a4d122008001780012c0b3004a
:100920000141200000cab30044ae020001000000f3
:1009300085d12200a4d12200c3d6200012c0b3006a
:100940000141200000cab30054af020001000000c2
:1009500010c0b300004f7800be40900020c5b30027
:1009600080cf500054003600be40900080c5b300d8
:1009700080cf500050003e00be40900030c5b30014
:1009800080cf500002003a00a0c0b30030c79900e9
:10099000be40900040c5b30080cf500002003a0036
:1009a00080c0b30030c79900be40900050c5b3006e
:1009b00080cf500002003a0060c0b30030c79900f9
:1009c000be40900060c5b30080cf500002003a00e6
:1009d00040c0b30030c79900be40900070c5b3005e
:1009e00080cf500002003a0020c0b30030c7990009
:1009f000be40900080c5b30080cf500002003a0096
:100a00000040eb0030c799003ec09100acc5020029
:100a1000010000001047980000c2b30040c79900d1
:100a2000300c20000e00400085d12200a4d122000d
:100a30008001780012c0b300c140200000cab3009a
:100a400044ae02000100000085d12200a4d12200a2
:100a500083d6200012c0b300c140200000cab300fa
:100a600054af020001000000400c20000e004000c6
:100a700085d12200a4d122008001780012c0b300e9
:100a80000141200000cab30044ae02000100000092
:100a900085d12200a4d12200c3d6200012c0b30009
:100aa0000141200000cab30054af02000100000061
:100ab00010c0b300004f7800be40900080c5b30066
:100ac00080cf500054003600be409000e0c5b30017
:100ad00080cf500050003e00be40900090c5b30053
:100ae00080cf500002003a00a0c0b30030c7990088
:100af000be409000a0c5b30080cf500002003a0075
:100b000080c0b30030c79900be409000b0c5b300ac
:100b100080cf500002003a0060c0b30030c7990097
:100b2000be409000c0c5b30080cf500002003a0024
:100b300040c0b30030c79900be409000d0c5b3009c
:100b400080cf500002003a0020c0b30030c79900a7
:100b5000be409000e0c5b30080cf500002003a00d4
:100b60000040eb0030c799003ec09100acc50200c8
:100b7000010000001047980000c4b30040c799006e
:100b8000300c20000e00400085d12200a4d12200ac
:100b90008001780012c0b300c140200000cab30039
:100ba00044ae02000100000085d12200a4d1220041
:100bb00083d6200012c0b300c140200000cab30099
:100bc00054af020001000000400c20000e00400065
:100bd00085d12200a4d122008001780012c0b30088
:100be0000141200000cab30044ae02000100000031
:100bf00085d12200a4d12200c3d6200012c0b300a8
:100c00000141200000cab30054af020001000000ff
:100c100010c0b300004f7800be409000e0c5b300a4
:100c200080cf50005d003600be40900040c6b3004b
:100c300080cf500059003e00be409000f0c5b30088
:100c400080cf500002003a00a0c0b30030c7990026
:100c5000be40900000c6b30080cf500002003a00b2
:100c600080c0b30030c79900be40900010c6b300ea
:100c700080cf500002003a0060c0b30030c7990036
:100c8000be40900020c6b30080cf500002003a0062
:100c900040c0b30030c79900be40900030c6b300da
:100ca00080cf500002003a0020c0b30030c7990046
:100cb000be40900040c6b30080cf500002003a0012
:100cc0000040eb0030c799003ec09100acc5020067
:100cd000010000001047980000c6b30040c799000b
:100ce000300c20000e00400085d12200a4d122004b
:100cf0008001780012c0b300c140200000cab300d8
:100d000044ae02000100000085d12200a4d12200df
:100d100083d6200012c0b300c140200000cab30037
:100d200054af020001000000400c20000e00400003
:100d300085d12200a4d122008001780012c0b30026
:100d40000141200000cab30044ae020001000000cf
:100d500085d12200a4d12200c3d6200012c0b30046
:100d60000141200000cab30054af0200010000009e
:100d700010c0b300004f78000800370085d1220072
:100d8000a4d12200d3d5200012c0b300110220004c
:100d900000cab30054af0200010000006900470020
:100da0003300200000017800e1f02a003ea090000e
:100db000b52407000000e0007c0332006900470012
:100dc0001ec3020001000000004f9800f0d5200073
:100dd000104078000080fb000000e8000000e00008
:100de00022003500f0d52000104078000080fb0084
:100df0008000e80040062000808f50001b003c006f
:100e00009e489000b0c2b30080cf500017003a0057
:100e1000f0d52000104078008040e800f0d5200098
:100e20000148780085d12200a4d12200f3d520000a
:100e300012c0b3003102200000cab30044ae020069
:100e40000100000085d12200a4d12200f3d52000aa
:100e500012c0b3003102200000cab30054af020038
:100e60000100000010c0b300004f7800f0d5200052
:100e7000104078000080fb000000e9000000e00066
:100e800022003500f0d52000104078000080fb00e3
:100e90008000e90040062000808f50001b003c00cd
:100ea0009e489000d0c2b30080cf500017003a0097
:100eb000f0d52000104078008040e900f0d52000f7
:100ec0000148780085d12200a4d12200f3d520006a
:100ed00012c0b3003102200000cab30044ae0200c9
:100ee0000100000085d12200a4d12200f3d520000a
:100ef00012c0b3003102200000cab30054af020098
:100f00000100000010c0b300004f7800f0d52000b1
:100f1000904078000e48900080cf500023033200ac
:100f20009e489000b0c2b30080cf50001f03320033
:100f30009e489000d0c2b30080cf50001b03320007
:100f40008e489000f0d520000148780085d122001d
:100f5000a4d12200f3d5200012c0b300310220003a
:100f600000cab30044ae02000100000010c0b3008c
:100f7000004f78000040eb00404798008e489000fa
:100f800041479800ce40900020c5b30080cf50006c
:100f9000fe013e004e4090000004e00002003a00d6
:100fa000a0cbb30030c799004e409000e14f5000f5
:100fb00002003a0020cab30030c799004e409000aa
:100fc000e24f500002003a0000cab30030c7990057
:100fd0004e409000e34f500002003a00e0c9b300d9
:100fe00030c799004e409000e44f500002003a0094
:100ff000c0c9b30030c799004e409000e54f500083
:1010000002003a00a0c9b30030c799004e409000da
:10101000e64f500002003a0080c9b30030c7990083
:101020004e409000e74f500002003a0060c9b30004
:1010300030c799004e409000e84f500002003a003f
:1010400040c9b30030c799004e409000e94f5000ae
:1010500002003a0020c9b30030c799004e4090000a
:10106000ea4f500002003a0000c9b30030c79900af
:101070004e409000eb4f500002003a00e0c8b30031
:1010800030c799004e409000ec4f500002003a00eb
:10109000c0c8b30030c799004e409000ed4f5000db
:1010a00002003a00a0c8b30030c799004e4090003b
:1010b000ee4f500002003a0080c8b30030c79900dc
:1010c0004e409000ef4f500002003a0060c8b3005d
:1010d00030c799004e409000f04f500002003a0097
:1010e00040c8b30030c799004e409000f14f500007
:1010f00002003a0020c8b30030c799004e4090006b
:10110000f24f500002003a0000c8b30030c7990007
:101110004e409000f34f500002003a00e0c7b30089
:1011200030c799004e409000f44f500002003a0042
:10113000c0c7b30030c799004e409000f54f500033
:1011400002003a00a0c7b30030c799004e4090009b
:10115000f64f500002003a0080c7b30030c7990034
:101160004e409000f74f500002003a0060c7b300b5
:1011700030c799004e409000f84f500002003a00ee
:1011800040c7b30030c799004e409000f94f50005f
:1011900002003a0020c7b30030c799004e409000cb
:1011a000fa4f500002003a0000c7b30030c7990060
:1011b0004e409000fb4f500002003a00e0c6b300e2
:1011c00030c799004e409000fc4f500002003a009a
:1011d000c0c6b30030c799004e409000fd4f50008c
:1011e00002003a00a0c6b30030c799004e409000fc
:1011f000fe4f500002003a0080c6b30030c799008d
:101200004e409000ff4f500002003a0060c6b3000d
:1012100030c79900ce40900000c2b30080cf50008c
:1012200002003a0040c6b30030c79900ce4090009b
:1012300010c2b30080cf500002003a0020c6b300b5
:1012400030c79900ce40900020c2b30080cf50003c
:1012500002003a0000c6b30030c79900ce409000ab
:1012600030c2b30080cf500002003a00e0c5b300a6
:1012700030c79900ce40900040c2b30080cf5000ec
:1012800002003a00c0c5b30030c79900ce409000bc
:1012900050c2b30080cf500002003a00a0c5b30096
:1012a00030c79900ce40900060c2b30080cf50009c
:1012b00002003a0080c5b30030c79900ce409000cc
:1012c00070c2b30080cf500002003a0060c5b30086
:1012d00030c79900ce40900080c2b30080cf50004c
:1012e00002003a0040c5b30030c79900ce409000dc
:1012f00090c2b30080cf500002003a0020c5b30076
:1013000030c79900ce409000a0c2b30080cf5000fb
:1013100002003a0000c5b30030c79900ce409000eb
:10132000b0c2b30080cf500002003a00e0c4b30066
:1013300030c79900ce409000c0c2b30080cf5000ab
:1013400002003a00c0c4b30030c79900ce409000fc
:10135000d0c2b30080cf500002003a00a0c4b30056
:1013600030c79900ce409000e0c2b30080cf50005b
:1013700002003a0080c4b30030c79900ce4090000c
:10138000f0c2b30080cf500002003a0060c4b30046
:1013900030c79900ce40900000c3b30080cf50000a
:1013a00002003a0040c4b30030c79900ce4090001c
:1013b00010c3b30080cf500002003a0020c4b30035
:1013c00030c79900ce40900020c3b30080cf5000ba
:1013d00002003a0000c4b30030c79900ce4090002c
:1013e00030c3b30080cf500002003a00e0c3b30026
:1013f00030c79900ce40900040c3b30080cf50006a
:1014000002003a00c0c3b30030c79900ce4090003c
:1014100050c3b30080cf500002003a00a0c3b30015
:1014200030c79900ce40900060c3b30080cf500019
:1014300002003a0080c3b30030c79900ce4090004c
:1014400070c3b30080cf500002003a0060c3b30005
:1014500030c79900ce40900080c3b30080cf5000c9
:1014600002003a0040c3b30030c79900ce4090005c
:1014700090c3b30080cf500002003a0020c3b300f5
:1014800030c79900ce409000a0c3b30080cf500079
:1014900002003a0000c3b30030c79900ce4090006c
:1014a000b0c3b30080cf500002003a00e0c2b300e6
:1014b00030c79900ce409000c0c3b30080cf500029
:1014c00002003a00c0c2b30030c79900ce4090007d
:1014d000d0c3b30080cf500002003a00a0c2b300d6
:1014e00030c79900ce409000e0c3b30080cf5000d9
:1014f00002003a0080c2b30030c79900ce4090008d
:10150000f0c3b30080cf500002003a0060c2b300c5
:1015100030c79900ce40900000c4b30080cf500087
:1015200002003a0040c2b30030c79900ce4090009c
:1015300010c4b30080cf500002003a0020c2b300b4
:1015400030c79900ce40900020c4b30080cf500037
:1015500002003a0000c2b30030c79900ce409000ac
:1015600030c4b30080cf500002003a00e0c1b300a5
:1015700030c79900ce40900040c4b30080cf5000e7
:1015800002003a00c0c1b30030c79900ce409000bd
:1015900050c4b30080cf500002003a00a0c1b30095
:1015a00030c79900ce40900060c4b30080cf500097
:1015b00002003a0080c1b30030c79900ce409000cd
:1015c00070c4b30080cf500002003a0060c1b30085
:1015d00030c79900ce40900080c4b30080cf500047
:1015e00002003a0040c1b30030c79900ce409000dd
:1015f00090c4b30080cf500002003a0020c1b30075
:1016000030c79900ce409000a0c4b30080cf5000f6
:1016100002003a0000c1b30030c79900ce409000ec
:10162000b0c4b30080cf500002003a00e0c0b30065
:1016300030c79900ce409000c0c4b30080cf5000a6
:1016400002003a00c0c0b30030c79900ce409000fd
:10165000d0c4b30080cf500002003a00a0c0b30055
:1016600030c79900ce409000e0c4b30080cf500056
:1016700002003a0080c0b30030c79900ce4090000d
:10168000f0c4b30080cf500002003a0060c0b30045
:1016900030c79900ce40900000c5b30080cf500005
:1016a00002003a0040c0b30030c79900ce4090001d
:1016b00010c5b30080cf500002003a0020c0b30034
:1016c00030c79900ce40900020c5b30080cf5000b5
:1016d00002003a000040eb0030c799003ec0910084
:1016e000acc5020001000000104798000040eb006c
:1016f00040c79900300c20000e00400085d1220028
:10170000a4d122008001780012c0b30091402000d3
:1017100000cab30044ae02000100000085d12200df
:10172000a4d1220053d6200012c0b3009140200063
:1017300000cab30054af020001000000400c2000ba
:101740000e00400085d12200a4d122008001780043
:1017500012c0b300d140200000cab30044ae020062
:101760000100000085d12200a4d1220093d62000e0
:1017700012c0b300d140200000cab30054af020031
:101780000100000010c0b300004f7800ce40900070
:1017900020c5b30080cf500054003600ce409000ea
:1017a00080c5b30080cf500050003e00ce40900076
:1017b00030c5b30080cf500002003a00a0c0b30093
:1017c00030c79900ce40900040c5b30080cf500094
:1017d00002003a0080c0b30030c79900ce409000ac
:1017e00050c5b30080cf500002003a0060c0b30083
:1017f00030c79900ce40900060c5b30080cf500044
:1018000002003a0040c0b30030c79900ce409000bb
:1018100070c5b30080cf500002003a0020c0b30072
:1018200030c79900ce40900080c5b30080cf5000f3
:1018300002003a000040eb0030c799003ec0910022
:10184000acc50200010000001047980000c2b300c0
:1018500040c79900300c20000e00400085d12200c6
:10186000a4d122008001780012c0b3009140200072
:1018700000cab30044ae02000100000085d122007e
:10188000a4d1220053d6200012c0b3009140200002
:1018900000cab30054af020001000000400c200059
:1018a0000e00400085d12200a4d1220080017800e2
:1018b00012c0b300d140200000cab30044ae020001
:1018c0000100000085d12200a4d1220093d620007f
:1018d00012c0b300d140200000cab30054af0200d0
:1018e0000100000010c0b300004f7800ce4090000f
:1018f00080c5b30080cf500054003600ce40900029
:10190000e0c5b30080cf500050003e00ce409000b4
:1019100090c5b30080cf500002003a00a0c0b300d1
:1019200030c79900ce409000a0c5b30080cf5000d2
:1019300002003a0080c0b30030c79900ce4090004a
:10194000b0c5b30080cf500002003a0060c0b300c1
:1019500030c79900ce409000c0c5b30080cf500082
:1019600002003a0040c0b30030c79900ce4090005a
:10197000d0c5b30080cf500002003a0020c0b300b1
:1019800030c79900ce409000e0c5b30080cf500032
:1019900002003a000040eb0030c799003ec09100c1
:1019a000acc50200010000001047980000c4b3005d
:1019b00040c79900300c20000e00400085d1220065
:1019c000a4d122008001780012c0b3009140200011
:1019d00000cab30044ae02000100000085d122001d
:1019e000a4d1220053d6200012c0b30091402000a1
:1019f00000cab30054af020001000000400c2000f8
:101a00000e00400085d12200a4d122008001780080
:101a100012c0b300d140200000cab30044ae02009f
:101a20000100000085d12200a4d1220093d620001d
:101a300012c0b300d140200000cab30054af02006e
:101a40000100000010c0b300004f7800ce409000ad
:101a5000e0c5b30080cf500054003600ce40900067
:101a600040c6b30080cf500050003e00ce409000f2
:101a7000f0c5b30080cf500002003a00a0c0b30010
:101a800030c79900ce40900000c6b30080cf500010
:101a900002003a0080c0b30030c79900ce409000e9
:101aa00010c6b30080cf500002003a0060c0b300ff
:101ab00030c79900ce40900020c6b30080cf5000c0
:101ac00002003a0040c0b30030c79900ce409000f9
:101ad00030c6b30080cf500002003a0020c0b300ef
:101ae00030c79900ce40900040c6b30080cf500070
:101af00002003a000040eb0030c799003ec0910060
:101b0000acc50200010000001047980000c6b300f9
:101b100040c79900300c20000e00400085d1220003
:101b2000a4d122008001780012c0b30091402000af
:101b300000cab30044ae02000100000085d12200bb
:101b4000a4d1220053d6200012c0b300914020003f
:101b500000cab30054af020001000000400c200096
:101b60000e00400085d12200a4d12200800178001f
:101b700012c0b300d140200000cab30044ae02003e
:101b80000100000085d12200a4d1220093d62000bc
:101b900012c0b300d140200000cab30054af02000d
:101ba0000100000010c0b300004f780085d1220072
:101bb000a4d12200f3d5200012c0b30031022000ce
:101bc00000cab30054af02000100000069004700e2
:101bd000330020000001780031f12a003ea090007f
:101be000292107000000e00084033200690047005b
:101bf0001ec3020001000000004f980040d62000e4
:101c0000104078000080fb000000e8000000e000c9
:101c10002200350040d62000104078000080fb00f4
:101c20008000e80040062000808f50001b003c0030
:101c30009e489000b0c2b30080cf500017003a0019
:101c400040d62000104078008040e80040d62000b8
:101c50000148780085d12200a4d1220043d620007b
:101c600012c0b3008140200000cab30044ae02009d
:101c70000100000085d12200a4d1220043d620001b
:101c800012c0b3008140200000cab30054af02006c
:101c90000100000010c0b300004f780040d62000c3
:101ca000104078000080fb000000e9000000e00028
:101cb0002200350040d62000104078000080fb0054
:101cc0008000e90040062000808f50001b003c008f
:101cd0009e489000d0c2b30080cf500017003a0059
:101ce00040d62000104078008040e90040d6200017
:101cf0000148780085d12200a4d1220043d62000db
:101d000012c0b3008140200000cab30044ae0200fc
:101d10000100000085d12200a4d1220043d620007a
:101d200012c0b3008140200000cab30054af0200cb
:101d30000100000010c0b300004f780040d6200022
:101d4000904078000e48900080cf50002b03320066
:101d50009e489000b0c2b30080cf500027033200ed
:101d60009e489000d0c2b30080cf500023033200c1
:101d70008e48900040d620000148780085d122008e
:101d8000a4d1220043d6200012c0b300814020001d
:101d900000cab30044ae02000100000085d1220059
:101da000a4d1220043d6200012c0b30081402000fd
:101db00000cab30054af02000100000010c0b3001d
:101dc000004f78000040eb00504798008e4890008c
:101dd00051479800de40900020c5b30080cf5000ee
:101de000fe013e005e4090000004e00002003a0068
:101df000a0cbb30030c799005e409000e14f500087
:101e000002003a0020cab30030c799005e4090003b
:101e1000e24f500002003a0000cab30030c79900f8
:101e20005e409000e34f500002003a00e0c9b3006a
:101e300030c799005e409000e44f500002003a0025
:101e4000c0c9b30030c799005e409000e54f500014
:101e500002003a00a0c9b30030c799005e4090006c
:101e6000e64f500002003a0080c9b30030c7990025
:101e70005e409000e74f500002003a0060c9b30096
:101e800030c799005e409000e84f500002003a00d1
:101e900040c9b30030c799005e409000e94f500040
:101ea00002003a0020c9b30030c799005e4090009c
:101eb000ea4f500002003a0000c9b30030c7990051
:101ec0005e409000eb4f500002003a00e0c8b300c3
:101ed00030c799005e409000ec4f500002003a007d
:101ee000c0c8b30030c799005e409000ed4f50006d
:101ef00002003a00a0c8b30030c799005e409000cd
:101f0000ee4f500002003a0080c8b30030c799007d
:101f10005e409000ef4f500002003a0060c8b300ee
:101f200030c799005e409000f04f500002003a0028
:101f300040c8b30030c799005e409000f14f500098
:101f400002003a0020c8b30030c799005e409000fc
:101f5000f24f500002003a0000c8b30030c79900a9
:101f60005e409000f34f500002003a00e0c7b3001b
:101f700030c799005e409000f44f500002003a00d4
:101f8000c0c7b30030c799005e409000f54f5000c5
:101f900002003a00a0c7b30030c799005e4090002d
:101fa000f64f500002003a0080c7b30030c79900d6
:101fb0005e409000f74f500002003a0060c7b30047
:101fc00030c799005e409000f84f500002003a0080
:101fd00040c7b30030c799005e409000f94f5000f1
:101fe00002003a0020c7b30030c799005e4090005d
:101ff000fa4f500002003a0000c7b30030c7990002
:102000005e409000fb4f500002003a00e0c6b30073
:1020100030c799005e409000fc4f500002003a002b
:10202000c0c6b30030c799005e409000fd4f50001d
:1020300002003a00a0c6b30030c799005e4090008d
:10204000fe4f500002003a0080c6b30030c799002e
:102050005e409000ff4f500002003a0060c6b3009f
:1020600030c79900de40900000c2b30080cf50001e
:1020700002003a0040c6b30030c79900de4090002d
:1020800010c2b30080cf500002003a0020c6b30057
:1020900030c79900de40900020c2b30080cf5000ce
:1020a00002003a0000c6b30030c79900de4090003d
:1020b00030c2b30080cf500002003a00e0c5b30048
:1020c00030c79900de40900040c2b30080cf50007e
:1020d00002003a00c0c5b30030c79900de4090004e
:1020e00050c2b30080cf500002003a00a0c5b30038
:1020f00030c79900de40900060c2b30080cf50002e
:1021000002003a0080c5b30030c79900de4090005d
:1021100070c2b30080cf500002003a0060c5b30027
:1021200030c79900de40900080c2b30080cf5000dd
:1021300002003a0040c5b30030c79900de4090006d
:1021400090c2b30080cf500002003a0020c5b30017
:1021500030c79900de409000a0c2b30080cf50008d
:1021600002003a0000c5b30030c79900de4090007d
:10217000b0c2b30080cf500002003a00e0c4b30008
:1021800030c79900de409000c0c2b30080cf50003d
:1021900002003a00c0c4b30030c79900de4090008e
:1021a000d0c2b30080cf500002003a00a0c4b300f8
:1021b00030c79900de409000e0c2b30080cf5000ed
:1021c00002003a0080c4b30030c79900de4090009e
:1021d000f0c2b30080cf500002003a0060c4b300e8
:1021e00030c79900de40900000c3b30080cf50009c
:1021f00002003a0040c4b30030c79900de409000ae
:1022000010c3b30080cf500002003a0020c4b300d6
:1022100030c79900de40900020c3b30080cf50004b
:1022200002003a0000c4b30030c79900de409000bd
:1022300030c3b30080cf500002003a00e0c3b300c7
:1022400030c79900de40900040c3b30080cf5000fb
:1022500002003a00c0c3b30030c79900de409000ce
:1022600050c3b30080cf500002003a00a0c3b300b7
:1022700030c79900de40900060c3b30080cf5000ab
:1022800002003a0080c3b30030c79900de409000de
:1022900070c3b30080cf500002003a0060c3b300a7
:1022a00030c79900de40900080c3b30080cf50005b
:1022b00002003a0040c3b30030c79900de409000ee
:1022c00090c3b30080cf500002003a0020c3b30097
:1022d00030c79900de409000a0c3b30080cf50000b
:1022e00002003a0000c3b30030c79900de409000fe
:1022f000b0c3b30080cf500002003a00e0c2b30088
:1023000030c79900de409000c0c3b30080cf5000ba
:1023100002003a00c0c2b30030c79900de4090000e
:10232000d0c3b30080cf500002003a00a0c2b30077
:1023300030c79900de409000e0c3b30080cf50006a
:1023400002003a0080c2b30030c79900de4090001e
:10235000f0c3b30080cf500002003a0060c2b30067
:1023600030c79900de40900000c4b30080cf500019
:1023700002003a0040c2b30030c79900de4090002e
:1023800010c4b30080cf500002003a0020c2b30056
:1023900030c79900de40900020c4b30080cf5000c9
:1023a00002003a0000c2b30030c79900de4090003e
:1023b00030c4b30080cf500002003a00e0c1b30047
:1023c00030c79900de40900040c4b30080cf500079
:1023d00002003a00c0c1b30030c79900de4090004f
:1023e00050c4b30080cf500002003a00a0c1b30037
:1023f00030c79900de40900060c4b30080cf500029
:1024000002003a0080c1b30030c79900de4090005e
:1024100070c4b30080cf500002003a0060c1b30026
:1024200030c79900de40900080c4b30080cf5000d8
:1024300002003a0040c1b30030c79900de4090006e
:1024400090c4b30080cf500002003a0020c1b30016
:1024500030c79900de409000a0c4b30080cf500088
:1024600002003a0000c1b30030c79900de4090007e
:10247000b0c4b30080cf500002003a00e0c0b30007
:1024800030c79900de409000c0c4b30080cf500038
:1024900002003a00c0c0b30030c79900de4090008f
:1024a000d0c4b30080cf500002003a00a0c0b300f7
:1024b00030c79900de409000e0c4b30080cf5000e8
:1024c00002003a0080c0b30030c79900de4090009f
:1024d000f0c4b30080cf500002003a0060c0b300e7
:1024e00030c79900de40900000c5b30080cf500097
:1024f00002003a0040c0b30030c79900de409000af
:1025000010c5b30080cf500002003a0020c0b300d5
:1025100030c79900de40900020c5b30080cf500046
:1025200002003a000040eb0030c799003ec0910025
:10253000acc5020001000000104798000040eb000d
:1025400040c79900300c20000e00400085d12200c9
:10255000a4d122008001780012c0b300b140200055
:1025600000cab30044ae02000100000085d1220081
:10257000a4d1220073d6200012c0b300b1402000c5
:1025800000cab30054af020001000000400c20005c
:102590000e00400085d12200a4d1220080017800e5
:1025a00012c0b300f140200000cab30044ae0200e4
:1025b0000100000085d12200a4d12200b3d6200062
:1025c00012c0b300f140200000cab30054af0200b3
:1025d0000100000010c0b300004f7800de40900002
:1025e00020c5b30080cf500054003600de4090007c
:1025f00080c5b30080cf500050003e00de40900008
:1026000030c5b30080cf500002003a00a0c0b30034
:1026100030c79900de40900040c5b30080cf500025
:1026200002003a0080c0b30030c79900de4090003d
:1026300050c5b30080cf500002003a0060c0b30024
:1026400030c79900de40900060c5b30080cf5000d5
:1026500002003a0040c0b30030c79900de4090004d
:1026600070c5b30080cf500002003a0020c0b30014
:1026700030c79900de40900080c5b30080cf500085
:1026800002003a000040eb0030c799003ec09100c4
:10269000acc50200010000001047980000c2b30062
:1026a00040c79900300c20000e00400085d1220068
:1026b000a4d122008001780012c0b300b1402000f4
:1026c00000cab30044ae02000100000085d1220020
:1026d000a4d1220073d6200012c0b300b140200064
:1026e00000cab30054af020001000000400c2000fb
:1026f0000e00400085d12200a4d122008001780084
:1027000012c0b300f140200000cab30044ae020082
:102710000100000085d12200a4d12200b3d6200000
:1027200012c0b300f140200000cab30054af020051
:102730000100000010c0b300004f7800de409000a0
:1027400080c5b30080cf500054003600de409000ba
:10275000e0c5b30080cf500050003e00de40900046
:1027600090c5b30080cf500002003a00a0c0b30073
:1027700030c79900de409000a0c5b30080cf500064
:1027800002003a0080c0b30030c79900de409000dc
:10279000b0c5b30080cf500002003a0060c0b30063
:1027a00030c79900de409000c0c5b30080cf500014
:1027b00002003a0040c0b30030c79900de409000ec
:1027c000d0c5b30080cf500002003a0020c0b30053
:1027d00030c79900de409000e0c5b30080cf5000c4
:1027e00002003a000040eb0030c799003ec0910063
:1027f000acc50200010000001047980000c4b300ff
:1028000040c79900300c20000e00400085d1220006
:10281000a4d122008001780012c0b300b140200092
:1028200000cab30044ae02000100000085d12200be
:10283000a4d1220073d6200012c0b300b140200002
:1028400000cab30054af020001000000400c200099
:102850000e00400085d12200a4d122008001780022
:1028600012c0b300f140200000cab30044ae020021
:102870000100000085d12200a4d12200b3d620009f
:1028800012c0b300f140200000cab30054af0200f0
:102890000100000010c0b300004f7800de4090003f
:1028a000e0c5b30080cf500054003600de409000f9
:1028b00040c6b30080cf500050003e00de40900084
:1028c000f0c5b30080cf500002003a00a0c0b300b2
:1028d00030c79900de40900000c6b30080cf5000a2
:1028e00002003a0080c0b30030c79900de4090007b
:1028f00010c6b30080cf500002003a0060c0b300a1
:1029000030c79900de40900020c6b30080cf500051
:1029100002003a0040c0b30030c79900de4090008a
:1029200030c6b30080cf500002003a0020c0b30090
:1029300030c79900de40900040c6b30080cf500001
:1029400002003a000040eb0030c799003ec0910001
:10295000acc50200010000001047980000c6b3009b
:1029600040c79900300c20000e00400085d12200a5
:10297000a4d122008001780012c0b300b140200031
:1029800000cab30044ae02000100000085d122005d
:10299000a4d1220073d6200012c0b300b1402000a1
:1029a00000cab30054af020001000000400c200038
:1029b0000e00400085d12200a4d1220080017800c1
:1029c00012c0b300f140200000cab30044ae0200c0
:1029d0000100000085d12200a4d12200b3d620003e
:1029e00012c0b300f140200000cab30054af02008f
:1029f0000100000010c0b300004f780069004700dc
:102a0000330020000001780081f12a003ea09000f0
:102a10009d1d07000000e00026003200690047000d
:102a20001ec3020001000000004f98000e489000f5
:102a30000004e0001f0032000e489000ee4f5000ee
:102a40001c003e0000d62000904078000e48900008
:102a500080cf500017003200690047001ec30200fb
:102a60000100000001d620008048780085d12200b6
:102a7000a4d1220003d6200012c0b30051022000ce
:102a800000cab30044ae02000100000085d122005c
:102a9000a4d1220003d6200012c0b30051022000ae
:102aa00000cab30054af02000100000010c0b30020
:102ab000004f7800690047004300200000017800c3
:102ac000d1f12a003ea090006f1d07000000e00039
:102ad000040032006900470042c802000100000003
:102ae000004f980069004700430020000001780073
:102af00021f22a003ea09000631d07000000e000c4
:102b0000040032006900470042c8020001000000d2
:102b1000004f980069004700430020000001780042
:102b200071f22a003ea09000571d07000000e0004f
:102b3000040032006900470042c8020001000000a2
:102b4000004f980069004700430020000001780012
:102b5000c1f22a003ea090004b1d07000000e000db
:102b6000040032006900470042c802000100000072
:102b7000004f9800690047004300200000017800e2
:102b800021f32a003ea090003f1d07000000e00056
:102b9000040032006900470042c802000100000042
:102ba000004f9800690047004300200000017800b2
:102bb00081f32a003ea09000331d07000000e000d2
:102bc000040032006900470042c802000100000012
:102bd000004f980069004700430020000001780082
:102be000e1f32a003ea09000271d07000000e0004e
:102bf000040032006900470042c8020001000000e2
:102c0000004f980069004700430020000001780051
:102c100041f42a003ea090001b1d07000000e000c8
:102c2000040032006900470042c8020001000000b1
:102c3000004f980069004700430020000001780021
:102c4000b1f42a003ea090000f1d07000000e00034
:102c5000a70132006900470042c8020001000000dd
:102c6000004f98009e489000b0c2b30080cf500043
:102c7000bd003a00c0d520009040780040c3b300aa
:102c800080cf50003a003e00c0d520009040780030
:102c900000c2b30080cf5000350036001e407800df
:102ca0000004e00032003a00c0d5200090407800d7
:102cb00010c2b30080cf500016003a00c0d52000eb
:102cc00041c5b3000148780085d12200a4d122007b
:102cd000c3d5200012c0b3000102200000cab30017
:102ce00044ae02000100000085d12200a4d12200e0
:102cf000c3d5200012c0b3000102200000cab300f7
:102d000054af02000100000010c0b300004f780073
:102d100017003700c0d52000104078008040e9003f
:102d2000c0d520000148780085d12200a4d122001e
:102d3000c3d5200012c0b3000102200000cab300b6
:102d400044ae02000100000085d12200a4d122007f
:102d5000c3d5200012c0b3000102200000cab30096
:102d600054af02000100000010c0b300004f780013
:102d7000c0d520009040780040c5b30080cf5000ff
:102d80003a003e00c0d5200090407800a0c4b300b7
:102d900080cf5000350036001e4078000004e0006f
:102da00032003a00c0d5200090407800b0c4b30093
:102db00080cf500016003a00c0d5200041c7b300b4
:102dc0000148780085d12200a4d12200c3d520007b
:102dd00012c0b3000102200000cab30044ae0200da
:102de0000100000085d12200a4d12200c3d520001b
:102df00012c0b3000102200000cab30054af0200a9
:102e00000100000010c0b300004f78001700370029
:102e1000c0d52000104078008040e900c0d52000d7
:102e20000148780085d12200a4d12200c3d520001a
:102e300012c0b3000102200000cab30044ae020079
:102e40000100000085d12200a4d12200c3d52000ba
:102e500012c0b3000102200000cab30054af020048
:102e60000100000010c0b300004f7800c0d5200062
:102e70009040780040c7b30080cf50003a003e0039
:102e8000c0d5200090407800f0c5b30080cf50003e
:102e9000350036001e4078000004e00032003a00a1
:102ea000c0d520009040780000c6b30080cf50000d
:102eb00016003a00c0d5200001c6b30001487800d2
:102ec00085d12200a4d12200c3d5200012c0b300b6
:102ed0000102200000cab30044ae0200010000005d
:102ee00085d12200a4d12200c3d5200012c0b30096
:102ef0000102200000cab30054af0200010000002c
:102f000010c0b300004f780017003700c0d5200074
:102f1000104078008040e900c0d5200001487800ca
:102f200085d12200a4d12200c3d5200012c0b30055
:102f30000102200000cab30044ae020001000000fc
:102f400085d12200a4d12200c3d5200012c0b30035
:102f50000102200000cab30054af020001000000cb
:102f600010c0b300004f78009e489000d0c2b3005c
:102f700080cf5000bd003a00c0d5200090407800be
:102f800040c3b30080cf50003a003e00c0d52000bf
:102f90009040780000c2b30080cf5000350036006a
:102fa0001e4078000004e00032003a00c0d5200046
:102fb0009040780040c3b30080cf500016003a0024
:102fc000c0d5200041c3b3000148780085d122005c
:102fd000a4d12200c3d5200012c0b30001022000fa
:102fe00000cab30044ae02000100000085d12200f7
:102ff000a4d12200c3d5200012c0b30001022000da
:1030000000cab30054af02000100000010c0b300ba
:10301000004f780017003700c0d52000104078001e
:103020008040e800c0d520000148780085d122000a
:10303000a4d12200c3d5200012c0b3000102200099
:1030400000cab30044ae02000100000085d1220096
:10305000a4d12200c3d5200012c0b3000102200079
:1030600000cab30054af02000100000010c0b3005a
:10307000004f7800c0d520009040780040c5b300d4
:1030800080cf50003a003e00c0d52000904078002c
:10309000a0c4b30080cf5000350036001e40780039
:1030a0000004e00032003a00c0d5200090407800d3
:1030b00040c5b30080cf500016003a00c0d52000b4
:1030c00011c2b3000148780085d12200a4d12200aa
:1030d000c3d5200012c0b3000102200000cab30013
:1030e00044ae02000100000085d12200a4d12200dc
:1030f000c3d5200012c0b3000102200000cab300f3
:1031000054af02000100000010c0b300004f78006f
:1031100017003700c0d52000104078008040e8003c
:10312000c0d520000148780085d12200a4d122001a
:10313000c3d5200012c0b3000102200000cab300b2
:1031400044ae02000100000085d12200a4d122007b
:10315000c3d5200012c0b3000102200000cab30092
:1031600054af02000100000010c0b300004f78000f
:10317000c0d520009040780040c7b30080cf5000f9
:103180003a003e00c0d5200090407800f0c5b30062
:1031900080cf5000350036001e4078000004e0006b
:1031a00032003a00c0d520009040780040c7b300fc
:1031b00080cf500016003a00c0d52000b1c4b30043
:1031c0000148780085d12200a4d12200c3d5200077
:1031d00012c0b3000102200000cab30044ae0200d6
:1031e0000100000085d12200a4d12200c3d5200017
:1031f00012c0b3000102200000cab30054af0200a5
:103200000100000010c0b300004f78001700370025
:10321000c0d52000104078008040e800c0d52000d4
:103220000148780085d12200a4d12200c3d5200016
:1032300012c0b3000102200000cab30044ae020075
:103240000100000085d12200a4d12200c3d52000b6
:1032500012c0b3000102200000cab30054af020044
:103260000100000010c0b300004f78008e489000ad
:10327000c0d520001040780080cf500024003200dc
:103280009e489000b0c2b30080cf500020003200b2
:103290009e489000d0c2b30080cf50001c00320086
:1032a0006800470085d12200a4d122008001780067
:1032b00012c0b3000102200000cab30044ae0200f5
:1032c0000100000085d12200a4d12200c3d5200036
:1032d00012c0b3000102200000cab30054af0200c4
:1032e0000100000010c0b300004f78000800370054
:1032f00085d12200a4d12200c3d5200012c0b30082
:103300000102200000cab30054af02000100000017
:1033100069004700430020000001780011f52a00f1
:103320003ea09000581b07000000e000a7013200fb
:103330006900470042c8020001000000004f9800e9
:103340009e489000b0c2b30080cf5000bd003a004c
:10335000e0d520009040780040c3b30080cf5000fb
:103360003a003e00e0d520009040780000c2b30053
:1033700080cf5000350036001e4078000004e00089
:1033800032003a00e0d520009040780010c2b3002f
:1033900080cf500016003a00e0d5200041c5b300b0
:1033a0000148780085d12200a4d12200e3d5200075
:1033b00012c0b3002102200000cab30044ae0200d4
:1033c0000100000085d12200a4d12200e3d5200015
:1033d00012c0b3002102200000cab30054af0200a3
:1033e0000100000010c0b300004f78001700370044
:1033f000e0d52000104078008040e900e0d52000b2
:103400000148780085d12200a4d12200e3d5200014
:1034100012c0b3002102200000cab30044ae020073
:103420000100000085d12200a4d12200e3d52000b4
:1034300012c0b3002102200000cab30054af020042
:103440000100000010c0b300004f7800e0d520005c
:103450009040780040c5b30080cf50003a003e0055
:10346000e0d5200090407800a0c4b30080cf500089
:10347000350036001e4078000004e00032003a00bb
:10348000e0d5200090407800b0c4b30080cf500059
:1034900016003a00e0d5200041c7b300014878008b
:1034a00085d12200a4d12200e3d5200012c0b300b0
:1034b0002102200000cab30044ae02000100000057
:1034c00085d12200a4d12200e3d5200012c0b30090
:1034d0002102200000cab30054af02000100000026
:1034e00010c0b300004f780017003700e0d520006f
:1034f000104078008040e900e0d5200001487800c5
:1035000085d12200a4d12200e3d5200012c0b3004f
:103510002102200000cab30044ae020001000000f6
:1035200085d12200a4d12200e3d5200012c0b3002f
:103530002102200000cab30054af020001000000c5
:1035400010c0b300004f7800e0d520009040780014
:1035500040c7b30080cf50003a003e00e0d52000c5
:1035600090407800f0c5b30080cf500035003600a1
:103570001e4078000004e00032003a00e0d5200050
:103580009040780000c6b30080cf500016003a008b
:10359000e0d5200001c6b3000148780085d12200a3
:1035a000a4d12200e3d5200012c0b30021022000e4
:1035b00000cab30044ae02000100000085d1220021
:1035c000a4d12200e3d5200012c0b30021022000c4
:1035d00000cab30054af02000100000010c0b300e5
:1035e000004f780017003700e0d520001040780029
:1035f0008040e900e0d520000148780085d1220014
:10360000a4d12200e3d5200012c0b3002102200083
:1036100000cab30044ae02000100000085d12200c0
:10362000a4d12200e3d5200012c0b3002102200063
:1036300000cab30054af02000100000010c0b30084
:10364000004f78009e489000d0c2b30080cf500059
:10365000bd003a00e0d520009040780040c3b300a0
:1036600080cf50003a003e00e0d520009040780026
:1036700000c2b30080cf5000350036001e407800f5
:103680000004e00032003a00e0d5200090407800cd
:1036900040c3b30080cf500016003a00e0d52000b0
:1036a00041c3b3000148780085d12200a4d1220093
:1036b000e3d5200012c0b3002102200000cab300ed
:1036c00044ae02000100000085d12200a4d12200f6
:1036d000e3d5200012c0b3002102200000cab300cd
:1036e00054af02000100000010c0b300004f78008a
:1036f00017003700e0d52000104078008040e80037
:10370000e0d520000148780085d12200a4d1220014
:10371000e3d5200012c0b3002102200000cab3008c
:1037200044ae02000100000085d12200a4d1220095
:10373000e3d5200012c0b3002102200000cab3006c
:1037400054af02000100000010c0b300004f780029
:10375000e0d520009040780040c5b30080cf5000f5
:103760003a003e00e0d5200090407800a0c4b300ad
:1037700080cf5000350036001e4078000004e00085
:1037800032003a00e0d520009040780040c5b300f8
:1037900080cf500016003a00e0d5200011c2b300df
:1037a0000148780085d12200a4d12200e3d5200071
:1037b00012c0b3002102200000cab30044ae0200d0
:1037c0000100000085d12200a4d12200e3d5200011
:1037d00012c0b3002102200000cab30054af02009f
:1037e0000100000010c0b300004f78001700370040
:1037f000e0d52000104078008040e800e0d52000af
:103800000148780085d12200a4d12200e3d5200010
:1038100012c0b3002102200000cab30044ae02006f
:103820000100000085d12200a4d12200e3d52000b0
:1038300012c0b3002102200000cab30054af02003e
:103840000100000010c0b300004f7800e0d5200058
:103850009040780040c7b30080cf50003a003e004f
:10386000e0d5200090407800f0c5b30080cf500034
:10387000350036001e4078000004e00032003a00b7
:10388000e0d520009040780040c7b30080cf5000c2
:1038900016003a00e0d52000b1c4b300014878001a
:1038a00085d12200a4d12200e3d5200012c0b300ac
:1038b0002102200000cab30044ae02000100000053
:1038c00085d12200a4d12200e3d5200012c0b3008c
:1038d0002102200000cab30054af02000100000022
:1038e00010c0b300004f780017003700e0d520006b
:1038f000104078008040e800e0d5200001487800c2
:1039000085d12200a4d12200e3d5200012c0b3004b
:103910002102200000cab30044ae020001000000f2
:1039200085d12200a4d12200e3d5200012c0b3002b
:103930002102200000cab30054af020001000000c1
:1039400010c0b300004f78008e489000e0d52000f2
:103950001040780080cf5000240032009e48900034
:10396000b0c2b30080cf5000200032009e489000cb
:10397000d0c2b30080cf50001c0032006800470066
:1039800085d12200a4d122008001780012c0b300aa
:103990002102200000cab30044ae02000100000072
:1039a00085d12200a4d12200e3d5200012c0b300ab
:1039b0002102200000cab30054af02000100000041
:1039c00010c0b300004f78000800370085d12200f6
:1039d000a4d12200e3d5200012c0b30021022000b0
:1039e00000cab30054af02000100000069004700a4
:1039f000430020000001780081f52a003ea09000dd
:103a0000a11907000000e000a7013200690047008b
:103a100042c8020001000000004f98009e4890003c
:103a2000b0c2b30080cf5000bd003a00d0d6200015
:103a30009040780040c3b30080cf50003a003e0071
:103a4000d0d620009040780000c2b30080cf500054
:103a5000350036001e4078000004e00032003a00d5
:103a6000d0d620009040780010c2b30080cf500024
:103a700016003a00d0d6200041c5b30001487800b6
:103a800085d12200a4d12200d3d6200012c0b300d9
:103a90001141200000cab30044ae02000100000042
:103aa00085d12200a4d12200d3d6200012c0b300b9
:103ab0001141200000cab30054af02000100000011
:103ac00010c0b300004f780017003700d0d6200098
:103ad000104078008040e900d0d6200001487800ee
:103ae00085d12200a4d12200d3d6200012c0b30079
:103af0001141200000cab30044ae020001000000e2
:103b000085d12200a4d12200d3d6200012c0b30058
:103b10001141200000cab30054af020001000000b0
:103b200010c0b300004f7800d0d62000904078003d
:103b300040c5b30080cf50003a003e00d0d62000f0
:103b400090407800a0c4b30080cf5000350036000c
:103b50001e4078000004e00032003a00d0d6200079
:103b600090407800b0c4b30080cf500016003a00f7
:103b7000d0d6200041c7b3000148780085d122008b
:103b8000a4d12200d3d6200012c0b30011412000de
:103b900000cab30044ae02000100000085d122003b
:103ba000a4d12200d3d6200012c0b30011412000be
:103bb00000cab30054af02000100000010c0b300ff
:103bc000004f780017003700d0d620001040780052
:103bd0008040e900d0d620000148780085d122003d
:103be000a4d12200d3d6200012c0b300114120007e
:103bf00000cab30044ae02000100000085d12200db
:103c0000a4d12200d3d6200012c0b300114120005d
:103c100000cab30054af02000100000010c0b3009e
:103c2000004f7800d0d620009040780040c7b30005
:103c300080cf50003a003e00d0d62000904078005f
:103c4000f0c5b30080cf5000350036001e4078002c
:103c50000004e00032003a00d0d620009040780006
:103c600000c6b30080cf500016003a00d0d6200026
:103c700001c6b3000148780085d12200a4d12200fa
:103c8000d3d6200012c0b3001141200000cab300f7
:103c900044ae02000100000085d12200a4d1220020
:103ca000d3d6200012c0b3001141200000cab300d7
:103cb00054af02000100000010c0b300004f7800b4
:103cc00017003700d0d62000104078008040e9006f
:103cd000d0d620000148780085d12200a4d122004e
:103ce000d3d6200012c0b3001141200000cab30097
:103cf00044ae02000100000085d12200a4d12200c0
:103d0000d3d6200012c0b3001141200000cab30076
:103d100054af02000100000010c0b300004f780053
:103d20009e489000d0c2b30080cf5000bd003a0042
:103d3000d0d620009040780040c3b30080cf500020
:103d40003a003e00d0d620009040780000c2b30078
:103d500080cf5000350036001e4078000004e0009f
:103d600032003a00d0d620009040780040c3b30023
:103d700080cf500016003a00d0d6200041c3b300d7
:103d80000148780085d12200a4d12200d3d620009a
:103d900012c0b3001141200000cab30044ae0200bb
:103da0000100000085d12200a4d12200d3d620003a
:103db00012c0b3001141200000cab30054af02008a
:103dc0000100000010c0b300004f7800170037005a
:103dd000d0d62000104078008040e800d0d62000e7
:103de0000148780085d12200a4d12200d3d620003a
:103df00012c0b3001141200000cab30044ae02005b
:103e00000100000085d12200a4d12200d3d62000d9
:103e100012c0b3001141200000cab30054af020029
:103e20000100000010c0b300004f7800d0d6200081
:103e30009040780040c5b30080cf50003a003e006b
:103e4000d0d6200090407800a0c4b30080cf5000ae
:103e5000350036001e4078000004e00032003a00d1
:103e6000d0d620009040780040c5b30080cf5000ed
:103e700016003a00d0d6200011c2b30001487800e5
:103e800085d12200a4d12200d3d6200012c0b300d5
:103e90001141200000cab30044ae0200010000003e
:103ea00085d12200a4d12200d3d6200012c0b300b5
:103eb0001141200000cab30054af0200010000000d
:103ec00010c0b300004f780017003700d0d6200094
:103ed000104078008040e800d0d6200001487800eb
:103ee00085d12200a4d12200d3d6200012c0b30075
:103ef0001141200000cab30044ae020001000000de
:103f000085d12200a4d12200d3d6200012c0b30054
:103f10001141200000cab30054af020001000000ac
:103f200010c0b300004f7800d0d620009040780039
:103f300040c7b30080cf50003a003e00d0d62000ea
:103f400090407800f0c5b30080cf500035003600b7
:103f50001e4078000004e00032003a00d0d6200075
:103f60009040780040c7b30080cf500016003a0060
:103f7000d0d62000b1c4b3000148780085d122001a
:103f8000a4d12200d3d6200012c0b30011412000da
:103f900000cab30044ae02000100000085d1220037
:103fa000a4d12200d3d6200012c0b30011412000ba
:103fb00000cab30054af02000100000010c0b300fb
:103fc000004f780017003700d0d62000104078004e
:103fd0008040e800d0d620000148780085d122003a
:103fe000a4d12200d3d6200012c0b300114120007a
:103ff00000cab30044ae02000100000085d12200d7
:10400000a4d12200d3d6200012c0b3001141200059
:1040100000cab30054af02000100000010c0b3009a
:10402000004f78008e489000d0d6200010407800d5
:1040300080cf5000240032009e489000b0c2b300f0
:1040400080cf5000200032009e489000d0c2b300c4
:1040500080cf50001c0032006800470085d122004c
:10406000a4d122008001780012c0b30011412000c9
:1040700000cab30044ae02000100000085d1220056
:10408000a4d12200d3d6200012c0b30011412000d9
:1040900000cab30054af02000100000010c0b3001a
:1040a000004f78000800370085d12200a4d12200fb
:1040b000d3d6200012c0b3001141200000cab300c3
:1040c00054af020001000000e1f52a00f0b3200027
:1040d000b0f102000100000030079800be0090001f
:1040e000f0b3200080804000b0d520001040780060
:1040f0000041eb00fec5020001000000be00900080
:104100000080400030079800be009000f0b320000f
:1041100000804000e1f62a00b0f10200010000003a
:10412000be0090000080400030079800be00900064
:10413000f0b3200080804000d0d5200010407800ef
:104140000041eb00fec5020001000000be0090002f
:104150000080400030079800be009000f0b32000bf
:104160000080400051f72a00b0f102000100000079
:10417000be0090000080400030079800be00900014
:10418000f0b3200080804000f0d52000104078007f
:104190000041eb00fec5020001000000be009000df
:1041a0000080400030079800be009000f0b320006f
:1041b00000804000b1f72a00b0f1020001000000c9
:1041c000be0090000080400030079800be009000c4
:1041d000f0b320008080400040d6200010407800de
:1041e0000041eb00fec5020001000000be0090008f
:1041f0000080400030079800be009000f0b320001f
:104200000080400011f82a00b0f102000100000017
:10421000be0090000080400030079800be00900073
:10422000f0b320008080400000d6200010407800cd
:104230000041eb00fec5020001000000be0090003e
:104240000080400030079800be009000f0b32000ce
:104250000080400071f82a00b0f102000100000067
:10426000be0090000080400030079800be00900023
:10427000f0b3200000804000d1f82a00b0f1020025
:1042800001000000be009000008040003007980050
:10429000be009000f0b320008080400050d6200087
:1042a0001040780084c70200010000003e0090002a
:1042b0000080e80030079800be009000f0b32000b6
:1042c00000804000f1f82a00b0f102000100000077
:1042d000be0090000080400030079800be009000b3
:1042e000f0b3200000804000d1f82a00b0f10200b5
:1042f00001000000be0090000080400030079800e0
:10430000be009000f0b320008080400060d6200006
:104310001040780084c70200010000003e009000b9
:104320000080e80030079800be009000f0b3200045
:104330000080400051f92a00b0f1020001000000a5
:10434000be0090000080400030079800be00900042
:10435000f0b3200000804000d1f82a00b0f1020044
:1043600001000000be00900000804000300798006f
:10437000be009000f0b320008080400070d6200086
:104380001040780084c70200010000003e00900049
:104390000080e80030079800be009000f0b32000d5
:1043a00000804000b1f92a00b0f1020001000000d5
:1043b000be0090000080400030079800be009000d2
:1043c000f0b3200000804000d1f82a00b0f10200d4
:1043d00001000000be0090000080400030079800ff
:1043e000be009000f0b320008080400080d6200006
:1043f0001040780084c70200010000003e009000d9
:104400000080e80030079800be009000f0b3200064
:104410000080400021fa2a00b0f1020001000000f3
:10442000be0090000080400030079800be00900061
:10443000f0b3200000804000d1f82a00b0f1020063
:1044400001000000be00900000804000300798008e
:10445000be009000f0b320008080400090d6200085
:104460001040780084c70200010000003e00900068
:104470000080e80030079800be009000f0b32000f4
:104480000080400091fa2a00b0f102000100000013
:10449000be0090000080400030079800be009000f1
:1044a000f0b3200000804000d1f82a00b0f10200f3
:1044b00001000000be00900000804000300798001e
:1044c000be009000f0b3200080804000a0d6200005
:1044d0001040780084c70200010000003e009000f8
:1044e0000080e80030079800be009000f0b3200084
:1044f0000080400001fb2a00b0f102000100000032
:10450000be0090000080400030079800be00900080
:10451000f0b3200000804000d1f82a00b0f1020082
:1045200001000000be0090000080400030079800ad
:10453000be009000f0b3200080804000b0d6200084
:104540001040780084c70200010000003e00900087
:104550000080e80030079800be009000f0b3200013
:104560000080400071fb2a00b0f102000100000051
:10457000be0090000080400030079800be00900010
:10458000f0b3200000804000f1fb2a00b0f10200ef
:1045900001000000be00900000804000300798003d
:1045a000be009000f0b3200080804000c0d6200004
:1045b0001040780084c70200010000003e00900017
:1045c0000080e80030079800be009000f0b32000a3
:1045d0000080400021fc2a00b0f102000100000030
:1045e000be0090000080400030079800be009000a0
:1045f000f0b320000080400081fc2a00b0f10200ee
:1046000001000000be0090000080400030079800cc
:10461000be009000f0b3200000804000d1f82a00d6
:10462000b0f1020001000000be00900000804000d8
:1046300030079800be009000f0b32000808040005a
:10464000c0d520001040780084c70200010000009f
:104650003e0090000080e80030079800be00900007
:10466000f0b3200000804000f1fc2a00b0f102000d
:1046700001000000be00900000804000300798005c
:10468000be009000f0b3200000804000d1f82a0066
:10469000b0f1020001000000be0090000080400068
:1046a00030079800be009000f0b3200080804000ea
:1046b000e0d520001040780084c70200010000000f
:1046c0003e0090000080e80030079800be00900097
:1046d000f0b320000080400071fd2a00b0f102001c
:1046e00001000000be0090000080400030079800ec
:1046f000be009000f0b3200000804000d1f82a00f6
:10470000b0f1020001000000be00900000804000f7
:1047100030079800be009000f0b320008080400079
:10472000d0d620001040780084c7020001000000ad
:104730003e0090000080e800300798001e4078009e
:10474000e14f50000d003a00801f220070409000a1
:104750000004e00009003200801f220010007800f1
:10476000610060000000e00004003a00801f2200a9
:104770007040900094d60200010000000080fa0012
:1047800000000600b800fa00209f9800319f9800b2
:10479000e1fd2a000e007800b0f1020001000000e7
:1047a000be9890000e00780011ea07000080fa0021
:1047b000000006000800fa00200798003107980062
:1047c00001072b00f0b32000b0f10200010000004f
:1047d000000f78000000eb00100798003a00370047
:1047e0001e009000f50f5000340032001e009000b3
:1047f000e40f5000310032001e009000e50f500021
:104800002e0032001e009000e60f50002b003200f8
:104810001e009000e70f5000280032001e0090009c
:10482000f00f5000250032009e007800f0b3200009
:1048300000804000318c2a00b0f10200010000002d
:104840001e0f40009e007800f0b3200080804000e2
:104850001e009000004078000041eb00fec5020001
:10486000010000001e0f40009e007800f0b3200001
:1048700000804000618c2a00b0f1020001000000bd
:104880001e0f40009e007800f0b320000081400021
:104890001e0090006600b90000007800e4004000af
:1048a0000031210000804000100078008200780074
:1048b00030c40200010000001e0f40001e009000e6
:1048c0000000e800100798001e009000f70f50004d
:1048d000c3ff34009e007800f0b320000080400049
:1048e00071072b00b0f10200010000001e0f400014
:1048f0009e007800f0b320008080400040e120005e
:10490000104078000041eb00fec5020001000000ed
:104910001e0f40000080fa0000000600aa00fa0006
:1049200030979800419798000040eb00404798006e
:1049300066004700c1072b00b0f102000100000033
:104940001007980066004700df1007000060fe00b7
:1049500066004700c10a2b00b0f102000100000010
:104960001007980066004700ce90900094dd070085
:104970000060fe0066004700310e2b00b0f102001f
:1049800001000000100798001e009000e60047009c
:10499000008040000041eb0080007800e0c1b300df
:1049a000fec50200010000009e0090000080400053
:1049b00010079800e40047006600470062e1070026
:1049c0000060fe006600470011122b00b0f10200eb
:1049d00001000000100798001e009000e60047004c
:1049e0000080400080007800e07f200030c402009a
:1049f000010000009e009000008040001007980019
:104a0000e4004700660047004fe107000060fe0039
:104a10006600470011152b00b0f1020001000000f4
:104a200010079800e40047006600470055ff0700a4
:104a30000060fe000000eb00000f78001e00370051
:104a400066004700e1152b00b0f1020001000000f4
:104a5000100798001e009000e6004700808040008c
:104a60001e007800004078000041eb00fec5020007
:104a7000010000009e009000008040001007980098
:104a80001e009000e60047000080400051162b00f9
:104a9000b0f10200010000009e0090000080400084
:104aa00010079800e4004700660047008bdf07000e
:104ab0000060fe001e0fe8001e007800e90f5000a5
:104ac000dfff360066004700f1162b00b0f1020050
:104ad0000100000010079800e4004700660047004e
:104ae0005de5070020002000000f78001e00370061
:104af0006600470091182b00b0f102000100000091
:104b0000100798001e009000e600470080804000db
:104b10001e007800004078000041eb00fec5020056
:104b2000010000009e0090000080400010079800e7
:104b30001e009000e60047000080400001192b0095
:104b4000b0f10200010000009e00900000804000d3
:104b500010079800e4004700660047003ee50700a4
:104b60000060fe001e0fe8001e007800e40f5000f9
:104b7000dfff3400e0d8200001cab300014878000c
:104b800085d12200a4d12200e3d8200012c0b300b6
:104b9000a103200000cab30044ae020001000000df
:104ba00085d12200a4d12200e3d8200012c0b30096
:104bb000a103200000cab30054af020001000000ae
:104bc000e006210051c0b3000148780085d12200e1
:104bd000a4d12200e306210012c0b300c1032000cb
:104be00000cab30044ae020001000000f00621003c
:104bf00001c5b3000148780085d12200a4d122006c
:104c0000f306210012c0b300d103200000cab30094
:104c100044ae020001000000c05d20000100200041
:104c2000005b8900115b8900c05d2000010020004d
:104c3000205b8900315b890000b6220085d122000b
:104c4000a4d122008001780042c0b300112d2000c1
:104c500000cab30044ae02000100000040b62200ca
:104c600085d12200a4d122008001780042c0b30087
:104c7000512d200000cab30044ae02000100000024
:104c800040b6220085d12200a4d122008001780004
:104c900042c0b300512d200000cab30054af02003f
:104ca0000100000000b6220085d12200a4d122001c
:104cb0008001780042c0b300112d200000cab3006b
:104cc00054af020001000000c0b7220041c6b3008b
:104cd0000148780085d12200a4d12200c3b7220068
:104ce00012c0b300c12e200000cab30044ae0200bf
:104cf0000100000085d12200a4d12200c3b7220008
:104d000012c0b300c12e200000cab30054af02008d
:104d100001000000d0b7220051c0b3000148780064
:104d200085d12200a4d12200d3b7220012c0b30043
:104d3000d12e200000cab30044ae020001000000e2
:104d400085d12200a4d12200d3b7220012c0b30023
:104d5000d12e200000cab30054af020001000000b1
:104d6000f0d8200051cab3000148780085d1220054
:104d7000a4d12200f3d8200012c0b300b12e20002d
:104d800000cab30044ae02000100000085d1220039
:104d9000a4d12200f3d8200012c0b300b12e20000d
:104da00000cab30054af020001000000400d230010
:104db0004069890080d2220085d12200a4d122003e
:104dc0008001780022c0b300f12e200000cab30099
:104dd00044ae0200010000000000eb0040698900c1
:104de00080d2220085d12200a4d122008001780047
:104df00022c0b300f12e200000cab30054af02005d
:104e000001000000006b230050698900a0d222003d
:104e100085d12200a4d122008001780022c0b300f5
:104e2000112f200000cab30044ae020001000000b0
:104e30000000eb0050698900a0d2220085d1220039
:104e4000a4d122008001780022c0b300112f2000dd
:104e500000cab30054af020001000000401f200050
:104e600060698900c0d2220085d12200a4d122002d
:104e70008001780022c0b300312f200000cab300a7
:104e800044ae0200010000000000eb0060698900f0
:104e9000c0d2220085d12200a4d122008001780056
:104ea00022c0b300312f200000cab30054af02006b
:104eb00001000000e0d222008040eb0001487800b1
:104ec00085d12200a4d12200e3d2220012c0b30077
:104ed0004102200000cab30044ae020001000000fd
:104ee00085d12200a4d12200e3d2220012c0b30057
:104ef0004102200000cab30054af020001000000cc
:104f000000ad220021c3b3000148780085d1220002
:104f1000a4d1220003ad220012c0b300b12f2000a3
:104f200000cab30044ae02000100000085d1220097
:104f3000a4d1220003ad220012c0b300b12f200083
:104f400000cab30054af020001000000400120007d
:104f5000806b880000d7200085d12200a4d12200d8
:104f60008001780022c0b3009142200000cab30043
:104f700044ae02000100000000d7200085d12200cd
:104f8000a4d122008001780022c0b3009142200009
:104f900000cab30054af020001000000002b210042
:104fa000d1c2b3000148780085d12200a4d12200eb
:104fb000032b210012c0b300e103200000cab3009c
:104fc00044ae02000100000085d12200a4d12200dd
:104fd000032b210012c0b300e103200000cab3007c
:104fe00054af020001000000102b2100c1c3b30028
:104ff0000148780085d12200a4d12200132b210082
:1050000012c0b300f103200000cab30044ae020096
:105010000100000085d12200a4d12200132b210021
:1050200012c0b300f103200000cab30054af020065
:1050300001000000702e210061c1b300014878001a
:1050400085d12200a4d12200732e210012c0b3000a
:10505000c12f200000cab30044ae020001000000ce
:1050600085d12200a4d12200732e210012c0b300ea
:10507000c12f200000cab30054af0200010000009d
:10508000802e210091c1b3000148780085d1220013
:10509000a4d12200832e210012c0b300d12f200002
:1050a00000cab30044ae02000100000085d1220016
:1050b000a4d12200832e210012c0b300d12f2000e2
:1050c00000cab30054af020001000000902e21007e
:1050d000e1c4b3000148780085d12200a4d12200a8
:1050e000932e210012c0b300e12f200000cab300ac
:1050f00044ae02000100000085d12200a4d12200ac
:10510000932e210012c0b300e12f200000cab3008b
:1051100054af020001000000111a2b00f0b3200070
:10512000b0f1020001000000100798000080fa00b2
:10513000000006000800fa002007980031079800d8
:10514000a11a2b00f0b32000b0f102000100000012
:10515000000f78000000eb001007980018003700df
:105160001e0090000000e000070034009e00780060
:10517000f0b3200000804000e18c2a00b0f1020072
:10518000010000001e0f4000f2bc21001e00900034
:105190007f00b90000007800800041001e01780007
:1051a000f0b3200000004100b0f102000100000057
:1051b0001e0f40001e0090000000e800100798003d
:1051c0001e009000e30f5000e5ff34009e007800c1
:1051d000f0b3200000804000411b2b00b0f1020022
:1051e000010000001e0f4000b1c421001e01780024
:1051f000f0b3200000004100b0f102000100000007
:105200001e0f40000080fa00000006000600fa00b1
:105210001007980021079800130020000e01780065
:10522000611b2b001e009000971307000000e00098
:105230000f0032009e40780010c3b30080cf5000b2
:1052400004003a0011c0b30000012000b240020087
:10525000010000009e40780020c3b30080cf5000c2
:1052600003003a00d00621008040eb00014878009e
:10527000130020000e017800b11b2b001e009000cf
:10528000811307000000e000070032009e40780014
:1052900010c3b30080cf500003003a00c08020004c
:1052a0008040eb0001487800130020000e017800d8
:1052b000311c2b001e009000731307000000e0005b
:1052c000070032009e40780010c3b30080cf50002a
:1052d00003003a00e02a210011c0b3000148780021
:1052e000f0b32000ebd507000080fa0000000600b4
:1052f0000c00fa0040079800510798000e80e80063
:10530000330020000001780041c82a004e009000c0
:105310005d1307000000e00038003200ae4090004e
:1053200010c3b30080cf500034003a0000ce2200fa
:10533000104078000004e00030003a0000ce220067
:1053400011c0b3000148780010002000c09c880004
:10535000811c2b00f0b32000b0f10200010000001e
:10536000000f78009e007800f0b32000008040001d
:1053700080007800600521005fd507000080fb00f9
:105380001e0f40000e80e80033002000000178006e
:10539000511d2b004e0090003b1307000000e00061
:1053a000160032000e80e800c4c7020001000000b1
:1053b000806b880000d7200085d12200a4d1220074
:1053c0008001780022c0b3009142200000cab300df
:1053d00044ae02000100000000d7200085d1220069
:1053e000a4d122008001780022c0b30091422000a5
:1053f00000cab30054af0200010000000080fa00b0
:10540000000006000a00fa003007980041079800e3
:10541000a11d2b00f0b32000b0f10200010000003c
:10542000000f78009e007800f0b32000008040005c
:1054300080007800001721002fd507000080fb00b6
:105440001e0f40009e007800f0b320000080400056
:10545000811e2b00b0f10200010000001e0f400071
:105460009e007800f0b3200080804000c08b800058
:1054700030c40200010000001e0f40009e007800b2
:10548000f0b320000080400061902a00b0f10200db
:10549000010000001e0f40009e007800f0b32000c5
:1054a00080804000a0172100104078000041eb00f0
:1054b000fec50200010000001e0f40009e007800a3
:1054c000f0b3200000804000d11e2b00b0f102009c
:1054d000010000001e0f4000e00920001e005000e7
:1054e000100798001e0090000000e0001500340036
:1054f0009e009000f0092000808f500011003c00b9
:105500009e0090000007210000804000904078003d
:1055100041479800010721001e017800f0b32000e8
:1055200000004100b0f10200010000001e0f400029
:105530009e0090000007210000804000ce409000b7
:10554000014878009e007800f0b320000080400001
:10555000211f2b00b0f10200010000001e0f4000cf
:10556000f00420009e007800808f500058003c001e
:105570009e007800f0b3200000804000411f2b0007
:10558000b0f10200010000001e0f40009e007800f4
:10559000f0b320000080400080007800c027210088
:1055a000d5d407000080fb001e0f40009e0078004d
:1055b000f0b3200000804000811e2b00b0f10200fb
:1055c000010000001e0f40009e007800f0b3200094
:1055d000808040002094800030c402000100000060
:1055e0001e0f40009e007800f0b3200000804000b5
:1055f00061902a00b0f10200010000001e0f40007f
:105600009e007800f0b320008080400060282100d8
:10561000104078000041eb00fec5020001000000d0
:105620001e0f40009e007800f0b320000080400074
:10563000d11e2b00b0f10200010000001e0f40003f
:10564000e00920001e005000100798001e00900086
:105650000000e000170034009e009000f0092000d8
:10566000808f500013003c001e009000c1102000ed
:1056700080804000000721000080400090407800ba
:1056800041479800c11721001e017800f0b32000a7
:1056900000004100b0f10200010000001e0f4000b8
:1056a0009e009000c017210000804000ce40900076
:1056b000014878009e007800f0b320000080400090
:1056c000e11f2b00b0f10200010000001e0f40009e
:1056d0000080fa00000006000800fa002007980089
:1056e000310798000e80e8001300200000017800c8
:1056f00041c82a002e009000631207000000e0005d
:105700003a003200ae40900010c3b30080cf50008a
:1057100004003200ae40900020c3b30080cf5000a0
:1057200032003a003e0090000000e00007003a001e
:105730002e4090008040780000cdb30080c0400033
:10574000e0e0200001487800280037003e0090008b
:10575000a2f20200010000000000e000230032007d
:10576000a0dd2000104078000004e0000e003a00a8
:10577000be009000a0dd2000b0f10200010000009a
:105780002e4090008040780000cdb30080c04000e3
:1057900000e120000148780060aa220011c0b30097
:1057a000014878001100370040df200010407800e9
:1057b0000004e0000d003a00be00900040df200031
:1057c000b0f10200010000002e40900080407800ff
:1057d00000cdb30080c0400010e1200001487800f7
:1057e00060aa220011c0b3000148780060aa22001c
:1057f000104078000004e00052003a0011202b0015
:10580000f0b32000b0f1020001000000000f7800aa
:105810009e007800f0b3200080804000e0e020008f
:10582000104078000041eb00fec5020001000000be
:105830001e0f40009e007800f0b320000080400062
:10584000f1202b00b0f10200010000001e0f40000b
:10585000a0dd2000104078000004e00008003200c5
:105860009e007800f0b3200000804000a1dd200001
:10587000b0f10200010000001e0f400007003700d9
:105880009e007800f0b320000080400031852a009f
:10589000b0f10200010000001e0f40009e007800e1
:1058a000f0b320000080400061212b00b0f1020025
:1058b000010000001e0f400040df20001040780073
:1058c0000004e000080032009e007800f0b32000e1
:1058d0000080400041df2000b0f102000100000024
:1058e0001e0f4000070037009e007800f0b3200034
:1058f0000080400031852a00b0f102000100000064
:105900001e0f40009e007800f0b320000080400091
:10591000d1212b00b0f10200010000001e0f400059
:105920009e007800f0b3200080804000f0e020006e
:10593000104078000041eb00fec5020001000000ad
:105940001e0f40000080fa00000006000800fa0068
:10595000200798003107980031222b00f0b3200077
:10596000b0f1020001000000000f78000e80e80096
:10597000130020000001780041c82a002e0090008a
:10598000c11107000000e0000a003200ae409000a4
:1059900010c3b30080cf500003003a0076d6020057
:1059a000010000000500370000c3b3002047980045
:1059b0000200370000c3b30020479800ae409000bb
:1059c000f0b320001e004000014878001e0fe800e0
:1059d000f0b320001e0040008040eb00014878003a
:1059e0000080fa00000006000600fa001007980088
:1059f00021079800130020000e01780041c82a00fa
:105a00001e009000a01107000000e0000e00320010
:105a10009e407800d0c4b30080cf500003003a000d
:105a200010ad220021c0b300014878009e407800ec
:105a300000c5b30080cf500003003a0010ad220033
:105a400011c0b3000148780010ad2200104078006a
:105a50000004e0000400320041232b00f0b32000da
:105a6000b0f10200010000000080fa000000060012
:105a70000800fa0020079800310798000e80e8001f
:105a8000130020000001780041c82a002e00900079
:105a90007d1107000000e0001c003200ae409000c5
:105aa00010c3b30080cf500007003a00409b800035
:105ab000e20f500004003a0080dd200011c0b30066
:105ac000014878000300370080dd20008040eb00b3
:105ad00001487800d1232b00f0b32000b0f1020080
:105ae00001000000000f78009e007800f0b3200055
:105af0008080400080dd2000104078000041eb00f5
:105b0000fec50200010000001e0f40000080fa00e8
:105b1000000006000c00fa004007980051079800aa
:105b20000e80e8003300200000017800d1242b0013
:105b30004e009000541107000000e0001a003200ef
:105b40000e80e8001ec302000100000060479800bc
:105b5000ee409000702e21001040780080cf500061
:105b6000110032006600470085d12200a4d1220036
:105b70008001780012c0b300c12f200000cab3001a
:105b800044ae02000100000085d12200a4d1220011
:105b9000732e210012c0b300c12f200000cab30031
:105ba00054af0200010000000e80e8003300200026
:105bb0000001780031252b004e00900032110700c3
:105bc0000000e0001a0032000e80e8001ec3020050
:105bd0000100000060479800ee409000802e2100f8
:105be0001040780080cf500011003200660047005e
:105bf00085d12200a4d122008001780012c0b30018
:105c0000d12f200000cab30044ae02000100000002
:105c100085d12200a4d12200832e210012c0b3001e
:105c2000d12f200000cab30054af020001000000d1
:105c30000e80e8003300200000017800a1252b0031
:105c40004e009000101107000000e0001d0032001f
:105c50000e80e8001ec302000100000060479800ab
:105c6000ae409000e0c4b30080cf5000040032008a
:105c7000ae40900010c4b30080cf500011003a0035
:105c80000e80e80085d12200a4d122008001780096
:105c900012c0b300e12f200000cab30044ae0200de
:105ca0000100000085d12200a4d12200932e210002
:105cb00012c0b300e12f200000cab30054af0200ad
:105cc0000100000001262b00f0b32000b0f102001b
:105cd00001000000000f78009e007800f0b3200063
:105ce00080804000602e2100104078000041eb00d1
:105cf000fec50200010000001e0f40009e0078005b
:105d0000f0b3200000804000e1262b00b0f102003b
:105d1000010000001e0f40009e007800f0b320003c
:105d200080804000702e2100104078000080fb0031
:105d300030c40200010000001e0f40009e007800e9
:105d4000f0b320000080400051272b00b0f102008a
:105d5000010000001e0f40009e007800f0b32000fc
:105d600080804000802e2100104078000080fb00e1
:105d700030c40200010000001e0f40009e007800a9
:105d8000f0b3200000804000d1272b00b0f10200ca
:105d9000010000001e0f4000902e210010407800ee
:105da00080407800f0b320001e00400001487800d9
:105db0001e0fe800f0b320001e0040008040eb0002
:105dc000014878000080fa00000006000200fa0096
:105dd000000f780070b12000104078000004e0004f
:105de0001c003200010037001e0fe8001e00780082
:105df0009040780000c2b30080cf5000070032000e
:105e00001e007800104078000004e000f6ff3a0021
:105e1000030037001e0fe8000100370000000000fb
:105e20001e0078009040780000c2b30080cf500080
:105e3000f8ff32001e007800104078000004e000f7
:105e4000040032000041eb009e00780070b1200099
:105e500047110700f0b320005ed107000080fa0070
:105e6000000006001c00fa00500f9800930120006b
:105e70000e01780081cb2a005e0890008210070096
:105e80000000e0000c0032009e407800a0c5b30086
:105e900080cf500004003a0070b120008040eb0039
:105ea00001487800040037008e00780070b12000af
:105eb000b0f1020001000000f0b3200045d107005e
:105ec0000080fa00000006000a00fa00300798007f
:105ed000410798000e80e8002300200000017800b0
:105ee00041282b003e009000671007000000e000f2
:105ef000200032002e4090008040780000cdb3009a
:105f000080c0400000da20000148780000da20005c
:105f1000104078000004e0001300320000da200096
:105f200010407800e44f50000f003e0081282b0005
:105f3000f0b32000b0f1020001000000000f780073
:105f40009e007800f0b320008080400000da20003e
:105f5000104078000041eb00fec502000100000087
:105f60001e0f40000300370000da20008040eb00e5
:105f7000014878000080fa00000006001200fa00d4
:105f800070079800010f98000e80e80013002000b1
:105f90000001780051292b007e0090003a10070084
:105fa0000000e00015003200ae40900030c5b300a4
:105fb00080cf500005003a00a1292b00f0b320004b
:105fc000b0f1020001000000000f7800ae40900028
:105fd000e0c4b30080cf500008003a00812a2b00b3
:105fe000f0b32000b0f1020001000000000f7800c3
:105ff0000040eb0016d50200010000000080fa000e
:10600000000006000400fa00000f78001107980055
:10601000106d8000520a200080007800f0b320004c
:10602000fc490200010000000080fa0000000600a8
:106030000c00fa003007980041079800224f9800a2
:106040000e00e8001300200000017800612b2b00f7
:106050003e0090000c1007000000e000110032002c
:106060001e4090008040780000cdb30000c040008a
:10607000104798001e409000e64f500009003c0079
:106080009e4090003005210001487800e004210086
:106090001cb2020001000000e00421006eb1020009
:1060a000010000000e00e80033002000000178002d
:1060b000a12b2b003e009000f30f07000000e00032
:1060c000080032009e40900010c3b30080cf500003
:1060d00004003a0011c0b30000022000b2400200e8
:1060e000010000000e00e8003300200000017800ed
:1060f000f12b2b003e009000e30f07000000e000b2
:10610000080032009e40900010c3b30080cf5000c2
:1061100004003a0011c0b30000042000b2400200a5
:10612000010000000e00e8003300200000017800ac
:10613000412c2b003e009000d30f07000000e00030
:10614000310032009e40900010c3b30080cf500059
:1061500011003a00f0d8200090407800a0c5b300ac
:1061600080cf50000c003a00f0d8200051cab30094
:106170000148780085d12200a4d12200f3d8200064
:1061800012c0b300b12e200000cab30044ae02001a
:1061900001000000140037009e40900000c3b300cf
:1061a00080cf500010003a00f0d8200090407800d6
:1061b000a0c5b30080cf50000b003200f0d8200003
:1061c000a1c5b3000148780085d12200a4d12200e6
:1061d000f3d8200012c0b300b12e200000cab300d3
:1061e00044ae02000100000085d12200a4d12200ab
:1061f000f3d8200012c0b300b12e200000cab300b3
:1062000054af0200010000000e00e800330020003f
:1062100000017800912c2b003e0090009a0f07009f
:106220000000e0001a0032000e00e8001ec3020069
:1062300001000000004f780000d9200010407800d5
:106240009e4f50000a00320000d920001e487800fe
:1062500085d12200a4d1220003d9200012c0b300ae
:10626000e12e200000cab30044ae0200010000008d
:1062700085d12200a4d1220003d9200012c0b3008e
:10628000e12e200000cab30054af0200010000005c
:10629000106d8000530a20002e4990008000780085
:1062a000f0b32000a83c0200010000000080fa00ca
:1062b000000006000a00fa00300798004107980025
:1062c0000e80e8001300200000017800e12c2b0074
:1062d0003e0090006c0f07000000e0000b00320051
:1062e000ae40900010c3b30080cf500004003a00cd
:1062f00011c0b30020c0b30071ce07000300370007
:106300008040eb0020c0b3006dce0700412d2b0074
:10631000f0b32000b0f1020001000000000f78008f
:106320009e007800f0b320008080400020ac220066
:106330001040780012c0b300fec50200010000004a
:106340001e0f40009e007800f0b320000080400047
:10635000212e2b00b0f10200010000001e0f4000b2
:1063600080aa2200104078000004e00008003200fb
:106370009e007800f0b320000080400081aa220037
:10638000b0f10200010000001e0f400007003700be
:106390009e007800f0b320000080400031852a0084
:1063a000b0f10200010000001e0f40009e007800c6
:1063b000f0b3200000804000812e2b00b0f10200dd
:1063c000010000001e0f40009e007800f0b3200086
:1063d000008040008000780030ac220046d10700e9
:1063e0000080fb001e0f40009e007800f0b32000ec
:1063f00000804000d12e2b00b0f10200010000000f
:106400001e0f4000e0d82000104078000080fb0004
:10641000620060000000e000080032009e0078008a
:10642000f0b320000080400051872a00b0f1020044
:10643000010000001e0f4000070037009e0078009a
:10644000f0b320000080400071872a00b0f1020004
:10645000010000001e0f40000e80e8001300200025
:106460000001780081dd2a003e009000060f070041
:106470000000e0000e003200ae40900010c3b300f8
:1064800080cf50000a003a0020ac22008040eb0090
:10649000014878009e007800f0b3200000804000a2
:1064a000412f2b00b0f10200010000001e0f400040
:1064b0000080fa00000006000800fa00300798008b
:1064c0000e80e8003300200000017800b12f2b007f
:1064d0003e009000ec0e07000000e00009003200d2
:1064e0000e80e800c4c702000100000010408800d0
:1064f000408020008040eb0001487800401f2000d1
:10650000d098880001302b00f0b32000b0f10200d9
:1065100001000000000f78009e007800f0b320001a
:1065200080804000104080000040780032c0b300fe
:10653000fec50200010000001e0f40009e00780012
:10654000f0b320000080400031312b00b0f1020098
:10655000010000001e0f4000e1c922001e0178006a
:10656000f0b3200000004100b0f102000100000083
:106570001e0f40000080fa00000006000a00fa002a
:106580003007980041079800130020000e017800a2
:1065900041c82a003e009000bb0e07000000e0004a
:1065a0003b0032009e40780010c3b30080cf500003
:1065b000040032009e40780020c3b30080cf50001a
:1065c00015003a001e4078008040780000cdb300ee
:1065d00080c04000e0dc20000148780064004700f3
:1065e0000001780091312b003e00900022f3020060
:1065f000010000000000e0000a003200e0dc2000a2
:1066000010407800804078000134a000e0dc2000d9
:106610000148780003003700e0dc20008040eb00f8
:10662000014878004e0090000000e00018003200a1
:1066300020ad2200104078000004e00014003a0071
:10664000c20120008000eb0020ad2200f204020015
:1066500000000000ce00900020ad2200b0f102004a
:10666000010000006400470000017800f1312b00b8
:106670003e00900022f30200010000000000e00054
:1066800003003200d0ae220011c0b30001487800f0
:10669000e0dc2000104078000004e0000700320039
:1066a000f0b320008040eb000148780060aa22008f
:1066b00011c0b300014878001100370041322b00af
:1066c000f0b32000b0f102000100000020079800a4
:1066d0002e00900080007800f0b320008080400001
:1066e000e0dc20001040780012c0b300fec50200bc
:1066f00001000000ae00900001004000200798005b
:106700000080fa00000006000200fa00000f780086
:10671000701d2200104078000081fb00501f2200f5
:10672000104078008080fb0040e98000821f7800e4
:10673000811f7800801f780050332b00801f780065
:10674000f0b32000bc04020000000000e8875700fe
:106750000080fa00000006000400fa00000f780034
:1067600011079800e0dc200011c0b3000148780058
:1067700060aa220011c0b300014878001e009000fa
:106780000000e0000e00320020ad22001040780032
:106790000004e0000a003a009e00900020ad2200b4
:1067a000b0f1020001000000c0ae220011c0b30031
:1067b00001487800d0ae22008040eb00014878000c
:1067c0000080fa00000006000e00fa005007980052
:1067d000610798000e80e800130020000001780097
:1067e00011352b005e009000270e07000000e0002e
:1067f0001c003200ae40900010c3b30080cf5000a8
:1068000018003a0050e1200011c0b30001487800a0
:106810006e0090000000e000120032006e00900058
:10682000104078000004e0000e003200ee009000fe
:1068300080e12000b0f10200010000006e00900035
:106840008040eb000148780060b1200010407800e3
:10685000e94f500003003e0060b12000a1c0b3002a
:10686000014878000e80e800330020000001780025
:1068700061352b005e009000030e07000000e00071
:106880000b0032000e80e80060c30200010000002f
:106890000000fb00b0708800b07080000000e000d5
:1068a0000300320050e120008040eb0001487800f6
:1068b0000e80e8005300200000017800d1352b0045
:1068c0005e009000f00d07000000e00022003200a2
:1068d0000e80e800c4c7020001000000000f78002d
:1068e000406981009e007800808f50001a003200bd
:1068f00000e823009e007800808f500016003e00c4
:106900009e0078004169890080d2220085d1220052
:10691000a4d122008001780022c0b300f12e200013
:1069200000cab30044ae0200010000000000eb000a
:106930004069890080d2220085d12200a4d12200a2
:106940008001780022c0b300f12e200000cab300fd
:1069500054af0200010000000e80e8005300200048
:106960000001780021362b005e009000c60d070064
:106970000000e000220032000e80e800c4c70200e0
:1069800001000000000f7800506981009e0078002f
:10699000808f50001a003200400125009e007800d0
:1069a000808f500016003e009e00780051698900db
:1069b000a0d2220085d12200a4d12200800178003b
:1069c00022c0b300112f200000cab30044ae020061
:1069d000010000000000eb0050698900a0d22200f5
:1069e00085d12200a4d122008001780022c0b3000a
:1069f000112f200000cab30054af020001000000b4
:106a00000e80e800530020000001780071362b0052
:106a10005e0090009c0d07000000e00022003200a4
:106a20000e80e800c4c7020001000000000f7800db
:106a3000606981009e007800808f50001a0032004b
:106a4000007721009e007800808f500016003e00e5
:106a50009e00780061698900c0d2220085d12200a1
:106a6000a4d122008001780022c0b300312f200081
:106a700000cab30044ae0200010000000000eb00b9
:106a800060698900c0d2220085d12200a4d12200f1
:106a90008001780022c0b300312f200000cab3006b
:106aa00054af0200010000000e80e8003300200017
:106ab00000017800d1362b005e009000720d0700b7
:106ac0000000e0001a0032000e80e8001ec3020041
:106ad00001000000004f98008e489000e0d2220094
:106ae0001040780080cf500011003200680047004d
:106af00085d12200a4d122008001780012c0b30009
:106b00004102200000cab30044ae020001000000b0
:106b100085d12200a4d12200e3d2220012c0b3000a
:106b20004102200000cab30054af0200010000007f
:106b3000f0b320009c420200010000000080fa0037
:106b4000000006000a00fa0030079800410798008c
:106b50000e80e800330020000001780041c82a00c0
:106b60003e009000480d07000000e00025003200c4
:106b7000ae40900010c3b30080cf500021003a0017
:106b800040b4220011c0b3000148780060c9b300ce
:106b90000c510200010000000004e0001900320066
:106ba0004e0090000000e00013003200e0ae220032
:106bb000104078000004e00008003a00ce00900089
:106bc000e0ae2200b0f102000100000080b022001f
:106bd00011c0b3000148780007003700ce009000d4
:106be00090b02200b0f102000100000030b222009b
:106bf00011c0b300014878004e0090008040eb00c7
:106c00000148780011372b00f0b32000b0f10200ea
:106c100001000000000f78009e007800f0b3200013
:106c20008080400040b42200104078000041eb001a
:106c3000fec50200010000001e0f40000080fa00a7
:106c4000000006001a00fa00889fbe00300f98006e
:106c5000410f9800630047003300200000017800d6
:106c600041c82a003e089000070d07000000e00020
:106c70004d003200e0d82000904078002147980075
:106c8000be40900000c3b30080cf50001800320017
:106c9000e0d8200010407800804078000124a00057
:106ca000e0d8200001487800be40900030c3b30017
:106cb00080cf500007003a00e0d820001040780054
:106cc000804078000144a000e0d82000014878000e
:106cd0000d003700e0d82000104078008040780098
:106ce0000144a100e0d820000148780006003700e8
:106cf000e0d8200090407800b0ceb30080c06000a3
:106d0000e0d8200001487800e0d82000104078004a
:106d1000ae40900080cf50002300320085d1220089
:106d2000a4d12200e3d8200012c0b300a1032000a8
:106d300000cab30044ae02000100000085d1220069
:106d4000a4d12200e3d8200012c0b300a103200088
:106d500000cab30054af020001000000e0d82000d8
:106d6000104078000080fb00640060000000e0003c
:106d70000700320040d222001040780080407800a6
:106d80000174a10040d222000148780006003700bb
:106d900040d2220010407800804078000174a000aa
:106da00040d22200014878006300470033002000f1
:106db00000017800f1372b003e089000b20c07006c
:106dc0000000e0000e003200be40900010c3b3008f
:106dd00080cf500003003a0040b4220011c0b3003d
:106de00001487800be40900020c4b30080cf50001e
:106df00003003a0040b4220021c0b30001487800eb
:106e000063004700330020000001780041382b0068
:106e10003e0890009c0c07000000e0001a003200c1
:106e2000630047001ec302000100000040579800a5
:106e3000ce509000c0b722001040780080cf5000a4
:106e4000110032007400470085d12200a4d1220035
:106e50008001780012c0b300c12e200000cab30028
:106e600044ae02000100000085d12200a4d122001e
:106e7000c3b7220012c0b300c12e200000cab30065
:106e800054af0200010000006300470033002000ff
:106e90000001780081382b003e0890007a0c070032
:106ea0000000e0001a003200630047001ec3020029
:106eb0000100000040579800ce509000d0b722004b
:106ec0001040780080cf500011003200740047005d
:106ed00085d12200a4d122008001780012c0b30025
:106ee000d12e200000cab30044ae02000100000011
:106ef00085d12200a4d12200d3b7220012c0b30052
:106f0000d12e200000cab30054af020001000000df
:106f1000630047003300200000017800d1382b00c7
:106f20003e089000580c07000000e00022003200ec
:106f3000be40900010c3b30080cf50001e003a0046
:106f400070c9b3000c510200010000000004e00011
:106f5000190032004e0890000000e00013003200db
:106f6000e0ae2200104078000004e00008003a0083
:106f7000ce089000e0ae2200b0f102000100000057
:106f800080b022008040eb00014878000700370005
:106f9000ce08900090b02200b0f102000100000085
:106fa00030b222008040eb00014878004e0890008b
:106fb0008040eb000148780063004700b3002000e8
:106fc0000001780021392b003e0890002e0c0700ac
:106fd0000000e00021003200f0004700630047009d
:106fe0008041eb0062c0b300685102000100000064
:106ff0000004e000190032000e0990009e09900084
:10700000005b8100115b8100800f5100818f59006e
:10701000120032007000470085d12200a4d1220066
:107020008001780042c0b300112d200000cab300d7
:1070300044ae02000100000000b6220085d122000b
:10704000a4d122008001780042c0b300112d20009d
:1070500000cab30054af0200010000006300470003
:10706000b30020000001780071392b003e08900029
:10707000050c07000000e00021003200f00047008e
:10708000630047008041eb0062c0b300685102001a
:10709000010000000004e000190032000e09900019
:1070a0009e099000205b8100315b8100800f5100c0
:1070b000818f5900120032007000470085d12200f4
:1070c000a4d122008001780042c0b300512d2000dd
:1070d00000cab30044ae02000100000040b6220026
:1070e00085d12200a4d122008001780042c0b300e3
:1070f000512d200000cab30054af0200010000006f
:10710000630047003300200000017800c1b22a006c
:107110003e089000dc0b07000000e0000b0032008e
:10712000be40900010c3b30080cf500004003a006e
:1071300011c0b30080c0b300e1ca070003003700ec
:107140008040eb0080c0b300ddca0700c1392b00ce
:10715000f0b32000b0f1020001000000000f780041
:10716000e0d82000104078000080fb006400600040
:107170000000e00016003200e0d820001040780047
:107180000080fb00700060000000e000080032009a
:107190009e007800f0b3200000804000713a2b0080
:1071a000b0f10200010000001e0f40000f00370088
:1071b0009e007800f0b320000080400051872a0034
:1071c000b0f10200010000001e0f40000700370070
:1071d0009e007800f0b320000080400071872a00f4
:1071e000b0f10200010000001e0f40009e00780078
:1071f000f0b3200000804000218f2a00b0f102008f
:10720000010000001e0f40009e007800f0b3200037
:107210008080400040d22200104078000041eb0006
:10722000fec50200010000001e0f40009e00780015
:10723000f0b3200000804000913a2b00b0f1020032
:10724000010000001e0f40009e007800f0b32000f7
:1072500080804000c0b72200104078000041eb0061
:10726000fec50200010000001e0f40009e007800d5
:10727000f0b3200000804000e13a2b00b0f10200a2
:10728000010000001e0f40009e007800f0b32000b7
:1072900080804000d0b72200104078000041eb0011
:1072a000fec50200010000001e0f40009e00780095
:1072b000f0b3200000804000413b2b00b0f1020001
:1072c000010000001e0f40009e007800f0b3200077
:1072d00000814000005b8100115b8100c3c0b300ee
:1072e000c2c60200010000001e0f40009e00780090
:1072f000f0b3200000804000a13b2b00b0f1020061
:10730000010000001e0f40009e007800f0b3200036
:1073100000814000205b8100315b8100c3c0b3006d
:10732000c2c60200010000001e0f4000e0d820008d
:10733000104078000080fb00640060000000e00066
:107340009c0132009e007800f0b3200000804000d5
:10735000013c2b00b0f10200010000001e0f4000b4
:107360009e007800f0b3200000814000305a810078
:10737000415a8100c3c0b300c2c602000100000030
:107380001e0f40009e007800f0b3200000804000f7
:10739000613c2b00b0f10200010000001e0f400014
:1073a0009e007800f0b3200000814000705a8100f8
:1073b000815a8100c3c0b300c2c6020001000000b0
:1073c0001e0f400070b52200104078008040780009
:1073d000f0b320001e004000014878001e0fe800b6
:1073e00040d22200104078000080fb007000600056
:1073f0000000e000080032009e007800f0b320009a
:1074000000804000813c2b00b0f102000100000030
:107410001e0f4000270037009e007800f0b32000c8
:1074200000804000f13c2b00b0f1020001000000a0
:107430001e0f40009e007800f0b320000081400045
:10744000405b8100515b8100c3c0b300c2c6020033
:10745000010000001e0f40009e007800f0b32000e5
:1074600000804000613c2b00b0f1020001000000f0
:107470001e0f40009e007800f0b320000081400005
:10748000805b8100915b8100c3c0b300c2c6020073
:10749000010000001e0f40009028210010407800dd
:1074a00080407800f0b320001e00400001487800c2
:1074b0001e0fe8009e007800f0b32000008040001e
:1074c000513d2b00b0f10200010000001e0f4000f2
:1074d0009e007800f0b3200000814000505a8100e7
:1074e000615a8100c3c0b300c2c60200010000009f
:1074f0001e0f40009e007800f0b320000080400086
:10750000613c2b00b0f10200010000001e0f4000a2
:107510009e007800f0b3200000814000905a810066
:10752000a15a8100c3c0b300c2c60200010000001e
:107530001e0f400060b522001040780080407800a7
:10754000f0b320001e004000014878001e0fe80044
:1075500040d22200104078000080fb0070006000e4
:107560000000e000080032009e007800f0b3200028
:1075700000804000b13d2b00b0f10200010000008e
:107580001e0f4000270037009e007800f0b3200057
:1075900000804000213e2b00b0f1020001000000fd
:1075a0001e0f40009e007800f0b3200000814000d4
:1075b000605b8100715b8100c3c0b300c2c6020082
:1075c000010000001e0f40009e007800f0b3200074
:1075d00000804000613c2b00b0f10200010000007f
:1075e0001e0f40009e007800f0b320000081400094
:1075f000a05b8100b15b8100c3c0b300c2c60200c2
:10760000010000001e0f400080282100104078007b
:1076100080407800f0b320001e0040000148780050
:107620001e0fe80040d22200104078000080fb00ce
:10763000700060000000e000080032009e0078004a
:10764000f0b3200000804000813e2b00b0f102002a
:10765000010000001e0f4000bd003700f0082000b0
:107660009e007800808f500027003c00785a8100ef
:10767000895a8100865b8100975b8100345a8100c2
:10768000455a8100425b8100535b810090282100b4
:107690009040780070b522001040780000c068006b
:1076a0000080fb000000e9004f00de000040780091
:1076b000889fbe007e52020001000000e487570050
:1076c000c05a8900d15a89009e007800f0b320008a
:1076d00000804000a13f2b00b0f10200010000003b
:1076e0001e0f40009e007800f0b320000081400093
:1076f000c05a8100d15a8100c3c0b300c2c6020083
:10770000010000001e0f4000f00820009e007800dd
:10771000808f500027003c00985a8100a95a8100b0
:10772000a65b8100b75b8100545a8100655a8100d5
:10773000625b8100735b81008028210090407800ab
:1077400060b522001040780000c068000080fb0097
:107750000000e9004f00de0000407800889fbe0076
:107760007e52020001000000e4875700c05a8900e1
:10777000d15a89009e007800f0b3200000804000bc
:1077800001402b00b0f10200010000001e0f40007c
:107790009e007800f0b3200000814000c05a8100b4
:1077a000d15a8100c3c0b300c2c60200010000006c
:1077b0001e0f4000f00820009e007800808f5000cf
:1077c00010003c009e007800f0b3200000804000d4
:1077d00061402b00b0f10200010000001e0f4000cc
:1077e0009e007800f0b320008080400080b7220027
:1077f000104078000041eb00fec5020001000000cf
:107800001e0f4000f00820009e007800808f50007e
:107810000e003c009e007800f0b320000080400085
:10782000b1402b00b0f10200010000001e0f40002b
:107830009e007800f0b3200080804000d05b810083
:1078400030c40200010000001e0f4000f0082000bc
:107850009e007800808f50003d003c009e00780024
:10786000f0b320000080400001412b00b0f1020085
:10787000010000001e0f40009e007800f0b32000c1
:107880008080400060b822001040780022c0b30021
:10789000fec50200010000001e0f40009e0078009f
:1078a000f0b320008080400040b8220010407800f3
:1078b00022c0b300fec50200010000001e0f400000
:1078c0009e007800f0b320008080400030b8220095
:1078d0001040780022c0b300fec502000100000085
:1078e0001e0f40009e007800f0b320008080400012
:1078f00000b822001040780022c0b300fec502008c
:10790000010000001e0f40009e007800f0b3200030
:107910008080400010b822001040780022c0b300e0
:10792000fec50200010000001e0f40009e0078000e
:10793000f0b320008080400020b822001040780082
:1079400022c0b300fec50200010000001e0f40006f
:10795000700920009e007800808f500015003c00c8
:10796000e0d82000104078000080fb006800600034
:107970000000e000080032009e007800f0b3200014
:107980000080400051412b00b0f1020001000000d6
:107990001e0f4000070037009e007800f0b3200063
:1079a00000804000e1412b00b0f102000100000026
:1079b0001e0f4000f0b320001e0040008040eb008e
:1079c000014878004f04be000080fa000000060065
:1079d0000600fa00100798002107980071422b005a
:1079e000f0b32000b0f1020001000000000f7800a9
:1079f00040d22200104078000080fb007000600040
:107a00000000e000080032009e007800f0b3200083
:107a10000080400051432b00b0f102000100000043
:107a20001e0f4000470037009e007800f0b3200092
:107a300000814000405b8100515b8100c3c0b30006
:107a4000c2c60200010000001e0f40009e00780028
:107a5000f0b3200000804000613c2b00b0f1020038
:107a6000010000001e0f40009e007800f0b32000cf
:107a700000814000805b8100915b8100c3c0b30046
:107a8000c2c60200010000001e0f40009028210025
:107a90001040780080407800f0b320001e004000c5
:107aa000014878001e0fe8009e007800f0b3200027
:107ab00000804000d1432b00b0f102000100000023
:107ac0001e0f40009e007800f0b3200000814000af
:107ad000605b8100715b8100c3c0b300c2c602005d
:107ae000010000001e0f40009e007800f0b320004f
:107af00000804000613c2b00b0f10200010000005a
:107b00001e0f40009e007800f0b32000008140006e
:107b1000a05b8100b15b8100c3c0b300c2c602009c
:107b2000010000001e0f4000802821001040780056
:107b300080407800f0b320001e004000014878002b
:107b40001e0fe8009e007800f0b320000080400087
:107b500031442b00b0f10200010000001e0f400074
:107b600040d22200104078008080fb0010082000e6
:107b7000008060000000e00005003200f0b320004b
:107b80001e00400011c3b300014878000400370014
:107b9000f0b320001e00400001c3b300014878008c
:107ba0001e0fe8009e007800f0b320000080400027
:107bb00081442b00b0f10200010000001e0f4000c4
:107bc0009e007800f0b320008080400040d2220068
:107bd000104078000041eb00fec5020001000000eb
:107be0001e0f4000f0b320001e0040008040eb005c
:107bf000014878000080fa00000006000800fa0042
:107c0000200798003107980001452b00f0b32000b1
:107c1000b0f1020001000000000f78000000eb004e
:107c2000100798009e007800f0b32000808040008c
:107c30001e0090004200dd000080e80072ff20007e
:107c40006240780022c0b300fec5020001000000bf
:107c50001e0f40009e007800f0b32000808040009e
:107c60001e0090004200dd0062ff200062407800ac
:107c700022c0b300fec50200010000001e0f40003c
:107c80009e007800f0b32000808040001e0090002d
:107c90004200dd0072ff20006240780022c0b30085
:107ca000fec50200010000001e0f40009e0078008b
:107cb000f0b32000808040001e0090004200dd00f4
:107cc0000080e80062ff20006240780022c0b3001c
:107cd000fec50200010000001e0f40009e0078005b
:107ce000f0b3200000804000218d2a00b0f1020096
:107cf000010000001e0f40001e0090000000e80080
:107d0000100798001e009000f30f500004003c0084
:107d1000500920009e007800808f5000c1ff340081
:107d20000080fa0000000600ce00fa0050a798007c
:107d300061a7980091452b00f0b32000b0f102003c
:107d400001000000000f780071f180000020200089
:107d5000008060000000e000a7013a0010398100b7
:107d60000000e000a4013a00e0d421008040eb00d4
:107d700001487800e0d821008040eb0001487800fd
:107d80009e007800f0b320000080400041462b00a8
:107d9000b0f10200010000001e0f40006800470023
:107da000030c200000017800a1462b005ea090008b
:107db000b50807000000e0002b0032006800470013
:107dc00003042000e2d42100f1462b00ae08070096
:107dd0000000eb0010079800030037001e00900021
:107de0000000e800100798009e009000f0032000bb
:107df000808f50000f003c001e0090008080e80043
:107e0000c0d4210000804000104078000004e00051
:107e1000080032001e0090008080e800c0d42100dd
:107e20000080400090407800f0c2b30080cf500046
:107e3000eaff3a009e009000e0d42100008040005c
:107e40008040eb00014878001e009000690040006f
:107e5000e80047000080400080007800e0d8210062
:107e6000b0f10200010000009e007800f0b3200095
:107e700000804000f1462b00b0f10200010000003c
:107e80001e0f40009e007800f0b3200000804000ec
:107e9000e1d42100b0f10200010000001e0f4000fb
:107ea0009e007800f0b3200000804000e18c2a00a2
:107eb000b0f10200010000001e0f40009e0078009b
:107ec000f0b3200000804000e1d82100b0f10200b2
:107ed000010000001e0f40009e007800f0b320005b
:107ee0000080400081472b00b0f10200010000003b
:107ef0001e0f40006800470053002000000178007a
:107f0000f1472b005ea090005f0807000000e00032
:107f10000500320068004700c4c7020001000000ed
:107f200060ea880002003700b01b200060ea880089
:107f30009e007800f0b320008080400060ea80005e
:107f400030c40200010000001e0f40009e007800b7
:107f5000f0b320000080400051482b00b0f1020037
:107f6000010000001e0f40006800470013002000c1
:107f700000017800b1482b005ea090004208070085
:107f80000000e00080003200680047001ec30200cd
:107f900001000000e1e22100804878009e007800a6
:107fa000f0b3200080804000e0e221001040780023
:107fb0000080fb0030c40200010000001e0f4000e2
:107fc000e0e22100104078000004e00005003a00e3
:107fd00001492b00e0e02100b0f1020001000000a7
:107fe00069003700e0e2210010407800e14f5000c6
:107ff00005003a00c1492b00e0e02100b0f1020089
:108000000100000060003700e0e22100104078002d
:10801000e24f500005003a00c14a2b00e0e0210089
:10802000b0f102000100000057003700e0e221003b
:1080300010407800e34f500005003a00b14b2b0090
:10804000e0e02100b0f10200010000004e00370026
:10805000e0e2210010407800e44f50004a003a006e
:10806000680047001300200000017800d14c2b006d
:108070005ea09000040807000000e000420032000b
:10808000680047001ec3020001000000704798000e
:108090007e4090000080fb00e30f50002100320082
:1080a000e30f500007003c00e10f500013003200c6
:1080b000e10f500016003c000000e0000a00320012
:1080c00031003700e50f500020003200e50f50006e
:1080d00019003500e60f500021003200e70f500074
:1080e000240032002800370061912a00e0e02100de
:1080f000b0f10200010000002300370001922a00c5
:10810000e0e02100b0f10200010000001e00370095
:10811000214d2b00e0e02100b0f102000100000041
:1081200019003700c14d2b00e0e02100b0f1020042
:10813000010000001400370021952a00e0e0210032
:10814000b0f10200010000000f003700a1922a00e8
:10815000e0e02100b0f10200010000000a00370059
:1081600041932a00e0e02100b0f10200010000008c
:1081700005003700e1932a00e0e02100b0f10200a1
:1081800001000000000000006800470063002000bc
:1081900000017800514e2b005ea09000ba07070046
:1081a0000000e0001200320068004700c4c702006f
:1081b00001000000706889009e007800f0b3200084
:1081c00000804000c14e2b00b0f102000100000011
:1081d0001e0f40009e007800f0b320008080400019
:1081e0007068810030c40200010000001e0f4000d2
:1081f000680047006300200000017800414f2b0019
:108200005ea09000a00707000000e000150032000b
:1082100068004700ccc302000100000080688900ac
:10822000916889009e007800f0b320000080400033
:10823000d14f2b00b0f10200010000001e0f4000e2
:108240009e007800f0b3200000814000806881002b
:108250009168810063c0b300c2c602000100000043
:108260001e0f400068004700430020000001780016
:1082700071502b005ea09000830707000000e00013
:108280001f00320068004700c4c702000100000060
:10829000200798002e009000e20f500002003e00e0
:1082a0003000200020079800ae009000f00f200062
:1082b000808f500002003600f00f20002007980049
:1082c000ae009000a16889009e007800f0b3200005
:1082d00000804000e1502b00b0f1020001000000de
:1082e0001e0f40009e007800f0b320008080400008
:1082f000a068810030c40200010000001e0f400091
:1083000068004700330020000001780061512b0015
:108310005ea090005c0707000000e0001d00320036
:10832000680047001ec3020001000000604798007b
:10833000ee40900040c6b30080cf500002003600ef
:1083400040c6b3006047980060d12200ee40900024
:10835000014878009e007800f0b3200000804000c3
:10836000d1512b00b0f10200010000001e0f4000af
:108370009e007800f0b320008080400060d1220091
:10838000104078000080fb0030c4020001000000b3
:108390001e0f4000e0d42100104078000004e000ef
:1083a0001e003200e0d82100104078000004e000f8
:1083b000190032006ea090000000e00005003200bd
:1083c000eea0900080e32100b0f102000100000067
:1083d0000300370080e321008040eb000148780073
:1083e00070f180000090a00070f188000000eb00a8
:1083f00080f18800090037009e007800f0b320006b
:108400000080400051522b00b0f10200010000003a
:108410001e0f40000100370000000000f0b32000f4
:108420001e0040008040eb00014878000080fa0008
:10843000000006005e00fa00302f9800412f9800df
:10844000522f9800632f98000e80e80093012000bf
:108450000001780081cb2a003e2890000a0707001f
:108460000000e0005e0032007c0047006300200056
:108470000001780071532b003e289000020707008e
:108480000000e0006c0032007c00470080007800b3
:1084900020b32000ce050200000000000000e00034
:1084a00065003a00300220000e00400092012000da
:1084b0008000eb00f2040200000000003002200007
:1084c0000e00400084d12200a3d1220000017800d8
:1084d0006102200000cab30048f002000100000061
:1084e0000040eb00407f98008e80e80030022000c2
:1084f0000e00400078f3020001000000e54f50003c
:108500004d00360010b3200010407800e34f5000bb
:1085100049003a0010b3200041c0b3000148780080
:108520004e2890000000e000290032005e289000f4
:108530000000e000260032006e2890000000e000fd
:1085400023003200d00320000e004000b1532b0066
:10855000b0f1020001000000000f78001e0078005a
:10856000d10320008e80400000804000de28900073
:10857000b0f10200010000001e0f40001e00780054
:10858000d10320008e80400000804000411b2b0062
:10859000b0f10200010000001e0f40001e00780034
:1085a000d10320008e80400000804000ee28900023
:1085b000b0f10200010000001e0f4000d0032000b7
:1085c0000e00400012c0b3008000eb0063d907002a
:1085d00060aa220011c0b3000148780016003700dd
:1085e0000e80e800930120000001780051292b0043
:1085f0003e289000a40607000000e00007003200bb
:10860000ae40900010c3b30080cf500003003a008a
:1086100010b3200021c0b3000148780010b320003f
:10862000104078000004e00003003a0010b320007e
:1086300011c0b30001487800f1532b00f0b32000c3
:10864000b0f1020001000000000f78009e007800e9
:10865000f0b320008080400010b32000104078006c
:108660000041eb00fec50200010000001e0f4000ab
:108670000080fa00000006001a00fa00889fbe0081
:10868000300f9800410f980051552b00f0b3200097
:10869000b0f1020001000000100798009e00900059
:1086a000f0b320000080400041562b00b0f10200e2
:1086b000010000009e00900000804000100798001c
:1086c0009e009000f0b3200000804000c1562b00b7
:1086d000b0f10200010000009e0090000080400008
:1086e000100798009e009000f0b32000008040002a
:1086f00011572b00b0f10200010000009e00900015
:1087000000804000100798006500470085d12200d6
:10871000a4d122008001780032c0b3007103200090
:1087200000cab30054af0200010000009e00900098
:10873000f0b320000080400061402b00b0f1020047
:10874000010000009e00900000804000100798008b
:108750005e409000e14f400003003a0010c0b300bb
:10876000004f7800020037000040eb00004f780017
:108770009e009000f0b32000808040005e4090009a
:1087800084c70200010000009e00900000804000ad
:108790001007980010c0b300404798002000370031
:1087a0009e009000f0b3200000804000218d2a0040
:1087b000b0f10200010000009e0090000080400027
:1087c000100798009e009000f0b3200080804000c9
:1087d0004e4090000080fb00000047005040900099
:1087e00084c70200010000009e009000008040004d
:1087f000100798004e4090000080fb0000004700ea
:1088000050409000e14f4000020032000040eb0079
:10881000004f78004e4090000040e800404798002c
:108820004e409000e24f5000ddff360073004700dd
:10883000130020000001780081572b003e089000b3
:10884000110607000000e000180032000040eb00b5
:1088500040579800be509000f0c2b30080cf500047
:1088600007003600be50900090c3b30080cf500088
:1088700003003e001e407800e14f500002003a0025
:1088800000c3b300305798007300470085d1220021
:10889000a4d122008001780012c0b300e1012000c1
:1088a00000cab30044ae0200010000009e00900028
:1088b000f0b3200000804000c1572b00b0f102004f
:1088c000010000009e00900000804000100798000a
:1088d0007300470085d12200a4d1220080017800d6
:1088e00012c0b300e101200000cab30054af02007f
:1088f000010000000040eb0040579800be5090007f
:10890000f0c2b30080cf50000b003600be50900084
:1089100090c3b30080cf500007003e00be509000cf
:1089200000c3b30080cf5000100032001e4078001a
:10893000e14f50000d003a0000c3b30030579800db
:108940000040eb00405798007300470085d122009b
:10895000a4d122008001780012c0b300e101200000
:1089600000cab30044ae020001000000f30047005b
:108970001e019000f0b3200000004100b0f10200a1
:10898000010000009e009000008040001007980049
:1089900000c62100104078000004e00013003200ff
:1089a0009e009000f0b320000080400011582b0082
:1089b000b0f10200010000009e0090000080400025
:1089c0001007980001c621001e019000f0b320009e
:1089d00000004100b0f10200010000009e00900084
:1089e0000080400010079800090037009e009000aa
:1089f000f0b320000080400081582b00b0f102004d
:108a0000010000009e0090000080400010079800c8
:108a1000a0bb2100104078000004e00013003200e9
:108a20009e009000f0b320000080400001592b0010
:108a3000b0f10200010000009e00900000804000a4
:108a400010079800a1bb21001e019000f0b3200088
:108a500000004100b0f10200010000009e00900003
:108a60000080400010079800090037009e00900029
:108a7000f0b320000080400071592b00b0f10200db
:108a8000010000009e009000008040001007980048
:108a90009e009000f0b3200000804000f1592b00b0
:108aa000b0f10200010000009e0090000080400034
:108ab00010079800f1bc21001e019000f0b32000c7
:108ac00000004100b0f10200010000009e00900093
:108ad00000804000100798006900470093002000c4
:108ae00000017800515a2b003e08900066050700ef
:108af0000000e000060032009e48900010c3b30062
:108b000080cf500002003a0010c0b300004f780040
:108b10001e407800e14f500068003a0069004700ad
:108b20009300200000017800b15a2b003e0890000d
:108b3000550507000000e000600032000040eb0037
:108b400040479800080037004e4090000080fb002e
:108b5000000047008040eb00514098004e409000dc
:108b60000040e800404798004e409000e24f50001f
:108b7000f5ff36000040eb00404798000000eb0096
:108b80001007980026003700e90047001e009000fb
:108b90000080400090407800a0c3b30080cf500018
:108ba00004003a004e4090000040e8004047980022
:108bb000180037004e4090000080fb00ce4090002f
:108bc0008180fb0081004700d1409000c408dd0097
:108bd00000004700514098004e4090000084fb0088
:108be0004e4090000080fb0000004700d044900001
:108bf000e90047001e00900000804000104078000f
:108c000072c502000100000080c074000800470027
:108c1000514098001e0090000000e80010079800e6
:108c2000e90047001e0090000080400010407800de
:108c30000004e000030032004e409000e24f50007c
:108c4000d1ff36004e409000e24f50001b003a002a
:108c50006500470085d12200a4d122008001780060
:108c600032c0b3007103200000cab30044ae02005a
:108c70000100000000c3b300305798000040eb0033
:108c8000405798007300470085d12200a4d12200ec
:108c90008001780012c0b300e101200000cab300d7
:108ca00044ae0200010000000040eb003057980085
:108cb00073004700ce0890006ffe07004f04be000f
:108cc0000080fa00000006000200fa00000f7800a1
:108cd000f15a2b00f0b32000b0f1020001000000b7
:108ce0000080fa00000006000600fa001007980055
:108cf00021079800515c2b00f0b32000b0f1020076
:108d000001000000000f78009e007800f0b3200002
:108d100000804000f15c2b00b0f102000100000077
:108d20001e0f40009e007800f0b32000008040003d
:108d3000c15d2b00b0f10200010000001e0f4000d9
:108d40009e007800f0b3200000804000415e2b00c0
:108d5000b0f10200010000001e0f40000080fa0088
:108d6000000006000400fa00100798000040eb0025
:108d7000004f78001e0090000000e00003003a0061
:108d800010c0b300004f780024003700e0d8200066
:108d9000104078000080fb00620060000000e000ee
:108da000170032001e00900090407800b0c2b3005f
:108db00080cf500012003a0020ac22001040780012
:108dc000e14f500007003e0020ac22001040780028
:108dd0008040e80020ac22000148780010c0b300b9
:108de000004f78009e00900080aa2200b0f102009f
:108df0000100000030ac22006eb102000100000052
:108e00009e00900080aa2200b0f102000100000044
:108e100030ac22006eb10200010000001e4078005c
:108e20000080fa00000006002800fa0020179800d1
:108e300031179800c2978000d39780007094230068
:108e400051af27000002690081826900c29780004b
:108e5000d397800080e72d0031af25000001690025
:108e600081816900c6978000d797800060ae270097
:108e70004163220000006b0081806b0064034700a7
:108e8000849fbe00829fbe00809fbe00f05e2b00cc
:108e9000801f780006007800bc040200000000007b
:108ea000ee8757000000eb00100798000000eb0071
:108eb000000f7800df0037001e007800ae10900031
:108ec000008040009e0078002e119000810041003b
:108ed000914078000141780001052100914178001e
:108ee0009e0078008140780081c061008141780057
:108ef000640247009e00900081004200914078008b
:108f000081c141009e0090008100e800810047007f
:108f1000c140900081c141009e0090008180e80026
:108f200081004700c140900081c041008140410064
:108f3000014878001e0090000000e800100798002b
:108f4000e40047001e0090000080400010407800c0
:108f50000004e00002003a000000eb001007980057
:108f60001e007800ae109000008040009040780015
:108f7000f0c2b30080cf5000070034001e0078001c
:108f8000ae109000008040009040780090c3b30085
:108f900080cf5000a60034001e007800ae10900074
:108fa000008040009040780000c6b30080cf5000a1
:108fb000070034001e007800ae10900000804000d2
:108fc00090407800a0c7b30080cf500098003400d4
:108fd0001e007800ae1090000080400090407800a5
:108fe00000c4b30080cf5000070034001e0078009a
:108ff000ae1090000080400090407800a0c5b30003
:1090000080cf50008a0034001e007800ae1090001f
:109010000080400090407800a0c2b30080cf500094
:10902000830032001e007800ae10900000804000e7
:109030009040780030c2b30080cf50007c003200f6
:109040001e007800ae109000008040009040780034
:10905000d0c2b30080cf5000750032001e007800ef
:10906000ae1090000080400090407800b0c2b30085
:1090700080cf50006e0032001e007800ae109000cd
:10908000008040009040780010c2b30080cf5000b4
:10909000670032001e007800ae1090000080400093
:1090a0009040780060c2b30080cf50006000320072
:1090b0001e007800ae1090000080400090407800c4
:1090c000c0c7b30080cf5000590032001e007800a6
:1090d000ae109000008040009040780000c4b300c3
:1090e00080cf5000520032001e007800ae10900079
:1090f0000080400090407800d0c3b30080cf500083
:109100004b0032001e007800ae109000008040003e
:109110009e0078002e11900081004100914078005f
:10912000f143b200014878001e007800ae109000b4
:109130000080400010407800e94f50000a003c00d9
:109140001e007800ae109000008040009e00780065
:109150002e11900081004100914078000143b00041
:1091600001487800270037001e007800ae109000fc
:10917000008040009040780030c2b30080cf5000a3
:109180000a003c001e007800ae10900000804000f5
:109190009e0078002e1190008100410091407800df
:1091a0007145b00001487800160037001e007800b5
:1091b000ae1090000080400090407800d0c3b30013
:1091c00080cf50000a003c001e007800ae109000d6
:1091d000008040009e0078002e1190008100410028
:1091e00091407800fdc0400001487800050037003c
:1091f0001e007800ae10900000804000a1c2b300b5
:10920000014878001e007800ae10900000804000f9
:10921000104078000004e00005003a001e007800cd
:10922000ae10900000804000a1c5b3000148780056
:109230001e0fe8003e1090009e007800808f5000c6
:109240001dff35003e109000ae10900000804000e1
:109250008040eb00014878002e1090000080fa005a
:10926000000006006c00fa00403798005137980063
:10927000c0978000d197800061004000e0804800e6
:10928000c0978800d1978800c0978000d197800050
:10929000320220000e014100809fbe00905f2b0033
:1092a000801f780002007800bc040200000000006b
:1092b000e6875700d15f2b00f0b32000b0f1020029
:1092c00001000000000f78009e007800f0b320003d
:1092d00000804000310220008e804000b0f102008a
:1092e000010000001e0f40009e007800f0b3200037
:1092f0000080400081602b00b0f1020001000000fe
:109300001e0f40000040eb00206798000e80e80030
:1093100001022000c4fe07009e007800f0b3200088
:10932000008040008e80e800b0f1020001000000e3
:109330001e0f4000310220008e8040000e80e800a9
:109340005aaa0200010000009e007800f0b320003d
:1093500000804000d1602b00b0f10200010000004d
:109360001e0f40009e007800f0b3200000804000f7
:10937000310220008e804000b0f1020001000000a8
:109380001e0f4000f0b320001e0040008040eb00a4
:10939000014878000080fa00000006000e00fa0084
:1093a000300798004107980052079800630798001b
:1093b000f0b320008040eb000148780064004700d3
:1093c0000001780031612b003e00900022f3020082
:1093d000010000000000e0000400320060aa22004a
:1093e00011c0b300014878000300370060aa2200d2
:1093f0008040eb00014878003e009000104078006b
:109400000000fb006101b900f0fb2f00f1ff2f000d
:109410000200400083804800520120000300200029
:10942000820f5000838f5800b3023e00006001009d
:109430001500370030003700390037006f00370063
:10944000ad0237009c003700b9003700fa00370042
:109450000c013700a8023700a702370024013700ab
:1094600040013700a40237005d0137006f0137006b
:10947000a10237008a013700bd0137000202370020
:109480009d0237005902370091612b003e00900089
:10949000dcf00200010000000000e00003003200e8
:1094a000ce0090003e00900035cc0700f1612b000b
:1094b0003e009000dcf00200010000000000e0002f
:1094c00003003200ce0090003e009000b5cb0700b4
:1094d00051622b003e009000dcf002000100000011
:1094e0000000e00063023200ce0090003e009000d9
:1094f000dbcb07008002370091622b003e0090001a
:10950000dcf00200010000000000e0005b0232001d
:10951000ce0090003e009000b8cc070076023700e5
:10952000d1622b003e009000dcf002000100000040
:109530000000e00003003200ce0090003e009000ea
:10954000e6cc070011632b003e009000dcf0020027
:10955000010000000000e00003003200ce00900097
:109560003e00900078ce070071632b003e00900013
:10957000dcf00200010000000000e0000300320007
:10958000ce0090003e009000c7d10700d1632b00b1
:109590003e009000dcf00200010000000000e0004e
:1095a00003003200ce0090003e009000aad20700d7
:1095b00011642b003e009000dcf00200010000006e
:1095c0000000e00003003200ce0090003e0090005a
:1095d00039d3070051642b003e009000dcf00200fc
:1095e000010000000000e00026023200ce009000e2
:1095f0003e00900072ca07003f02370001652b0051
:109600003e009000dcf00200010000000000e000dd
:1096100003003200ce0090003e009000b2fd070033
:1096200071652b003e009000dcf00200010000009c
:109630000000e000040032000041eb00ce0090008a
:109640003e00900045d50700a1652b003e0090002c
:10965000dcf00200010000000000e0000300320026
:10966000ce0090003e0090009fd4070001662b00c2
:109670003e009000dcf00200010000000000e0006d
:1096800003003200ce0090003e0090000ed4070090
:1096900061662b003e009000dcf00200010000003b
:1096a0000000e000f901320060a1200011c0b30009
:1096b0000148780010023700b1662b003e00900090
:1096c000dcf00200010000000000e00006003200b3
:1096d0004e0090000000e00003003a00ce00900031
:1096e0003e00900011d6070001672b003e0090005d
:1096f000dcf00200010000000000e0000200320087
:109700003e00900070fd070041672b003e00900076
:10971000dcf00200010000000000e000dd0132008a
:10972000ce0090003e00900067d40700f2013700a1
:1097300081672b003e009000dcf002000100000079
:109740000000e00003003200ce0090003e009000d8
:1097500027d60700d1672b003e009000dcf0020006
:10976000010000000000e00003003200ce00900085
:109770003e0090000fec070021682b003e00900097
:10978000dcf00200010000000000e00003003200f5
:10979000ce0090003e00900060ec070091682b0026
:1097a0003e009000dcf00200010000000000e0003c
:1097b00003003200ce0090003e00900084f80700c5
:1097c00001692b003e009000dcf002000100000067
:1097d0000000e00003003200ce0090003e00900048
:1097e000d8f4070071692b003e009000dcf0020005
:1097f000010000000000e000a80132003e009000df
:1098000063004000104078000004e00006003200d1
:109810003e009000630040009040780000c2b3001a
:1098200080cf50009f013a00ce0090003e00900093
:1098300004f50700b0013700b1692b003e0090002d
:10984000dcf00200010000000000e0000300320034
:10985000ce0090003e009000e8f80700f1692b0070
:109860003e009000dcf00200010000000000e0007b
:109870008e013200ce0090003e0090002af90700d1
:109880009d013700816a2b003e009000dcf0020051
:10989000010000000000e00003003200ce00900054
:1098a0003e00900023ee0700d16a2b003e0090009e
:1098b000dcf00200010000000000e00003003200c4
:1098c000ce0090003e00900050ee0700216b2b0070
:1098d0003e009000dcf00200010000000000e0000b
:1098e00003003200ce0090003e00900080ee0700a2
:1098f000c16b2b003e009000dcf002000100000074
:109900000000e00003003200ce0090003e00900016
:1099100071ef0700216c2b003e009000dcf002008c
:10992000010000000000e00006003a00916c2b00ee
:109930003e009000dcf00200010000000000e000aa
:1099400003003200ce0090003e009000adee070014
:10995000116d2b003e009000dcf0020001000000c1
:1099600065013700916d2b003e009000dcf0020095
:10997000010000000000e00003003200ce00900073
:109980003e009000d2c40700116e2b003e009000f4
:10999000dcf00200010000000000e00003003200e3
:1099a000ce0090003e0090004bc50700716e2b006a
:1099b0003e009000dcf00200010000000000e0002a
:1099c0003c0132004e0090000000e0003b013a00f4
:1099d000ce0090003e0090001ec3070046013700f5
:1099e000f16e2b003e009000dcf002000100000050
:1099f0000000e00003003200ce0090003e00900026
:109a000027c80700916f2b003e009000dcf0020099
:109a1000010000000000e0002a013200ce009000aa
:109a20003e00900054c807003301370001702b003e
:109a30003e009000dcf00200010000000000e000a9
:109a400003003200ce0090003e00900001c80700e5
:109a500031702b003e009000dcf00200010000009d
:109a60000000e0000400320012c0b300ce009000fd
:109a70003e0090006ef10700a1702b003e009000a8
:109a8000dcf00200010000000000e0000f013200e5
:109a9000ce0090003e0090002ff307001601370023
:109aa00011712b003e009000dcf00200010000006c
:109ab0000000e000060032004e0090000000e000d0
:109ac00003003a00ce0090003e0090009fef070098
:109ad000b1712b003e009000dcf00200010000009c
:109ae0000000e000060032004e0090000000e000a0
:109af00003003a00ce0090003e009000dcef07002b
:109b000041722b003e009000dcf0020001000000da
:109b10000000e00003003200ce0090003e00900004
:109b2000b1ef0700b1722b003e009000dcf00200a4
:109b3000010000000000e00003003200ce009000b1
:109b40003e009000c7fd0700f1722b003e00900020
:109b5000dcf00200010000000000e000dd00320047
:109b6000ce0090003e009000eaef0700e2003700d0
:109b700061732b003e009000dcf002000100000049
:109b80000000e000050032000041eb00ce00900034
:109b90003e00900026f10700d700370091732b009c
:109ba0003e009000dcf00200010000000000e00038
:109bb000050032004e0090000000e00002003a0074
:109bc0003e009000a7f00700d1732b003e009000ec
:109bd000dcf00200010000000000e000050032009f
:109be0004e0090000000e00002003a003e009000ad
:109bf00076f0070001742b003e009000dcf00200bc
:109c0000010000000000e00003003200ce009000e0
:109c10003e009000acf0070041ae2a003e009000ec
:109c2000dcf00200010000000000e0000300320050
:109c3000ce0090003e009000d0f0070071742b0021
:109c40003e009000dcf00200010000000000e00097
:109c500003003200ce0090003e00900095f1070016
:109c6000f1742b003e009000dcf0020001000000c7
:109c70000000e00099003200ce0090003e0090000d
:109c8000e0f007009c00370031752b003e0090008b
:109c9000dcf00200010000000000e00029003200ba
:109ca0004e0090000000e00026003a008080200076
:109cb000104078000004e0000400320080802000a2
:109cc0008040eb00014878000300370080802000ce
:109cd00011c0b3000148780091752b00f0b320004b
:109ce000b0f1020001000000200798002e00900053
:109cf00080007800f0b32000808040008080200049
:109d0000104078000041eb00fec502000100000099
:109d1000ae00900001004000200798002e00900047
:109d200080007800f0b3200000804000b1882a0055
:109d3000b0f1020001000000ae0090000100400000
:109d40002007980051762b003e009000dcf00200c6
:109d5000010000000000e000040032004e0090000e
:109d60000000e00001003a00ffff3700a1762b0061
:109d70003e009000dcf00200010000000000e00066
:109d8000050032004e0090000000e00002003a00a2
:109d90003e0090005cf20700f1762b003e00900040
:109da000dcf00200010000000000e00003003200cf
:109db000ce0090003e009000f0f1070091772b005c
:109dc0003e009000dcf00200010000000000e00016
:109dd000440032004e0090000000e00043003a00d2
:109de0003e009000b4f107004300370051782b008b
:109df0003e009000dcf00200010000000000e000e6
:109e000003003200ce0090003e0090006ef207008a
:109e1000a1782b003e009000dcf002000100000061
:109e200011792b003e009000dcf0020001000000e0
:109e30000000e00003003200ce0090003e009000e1
:109e40000dfa070091792b003e009000dcf0020033
:109e5000010000000000e00026003200ee0190004a
:109e60005e019000ce0090003e00900071f9070066
:109e700021003700000000001f0037000000000034
:109e80001d003700000000001b003700000000002c
:109e90001900370000000000170037000000000024
:109ea000150037000000000013003700000000001c
:109eb00011003700000000000f0037000000000014
:109ec0000d003700000000000b003700000000000c
:109ed0000900370000000000070037000000000004
:109ee00005003700000000000300370000000000fc
:109ef000010037000000000060aa22001040780036
:109f00000004e00007003200f0b320008040eb00c6
:109f10000148780060b12000e1c1b3000148780039
:109f200057003700f0b32000104078000004e00034
:109f300034003a004e0090008afb0700204798004a
:109f40002e4090000004e00022003200817a2b00b5
:109f5000f0b32000b0f102000100000020079800db
:109f60000000eb00000f78000b0037002e0090007f
:109f70009e0078003e019000810041001141780070
:109f8000f1b32000827078002e0090000000e800fd
:109f9000200798001e0fe800ae009000400a200045
:109fa000808f500006003c001e007800be0090002c
:109fb00000804000104078000004e000ebff3a0011
:109fc0002e009000f1b320000041eb008270780079
:109fd0001b00370070f6020001000000007b2b0020
:109fe0000cf60200010000004e0090000cf602008a
:109ff00001000000b0882a000cf6020001000000f9
:10a000000f0037004e0090000000e0000900320011
:10a01000ce00900080aa2200ce05020000000000c1
:10a020000000e00003003a0020ac22008040eb007a
:10a030000148780060b12000e1c1b3000148780018
:10a040004e0090000000e0000d003a00f0b3200048
:10a05000104078000004e00009003200f0b3200056
:10a060000cf6020001000000b0882a000cf6020085
:10a0700001000000f0b320008040eb0001487800b0
:10a080000080fa00000006000e00fa003007980079
:10a090004107980052079800630798000000eb0002
:10a0a000000f78003e0090000000e0004300320006
:10a0b0006400470000017800ce0090003e00900050
:10a0c00022f30200010000000000e0003b0032002b
:10a0d0004e009000dac5020001000000ae009000c2
:10a0e00001004000200798000000eb0010079800d6
:10a0f0000e0037001e009000de009000008040003f
:10a10000ae0090003e019000810041009140780037
:10a11000014878002e0090000000e8002007980019
:10a120001e0090000000e800100798009e009000bc
:10a130006e009000808f500019003d002e009000ae
:10a14000be009000008040009040780000c2b30044
:10a1500080cf5000120032002e009000be00900010
:10a160000080400010407800ea4f50000c003200a0
:10a170002e009000be00900000804000104078004b
:10a18000ed4f5000060032002e009000be009000ff
:10a1900000804000104078000004e000d5ff3a0045
:10a1a0001e009000de009000008040008040eb0028
:10a1b0000148780010002000000f78001e00780091
:10a1c0000080fa00000006000e00fa003007980038
:10a1d0004107980052079800630798000000eb00c1
:10a1e000000f78003e0090000000e00043003200c5
:10a1f0006400470000017800ce0090003e0090000f
:10a2000022f30200010000000000e0003b003200e9
:10a210004e009000dac5020001000000ae00900080
:10a2200001004000200798000000eb001007980094
:10a230000e0037001e009000de00900000804000fd
:10a24000ae0090003e0190008100410091407800f6
:10a25000014878002e0090000000e80020079800d8
:10a260001e0090000000e800100798009e0090007b
:10a270006e009000808f500019003d002e0090006d
:10a28000be009000008040009040780000c2b30003
:10a2900080cf5000120032002e009000be009000cf
:10a2a0000080400010407800ea4f50000c0032005f
:10a2b0002e009000be00900000804000104078000a
:10a2c000ed4f5000060032002e009000be009000be
:10a2d00000804000104078000004e000d5ff3a0004
:10a2e0001e009000de009000008040008040eb00e7
:10a2f0000148780010002000000f78001e00780050
:10a300000080fa00000006000400fa001007980020
:10a310000040eb00004f7800040037001e00900062
:10a320000000e800100798001e4fe8001e00900093
:10a330001040780084f20200010000000000e000fc
:10a34000f6ff3a001e407800e44f500003003a0048
:10a3500010c0b300004f7800020037000040eb004f
:10a36000004f78001e4078000080fa0000000600d0
:10a370000800fa001007980021079800624798002b
:10a380006e4090000080fb0061006000004078009b
:10a390000004e0000700320012c0b300ae009000dd
:10a3a0001e00900068d4020001000000004f7800f9
:10a3b000060037000041eb00ae0090001e00900048
:10a3c00068d4020001000000004f78001e407800b1
:10a3d000e14f500007003a000002eb008001eb0063
:10a3e000629c220051922200907c2b0062c00700e8
:10a3f000060037000002eb008001eb001e01900018
:10a40000ae009000107d2b005bc007001e4078005e
:10a410000080fa00000006000800fa0020479800bb
:10a420002107980032079800917d2b0070a1200031
:10a43000b0f1020001000000000f7800420120008e
:10a440008000eb0000fe2000f2040200000000008b
:10a4500000fe200085d12200a4d1220080017800d6
:10a4600042c1b3004100200000cab30054af020053
:10a470000100000040ff20008040eb000148780010
:10a480009e00780070a120000080400001fe2000a6
:10a49000b0f10200010000001e0f40009e00780095
:10a4a00070a1200000804000617e2b00b0f102000e
:10a4b000010000001e0f40009e00780070a12000e7
:10a4c00000804000be009000b0f1020001000000da
:10a4d0001e0f40009e00780070a120000080400008
:10a4e00041cf2a00b0f10200010000001e0f400021
:10a4f0009e00780070a12000008040000041eb0029
:10a50000800078002e409000fec50200010000008f
:10a510001e0f40009e00780070a1200000804000c7
:10a52000218f2a00b0f10200010000001e0f400040
:10a530009e00780070a1200080804000106d800097
:10a5400030c40200010000001e0f40009e00780091
:10a5500070a1200000804000c17e2b00b0f10200fd
:10a56000010000001e0f40009e00780070a1200036
:10a5700000804000a83b0200010000000080fb00ba
:10a580001e0f400012c0b30071a120002e009000e9
:10a5900077ff07000080fa00000006000c00fa00b8
:10a5a0002047980021079800320798004307980039
:10a5b000244f98002e4890000004e000060032006e
:10a5c000117f2b0070a12000b0f1020001000000fb
:10a5d000000f78000500370021802b0070a12000bb
:10a5e000b0f1020001000000000f780042012000dd
:10a5f0008000eb0000fe2000f204020000000000da
:10a6000000fe200085d12200a4d122008001780024
:10a6100042c1b3004100200000cab30054af0200a1
:10a620000100000040ff20008040eb00014878005e
:10a630009e00780070a120000080400001fe2000f4
:10a64000b0f10200010000001e0f40002e489000f3
:10a650000004e000080032009e00780070a1200095
:10a6600000804000f1802b00b0f1020001000000ea
:10a670001e0f4000070037009e00780070a12000e8
:10a6800000804000f1842a00b0f1020001000000c7
:10a690001e0f40009e00780070a120000080400046
:10a6a000be009000b0f10200010000001e0f40004b
:10a6b0002e4890000004e0001f003a009e00780041
:10a6c00070a120000080400041cf2a00b0f10200bc
:10a6d000010000001e0f40009e00780070a12000c5
:10a6e000008040000041eb00800078002e40900088
:10a6f000fec50200010000001e0f40009e00780011
:10a7000070a1200000804000218f2a00b0f10200db
:10a71000010000001e0f40009e00780070a1200084
:10a7200080804000106d800030c4020001000000f5
:10a730001e0f40000e0037009e00780070a1200020
:10a740000080400061812b00b0f102000100000098
:10a750001e0f40009e00780070a120008080400005
:10a76000106d800030c40200010000001e0f400088
:10a770002e4890000004e000080032009e0078009f
:10a7800070a1200000804000e1812b00b0f10200a8
:10a79000010000001e0f4000070037009e007800f7
:10a7a00070a120000080400031842a00b0f1020036
:10a7b000010000001e0f40009e00780070a12000e4
:10a7c00000804000800078004e00900030c40200fd
:10a7d000010000001e0f400012c0b30071a1200054
:10a7e0002e009000e2fe07000080fa000000060044
:10a7f0000a00fa00204798002107980032079800c5
:10a800004307980041822b0070a12000b0f10200a4
:10a8100001000000000f7800420120008000eb00e2
:10a8200000fe2000f20402000000000000fe2000f4
:10a8300085d12200a4d122008001780042c1b3005a
:10a840004100200000cab30054af02000100000024
:10a8500040ff20008040eb00014878009e00780017
:10a8600070a120000080400001fe2000b0f1020035
:10a87000010000001e0f40009e00780070a1200023
:10a8800000804000f1842a00b0f1020001000000c5
:10a890001e0f40009e00780070a120000080400044
:10a8a000be009000b0f10200010000001e0f400049
:10a8b0009e00780070a120000080400041cf2a0057
:10a8c000b0f10200010000001e0f40009e00780061
:10a8d00070a12000008040000041eb008000780063
:10a8e0002e409000fec50200010000001e0f400037
:10a8f0009e00780070a120000080400031842a0072
:10a90000b0f10200010000001e0f40009e00780020
:10a9100070a1200000804000800078004e00900070
:10a9200030c40200010000001e0f40009e007800ad
:10a9300070a1200000804000218f2a00b0f10200a9
:10a94000010000001e0f40009e00780070a1200052
:10a9500080804000106d800030c4020001000000c3
:10a9600012c0b30071a120002e00900080fe0700ed
:10a970000080fa00000006000800fa002047980056
:10a98000210798003207980011832b0070a1200046
:10a99000b0f1020001000000000f78004201200029
:10a9a0008000eb0000fe2000f20402000000000026
:10a9b00000fe200085d12200a4d122008001780071
:10a9c00042c1b3004100200000cab30054af0200ee
:10a9d0000100000040ff20008040eb0001487800ab
:10a9e0009e00780070a120000080400001fe200041
:10a9f000b0f10200010000001e0f40009e00780030
:10aa000070a1200000804000f1842a00b0f1020013
:10aa1000010000001e0f40009e00780070a1200081
:10aa200000804000be009000b0f102000100000074
:10aa30001e0f40009e00780070a1200000804000a2
:10aa400041cf2a00b0f10200010000001e0f4000bb
:10aa50009e00780070a12000008040000041eb00c3
:10aa6000800078002e409000fec50200010000002a
:10aa70001e0f40009e00780070a120000080400062
:10aa8000218f2a00b0f10200010000001e0f4000db
:10aa90009e00780070a1200080804000106d800032
:10aaa00030c402000100000012c0b30071a12000f8
:10aab0002e0090002efe07000080fa000000060025
:10aac0000e00fa00204798002107980032079800ee
:10aad000034f9800144f9800254f9800364f980068
:10aae000474f98004e4890000004e00006003200f6
:10aaf000e1832b0070a12000b0f1020001000000f2
:10ab0000000f780005003700c1842b0070a12000e1
:10ab1000b0f1020001000000000f780042012000a7
:10ab20008000eb0000fe2000f204020000000000a4
:10ab300000fe200085d12200a4d1220080017800ef
:10ab400042c1b3004100200000cab30054af02006c
:10ab50000100000040ff20008040eb000148780029
:10ab60009e00780070a120000080400001fe2000bf
:10ab7000b0f10200010000001e0f40004e4890009e
:10ab80000004e000080032009e00780070a1200060
:10ab900000804000f1802b00b0f1020001000000b5
:10aba0001e0f4000070037009e00780070a12000b3
:10abb00000804000f1842a00b0f102000100000092
:10abc0001e0f40009e00780070a120000080400011
:10abd000be009000b0f10200010000001e0f400016
:10abe0004e4890000004e0004f0032009e007800c4
:10abf00070a120000080400061812b00b0f10200b4
:10ac0000010000001e0f40009e00780070a120008f
:10ac100080804000106d800030c402000100000000
:10ac20001e0f40009e00780070a1200000804000b0
:10ac300091852b00b0f10200010000001e0f4000c2
:10ac40009e00780070a12000008040000041eb00d1
:10ac5000800078000e489000fec502000100000050
:10ac60001e0f40009e00780070a120000080400070
:10ac7000e18c2a00b0f10200010000001e0f40002c
:10ac80009e00780070a12000008040000041eb0091
:10ac9000800078001e489000fec502000100000000
:10aca0001e0f40009e00780070a120000080400030
:10acb000e1852b00b0f10200010000001e0f4000f2
:10acc0009e00780070a12000008040000041eb0051
:10acd000800078003e489000fec5020001000000a0
:10ace0001e0f40009e00780070a1200000804000f0
:10acf00031862b00b0f10200010000001e0f400061
:10ad00009e00780070a12000008040000041eb0010
:10ad1000800078002e489000fec50200010000006f
:10ad20001e0f40001e0037009e00780070a120001a
:10ad30000080400041cf2a00b0f102000100000075
:10ad40001e0f40009e00780070a12000008040008f
:10ad50000041eb00800078002e409000fec502000c
:10ad6000010000001e0f40009e00780070a120002e
:10ad700000804000218f2a00b0f102000100000095
:10ad80001e0f40009e00780070a1200080804000cf
:10ad9000106d800030c40200010000001e0f400052
:10ada00012c0b30071a120002e00900070fd0700ba
:10adb0000080fa00000006000600fa002047980014
:10adc0002107980091862b0070a12000b0f10200ad
:10add00001000000000f7800420120008000eb001d
:10ade00000fe2000f20402000000000000fe20002f
:10adf00085d12200a4d122008001780042c1b30095
:10ae00004100200000cab30054af0200010000005e
:10ae100040ff20008040eb00014878009e00780051
:10ae200070a120000080400001fe2000b0f102006f
:10ae3000010000001e0f40009e00780070a120005d
:10ae40000080400041cf2a00b0f102000100000064
:10ae50001e0f40009e00780070a12000008040007e
:10ae60000041eb00800078002e409000fec50200fb
:10ae7000010000001e0f40009e00780070a120001d
:10ae800000804000218f2a00b0f102000100000084
:10ae90001e0f40009e00780070a1200080804000be
:10aea000106d800030c402000100000022c0b30019
:10aeb00071a120002e0090002dfd07000080fa00f7
:10aec000000006000201fa00889fbe008a9fbe00b3
:10aed0008c9fbe0040ff990051ff990062ff9900ce
:10aee00073ff990004479a0030c3b300004f780005
:10aef00010802000104078000083fb0000802000bc
:10af0000104078008082fb007ef891000082fb00f8
:10af10006ef891008081fb001e81fb004ef89100cd
:10af20008080fb00800920000e004000861f780012
:10af3000851f7800841f7800831f7800821f7800a7
:10af4000811f780021352900811f7800bc04020090
:10af500000000000ee875700800920000e0040002e
:10af6000792e0700a0c1b300005f99000040eb00fc
:10af7000105f9900800920000e004000722e07002b
:10af8000d0c0b3003601070070f6020001000000d7
:10af90000e4092008086fb007ef891000086fb0048
:10afa0007ef891008085fb006ef891000085fb0023
:10afb0006ef891008084fb001e84fb009e83fb00e2
:10afc0004ef891000083fb004ef891008082fb0058
:10afd00010802000104078000082fb0010802000cc
:10afe000104078008081fb00008020001040780035
:10aff0000081fb0000802000104078008080fb0072
:10b000000e00e8008d1f78008c1f78008b1f7800e1
:10b010008a1f7800891f7800881f7800871f7800b2
:10b02000861f7800851f7800841f7800831f7800b2
:10b03000821f7800811f780011382900811f780055
:10b04000610920008804020000000000fc8757000e
:10b050000040eb00705799000e00e8000cf602006b
:10b06000010000004f06be004f05be004f04be00a9
:10b070000080fa00000006009a00fa00408f980055
:10b08000536c8000426c800050d820001040780043
:10b090008080fb0040d72000104078000080fb003b
:10b0a000831f7800821f7800811f7800801f78003e
:10b0b00050d72000801f7800ce889000811f780034
:10b0c000103f2900801f78000e007800a2040200c3
:10b0d00000000000ee8757000040eb006057990029
:10b0e0000e0078000cf60200010000000080fa005b
:10b0f000000006000800fa00000f780021479800c1
:10b100002207980033079800a20120008000eb007e
:10b1100040d72000f20402000000000040d72000c9
:10b1200011c0b300014878002e4090000004e000f8
:10b130000600320040d720001040780080407800a0
:10b140000114a00040d7200001487800f200200040
:10b150009e00780050d720004c060200000000003e
:10b1600040d820008040eb000148780060d82000e3
:10b17000e1c1b30001487800ae009000416c880046
:10b18000be009000516c880000ce22001040780074
:10b19000e14f500004003a0020c5b30094d60200ed
:10b1a0000100000015003700920020009e0078008a
:10b1b0005041290022060200000000000000e000cb
:10b1c00007003200920020009e007800f041290024
:10b1d00022060200000000000000e00004003a0027
:10b1e00040c5b30094d60200010000000300370000
:10b1f00040c4b30094d60200010000009042290030
:10b200009dff07000080fa00000006009800fa0089
:10b2100050d82000104078000080fb00801f78008c
:10b2200010432900801f7800e0432900801f780028
:10b230000e007800a204020000000000e68757001c
:10b240000040eb00605799000e0078000cf60200f9
:10b250000100000050d82000104078000080fb0062
:10b2600061006000004078000004e0000700320048
:10b2700040d7200041c0b3000148780060d82000ca
:10b2800031c0b3000148780005003700a20120005a
:10b290008000eb0040d72000f20402000000000014
:10b2a0000080fa00000006000400fa002047980021
:10b2b0000040eb00004f78002e4090000004e000ba
:10b2c0001300320060fc2000104078008040e8004d
:10b2d00060fc20000148780060fc200010407800ed
:10b2e000ea4f50000d003600800e2000d0988800f4
:10b2f000d0062100104078008040e800d0062100f0
:10b300000148780010c0b300004f780003003700f8
:10b3100060fc20008040eb00014878001e4078006f
:10b320000080fa00000006000200fa00004f7800da
:10b330000039810063006000e10f500045003200d9
:10b34000e0d82000104078000080fb006100600021
:10b35000004078000004e0003f0032001e4078000a
:10b36000ed4f5000030032001e407800ea4f5000bd
:10b370001c003a0050fc2000104078000004e0005f
:10b380001400320050fc20009040780070ccb300d4
:10b3900080cf50000f003e0050fc2000104078008d
:10b3a0000080fb00c1ef20000041eb0082707800bc
:10b3b000304629000cf6020001000000c0ef20001a
:10b3c0000cf6020001000000e04629000cf6020025
:10b3d0000100000050fc20008040eb000148780094
:10b3e0001d00370050fc20009040780070ccb30066
:10b3f00080cf500018003e0050fc20001040780024
:10b400000080fb001e417800c1ef200082707800b0
:10b4100050fc2000104078008040e80050fc2000e4
:10b4200001487800f0072200104078009e40780024
:10b4300080cf500008003a00f0072200104078004a
:10b440000004e00004003200a0c0b300b6ff070013
:10b4500001003700000000000080fa000000060034
:10b460000200fa00004f7800e0d820001040780079
:10b470000080fb0061006000004078000004e000f4
:10b48000390032001e407800ed4f500003003200ba
:10b490001e407800ea4f500021003a00b0ef200033
:10b4a000104078000004e0002f003200b0ef2000d0
:10b4b0009040780080ccb30080cf500029003e003f
:10b4c000b0ef2000104078000080fb0021e3200056
:10b4d0000041eb0082707800104729000cf6020052
:10b4e0000100000020e320000cf602000100000033
:10b4f000c04729000cf6020001000000b0ef200058
:10b500008040eb0001487800820c20008000eb00b6
:10b5100020e32000f20402000000000012003700c7
:10b52000b0ef20009040780070ccb30080cf500086
:10b530000d003e00b0ef2000104078000080fb00be
:10b540001e41780021e3200082707800b0ef2000d7
:10b55000104078008040e800b0ef200001487800fb
:10b5600001003700000000000080fa000000060023
:10b570005400fa00881f780020d798002ed0900041
:10b5800069ff0700e00d2200904078002ed0900067
:10b5900080cf50000b003a00f00681000090a00020
:10b5a000f006890080c2b3005fff070010c3b3003c
:10b5b0005dff070090c2b3005bff0700d0c0b3007f
:10b5c00059ff0700000e2200904078002ed0900016
:10b5d00080cf500013003a00f106810000202000c7
:10b5e000008060000000e0000e003200000e22002b
:10b5f0008040eb0001487800000781000090a00027
:10b600000007890080c2b30047ff070020c3b300d2
:10b6100045ff070090c2b30043ff0700d0c0b3004e
:10b6200041ff07001107810000102000008060002a
:10b630000000e000580032002ed090000080fb0097
:10b64000ed0f500023003200ed0f500003003c00ce
:10b65000ea0f5000310032004f003700b1042000e3
:10b66000810f50000f003200f1042000810f5000c4
:10b6700049003a00200e220010407800e24f5000ae
:10b6800004003a00200e220031c0b30001487800c7
:10b6900041003700200e22008040eb000148780076
:10b6a0003d003700200e220010407800e34f50008c
:10b6b00004003a00200e220041c0b3000148780087
:10b6c00035003700200e22008040eb000148780052
:10b6d00031003700200e2200104078000004e00006
:10b6e00004003200200e220010407800e44f500089
:10b6f00006003a00200e2200104078008040e8004a
:10b70000200e22000148780023003700200e22007e
:10b7100011c0b300014878001f003700200e22003e
:10b7200010407800e14f500004003200200e22004b
:10b7300010407800e54f500013003a00200e220020
:10b74000104078008040e800200e22000148780078
:10b75000200e220010407800e64f500008003a000a
:10b76000100781000090a0001007890010078100d9
:10b770000080a100100789000040eb00cafe07000e
:10b780000000000004003700200e22008040eb0083
:10b7900001487800000000002ed09000ea4f5000d1
:10b7a00098053a004021220010407800e14f5000f7
:10b7b0003a003a001107810000202000008060005c
:10b7c0000000e00035003200200781000000a000ea
:10b7d00020078900200781000010a00020078900b1
:10b7e000b00d8100c10d810061004000e080480083
:10b7f000b00d8900c10d8900a01b22001040780007
:10b80000e14f400005003200a01b220010407800ec
:10b810008040e800a01b220001487800402122005f
:10b820008040eb0001487800200781000030a10033
:10b8300020078900401b220010407800e14f500093
:10b8400016003600401b2200104078000080fb00ec
:10b850008000e900400e22000080400090409000ef
:10b86000c0c7b30080cf50000c003a00401b22003c
:10b87000104078008040e900401b22000148780019
:10b88000401b2200104078008080fb00400e220008
:10b89000008040008040eb001140980090f2800052
:10b8a0000000e0006505320090f2800041e52100d3
:10b8b0000041eb00827078004021220010407800a7
:10b8c000e14f50000f003a0090f2800041e5210066
:10b8d000c2c7b3008270780091f28000d00f2000c0
:10b8e000808f500003003e0090f280000000e800ce
:10b8f00090f2880090f2800041e521000041eb00c9
:10b90000827078000000eb0020079800200e2200d3
:10b9100010407800e54f500025003200200e220034
:10b9200010407800e64f50002100320041e5210030
:10b9300040f52100b0f1020001000000d0212200fa
:10b94000104078000004e0001900320040f52100aa
:10b95000f20502000000000000407800004178007d
:10b96000d121220040f521007af1020001000000ff
:10b970000000e0000e00320042012000e1472900f3
:10b98000c0c82000e404020000000000c0c820007d
:10b990000cf6020001000000c021220011c0b3001b
:10b9a00001487800d02122008040eb000148780057
:10b9b000506480000000e0001100350050648000f9
:10b9c000e30f50000e003c0020f721008040eb0008
:10b9d00001487800f2bc2100506480007f00b9006b
:10b9e000000078000000410041f52100eef1020066
:10b9f00001000000506480000000e80050648800ee
:10ba000020078100610060000000e000ff013a00b3
:10ba100020078100620060000000e000fb013a00a6
:10ba200090f28000e70f50007f01360072c0b30033
:10ba30002149290040e521007af1020001000000bf
:10ba40000000e0007801320010c0b300004f780021
:10ba5000ee2b070040212200104078000004e00097
:10ba6000a2013a004021220011c0b3000148780031
:10ba7000200781000020a0002007890070c0b300cb
:10ba8000104798000000eb00900d89001f00370060
:10ba90001e4090000080fb0041e52100e14078005d
:10baa000f0c2b30080cf5000150034001e4090005b
:10bab0000080fb0041e52100e140780090c3b30025
:10bac00080cf50000e003c00900d81006a00b9004c
:10bad00000007800900d8900980d81001e409000b4
:10bae0000080fb0041e521006140780072c5020042
:10baf000010000000080fb0000004400900d890060
:10bb00001e4090000040e800104798001e40900042
:10bb10008080fb0090f28000808f50000d0031008b
:10bb20001e4090000080fb0041e52100614078004c
:10bb30000004e000070032001e4090000080fb007f
:10bb400041e52100e1407800c0c2b30080cf500041
:10bb5000cfff3a001e4090008080fb0090f28000f2
:10bb6000808f5000270131001e4090000080fb00b4
:10bb700041e52100e1407800c0c2b30080cf500011
:10bb800020013a001e4090000040e8001047980055
:10bb90001e4090000080fb0041e5210061407800dc
:10bba0000004e000070032001e4090000080fb000f
:10bbb00041e52100e1407800c0c2b30080cf5000d1
:10bbc000f0ff3a001e4090000080fb0041e521009c
:10bbd000e1407800c0c2b30080cf500009013a00b4
:10bbe0001e4090000040e800104798001e40900062
:10bbf0000080fb0041e52100e140780020c2b30055
:10bc000080cf5000ff003a000000eb0010079800c2
:10bc10001e4090000040e800104798000e003700da
:10bc20001e4090000080fb0041e52100e1407800cb
:10bc30001e019000601822000000410001487800b9
:10bc40001e4090000040e800104798001e00900041
:10bc50000000e800100798001e4090008080fb0064
:10bc600090f28000808f5000100031001e40900044
:10bc70000080fb0041e52100614078000004e00005
:10bc80000a0032001e4090000080fb0041e52100c8
:10bc9000e140780020c2b30080cf500003003200a2
:10bca0001e009000f80f5000ddff34009e00900051
:10bcb00060182200008040008040eb0001487800be
:10bcc0001e4090008080fb0090f28000808f50002a
:10bcd000cc0031001e4090000080fb0041e52100b7
:10bce000614078000004e000c60032001e40900071
:10bcf0000040e800104798001e4090000080fb00c4
:10bd000041e52100614078000004e00007003200b6
:10bd10001e4090000080fb0041e52100e1407800da
:10bd2000c0c2b30080cf5000f0ff3a001e40900028
:10bd30000080fb0041e52100e1407800c0c2b30073
:10bd400080cf5000af003a001e4090000040e80055
:10bd5000104798001e4090000080fb0041e5210044
:10bd6000614078000004e000070032001e409000af
:10bd70000080fb0041e52100e1407800c0c2b30033
:10bd800080cf5000f0ff3a001e4090000080fb0082
:10bd900041e52100e1407800c0c2b30080cf5000ef
:10bda00098003a001e4090000040e80010479800bc
:10bdb0001e4090000080fb0041e52100e14078003a
:10bdc00020c2b30080cf50008e003a001e40900089
:10bdd0000040e80010479800401b22008040eb0024
:10bde0000148780015003700401b22001040780001
:10bdf0000081fb001e4090000080fb0041e5210017
:10be0000e1407800001a220000004100014878005b
:10be10001e4090000040e80010479800401b2200a0
:10be2000104078008040e800401b22000148780064
:10be30002e0090000000e800200798001e409000af
:10be40008080fb0090f28000808f50001100310054
:10be50001e4090000080fb0041e521006140780019
:10be60000004e0000b0032001e4090000080fb0048
:10be700041e52100e1407800c0c2b30080cf50000e
:10be800004003200401b220010407800e74f5000b1
:10be9000d5ff3600ae009000f0092000808f5000e2
:10bea00058003c00401b2200104078008080fb00be
:10beb000001a2200008040008040eb00014878001a
:10bec000030037001e4090000040e8001047980033
:10bed0001e4090000080fb0041e521006140780099
:10bee0000004e000070032001e4090000080fb00cc
:10bef00041e52100e1407800c0c2b30080cf50008e
:10bf0000f0ff3a001e4090000080fb0041e5210058
:10bf1000e1407800c0c2b30080cf500039003a0041
:10bf20001e4090000040e80010479800401b22008f
:10bf30008040eb000148780012003700401b2200cf
:10bf4000104078000081fb001e4090000080fb0044
:10bf500041e52100e1407800801a22000000410004
:10bf6000114098001e4090000040e80010479800e3
:10bf7000401b2200104078008040e800401b220057
:10bf8000014878001e4090008080fb0090f2800005
:10bf9000808f5000110031001e4090000080fb0097
:10bfa00041e52100614078000004e0000b00320010
:10bfb0001e4090000080fb0041e52100e140780038
:10bfc000b0c2b30080cf500004003200401b2200fa
:10bfd00010407800e74f5000d8ff3600401b220089
:10bfe000104078008080fb00801a22000080400012
:10bff0008040eb0011409800200781000020a10044
:10c0000020078900401b22008040eb000148780097
:10c01000500e22008040eb000148780020c0b300a1
:10c02000004f7800310037000040eb00004f7800ef
:10c030001107810000202000008060000000e00067
:10c040002a003a004021220010407800e14f5000c1
:10c0500026003a000040eb0010479800120037001d
:10c06000401b2200104078000081fb001e40900021
:10c070000080fb0041e52100e1407800400e2200f5
:10c0800000004100114098001e4090000040e80070
:10c0900010479800401b2200104078008040e800c4
:10c0a000401b2200014878001e4090008080fb0069
:10c0b00090f28000808f500005003100401b22006c
:10c0c00090407800f0c9b30080cf5000e4ff360004
:10c0d000401b2200104078008080fb00400e2200b0
:10c0e000008040008040eb00114098004021220079
:10c0f00010407800e14f500044003a001e407800a4
:10c10000e14f50000500320011078100002020009f
:10c11000008060000000e0003c0032002007810049
:10c120000000a00020078900200781000010a00067
:10c1300020078900b00d8100c10d81006100400021
:10c14000e0804800b00d8900c10d89004021220027
:10c150008040eb0001487800a01b220010407800ce
:10c16000e14f400005003200a01b22001040780083
:10c170008040e800a01b2200014878001e407800a3
:10c180000004e00004003200200781000030a0001d
:10c190002007890003003700200781000030a1003c
:10c1a00020078900401b220010407800e14f50001a
:10c1b00016003600401b2200104078000080fb0073
:10c1c0008000e900400e2200008040009040900076
:10c1d000c0c7b30080cf50000c003a00401b2200c3
:10c1e000104078008040e900401b220001487800a0
:10c1f000401b2200104078008080fb00400e22008f
:10c20000008040008040eb00114098004021220057
:10c21000104078000004e000f7023a0092c0b3003a
:10c22000a149290040e521007af102000100000047
:10c230000000e00006003200a0fd20008040eb007e
:10c240000148780040e52100ac53020001000000e5
:10c2500052c0b300414a290040e521007af10200b2
:10c26000010000000000e0000e003a00a2c0b30090
:10c27000a14a290040e521007af1020001000000f6
:10c280000000e00007003a00a2c0b300514b2900b3
:10c2900040e521007af10200010000000000e0000a
:10c2a0001a003200c0172100c2102000010721002f
:10c2b000e404020000000000e00421006eb102006e
:10c2c0000100000072002000e1042100001721009d
:10c2d000e40402000000000041e521000007210005
:10c2e000eef1020001000000d0988000c08b8800b1
:10c2f00050da200090407800a01721000148780013
:10c30000b021220011c0b30001487800b2c0b300d0
:10c31000014c290040e521007af1020001000000f3
:10c320000000e0001d00320050d8200010407800ce
:10c330000080fb00680060000000e0001000320098
:10c3400050d820008040eb000148780040d7200002
:10c3500021c0b3000148780040d720001040780089
:10c36000804078000104a00040d7200001487800f8
:10c37000c0d8200031c0b300014878000500370064
:10c38000a20120008000eb0040d72000f204020050
:10c3900000000000c04c290037fb0700f01e8100a0
:10c3a000700060000000e00094003a00b2c0b300ea
:10c3b000314d290040e521007af102000100000022
:10c3c0000000e0008d003200b0c0b300604798006c
:10c3d000030037006e4090000040e800604798007e
:10c3e0006e4090000080fb0041e521006140780034
:10c3f0000004e000070032006e4090000080fb0067
:10c4000041e52100e1407800c0c2b30080cf500078
:10c41000f0ff3a006e4090000080fb0041e52100f3
:10c42000e1407800c0c2b30080cf500003003a0062
:10c430006e4090000040e800604798006e40900019
:10c440008080fb0040e5210000804000ccc302005a
:10c45000010000000000780090f188000300370020
:10c460006e4090000040e800604798006e409000e9
:10c470000080fb0041e52100614078000004e000fd
:10c48000070032006e4090000080fb0041e5210073
:10c49000e1407800c0c2b30080cf5000f0ff3a0006
:10c4a0006e4090000080fb0041e52100e1407800f3
:10c4b000c0c2b30080cf500003003a006e4090002d
:10c4c0000040e800604798006e4090000080fb004c
:10c4d00041e52100e140780020c2b30080cf500048
:10c4e00023003a006e4090000040e800604798004a
:10c4f000030037006e4090000040e800604798005d
:10c500006e4090000080fb0041e521006140780012
:10c510000004e000070032006e4090000080fb0045
:10c5200041e52100e140780020c2b30080cf5000f7
:10c53000f0ff3a006e4090000080fb0041e52100d2
:10c54000e140780020c2b30080cf500016003a00ce
:10c550006e4090000040e8006047980012003700ed
:10c560006e4090000040e8006047980001003700ee
:10c57000000000006e4090000080fb0041e52100bb
:10c58000614078000004e000070032006e40900037
:10c590000080fb0041e52100e1407800c0c2b3000b
:10c5a00080cf5000eeff3a006e4090000080fb000c
:10c5b00041e52100e1407800c0c2b30080cf5000c7
:10c5c00003003a006e4090000040e8006047980089
:10c5d0006e4090008080fb0040e52100008040001c
:10c5e000ccc3020001000000a0f18800b1f1880076
:10c5f00070f1800000f0a00070f18800a2c0b300cc
:10c60000f14d290040e521007af10200010000000f
:10c610000000e0000a003200e0e5210090407800d0
:10c6200010c3b30000c068000080fb000000e900f8
:10c630004f00de000040780041d32200804878009f
:10c64000f01e8100700060000000e0009f003200da
:10c6500040e52100400798004e009000904078008f
:10c66000c0c3b30080cf50000f003a004e009000ce
:10c670000000e80090407800c0c3b30080cf5000b5
:10c6800009003a004e0090000080e80090407800d9
:10c69000c0c3b30080cf500003003a004e009000aa
:10c6a00063004000400798004e00900090407800e2
:10c6b00030c2b30080cf5000050032004e00900021
:10c6c00090407800b0c2b30080cf50000c003a0018
:10c6d000ce0090006b004700811f7800a14e29001a
:10c6e000811f7800a204020000000000e4875700c8
:10c6f0006b0047000cf602000100000073003700d9
:10c700004e00900022c0b300515129007af102007e
:10c71000010000000000e0006c003a0000398100d8
:10c7200063006000e10f50006800320000398100b2
:10c73000640060000000e000380032004e0090000d
:10c7400090407800a0c3b30080cf50005f003a0053
:10c75000003981000020a1000039890080512900a2
:10c760000cf60200010000000040eb00204f980092
:10c770000e003700d0368100ae4890008180fb006b
:10c780004e0190008100410011417800a145220036
:10c7900081004000824878000000e800d03689001f
:10c7a0002e4890000040e800204f98002e4890004e
:10c7b0000080fb00ce009000008040001040780018
:10c7c0000004e00004003200d1368100e0272000a0
:10c7d000808f5000e7ff3600d1368100e02720002f
:10c7e000808f500007003e00d0368100a145220016
:10c7f00081004000a2c0b300824878000000e80039
:10c80000d0368900d1368100a0452200008040004a
:10c810008040eb00014878002c0037000040eb001e
:10c82000204f98000e003700d0368100ae489000af
:10c830008180fb004e019000810041001141780091
:10c84000a145220081004000824878000000e800f5
:10c85000d03689002e4890000040e800204f980014
:10c860002e4890000080fb00ce0090000080400029
:10c87000104078000004e00004003200d13681004e
:10c88000e0272000808f5000e7ff3600d13681007e
:10c89000e0272000808f500007003e00d036810046
:10c8a000a145220081004000a2c0b3008248780068
:10c8b0000000e800d0368900d1368100a045220072
:10c8c000008040008040eb000148780072c0b30057
:10c8d000d153290040e521007af102000100000057
:10c8e0000000e000ea00320040e52100f20502000d
:10c8f00000000000eb0f5000e5003600400522006c
:10c90000104078008040e80040052200014878008f
:10c91000d0e521009040780010c3b30080cf5000d4
:10c9200085003a00701d2200104078000080fb0056
:10c93000e10f500020003200e10f500003003c00e6
:10c940000000e0000600320078003700e20f5000df
:10c95000c6003200e30f50006b0032007300370056
:10c9600000812000104078000004e00008003a0038
:10c970000081200051c0b3000148780070f6020029
:10c9800001000000505429000cf6020001000000d4
:10c99000501f2200104078000004e000b500320073
:10c9a00070f6020001000000005629000cf602009b
:10c9b00001000000b600370090c0b3001047980097
:10c9c0000000eb0010079800030037001e409000a5
:10c9d0000040e800104798001e4090008080fb0057
:10c9e00090f28000808f5000070031001e409000c0
:10c9f0000080fb0041e52100e140780020c2b30047
:10ca000080cf5000f1ff3a001e4090000080fb00f4
:10ca100041e52100e140780020c2b30080cf500002
:10ca200023003a001e4090000040e80010479800a4
:10ca30000000eb00100798000e0037001e40900029
:10ca40000080fb0041e52100e14078001e019000dc
:10ca5000c01b220000004100114098001e00900001
:10ca60000000e800100798001e4090000040e80019
:10ca7000104798001e4090008080fb0090f28000dc
:10ca8000808f50000a0031001e4090000080fb00a3
:10ca900041e52100e140780020c2b30080cf500082
:10caa000030032001e009000f80f5000e3ff340036
:10cab0001e0090000000e00005003a0081582900a7
:10cac000d01b2200b0f10200010000001007980006
:10cad0009e009000c01b2200008040008040eb00c0
:10cae00011409800701d220021c0b3000148780059
:10caf00070f6020001000000705929000cf60200d7
:10cb00000100000062003700f0e52100904078004d
:10cb100000c3b30080cf500058003200b606a90011
:10cb200040062000d09888005900370040062000b9
:10cb3000d098880056003700d0e52100904078005a
:10cb400000c3b30080cf500051003a00501f2200b4
:10cb5000104078000080fb00e10f500040003500dd
:10cb6000e20f500003003400e30f500034003200a5
:10cb70003b003700f0e521009040780020c3b3006f
:10cb800080cf500005003200f0e521009040780091
:10cb900030c3b30080cf500003003a00501f220082
:10cba00021c0b30001487800f0e5210090407800f2
:10cbb00000c3b30080cf500018003a00501f22007d
:10cbc00031c0b3000148780050be22008040eb0025
:10cbd00001487800801f2200f040900000c5b3009b
:10cbe00080cf50000d003200801f2200100078001e
:10cbf000610060000000e00005003200801f22009c
:10cc0000e040900000c5b30080cf50000300320028
:10cc100000c5b30094d6020001000000f0e5210039
:10cc20009040780060c3b30080cf500015003a00f8
:10cc3000501f220061c0b300014878001400370083
:10cc4000f0e521009040780000c3b30080cf500091
:10cc50000e00320040062000d09888000c003700fb
:10cc600040062000d098880009003700000000002e
:10cc7000070037000000000005003700000000003a
:10cc80000300370000000000010037000000000032
:10cc900042c0b300515b290040e521007af1020057
:10cca000010000000000e00053003200701d22006f
:10ccb000104078000004e00021003a00501f2200dc
:10ccc000104078000004e0001d003a0040e98000b8
:10ccd000e50f500005003a000040eb0016d50200b9
:10cce000010000003000200040e98800701d220093
:10ccf00011c0b3000148780070f602000100000086
:10cd0000a05b29000cf60200010000000081200059
:10cd100011c0b300014878000000eb00707e88006d
:10cd2000007d2000607e88000000eb00407e8800cf
:10cd3000d02a21008040eb00014878002e00370007
:10cd400070f6020001000000005f29000cf60200ee
:10cd50000100000001602900c0c82000b0f10200fd
:10cd600001000000100798009e009000c0c820003d
:10cd700080804000701d2200104078000041eb00d0
:10cd8000fec50200010000009e00900000804000ef
:10cd900010079800c0c820000cf602000100000037
:10cda00061602900c0c82000b0f10200010000004d
:10cdb000100798009e009000c0c8200080804000ae
:10cdc000501f2200104078000041eb00fec5020019
:10cdd000010000009e0090000080400010079800b5
:10cde000c0c820000cf6020001000000c047290066
:10cdf0000cf60200010000000000eb0090f2880039
:10ce00000e0037002ed09000ed4f50000b00320086
:10ce100091f28000f0092000808f500007003e0052
:10ce200090f280002ed1900041e5210082707800c0
:10ce300090f280000000e80090f288004f04780033
:10ce40000080fa00000006001600fa00200f98008b
:10ce5000c06029000cf6020001000000d09880009c
:10ce6000801f780080622900801f78000e00780003
:10ce7000a204020000000000e48757000e007800c2
:10ce80000cf6020001000000b06229000cf602005e
:10ce9000010000002e089000d09888001007810043
:10cea0000090a000100789006000200040e9880081
:10ceb00010c0b300fcf807000080fa000000060074
:10cec0000200fa00000f7800a0d221009040780004
:10ced000a0c5b30080cf500006003200a1d22100cf
:10cee0001e007800b0f102000100000010c0b30085
:10cef00010013700f00a2200104078000004e00022
:10cf00000801320071632900f00a220020f10200ba
:10cf1000010000000000e00006003a00d163290093
:10cf2000f00a220020f10200010000000000e000f1
:10cf300006003200316429001e007800b0f10200c2
:10cf40000100000010c0b300fa003700a1642900fe
:10cf5000f00a220020f10200010000000000e000c1
:10cf60000c003a0001652900f00a220020f10200bd
:10cf7000010000000000e00006003a0061652900a1
:10cf8000f00a220020f10200010000000000e00091
:10cf900006003200c16529001e007800b0f10200d1
:10cfa0000100000010c0b300e20037003166290024
:10cfb000f00a220020f10200010000000000e00061
:10cfc00006003a0091662900f00a220020f10200d2
:10cfd000010000000000e00006003200f1662900b8
:10cfe0001e007800b0f102000100000010c0b30084
:10cff000d000370041672900f00a220020f102002a
:10d00000010000000000e0000c003a00a1672900c8
:10d01000f00a220020f10200010000000000e00000
:10d0200006003a0001682900f00a220020f10200ff
:10d03000010000000000e0000600320061682900e5
:10d040001e007800b0f102000100000010c0b30023
:10d05000b800370061692900f00a220020f10200bf
:10d06000010000000000e00006003200c169290054
:10d070001e007800b0f102000100000010c0b300f3
:10d08000ac003700c16a2900f00a220020f102003a
:10d09000010000000000e00006003a00216b2900ba
:10d0a000f00a220020f10200010000000000e00070
:10d0b00006003200816b29001e007800b0f10200ea
:10d0c0000100000010c0b3009a003700116c290065
:10d0d000f00a220020f10200010000000000e00040
:10d0e00006003200716c29001e007800b0f10200c9
:10d0f0000100000010c0b3008e003700216d290030
:10d10000f00a220020f10200010000000000e0000f
:10d1100006003200816d29001e007800b0f1020087
:10d120000100000010c0b30082003700716e2900ba
:10d13000f00a220020f10200010000000000e000df
:10d140000c003a00d16e2900f00a220020f1020002
:10d15000010000000000e00006003a00316f2900e5
:10d16000f00a220020f10200010000000000e000af
:10d1700006003200916f29001e007800b0f1020015
:10d180000100000010c0b3006a0037009170290050
:10d19000f00a220020f10200010000000000e0007f
:10d1a00006003a00f1702900f00a220020f1020086
:10d1b000010000000000e00006003200517129006b
:10d1c0001e007800b0f102000100000010c0b300a2
:10d1d00058003700e1712900f00a220020f1020016
:10d1e000010000000000e0000c003a00417229003c
:10d1f000f00a220020f10200010000000000e0001f
:10d2000006003a00a1722900f00a220020f1020073
:10d21000010000000000e000060032000173290058
:10d220001e007800b0f102000100000010c0b30041
:10d2300040003700b1732900f00a220020f10200fb
:10d24000010000000000e000060032001174290017
:10d250001e007800b0f102000100000010c0b30011
:10d2600034003700d1742900f00a220020f10200b6
:10d27000010000000000e00006003a0031752900be
:10d28000f00a220020f10200010000000000e0008e
:10d2900006003200517129001e007800b0f1020032
:10d2a0000100000010c0b300220037009175290072
:10d2b000f00a220020f10200010000000000e0005e
:10d2c00006003200f17529001e007800b0f102005e
:10d2d0000100000010c0b30016003700417729009c
:10d2e000f00a220020f10200010000000000e0002e
:10d2f00006003a00a1772900f00a220020f102007e
:10d30000010000000000e000060032000178290062
:10d310001e007800b0f102000100000010c0b30050
:10d32000040037001e0078008040eb0001487800c0
:10d330000040eb000080fa00000006001c06fa0026
:10d34000889fbe00e0d82000104078000080fb00dd
:10d3500061006000004078000004e00004003a0032
:10d3600080802000104078000004e00013003200ac
:10d37000d1988000b0698100808f50000f0032008a
:10d38000b1698100d0988000811f7800801f7800eb
:10d3900010792900801f7800c0c82000a204020074
:10d3a00000000000e6875700c0c820000cf602000d
:10d3b00001000000d0988000b0698900d0988000fa
:10d3c0008000eb000220200003002000820f5000ac
:10d3d000838f580091243e00006001000002370056
:10d3e000d3023700e8023700180337005003370034
:10d3f00086033700bf033700260437005f04370079
:10d400009c043700e90437004005370079053700f0
:10d410005906370092063700f70637003c073700f9
:10d4200087073700eb073700180837007b243700e1
:10d430004e0837007f083700b0083700e108370092
:10d44000120937004309370074093700a50937006e
:10d45000d6093700070a3700380a37006f2437002b
:10d46000770a37009a0a3700c10a37006b24370061
:10d47000e80a37002c0b37006b0b370041113700df
:10d48000681137006524370094113700a611370062
:10d49000db113700f51137009b0b3700d90b370034
:10d4a0005e243700001237000c12370031133700aa
:10d4b0003d133700fc13370008143700572437009a
:10d4c0005624370055243700542437006a15370096
:10d4d00084153700ab153700c0153700d21537005b
:10d4e0003a163700461637004c2437004b243700d5
:10d4f0004a2437004924370048243700472437009e
:10d50000462437004524370044243700432437009d
:10d510004224370041243700402437005816370092
:10d520006b163700c0163700e31637003b24370070
:10d53000081737001517370038243700372437000d
:10d540003624370020173700341737005a173700b2
:10d550006c17370031243700302437002f24370070
:10d560002e2437002d2437002c2437008c17370049
:10d57000a1173700c7173700d31737002724370004
:10d58000262437002524370024243700232437009d
:10d59000222437007b193700202437001f2437004e
:10d5a0008219370092193700dd1937001b24370024
:10d5b0001a2437001924370018243700172437009d
:10d5c0001624370001183700121837009218370058
:10d5d000ab183700ca1837002d1937000f24370051
:10d5e0000e2437000d2437000c2437000b2437009d
:10d5f0000a2437000924370008243700072437009d
:10d60000062437000524370004243700032437009c
:10d61000022437000124370000243700ff2337009d
:10d62000fe233700fd233700fc233700fb233700a0
:10d63000fa233700f9233700f8233700f7233700a0
:10d64000f6233700f5233700f4233700f3233700a0
:10d65000f2233700f1233700f0233700e8193700b1
:10d660000f1a3700491a3700ec233700eb23370035
:10d67000ea233700e9233700e8233700e7233700a0
:10d68000e62337004e1a37006e1a3700a51a370006
:10d69000e2233700e1233700e0233700df233700a0
:10d6a000de233700dd233700dc233700db233700a0
:10d6b000da233700d9233700d8233700d7233700a0
:10d6c000d6233700d5233700d4233700d3233700a0
:10d6d000d2233700d1233700d0233700cf233700a0
:10d6e000ce233700cd233700cc233700cb233700a0
:10d6f000ca233700c9233700c82337007e0b370001
:10d70000400e3700660e3700c10e3700f60e3700a8
:10d710000d0f3700150f3700c02337005e0f37009d
:10d72000820f37002b0f3700a10f3700df0f3700b4
:10d730003b10370049103700b8233700531037002b
:10d7400058103700b5233700b4233700b323370010
:10d75000b2233700b1233700b0233700af2337009f
:10d76000ae233700ad233700ac233700ab2337009f
:10d77000aa233700a9233700a8233700a31a3700ac
:10d78000af1a3700c51a3700d11a3700dd1a370033
:10d79000f71a37000b1b3700121b37005c1b3700d2
:10d7a000761b37009d2337009c2337009b233700cf
:10d7b0009a2337009923370098233700972337009f
:10d7c000962337003d1037004d1037009323370064
:10d7d0009223370091233700951b37008f233700a2
:10d7e0008e2337008d2337008c2337009a1b370098
:10d7f000aa1b3700f21b3700241c37008723370091
:10d80000862337008523370084233700832337009e
:10d810008223370081233700802337007f2337009e
:10d820007e2337007d2337007c2337007b2337009e
:10d830007a2337007923370078233700ed1a370031
:10d84000f71a3700011b3700251b37002c1b370048
:10d850007223370071233700702337006f2337009e
:10d860006e2337006d2337006c2337006b2337009e
:10d870006a2337006923370068233700672337009e
:10d88000662337006523370064233700211c3700e7
:10d89000391c3700a31c3700602337005f23370093
:10d8a0005e2337005d2337005c2337005b2337009e
:10d8b0005a2337005923370058233700572337009e
:10d8c000562337005523370054233700532337009e
:10d8d0005223370051233700502337004f2337009e
:10d8e0004e2337004d2337004c2337004b2337009e
:10d8f0004a2337004923370048233700472337009e
:10d90000462337004523370044233700432337009d
:10d910004223370041233700402337003f2337009d
:10d920003e2337003d2337003c2337003b2337009d
:10d930003a2337003923370038233700372337009d
:10d94000362337003523370034233700332337009d
:10d950003223370031233700302337002f2337009d
:10d960002e2337002d2337002c2337002b2337009d
:10d970002a2337002923370028233700272337009d
:10d98000262337002523370024233700232337009d
:10d990002223370021233700202337001f2337009d
:10d9a0001e2337001d233700b40937001b2337001f
:10d9b0001a2337001923370018233700172337009d
:10d9c000162337001523370014233700132337009d
:10d9d0001223370011233700102337000f2337009d
:10d9e0000e2337000d2337000c2337000b2337009d
:10d9f0000a2337000923370008233700072337009d
:10da0000062337000523370004233700032337009c
:10da10000223370001233700002337001e0137009f
:10da2000340437006d043700b2043700be043700f9
:10da3000fa223700f9223700f8223700f7223700a0
:10da4000f6223700f5223700f4223700f3223700a0
:10da5000f2223700f1223700f0223700ef223700a0
:10da6000ee223700ed223700ec223700eb223700a0
:10da7000ea223700e9223700e8223700e7223700a0
:10da8000e6223700e5223700e4223700e3223700a0
:10da9000e2223700e1223700e0223700df223700a0
:10daa000de223700dd223700dc223700db223700a0
:10dab000da223700d9223700d8223700d7223700a0
:10dac000d6223700d5223700d4223700d3223700a0
:10dad000d2223700d1223700d0223700cf223700a0
:10dae000ce223700cd223700cc223700cb223700a0
:10daf000ca223700c9223700c8223700c7223700a0
:10db0000c6223700c52237005f1c3700b81c37001b
:10db1000031d3700371d3700b71d3700b01d370014
:10db200019223700bd223700bc223700bb22370044
:10db3000ba223700d11d3700b8223700b72237008c
:10db4000b6223700b5223700b4223700b32237009f
:10db5000b2223700b1223700b0223700af2237009f
:10db6000ae223700ad223700ac223700ab2237009f
:10db7000aa223700a9223700a8223700a72237009f
:10db8000a6223700a5223700a4223700a32237009f
:10db9000a2223700a1223700a02237009f2237009f
:10dba0009e2237009d2237009c223700ea1b370057
:10dbb000f21b37009922370098223700972237004e
:10dbc000962237009522370094223700932237009f
:10dbd00092223700fd1b37000c1c3700221c370037
:10dbe000002f210080c0eb0001487800002f2100a9
:10dbf00080c0eb0001487800b666a9005080200084
:10dc00008040eb0001487800132307007c230700c5
:10dc100090b32000c1c0b30001487800a0d1220019
:10dc20008040eb000148780040012000c068890076
:10dc300080bb21008040eb00014878009023220047
:10dc40008040eb000148780090bb21008040eb0051
:10dc500001487800b0ef20008040eb0001487800d8
:10dc600050fc20008040eb00014878005005220065
:10dc70008040eb0001487800000822008040eb0063
:10dc800001487800f00722008040eb00014878004e
:10dc90000000eb0010408800408020008040eb0036
:10dca0000148780070f6020001000000d098800062
:10dcb000801f7800f0792900801f7800c0c82000fc
:10dcc000a204020000000000e4875700c0c8200042
:10dcd0000cf602000100000070f6020001000000d6
:10dce000d07a29000cf6020001000000c04729008c
:10dcf0000cf6020001000000419c200010c0b3009f
:10dd0000a47a02000100000000192000d0988800c9
:10dd10000040eb0016d50200010000000000eb00ff
:10dd2000407e88000000eb00507e88000000eb0081
:10dd3000607e88000000eb00907e8800007d20005f
:10dd4000b07e8800a0fd20008040eb0001487800f4
:10dd50000000eb00707e88000000eb00807e8800f1
:10dd60000000eb00a07e8800802322008040eb00b2
:10dd700001487800400522008040eb00014878000f
:10dd8000e0d620008040eb0001487800a00d220082
:10dd9000f1c3b30001487800a00d22009040780044
:10dda000a028210001487800a0092200f1c3b30097
:10ddb00001487800b00922008040eb00014878005b
:10ddc0000000eb00506488000c00370050648000b5
:10ddd0007f00b90080007800f0bc21000080400086
:10dde000e20120008000eb00f204020000000000cd
:10ddf000506480000000e800506488005064800097
:10de0000e30f5000f1ff34000080eb005064880005
:10de1000000e22008040eb0001487800e00d220057
:10de20008040eb0001487800d02122008040eb00c8
:10de300001487800c02122008040eb0001487800b2
:10de4000dcc6a800b6a6a80070f60200010000001b
:10de5000d098800011002000811f7800801f78007a
:10de6000b07b2900801f7800c0c82000a2040200f7
:10de700000000000e6875700c0c820000cf6020032
:10de800001000000f11e810000ff2f0000806000f3
:10de9000f01e89006d22370090b3200010407800fa
:10dea0000004e0001900320090b320001040780018
:10deb0008040e90090b3200001487800419c200098
:10dec00010c0b300a47a02000100000070f6020046
:10ded0000100000090b32000104078000080fb009b
:10dee000801f7800307d2900801f7800c0c8200086
:10def000a204020000000000e4875700c0c8200010
:10df00000cf60200010000000500370010002000a0
:10df1000d09888003021220061c9b3000148780000
:10df2000a0fd20008040eb00014878004722370028
:10df3000d00d22008040eb0001487800d080200006
:10df4000104078008040e800d08020000148780030
:10df5000ae220700007e29007b22070000e2240099
:10df600001002000b0068900c106890020002000c1
:10df7000d0988800411f200010c0b300a47a02008e
:10df8000010000003122370011078100002020002d
:10df9000008060000000e0000b0032001000200054
:10dfa00040e988009922070000e2240001002000d7
:10dfb000b0068900c1068900607e29006222070040
:10dfc00030002000d0988800b0068100c106810092
:10dfd000e00f5000e08f580097213a00d07e2900d2
:10dfe0000cf6020001000000d1988000100420000f
:10dff0000e004000811f780081622900811f780097
:10e00000a204020000000000e48757001004200072
:10e010000e0040000cf6020001000000b062290072
:10e020000cf602000100000001fa200010c0b3004d
:10e03000a47a02000100000010c0b3009af40700a7
:10e0400080112000d098880000223700110781003d
:10e0500000202000008060000000e0000e00320080
:10e060006a220700e08029003722070000e224002e
:10e0700001002000b0068900c10689000000eb0005
:10e08000d011890040c4b30094d602000100000002
:10e0900070022000d0988800b0068100c10681007f
:10e0a000e00f5000e08f58001c003a00c0602900cb
:10e0b0000cf6020001000000d198800050052000fd
:10e0c0000e004000811f780081622900811f7800c6
:10e0d000a204020000000000e48757005005200061
:10e0e0000e0040000cf6020001000000b0622900a2
:10e0f0000cf602000100000020002000d0988800eb
:10e10000100781000090a000100789006000200027
:10e1100040e9880010c0b30063f40700411f2000ed
:10e1200010c0b300a47a020001000000c72137002c
:10e130001107810000202000008060000000e00046
:10e14000090032003122070040812900fe2107002a
:10e1500000e2240001002000b0068900c106890009
:10e1600050002000d0988800b0068100c1068100d0
:10e17000e00f5000e08f58001c003a00c0602900fa
:10e180000cf6020001000000d198800090062000eb
:10e190000e004000811f780081622900811f7800f5
:10e1a000a204020000000000e4875700900620004f
:10e1b0000e0040000cf6020001000000b0622900d1
:10e1c0000cf602000100000030002000d09888000a
:10e1d0006000200040e98800100781000090a00046
:10e1e0001007890010c0b3002ff40700411f200062
:10e1f00010c0b300a47a020001000000a0fd2000be
:10e200008040eb0001487800902137001107810021
:10e2100000202000008060000000e0000f003200bd
:10e22000fa21070040f521008040eb00014878000a
:10e2300030822900c4210700b02122008040eb0079
:10e240000148780000e2240001002000b0068900a7
:10e25000c106890060002000d0988800b0068100c7
:10e26000c1068100e00f5000e08f58001c003a000a
:10e27000c06029000cf6020001000000d198800067
:10e28000d00720000e004000811f78008162290025
:10e29000811f7800a204020000000000e4875700fc
:10e2a000d00720000e0040000cf602000100000024
:10e2b000b06229000cf60200010000001007810086
:10e2c0000090a0001007890040002000d09888002e
:10e2d0006000200040e9880010c0b300f2f307009e
:10e2e000411f200010c0b300a47a0200010000000a
:10e2f0005621370040f52100104078000004e0006e
:10e300003e00320082c0b300d182290040f52100d6
:10e310007af10200010000000000e0001400320069
:10e32000c0f52100104078000004e0001000320029
:10e33000f0f621008040eb0001487800c1f5210093
:10e3400000c62100eef10200010000007000200074
:10e35000d098880000e2240001002000b006890067
:10e36000c1068900802322008040eb00014878002c
:10e37000b0212200104078000004e0001f003200ad
:10e3800080f621008040eb000148780041f5210033
:10e3900000c62100eef10200010000005000200044
:10e3a000d09888006000200040e988008023220087
:10e3b000104078008040e800802322000148780067
:10e3c00070f6020001000000608329000cf60200d4
:10e3d00001000000100781000090a00010078900d4
:10e3e0008023220010407800e44f50009420360033
:10e3f000f00f2000d098880014213700b00681006b
:10e40000c1068100e00f5000e08f58001c003a0068
:10e41000c06029000cf6020001000000d1988000c5
:10e42000100920000e004000811f78008162290041
:10e43000811f7800a204020000000000e48757005a
:10e44000100920000e0040000cf602000100000040
:10e45000b06229000cf6020001000000500020000c
:10e46000d0988800100781000090a0001007890054
:10e470006000200040e9880010c0b3008af3070064
:10e48000411f200010c0b300a47a02000100000068
:10e49000ee2037001107810000202000008060007e
:10e4a0000000e0000f0032005821070040f5210075
:10e4b0008040eb00014878002084290022210700d9
:10e4c00000e2240001002000b0068900c106890096
:10e4d00080002000d0988800b02122008040eb000e
:10e4e00001487800b0068100c1068100e00f5000ad
:10e4f000e08f58001c003a00c06029000cf60200b2
:10e5000001000000d1988000500a20000e00400059
:10e51000811f780081622900811f7800a204020017
:10e5200000000000e4875700500a20000e00400061
:10e530000cf6020001000000b06229000cf6020097
:10e540000100000050002000d098880010078100d2
:10e550000090a000100789006000200040e98800ba
:10e5600010c0b30050f30700411f200010c0b300db
:10e57000a47a020001000000b420370040f5210019
:10e58000104078000004e0001400320080f6210002
:10e590008040eb000148780041f52100a0bb21003c
:10e5a000eef1020001000000b021220010407800ce
:10e5b0000004e000030032006000200040e9880011
:10e5c0000600370090002000d098880000e2240068
:10e5d00001002000b0068900c1068900b006810054
:10e5e000c1068100e00f5000e08f58001c003a0087
:10e5f000c06029000cf6020001000000d1988000e4
:10e60000900b20000e004000811f780081622900dd
:10e61000811f7800a204020000000000e487570078
:10e62000900b20000e0040000cf6020001000000dc
:10e63000b06229000cf6020001000000700020000a
:10e64000d0988800100781000090a0001007890072
:10e650006000200040e9880010c0b30012f30700fa
:10e66000411f200010c0b300a47a02000100000086
:10e670007620370011078100002020000080600014
:10e680000000e00023003200e020070040f52100f8
:10e690008040eb0001487800b0842900aa200700e0
:10e6a00000e2240001002000b0068900c1068900b4
:10e6b000a0002000d0988800b02122008040eb000c
:10e6c000014878000000eb00506488000c0037001f
:10e6d000506480007f00b90080007800f0bc210009
:10e6e00000804000e20120008000eb00f204020004
:10e6f00000000000506480000000e80050648800c2
:10e7000050648000e30f5000f1ff34000000eb0084
:10e7100050648800b0068100c1068100e00f5000ff
:10e72000e08f58001c003a00c06029000cf602007f
:10e7300001000000d1988000d00c20000e004000a5
:10e74000811f780081622900811f7800a2040200e5
:10e7500000000000e4875700d00c20000e004000ad
:10e760000cf6020001000000b06229000cf6020065
:10e770000100000070002000d09888001007810080
:10e780000090a000100789006000200040e9880088
:10e7900010c0b300c4f20700411f200010c0b30036
:10e7a000a47a0200010000002820370040f5210073
:10e7b000104078000004e00008003200b021220080
:10e7c000104078000004e00004003200400d2000fa
:10e7d000d09888006000200040e98800110781007f
:10e7e00000202000008060000000e0001f003200d8
:10e7f000b0002000d098880070f6020001000000f0
:10e80000608529000cf60200010000000000eb000a
:10e81000506488000d003700f2bc21005064800075
:10e820007f00b90000007800000041000cf60200f3
:10e8300001000000d08529000cf602000100000054
:10e84000506480000000e80050648800506480003c
:10e85000e30f5000f0ff3400f08529000cf60200b1
:10e86000010000000080eb0050648800b0068100c9
:10e87000c1068100e00f5000e08f58001e003a00f2
:10e88000c06029000cf6020001000000d198800051
:10e89000100e20000e004000811f780081622900c8
:10e8a000811f7800a204020000000000e4875700e6
:10e8b000100e20000e0040000cf6020001000000c7
:10e8c000b06229000cf60200010000009000200058
:10e8d000d0988800100781000090a00010078900e0
:10e8e0006000200040e9880010c0b3006ef207000d
:10e8f0000080eb0050648800411f200010c0b3006e
:10e90000a47a020001000000d01f37001107810027
:10e9100000202000008060000000e0000f003200b6
:10e920003a20070040f521008040eb0001487800c4
:10e93000108629000420070000e2240001002000c6
:10e94000b0068900c1068900b02122008040eb009a
:10e9500001487800c0002000d0988800b0068100ef
:10e96000c1068100e00f5000e08f58001c003a0003
:10e97000c06029000cf6020001000000d198800060
:10e98000500f20000e004000811f78008162290096
:10e99000811f7800a204020000000000e4875700f5
:10e9a000500f20000e0040000cf602000100000095
:10e9b000b06229000cf60200010000009000200067
:10e9c000d0988800100781000090a00010078900ef
:10e9d0006000200040e9880010c0b30032f2070058
:10e9e000411f200010c0b300a47a02000100000003
:10e9f000961f370040f52100104078000004e00029
:10ea00001600320080f621008040eb0001487800bb
:10ea100041f52100b0c42100eef102000100000028
:10ea2000b0212200104078000004e0000500320010
:10ea3000000d2000d09888006000200040e9880088
:10ea40000600370000e2240001002000b006890023
:10ea5000c106890010192000d0988800b0068100f6
:10ea6000c1068100e00f5000e08f58001c003a0002
:10ea7000c06029000cf6020001000000d19880005f
:10ea8000901020000e004000811f78008162290054
:10ea9000811f7800a204020000000000e4875700f4
:10eaa000901020000e0040000cf602000100000053
:10eab000b06229000cf6020001000000b000200046
:10eac000d0988800100781000090a00010078900ee
:10ead0006000200040e9880010c0b300f2f1070098
:10eae000411f200010c0b300a47a02000100000002
:10eaf000561f3700110781000020200000806000b1
:10eb00000000e0000f003200a02122008040eb0056
:10eb100001487800bd1f070040f521008040eb0050
:10eb200001487800a0862900871f070000e2240022
:10eb300001002000b0068900c106890020192000cc
:10eb4000d0988800b0068100c1068100e00f500017
:10eb5000e08f58001c003a00c06029000cf602004b
:10eb600001000000d1988000d01120000e0040006c
:10eb7000811f780081622900811f7800a2040200b1
:10eb800000000000e4875700d01120000e00400074
:10eb90000cf6020001000000b06229000cf6020031
:10eba00001000000b0002000d0988800100781000c
:10ebb0000090a000100789006000200040e9880054
:10ebc00010c0b300b8f10700411f200010c0b3000f
:10ebd000a47a0200010000001c1f37001107810009
:10ebe00000202000008060000000e0001b003200d8
:10ebf000a02122008040eb0001487800d0002000d6
:10ec0000d098880040f52100104078000004e00012
:10ec100012003200b2c0b3007187290040f5210014
:10ec20007af10200010000000000e0000200320062
:10ec300030192000d0988800b2c0b3003188290074
:10ec400040f521007af10200010000000000e00020
:10ec500002003200d0002000d0988800b006810069
:10ec6000c1068100e00f5000e08f58001c003a0000
:10ec7000c06029000cf6020001000000d19880005d
:10ec8000101320000e004000811f780081622900cf
:10ec9000811f7800a204020000000000e4875700f2
:10eca000101320000e0040000cf6020001000000ce
:10ecb000b06229000cf6020001000000b000200044
:10ecc000d0988800100781000090a00010078900ec
:10ecd0006000200040e9880010c0b30072f1070016
:10ece000411f200010c0b300a47a02000100000000
:10ecf000d61e3700451f070040f521008040eb007d
:10ed000001487800f08829000f1f070000e2240066
:10ed100001002000b0068900c106890040192000ca
:10ed2000d0988800c91e37001107810000202000fc
:10ed3000008060000000e00005003a00b00681009d
:10ed4000c1068100e00f5000e08f580005003a0036
:10ed5000d08929000cf6020001000000b00e20004e
:10ed6000d0988800411f200010c0b300a47a020090
:10ed700001000000b51e37001107810000202000af
:10ed8000008060000000e0000f003200a02122009f
:10ed90008040eb00014878001c1f070040f521006f
:10eda0008040eb0001487800008c2900e61e070037
:10edb00000e2240001002000b0068900c10689009d
:10edc000e0002000d0988800b0068100c1068100d4
:10edd000e00f5000e08f58001c003a00c06029008e
:10ede0000cf6020001000000d198800050142000b1
:10edf0000e004000811f780081622900811f780089
:10ee0000a204020000000000e48757005014200014
:10ee10000e0040000cf6020001000000b062290064
:10ee20000cf6020001000000b0002000d09888001d
:10ee3000100781000090a0001007890060002000ea
:10ee400040e9880010c0b30017f10700411f2000ff
:10ee500010c0b300a47a0200010000007b1e37003e
:10ee600040f52100104078000004e0003c00320032
:10ee7000c2c0b300a18c290040f521007af1020044
:10ee8000010000000000e000090032002000200026
:10ee900040e9880020012000d098880000e224008a
:10eea00001002000b0068900c10689002c0037004f
:10eeb000e2c0b300718d290040f521007af1020013
:10eec000010000000000e0000a003200f000200015
:10eed000d0988800802322008040eb000148780011
:10eee00000e2240001002000b0068900c10689006c
:10eef0001b003700e2c0b300618e290040f52100fd
:10ef00007af10200010000000000e0000900320078
:10ef1000900d2000d098880011c0b3001000200090
:10ef2000e4400200010000006000200040e9880089
:10ef30000b00370032c1b300518f290040f521008a
:10ef40007af10200010000000000e000020032003f
:10ef5000800d2000d09888006000200040e98800e3
:10ef6000b0068100c1068100e00f5000e08f58001c
:10ef70001c003a00c06029000cf6020001000000ed
:10ef8000d1988000901520000e004000811f78006d
:10ef900081622900811f7800a204020000000000a5
:10efa000e4875700901520000e0040000cf6020088
:10efb00001000000b06229000cf602000100000010
:10efc000d0002000d0988800100781000090a00099
:10efd0001007890010c0b300b3f0070060002000e4
:10efe00040e98800411f200010c0b300a47a02004d
:10eff00001000000151e3700420020008000eb00d9
:10f0000050212200f20402000000000050212200e2
:10f0100085d12200a4d122008001780042c0b30033
:10f020008000eb0000cab30054af020001000000f2
:10f03000902122008040eb000148780050212200fe
:10f0400084d10200000000000004e000150032003e
:10f050006e1e0700909029003b1e070050212200e1
:10f06000391e070030912900371e070000e22400f6
:10f0700001002000b0068900c106890000012000bf
:10f08000d0988800411f200010c0b300a47a02006d
:10f0900001000000802322008040eb00014878003e
:10f0a000ea1d370080232200104078008040e800ed
:10f0b000802322000148780070f602000100000061
:10f0c000609129000cf6020001000000017122008d
:10f0d00010c0b300a47a02000100000010078100f4
:10f0e0000090a000100789008023220010407800c3
:10f0f000e24f5000541d3600a09329000cf6020088
:10f1000001000000f00f2000d0988800cf1d3700cc
:10f110001107810000202000008060000000e00056
:10f1200021003200e080200021c8b30001487800af
:10f130000081200021c0b3000148780070f6020071
:10f1400001000000709729000cf602000100000089
:10f1500090232200104078000004e00006003a00ee
:10f160009023220011c0b30001487800f02a21004a
:10f1700011c0b30001487800241e070060982900e0
:10f18000e31d070000e2240001002000b006890012
:10f19000c106890010012000d098880040f52100a8
:10f1a0008040eb0001487800b0068100c106810074
:10f1b000e00f5000e08f58001c003a00c0602900aa
:10f1c0000cf6020001000000d1988000d01620004b
:10f1d0000e004000811f780081622900811f7800a5
:10f1e000a204020000000000e4875700d0162000af
:10f1f0000e0040000cf6020001000000b062290081
:10f200000cf6020001000000d0002000d098880019
:10f21000100781000090a000100789006000200006
:10f2200040e9880010c0b3001ff00700411f200014
:10f2300010c0b300a47a020001000000831d370053
:10f240001107810000202000008060000000e00025
:10f250002b00320062c0b300e198290040f5210084
:10f260007af10200010000000000e00020003200fe
:10f27000a0f521001040780072c5020001000000d6
:10f280000080fb0010079800b0f521009040780046
:10f29000f0c2b30080cf500011003400b0f521005f
:10f2a0009040780090c3b30080cf50000c003c0029
:10f2b0001e0090006a00b900000078001007980056
:10f2c000b0f521001040780072c502000100000076
:10f2d0000080fb009e009000008040001007980016
:10f2e0001e00900000407800064802000100000067
:10f2f0000000eb00507e880020012000d09888009c
:10f30000b0068100c1068100e00f5000e08f580078
:10f310001a003a00c06029000cf60200010000004b
:10f32000d1988000101820000e004000811f780046
:10f3300081622900811f7800a20402000000000001
:10f34000e4875700101820000e0040000cf6020061
:10f3500001000000b06229000cf60200010000006c
:10f36000100781000090a000100789000001200014
:10f37000d098880010c0b300cbef0700c021220056
:10f38000104078000004e000b11c3200d0988000ea
:10f39000801f780050992900801f7800c0c8200085
:10f3a000a204020000000000e4875700c0c820004b
:10f3b0000cf6020001000000411f200010c0b30045
:10f3c000a47a020001000000e01f2000d09888000d
:10f3d0001e1d3700d08020008040eb0001487800df
:10f3e0001107810000202000008060000000e00084
:10f3f00009003200851d0700f09a2900521d070000
:10f4000000e2240001002000b0068900c106890046
:10f4100030012000d0988800b0068100c10681002c
:10f42000e00f5000e08f580013003a00c060290040
:10f430000cf6020001000000501920000e004000f0
:10f440000cf6020001000000b06229000cf6020078
:10f450000100000000012000d09888001007810002
:10f460000090a000100789006000200040e988009b
:10f4700010c0b3008cef0700411f200010c0b30084
:10f48000a47a020001000000f01c3700110781007f
:10f4900000202000008060000000e0001100320029
:10f4a0005a1d070000e2240001002000b006890078
:10f4b000c1068900a09b2900231d070050012000e0
:10f4c000d098880000e2240001002000b0068900e6
:10f4d000c1068900411f200010c0b300a47a0200b9
:10f4e00001000000b0068100c1068100e00f50005d
:10f4f000e08f5800581c3a00c06029000cf602004a
:10f5000001000000d1988000901a20000e004000f9
:10f51000811f780081622900811f7800a204020007
:10f5200000000000e4875700901a20000e00400001
:10f530000cf6020001000000b06229000cf6020087
:10f540000100000020012000d098880010078100f1
:10f550000090a000100789006000200040e98800aa
:10f5600010c0b30050ef0700b81c3700110781002e
:10f5700000202000008060000000e0000900320050
:10f58000221d070000e2240001002000b0068900cf
:10f59000c1068900609c2900eb1c07006001200067
:10f5a000d0988800b0068100c1068100e00f5000ad
:10f5b000e08f58001a003a00c06029000cf60200e3
:10f5c00001000000d1988000d01b20000e004000f8
:10f5d000811f780081622900811f7800a204020047
:10f5e00000000000e4875700d01b20000e00400000
:10f5f0000cf6020001000000b06229000cf60200c7
:10f600000100000020012000d09888001007810030
:10f610000090a0001007890010c0b30022ef07007f
:10f62000411f200010c0b300a47a020001000000b6
:10f63000861c370011078100002020000080600038
:10f640000000e00009003200f01c070000e2240086
:10f6500001002000b0068900c1068900109d290024
:10f66000b91c070070012000d0988800b006810006
:10f67000c1068100e00f5000e08f58001a003a00e8
:10f68000c06029000cf6020001000000d198800043
:10f69000101d20000e004000811f780081622900ab
:10f6a000811f7800a204020000000000e4875700d8
:10f6b000101d20000e0040000cf6020001000000aa
:10f6c000b06229000cf602000100000020012000b9
:10f6d000d0988800100781000090a00010078900d2
:10f6e00010c0b300f0ee0700411f200010c0b300af
:10f6f000a47a020001000000541c370011078100a9
:10f7000000202000008060000000e00009003200be
:10f71000be1c070000e2240001002000b0068900a2
:10f72000c1068900009e2900871c07008001200077
:10f73000d0988800b0068100c1068100e00f50001b
:10f74000e08f58001a003a00c06029000cf6020051
:10f7500001000000d1988000501e20000e004000e3
:10f76000811f780081622900811f7800a2040200b5
:10f7700000000000e4875700501e20000e004000eb
:10f780000cf6020001000000b06229000cf6020035
:10f790000100000020012000d0988800100781009f
:10f7a0000090a0001007890010c0b300beee070053
:10f7b000411f200010c0b300a47a02000100000025
:10f7c000221c37001107810000202000008060000b
:10f7d0000000e000090032008c1c070000e2240059
:10f7e00001002000b0068900c1068900909e290012
:10f7f000551c070090012000d0988800b0068100b9
:10f80000c1068100e00f5000e08f58001a003a0056
:10f81000c06029000cf6020001000000d1988000b1
:10f82000901f20000e004000811f78008162290097
:10f83000811f7800a204020000000000e487570046
:10f84000901f20000e0040000cf602000100000096
:10f85000b06229000cf60200010000002001200027
:10f86000d0988800100781000090a0001007890040
:10f8700010c0b3008cee0700411f200010c0b30081
:10f88000a47a020001000000f01b3700110781007c
:10f8900000202000008060000000e000090032002d
:10f8a0005a1c070000e2240001002000b006890075
:10f8b000c1068900309f2900231c0700a0012000f9
:10f8c000d0988800b0068100c1068100e00f50008a
:10f8d000e08f58001a003a00c06029000cf60200c0
:10f8e00001000000d1988000d02020000e004000d0
:10f8f000811f780081622900811f7800a204020024
:10f9000000000000e4875700d02020000e004000d7
:10f910000cf6020001000000b06229000cf60200a3
:10f920000100000020012000d0988800100781000d
:10f930000090a0001007890010c0b3005aee070025
:10f94000411f200010c0b300a47a02000100000093
:10f95000be1b3700110781000020200000806000de
:10f960000000e00009003200281c070000e224002b
:10f9700001002000b0068900c1068900e09f29002f
:10f98000f11b0700b0012000d0988800b00681006c
:10f99000c1068100e00f5000e08f58001a003a00c5
:10f9a000c06029000cf6020001000000d198800020
:10f9b000102220000e004000811f78008162290083
:10f9c000811f7800a204020000000000e4875700b5
:10f9d000102220000e0040000cf602000100000082
:10f9e000b06229000cf60200010000002001200096
:10f9f000d0988800100781000090a00010078900af
:10fa000010c0b30028ee0700411f200010c0b30053
:10fa1000a47a0200010000008c1b3700110781004e
:10fa200000202000008060000000e000090032009b
:10fa3000f61b070000e2240001002000b006890048
:10fa4000c106890090a02900bf1b0700c00120004b
:10fa5000d0988800b0068100c1068100e00f5000f8
:10fa6000e08f58001a003a00c06029000cf602002e
:10fa700001000000d1988000502320000e004000bb
:10fa8000811f780081622900811f7800a204020092
:10fa900000000000e4875700502320000e004000c3
:10faa0000cf6020001000000b06229000cf6020012
:10fab0000100000020012000d0988800100781007c
:10fac0000090a0001007890010c0b300f6ed0700f9
:10fad000411f200010c0b300a47a02000100000002
:10fae0005a1b3700110781000020200000806000b1
:10faf0000000e00009003200c41b070000e22400ff
:10fb000001002000b0068900c106890040a129003b
:10fb10008d1b0700d0012000d0988800b00681001e
:10fb2000c1068100e00f5000e08f58001a003a0033
:10fb3000c06029000cf6020001000000d19880008e
:10fb4000902420000e004000811f7800816229006f
:10fb5000811f7800a204020000000000e487570023
:10fb6000902420000e0040000cf60200010000006e
:10fb7000b06229000cf60200010000002001200004
:10fb8000d0988800100781000090a000100789001d
:10fb900010c0b300c4ed0700411f200010c0b30027
:10fba000a47a020001000000281b37001107810021
:10fbb00000202000008060000000e000090032000a
:10fbc000921b070000e2240001002000b00689001b
:10fbd000c1068900f0a129005b1b0700e00120009d
:10fbe000d0988800b0068100c1068100e00f500067
:10fbf000e08f58001a003a00c06029000cf602009d
:10fc000001000000d1988000d02520000e004000a7
:10fc1000811f780081622900811f7800a204020000
:10fc200000000000e4875700d02520000e004000af
:10fc30000cf6020001000000b06229000cf6020080
:10fc40000100000020012000d098880010078100ea
:10fc50000090a0001007890010c0b30092ed0700cb
:10fc6000411f200010c0b300a47a02000100000070
:10fc7000f61a370011078100002020000080600084
:10fc80000000e00009003200601b070000e22400d1
:10fc900001002000b0068900c1068900309f2900bc
:10fca000291b0700f0012000d0988800b0068100d1
:10fcb000c1068100e00f5000e08f58001a003a00a2
:10fcc000c06029000cf6020001000000d1988000fd
:10fcd000102720000e004000811f7800816229005b
:10fce000811f7800a204020000000000e487570092
:10fcf000102720000e0040000cf60200010000005a
:10fd0000b06229000cf60200010000002001200072
:10fd1000d0988800100781000090a000100789008b
:10fd200010c0b30060ed0700411f200010c0b300f9
:10fd3000a47a020001000000c41a370011078100f4
:10fd400000202000008060000000e0001800320069
:10fd5000f0d5200090407800801f220011409800cc
:10fd6000801f22009040900040c6b30080cf50001a
:10fd700003003600801f2200e1c0b300114098004c
:10fd800000e2240001002000b0068900c1068900bd
:10fd90001e1b0700b02122008040eb0001487800c4
:10fda000a0a22900e81a070020022000d0988800ad
:10fdb000b0068100c1068100e00f5000e08f5800be
:10fdc0001a003a00c06029000cf602000100000091
:10fdd000d1988000502820000e004000811f78003c
:10fde00081622900811f7800a20402000000000047
:10fdf000e4875700502820000e0040000cf6020057
:10fe000001000000b06229000cf6020001000000b1
:10fe100020012000d0988800100781000090a000e9
:10fe20001007890010c0b3001fed0700411f20001c
:10fe300010c0b300a47a020001000000831a37004a
:10fe40001107810000202000008060000000e00019
:10fe50001300320050ea8000610060000000e00002
:10fe60000d003200e91a0700d0a32900b61a0700d6
:10fe700050ea80000000a10050ea8800803821008c
:10fe800001002000b0068900c10689002002200080
:10fe9000d09888000200370030022000d0988800f7
:10fea000b0068100c1068100e00f5000e08f5800cd
:10feb00002003a00800c2000e3f30700813e20009e
:10fec00010c0b300a47a0200010000005f1a3700de
:10fed0001107810000202000008060000000e00089
:10fee0000200320030022000d0988800b0212200a9
:10fef000104078000004e0000e003200b0a4290099
:10ff00000cf6020001000000b02122008040eb004e
:10ff100001487800100781000090a00010078900b8
:10ff2000100781000080a100100789003002200026
:10ff3000d0988800b0068100c1068100e00f500013
:10ff4000e08f580005003a00100781000090a000e3
:10ff50001007890030022000d09888004106200058
:10ff600010c0b300a47a020001000000371a370065
:10ff70001107810000202000008060000000e000e8
:10ff800018003200500b2200cdf307009f1a070023
:10ff9000500b2200104078000004e00009003200fd
:10ffa00080a62900681a0700500b2200661a070075
:10ffb000c0a72900641a070050022000d0988800ca
:10ffc00004003700c0a829005f1a07005002200073
:10ffd000d098880000e2240001002000b0068900cb
:10ffe000c1068900b0068100c1068100e00f500003
:10fff000e08f580002003a00f001200092f3070061
:020000040002f8
:10000000017d200010c0b300a47a020001000000ae
:100010000e1a3700110781000020200000806000c8
:100020000000e00009003200781a070020aa290029
:10003000451a070000e2240001002000b0068900f4
:10004000c106890030172000d0988800b0068100d2
:10005000c1068100e00f5000e08f580002003a0016
:10006000f001200078f307004106200010c0b30023
:10007000a47a020001000000f41937001107810082
:1000800000202000008060000000e0000500320039
:1000900050ea80000000a00050ea880060022000c2
:1000a000d0988800b0212200104078000004e000c1
:1000b0000e003200b02122008040eb0001487800a1
:1000c00050ea80000000a10050ea8800100781007b
:1000d0000090a00010078900100781000080a10097
:1000e0001007890060022000d0988800b0068100c7
:1000f000c1068100e00f5000e08f580005003a0073
:1001000050ea80000000a10050ea88006002200050
:100110004df307004106200010c0b300a47a02008e
:1001200001000000c91937001107810000202000dc
:10013000008060000000e0000800320000e22400bf
:1001400001002000b0068900c106890030002000af
:1001500040e98800800c2000d0988800b02122005f
:10016000104078000004e0000b00320000e22400a0
:1001700001002000b0068900c106890000ab2900fb
:100180000cf60200010000003000200040e9880069
:10019000800c2000d0988800b0068100c106810044
:1001a000e00f5000e08f58001a003a00c0602900ac
:1001b0000cf6020001000000d19880009029200078
:1001c0000e004000811f780081622900811f7800a5
:1001d000a204020000000000e487570090292000dc
:1001e0000e0040000cf6020001000000b062290081
:1001f0000cf602000100000020012000d0988800c9
:10020000100781000090a0001007890010c0b30003
:1002100025ec0700411f200010c0b300a47a0200a3
:10022000010000008919370011078100002020001b
:10023000008060000000e0001300320000e22400b3
:1002400001002000b0068900c1068900790047003e
:100250007201200031ad2900e4040200000000001a
:1002600079004700b8190700e0c3b3000c1a070073
:10027000f0022000d09888002103200010c0b300b5
:10028000a47a020001000000b0068100c1068100ce
:10029000e00f5000e08f5800f1183a00c0602900cc
:1002a0000cf6020001000000d1988000d02a200046
:1002b0000e004000811f780081622900811f7800b4
:1002c000a204020000000000e4875700d02a2000aa
:1002d0000e0040000cf6020001000000b062290090
:1002e0000cf602000100000030002000d0988800c9
:1002f000100781000090a0001007890010c0b30013
:10030000e9eb070051193700f106810000202000b9
:10031000008060000000e00016003200801f220014
:1003200060429000801f2200d0419000801f220078
:1003300040419000801f2200b0409000801f2200aa
:1003400020409000dfea0700b019070000032000fa
:10035000d098880000fa200001002000b006890033
:10036000c1068900a10f200010c0b300a47a0200ca
:1003700001000000b0068100c1068100e00f5000be
:10038000e08f5800b8183a00c06029000cf602004f
:1003900001000000d1988000102c20000e004000c9
:1003a000811f780081622900811f7800a204020069
:1003b00000000000e4875700102c20000e004000d1
:1003c0000cf6020001000000b06229000cf60200e9
:1003d0000100000010c0b300b3eb0700100781005c
:1003e0000090a0001007890070022000d0988800bb
:1003f0006109200010c0b300a47a020001000000cf
:1004000012193700110781000020200000806000d1
:100410000000e00012003200d01181000000e00076
:1004200009003a0010002000d0118900400020008f
:10043000d0988800e115200010c0b300a47a020013
:10044000010000000600370010072000d098880047
:10045000e115200010c0b300a47a020001000000e2
:10046000b0068100c1068100e00f5000e08f580007
:100470007f183a00c06029000cf60200010000005d
:10048000d1988000502d20000e004000811f780080
:1004900081622900811f7800a20402000000000090
:1004a000e4875700502d20000e0040000cf602009b
:1004b00001000000b06229000cf6020001000000fb
:1004c000100781000090a00010078900d011810062
:1004d0000000e00005003a0010002000d011890063
:1004e00040002000d0988800d8183700100720005e
:1004f000d0988800d51837003000200040e98800e7
:1005000010398100e10f500012003a00f11e810005
:1005100000102000008060000000e0000a003200af
:1005200020498100610060000000e000030032000b
:10053000c0032000d0988800c4183700101d200088
:10054000d0988800c1183700001d2000d09888007e
:10055000be183700b16d80000008200000806000e8
:100560000000e00013003200701d220010407800ef
:100570000004e0000f003a00501f220010407800f5
:100580000004e0000b003a002007810061006000d9
:100590000000e00007003a002007810062006000d0
:1005a0000000e00003003a0060102000d0988800ae
:1005b000a618370070108100620060000000e000a3
:1005c00014003200701d2200104078000004e0008a
:1005d00010003a00501f2200104078000004e00094
:1005e0000c003a00b16d800000082000008060001f
:1005f0000000e00007003a00900c2000d09888002e
:10060000e115200010c0b300a47a02000100000030
:100610008e18370050802000104078000004e00061
:1006200003003200e01f2000d098880087183700b0
:1006300080bb2100104078000004e000210032005f
:1006400080bb210010407800e14f50000f003a00bd
:10065000a00d22009040780010c3b30080cf50005e
:100660000a003200a00d22009040780050c3b30071
:1006700080cf500005003200a00d2200904078008d
:10068000f0c3b30080cf50000e003a0080bb2100c1
:1006900010407800e24f500046003a00a00d2200c2
:1006a0009040780010c3b30080cf500005003200a6
:1006b000a00d22009040780050c3b30080cf5000be
:1006c0003c003a00a00d22009040780010c3b30017
:1006d00080cf500005003200a00d2200904078002d
:1006e00050c3b30080cf500018003a00002b210007
:1006f000104078000080fb00680060000000e0000f
:100700000e003200109b80000000e0000b003a0059
:10071000409b80000000e00008003a00709b8000d1
:100720000000e00005003a003369200012002000bc
:100730008040eb00a0ae29006eea070080bb2100dc
:1007400011c0b300014878001a003700002b2100c7
:10075000104078000080fb00680060000000e000ae
:1007600011003200109b80000000e0000e003a00f3
:10077000409b80000000e0000b003a00709b80006e
:100780000000e00008003a0050be22008040eb006c
:100790000148780053692000120020008040eb00df
:1007a00040af290053ea070080bb210021c0b300fd
:1007b00001487800f0488100620060000000e0001d
:1007c00023003200104981000000e00020003200c8
:1007d000801f220010007800610060000000e0002f
:1007e0001b003a00801f22001000780062006000a9
:1007f0000000e0001600320040d7200010407800d2
:100800000080fb00610060000000e00010003a0082
:1008100023e92000120020008040eb00f041290075
:1008200034ea0700104981000000e90010498900fe
:10083000104981000000e00005003a00620020003d
:100840008000eb00e0912200f204020000000000b2
:1008500040d72000104078000080fb00610060005d
:10086000004078000004e0001800320050d820005a
:10087000104078000080fb00610060000000e00094
:1008800012003a00c0d82000104078000004e000b8
:100890000e003a00801f2200100078006100600006
:1008a0000000e00009003a0040d720001040780026
:1008b0000080fb00640060000000e00003003a00dc
:1008c000200d2000d0988800e017370040d7200086
:1008d000104078000080fb00640060000000e00031
:1008e00003003200500d2000d0988800d717370041
:1008f000701d220010407800e34f500003003a00c2
:10090000e00d81000020a100e00d8900701d220093
:1009100010407800e24f50000e003a00e00d8100d8
:10092000620060000000e00004003200e00d810081
:10093000640060000000e00006003200e00d81006d
:100940000020a100e00d890020052000d09888003b
:10095000be173700517e800070382100808f500014
:100960000300360020032000d0988800b717370016
:10097000617e8000f07c2000808f50000d003600ea
:10098000a00d22009040780010c3b30080cf50002b
:1009900005003200a00d22009040780050c3b30043
:1009a00080cf500003003a0000052000d098880056
:1009b000a6173700917e8000f0e12400808f500060
:1009c0000300360040102000d09888009f173700a1
:1009d000b07e80000000e00003003a00c01220005a
:1009e000d098880099173700801f220010007800e7
:1009f000610060000000e00003003200e00620001b
:100a0000d09888009117370000dd20001040780052
:100a10000004e00003003200000a2000d0988800a3
:100a20008a173700a009220090407800f0c3b30075
:100a300080cf50001a003a00b00922001040780020
:100a40000004e00016003a0040e98000e30f500087
:100a500013003a0060da200010407800e54f5000a3
:100a60000f00340060da200010407800ff4f500083
:100a70000b003c0050da2000104078000004e00039
:100a800007003200817e800080b52100808f5000f9
:100a900003003600a0072000d09888006b173700ad
:100aa000701d2200104078000004e0000a003a00a7
:100ab000e00d81000020a100e00d8900501f220000
:100ac00010407800e14f500003003a00a0052000dc
:100ad000d09888005d173700001081006100600029
:100ae0000000e00003003200a00a2000d098880037
:100af00056173700d02a2100104078000004e0008b
:100b000013003200717e800000772100808f50003a
:100b10000f003600701d2200104078000004e00035
:100b20000b003a00501f2200104078000004e00043
:100b300007003a0020078100610060000000e0002b
:100b400003003a0060062000d09888003f17370065
:100b5000a17e800080b52100808f50000f003600fc
:100b6000701d2200104078000004e0000b003a00e5
:100b7000501f2200104078000004e00007003a00f7
:100b800020078100610060000000e00003003a00df
:100b900050052000d09888002c17370020078100ce
:100ba000640060000000e00003003200d00220007a
:100bb000d098880025173700200781006200600068
:100bc0000000e00003003200b0022000d09888004e
:100bd0001e17370020498100610060000000e0001e
:100be0002f003200d02a2100104078000004e000dd
:100bf0002b003a00a028210090407800f0c3b300f9
:100c000080cf500026003200a00d220090407800d6
:100c100010c3b30080cf500005003200a00d2200a9
:100c20009040780050c3b30080cf50001c003a00c1
:100c3000609c2200a2f20200010000000000e0001f
:100c40000e003200609c2200104078000004e0009a
:100c50000a00320021498100000e2000008060005f
:100c60000000e0000e003a00c0032000d098880089
:100c70000000eb00407e8800f41637002049810018
:100c80000000a10020498900204981000040a10006
:100c900020498900609c22008040eb0001487800d8
:100ca00020078100610060000000e00047003a007a
:100cb00020078100620060000000e00043003a006d
:100cc00020498100610060000000e0003f003a0020
:100cd000417e800070bb2000808f50003b003600ba
:100ce00090bb2100104078000004e0001d0032009d
:100cf00090bb2100104078000000fb00e20f500084
:100d000008003200a1052000810f500008003200c9
:100d1000e10f50000a003a00b00e2000d098880081
:100d20000700370080112000d098880004003700a9
:100d30005080200011c0b30001487800000000007e
:100d400090bb21008040eb000148780070f6020063
:100d500001000000e0af29000cf6020001000000d5
:100d6000ba16370080022000d0988800d00d2200eb
:100d7000104078000004e00014003a00a028210090
:100d800090407800f0c3b30080cf50000f003200d5
:100d9000a00d22009040780010c3b30080cf500017
:100da00005003200a00d22009040780050c3b3002f
:100db00080cf500005003a00a00f2000d098880096
:100dc0000000eb00407e8800a0163700701d220056
:100dd000104078000004e00007003200501f22009d
:100de000104078000004e0000300320040062000bc
:100df000d098880095163700e00d810061006000f2
:100e00000000e00004003a00d00e810061006000a4
:100e10000000e0000300320040062000d098880067
:100e20008a16370040e98000e30f50000d003200c1
:100e300040e98000e40f50000a00320040e98000e1
:100e4000e50f50000700320070f6020001000000bc
:100e500090b129000cf6020001000000800e200075
:100e6000d098880070108100620060000000e000ef
:100e700013003200701d2200104078000004e000d2
:100e80000f003a00501f2200104078000004e000dc
:100e90000b003a0020078100610060000000e000c4
:100ea00007003a0020078100620060000000e000b7
:100eb00003003a00900c2000d09888006316370099
:100ec00050052200104078000004e0000b003200c2
:100ed00020498100610060000000e0000400320051
:100ee00000082200104078000004e00003003a00ef
:100ef000000f2000d09888005416370050ea800078
:100f0000640060000000e0001400320050ea80003d
:100f1000610060000000e0000700320010b429000a
:100f20000cf602000100000050ea80000020a10041
:100f300050ea88000900370050ea80006100600034
:100f40000000e00005003a00100781000090a000ba
:100f50001007890020022000d098880071f18000dd
:100f600000202000008060000000e0001800320037
:100f700050ea8000610060000000e0000d003200d7
:100f8000a216070040d3220080c0eb000148780081
:100f9000e0b629006c16070000e2240001002000e2
:100fa000b0068900c1068900b01c2000d0988800d6
:100fb0002616370050ea8000610060000000e00063
:100fc00003003a0050ea80000020a00050ea8800a8
:100fd000d1988000800c2000808f5000a6153a0028
:100fe00060312100104078000004e000a4153a00b0
:100ff0002103200010c0b300a47a02000100000009
:101000001216370090b729000cf60200010000000c
:10101000e0d82000104078000080fb0070006000e5
:101020000000e0000e003a0080fd20001040780033
:10103000e14f50000a003a0080fd20008040eb00a4
:101040000148780090b829003f160700411f200092
:1010500010c0b300a47a020001000000fb153700a5
:1010600040b929003816070000e2240001002000e2
:10107000b0068900c1068900b02122008040eb0043
:1010800001487800a00c2000d0988800e1152000cd
:1010900010c0b300a47a020001000000eb15370075
:1010a0001107810000202000008060000000e000a7
:1010b0001c003200701081000010a1007010890027
:1010c0005000200040e9880080a923000100200092
:1010d000b0068900c1068900b00c2000d0988800b5
:1010e000dcc6a900b6a6a90070f602000100000047
:1010f000d09880008000eb00811f7800801f78006e
:10110000b07b2900801f7800c0c82000a204020024
:1011100000000000e6875700c0c820000cf602005f
:1011200001000000b0068100c1068100e00f500000
:10113000e08f58000f003a00d0988000801f7800a0
:10114000f0b92900801f7800c0c82000a204020066
:1011500000000000e4875700c0c820000cf6020021
:1011600001000000800c2000d098880010c0b3005f
:101170004de80700b0212200104078000004e00094
:101180000d003200d0988000801f7800f0ba29004e
:10119000801f7800c0c82000a204020000000000e8
:1011a000e4875700c0c820000cf6020001000000d0
:1011b000800c2000d0988800c021220010407800c8
:1011c0000004e00030153200d0988000801f7800c5
:1011d000c0bc2900801f7800c0c82000a204020003
:1011e00000000000e4875700c0c820000cf6020091
:1011f00001000000411f200010c0b300a47a0200cb
:1012000001000000e01f2000d09888008f153700f3
:10121000b0068100c1068100e00f5000e08f580049
:101220002c003a00d19b8000d0988000811f78006c
:10123000801f7800f0bf2900801f7800c0c8200000
:10124000a204020000000000e6875700c0c820008a
:101250000cf6020001000000f08529000cf60200e7
:10126000010000000000eb00407e88002149810061
:10127000000e20000100700020498900d00d2200de
:101280008040eb0001487800a00d2200f1c3b300bc
:1012900001487800a00d220090407800a02821008d
:1012a0000148780000132100507e880070108100f2
:1012b0000010a100701089005000200040e9880053
:1012c000800c2000d0988800c00c2000d0988800a6
:1012d0005e1537002103200010c0b300a47a02007d
:1012e0000100000059153700dcc6a800b6a6a8000a
:1012f00070f6020001000000d0988000110020006c
:10130000811f7800801f7800b07b2900801f780043
:10131000c0c82000a204020000000000e6875700b9
:10132000c0c820000cf6020001000000813e200031
:1013300010c0b300a47a020001000000d00c20000d
:10134000d098880041153700e09f29007e150700de
:101350008038210001002000b0068900c106890004
:10136000e00c2000d098880038153700b0068100c6
:10137000c1068100e00f5000e08f580005003200e8
:101380001107810000202000008060000000e000c4
:10139000bf14320050da200010407800e34f5000b4
:1013a00007003a00602e210010407800f94f5000ed
:1013b00003003200b06d80000070a000b06d8800a6
:1013c00000132100507e8800800c2000d0988800f7
:1013d0001e153700f0d5200090407800801f2200b5
:1013e00011409800801f22009040900040c6b3003a
:1013f00080cf500003003600801f2200e1c0b30000
:10140000114098008115070070f6020001000000ed
:1014100040c129000cf6020001000000f0d52000b8
:10142000104078000080fb00801f780020c2290057
:10143000801f780020232200a20402000000000088
:10144000e4875700202322000cf602000100000070
:1014500060c229003c150700803e200001002000ea
:10146000b0068900c1068900100d2000d0988800c0
:1014700050d72000104078000004e00086143a00a5
:1014800010c329000cf6020001000000000d20002e
:10149000d0988800ed14370011078100002020004b
:1014a000008060000000e00005003a00b006810006
:1014b000c1068100e00f5000e08f580078143a0018
:1014c00040d7200010407800804078000104a1003f
:1014d00040d720000148780050d820001040780004
:1014e000804078000104a00050d820000148780016
:1014f00040d72000104078000080fb0062006000b0
:101500000000e0000600320050d8200010407800b3
:10151000804078000134a00050d8200001487800b5
:10152000800c2000d0988800c81437001107810073
:1015300000202000008060000000e00005003a006c
:10154000b0068100c1068100e00f5000e08f580016
:1015500055143a002d150700a0c42900fa140700fd
:1015600000ce220010407800e14f500005003a0004
:101570004106200010c0b300a47a02000100000060
:1015800004003700813e200010c0b300a47a02009e
:10159000010000008038210001002000b006890011
:1015a000c1068900300d2000d0988800a7143700ac
:1015b0001107810000202000008060000000e00092
:1015c00005003a00b0068100c1068100e00f50001e
:1015d000e08f580036143a0040d7200010407800c1
:1015e000804078000104a10040d720000148780025
:1015f00006150700b02122008040eb00014878006a
:1016000000ce220010407800e14f500005003a0063
:10161000813e200010c0b300a47a02000100000047
:1016200004003700813e200010c0b300a47a0200fd
:1016300001000000b0c52900c314070050d72000e6
:10164000c1140700a0c62900bf140700f0852900b7
:10165000bd14070070f6020001000000c0c629009a
:101660000cf602000100000050d720000cf602002a
:1016700001000000c04729000cf602000100000034
:10168000400d2000d0988800810c200010c0b300cd
:10169000a47a02000100000080382100010020002f
:1016a000b0068900c106890068143700b021220005
:1016b000104078000004e00005003a00b006810008
:1016c000c1068100e00f5000e08f580032003a0060
:1016d00080c7290068e6070050d820001040780035
:1016e000804078000124a00050d8200001487800f4
:1016f00092c0b3005141290050d720007af1020076
:10170000010000000000e0001d003200bf140700cf
:10171000b02122008040eb00014878008038210091
:1017200001002000b0068900c106890000c8290018
:101730000cf602000100000092002000f141290097
:1017400050d72000e404020000000000b0c52900ca
:101750007d140700f04129007b140700a0c6290072
:1017600079140700f085290077140700411f200035
:1017700010c0b300a47a0200010000003314370047
:10178000800c2000d0988800419c200010c0b3003d
:10179000a47a02000100000011078100002020004f
:1017a000008060000000e000c313320000e224006b
:1017b00001002000b0068900c106890050d8200031
:1017c00010407800804078000104a00050d820002c
:1017d0000148780040d72000104078000080fb00ce
:1017e000620060000000e0000600320050d82000d7
:1017f00010407800804078000134a00050d82000cc
:1018000001487800800c2000d0988800810c2000ce
:1018100010c0b300a47a0200010000000b143700ce
:1018200060c929004814070050d72000461407005b
:10183000a0c6290044140700f085290042140700bf
:1018400000e2240001002000b0068900c1068900e2
:10185000600d2000d0988800fc13370050d820007d
:10186000104078000004e00005003200b00681005e
:10187000c1068100e00f5000e08f580090133a003d
:10188000800c2000d0988800f013370050ca29003f
:101890000cf6020001000000f00f2000d098880034
:1018a000ea133700d0cd29000cf602000100000039
:1018b000f00f2000d0988800e4133700531407007d
:1018c000b02122008040eb000148780000e22400b3
:1018d00001002000b0068900c106890000d129005e
:1018e00019140700b00f2000d0988800410620008e
:1018f00010c0b300a47a020001000000d313370027
:101900001107810000202000008060000000e0003e
:10191000090032008038210001002000b006890053
:10192000c1068900c0122000d0988800d00d220086
:1019300011c0b30001487800b021220010407800a7
:101940000004e00005003a00b0068100c1068100f5
:10195000e00f5000e08f580005003a00d00d220043
:101960008040eb0001487800c0122000d098880029
:101970004106200010c0b300a47a0200010000005c
:10198000b2133700a00d22009040780010c3b300be
:1019900080cf500005003200a00d2200904078005a
:1019a00050c3b30080cf500019003a0011078100e6
:1019b00000202000008060000000e00005003a00e8
:1019c000b0068100c1068100e00f5000e08f580092
:1019d0000d003a000d14070030d22900cc13070087
:1019e0004019210001002000b0068900c1068900cd
:1019f000810c200010c0b300a47a02000100000096
:101a000090022000d0988800000000008f1337005b
:101a1000800c2000d09888000000eb00407e8800f9
:101a20008a13370011078100002020000080600029
:101a30000000e00005003a00b0068100c106810008
:101a4000e00f5000e08f58000e003a00800c20009c
:101a5000d09888000000eb00407e880020078100bd
:101a6000620060000000e00006003200b0022000ca
:101a7000d09888004106200010c0b300a47a02006c
:101a800001000000c0212200104078000004e000a6
:101a90000d133200d0988000801f780050992900e3
:101aa000801f7800c0c82000a204020000000000cf
:101ab000e4875700c0c820000cf6020001000000b7
:101ac000411f200010c0b300a47a020001000000f2
:101ad000e01f2000d09888005c133700cb1307006c
:101ae00000e2240001002000b0068900c106890040
:101af00020d3290094130700900d810024c8020010
:101b000001000000b0d329008f130700c00220009d
:101b1000d09888004106200010c0b300a47a0200cb
:101b20000100000049133700110781000020200048
:101b3000008060000000e00005003a00b00681006f
:101b4000c1068100e00f5000e08f5800e0123a001b
:101b5000200781000010a10020078900800c2000d0
:101b6000d098880020078100680060000000e00035
:101b700005003200200781000030a1002007890005
:101b800080ab2000407e8800b0068100c106810045
:101b9000e00f5000e08f5800cf123a00200781007c
:101ba0000020a00020078900c06029000cf6020078
:101bb00001000000d1988000902e20000e0040000f
:101bc000811f780081622900811f7800a204020031
:101bd00000000000e4875700902e20000e00400017
:101be0000cf6020001000000b06229000cf60200b1
:101bf0000100000010c0b300abe50700131337006d
:101c00008213070000e2240001002000b0068900d2
:101c1000c1068900f0d329004b130700f085290085
:101c200049130700200781000010a1002007890048
:101c3000200781000000a100200789002007810003
:101c40000020a100200789000000eb00407e8800f2
:101c5000e0022000d09888004106200010c0b300a8
:101c6000a47a020001000000f81237001107810079
:101c700000202000008060000000e00005003a0025
:101c8000b0068100c1068100e00f5000e08f5800cf
:101c900093123a00800c2000d098880010c0b30046
:101ca00081e50700e91237005813070040f52100cd
:101cb0008040eb0001487800b0d4290014130700dd
:101cc000801a260001002000b0068900c1068900a4
:101cd00030032000d0988800dc1237000000eb00b1
:101ce000507e8800110781000020200000806000e5
:101cf0000000e000ed00320060032000d098880072
:101d0000a2c0b30051d5290040f521007af10200ac
:101d1000010000000000e00015003a00a2c0b3007e
:101d200001d6290040f521007af1020001000000ef
:101d30000000e0000e003a00a2c0b300b1d62900b6
:101d400040f521007af10200010000000000e000ef
:101d500007003a00a2c0b30061d7290040f5210076
:101d60007af10200010000000000e0002b003200c8
:101d70003000200040e98800e00521001040780094
:101d8000f94f500004003200b00d220010407800de
:101d90000004e00003003200e00521006eb1020003
:101da00001000000b00d22008040eb0001487800e7
:101db000c00d22008040eb0001487800d0f52100e2
:101dc0001040780080407800a00d22000148780083
:101dd000a00d220090407800a02821000148780042
:101de000a00d22009040780050c3b30080cf500077
:101df00005003a008040eb0000202000e440020093
:101e0000010000002d0037008040eb000020200082
:101e1000b24002000100000028003700a2c0b30059
:101e200011d8290040f521007af1020001000000dc
:101e30000000e00007003a00a2c0b300c1d82900aa
:101e400040f521007af10200010000000000e000ee
:101e50001a00320070f602000100000070d929005b
:101e60000cf6020001000000e01f2000d09888005e
:101e7000d0f521001040780080407800a00d2200ad
:101e800001487800a00d220090407800a028210091
:101e900001487800c080200010407800e34f4000e7
:101ea00011123e00c0802000104078008040e80001
:101eb000c08020000148780064123700a2c0b3003f
:101ec000a1db290040f521007af1020001000000a9
:101ed0000000e00015003a00a2c0b30051dc290068
:101ee00040f521007af10200010000000000e0004e
:101ef0000e003a00a2c0b30001dd290040f5210028
:101f00007af10200010000000000e00007003a0042
:101f1000a2c0b300b1dd290040f521007af1020032
:101f2000010000000000e00047003200c00d220068
:101f3000104078008040e800c00d22000148780081
:101f4000c00d220010407800e84f500005003a0014
:101f500070f602000100000060de29000cf60200ad
:101f600001000000c00d220010407800f44f500026
:101f70002b003600c00d22008040eb0001487800a5
:101f8000b00d2200104078000004e0001c003a0070
:101f9000b00d220011c0b300014878006006210096
:101fa0006eb102000100000070f6020001000000a6
:101fb000002b2100104078000080fb0061006000d1
:101fc000004078000004e0000400320011c0b300bb
:101fd00000012000e440020001000000002b21006d
:101fe000104078000080fb00640060000000e0000a
:101ff00003003200e02a210011c0b300014878003c
:1020000050e029000cf6020001000000e01f200053
:10201000d09888004000200040e988000b1237006b
:10202000d0f521001040780080407800a00d2200fb
:1020300001487800a00d220090407800a0282100df
:1020400001487800020037003000200040e9880095
:1020500082c0b30011e3290040f521007af10200ab
:10206000010000000000e00010003200a0e32900a1
:10207000351207006512070040f521008040eb0093
:10208000014878008038210001002000b006890056
:10209000c1068900800c2000d098880081bb2000f8
:1020a00010c0b300a47a020001000000b006810055
:1020b000c1068100e00f5000e08f580017003a0081
:1020c000c06029000cf6020001000000d1988000d9
:1020d000d02f20000e004000811f7800816229006f
:1020e000811f7800a204020000000000e48757006e
:1020f000d02f20000e0040000cf60200010000006e
:10210000b06229000cf6020001000000800c2000e3
:10211000d098880010c0b30063e40700c0212200fb
:10212000104078000004e00071113200d098800067
:10213000801f780050992900801f7800c0c82000b7
:10214000a204020000000000e4875700c0c820007d
:102150000cf6020001000000411f200010c0b30077
:10216000a47a020001000000e01f2000d09888003f
:10217000b611370060982900e51107002312070007
:1021800040f521008040eb000148780000fa200073
:1021900001002000b0068900c1068900500320001c
:1021a000d0988800a91137000000eb00507e88000d
:1021b0001107810000202000008060000000e00086
:1021c0008700320062c0b300e198290040f5210089
:1021d0007af10200010000000000e00080003200ff
:1021e00060c0b3004047980050e429000cf602009c
:1021f000010000004e4090000080fb0041f52100ee
:10220000e1407800f0c2b30080cf500042003400bb
:102210004e4090000080fb0041f52100e140780035
:1022200090c3b30080cf50003b003c004e40900074
:102230000080fb0041f521006140780072c502007a
:10224000010000000080fb00100798004e40900045
:102250000040e800404798004e4090000080fb009e
:1022600041f52100e1407800f0c2b30080cf50007a
:10227000180034004e4090000080fb0041f5210022
:10228000e140780090c3b30080cf500011003c00c3
:102290001e0090006a00b900000078001007980046
:1022a0004e4090000080fb0041f521006140780025
:1022b00072c50200010000000080fb009e0090003b
:1022c00000804000100798004e4090000040e80059
:1022d000404798001e009000004078000648020029
:1022e00001000000103120000e0040009e00900010
:1022f000811f780021e52900811f7800a2040200d7
:1023000000000000e4875700103120000e0040005c
:102310000cf60200010000004e4090000040e80072
:10232000404798004e4090000080fb0041f521009e
:10233000e1407800f0c2b30080cf500020003400ac
:102340004e4090000080fb0041f52100e140780004
:1023500090c3b30080cf500019003c004e40900065
:102360000080fb0041f521006140780072c5020049
:10237000010000000080fb00100798001e00900084
:10238000004078004a49020001000000f0322000bd
:102390000e0040009e009000811f780071e6290029
:1023a000811f7800a204020000000000e4875700ab
:1023b000f03220000e0040000cf602000100000088
:1023c0000000eb00507e8800007d2000010020000e
:1023d000b0068900c1068900800c2000d0988800d2
:1023e000b0068100c1068100e00f5000e08f580068
:1023f00017003a00c06029000cf60200010000003e
:10240000d1988000d03420000e004000811f780059
:1024100081622900811f7800a204020000000000f0
:10242000e4875700d03420000e0040000cf6020074
:1024300001000000b06229000cf60200010000005b
:10244000800c2000d098880010c0b30096e30700ed
:10245000c0212200104078000004e000a6103200e5
:10246000d0988000801f780050992900801f780044
:10247000c0c82000a204020000000000e48757004a
:10248000c0c820000cf6020001000000411f20001f
:1024900010c0b300a47a020001000000e01f200079
:1024a000d0988800e91037005811070040f5210046
:1024b0008040eb0001487800a0e7290022110700c6
:1024c000803e200001002000b0068900c10689007e
:1024d00070032000d0988800dc10370011078100bd
:1024e00000202000008060000000e0005601320063
:1024f0000000eb00507e880072c0b30031e8290074
:1025000040f521007af10200010000000000e00027
:102510004d013200d2c0b300b1e8290040f52100de
:102520007af10200010000000000e00041013200e9
:1025300052c1b30091e9290040f521007af102006f
:10254000010000000000e0009a00320050da200094
:1025500041c0b3000148780050c1b3005047980013
:102560005e4090000080fb0041f52100e1407800d2
:10257000f0c2b30080cf5000420034005e409000b3
:102580000080fb0041f52100e140780090c3b300da
:1025900080cf50003b003c005e4090000080fb007c
:1025a00041f521006140780072c502000100000081
:1025b0000080fb00100798005e4090000040e8009b
:1025c000504798005e4090000080fb0041f52100dc
:1025d000e1407800f0c2b30080cf50001800340012
:1025e0005e4090000080fb0041f52100e140780052
:1025f00090c3b30080cf500011003c001e0090003b
:102600006a00b90000007800100798005e40900052
:102610000080fb0041f521006140780072c5020096
:10262000010000000080fb009e0090000080400040
:10263000100798005e4090000040e8005047980066
:102640001e00900000407800b64902000100000022
:10265000103620000e0040009e009000811f780080
:10266000f1ea2900811f7800a204020000000000a6
:10267000e4875700103620000e0040000cf60200e0
:10268000010000005e4090000040e80050479800c4
:102690005e4090000080fb0041f52100e1407800a1
:1026a000f0c2b30080cf50003f0034005e40900085
:1026b0000080fb0041f52100e140780090c3b300a9
:1026c00080cf500038003c005e4090000080fb004e
:1026d00041f521006140780072c502000100000050
:1026e0000080fb00100798005e4090000040e8006a
:1026f000504798005e4090000080fb0041f52100ab
:10270000e1407800f0c2b30080cf500015003400e3
:102710005e4090000080fb0041f52100e140780020
:1027200090c3b30080cf50000e003c001e0090000c
:102730006a00b90000007800100798005e40900021
:102740000080fb0041f521006140780072c5020065
:10275000010000000080fb009e009000008040000f
:10276000100798001e009000004078008c4902007d
:1027700001000000f03720000e0040009e00900095
:10278000811f780041ec2900811f7800a20402001b
:1027900000000000e4875700f03720000e004000e2
:1027a0000cf602000100000040032000d0988800d1
:1027b000a500370050da200031c0b300014878008e
:1027c000d0c0b300604798006e4090000080fb00ce
:1027d00041f52100e1407800f0c2b30080cf500005
:1027e000420034006e4090000080fb0041f5210063
:1027f000e140780090c3b30080cf50003b003c0024
:102800006e4090000080fb0041f52100614078009f
:1028100072c50200010000000080fb001007980054
:102820006e4090000040e800604798006e409000c5
:102830000080fb0041f52100e1407800f0c2b300c8
:1028400080cf5000180034006e4090000080fb00e4
:1028500041f52100e140780090c3b30080cf5000e3
:1028600011003c001e0090006a00b90000007800d2
:10287000100798006e4090000080fb0041f5210099
:102880006140780072c50200010000000080fb007a
:102890009e00900000804000100798006e4090005d
:1028a0000040e800604798001e009000004078005b
:1028b000f049020001000000d03920000e00400065
:1028c0009e009000811f780091ed2900811f780003
:1028d000a204020000000000e4875700d039200065
:1028e0000e0040000cf60200010000006e40900057
:1028f0000040e800604798006e4090000080fb00b8
:1029000041f52100e1407800f0c2b30080cf5000d3
:102910003f0034006e4090000080fb0041f5210034
:10292000e140780090c3b30080cf500038003c00f5
:102930006e4090000080fb0041f52100614078006e
:1029400072c50200010000000080fb001007980023
:102950006e4090000040e800604798006e40900094
:102960000080fb0041f52100e1407800f0c2b30097
:1029700080cf5000150034006e4090000080fb00b6
:1029800041f52100e140780090c3b30080cf5000b2
:102990000e003c001e0090006a00b90000007800a4
:1029a000100798006e4090000080fb0041f5210068
:1029b0006140780072c50200010000000080fb0049
:1029c0009e00900000804000100798001e009000bc
:1029d00000407800e049020001000000b03b200008
:1029e0000e0040009e009000811f7800e1ee29005b
:1029f000811f7800a204020000000000e487570055
:102a0000b03b20000e0040000cf602000100000068
:102a100020db20008040eb000148780010db200024
:102a20008040eb000148780040032000d0988800e7
:102a30000500370050da200021c0b30001487800bb
:102a400040032000d0988800b0068100c1068100b4
:102a5000e00f5000e08f5800290f3a000000eb0013
:102a6000507e8800800c2000d098880010c0b300f1
:102a70000de20700750f370020812000904078009c
:102a8000308120001040780080cf50001e0f3a00a7
:102a9000e0c3b3000210070000c2b3000c1007002f
:102aa00030f02900a80f0700609c2200a60f070045
:102ab00030912900a40f0700d0032000d09888008f
:102ac0004106200010c0b300a47a020001000000fb
:102ad00080a9230001002000b0068900c1068900fa
:102ae0005a0f3700f10681000020200000806000ae
:102af0000000e0000b0032000107810000202000f0
:102b0000008060000000e00006003200411f20004d
:102b100010c0b300a47a020001000000e00320000e
:102b2000d0988800b0068100c1068100e00f5000f7
:102b3000e08f5800f60e3a0070f602000100000027
:102b4000d0f029000cf6020001000000af0f0700d2
:102b5000b00120007c0f070080a9230001002000a5
:102b6000b0068900c1068900810c200010c0b300a6
:102b7000a47a02000100000010042000d098880010
:102b8000320f3700b02122008040eb00014878006e
:102b9000021020008000eb0040f52100f20402004a
:102ba00000000000990f070050922200660f0700f6
:102bb00000232f0001002000b0068900c106890013
:102bc000810c200010c0b300a47a020001000000b4
:102bd000f0032000d09888001c0f3700a0012000cf
:102be000801f780010f22900801f78000021220049
:102bf000a204020000000000e48757000021220028
:102c0000510f0700d0c0b30015e20700810c20006f
:102c100010c0b300a47a02000100000000042000ec
:102c2000d0988800090f370011078100002020008c
:102c3000008060000000e000310032000002eb0084
:102c40008001eb00629c22005192220040f2290098
:102c5000bc52020000000000004f8100114f8100b3
:102c600061004000e0804800004f8900114f89005a
:102c7000409e220010407800e14f400005003200e5
:102c8000409e2200104078008040e800409e2200d4
:102c90000148780020498100700060000000e000d9
:102ca00009003200609e220010407800e14f400091
:102cb00005003200609e2200104078008040e8004d
:102cc000609e220001487800204981000000a10098
:102cd00020498900204981000040a1002049890045
:102ce00021498100f0f12f00808060000006200063
:102cf0000100700020498900800c2000d0988800d5
:102d0000b0068100c1068100e00f5000e08f58003e
:102d10001e003a00c06029000cf60200010000000d
:102d2000b0012000080f0700d1988000903d2000de
:102d30000e004000811f780081622900811f780009
:102d4000a204020000000000e4875700903d20002c
:102d50000e0040000cf6020001000000b0622900e5
:102d60000cf602000100000070f6020001000000f5
:102d7000c0f229000cf6020001000000200420002f
:102d8000d098880010c0b30047e10700b0212200ae
:102d9000104078000004e0005f0e320070f6020080
:102da0000100000000f429000cf602000100000000
:102db00020042000d0988800a000200001002000fe
:102dc000b0068900c1068900a00e3700b006810058
:102dd000c1068100e00f5000e08f5800050032006e
:102de0001107810000202000008060000000e0004a
:102df0004b0e320020042000d0988800930e37003c
:102e00000002eb008001eb00629c22005192220044
:102e100080f52900bc52020000000000204981001a
:102e20000010a00020498900204981000000a10075
:102e300020498900204981000040a10020498900e3
:102e400021498100000e2000010070002049890006
:102e5000809e220010407800e14f400005003200c3
:102e6000809e2200104078008040e800809e220072
:102e700001487800800c2000d0988800730e37003d
:102e8000b02122008040eb0001487800400522007c
:102e90008040eb0001487800dc0e070080a9230089
:102ea00001002000b0068900c106890000f6290053
:102eb000970e070010052000d0988800411f2000c1
:102ec00010c0b300a47a0200010000005f0e3700ba
:102ed0001107810000202000008060000000e00059
:102ee0001900320040052200104078000004e00084
:102ef00013003a00501f220010407800e14f5000ac
:102f000003003200501f22008040eb00014878008f
:102f1000d00e81000000a100d00e8900701d22009b
:102f20008040eb0001487800e00d81000000a10026
:102f3000e00d890050ff20008040eb000148780040
:102f4000800c2000d0988800b0212200104078002a
:102f50000004e00002003200800c2000d0988800bd
:102f6000b0068100c1068100e00f5000e08f5800dc
:102f700015003a00c06029000cf6020001000000b4
:102f8000d0988000801f780080622900801f780020
:102f9000c0c82000a204020000000000e48757001f
:102fa000c0c820000cf6020001000000b062290039
:102fb0000cf6020001000000800c2000d098880070
:102fc00010c0b300b8e007000000eb00607e88008e
:102fd000c0212200104078000004e000d20d320031
:102fe000d0988000801f780050992900801f7800b9
:102ff000c0c82000a204020000000000e4875700bf
:10300000c0c820000cf6020001000000411f200093
:1030100010c0b300a47a020001000000e01f2000ed
:10302000d0988800090e370090f62900460e070058
:10303000760e0700007d200001002000b006890008
:10304000c10689000000eb00c00e8900701d22003f
:1030500031c0b3000148780050be22008040eb0030
:1030600001487800801f2200f040900000c5b300a6
:1030700080cf50000d003200801f22001000780029
:10308000610060000000e00005003200801f2200a7
:10309000e040900000c5b30080cf50000300320034
:1030a00000c5b30094d602000100000030052000e6
:1030b000d0988800e50d370011078100002020001e
:1030c000008060000000e00005003a00b0068100ca
:1030d000c1068100e00f5000e08f5800940d3a00c7
:1030e000800c2000d0988800b0068100c1068100c5
:1030f000e00f5000e08f58008f0d3a00c0602900ab
:103100000cf6020001000000d1988000d03e2000a3
:103110000e004000811f780081622900811f780025
:10312000a204020000000000e4875700d03e200007
:103130000e0040000cf6020001000000b062290001
:103140000cf602000100000010c0b30056e00700ba
:10315000be0d37002d0e070080a9230001002000be
:10316000b0068900c1068900e0f62900e80d0700d5
:1031700060052000d0988800411f200010c0b300d7
:10318000a47a020001000000b00d37001107810091
:1031900000202000008060000000e00005003a00f0
:1031a000b0068100c1068100e00f5000e08f58009a
:1031b000630d3a00800c2000d09888000000eb00de
:1031c000a07e8800a10d3700e00d81006100600045
:1031d0000000e00004003a00d00e810061006000b1
:1031e0000000e0000300320040062000d098880074
:1031f000960d3700050e0700007d2000010020001d
:10320000b0068900c106890080f72900ce0d0700ad
:10321000b0052000d09888008c0d37001107810080
:1032200000202000008060000000e00005003a005f
:10323000b0068100c1068100e00f5000e08f580009
:10324000410d3a00c0052000d0988800b0068100ea
:10325000c1068100e00f5000e08f58003c0d3a009d
:10326000c06029000cf6020001000000d198800027
:103270001040200000004700811f78008162290073
:10328000811f7800a204020000000000e4875700bc
:1032900010402000000047000cf602000100000072
:1032a000b06229000cf602000100000010c0b3005b
:1032b000fddf0700650d3700d40d070000e2240094
:1032c00001002000b0068900c1068900501f2200bd
:1032d00021c0b300014878000000eb00b00f890066
:1032e00000f82900980d0700b01d2200960d070078
:1032f00040f82900940d0700d0052000d0988800e0
:10330000520d37001107810000202000008060006e
:103310000000e00005003200d00e81000010a00087
:10332000d00e890000052000d0988800b0068100ea
:10333000c1068100e00f5000e08f5800060d3a00f2
:10334000c06029000cf6020001000000d198800046
:103350005041200000004700811f78008162290051
:10336000811f7800a204020000000000e4875700db
:1033700050412000000047000cf602000100000050
:10338000b06229000cf6020001000000800c200051
:10339000d098880010c0b300c3df07002b0d3700a2
:1033a00070f82900680d0700701d22008040eb00b6
:1033b00001487800501f22008040eb00014878004f
:1033c00076d6020001000000900d0700007d20006d
:1033d00001002000b0068900c10689000119200003
:1033e00010c0b300a47a02000100000050062000c3
:1033f000d0988800150d37001107810000202000ab
:10340000008060000000e00005003a00b006810086
:10341000c1068100e00f5000e08f5800d00c3a0048
:1034200000052000d0988800b0068100c106810008
:10343000e00f5000e08f5800cb0c3a00c06029002c
:103440000cf6020001000000d1988000904220009c
:1034500000004700811f780081622900811f7800e9
:10346000a204020000000000e48757009042200000
:10347000000047000cf6020001000000b0622900c5
:103480000cf602000100000010c0b30086df070048
:10349000ee0c37005d0d070040f521008040eb0089
:1034a00001487800008c2900270d07008038210092
:1034b00001002000b0068900c106890070062000c6
:1034c000d0988800e10c370011078100002020000f
:1034d000008060000000e0002f00320040f5210075
:1034e000104078000004e0002b003200c2c0b3009e
:1034f000a18c290040f521007af1020001000000b2
:103500000000e00009003200800c2000d098880004
:10351000a02122008040eb0001487800d02a210041
:103520008040eb000148780019003700a0212200fc
:10353000104078008040e800a02122000148780077
:10354000a021220010407800e14f50000e0036000c
:1035500070f6020001000000c0f829000cf602001d
:103560000100000040f521000cf6020001000000ff
:10357000c04729000cf6020001000000800e200068
:10358000d098880002003700800c2000d098880076
:103590000000eb00707e8800b0068100c10681004b
:1035a000e00f5000e08f5800710c3a0070f60200f6
:1035b0000100000090f929000cf602000100000053
:1035c000e01f2000d0988800a00c370040f52100b3
:1035d0008040eb0001487800a00922002200200072
:1035e000c1fa2900e404020000000000070d0700f2
:1035f000e0fa2900d40c07008038210001002000e7
:10360000b0068900c1068900b0072000d098880064
:103610008e0c370011078100002020000080600020
:103620000000e0007200320040f5210010407800f8
:103630000004e0006e00320062c0b30081fb29008c
:1036400040f521007af10200010000000000e000d6
:103650006700320060002000100798000300370068
:103660001e0090000000e8001007980041f52100be
:103670001e00900000804000104078000004e00030
:103680000700320041f521001e009000008040003c
:103690009040780020c2b30080cf5000f0ff3a0085
:1036a00041f521001e00900000804000904078000d
:1036b00020c2b30080cf500032003a001e009000bc
:1036c0000000e800100798000000eb00000f7800f1
:1036d0000c00370041f521001e00900000804000e2
:1036e0001040780080407800a00922001e004000b1
:1036f000014878001e0fe8001e0090000000e8005e
:103700001007980041f521001e0090000080400045
:10371000104078000004e0001600320041f521005e
:103720001e009000008040009040780020c2b3004e
:1037300080cf50000f00320041f521001e009000a4
:103740000080400010407800ed4f5000090032002a
:1037500041f521001e0090000080400010407800dc
:10376000ea4f5000030032001e007800f30f5000b3
:10377000d8ff3400a00922001e0040008040eb006a
:10378000014878000000eb00807e8800800c20005b
:10379000d0988800a0d2210090407800a0c5b30046
:1037a00080cf500012003a00a0092200904078001b
:1037b000f0c3b30080cf500004003a00b0092200eb
:1037c000104078000004e00009003200100781007a
:1037d0000090a0001007890080382100010020001f
:1037e000b0068900c1068900c0072000d098880073
:1037f000b0068100c1068100e00f5000e08f580044
:10380000dd0b3a00800c20008fe507000000eb0084
:10381000807e88000d0c37001107810000202000f9
:10382000008060000000e00009003200770c070013
:10383000f0fb2900440c0700803821000100200023
:10384000b0068900c1068900d0072000d098880002
:10385000b0068100c1068100e00f5000e08f5800e3
:1038600002003a00e0072000d098880041062000be
:1038700010c0b300a47a020001000000f30b37006f
:103880001107810000202000008060000000e0009f
:103890000f00320040f521008040eb000148780025
:1038a000f00a22008040eb0001487800570c070026
:1038b000e0fa2900240c07008038210001002000d4
:1038c000b0068900c1068900e0072000d098880072
:1038d000b0068100c1068100e00f5000e08f580063
:1038e00002003a00e0072000d0988800410620003e
:1038f00010c0b300a47a020001000000d30b37000f
:1039000040f52100104078000004e0005200320031
:1039100062c0b30081fb290040f521007af102006a
:10392000010000000000e0004b00320060002000b9
:1039300010079800030037001e0090000000e80008
:103940001007980041f521001e0090000080400003
:10395000104078000004e0000700320041f521002b
:103960001e009000008040009040780020c2b3000c
:1039700080cf5000f0ff3a0041f521001e0090007a
:10398000008040009040780020c2b30080cf5000fb
:1039900031003a001e0090000000e8001007980077
:1039a0000000eb00000f78000b00370041f521000c
:1039b0001e0090000080400090407800f00a220035
:1039c0001e004000014878001e0fe8001e00900015
:1039d0000000e8001007980041f521001e0090004b
:1039e00000804000104078000004e0001600320023
:1039f00041f521001e0090000080400090407800ba
:103a000020c2b30080cf50000f00320041f52100ea
:103a10001e0090000080400010407800ed4f5000e4
:103a20000900320041f521001e0090000080400096
:103a300010407800ea4f5000030032001e0078006a
:103a4000e40f5000d9ff3400f00a22001e004000ad
:103a50008040eb0001487800ec0b0700c0fc290017
:103a6000b90b07008038210001002000b006890052
:103a7000c1068900f0072000d09888004106200088
:103a800010c0b300a47a0200010000006f0b3700e1
:103a90001107810000202000008060000000e0008d
:103aa00009003a00b0212200104078000004e00034
:103ab00005003a00b0068100c1068100e00f500009
:103ac000e08f58002a003a00b02122008040eb002d
:103ad00001487800d052200000004700f8e40700b9
:103ae000d052200000004700510b2200dcf0020001
:103af000010000000000e00009003200500b22002d
:103b0000104078000004e00017003a00d052200076
:103b100000004700104078000004e000120032006e
:103b200070f602000100000090fd29000cf6020072
:103b300001000000100781000090a000100789001c
:103b4000100781000080a1001007890000e2240016
:103b500001002000b0068900c10689001002200083
:103b6000d098880002003700800c2000d098880090
:103b70004106200010c0b300a47a0200010000003a
:103b8000320b3700100781000090a0001007890059
:103b900070022000d09888004101200010c0b300be
:103ba000a47a020001000000280b370011078100f1
:103bb00000202000008060000000e00005003a00c6
:103bc000b0068100c1068100e00f5000e08f580070
:103bd000eb0a3a00803e200001002000b006890078
:103be000c106890020072000d0988800170b3700f5
:103bf0001107810000202000008060000000e0002c
:103c000005003a00b0068100c1068100e00f5000b7
:103c1000e08f5800dc0a3a00f0d520009040780090
:103c2000801f220011409800801f220090409000c9
:103c300040c6b30080cf500003003600801f220032
:103c4000e1c0b30011409800700b070000fa20009b
:103c500001002000b0068900c106890080002a000a
:103c6000390b070070f602000100000030012a0045
:103c70000cf6020001000000801f2200104090009e
:103c80000080fb00801f780020c22900801f780080
:103c900020232200a204020000000000e487570055
:103ca000202322000cf60200010000003007200053
:103cb000d0988800b0068100c1068100e00f500056
:103cc000e08f5800b20a3a00c06029000cf60200ea
:103cd00001000000d1988000d04320000000470080
:103ce000811f780081622900811f7800a2040200f0
:103cf00000000000e4875700d04320000000470088
:103d00000cf6020001000000b06229000cf602006f
:103d10000100000010c0b30063dd0700cb0a3700cc
:103d20001107810000202000008060000000e000fa
:103d300005003a00b0068100c1068100e00f500086
:103d4000e08f5800940a3a00801f2200900078000b
:103d50000100a10001087800801f2200e0409000cf
:103d6000801f220071409800801f22009000780080
:103d70000110a00001087800800c2000d098880075
:103d800070f602000100000010022a000cf602008a
:103d900001000000b0068100c1068100e00f500064
:103da000e08f58007e0a3a00c06029000cf602003d
:103db00001000000d198800010452000000047005d
:103dc000811f780081622900811f7800a20402000f
:103dd00000000000e4875700104520000000470065
:103de0000cf6020001000000b06229000cf602008f
:103df0000100000010c0b3002bdd0700930a37005c
:103e0000f0d5200090407800801f220011409800db
:103e1000801f22009040900040c6b30080cf500029
:103e200003003600801f2200e1c0b300114098005b
:103e300070f602000100000020032a000cf60200c8
:103e400001000000801f2200104090000080fb0055
:103e5000801f780020c22900801f780020232200c4
:103e6000a204020000000000e48757002023220083
:103e70000cf6020001000000e40a070060c22900fd
:103e8000b10a0700803e200001002000b006890032
:103e9000c1068900100a2000d09888006b0a3700fc
:103ea0001107810000202000008060000000e00079
:103eb00005003a00b0068100c1068100e00f500005
:103ec000e08f5800380a3a0000dd20008040eb0007
:103ed0000148780010dd200011c0b30001487800cf
:103ee00070f602000100000070042a000cf60200c7
:103ef00001000000916e800010032000808f5000b0
:103f000004003600916e800080b52100808f500043
:103f100002003600c05d2000906e880000d62000b0
:103f2000104078000004e0000400320000d62000b9
:103f300010407800ee4f50000300360000d62000fd
:103f4000e1c0b30001487800b00a070003e2200096
:103f5000120020008040eb005041290065dc070082
:103f6000803e200001002000b0068900c1068900c3
:103f7000200a2000d0988800810c200010c0b300d7
:103f8000a47a020001000000300a37001107810006
:103f900000202000008060000000e00005003a00e2
:103fa000b0068100c1068100e00f5000e08f58008c
:103fb000ff093a00800c2000d0988800230a3700bf
:103fc000501f220010407800e34f50000d003200d7
:103fd000701d220010407800e34f500009003200ad
:103fe000001081000000a100001089000010810075
:103ff0000010a00000108900800c2000d0988800dc
:10400000120a3700810a070000e2240001002000a4
:10401000b0068900c1068900c0052a004a0a0700c7
:10402000c02022001040780004c8020001000000f7
:10403000f0852900440a0700b00a2000d0988800c3
:10404000020a370011078100002020000080600074
:104050000000e00005003a00b0068100c1068100c2
:10406000e00f5000e08f5800d3093a00b021220041
:104070008040eb0001487800640a070000c4290072
:1040800001002000b0068900c106890040062a0010
:104090002d0a0700102022002b0a0700f0852900b6
:1040a000290a0700c00a2000d0988800b0068100c5
:1040b000c1068100e00f5000e08f5800c0093a00af
:1040c000c06029000cf6020001000000d1988000b9
:1040d0005046200000004700811f780081622900bf
:1040e000811f7800a204020000000000e48757004e
:1040f00050462000000047000cf6020001000000be
:10410000b06229000cf602000100000010c0b300ec
:1041100065dc0700c0062a000cf602000100000062
:10412000ca093700110781000020200000806000cc
:104130000000e00005003200001081000000a10036
:1041400000108900800c2000d0988800b006810003
:10415000c1068100e00f5000e08f580004003200db
:10416000b0212200104078000004e00096093200df
:10417000c06029000cf6020001000000d198800008
:104180009047200000004700811f780081622900cd
:10419000811f7800a204020000000000e48757009d
:1041a00090472000000047000cf6020001000000cc
:1041b000b06229000cf6020001000000001081002e
:1041c0000000a10000108900001081000010a00074
:1041d00000108900800c2000d0988800419c2000ad
:1041e00010c0b300a47a020001000000b0068100f4
:1041f000c1068100e00f5000e08f580074093a00ba
:1042000010c0b30028dc07009009370080092a009d
:10421000cd090700fd09070040f521008040eb00b3
:104220000148780000fa200001002000b006890053
:10423000c1068900900e2000d098880083093700bd
:10424000b0068100c1068100e00f5000e08f5800e9
:10425000050032001107810000202000008060006e
:104260000000e0005c093200e809070040f5210089
:104270008040eb0001487800b0d42900b209070063
:1042800000fa200001002000b0068900c106890064
:10429000a00e2000d09888006c093700b00681007d
:1042a000c1068100e00f5000e08f58000500320089
:1042b0001107810000202000008060000000e00065
:1042c00047093200b00e2000d09888005f093700ff
:1042d00080a9230001002000b0068900c1068900e2
:1042e000c00e2000d0988800300a2a0096090700e6
:1042f000c00a2a000cf60200010000000000eb00da
:1043000040e98800b0068100c1068100e00f50003e
:10431000e08f580034093a00d1988000d04820003e
:1043200000004700811f7800f10b2a00811f7800f0
:10433000a204020000000000e4875700d0482000db
:10434000000047000cf60200010000000000eb0036
:1043500040e98800d00e2000d0988800014b200052
:1043600010c0b300a47a0200010000003709370032
:104370000000eb0040e9880060fc2000104078005d
:10438000ea4f50000500360001f4210010c0b300d0
:10439000a47a0200010000000400370081bb200065
:1043a00010c0b300a47a020001000000e00e20005b
:1043b000d098880060fc20008040eb000148780025
:1043c00022093700b666a8008157200010c0b3004c
:1043d000a47a020001000000f00e2000d0988800ae
:1043e0001a093700b666a9000000eb00d0988800d3
:1043f00016093700b666a800200d2a000cf6020048
:1044000001000000419c200010c0b300a47a02000b
:104410000100000090112000d09888000b0937009f
:10442000b666a900a0112000d0988800017d200068
:1044300010c0b300a47a02000100000090b3200075
:10444000b1c0b300014878000009370090b32000e4
:10445000104078000004e0001b00320090b3200000
:10446000104078008040e90090b3200001487800b7
:10447000017d200010c0b300a47a020001000000fa
:1044800070f602000100000090b320001040780098
:104490008080fb00104a200000004700811f780048
:1044a000317d2900811f7800a20402000000000075
:1044b000e4875700104a2000000047000cf6020075
:1044c00001000000e1083700b0112000d0988800fa
:1044d0003021220061c9b30001487800db083700b1
:1044e000b666a8008157200010c0b300a47a02006d
:1044f00001000000c0112000d0988800d3083700c8
:10450000b666a9000000eb00d0988800cf083700fd
:104510003e090700b02122008040eb0001487800ee
:104520005005220008090700f08529000609070048
:10453000500522008040eb0001487800100f200059
:10454000d0988800c15d200010c0b300a47a02009a
:1045500001000000e0072200104078008080fb008e
:10456000803e20000088b90000007800cf80de0087
:10457000b0068900c1068900b4083700b006810082
:10458000c1068100e00f5000e08f580009003200a2
:104590001107810000202000008060000000e00082
:1045a00004003a00b0212200104078000004e0002e
:1045b0008f08320000082200104078000004e0005c
:1045c00014003200b10e2a00f0b32000b0f1020056
:1045d00001000000000f78009e007800f0b320007a
:1045e0000080400041f52100b0f102000100000010
:1045f0001e0f40000041eb00f1b320000008220034
:1046000068d4020001000000000822008040eb0096
:1046100001487800800c2000d0988800810c200090
:1046200010c0b300a47a0200010000008708370020
:1046300060fc20008040eb00014878000000eb00a7
:1046400040e98800813e200010c0b300a47a020037
:10465000010000007d083700b02122008040eb00ff
:1046600001487800e9080700803821000100200097
:10467000b0068900c1068900e00e2a00b2080700d2
:1046800050102000d0988800a100200010c0b30076
:10469000a47a0200010000006c08370011078100b5
:1046a00000202000008060000000e00031003200a7
:1046b00072c0b300810f2a0040f521007af1020098
:1046c000010000000000e0002a003200b0f52100e7
:1046d00090407800f0c2b30080cf50002500340035
:1046e000b0f521009040780090c3b30080cf500017
:1046f00020003c00b0f521001040780072c5020097
:1047000001000000612e210080487800c0f52100e2
:1047100090407800f0c2b30080cf50001500340004
:10472000c0f521009040780090c3b30080cf5000c6
:1047300010003c00602e2100104078006a00b90093
:104740000000780080407800602e21000148780049
:10475000c0f521001040780072c502000100000081
:10476000612e21009140780081404000602e2100a0
:1047700001487800110781000020200000806000bf
:104780000000e00009003a00b0212200104078004b
:104790000004e00005003a00b0068100c106810077
:1047a000e00f5000e08f580013083a00800c200002
:1047b000d09888000000eb00907e88002308370026
:1047c000b02122008040eb00014878008f080700ec
:1047d0008038210001002000b0068900c106890050
:1047e00050da200010407800e44f50000d003a00ed
:1047f000700320000e004000d1012000811f7800ce
:1048000001102a00811f7800a204020000000000ad
:10481000e4875700c0102a000cf6020001000000d7
:104820001000370050da200010407800e34f5000ad
:104830000c003a00700320000e004000910120009f
:10484000811f780001102a00811f7800a204020055
:1048500000000000e487570060122a000cf60200f6
:1048600001000000700320000e0040003608070021
:1048700070102000d09888004106200010c0b300be
:10488000a47a020001000000f00737001107810040
:1048900000202000008060000000e00009003200dd
:1048a000b06d80000070a100b06d8800800c200009
:1048b000d098880000e22400907e880060ea200002
:1048c000507e8800110781000020200000806000d9
:1048d0000000e00009003a00b021220010407800fa
:1048e0000004e00005003a00b0068100c106810026
:1048f000e00f5000e08f5800c1073a00800c200004
:10490000d0988800b02122008040eb000148780058
:10491000ce073700007d2000b07e8800b021220045
:104920008040eb000148780040e521008040eb002a
:104930000148780040f521008040eb0001487800f4
:1049400032080700007d200001002000b006890029
:10495000c106890000142a00fb070700d0122000be
:10496000d09888002103200010c0b300a47a020070
:1049700001000000b507370011078100002020006a
:10498000008060000000e0005b00320072c0b300f5
:10499000a1142a0040f521007af102000100000074
:1049a0000000e00054003200b0f521009040780093
:1049b00000c3b30080cf500005003200b0f52100e5
:1049c0009040780010c3b30080cf50004a003a00f6
:1049d000b0f52100104078008040780000cdb30091
:1049e00000c040008040780080fd20000148780031
:1049f000e0d82000104078000080fb0064006000d8
:104a00000000e0002500320090fd200010407800fa
:104a1000e14f500021003a00b0f5210090407800ad
:104a200000c3b30080cf50000e003a00f707070024
:104a3000803e200001002000b0068900c1068900e8
:104a400020152a00c0070700e0122000d098880037
:104a50002103200010c0b300a47a0200010000006e
:104a600025003700e9070700803e200001002000f4
:104a7000b0068900c1068900d0152a00b2070700d8
:104a8000e0122000d09888002103200010c0b3005d
:104a9000a47a02000100000017003700b0f52100e1
:104aa0009040780010c3b30080cf50000e003a0051
:104ab000d6070700803e200001002000b0068900d4
:104ac000c106890090b829009f070700e012200066
:104ad000d09888002103200010c0b300a47a0200ff
:104ae000010000000400370000ee2200b07e8800c4
:104af000800c2000d0988800b0068100c10681009b
:104b0000e00f5000e08f58003f073a0080162a005f
:104b10000cf6020001000000800c2000d0988800f4
:104b20004a07370011078100002020000080600044
:104b30000000e00005003a00b0068100c1068100d7
:104b4000e00f5000e08f580031073a00800c200041
:104b5000d09888003d073700104080000000e0003a
:104b60002d073a0020182a000cf602000100000070
:104b7000800c2000d0988800340737006080200027
:104b8000104078000004e00025073a007080200003
:104b9000104078000004e00006003200d0192a001e
:104ba0000cf6020001000000800c2000d098880064
:104bb00026073700401c2a000cf602000100000006
:104bc0000000eb00d09888002007370050802000bc
:104bd0008040eb0001487800b02122008040eb00cb
:104be000014878008907070080a923000100200000
:104bf000b0068900c1068900101f2a00440707007b
:104c0000f01f2000d098880010073700110781009e
:104c100000202000008060000000e000060032005c
:104c20008038210001002000b0068900c1068900fb
:104c300000202000d0988800b02122001040780089
:104c40000004e00005003a00b0068100c1068100c2
:104c5000e00f5000e08f5800f3063a0000202000db
:104c6000d0988800f9063700b0068100c10681009f
:104c7000e00f5000e08f5800ed063a0010002000d1
:104c8000d0988800f106370011078100002020002d
:104c9000008060000000e0004000320040d32200ad
:104ca00010407800e14f500003003a00c01c200083
:104cb000d098880039003700601f2a000cf60200e7
:104cc0000100000050ea80000000a10050ea8800c6
:104cd00050ea80000020a00050ea880080f18000a7
:104ce0000000e80080f1880081f18000a068810068
:104cf000808f500027003600b0222a000cf60200f8
:104d00000100000070f180000090a10070f18800a7
:104d1000e0e2210010407800e34f500010003a001c
:104d2000902422008040eb0001487800f11e8100b1
:104d300000ff2f0000806000f01e8900f01e81003f
:104d40000080a100f01e8900400020001039890079
:104d50002e07070000d12900fb06070006003700d8
:104d600071f18000f0ff28008080600000002500c5
:104d70000100700070f18800800c2000d09888003d
:104d8000411f200010c0b300a47a020001000000ff
:104d9000ae063700800c2000d0988800b006810055
:104da000c1068100e00f5000e08f58000b003a0070
:104db00050262a000cf602000100000050ea800094
:104dc0000000a10050ea880050ea80000020a00006
:104dd00050ea8800800c2000d0988800411f2000f5
:104de00010c0b300a47a020001000000970637004b
:104df00080f180000000e80080f1880081f18000ef
:104e0000a0688100808f500023003600302a2a00dd
:104e10000cf602000100000070f180000090a1007b
:104e200070f18800e0e2210010407800e34f50006c
:104e300010003a00902422008040eb0001487800e6
:104e4000f11e810000ff2f0000806000f01e89002d
:104e5000f01e81000080a100f01e890040002000ab
:104e600010398900e906070000d12900b6060700bd
:104e70000600370071f18000f0ff2800808060009c
:104e8000000025000100700070f18800800c2000f7
:104e9000d09888006d06370011078100002020009f
:104ea000008060000000e0001800320061ea80002d
:104eb0007058200000004700811f7800e1d42100d5
:104ec000811f7800112c2a00811f7800a2040200a3
:104ed00000000000e6875700cc060700b021220042
:104ee0008040eb000148780000e22400010020002f
:104ef000b0068900c10689007058200000004700f4
:104f000091060700d01c2000d0988800411f200087
:104f100010c0b300a47a0200010000004b06370065
:104f20001107810000202000008060000000e000e8
:104f30001a00320070f1800000f0a10070f18800ca
:104f40007058200000004700e1d82100811f780040
:104f5000712e2a00811f7800a204020000000000c8
:104f6000e4875700a9060700b02122008040eb002b
:104f70000148780000c4290001002000b006890023
:104f8000c106890070582000000047006e06070027
:104f9000e01c2000d098880011003700b0212200ca
:104fa000104078000004e00005003a00b0068100df
:104fb000c1068100e00f5000e08f580008003a0061
:104fc000c02f2a000cf6020001000000b0212200d0
:104fd0008040eb0001487800c01c2000d098880079
:104fe000411f200010c0b300a47a0200010000009d
:104ff00016063700b0212200104078000004e000bf
:1050000005003a00b0068100c1068100e00f5000a3
:10501000e08f580010003a0090312a000cf6020090
:1050200001000000b02122008040eb000148780020
:1050300070f1800000f0a10070f18800c01c200019
:10504000d0988800411f200010c0b300a47a02004d
:1050500001000000fd05370071f18000000028000c
:10506000008060000000e000f305320070f1800075
:1050700000f0a10070f18800a0f18000b1f1800083
:1050800093f18000d252200002014700809fbe00b1
:10509000831f780090332a00801f78000200780078
:1050a000a204020000000000e8875700d052200050
:1050b000000047000cf602000100000091f18000a2
:1050c000800c2000808f500022003a00e0e2210096
:1050d00010407800e34f500013003a00103981006f
:1050e000e10f500003003a00f01c2000d098880027
:1050f000d605370071f18000f0ff280000806000c5
:1051000000c0a00070f1880070f180000090a10044
:1051100070f188002000200010398900800c2000e8
:10512000d0988800c905370071f18000f0ff280091
:105130000080600000c0a00070f1880070f1800065
:105140000090a10070f18800800c2000d0988800a9
:10515000be05370060352a000cf602000100000091
:1051600070f180000090a10070f18800e0e2210061
:1051700010407800e34f500010003a0090242200c5
:105180008040eb0001487800f11e810000ff2f00f5
:1051900000806000f01e890010398100e10f50008e
:1051a00003003a001906070000d12900e6050700b0
:1051b00040002000103989000600370071f180009e
:1051c000f0ff2800808060000000230001007000d4
:1051d00070f18800800c2000d09888009b05370073
:1051e00010398100e10f500095053a00f01c2000b5
:1051f000d098880095053700e0e221001040780043
:105200000080fb00e30f500003003200e40f500069
:105210001300320015003700fc050700b0362a00e5
:10522000c90507001000200010398900f11e810017
:1052300000ff2f0000806000f01e8900f01e81003a
:105240000040a100f01e89009024220011c0b3008c
:1052500001487800601d2000d098880006003700c3
:10526000800c2000d098880003003700800c2000bc
:10527000d0988800000000007405370011078100f5
:1052800000202000008060000000e000ec033200fd
:10529000f01e81006f4060000080fb00e20f5000b4
:1052a00060003200e30f5000c70332000000e0004e
:1052b000cb033a00808020008040eb00014878005a
:1052c000a0f18000b1f18000201289003112890024
:1052d0002012810031128100e00f5000e08f580051
:1052e00040003200c0388100d1388100e00f50000a
:1052f000e08f580012003200729602000100000098
:10530000c0388100d1388100d2522000020147000c
:10531000809fbe00e0372a00801f780002007800de
:10532000a204020000000000e6875700d0522000cf
:10533000000047000cf602000100000002003700e8
:10534000d2950200010000006000b8000012890040
:1053500011128900f01e81000040a000f01e89009b
:105360000039810063006000e10f500002003a0044
:10537000c05d20000100370000202000514b2000bc
:1053800081004700801f7800c03b2a00801f780002
:1053900001007800a204020000000000e48757002a
:1053a0009a050700504b20000000470066050700e3
:1053b00000712200901289007068810080007800de
:1053c00010c0b300a47a020001000000f11e8100a9
:1053d00000ff2f00008060000010a000f01e890078
:1053e00084033700d03c2a000cf6020001000000c4
:1053f000902422008040eb0001487800f11e8100db
:1054000000ff2f0000806000f01e890070f1800016
:105410000090a10070f18800400020001039890040
:1054200074033700f01e81000040a100f01e8900c7
:105430000039810063006000e10f500066003a000f
:10544000e2388100f3388100c05d200001002000b7
:105450000200400083804800e0388900f13889006c
:10546000e2388100f3388100c0388100d1388100f2
:10547000800f5100818f59001a003100f01e810009
:105480000040a000f01e8900d04c20000000470022
:10549000c15d2000811f7800c13b2a00811f780078
:1054a000a204020000000000e4875700570507002f
:1054b000d04c2000000047002305070070688100e1
:1054c0008000780010c0b300a47a02000100000040
:1054d0008068810091688100b0068900c10689005a
:1054e00044033700e0388100f1388100d2522000b7
:1054f00002014700809fbe00003e2a00801f780006
:1055000002007800a204020000000000e6875700b5
:10551000d0522000000047000cf6020001000000fd
:1055200001398100c0ff2f00008060000010a00042
:1055300000398900003981000020a000003989006d
:10554000904522008040eb00014878009041220005
:105550008040eb00014878000000eb00d036890065
:10556000e0388100f13881000012890011128900b1
:10557000f01e81000040a000f01e8900504e200067
:105580000000470001202000811f7800c13b2a0055
:10559000811f7800a204020000000000e487570089
:1055a0001a050700504e200000004700e6040700df
:1055b000706881008000780010c0b300a47a0200f7
:1055c000010000008068810091688100b0068900b8
:1055d000c1068900070337000000eb004007980070
:1055e0002412810035128100021281001312810001
:1055f00090452200104078000084fb0000378100b5
:1056000011378100d7368100d652200006034700ab
:10561000849fbe00829fbe00881f7800809fbe00ce
:10562000871f7800a0412a00801f780006007800bc
:10563000a204020000000000f2875700d0522000b0
:10564000000047000cf602000100000070452a002f
:105650000cf6020001000000904122000cf602004e
:1056600001000000e0452a000cf6020001000000e5
:105670000000eb0060079800880137000040eb0055
:10568000204f98000040eb00604f980090452200aa
:10569000104078000004e000250032000040eb00dc
:1056a000304f9800120037002e4890000080fb0019
:1056b000be4890008180fb00a21c20000101410037
:1056c000e124220081004100114190007158200026
:1056d00081004700827078002e4890000040e8006a
:1056e000204f98003e4890000040e800304f98005e
:1056f00090452200904078003e48900080cf5000b6
:1057000004003600ae489000e0c7b30080cf5000e0
:10571000e5ff36009045220090407800614f9800e8
:10572000904522008040eb000148780015003700ca
:10573000904122008040eb000148780011003700c2
:105740002e4890000080fb00ce009000c220200078
:1057500001014100e1242200810041001141780053
:105760007158200081004700827078002e48900018
:105770000040e800204f98004e0090000000e80034
:1057800040079800d13681004e009000808f500075
:105790000c0036004e009000c120200080804000a8
:1057a000e02422000080400010407800ea4f5000c2
:1057b00004003200ae489000e0c7b30080cf500034
:1057c000dfff36002e4890000080fb00715820005b
:1057d000810047000041eb0082707800d1368100e3
:1057e0004e009000808f50000b0036004e0090005d
:1057f000c120200080804000e02422000080400082
:1058000010407800ea4f500003003a004e0090002c
:105810000000e800400798002e4890000004e000d7
:105820001701320070582000000047001040780037
:10583000ed4f500014013200705820000000470066
:1058400010407800ea4f5000110132000040eb0098
:10585000704f98007058200000004700904078007a
:10586000a0c3b30080cf50001e003a002e48900025
:10587000e24f50001b003600705820000000470027
:105880001040900072c502000100000060579800af
:105890006e5090000080fb004400dd000044780062
:1058a00070582000000047002040900072c50200a0
:1058b0000100000000407400605798006e50900096
:1058c000004040006b40400070579800ae48900088
:1058d0007e50900080cf50000200390010c0b3000d
:1058e000704f98000039810063006000e20f5000a3
:1058f0004f003a007e4890000004e0002200320091
:105900002e4890008080fb006e4890000080fb00d5
:1059100000805000800078006e0090000080400001
:105920000080e800600798007058200000004700e1
:10593000ae48900026970200010000000004e0003d
:10594000d500320010462a000cf6020001000000cb
:10595000a0388100b138810000128900111289003d
:105960000000eb006007980001398100c0ff2f00a4
:1059700000806000003989006000b800c0388900ec
:10598000d1388900c50037000040eb00304f980047
:105990000d0037003e4890000081fb003e4890001b
:1059a0000080fb007158200081004700e140780032
:1059b0008041220000004100114098003e489000c4
:1059c0000040e800304f9800be4890002e489000fc
:1059d00080cf500004003100be489000e0c3b30007
:1059e00080cf5000ebff36003e4890008080fb00e7
:1059f00080412200008040008040eb001140980070
:105a000090452200be489000014878002e48900042
:105a10008080fb006e4890000080fb0000805000fa
:105a2000ee00900000804000600798009b00370067
:105a30007e4890000004e0006700320070582000ab
:105a400000004700009c0200010000000004e0008c
:105a50000e003200a0492a000cf6020001000000ee
:105a600070582000000047000cf602000100000002
:105a7000c04729000cf6020001000000f01e810062
:105a80000060a000f01e890033003700705820002d
:105a900000004700ae4890007e9d0200010000001b
:105aa000005f98000e589000e14f50001d00360036
:105ab00000128100111281000e5990008281fb00ba
:105ac000d252200002014700809fbe00831f780051
:105ad000204b2a00801f780002007800a2040200f8
:105ae00000000000e8875700d05220000000470067
:105af0000cf6020001000000705820000000470072
:105b00000cf6020001000000c04729000cf602005c
:105b100001000000f01e81000060a000f01e89005e
:105b20000d0037006e0090006101b8000012810086
:105b3000111281000200400083804800725820004a
:105b4000020247000001be00ae4890000400780049
:105b5000c09602000100000020c0b300005798006a
:105b60002e489000e84f50000e003600705820007c
:105b700000004700f040900000c3b30080cf500009
:105b800008003a007058200000004700804890004c
:105b900010c3b30080cf500002003a000040eb0079
:105ba000005798002e4890008080fb006e489000bf
:105bb0000080fb0000805000800078000e509000b4
:105bc0000080fb0000804000ee009000008040005c
:105bd00060079800310037000040eb00304f98001c
:105be0000d0037003e4890000081fb003e489000c9
:105bf0000080fb007158200081004700e1407800e0
:105c00008041220000004100114098003e48900071
:105c10000040e800304f9800be4890002e489000a9
:105c200080cf500004003100be489000e0c3b300b4
:105c300080cf5000ebff36003e4890008080fb0094
:105c400080412200008040008040eb00114098001d
:105c500090452200be489000014878002e489000f0
:105c60008080fb006e4890000080fb0000805000a8
:105c7000ee009000008040006007980007003700a9
:105c8000000000000500370000000000030037009e
:105c9000000000000100370000000000d136810044
:105ca0004e009000808f500005003600f11e8100ec
:105cb00000042000008060000000e0006ffe320061
:105cc000ee009000e13689000000eb00d03689003c
:105cd0000039810063006000e20f500046003a0086
:105ce000e2388100f33881000077210001002000b4
:105cf00002014000838148000012810011128100de
:105d0000800f5100818f59003b003100f04d2a0077
:105d10000cf6020001000000a0388100b1388100bb
:105d200022712200124178008281fb00725820000b
:105d300002014700809fbe00831f7800b0512a00f7
:105d4000801f780002007800a2040200000000001a
:105d5000e887570070582000000047000cf602004a
:105d600001000000406e22000cf60200010000005d
:105d7000e2388100f33881000012810011128100a5
:105d80007458200004024700829fbe00809fbe001e
:105d9000d0532a00801f780004007800a20402007b
:105da00000000000ea8757007058200000004700fc
:105db0000cf6020001000000207122008040eb0080
:105dc000014878006000b800a0388900b138890027
:105dd0006000b800c0388900d138890001398100dd
:105de000c0ff2f000080600000398900f01e810094
:105df0000060a000f01e8900f11e81000004200058
:105e0000008060000000e0000c00320080562a0094
:105e10000cf6020001000000f01e81000060a100ed
:105e2000f01e8900f01e81000040a100f01e8900d4
:105e3000101d2000d0988800ee003700e036810069
:105e40006101b800001281001112810002004000bf
:105e500083804800001289001112890002378100f6
:105e600013378100e03681008000eb000200400023
:105e700083804800003789001137890000128100b3
:105e800011128100420620000289b9000201780047
:105e90006002b9008401780003014100430620003c
:105ea0000300b80001014100820078002212810045
:105eb000331281004804020000000000100f980017
:105ec000210f98001e099000ae09900040062000a6
:105ed00001002000800f5100818f5900040036001e
:105ee0004006200001002000100f9800210f9800ac
:105ef00060128100d152200001014700801f78000c
:105f00001e089000ae089000809fbe00005a2a0034
:105f1000801f780002007800a20402000000000048
:105f2000e8875700d0522000000047000cf602001e
:105f300001000000221281003312810000fa2000cb
:105f4000010020000201400083814800001281000e
:105f500011128100800f5100818f59001f003600ff
:105f6000f11e810000022000008060000000e000bf
:105f70001a003a00f01e81000040a000f01e8900c7
:105f80000000eb00f0368900d04f200000004700f1
:105f900001202000811f7800c13b2a00811f78006a
:105fa000a204020000000000e487570097020700e7
:105fb000d04f20000000470063020700007122005c
:105fc00090128900706881008000780010c0b300d2
:105fd000a47a0200010000007a003700305b2a003a
:105fe0000cf6020001000000902422008040eb002b
:105ff00001487800f11e810000ff2f000080600042
:10600000f01e890070f180000090a10070f18800fe
:1060100090452200104078000004e0001e0032008d
:1060200090452200104078008080fb0080412200d3
:10603000008040008040eb00114098009041220019
:10604000009c0200010000000004e0000400320097
:10605000f01e81000060a000f01e89000b003700d8
:106060009045220010407800804078009041220046
:106070007e9d020001000000e14f50000300360049
:10608000f01e81000060a000f01e890090452200f3
:106090008040eb0001487800003781001137810013
:1060a0000001be0020128100311281000002510067
:1060b0008182590022128100331281000037810051
:1060c00011378100f61e81004533de006143630015
:1060d0000684fb00f61e81004633de006143630048
:1060e0008683fb007658200006034700849fbe008d
:1060f000829fbe00809fbe00881f7800871f7800a7
:10610000505c2a00801f780006007800a20402007c
:1061100000000000f2875700705820000000470080
:106120000cf6020001000000f11e810000042000b6
:10613000008060000000e00005003a00f11e8100d0
:1061400000022000008060000000e00006003a002d
:10615000e05f2a000cf60200010000005000200061
:106160001039890017003700d0612a000cf60200b0
:10617000010000008c9b0200010000000000e00014
:106180000600320070632a000cf6020001000000d5
:10619000300020001039890016003700a0642a0062
:1061a0000cf60200010000005000200010398900a8
:1061b000f11e810000ff2f0000806000f01e8900aa
:1061c0000c0037000b003700f0652a00de010700e5
:1061d00001e2240010c0b300a47a02000100000014
:1061e000f11e810000ff2f0000806000f01e89007a
:1061f00000000000d1988000101d2000808f50000a
:106200000b00320010398100e10f500003003a000a
:10621000601d2000d098880005003700fb010700b2
:1062200000d12900c8010700800c2000d098880008
:106230008068810091688100b0068900c1068900ec
:10624000b0212200104078000004e0001d00320060
:1062500085f180002212810033128100001281003a
:10626000111281007458200004024700851f780035
:10627000829fbe00809fbe0080672a00801f78003a
:1062800004007800a204020000000000ec87570020
:1062900070582000000047000cf6020001000000ca
:1062a000b02122008040eb0001487800f01e810000
:1062b0000040a100f01e8900101d2000d098880029
:1062c00062013700b0068100c1068100e00f500076
:1062d000e08f58005c013a002212810033128100e5
:1062e000001281001112810074582000040247003e
:1062f000829fbe00809fbe00706b2a00801f7800c6
:1063000004007800a204020000000000ea875700a1
:1063100070582000000047000cf602000100000049
:10632000f01e81000040a000f01e890050512000a6
:106330000000470001202000811f7800c13b2a0097
:10634000811f7800a204020000000000e4875700cb
:10635000ae01070050512000000047007a010700fd
:10636000706881008000780010c0b300a47a020039
:10637000010000008068810091688100b0068900fa
:10638000c106890031013700f11e81000010200094
:10639000008060000000e00082003a0020712200ce
:1063a000104078000004e0004a0032002012810012
:1063b00031128100e00f5000e08f5800450032009c
:1063c000a8388100b9388100201281003112810083
:1063d00042062000030020004804020000000000e4
:1063e0000001be0060d12200104078000080fb0058
:1063f0008000eb00009ab90004027800028bb9001b
:1064000086027800050242000010b8000102420036
:1064100084007800800f5400818f5c002d003600ce
:10642000a2388100b3388100007d200001002000e7
:10643000800f5100818f590007003600a23881007b
:10644000b338810000832f00f1ff2f0002004000cd
:1064500083804800010037006000b800c038890020
:10646000d1388900c2388100d3388100a03881003a
:10647000b13881007458200004024700829fbe009a
:10648000809fbe00906f2a00801f78000400780073
:10649000a204020000000000ea87570070582000a4
:1064a000000047000cf6020001000000c0732a0043
:1064b0000cf6020001000000406e22000cf6020003
:1064c00001000000e0452a000cf602000100000077
:1064d000030037006000b800c0388900d138890057
:1064e0004a01070000d129001701070070a1200010
:1064f000a64502000100000080e321001040780062
:106500000004e0000e00320080e32100a2f202004d
:10651000010000000000e0000900320000762a00bf
:106520000cf60200010000000041eb0071a1200008
:1065300080e32100b8d1020000000000090037000c
:1065400090772a000cf602000100000070a12000e4
:106550000cf6020001000000c04729000cf6020002
:10656000010000000071220001002000b006890037
:10657000c10689000053270090128900f01e810097
:106580000080a000f01e8900800c2000d0988800b8
:10659000810c200010c0b300a47a020001000000aa
:1065a000aa003700b0068100c1068100e00f50004c
:1065b000e08f580004003a0020498100610060002b
:1065c0000000e00003003200901281000000e000b3
:1065d0000d003a00f01e81000080a100f01e89002d
:1065e000f11e810000ff2f0000806000f01e890076
:1065f00006010700100781000090a0001007890025
:10660000c01c2000d0988800411f200010c0b3009b
:10661000a47a0200010000008c00370010792a00e3
:106620000cf6020001000000601d2000d0988800d8
:1066300000000000850037000000000083003700e4
:106640000000000081003700000000007f003700dc
:10665000000000007d003700000000007b003700d4
:1066600000000000790037000000000077003700cc
:1066700000000000750037000000000073003700c4
:106680000000000071003700000000006f003700bc
:10669000000000006d003700000000006b003700b4
:1066a00000000000690037000000000067003700ac
:1066b00000000000650037000000000063003700a4
:1066c0000000000061003700000000005f0037009c
:1066d000000000005d003700000000005b00370094
:1066e000000000005900370000000000570037008c
:1066f0000000000055003700000000005300370084
:106700000000000051003700000000004f0037007b
:10671000000000004d003700000000004b00370073
:10672000000000004900370000000000470037006b
:106730000000000045003700000000004300370063
:106740000000000041003700000000003f0037005b
:10675000000000003d003700000000003b00370053
:10676000000000003900370000000000370037004b
:106770000000000035003700000000003300370043
:106780000000000031003700000000002f0037003b
:10679000000000002d003700000000002b00370033
:1067a000000000002900370000000000270037002b
:1067b0000000000025003700000000002300370023
:1067c0000000000021003700000000001f0037001b
:1067d000000000001d003700000000001b00370013
:1067e000000000001900370000000000170037000b
:1067f0000000000015003700000000001300370003
:106800000000000011003700000000000f003700fa
:10681000000000000d003700000000000b003700f2
:1068200000000000090037000000000007003700ea
:1068300000000000050037000000000003003700e2
:106840000000000001003700000000004f04be00ff
:106850000080fa00000006000000fa00800020001e
:10686000c01c88009a23ef0020022000001d880031
:10687000a223ef009960a80099e3a8009b43a80019
:106880009b83a8000080fa00000006000000fa00c8
:1068900030812000104078000080fb00f11c800057
:1068a0000141780041812000827078003081200011
:1068b000104078008040e8003081200001487800d6
:1068c000d01c8000620060000000e0000400320084
:1068d0009a23a900601281000000e800601289007c
:1068e000d01c8000640060000000e0000100320065
:1068f0009a23a900d01c8000680060000000e0001e
:10690000010032009a63a9000080fa00000006002e
:106910000200fa00000f78001e0078000a0007004d
:10692000420120009e007800d02122004c06020087
:1069300000000000102322008040eb000148780096
:106940000080fa00000006000200fa00000f780044
:1069500060802000104078000004e00025003a002c
:106960001e007800104078000004e0001a00320099
:10697000000000000100370000000000d11c800072
:1069800000102000008060000000e000fbff3200eb
:106990001e007800104078000000fb00e01c88001a
:1069a0001e00780010407800add207001e0fe800ee
:1069b0001e007800104078000004e000eeff3a006e
:1069c00000000000d11c800000102000008060004a
:1069d0000000e000fbff3200d02122008040eb00ed
:1069e00001487800c02122008040eb000148780077
:1069f00001003700000000000080fa0000000600df
:106a00000000fa000080fa00000006000000fa0012
:106a1000200e22008040eb00014878001007810022
:106a20000090a10010078900100781000080a000dd
:106a3000100789000080fa00000006000200fa003a
:106a4000004f7800609e22009040780000ad220048
:106a50001040780080cf50000400390000ad2200c3
:106a6000104078000004e00002003a0010c0b300bb
:106a7000090037001e4078000004e00005003200e5
:106a800070f6020001000000207b2a000cf60200d4
:106a9000010000000040eb000080fa00000006004a
:106aa0000200fa00004f7800e00d22001e48780036
:106ab000f00681000080a000f0068900f006810049
:106ac0000090a100f00689000080fa000000060096
:106ad0000200fa00004f7800000e22001e487800e5
:106ae000000781000080a0000007890000078100e6
:106af0000090a100000789000080fa000000060055
:106b00002c00fa0085d12200a4d12200b3d52000a8
:106b100012c0b300f101200000cab30054af02005c
:106b20000100000085d12200a4d12200c3d520009d
:106b300012c0b3000102200000cab30054af02002b
:106b40000100000085d12200a4d12200d3d520006d
:106b500012c0b3001102200000cab30054af0200fb
:106b60000100000085d12200a4d12200e3d520003d
:106b700012c0b3002102200000cab30054af0200cb
:106b80000100000085d12200a4d12200d3d620002c
:106b900012c0b3001141200000cab30054af02007c
:106ba0000100000085d12200a4d12200f3d52000ed
:106bb00012c0b3003102200000cab30054af02007b
:106bc0000100000085d12200a4d1220003d62000bc
:106bd00012c0b3005102200000cab30054af02003b
:106be0000100000085d12200a4d1220053d620004c
:106bf00012c0b3009140200000cab30054af02009d
:106c00000100000085d12200a4d1220063d620001b
:106c100012c0b300a140200000cab30054af02006c
:106c20000100000085d12200a4d1220073d62000eb
:106c300012c0b300b140200000cab30054af02003c
:106c40000100000085d12200a4d1220083d62000bb
:106c500012c0b300c140200000cab30054af02000c
:106c60000100000085d12200a4d1220013d620000b
:106c700012c0b3005140200000cab30054af02005c
:106c80000100000085d12200a4d1220023d62000db
:106c900012c0b3006140200000cab30054af02002c
:106ca0000100000085d12200a4d1220033d62000ab
:106cb00012c0b3007140200000cab30054af0200fc
:106cc0000100000085d12200a4d1220093d620002b
:106cd00012c0b300d140200000cab30054af02007c
:106ce0000100000085d12200a4d12200a3d62000fb
:106cf00012c0b300e140200000cab30054af02004c
:106d00000100000085d12200a4d12200b3d62000ca
:106d100012c0b300f140200000cab30054af02001b
:106d20000100000085d12200a4d12200c3d620009a
:106d300012c0b3000141200000cab30054af0200ea
:106d40000100000085d12200a4d1220043d62000fa
:106d500012c0b3008140200000cab30054af02004b
:106d600001000000e800470022812a00110009000c
:106d7000b21878000040eb0010479800130037006d
:106d80001e4090000080fb00000040000000470013
:106d9000400090009040780040c6b30080cf500083
:106da000070036001e4090000080fb0000004000fd
:106db0000000470040009000e1c0b30001487800a7
:106dc0001e4090000040e800104798001e409000d0
:106dd000f14f5000eaff360000d620001040780046
:106de0000004e0000400320000d6200010407800cb
:106df000ee4f50000300360000d62000e1c0b30083
:106e000001487800620020008000eb00e091220041
:106e1000f204020000000000a20120008000eb004c
:106e200040d72000f204020000000000f0802000a3
:106e30008040eb00014878000040eb00004f7800f4
:106e4000040037001e407800f46e020000000000cd
:106e50001e4fe8001e407800e34f5000f9ff360057
:106e600020c5b300f0470200010000000000eb0065
:106e70004069890080d2220085d12200a4d122005d
:106e80008001780022c0b300f12e200000cab300b8
:106e900054af0200010000000000eb0050698900bf
:106ea000a0d2220085d12200a4d122008001780046
:106eb00022c0b300112f200000cab30054af02005b
:106ec000010000000000eb0060698900c0d22200d0
:106ed00085d12200a4d122008001780022c0b30015
:106ee000312f200000cab30054af0200010000009f
:106ef000406981000000e000040032004169810027
:106f000000e82300808f500002003600400d23006f
:106f100040698900506981000000e00004003200ef
:106f20005169810040012500808f50000200360029
:106f3000006b23005069890061698100007721009e
:106f4000808f500002003600401f200060698900d9
:106f500085d12200a4d12200e3d2220012c0b300c6
:106f60004102200000cab30054af0200010000003b
:106f7000e0d2220010407800e44f500003003600b9
:106f8000e0d222008040eb000148780085d1220049
:106f9000a4d12200c3b7220012c0b300c12e20002a
:106fa00000cab30054af02000100000085d12200e6
:106fb000a4d12200d3b7220012c0b300d12e2000ea
:106fc00000cab30054af02000100000000b6220066
:106fd00085d12200a4d122008001780042c0b300f4
:106fe000112d200000cab30054af020001000000c0
:106ff00040b6220085d12200a4d122008001780071
:1070000042c0b300512d200000cab30054af0200ab
:1070100001000000c0b7220010407800e14f40009e
:1070200003003a00c0b7220041c6b300014878000f
:10703000d0b7220010407800e14f400003003a0032
:10704000d0b7220051c0b30001487800025b810034
:10705000135b81000080eb008080eb00800f51000b
:10706000818f590004003a00c05d2000010020001b
:10707000005b8900115b8900225b8100335b81002a
:107080000080eb008080eb00800f5100818f590061
:1070900004003a00c05d200001002000205b890050
:1070a000315b890085d12200a4d12200c3ac22002b
:1070b00012c0b300712f200000cab30054af020009
:1070c0000100000085d12200a4d12200d3ac22000f
:1070d00012c0b300812f200000cab30054af0200d9
:1070e0000100000085d12200a4d12200e3ac2200df
:1070f00012c0b300912f200000cab30054af0200a9
:107100000100000085d12200a4d12200f3ac2200ae
:1071100012c0b300a12f200000cab30054af020078
:1071200001000000c0dc200085d12200a4d1220093
:107130008001780022c0b300b101200000cab30072
:1071400054af02000100000000fe200085d12200a3
:10715000a4d122008001780042c1b3004100200088
:1071600000cab30054af02000100000085d1220024
:10717000a4d12200f3d8200012c0b300b12e200009
:1071800000cab30054af02000100000085d1220004
:10719000a4d1220003d9200012c0b300e12e2000a8
:1071a00000cab30054af020001000000a0ac2200ee
:1071b00085d12200a4d122008001780022c0b30032
:1071c000512f200000cab30054af0200010000009c
:1071d00085d12200a4d1220003ad220012c0b30049
:1071e000b12f200000cab30054af0200010000001c
:1071f00000ad220010407800e14f400003003a004b
:1072000000ad220021c3b3000148780064004700ac
:1072100085d12200a4d122008001780012c0b300e1
:10722000d101200000cab30054af020001000000e9
:107230004e409000e14f400004003200ce409000ec
:10724000c0c3b30080cf500002003600a0c0b3001e
:10725000404798004e4090000080fb00b06a8800d4
:10726000b16a8000c00320000088b90000007800e7
:10727000b06a880085d12200a4d1220023d7200043
:1072800012c0b3003141200000cab30054af020065
:107290000100000085d12200a4d1220033d72000b4
:1072a00012c0b3004141200000cab30054af020035
:1072b0000100000020d7200010407800f84f500057
:1072c0000a003e0030d7200010407800f84f5000f0
:1072d00006003e0030d720009040780020d72000e4
:1072e0001040780080cf500006003e0020d72000dc
:1072f000a1c0b3000148780030d7200001c1b3001d
:107300000148780085d12200a4d12200e3d82000d2
:1073100012c0b300a103200000cab30054af0200a2
:107320000100000085d12200a4d12200032b2100fe
:1073300012c0b300e103200000cab30054af020042
:107340000100000085d12200a4d12200132b2100ce
:1073500012c0b300f103200000cab30054af020012
:10736000010000008000eb00107d2a00e05f0200b9
:107370000000000085d12200a4d12200b32e2100fc
:1073800012c0b3000138200000cab30054af02009d
:107390000100000085d12200a4d12200a32e2100eb
:1073a00012c0b3001138200000cab30054af02006d
:1073b0000100000085d12200a4d12200c32e2100ab
:1073c00012c0b3002138200000cab30054af02003d
:1073d0000100000085d12200a4d12200d32e21007b
:1073e00012c0b3003138200000cab30054af02000d
:1073f0000100000085d12200a4d12200e32e21004b
:1074000012c0b3004138200000cab30054af0200dc
:107410000100000085d12200a4d12200f32e21001a
:1074200012c0b3005138200000cab30054af0200ac
:1074300001000000102b21009040780040c6b300ee
:1074400080cf500003003600102b2100c1c3b300d1
:107450000148780085d12200a4d12200732e21009a
:1074600012c0b300c12f200000cab30054af020005
:107470000100000085d12200a4d12200832e21002a
:1074800012c0b300d12f200000cab30054af0200d5
:107490000100000085d12200a4d12200932e2100fa
:1074a00012c0b300e12f200000cab30054af0200a5
:1074b00001000000702e210010407800e14f4000d4
:1074c00003003a00702e210091c1b30001487800fa
:1074d000802e210010407800e14f400003003a0068
:1074e000802e2100d1c1b30001487800902e2100e8
:1074f00010407800e14f400003003a00902e210038
:10750000d1c1b30001487800e0d8200010407800d5
:107510000080fb00640060000000e0000400320016
:1075200090fd200011c0b30001487800030037002f
:1075300090fd20008040eb0001487800a0d221009f
:1075400085d12200a4d122008001780002c2b300bc
:10755000414c200000cab30054af020001000000fb
:1075600090d421008040eb00014878000000eb003f
:10757000100798000e0037009e009000a0d2210056
:107580000080400010407800e14f400005003a00c4
:107590008000eb0080802a003062020000000000c2
:1075a000090037001e0090000000e8001007980056
:1075b0009e009000a0d22100008040001040780082
:1075c0000004e000ecff3a006500470085d122008e
:1075d000a4d122008001780022c0b300214c2000f9
:1075e00000cab30054af020001000000de4090006a
:1075f000a0c5b30080cf500004003a00ee409000d8
:1076000030ccb30080cf50001b003200002b210093
:1076100010407800804078000154a000002b210029
:107620000148780085d12200a4d12200032b21003b
:1076300012c0b300e103200000cab30044ae020050
:1076400001000000a0c5b3005047980030ccb30043
:10765000604798006500470085d12200a4d1220030
:107660008001780022c0b300214c200000cab30082
:1076700044ae0200010000000080fa000000060095
:107680000400fa00000f780011079800e20f2000b4
:107690009e00900070a120005707070012c0b300a1
:1076a00071a120001e007800b8d102000000000087
:1076b0000080fa00000006000600fa00000f7800c3
:1076c0001107980042479800e30f20004e419000b8
:1076d0009e00900070a120009d00070012c0b30022
:1076e00071a120001e007800b8d102000000000047
:1076f0000080fa00000006000200fa00000f780087
:1077000070a120008c03070012c0b30071a12000fb
:107710001e007800b8d10200000000000080fa00ce
:10772000000006000200fa00000f780070a120009f
:10773000be02070012c0b30071a120001e00780035
:10774000b8d10200000000000080fa00000006002e
:107750000200fa00000f78004036800070006000e0
:107760000000e000040032001e00780001c3b300f6
:1077700001487800030037001e00780011c3b300f1
:10778000014878004136800000022000008060003f
:107790000000e000040032001e00e80001c3b30056
:1077a00001487800030037001e00e80011c3b30051
:1077b0000148780040368000680060000000e0006a
:1077c000040032001e80e80001c3b30001487800c5
:1077d000030037001e80e80011c3b30001487800a1
:1077e00040368000640060000000e00005003200c8
:1077f0009e0078006380400001c3b3000148780018
:10780000040037009e0078006380400011c3b3007d
:1078100001487800b0358000640060000000e0009e
:10782000050032009e0078006480400001c3b30070
:1078300001487800040037009e0078006480400012
:1078400011c3b300014878009e00780065804000b5
:107850008040eb000148780050c0b3000080fa007f
:10786000000006000200fa00000f7800d13380000b
:1078700000402000008060000000e00004003200b2
:107880001e00780011c3b3000148780003003700e0
:107890001e00780001c3b30001487800d133800096
:1078a00000802000008060000000e0000400320042
:1078b0001e00e80011c3b300014878000300370040
:1078c0001e00e80001c3b30001487800d1338000f6
:1078d00000002100008060000000e0000400320091
:1078e0001e80e80011c3b300014878000300370090
:1078f0001e80e80001c3b30001487800d133800046
:1079000000002200008060000000e000050032005e
:107910009e0078006380400011c3b30001487800e6
:10792000040037009e0078006380400001c3b3006c
:10793000014878009e007800648040008040eb00a1
:107940000148780040c0b3000080fa000000060043
:107950000c00fa002007980031079800024f9800a9
:10796000530798000e4890000004e0003d003200ec
:1079700061872b002e009000b0f102000100000092
:10798000000f7800420120008000eb0000fe200084
:10799000f20402000000000000fe200085d1220059
:1079a000a4d122008001780042c1b3004100200030
:1079b00000cab30054af02000100000040ff2000e5
:1079c0008040eb00014878001e007800ae00900077
:1079d0000080400001fe2000b0f102000100000024
:1079e0001e0f40001e007800ae0090000080400096
:1079f00051882b00b0f10200010000001e0f400072
:107a00001e007800ae0090000080400080007800ea
:107a10003e00900030c40200010000001e0f400034
:107a20001e007800ae00900000804000e1882b002e
:107a3000b0f10200010000001e0f40001e0078009f
:107a4000ae0090008080400040d2220010407800bc
:107a50000041eb00fec50200010000001e0f4000c7
:107a60001c01370061892b002e009000b0f102004c
:107a700001000000000f78001e007800ae009000aa
:107a800000804000800078003e00900030c402007a
:107a9000010000001e0f40005e0090007e005000bc
:107aa0009e0f50002d003400701d22001040780001
:107ab000e34f50000f003a001e007800ae00900027
:107ac00000804000f1892b00b0f1020001000000ad
:107ad0001e0f40001e007800ae00900000804000a5
:107ae000d11b2200b0f10200010000001e0f400077
:107af0001a003700501f2200104078000004e000f8
:107b00000f0032001e007800ae00900000804000a0
:107b1000f1892b00b0f10200010000001e0f4000af
:107b20001e007800ae00900000804000b11d2200d1
:107b3000b0f10200010000001e0f400007003700f6
:107b40001e007800ae00900000804000318a2b00bb
:107b5000b0f10200010000001e0f40005e00900026
:107b6000690050009e0f5000300034001e00780065
:107b7000ae00900000804000818a2b00b0f102002e
:107b8000010000001e0f400056d502000100000059
:107b9000204798002e4090000080fb00e10f50002d
:107ba0000a003200e20f50000e0032000000e00038
:107bb00012003a001e007800ae00900000804000e5
:107bc000e1c4b30001487800120037001e007800bd
:107bd000ae0090000080400031c5b300014878003d
:107be0000c0037001e007800ae00900000804000be
:107bf000f1c4b30001487800060037001e00780089
:107c0000ae00900000804000f1c3b300014878004e
:107c1000000000001e0fe8001e007800ae0090007b
:107c2000008040008040eb00014878005e0090003a
:107c3000690050009e0f5000100034001e007800b4
:107c4000ae00900000804000d18a2b00b0f102000d
:107c5000010000001e0f40001e007800ae009000e2
:107c60008080400040e980000040780032c0b300ce
:107c7000fec50200010000001e0f40005e009000e3
:107c8000690050009e0f5000100034001e00780064
:107c9000ae00900000804000218b2b00b0f102006c
:107ca000010000001e0f40001e007800ae00900092
:107cb00080804000306981000040780032c0b3000d
:107cc000fec50200010000001e0f40005e00900093
:107cd000690050009e0f5000100034001e00780014
:107ce000ae00900000804000718b2b00b0f10200cc
:107cf000010000001e0f40001e007800ae00900042
:107d00008080400060da20001040780022c0b3007c
:107d1000fec50200010000001e0f4000b16d800092
:107d200000022000008060000000e000140032002b
:107d30005e009000690050009e0f5000100034005b
:107d40001e007800ae00900000804000c18b2b0028
:107d5000b0f10200010000001e0f40001e0078007c
:107d6000ae00900080804000f0da200010407800e3
:107d700022c0b300fec50200010000001e0f40003b
:107d80005e009000690050009e0f50000d0034000e
:107d90001e007800ae00900000804000218c2b0077
:107da000b0f10200010000001e0f40001e0078002c
:107db000ae0090000080400065fe07000080fb00e0
:107dc0001e0f40005e009000690050009e0f5000a2
:107dd0000d0034001e007800ae00900000804000ce
:107de000718c2b00b0f10200010000001e0f40005a
:107df0001e007800ae0090000080400099fe070051
:107e00000080fb001e0f40005e00900069005000e3
:107e10009e0f5000100034001e007800ae0090004d
:107e200000804000d18c2b00b0f102000100000066
:107e30001e0f40001e007800ae00900080804000c1
:107e400040d22200104078000041eb00fec5020045
:107e5000010000001e0f40005e009000690050000d
:107e60009e0f50001b0034001e007800ae009000f2
:107e700000804000318d2b00b0f1020001000000b5
:107e80001e0f4000f0d8200090407800a0c5b3003d
:107e900080cf500008003a001e007800ae0090002d
:107ea00000804000918d2b00b0f102000100000025
:107eb0001e0f4000070037001e007800ae00900043
:107ec00000804000b18d2b00b0f1020001000000e5
:107ed0001e0f40005e009000690050009e0f500091
:107ee000100034001e007800ae00900000804000ba
:107ef000d18d2b00b0f10200010000001e0f4000e8
:107f00001e007800ae0090008080400000d9200064
:107f1000104078000041eb00fec5020001000000a7
:107f20001e0f40000e4890000004e00050003a0090
:107f30005e009000660050009e0f50004c00340020
:107f40001e007800ae00900000804000318e2b00b3
:107f5000b0f10200010000001e0f40001e0078007a
:107f6000ae00900080804000300521001040780075
:107f70000041eb00fec50200010000001e0f4000a2
:107f80005e009000690050009e0f50001000340009
:107f90001e007800ae00900000804000818e2b0013
:107fa000b0f10200010000001e0f40001e0078002a
:107fb000ae00900080804000509e2200104078006b
:107fc0000041eb00fec50200010000001e0f400052
:107fd0005e009000690050009e0f500010003400b9
:107fe0001e007800ae00900000804000d18e2b0073
:107ff000b0f10200010000001e0f40001e007800da
:10800000ae00900080804000709e220010407800fa
:108010000041eb00fec50200010000001e0f400001
:108020005e009000690050009e0f50001000340068
:108030001e007800ae00900000804000318f2b00c1
:10804000b0f10200010000001e0f40001e00780089
:10805000ae0090008080400050da20001040780090
:108060000041eb00fec50200010000001e0f4000b1
:108070005e009000690050009e0f50001300340015
:108080001e007800ae00900000804000818f2b0021
:10809000b0f10200010000001e0f40001e00780039
:1080a000ae0090000080400041da2000914078004e
:1080b000014878001e0fe8001e007800ae00900016
:1080c000008040008040eb00014878005e00900096
:1080d0006b0050009e0f50000e0034001e00780010
:1080e000ae00900000804000d18f2b00b0f1020064
:1080f000010000001e0f40001e007800ae0090003e
:1081000080804000a097800030c402000100000081
:108110001e0f40000080fa00000006000000fa0078
:10812000106d8000630a20000041eb0080007800a1
:10813000f0b3200006fe0700f0b320000cf60200aa
:108140000100000020902b000cf60200010000004e
:10815000f0b320008040eb00014878000080fa0076
:10816000000006000600fa0010079800414798003a
:10817000116d80001e009000008060000000e00093
:1081800003003a000040eb00004f78000b0037007e
:10819000116d80001e0090000080ea0000806000e9
:1081a000106d880010c0b300004f78004e40900062
:1081b0000004e00001003200d8ff07001e407800f4
:1081c0000080fa00000006000600fa001007980080
:1081d00041479800116d80001e0090008080600073
:1081e0001e009000808f500003003a000040eb001a
:1081f000004f78000a003700116d80001e009000cb
:1082000001007000106d880010c0b300004f7800ae
:108210004e4090000004e00001003200bfff070064
:108220001e4078000080fa00000006003a00fa00c4
:10823000889fbe008a9fbe008c9fbe00000f9800e2
:10824000402e2100104078008082fb00302e21005b
:10825000104078000082fb00202e210010407800a2
:108260008081fb00a02c2100104078000081fb00e1
:10827000902c2100104078008080fb00802c210091
:10828000104078000080fb00851f7800841f780074
:10829000831f7800821f7800811f7800801f78007c
:1082a00040902b00801f7800f10020000e00780025
:1082b0008804020000000000ee8757000040eb0039
:1082c000704f9800e0042100104078008005fb000a
:1082d00010052100104078008006fb007005210089
:1082e000104078000000fb00100f9800600521008e
:1082f000104078000000fb00200f9800a00521002e
:10830000104078000000fb00300f9800900521001d
:10831000104078000000fb00400f9800019780009b
:10832000510f9800f1968000610f9800e19680004f
:10833000710f9800319680000117980021968000f7
:10834000111798001196800021179800d19680008f
:10835000311798000196800041179800c19680005f
:1083600051179800f195800061179800b196800030
:1083700071179800e1958000011f9800909e2200df
:10838000104078000080fb00101f9800809e2200a3
:10839000104078000080fb00201f9800509e2200b3
:1083a000104078000080fb00301f9800409e2200a3
:1083b000104078000080fb00401f9800b01b220096
:1083c000104078000086fb00a01b220010407800bf
:1083d0000085fb0099968000c895800087968000f4
:1083e000b69580006296800073968000909580001c
:1083f000a1958000a5968000d49580008b1f780001
:108400008d1f78009e0d90008b1f7800ae0d9000a0
:108410008b1f7800be0d90008b1f7800ce0d900052
:108420008b1f7800de0d90008b1f7800ee0d900002
:108430008b1f7800fe0d90008b1f78008e1590002a
:108440008b1f78009e1590008b1f7800ae15900052
:108450008b1f7800be1590008b1f7800ce15900002
:108460008b1f7800de1590008b1f7800ee159000b2
:108470008b1f7800fe1590008b1f78008e1d9000da
:108480008b1f78009e1d90008b1f7800ae1d900002
:108490008b1f7800be1d90008b1f7800ce1d9000b2
:1084a0008b1f78008c1f78008a1f7800891f780046
:1084b000881f7800871f7800861f7800829fbe0083
:1084c000809fbe00851f7800841f780060912b007c
:1084d000801f7800010a20000e0890008804020026
:1084e000000000006f04b1000e089000000ab00008
:1084f0008040eb00014878000e089000f205020071
:10850000000000008000780030092000808f5000bb
:1085100004003e008e0078000e089000ba050200ac
:10852000000000004f06be004f05be004f04be0015
:108530000080fa00000006001000fa0070079800a2
:10854000f19b2b007e009000b0f1020001000000c2
:10855000000f78001e007800fe0090008080400030
:10856000c067810030c40200010000001e0f4000ff
:108570001e007800fe00900000804000b19c2b009f
:10858000b0f10200010000001e0f40001e00780044
:10859000fe00900080804000d067810030c402005f
:1085a000010000001e0f40001e007800fe00900039
:1085b00000804000219d2b00b0f10200010000006e
:1085c0001e0f40001e007800fe009000008040005a
:1085d0008000780040ce200030c40200010000007e
:1085e0001e0f40001e007800fe009000008040003a
:1085f000919d2b00b0f10200010000001e0f400011
:108600001e007800fe00900080804000f06781002e
:1086100030c40200010000001e0f40001e00780060
:10862000fe00900000804000f19d2b00b0f10200a0
:10863000010000001e0f40001e007800fe009000a8
:10864000808040001068810030c4020001000000fa
:108650001e0f40001e007800fe00900000804000c9
:10866000519e2b00b0f10200010000001e0f4000df
:108670001e007800fe0090008080400000688100ad
:1086800030c40200010000001e0f40001e007800f0
:10869000fe00900000804000b19e2b00b0f102006f
:1086a000010000001e0f40001e007800fe00900038
:1086b00000804000219f2b00b0f10200010000006b
:1086c0001e0f40001e007800fe00900080804000d9
:1086d0002068810030c40200010000001e0f40002d
:1086e00060d0220010407800e14f500008003a00ae
:1086f0001e007800fe00900000804000819f2b004b
:10870000b0f10200010000001e0f4000070037001a
:108710001e007800fe00900000804000e19f2b00ca
:10872000b0f10200010000001e0f4000d0338000b5
:10873000640060000000e000080032001e007800c5
:10874000fe00900000804000b18d2b00b0f10200cf
:10875000010000001e0f4000070037001e007800d7
:10876000fe00900000804000918d2b00b0f10200cf
:10877000010000001e0f4000d03380006800600040
:108780000000e000080032001e007800fe009000ab
:1087900000804000b18d2b00b0f10200010000000c
:1087a0001e0f4000070037001e007800fe009000fa
:1087b00000804000918d2b00b0f10200010000000c
:1087c0001e0f40001e007800fe0090000080400058
:1087d00041a02b00b0f10200010000001e0f40007c
:1087e000b17080000e80e800811f7800c1a02b00ce
:1087f000811f7800bc04020000000000e4875700dd
:108800001e007800fe009000008040008e80e8008e
:10881000b0f10200010000001e0f40001e007800b1
:10882000fe00900000804000f1a02b00b0f102009b
:10883000010000001e0f40001e007800fe009000a6
:10884000808040004069810030c4020001000000c7
:108850001e0f40001e007800fe00900000804000c7
:1088600051a12b00b0f10200010000001e0f4000da
:108870001e007800fe00900080804000506981005a
:1088800030c40200010000001e0f40001e007800ee
:10889000fe00900000804000b1a12b00b0f102006a
:1088a000010000001e0f40001e007800fe00900036
:1088b000808040006069810030c402000100000037
:1088c0001e0f40001e007800fe0090000080400057
:1088d00021a22b00b0f10200010000001e0f400099
:1088e0001e007800fe00900080804000e0d2220050
:1088f0001040780012c0b300fec502000100000065
:108900001e0f4000000920009e007800808f50005c
:1089100027003c001e007800fe0090000080400010
:1089200071a22b00b0f10200010000001e0f4000f8
:108930001e007800fe0090008080400030d72000ac
:108940001040780022c0b300fec502000100000004
:108950001e0f40001e007800fe00900000804000c6
:1089600001a32b00b0f10200010000001e0f400027
:108970001e007800fe0090008080400020d720007c
:108980001040780022c0b300fec5020001000000c4
:108990001e0f40001e007800fe0090000080400086
:1089a00071a32b00b0f10200010000001e0f400077
:1089b0000080fa00000006000000fa00f0b320007a
:1089c000ddfe0700f0b320000cf6020001000000fd
:1089d00020902b000cf6020001000000f0b32000f4
:1089e0008040eb00014878000080fa00000006009b
:1089f0000400fa0010079800a1a32b001e009000ad
:108a0000b0f1020001000000000f78001e007800a5
:108a10009e0090000080400041a42b00b0f10200b5
:108a2000010000001e0f4000420120008000eb000a
:108a300000fe2000f20402000000000000fe200002
:108a400085d12200a4d122008001780042c1b30068
:108a50004100200000cab30054af02000100000032
:108a600040ff20008040eb00014878001e007800a5
:108a70009e0090000080400001fe2000b0f1020046
:108a8000010000001e0f400010398100e40f50006b
:108a90000c003200e50f500012003200e30f5000ce
:108aa00018003a001e0078009e00900000804000f0
:108ab000a1a42b00b0f10200010000001e0f400035
:108ac0001a0037001e0078009e00900000804000d1
:108ad00031a52b00b0f10200010000001e0f400084
:108ae000120037001e0078009e00900000804000b9
:108af00031a52b00b0f10200010000001e0f400064
:108b00000a0037001e0078009e0090008080400020
:108b1000103981000040780022c0b300fec5020079
:108b2000010000001e0f4000000000001e0fe800c2
:108b30001e0078009e009000008040008040eb0006
:108b4000014878000080fa00000006000800fa00e2
:108b500030079800a1a32b003e009000b0f1020066
:108b600001000000000f78001e007800be00900099
:108b70000080400041a42b00b0f102000100000081
:108b80001e0f4000420120008000eb0000fe20008c
:108b9000f20402000000000000fe200085d1220047
:108ba000a4d122008001780042c1b300410020001e
:108bb00000cab30054af02000100000040ff2000d3
:108bc0008040eb00014878001e007800be00900055
:108bd0000080400001fe2000b0f102000100000012
:108be0001e0f40001e007800be0090000080400074
:108bf000a1a52b00b0f10200010000001e0f4000f3
:108c00001e007800be0090008080400080f180004f
:108c100030c40200010000001e0f40001e0078005a
:108c2000be0090000080400021a62b00b0f10200a1
:108c3000010000001e0f40001e007800be009000e2
:108c400080804000a068810030c402000100000064
:108c50001e0f40001e007800be0090000080400003
:108c600041a62b00b0f10200010000001e0f4000e1
:108c7000a0f18000b1f18000e00f5000e08f5800bb
:108c800025003200001281001112810042062000ee
:108c90000289b900020178006002b90084017800fd
:108ca00003014100430620000300b8000101410018
:108cb00082007800a2f18000b3f180004804020035
:108cc0000000000010079800210798001e01900086
:108cd000ae0190004006200001002000800f5100ee
:108ce000818f59000400360040062000010020005a
:108cf00010079800210798001e007800be00900021
:108d0000808040001e00900030c40200010000007e
:108d10001e0f4000080037001e007800be009000c3
:108d200000804000800078000000eb0030c40200aa
:108d3000010000001e0f40001e007800be009000e1
:108d400000804000a1a62b00b0f10200010000004d
:108d50001e0f40001e0fe8001e007800be009000ad
:108d6000008040008040eb00014878000080fa005d
:108d7000000006000400fa0010079800c1a62b00ae
:108d80001e009000b0f1020001000000000f78000a
:108d900071f1800000802000008060000000e00091
:108da000080032001e0078009e0090000080400005
:108db00051a72b00b0f10200010000001e0f40007f
:108dc000070037001e0078009e00900000804000e1
:108dd000b1a72b00b0f10200010000001e0f4000ff
:108de00070f180004c00de00674060000080fb00f6
:108df000e30f50001e003200e30f500005003c005e
:108e0000e10f50000a003200e20f50001000320063
:108e100037003700e50f500025003200e50f500005
:108e20001b003500e60f50002900320030003700eb
:108e30001e0078009e0090000080400001a82b00da
:108e4000b0f10200010000001e0f400028003700b2
:108e50001e0078009e0090000080400081a82b003a
:108e6000b0f10200010000001e0f4000200037009a
:108e70001e0078009e0090000080400061a92b0039
:108e8000b0f10200010000001e0f40001800370082
:108e90001e0078009e0090000080400031aa2b0048
:108ea000b0f10200010000001e0f4000100037006a
:108eb0001e0078009e0090000080400021ab2b0037
:108ec000b0f10200010000001e0f40000800370052
:108ed0001e0078009e0090000080400011ac2b0026
:108ee000b0f10200010000001e0f40000000000071
:108ef0001e0078009e00900000804000e1ac2b0036
:108f0000b0f10200010000001e0f40001e007800ba
:108f10009e0090008080400090f1800030c40200ec
:108f2000010000001e0f40001e0078009e0090000f
:108f30000080400001ad2b00b0f1020001000000f4
:108f40001e0f40001e0078009e0090000080400030
:108f5000e1d42100b0f10200010000001e0f40002a
:108f60001e0078009e00900000804000e1d82100a3
:108f7000b0f10200010000001e0f400060ea800016
:108f80000000e0000e0032001e0078009e009000fd
:108f900000804000e1ad2b00b0f1020001000000b4
:108fa0001e0f40001e0078009e0090008080400050
:108fb00060ea800030c40200010000001e0f400083
:108fc0001e0fe8001e0078009e0090000080400008
:108fd0008040eb00014878000080fa0000000600a5
:108fe0000200fa00004f780040da200010407800bc
:108ff0009e4f50000300320040da20001e487800e7
:1090000046fc07000080fa00000006000400fa0099
:1090100020479800ae40900060da200001487800b8
:10902000ae40900030c6b30080cf500002003a003e
:109030000040eb0020479800b06d80006f4060005a
:109040008080fb0060da200000804000ae4090008d
:1090500011409800b06d80006f4060000040e80053
:109060006f4060000080fb006f006000b26d800008
:1090700001ff2f008100610001007000b06d8800c9
:10908000b06d80006f4060000080fb00e70f500073
:1090900005003c00b16d80000002200000806000ef
:1090a0000000e0005a003200f0da20008040eb00bf
:1090b000014878000040eb00004f78000b003700bb
:1090c000f0da2000904078001e80fb006401400030
:1090d00020da2000000041001040900080c04000d5
:1090e000f0da2000014878001e4fe8001e407800aa
:1090f000e74f5000f2ff3600f0da20001040780011
:109100000080fb004300de0080407800f0da2000a1
:1091100001487800b06d80006f4060000080fb0067
:10912000e70f500007003400b16d800000ff2f00f2
:1091300000806000b06d8800b06d80000050a0001d
:10914000b06d8800b16d80000002200000806000da
:109150000000e0002e003200f0da2000104078001d
:10916000e84f500004003600f0da2000104078008c
:10917000ff4f50000c003600b16d8000000420004d
:10918000008060000000e000030032008040eb003f
:10919000100020000cfc0700b06d80000060a000f3
:1091a000b06d88001a003700f0da20009040780097
:1091b00030c6b30080cf500007003a008040eb007b
:1091c0001000200000fc070000ae2b000cf602008f
:1091d000010000000e003700f0da20001040780097
:1091e000ee4f500007003600f0da20001040780003
:1091f000ff4f500003003e008040eb0010002000b5
:10920000d8fb0700b06d80000060a100b06d880041
:1092100060da200010407800e54f50001b00340059
:1092200060da20009040780020c6b30080cf500064
:1092300016003c00b06d8000700060000000e0008f
:1092400012003a00e0802000104078000004e000a6
:109250000e003a00b06d80000040a000b06d8800a4
:10926000e080200031c8b300014878000081200070
:1092700041c0b3000148780070f602000100000010
:1092800060b02b000cf60200010000000080fa0024
:10929000000006000200fa00004f780000db20000a
:1092a0001e48780050da200010407800e44f50004b
:1092b00006003a0000db200090407800a02e21003c
:1092c0001040780080cf50000a00310050da2000b2
:1092d00010407800e34f50000d003a0000db200002
:1092e00090407800b02e21001040780080cf5000d0
:1092f0000700390050da200010407800e44f500099
:1093000003003a00b06d80000070a000b06d8800ce
:109310000080fa00000006000200fa00004f78000a
:1093200020db20001e487800102f21001e48780006
:1093300050da200010407800e44f500009003a0055
:1093400020db200090407800c02e210010407800e3
:1093500080cf500003003100b06d80000070a0008d
:10936000b06d88000080fa00000006000200fa00dc
:10937000004f780010db20001e487800202f2100cd
:109380001e48780050da200010407800e44f50006a
:1093900009003a0010db200090407800d02e210018
:1093a0001040780080cf500003003100b06d800085
:1093b0000070a000b06d88000080fa000000060078
:1093c0000200fa00004f780040db20001e487800c1
:1093d000202f21001e4878000080fa0000000600bf
:1093e0000200fa00004f780030db20001e487800b1
:1093f0000080fa00000006001400fa0070079800d0
:10940000010f9800120f980051b12b007e009000c0
:10941000b0f1020001000000000f78001e0078008b
:10942000fe00900000804000800078000e08900050
:1094300030c40200010000001e0f40001e00780032
:10944000fe00900000804000e1ad2b00b0f1020072
:10945000010000001e0f40001e0890007e0050001a
:109460009e0f50001f003400701d22001040780035
:10947000e34f500008003a001e007800fe00900004
:1094800000804000d11b2200b0f10200010000006a
:109490001e0f400013003700501f220010407800bc
:1094a0000004e000080032001e007800fe0090007a
:1094b00000804000b11d2200b0f102000100000058
:1094c0001e0f4000070037001e007800fe009000cd
:1094d00000804000c1b12b00b0f10200010000008b
:1094e0001e0f40001e089000690050009e0f5000a3
:1094f000300034001e007800fe0090000080400024
:10950000e1ad2b00b0f10200010000001e0f400091
:1095100056d5020001000000204798002e40900020
:109520000000fb00e10f50000a003200e20f500083
:109530000e0032000000e00012003a001e00780029
:10954000fe00900000804000e1c4b30001487800b4
:10955000120037001e007800fe00900000804000de
:1095600031c5b300014878000c0037001e007800b8
:10957000fe00900000804000f1c4b3000148780074
:10958000060037001e007800fe00900000804000ba
:10959000f1c3b30001487800000000001e0fe8008e
:1095a0001e007800fe009000008040008040eb002c
:1095b000014878001e089000690050009e0f50007e
:1095c000100034001e007800fe0090000080400073
:1095d000e1ad2b00b0f10200010000001e0f4000c1
:1095e0001e007800fe0090008080400040e980006e
:1095f0000040780032c0b300fec502000100000048
:109600001e0f40001e089000690050009e0f500081
:10961000100034001e007800fe0090000080400022
:10962000e1ad2b00b0f10200010000001e0f400070
:109630001e007800fe0090008080400030698100ac
:109640000040780032c0b300fec5020001000000f7
:109650001e0f40001e089000690050009e0f500031
:10966000100034001e007800fe00900000804000d2
:10967000e1ad2b00b0f10200010000001e0f400020
:109680001e007800fe0090008080400060da20001c
:109690001040780022c0b300fec5020001000000a7
:1096a0001e0f4000b16d80000002200000806000ad
:1096b0000000e000150032001e0890006900500014
:1096c0009e0f5000110034001e007800fe00900034
:1096d00000804000e1ad2b00b0f10200010000006d
:1096e0001e0f40001e007800fe00900080804000a9
:1096f000f0da20001040780022c0b300fec502005e
:10970000010000001e0f4000070037001e00780017
:10971000fe00900000804000e1b12b00b0f102009b
:10972000010000001e0f40001e089000690050005c
:109730009e0f50000d0034001e007800fe009000c7
:1097400000804000e1ad2b00b0f1020001000000fc
:109750001e0f40001e007800fe00900000804000b8
:10976000fbf707000080fb001e0f40001e08900062
:10977000690050009e0f50000d0034001e0078005c
:10978000fe00900000804000e1ad2b00b0f102002f
:10979000010000001e0f40001e007800fe00900037
:1097a000008040002ff807000080fb001e0f4000e3
:1097b0001e089000690050009e0f500010003400f9
:1097c0001e007800fe00900000804000e1ad2b00fc
:1097d000b0f10200010000001e0f40001e007800e2
:1097e000fe0090008080400040d2220010407800af
:1097f0000041eb00fec50200010000001e0f40000a
:109800001e089000690050009e0f50001b0034009d
:109810001e007800fe00900000804000e1ad2b00ab
:10982000b0f10200010000001e0f4000f0d820003f
:1098300090407800a0c5b30080cf500008003a00e7
:109840001e007800fe00900000804000918d2b00eb
:10985000b0f10200010000001e0f400007003700b9
:109860001e007800fe00900000804000b18d2b00ab
:10987000b0f10200010000001e0f40001e08900021
:10988000690050009e0f5000100034001e00780048
:10989000fe00900000804000e1ad2b00b0f102001e
:1098a000010000001e0f40001e007800fe00900026
:1098b0008080400000d92000104078000041eb007b
:1098c000fec50200010000001e0f40001e007800cf
:1098d000fe00900000804000e1ad2b00b0f10200de
:1098e000010000001e0f40001e007800fe009000e6
:1098f0008080400030052100104078000041eb00de
:10990000fec50200010000001e0f40001e0890006e
:10991000690050009e0f5000100034001e007800b7
:10992000fe00900000804000e1ad2b00b0f102008d
:10993000010000001e0f40001e007800fe00900095
:1099400080804000509e2200104078000041eb00d3
:10995000fec50200010000001e0f40001e0890001e
:10996000690050009e0f5000100034001e00780067
:10997000fe00900000804000e1ad2b00b0f102003d
:10998000010000001e0f40001e007800fe00900045
:1099900080804000709e2200104078000041eb0063
:1099a000fec50200010000001e0f40001e089000ce
:1099b000690050009e0f5000100034001e00780017
:1099c000fe00900000804000e1ad2b00b0f10200ed
:1099d000010000001e0f40001e007800fe009000f5
:1099e0008080400050da2000104078000041eb00f9
:1099f000fec50200010000001e0f40001e0890007e
:109a0000690050009e0f5000130034001e007800c3
:109a1000fe00900000804000e1ad2b00b0f102009c
:109a2000010000001e0f40001e007800fe009000a4
:109a30000080400041da2000914078000148780021
:109a40001e0fe8001e007800fe009000008040001d
:109a50008040eb00014878001e0890006b00500029
:109a60009e0f50000e0034001e007800fe00900093
:109a700000804000e1ad2b00b0f1020001000000c9
:109a80001e0f40001e007800fe0090008080400005
:109a9000a097800030c40200010000001e0f4000ab
:109aa0001e0890006a0050009e0f50004c013500c7
:109ab0001e007800fe00900000804000e1ad2b0009
:109ac000b0f10200010000001e0f40001e007800ef
:109ad000fe00900080804000c067810030c402001a
:109ae000010000001e0f40001e0890006a00500098
:109af0009e0f50003c0135001e007800fe009000d3
:109b000000804000e1ad2b00b0f102000100000038
:109b10001e0f40001e007800fe0090008080400074
:109b2000d067810030c40200010000001e0f400019
:109b30001e0890006a0050009e0f50002c01350056
:109b40001e007800fe00900000804000e1ad2b0078
:109b5000b0f10200010000001e0f40001e0078005e
:109b6000fe009000008040008000780040ce200081
:109b700030c40200010000001e0f40001e089000cb
:109b80006a0050009e0f50001b0135001e00780037
:109b9000fe00900000804000e1ad2b00b0f102001b
:109ba000010000001e0f40001e007800fe00900023
:109bb00080804000f067810030c402000100000096
:109bc0001e0f40001e0890006a0050009e0f5000bb
:109bd0000b0135001e007800fe0090000080400060
:109be000e1ad2b00b0f10200010000001e0f4000ab
:109bf0001e007800fe009000808040001068810008
:109c000030c40200010000001e0f40001e0890003a
:109c10006a0050009e0f5000fb0035001e007800c7
:109c2000fe00900000804000e1ad2b00b0f102008a
:109c3000010000001e0f40001e007800fe00900092
:109c4000808040000068810030c4020001000000f4
:109c50001e0f40001e0890006a0050009e0f50002a
:109c6000eb0035001e007800fe00900000804000f0
:109c7000e1b12b00b0f10200010000001e0f400016
:109c80001e007800fe00900000804000e1ad2b0037
:109c9000b0f10200010000001e0f40001e0078001d
:109ca000fe009000808040002068810030c40200e7
:109cb000010000001e0f40001e0890006a005000c6
:109cc0009e0f5000d400350060d022001040780074
:109cd000e14f500008003a001e007800fe0090009e
:109ce0000080400011b22b00b0f102000100000022
:109cf0001e0f4000070037001e007800fe00900095
:109d000000804000e1b12b00b0f102000100000032
:109d10001e0f4000d0338000640060000000e000af
:109d2000080032001e007800fe0090000080400015
:109d3000b18d2b00b0f10200010000001e0f4000a9
:109d4000070037001e007800fe00900000804000f1
:109d5000918d2b00b0f10200010000001e0f4000a9
:109d6000d0338000680060000000e000080032008e
:109d70001e007800fe00900000804000b18d2b0096
:109d8000b0f10200010000001e0f40000700370084
:109d90001e007800fe00900000804000918d2b0096
:109da000b0f10200010000001e0f40001e089000ec
:109db0006a0050009e0f5000990035001e00780088
:109dc000fe00900000804000e1ad2b00b0f10200e9
:109dd000010000001e0f4000b17080000e80e800fe
:109de000811f7800c1a02b00811f7800bc040200f5
:109df00000000000e48757001e007800fe0090007d
:109e0000008040008e80e800b0f1020001000000f8
:109e10001e0f40001e0890006a0050009e0f500068
:109e2000810035001e007800fe0090000080400098
:109e3000e1ad2b00b0f10200010000001e0f400058
:109e40001e007800fe009000808040004069810084
:109e500030c40200010000001e0f40001e089000e8
:109e60006a0050009e0f5000710035001e007800ff
:109e7000fe00900000804000e1ad2b00b0f1020038
:109e8000010000001e0f40001e007800fe00900040
:109e9000808040005069810030c402000100000051
:109ea0001e0f40001e0890006a0050009e0f5000d8
:109eb000610035001e007800fe0090000080400028
:109ec000e1ad2b00b0f10200010000001e0f4000c8
:109ed0001e007800fe0090008080400060698100d4
:109ee00030c40200010000001e0f40001e08900058
:109ef0006a0050009e0f5000510035001e0078008f
:109f0000fe00900000804000e1ad2b00b0f10200a7
:109f1000010000001e0f40001e007800fe009000af
:109f200080804000e0d222001040780012c0b300d0
:109f3000fec50200010000001e0f40001e08900038
:109f40006a0050009e0f50003f0035001e00780050
:109f5000fe00900000804000e1ad2b00b0f1020057
:109f6000010000001e0f40001e007800fe0090005f
:109f70008080400030d720001040780022c0b3001d
:109f8000fec50200010000001e0f40001e089000e8
:109f90006a0050009e0f50002d0035001e00780012
:109fa000fe00900000804000e1ad2b00b0f1020007
:109fb000010000001e0f40001e007800fe0090000f
:109fc0008080400020d720001040780022c0b300dd
:109fd000fec50200010000001e0f40001d003700fa
:109fe000000000001b0037000000000019003700cf
:109ff00000000000170037000000000015003700c7
:10a0000000000000130037000000000011003700be
:10a01000000000000f003700000000000d003700b6
:10a02000000000000b0037000000000009003700ae
:10a0300000000000070037000000000005003700a6
:10a04000000000000300370000000000010037009e
:10a05000000000000080fa00000006000600fa0080
:10a0600010079800210798000040eb00004f78008f
:10a070001e0090009040780040c2b30080cf500096
:10a0800003003a0010c0b300104798000c003700de
:10a090000040eb0010479800090037001e40900078
:10a0a0000080fb009e00900000804000104078007f
:10a0b0001e4f68001e4090000040e80010479800c6
:10a0c0001e4090000080fb009e0090000080400039
:10a0d000104078000004e000080032001e409000ac
:10a0e0000080fb009e0090000080400090407800bf
:10a0f000a0c2b30080cf5000e8ff3a002e009000cd
:10a100000000e0000f0032001e4090000080fb00c5
:10a110009e0090000080400090407800a0c2b300f4
:10a1200080cf500004003a002e0090009e40900026
:10a1300001487800030037002e0090008040eb00bb
:10a14000014878001e4078000080fa0000000600f8
:10a150000800fa00300798000040eb00004f78003c
:10a1600065004700800078003e009000bbff0700bc
:10a17000104798005e4090000004e0002300320089
:10a180000e80e800800078001e40900084c7020026
:10a19000010000000040eb00404798005e40900046
:10a1a0000040e800504798002e4090008000fb00df
:10a1b0005e4090000080fb003e01900000004100e6
:10a1c000104078000080fb00808f50000f003a00a4
:10a1d0005e4090000040e800504798003e409000ec
:10a1e0008000fb005e4090000080fb003e0190007c
:10a1f00000004100104078000080fb00808f50007c
:10a2000002003a0010c0b300004f78001e407800f2
:10a210000080fa00000006000200fa00004f7800fb
:10a22000e0d82000104078000080fb00640060004f
:10a230000000e0002300320040d2220010407800ed
:10a240008080fb0000022000008060000000e00031
:10a2500016003a0070f6020001000000003f2c00da
:10a260000cf602000100000032c0b300c1c820009b
:10a270001e407800fec5020001000000c0c820009a
:10a280000cf602000100000030402c000cf6020029
:10a290000100000040d22200104078008040780089
:10a2a0000154a00040d2220001487800c0b722002b
:10a2b0009040780080b822000148780010c0b300b8
:10a2c000010037000040eb000080fa0000000600ab
:10a2d0000800fa00100798002107980062479800cc
:10a2e000734798000040eb00004f78002e0190006b
:10a2f0006000b8000089be001f0037006e4090006b
:10a300009e40780080cf50001a0031002e0090004f
:10a310001000be006a09b900020178006002b900ad
:10a320008401780003014100a30020000300b8006d
:10a3300001014100820078002e0190000089be00da
:10a340002e0090001001be001e80fb009e009000b9
:10a3500000804000104078000000fb000003b100c6
:10a36000cf80de0002004000838048002e01900074
:10a370000089be001e4fe8001e80fb009e0090007a
:10a380000080400090407800f0c2b30080cf5000c1
:10a39000070034001e80fb009e00900000804000fb
:10a3a0009040780090c3b30080cf5000d3ff3400ba
:10a3b0009e407800114798000e0037002e00900054
:10a3c0001000be006a09b900020178006002b900fd
:10a3d0008401780003014100a30020000300b800bd
:10a3e00001014100820078002e0190000089be002a
:10a3f0001e4fe8007e4090009e40780080cf5000c5
:10a40000eeff39001e4090000080fa0000000600b8
:10a410000800fa0020079800310798002e009000ed
:10a42000be00900042062000030020004804020005
:10a4300000000000008fbe009e009000c0032000be
:10a440000088b900000178001e0078006000b900a3
:10a4500000007800000141009e007800c003200049
:10a460000008b8000101410082007800008fbe00a2
:10a47000008fbe002e009000be009000420620001b
:10a480000300200068040200000000001e0f4000ce
:10a490005e9748001e00be000080fa000000060023
:10a4a0000800fa00008fbe002207980033079800ca
:10a4b0002e009000be0090001e01be00800f5100d3
:10a4c000818f5900060036002e009000be009000db
:10a4d0003e011000ae8118000200be0005003700ea
:10a4e0002e009000be0090003e015000ae8158004a
:10a4f0000200be000080fa00000006001200fa0010
:10a50000889fbe0040479800320798004307980094
:10a51000540798006507980076079800070f980081
:10a520006000b800008fbe004e4090000004e000c4
:10a53000620032003e019000ce0190005e0090006b
:10a54000ee009000800f5100818f59000a003a0000
:10a550006000b800e05a8900f15a89007e0190003d
:10a560008e0990003eb89700ceb89700ccff070048
:10a57000008fbe00740037003e019000ce019000b5
:10a580005e009000ee009000800f5100818f590016
:10a590001c0036003e009000ce0090009cff07009b
:10a5a0000004be005e009000ee00900098ff0700df
:10a5b0000000540081805c00e05a8900f15a890053
:10a5c000e05a8100f15a810061005000e08058009b
:10a5d000e05a8900f15a89007e0190008e099000ae
:10a5e0003eb89700ceb89700000151008181590014
:10a5f000006a280011002000001f41000197490057
:10a600001b0037005e009000ee00900080ff070006
:10a610000004be003e009000ce0090007cff0700ca
:10a620000000540081805c00e05a8900f15a8900e2
:10a63000e05a8100f15a810061005000e08058002a
:10a64000e05a8900f15a89003eb99700ceb99700c7
:10a650007e0090008e089000000151008181590019
:10a66000006a280011002000001f410001974900e6
:10a67000e05a8100f15a8100026a28000289b9007b
:10a68000020178006102b9008401780003014100f1
:10a69000036a28000300b80001014100820078002d
:10a6a000e05a8900f15a8900e05a8100f15a81008c
:10a6b0001e0f40005e974800230037003e009000c8
:10a6c000ce00900052ff07000004be005e00900024
:10a6d000ee0090004eff070008004000898048000f
:10a6e000e05a8900f15a89003eb99700ceb9970027
:10a6f0007e0090008e089000001f410001974900e5
:10a70000e05a8100f15a8100026a28000289b900ea
:10a71000020178006102b900840178000301410060
:10a72000036a28000300b80001014100820078009c
:10a73000e05a8900f15a8900e05a8100f15a8100fb
:10a740001e0f40005e9748001e00be004f04be0072
:10a750000080fa00000006004800fa00889fbe0052
:10a76000302798006000b8002059890031598900cd
:10a770006000b80060598900715989006000b80014
:10a7800040598900515989006000b80080598900fa
:10a79000915989000000eb002007980040d2220068
:10a7a00010407800804078000134a00040d22200a0
:10a7b00001487800be209000110798000300370080
:10a7c0001e0090000000e800100798001e00900096
:10a7d000104078000004e0000a0032001e009000e3
:10a7e0009040780000c2b30080cf500005003200d6
:10a7f0001e00900090407800c0c2b30080cf50008f
:10a80000efff3a001e0090009040780000c2b300b5
:10a8100080cf500026003a001e0090000000e800a3
:10a82000100798000040eb00004f78000a00370046
:10a830001e80fb009e00900091407800014178004e
:10a8400061b32200827078001e0090000000e800d2
:10a85000100798001e4fe8001e407800e54f50009a
:10a860000f003e001e0090009040780000c2b30030
:10a8700080cf50000a0032001e0090009040780007
:10a88000c0c2b30080cf5000050032001e0090000f
:10a8900090407800e0c2b30080cf5000e4ff3a005f
:10a8a0001e80fb0061b322000041eb008270780043
:10a8b0001e00900090407800e0c2b30080cf5000ae
:10a8c0000d003a00030037001e0090000000e80071
:10a8d000100798001e009000104078000004e0006f
:10a8e000050032001e00900090407800c0c2b30006
:10a8f00080cf5000f4ff3a001e0090009040780096
:10a90000c0c2b30080cf5000d1033a001e009000b7
:10a910000000e800100798008041eb0052c0b3002f
:10a9200041b222001e00900069fe070003003700bc
:10a930001e0090000000e800100798001e00900024
:10a94000104078000004e0000a0032001e00900071
:10a9500090407800e0c2b30080cf50000500320084
:10a960001e00900090407800c0c2b30080cf50001d
:10a97000efff3a001e00900090407800e0c2b30064
:10a9800080cf500024003a001e0090000000e80034
:10a990001007980043c0b30042c0b300c1b2220008
:10a9a0001e0090004afe0700004f78001e4078000d
:10a9b0000004e0000e0032001e80fb009e009000ac
:10a9c00000804000100798001e00900010407800a2
:10a9d0008040780050b3220001487800050037001d
:10a9e0001e0090000000e8001007980001003700ea
:10a9f000000000001e009000104078000004e000fd
:10aa0000050032001e00900090407800c0c2b300e4
:10aa100080cf5000f2ff3a001e0090009040780076
:10aa2000c0c2b30080cf50008b033a001e009000dc
:10aa30000000e800100798008041eb0052c0b3000e
:10aa400081b222001e00900021fe070003003700a3
:10aa50001e0090000000e800100798001e00900003
:10aa6000104078000004e0000a0032001e00900050
:10aa700090407800e0c2b30080cf50000500320063
:10aa80001e00900090407800c0c2b30080cf5000fc
:10aa9000efff3a001e00900090407800e0c2b30043
:10aaa00080cf500024003a001e0090000000e80013
:10aab0001007980043c0b30042c0b30001b32200a6
:10aac0001e00900002fe0700004f78001e40780034
:10aad0000004e0000e0032001e80fb009e0090008b
:10aae00000804000100798001e0090001040780081
:10aaf0008040780040b3220001487800050037000c
:10ab00001e0090000000e8001007980001003700c8
:10ab1000000000001e009000104078000004e000db
:10ab2000050032001e00900090407800c0c2b300c3
:10ab300080cf5000f2ff3a001e0090009040780055
:10ab4000c0c2b30080cf500045033a001e00900001
:10ab50000000e80010079800030037001e00900076
:10ab60000000e800100798001e00900010407800d8
:10ab70000004e000050032001e00900090407800c4
:10ab8000c0c2b30080cf5000f4ff3a001e00900016
:10ab900090407800c0c2b30080cf500032033a002a
:10aba0001e0090000000e800100798000000eb0075
:10abb000200798000e0037002e0090006a00b900b0
:10abc00000007800200798001e00900010407800d8
:10abd0000000fb000003b100ae00900000804000c8
:10abe000200798001e0090000000e8001007980061
:10abf0001e009000104078000004e0000a003200bf
:10ac00001e00900090407800c0c2b30080cf50007a
:10ac1000050032001e00900090407800e0c2b300b2
:10ac200080cf5000e4ff3a001e0090009040780072
:10ac3000e0c2b30080cf500010003a001e00900028
:10ac40000000e80010079800030037001e00900085
:10ac50000000e800100798001e00900010407800e7
:10ac60000004e000050032001e00900090407800d3
:10ac7000c0c2b30080cf5000f4ff3a001e00900025
:10ac800090407800c0c2b30080cf5000f8023a0074
:10ac90001e0090000000e800100798000300370035
:10aca0001e0090000000e800100798001e009000b1
:10acb000104078000004e000050032001e00900003
:10acc00090407800c0c2b30080cf5000f4ff3a003b
:10acd0001e00900090407800c0c2b30080cf5000aa
:10ace000e5023a001e0090000000e80010079800fe
:10acf000030037001e0090000000e80010079800d5
:10ad00001e009000104078000004e00005003200b2
:10ad10001e00900090407800c0c2b30080cf500069
:10ad2000f4ff3a001e00900090407800c0c2b300cb
:10ad300080cf5000d2023a001e0090000000e800d0
:10ad400010079800030037001e0090000000e80084
:10ad5000100798001e009000104078000004e000ea
:10ad6000050032001e00900090407800c0c2b30081
:10ad700080cf5000f4ff3a001e0090009040780011
:10ad8000c0c2b30080cf5000bf023a001e00900046
:10ad90000000e80010079800030037001e00900034
:10ada0000000e800100798001e0090001040780096
:10adb0000004e000050032001e0090009040780082
:10adc000c0c2b30080cf5000f4ff3a001e009000d4
:10add00090407800c0c2b30080cf5000ac023a006f
:10ade0001e0090000000e800100798000040eb00f3
:10adf000004f78000a0037001e80fb009e00900084
:10ae00009140780001417800d1b32200827078002f
:10ae10001e0090000000e800100798001e4fe80098
:10ae20001e407800e54f500005003e001e009000d7
:10ae300090407800c0c2b30080cf5000eeff3a00cf
:10ae40001e80fb00d1b322000041eb00827078002d
:10ae50001e00900090407800c0c2b30080cf500028
:10ae60008d023a001e0090000000e80010079800d4
:10ae70000000eb00300798000e0037003e00900005
:10ae80006a00b90000007800300798001e009000aa
:10ae9000104078000000fb000003b100be009000ed
:10aea00000804000300798001e0090000000e8007d
:10aeb000100798001e009000104078000004e00089
:10aec000050032001e00900090407800c0c2b30020
:10aed00080cf5000e9ff3a00a0fd20008040eb0049
:10aee0000148780040d22200104078000080fb002a
:10aef00061006000004078000004e0000c003200b7
:10af000040d2220010407800804078000104a10067
:10af100040d222000148780090b822008040eb0027
:10af200001487800e0b722008040eb00014878003b
:10af30002059810031598100e00f5000e08f580006
:10af4000570232006059810071598100e00f5000b2
:10af5000e08f58005402320040d2220010407800a6
:10af6000804078000134a10040d2220001487800de
:10af700090b8220010407800e44f50000b003e00d3
:10af800040d22200104078008080fb0000022000a8
:10af9000008060000000e00004003200d0b7220012
:10afa0009040780080b8220001487800e0b7220085
:10afb000104078008040e800e0b7220001487800a7
:10afc000e0b7220010407800e14f50000e0036003c
:10afd00090b8220090407800d0b72200104078004e
:10afe00080cf50000500310090b82200104078005a
:10aff0008040e80090b8220001487800e0b72200c5
:10b000008040eb000148780090b822009040780022
:10b01000d0b722001040780080cf50009601390050
:10b02000400521009040780060b822000148780077
:10b03000200521009040780040b8220001487800a7
:10b04000100521009040780030b8220001487800b7
:10b05000e00421009040780000b822000148780008
:10b06000f00421009040780010b8220001487800d8
:10b07000000521009040780020b8220001487800a7
:10b080002059810031598100405b8900515b890062
:10b090006059810071598100805b8900915b890052
:10b0a00050b3220090407800902821000148780099
:10b0b0004059810051598100605b8900715b8900b2
:10b0c0008059810091598100a05b8900b15b8900a2
:10b0d00040b3220090407800802821000148780089
:10b0e0003e0090008040780080b722000148780040
:10b0f0002e009000d05b890040d222009040780062
:10b10000f0ccb30080c0600040d22200014878003b
:10b1100040d22200104078000080fb0062006000f6
:10b120000000e0000e00320040d222001040780003
:10b13000804078000114a10040d22200014878002c
:10b1400040d222008040eb000148780070f60200f7
:10b150000100000050402c000cf60200010000002d
:10b1600040b42200104078000004e0008800320063
:10b1700040b4220010407800e24f500014003a0022
:10b180002259810033598100100020000100200065
:10b19000800f5100818f590007003600205981002f
:10b1a0003159810061005000e08058002059890029
:10b1b000315989000600370020598100315981003a
:10b1c00061004000e0804800205989003159890021
:10b1d00070f602000100000080412c000cf6020015
:10b1e0000100000040b2220085d12200a4d122003b
:10b1f0008001780042c0b300912d200000cab30046
:10b2000044ae020001000000c0b2220085d122003d
:10b21000a4d122008001780042c0b300d12d2000cb
:10b2200000cab30044ae02000100000085d1220034
:10b23000a4d1220053b3220012c0b300112e20006b
:10b2400000cab30044ae02000100000080b2220038
:10b2500085d12200a4d122008001780042c0b30031
:10b26000212e200000cab30044ae020001000000fd
:10b2700000b3220085d12200a4d1220080017800f1
:10b2800042c0b300612e200000cab30044ae0200e9
:10b290000100000085d12200a4d1220043b3220086
:10b2a00012c0b300a12e200000cab30044ae0200b9
:10b2b0000100000060b4220085d12200a4d1220048
:10b2c0008001780042c0b300912d200000cab30075
:10b2d00054af020001000000e0b4220085d122003a
:10b2e000a4d122008001780042c0b300d12d2000fb
:10b2f00000cab30054af02000100000085d1220053
:10b30000a4d1220073b5220012c0b300112e200078
:10b3100000cab30054af020001000000a0b4220034
:10b3200085d12200a4d122008001780042c0b30060
:10b33000212e200000cab30054af0200010000001b
:10b3400020b5220085d12200a4d1220080017800fe
:10b3500042c0b300612e200000cab30054af020007
:10b360000100000085d12200a4d1220063b5220093
:10b3700012c0b300a12e200000cab30054af0200d7
:10b380000100000040b422008040eb00014878003a
:10b39000305a8100415a8100e00f5000e08f580080
:10b3a000b5003200505a8100615a8100e00f500010
:10b3b000e08f5800b000320050b422008040eb0013
:10b3c00001487800985a8100a95a81008659810065
:10b3d00097598100545a8100655a81004259810071
:10b3e0005359810040b322009040780060b522009c
:10b3f0001040780000c068000080fb000000e900f9
:10b400004f00de0000407800889fbe003bfc070034
:10b41000e4875700c05a8900d15a890040d22200df
:10b4200010407800804078000164a10040d22200e2
:10b4300001487800c25a8100d35a8100205b810004
:10b44000315b8100800f5100818f5900140036005c
:10b4500050b4220011c0b30001487800205b810085
:10b46000315b81004209dd00ce01de008301710005
:10b470004201dd00c05a8100d15a8100800f510085
:10b48000818f59000600360040d22200104078001b
:10b49000804078000164a00040d22200014878007a
:10b4a000785a8100895a8100665981007759810054
:10b4b000345a8100455a8100225981003359810054
:10b4c00050b322009040780070b522001040780000
:10b4d00000c068000080fb000000e9004f00de00b3
:10b4e00000407800889fbe0004fc0700e4875700f6
:10b4f000c05a8900d15a8900c25a8100d35a8100aa
:10b50000005b8100115b8100800f5100818f590029
:10b510001700360050b422001040780080407800b8
:10b520000114a00050b4220001487800005b8100a3
:10b53000115b81004209dd00ce01de008301710054
:10b540004201dd00c05a8100d15a8100800f5100b4
:10b55000818f59000600360040d22200104078004a
:10b56000804078000164a00040d2220001487800a9
:10b5700050b42200104078000004e0003600320091
:10b5800070b82200104078000004e00015003a0076
:10b5900040d22200104078008080fb000004200090
:10b5a000008060000000e0000e00320070b8220051
:10b5b00011c0b3000148780090b822008040eb0031
:10b5c0000148780030c8b30013fb070070f6020092
:10b5d0000100000070422c000cf602000100000087
:10b5e0002500370070b8220011c0b3000148780070
:10b5f00040d22200104078000080fb006400600010
:10b600000000e0001b003a00109b80000000e000fa
:10b610000a003a00409b80000000e00007003a006a
:10b62000509a8000e10f500004003e0011c0b300aa
:10b6300010c0b3009af802000100000040d22200be
:10b6400010407800804078000124a00040d2220001
:10b65000014878000800370040d2220010407800ee
:10b66000804078000124a10040d2220001487800e7
:10b670000100370000000000e0d8200010407800f2
:10b680000080fb00680060000000e00088003200dd
:10b6900070f602000100000050b322001040780054
:10b6a0008082fb006259810073598100205981001a
:10b6b0003159810068024700851f7800829fbe00d3
:10b6c000809fbe0030442c00801f7800040078006a
:10b6d000a204020000000000ec8757006800470049
:10b6e0000cf602000100000040b322001040780078
:10b6f0008082fb008259810093598100405981006a
:10b700005159810068024700851f7800829fbe0062
:10b71000809fbe0080452c00801f780004007800c8
:10b72000a204020000000000ec87570068004700f8
:10b730000cf602000100000068004700ae00900017
:10b74000811f780091462c00811f7800a20402001e
:10b7500000000000e4875700680047000cf6020074
:10b760000100000068004700be009000811f7800c3
:10b7700041472c00811f7800a20402000000000055
:10b78000e4875700680047000cf602000100000043
:10b790006800470061b32200811f7800d1b3220006
:10b7a000811f780011482c00811f7800a20402003c
:10b7b00000000000e6875700680047000cf6020012
:10b7c00001000000d0b72200104078000081fb008b
:10b7d00090b82200104078008080fb00680047008d
:10b7e000821f7800811f7800d1482c00811f7800cb
:10b7f000a204020000000000e6875700680047002e
:10b800000cf602000100000040d222001040780037
:10b810000081fb0040d22200104078008080fb00b5
:10b8200068004700821f7800811f7800f1492c00d2
:10b83000811f7800a204020000000000e687570084
:10b84000680047000cf602000100000019003700f4
:10b85000000000001700370000000000150037004e
:10b860000000000013003700000000001100370046
:10b87000000000000f003700000000000d0037003e
:10b88000000000000b003700000000000900370036
:10b89000000000000700370000000000050037002e
:10b8a0000000000003003700000000000100370026
:10b8b000000000004f04be000080fa0000000600f7
:10b8c0000200fa0010c0b300004f780070f60200ca
:10b8d000010000000040eb00004f7800e0d820009d
:10b8e000104078000080fb00700060000000e00065
:10b8f00026003a0040d22200104078000080fb0071
:10b90000640060000000e0000700320040d2220026
:10b91000104078000080fb0061006000004078006b
:10b920000004e00012003200f04a2c000cf6020085
:10b930000100000090fd20008040eb0001487800ed
:10b9400040d222001040780080407800a140b3002f
:10b9500040d222000148780090b822008040eb00dd
:10b960000148780010c0b300004f78000d00370088
:10b97000b04b2c000cf602000100000090fd2000ee
:10b9800011c0b3000148780006003700504d2c006c
:10b990000cf602000100000090fd200011c0b30071
:10b9a00001487800304f2c000cf602000100000026
:10b9b00040d222001040780032c0b300c1c820003d
:10b9c000fec5020001000000c0c820000cf6020005
:10b9d0000100000030402c000cf6020001000000c5
:10b9e00040002000b09a8800813e2000b0c0b30023
:10b9f000a47a0200010000001e4078000080fa00d6
:10ba0000000006000200fa00b09a8000e20f500029
:10ba1000b7003200e20f500005003e000000e000d9
:10ba200008003200e10f50002800320031013700d9
:10ba3000e30f5000b8003200e40f5000060132005e
:10ba40002c0137006000b800205989003159890065
:10ba50006000b80060598900715989006000b80021
:10ba600040598900515989006000b8008059890007
:10ba70009159890040b32200f1c3b3000148780016
:10ba800050b32200f1c3b3000148780040c8b300ae
:10ba9000e1f9070040d22200104078008040780091
:10baa000a140b30040d222000148780090b82200a3
:10bab0008040eb0001487800a0fd20008040eb00b2
:10bac0000148780010002000b09a8800e0d82000db
:10bad000104078000080fb00640060000000e0007f
:10bae0007500320090fd200011c0b30001487800bd
:10baf000a0fd20008040eb0001487800e0b7220064
:10bb00008040eb000148780040b422008040eb0008
:10bb10000148780000b6220085d12200a4d122007d
:10bb20008001780042c0b300112d200000cab3008c
:10bb300054af02000100000040b6220085d122006f
:10bb4000a4d122008001780042c0b300512d200012
:10bb500000cab30054af02000100000060b422002c
:10bb600085d12200a4d122008001780042c0b30018
:10bb7000912d200000cab30054af02000100000064
:10bb8000e0b4220085d12200a4d1220080017800f7
:10bb900042c0b300d12d200000cab30054af020050
:10bba0000100000085d12200a4d1220073b522003b
:10bbb00012c0b300112e200000cab30054af02001f
:10bbc00001000000a0b4220085d12200a4d12200ef
:10bbd0008001780042c0b300212e200000cab300cb
:10bbe00054af02000100000020b5220085d12200e0
:10bbf000a4d122008001780042c0b300612e200051
:10bc000000cab30054af02000100000085d1220039
:10bc1000a4d1220063b5220012c0b300a12e2000df
:10bc200000cab30054af02000100000070b522004a
:10bc300010407800e14f400012003a006000b80068
:10bc4000305a8900415a89006000b800705a890052
:10bc5000815a89006000b800505a8900615a8900f1
:10bc60006000b800905a8900a15a890070b522007e
:10bc7000f1c3b3000148780060b52200f1c3b300fe
:10bc80000148780040d222001040780080407800bf
:10bc90000174a10040d22200014878002000200059
:10bca000b09a8800813e2000b0c0b300a47a0200a0
:10bcb0000100000095003700813e2000b0c0b300b5
:10bcc000a47a02000100000090fd20008040eb00fb
:10bcd0000148780040d2220001c8b3000148780032
:10bce00080b822008040eb000148780087003700d0
:10bcf00090fd200011c0b300014878003000200002
:10bd0000b09a8800c15d2000b0c0b300a47a0200e0
:10bd1000010000007d00370090fd200011c0b3003d
:10bd20000148780080fd20009040780090fd2000c0
:10bd30001040780080cf500027003200411f2000c3
:10bd4000b0c0b300a47a020001000000a0fd2000f2
:10bd500010407800e14f400009003200d198800087
:10bd600080022000808f500005003600a0fd2000da
:10bd7000104078008040e800a0fd200001487800d5
:10bd8000a0fd200010407800f34f50001200360054
:10bd900040d22200104078000080fb00610060006b
:10bda0000000e0000c003a0040d222001040780071
:10bdb000804078003140b30040d222000148780032
:10bdc00090b822008040eb0001487800e0b72200e4
:10bdd0008040eb0001487800e0d820001040780057
:10bde0000080fb00640060000000e00044003a00b6
:10bdf00010002000b09a880090fd20008040eb00e9
:10be0000014878008fc6a900411f2000b0c0b300d0
:10be1000a47a02000100000040d222001040780005
:10be2000804078000114a00040d222000148780030
:10be300090b822008040eb000148780040d22200f8
:10be400090407800b0cbb30080c0600040d22200a8
:10be5000014878002d0037000040eb00004f7800cb
:10be6000e0d82000104078000080fb0070006000e7
:10be70000000e00010003a0040d22200104078009c
:10be80000080fb00640060000000e000070032005a
:10be900040d22200104078000080fb00610060006a
:10bea000004078000004e0000300320090fd200014
:10beb0008040eb0001487800d09b8000ed0f5000df
:10bec00011003200e0d82000104078000080fb0014
:10bed000700060000000e00003003a000000eb008a
:10bee000b09a88000900370010002000b09a88003e
:10bef000060037000000eb00b09a8800030037000e
:10bf0000000000000100370000000000e0ae220049
:10bf1000104078000004e00004003a0090b02200d5
:10bf2000104078000004e0009a00320040d2220065
:10bf3000104078008080fb0000022000008060003c
:10bf40000000e0000d003200e0d820001040780032
:10bf50000080fb00640060000000e0000700320089
:10bf600040d22200104078000080fb006100600099
:10bf7000004078000004e00086003200e0ae2200bd
:10bf8000104078000004e0004300320020498100a6
:10bf9000610060000000e0003f003a0070f602001f
:10bfa0000100000040d22200104078000080fb0019
:10bfb000801f7800e0ae2200801f7800804f2c00a8
:10bfc000801f7800c0c82000a2040200000000000a
:10bfd000e6875700c0c820000cf6020001000000f0
:10bfe00080b02200104078000004e0000c00320015
:10bff00071512c00c0c82000b0f102000100000007
:10c00000e1ae2200c0c82000e8bc02000000000031
:10c0100080b022008040eb00014878000800370023
:10c02000e1512c00c0c82000b0f102000100000066
:10c03000e1ae2200c0c8200022b6020000000000cd
:10c040000041eb00f1b32000e0ae2200b8d10200c5
:10c0500000000000f0b320008040eb0001487800b1
:10c06000e0ae22008040eb000148780090b0220052
:10c07000104078000004e0000400320080b8220084
:10c08000f1c0b300014878000300370080b82200f7
:10c0900031c0b3000148780090b022001040780011
:10c0a0000004e0003b003200204981006100600094
:10c0b0000000e00037003a0070f6020001000000c6
:10c0c00040d22200104078000080fb00801f7800e2
:10c0d00090b02200801f780020522c00801f780032
:10c0e000c0c82000a204020000000000e68757003c
:10c0f000c0c820000cf602000100000030b222008f
:10c10000104078000004e0000c00320071512c0057
:10c11000c0c82000b0f102000100000091b0220070
:10c12000c0c82000e8bc02000000000030b22200bd
:10c130008040eb000148780008003700e1512c00f6
:10c14000c0c82000b0f102000100000091b0220040
:10c15000c0c8200022b60200000000000041eb0031
:10c16000f1b3200090b02200b8d10200000000001e
:10c17000f0b320008040eb000148780090b022002e
:10c180008040eb000148780080b8220031c0b30045
:10c19000014878000080fa00000006001600fa004e
:10c1a0000e80e80021542c00b0f1020001000000d4
:10c1b000000f78001e0078008e80e80000804000ac
:10c1c000a83b0200010000000080fb001e0f4000a1
:10c1d0001e0078008e80e80000804000b1542c00e2
:10c1e000b0f10200010000001e0f40000e80e800c8
:10c1f0000cf60200010000000080fa0000000600ba
:10c200000200fa00e00421006eb10200010000000b
:10c2100030012000000f78001e0078000000e900c7
:10c22000c200dd0060ff2000808040001e0078001a
:10c230004201dd0060ff20000000410042002000bc
:10c24000e4040200000000001e0fe9001e00780058
:10c250000000e000f0ff3c001005210010407800d5
:10c260008040780090ff200001487800e004210021
:10c27000104078008040780060ff2000014878007e
:10c28000f0042100104078008040780070ff20000a
:10c2900001487800000521001040780080407800b7
:10c2a00080ff2000014878000080fa0000000600ae
:10c2b0006800fa00509a80008000eb00a20c200079
:10c2c00003002000820f5000838f5800b3063e0009
:10c2d00000600100ca0037000e013700ce013700b0
:10c2e000040237006a023700ac063700ab0637009d
:10c2f000aa063700a9063700a8063700d60237007d
:10c30000510337005f033700c303370001043700d0
:10c31000c8043700fb043700a006370008053700c3
:10c320002b05370039053700770537008f053700b3
:10c3300097053700990637009806370097063700ab
:10c3400096063700950637009406370093063700a7
:10c350009206370091063700900637008f063700a7
:10c36000400237008d0637008c0637008b063700f9
:10c370008a063700890637008806370087063700a7
:10c3800086063700850637008406370083063700a7
:10c390008206370081063700800637007f063700a7
:10c3a0007e0637007d0637007c0637007b063700a7
:10c3b0007a063700790637007806370077063700a7
:10c3c00076063700750637007406370073063700a7
:10c3d0007206370071063700700637006f063700a7
:10c3e0006e0637006d0637006c0637006b063700a7
:10c3f0006a063700690637006806370067063700a7
:10c4000066063700650637006406370063063700a6
:10c410006206370061063700600637005f063700a6
:10c420005e0637005d0637005c0637005b063700a6
:10c430005a06370059063700580637006705370097
:10c4400056063700550637005406370053063700a6
:10c450005206370051063700500637004f063700a6
:10c460004e0637007d053700ae053700bc053700a6
:10c47000fe05370037063700480637004706370005
:10c48000460637004206370044063700a702370049
:10c49000d102370041063700400637003f0637001b
:10c4a000d40337000a043700180437004f0437005c
:10c4b0003a063700390637003806370037063700a6
:10c4c00036063700350637003406370033063700a6
:10c4d0003206370031063700300637002f063700a6
:10c4e0002e0637002d0637002c0637002b063700a6
:10c4f0002a063700290637002806370027063700a6
:10c5000026063700250637002406370023063700a5
:10c510002206370021063700200637001f063700a5
:10c520001e0637001d0637001c0637001b063700a5
:10c530001a063700190637001806370017063700a5
:10c5400016063700150637001406370013063700a5
:10c550001206370011063700100637000f063700a5
:10c560000e0637000d0637000c0637000b063700a5
:10c570000a063700090637000806370007063700a5
:10c5800006063700050637000406370003063700a5
:10c59000020637000106370000063700ff053700a6
:10c5a000fe053700fd053700fc053700fb053700a9
:10c5b000fa053700f9053700f8053700f7053700a9
:10c5c000f6053700f5053700f4053700f3053700a9
:10c5d000f2053700f1053700f0053700ef053700a9
:10c5e000ee053700ed053700ec053700eb053700a9
:10c5f000ea053700e90537001d0237002902370038
:10c60000c0dc200085d12200a4d122008001780066
:10c6100022c0b300b101200000cab30054af020031
:10c6200001000000e0dc20008040eb0001487800c1
:10c63000c08222008040eb0001487800d0822200b6
:10c640008040eb000148780070f602000100000015
:10c65000d0542c000cf6020001000000c0dc2000c9
:10c66000104078000041eb00c1c82000fec5020068
:10c6700001000000c0c820000cf60200010000000c
:10c68000a0552c000cf6020001000000d0dc2000b8
:10c69000104078000041eb00c1c82000fec5020038
:10c6a00001000000c0c820000cf6020001000000dc
:10c6b000b0542c000cf6020001000000900521008f
:10c6c000104078000004e0000b003a00a0052100b3
:10c6d000104078000004e00007003a00c005210087
:10c6e000104078000004e00003003a0060052100db
:10c6f0006eb10200010000006005210010407800ca
:10c700008040780050852200014878001000200009
:10c71000509a8800e00421006eb102000100000080
:10c7200050852200104078008080fb00e00421004a
:10c73000104078000000fb00808f50000b0032009a
:10c74000e0042100104078008040780050852200ed
:10c7500001487800a0978000e10f400003003200fc
:10c76000a09780000000e800a0978800e004210066
:10c7700010407800e14f500039003c004085220015
:10c78000104078000004e00038003a00a01b2200ae
:10c7900090407800b01b220001487800a01b2200c6
:10c7a0008040eb0001487800409e220090407800d5
:10c7b000509e220001487800409e22008040eb00fd
:10c7c00001487800609e220090407800709e220010
:10c7d00001487800609e22008040eb00014878000c
:10c7e000809e220090407800909e220001487800b0
:10c7f000809e22008040eb0001487800a2012000ca
:10c80000212b2100c02c2100e404020000000000c4
:10c81000a20120008000eb00202b2100f204020086
:10c8200000000000f0ff270020968800802c2100e7
:10c83000a1c5b30001487800902c2100a1c5b30028
:10c8400001487800a02c2100a1c5b3000148780060
:10c850004085220011c0b300014878000300370072
:10c86000408522008040eb0001487800002b210029
:10c87000104078000080fb00620060000000e000d3
:10c880001e003200d0dc2000104078000002fb00c7
:10c89000c0dc2000104078008001fb00f004210083
:10c8a000104078000001fb00e004210010407800f7
:10c8b0008000fb000e80e800841f7800831f780052
:10c8c000821f7800811f7800c1552c00811f7800dd
:10c8d00091562c00811f7800410620006e04020052
:10c8e00000000000ec8757000040eb0060e7980074
:10c8f0000e80e8000cf6020001000000e0042100b8
:10c9000090407800c0dc20001040780080cf5000bc
:10c910001e003a00f004210090407800d0dc200096
:10c920001040780080cf500018003500f00421003e
:10c93000104078008000fb00d0dc20001040780020
:10c940000000fb0063004000808f50000f003c009f
:10c95000c0822200104078000004e0001e003a006f
:10c96000e0dc20008040eb000148780070f6020017
:10c970000100000080582c000cf6020001000000ad
:10c9800020002000509a880013003700c082220047
:10c99000104078000004e0000f003200c082220046
:10c9a0008040eb0001487800e0d82000104078007b
:10c9b0000004e00008003d00a00d22009040780037
:10c9c00050c3b30080cf500003003a0010ad2200e6
:10c9d00021c0b30001487800e0dc2000104078005e
:10c9e0000080fb00630060000000e00002003200f5
:10c9f00020002000509a8800509a8000e10f5000db
:10ca0000ee043a00017d200090c0b300a47a020039
:10ca1000010000002205370080bb21001040780093
:10ca2000e14f50002e003a00d02a2100104078003b
:10ca30000004e0002a003a00409b80000000e00073
:10ca400027003a00109b80000000e00024003a001c
:10ca5000709b80000000e00021003a0050d72000c9
:10ca6000104078000004e0001d003a0050d820007b
:10ca7000104078000004e00019003a0040c5b300ff
:10ca800094d6020001000000108120008040eb00dd
:10ca900001487800c082220011c0b300014878002c
:10caa00090d5200011c0b30001487800f08020002c
:10cab00001c6b3000148780040c5b300f04702004a
:10cac00001000000004f8100114f810040418900aa
:10cad0005141890030002000509a8800f00437004e
:10cae000813e200090c0b300a47a02000100000043
:10caf000eb04370080bb210010407800e14f50006c
:10cb000046003a00409b80000000e00043003a00ed
:10cb1000109b80000000e00040003a00709b800005
:10cb20000000e0003d003a0050d72000104078009f
:10cb30000004e00039003a0050d82000104078008e
:10cb40000004e00035003a00801f22001000780049
:10cb5000610060000000e00030003a00801f220009
:10cb600010007800620060000000e0002b0032003e
:10cb7000801f2200f040900040c5b30080cf5000dd
:10cb800026003a0040c5b300f04702000100000053
:10cb9000d0592c000cf602000100000090d52000b6
:10cba00011c0b3000148780000dd200011c0b300bf
:10cbb0000148780010dd20008040eb00014878003b
:10cbc000c05d2000906e8800e08422008040eb0071
:10cbd00001487800f08422008040eb000148780092
:10cbe000106d800090428900e0dc20001040780049
:10cbf0000080fb00680060000000e00001003200df
:10cc000066fd070030022000509a8800c0282100ed
:10cc100021c3b30001487800a1043700c15d2000a2
:10cc200090c0b300a47a020001000000801f22001f
:10cc300010007800610060000000e00061043a002c
:10cc4000801f2200f040900040c5b30080cf50000c
:10cc50005e04320040c5b30094d60200010000001b
:10cc60008f04370010dd2000104078000004e00041
:10cc700004003a00c0282100104078000004e000c1
:10cc800054043a0040002000509a88008404370081
:10cc9000e0842200104078008040e800e084220018
:10cca000014878002103200090c0b300a47a02005c
:10ccb00001000000b0358000640060000000e0006a
:10ccc00005003a00d0842200104078008040e8003f
:10ccd000d084220001487800d084220010407800df
:10cce000e94f500004003e00e0d6200010407800dc
:10ccf000e14f50001a003a00d08422008040eb003f
:10cd00000148780070f6020001000000c05a2c00b3
:10cd10000cf6020001000000a0002000509a8800dc
:10cd200011c0b30000022000b24002000100000068
:10cd3000f080200010407800804078000104a000be
:10cd4000f080200001487800f0802000104078003a
:10cd5000804078000164a100f08020000148780044
:10cd6000e084220010407800e64f40001b043600ab
:10cd7000c082220010407800e24f50000c003e00bc
:10cd800070f6020001000000605b2c000cf602004f
:10cd900001000000017d200090c0b300a47a0200d1
:10cda0000100000030002000509a88002400370065
:10cdb000405c2c000cf6020001000000e0d62000d0
:10cdc00010407800e14f500011003a0011c0b3004c
:10cdd00000022000b240020001000000f0802000ac
:10cde00010407800804078000104a000f08020000e
:10cdf00001487800f08020001040780080407800e2
:10ce00000164a100f0802000014878000a0037008a
:10ce100011c0b30000022000e44002000100000045
:10ce2000f080200010407800804078000164a1006c
:10ce3000f080200001487800a0002000509a88006f
:10ce4000c0822200104078008040e800c0822200aa
:10ce50000148780012043700e05c2c000cf6020058
:10ce600001000000900c2000509a88000c0437004c
:10ce7000309980000000e000040032003199800009
:10ce8000900f2000808f5000d6033600a00c2000a9
:10ce9000509a8800c05d2c000cf6020001000000d2
:10cea000ff03370020c5b300f04702000100000077
:10ceb00090d520008040eb0001487800d0c3b3003b
:10cec0000c51020001000000f080200010407800aa
:10ced000804078000174a000f080200001487800b4
:10cee00020ad2200104078000004e000060032006f
:10cef000b05e2c000cf6020001000000e0062000ed
:10cf0000509a880005003700a05f2c000cf6020044
:10cf100001000000f0062000509a8800c02821007f
:10cf200021c3b30001487800dd03370020498100a8
:10cf3000610060000000e00020003a00d0ae220056
:10cf4000104078000004e0000900320090602c00de
:10cf50000cf6020001000000106d800080007800d7
:10cf600020ad2200403b0200010000000c00370011
:10cf700010612c000cf6020001000000c0ae22007f
:10cf80001040780080407800106d800001417800ea
:10cf90008000780020ad22005c3b02000100000010
:10cfa000c20120008000eb0020ad2200f20402004c
:10cfb00000000000f0062000509a8800c0282100e0
:10cfc000104078000004e00088033a00f0062000da
:10cfd000509a8800b2033700e08222008040eb00c4
:10cfe00001487800e0dc2000104078000080fb0061
:10cff000620060000000e00003003200100020002a
:10d00000509a880005003700d0612c000cf6020011
:10d0100001000000c0002000509a8800e0dc2000e1
:10d02000104078000080fb00680060000000e00015
:10d030000100320059fc0700e0dc20008040eb00da
:10d040000148780096033700e08222001040780003
:10d050008040e800e082220001487800e08222005f
:10d0600010407800e94f50000300360020012000f6
:10d07000509a88008a033700c0002000509a880028
:10d0800087033700e0822200104078000080fb0018
:10d0900050428900504281004600dd005042890024
:10d0a000504281001004b00050428900504281007b
:10d0b0000080e80085d12200a4d12200138522003f
:10d0c00012c0b3008000780000cab30054af020061
:10d0d00001000000108522009040780000c8b300d5
:10d0e00080c06000c084220001487800b0002000a9
:10d0f000509a880010852200104078000080fb00c4
:10d10000700060000000e0003a033200920120004d
:10d110008000eb00f0822200f20402000000000018
:10d12000f1822200504281007200400084d122002e
:10d13000a3d12200010178008000780000cab3006a
:10d1400048f0020001000000808422008040eb00d3
:10d1500001487800f0822200104078000004e000ce
:10d1600026033200f0822200a2f202000100000039
:10d170000000e00023033200c028210021c3b300d7
:10d1800001487800116d800090428100808f50002e
:10d190000b003200116d800090428100808f5000a2
:10d1a0001a00320010852200104078008080fb00b9
:10d1b00000042000008060000000e00013003a003e
:10d1c000d0ac2200104078008080fb0030052100a8
:10d1d000104078000000fb000088de006100600065
:10d1e000004078000004e0000800320010c0b300e6
:10d1f0001e350200010000000004e00003003200c0
:10d20000d0002000509a8800250337003007200006
:10d21000509a880022033700f082220010407800e4
:10d220000004e0003200320020498100610060000b
:10d230000000e00030003a00d0ac2200104078003e
:10d240008080fb0030052100104078000000fb00ca
:10d250000088de0061006000004078000004e0000b
:10d260000f003200c0842200104078008040780017
:10d27000106d80000141780080007800f08222006b
:10d280005c3b020001000000e0002000509a880092
:10d29000c028210021c3b3000148780016003700e0
:10d2a000c028210021c3b30001487800d0ac22007f
:10d2b000104078000004e00003003d00300720002b
:10d2c000509a88000c003700c0ac22001040780053
:10d2d0000004e00003003d0050072000509a880041
:10d2e00005003700f0002000509a88000200370047
:10d2f000b0002000509a8800c0282100104078001b
:10d300000004e000c1023a00b0002000509a8800fa
:10d31000e302370020498100614060000080fb008b
:10d32000610060000000e0002b003a00c0282100ee
:10d3300021c3b30001487800c08422001040780067
:10d340000004e0000a003a00f0ac2200104078002f
:10d350008080fb0030052100104078000000fb00b9
:10d360000088de00610060000000e00003003a0079
:10d37000b0002000509a880017003700c028210014
:10d3800021c3b30001487800d0ac220010407800df
:10d390000004e00003003d0030072000509a8800a0
:10d3a00009003700c0ac2200104078000004e00003
:10d3b00003003d0050072000509a8800020037000b
:10d3c000f0002000509a8800813e200090c0b300f9
:10d3d000a47a020001000000c0282100104078005b
:10d3e0000004e0008b023a00b0002000509a880050
:10d3f000ab023700f0822200104078000004e00009
:10d400002a003200d0ac2200104078000004e00076
:10d4100026003d0010c0b3001e35020001000000d0
:10d420000004e0002100320020498100610060001a
:10d430000000e0001f003a0070f60200010000004a
:10d4400090622c000cf6020001000000f082220025
:10d45000923b0200010000000004e00006003200e0
:10d4600040072000509a8800c028210021c3b30043
:10d47000014878000f003700c0ac2200104078004f
:10d480000004e00003003d0050072000509a88008f
:10d4900002003700f0002000509a8800c0282100c8
:10d4a00021c3b30001487800020037005007200074
:10d4b000509a8800c0282100104078000004e00045
:10d4c00056023a0050072000509a88007402370034
:10d4d00020498100614060000080fb006100600025
:10d4e0000000e00002003a0050072000509a880037
:10d4f000c0282100104078000004e00049023a00f2
:10d50000b0002000509a880065023700f0822200a7
:10d51000104078000004e00025003200c0ac22007a
:10d52000104078000004e00021003d0010c0b3006e
:10d530001e350200010000000004e0001c00320063
:10d5400020498100610060000000e0001d003a00f9
:10d5500070f602000100000020632c000cf60200af
:10d5600001000000106d800080007800f082220031
:10d57000403b0200010000000004e0000600320011
:10d5800060072000509a8800c028210021c3b30002
:10d59000014878000b003700f0002000509a880006
:10d5a000c028210021c3b3000148780005003700de
:10d5b000f0002000509a8800c028210021c3b30049
:10d5c00001487800c0282100104078000004e000e5
:10d5d00016023a00f0002000509a8800c02821006e
:10d5e00021c3b300014878002d0237002049810093
:10d5f000614060000080fb00610060000000e0000e
:10d6000005003a00f0002000509a8800c028210050
:10d6100021c3b30001487800c028210010407800e1
:10d620000004e00003023a00b0002000509a880095
:10d630001b023700f0822200104078000004e00056
:10d6400027003200f0ac2200104078008080fb0000
:10d6500030052100104078000000fb000088de004b
:10d6600061006000004078000004e0001c0032000f
:10d6700010c0b3001e350200010000000004e000ed
:10d680001700320020498100610060000000e000c6
:10d6900015003a0070f6020001000000b0632c0093
:10d6a0000cf6020001000000f08222007c3b020028
:10d6b000010000000004e00006003200000120002c
:10d6c000509a8800c028210021c3b3000148780087
:10d6d00005003700b0002000509a88000200370093
:10d6e000b0002000509a8800c02821001040780027
:10d6f0000004e000d1013a00b0002000509a8800f8
:10d70000e701370020498100614060000080fb0094
:10d71000610060000000e00002003a00b00020005c
:10d72000509a8800c0282100104078000004e000d2
:10d73000c4013a00b0002000509a8800d801370098
:10d74000320020008000eb0080db2000f2040200a9
:10d750000000000080db200085d12200a4d122003f
:10d760008001780032c0b3008101200000cab300fc
:10d7700054af020001000000b0db20008040eb004d
:10d780000148780080db200090407800f0c2b300b0
:10d7900080cf50000b00340080db200090407800e8
:10d7a00090c3b30080cf500006003c004001200031
:10d7b000509a8800e08222008040eb000148780007
:10d7c000b7013700a0052000509a8800b401370047
:10d7d000e0822200104078008040e800e0822200d1
:10d7e00001487800e082220010407800e94f5000a4
:10d7f00003003600a0052000509a8800a8013700d9
:10d8000040012000509a8800a5013700e0822200e4
:10d81000104078000080fb00504289005042810097
:10d820004600dd0050428900504281001004b000e3
:10d83000504289005042810085d12200a4d12200ab
:10d840008e01780012c0b3008000780000cab300d7
:10d8500054af02000100000030012000509a8800ff
:10d860001e4078000080fb006100600000407800ee
:10d870000004e00075013200920120008000eb00fe
:10d88000f0822200f204020000000000f182220077
:10d89000504281006300400084d12200a3d12200c5
:10d8a000010178008000780000cab30048f002004f
:10d8b00001000000808422008040eb0001487800d5
:10d8c000f0822200a2f20200010000000000e0004d
:10d8d00060013200504281000000e80085d1220042
:10d8e000a4d122000385220012c0b300800078007a
:10d8f00000cab30054af0200010000005001200034
:10d90000509a88006601370010d920001040780036
:10d910000080fb0061006000004078000004e0002f
:10d920004e013200e0822200104078008040e80082
:10d9300000852200104078008043eb0036c0b30021
:10d940008042eb00014278008041eb00004178000a
:10d9500021c0b300f0822200d67c0200010000004a
:10d9600060012000509a88004d01370010d9200036
:10d97000104078000080fb00620060000000e000c2
:10d980003801320070012000509a880044013700ad
:10d9900010d92000104078008080fb000002200099
:10d9a000008060000000e000020032003001200032
:10d9b000509a880010d92000104078008080fb0029
:10d9c00000042000008060000000e0002701320019
:10d9d00030012000509a88003101370040062000b5
:10d9e000509a8800c0ac2200104078008080fb0074
:10d9f00030052100104078000000fb000088de00a8
:10da000061006000004078000004e0000d0032007a
:10da100010c0b3001e350200010000000004e00049
:10da20001401320010b3200021c0b3000148780077
:10da3000419c200090c0b300a47a020001000000c5
:10da40001701370070f602000100000050642c003e
:10da50000cf602000100000011013700e0d82000a0
:10da6000104078000080fb00640060000000e000cf
:10da70002900320080b82200104078000004e00045
:10da800025003200e0ac2200104078008080fb00ce
:10da900030052100104078000000fb000088de0007
:10daa00061006000004078000004e0001a003200cd
:10dab00010c0b3001e350200010000000004e000a9
:10dac0001500320040d22200104078008080fb0018
:10dad00000022000008060000000e000070032002b
:10dae00040d22200104078000080fb0061006000fe
:10daf000004078000004e0000500320060062000cd
:10db0000509a8800e08222008040eb0001487800b3
:10db100000000000e200370010002000509a88004a
:10db2000df003700e0822200104078008040e800eb
:10db3000e082220001487800e08222001040780054
:10db4000e94f500003003600c0062000509a8800bc
:10db5000d300370060062000509a8800d0003700bc
:10db6000e0822200104078000080fb0050428900d3
:10db7000504281004600dd00504289005042810041
:10db80001004b00050428900504281000080e8003b
:10db900085d12200a4d122001385220012c0b30037
:10dba0008000780000cab30054af020001000000fa
:10dbb000108522009040780000c8b30080c060004b
:10dbc000c08422000148780050062000509a880046
:10dbd00010852200104078000080fb00700060007b
:10dbe0000000e000a5003200920120008000eb0060
:10dbf000f0822200f204020000000000f182220004
:10dc0000504281007200400084d12200a3d1220042
:10dc1000010178008000780000cab30048f00200db
:10dc200001000000808422008040eb000148780061
:10dc3000f0822200104078000004e00091003200e1
:10dc4000f0822200a2f20200010000000000e000c9
:10dc50008e003200c028210021c3b30001487800a3
:10dc600070062000509a88008d003700f082220054
:10dc7000104078000004e0002d003200e0d82000c1
:10dc8000104078000080fb00640060000000e000ad
:10dc90002700320020498100610060000000e000a0
:10dca00025003a00c0842200104078000004e00003
:10dcb0000900320091652c00c0c82000b0f10200bc
:10dcc00001000000f1822200c0c82000e8bc020070
:10dcd000000000000800370001662c00c0c82000ca
:10dce000b0f1020001000000f1822200c0c8200053
:10dcf00022b602000000000012c0b300f1b3200001
:10dd0000f0822200b8d1020000000000c0282100eb
:10dd100021c3b30001487800f0b320008040eb003d
:10dd20000148780080062000509a880002003700e1
:10dd300050062000509a8800c0282100104078002a
:10dd40000004e00053003a0050062000509a88007a
:10dd50005300370020498100614060000080fb00d3
:10dd6000610060000000e00002003a005006200060
:10dd7000509a8800c0282100104078000004e0007c
:10dd800046003a0050062000509a880044003700b0
:10dd900010002000509a88004100370070f6020001
:10dda0000100000040662c000cf60200010000009b
:10ddb0000000eb00509a8800390037000000000096
:10ddc0003700370000000000350037000000000079
:10ddd0003300370000000000310037000000000071
:10dde0002f003700000000002d0037000000000069
:10ddf0002b00370000000000290037000000000061
:10de00002700370000000000250037000000000058
:10de10002300370000000000210037000000000050
:10de20001f003700000000001d0037000000000048
:10de30001b00370000000000190037000000000040
:10de40001700370000000000150037000000000038
:10de50001300370000000000110037000000000030
:10de60000f003700000000000d0037000000000028
:10de70000b00370000000000090037000000000020
:10de80000700370000000000050037000000000018
:10de90000300370000000000010037000000000010
:10dea000e0dc2000104078000080fb00680060008b
:10deb0000000e0001b003200b0358000640060000c
:10dec0000000e0000c003a00e0dc20001040780088
:10ded0000004e00013003500e0dc20001040780072
:10dee000804078000174a000e0dc20000148780048
:10def000aaf807000b003700e0dc20001040780093
:10df00000004e00007003d00e0dc20001040780045
:10df1000804078000174a100e0dc20000148780016
:10df20009ef807000080fa00000006000200fa00d8
:10df3000004f78001e80fb000000e000030032006c
:10df4000e10f50000a00320012003700a0358000b7
:10df5000620060000000e0000300320060672c00f7
:10df60000cf6020001000000b426a90009003700e9
:10df7000a0358000620060000000e00003003a006d
:10df8000f0672c000cf6020001000000b426a80087
:10df9000000000000080fa00000006000000fa0007
:10dfa000501e800080407800803a210001487800af
:10dfb0000080fa00000006000000fa0050912000e6
:10dfc000104078000080fb00a11d80000141780016
:10dfd00061912000827078005091200010407800fc
:10dfe0008040e8005091200001487800801d8000aa
:10dff000620060000000e00001003200b023a900d0
:10e00000801d8000640060000000e000010032001c
:10e01000b043a900801d8000680060000000e0009f
:10e0200001003200b063a9000080fa000000060081
:10e030000200fa00889fbe008a9fbe0055050700b7
:10e040007a46a80080fd20008040eb00014878005f
:10e05000b0ff2f00b0698900b0ff2f00e069890090
:10e06000c02a210080c0eb00014878000000eb00ce
:10e0700010408800408020008040eb00014878007c
:10e080000000eb00e05988008080200011c0b30040
:10e09000014878000000eb00a09788000080200075
:10e0a0008040eb0001487800108020008040eb00a9
:10e0b00001487800308120008040eb000148780062
:10e0c000208120008040eb00014878008221200060
:10e0d0008000eb0000072100f204020000000000b5
:10e0e000620120008000eb0020da2000f204020030
:10e0f00000000000620c20008000eb004092220033
:10e10000f204020000000000820d20008000eb00fd
:10e11000400e2200f2040200000000007200200005
:10e120008000eb0060052100f20402000000000006
:10e13000720020008000eb0060042100f204020065
:10e1400000000000720020008000eb00600621004b
:10e15000f204020000000000720020008000eb00ca
:10e16000e0052100f204020000000000a2012000ee
:10e170008000eb0040d72000f20402000000000005
:10e18000d20b20008000eb00a0bb2100f2040200b3
:10e1900000000000820020008000eb00801f2200b1
:10e1a000f204020000000000820320008000eb0067
:10e1b000a0dd2000f204020000000000a201200007
:10e1c0008000eb00202b2100f20402000000000080
:10e1d000a20120008000eb00c02c2100f20402000c
:10e1e00000000000c20120008000eb0020ad2200f2
:10e1f000f204020000000000f0ff270020968800d3
:10e20000802c2100a1c5b30001487800902c21008a
:10e21000a1c5b30001487800a02c2100a1c5b3001e
:10e2200001487800202e2100a1c5b30001487800e4
:10e23000302e2100a1c5b30001487800402e2100f6
:10e24000a1c5b30001487800621020008000eb00f7
:10e25000c0d42100f2040200000000000000eb0026
:10e26000000f7800090037001e007800c200dd00b2
:10e2700060ff200000804000420020008000eb0092
:10e28000f2040200000000001e0fe8001e007800eb
:10e29000f30f5000f4ff340060b822008040eb0020
:10e2a0000148780040b822008040eb000148780027
:10e2b00030b822008040eb000148780000b822000e
:10e2c0008040eb000148780010b822008040eb004d
:10e2d0000148780020b822008040eb000148780017
:10e2e0006000b800405b8900515b89006000b800a5
:10e2f000805b8900915b890090282100f1c3b30005
:10e30000014878006000b800605b8900715b89009b
:10e310006000b800a05b8900b15b89008028210003
:10e32000f1c3b3000148780080b722008040eb00c1
:10e33000014878000000eb00d05b89006000b80065
:10e3400020598900315989006000b800405989007e
:10e35000515989006000b8006059890071598900dd
:10e360006000b800805989009159890040b32200ab
:10e370008040eb000148780050b322008040eb0061
:10e3800001487800e005210091c1b3000148780000
:10e3900080d520008040eb000148780090d5200017
:10e3a0008040eb0001487800a0d520008040eb00c1
:10e3b00001487800e0d820008040eb000148780058
:10e3c000d02a21008040eb0001487800d080200056
:10e3d0008040eb0001487800f0f5020001000000e9
:10e3e0000000eb00000f78000b00370040d9200040
:10e3f0001e0040008040eb000148780081d92000d9
:10e400001e00780000004000008040008000eb000b
:10e41000010878001e0fe8001e007800e30f50008e
:10e42000f2ff34006000b800b0068900c106890020
:10e430000000eb00504088000000eb00c06889003d
:10e440000000eb00407e88000000eb00507e88005a
:10e450000000eb00a07e88000000eb00607e8800da
:10e460000000eb00907e8800007d2000b07e8800d8
:10e47000602e21008040eb00014878000000eb0096
:10e48000707e88000000eb00807e88000081200004
:10e490008040eb0001487800b6e6a800b6c6a800a8
:10e4a000ca06a800ca26a800208120008040eb00f0
:10e4b00001487800308120008040eb00014878005e
:10e4c000409120008040eb000148780050912000ee
:10e4d0008040eb000148780070b120008040eb00e4
:10e4e0000148780010b320008040eb00014878001c
:10e4f00000da20008040eb00014878004200200054
:10e500008000eb0000dd2000f204020000000000ab
:10e51000e20020008000eb0000202200f204020054
:10e5200000000000d20b20008000eb00a0bb210007
:10e53000f20402000000000090040700f904070044
:10e54000d904070000b1020001000000a0d12200a0
:10e550008040eb000148780040012000c06889003d
:10e5600080350200010000000040eb00966f0200c1
:10e5700001000000e080200011c8b30001487800cd
:10e58000f0dc20008040eb00014878000081200092
:10e5900041c0b300014878000000eb00309d8800c6
:10e5a000b0ef20008040eb000148780050fc2000d4
:10e5b0008040eb0001487800b606a90000ce22009a
:10e5c0008040eb0001487800e02a21008040eb0009
:10e5d00001487800002b2100104078008080fb006b
:10e5e00000022000008060000000e0000400320013
:10e5f0000040eb0058d80200010000000300370083
:10e6000010c0b30058d802000100000000610200f1
:10e6100001000000f0042100104078000000fb0021
:10e62000cf80de00c0978800d1978800c097800017
:10e63000d1978000120720000289b90002017800fa
:10e640006002b90084017800030141001307200033
:10e650000300b8000101410082007800c0978800e3
:10e66000d197880010052100104078000001fb00c0
:10e67000cf91de00c0978000d1978000020040005b
:10e6800083804800c0978800d1978800c097800099
:10e69000d1978000020720000289b90002017800aa
:10e6a0006002b900840178000301410003072000e3
:10e6b0000300b8000101410082007800c097880083
:10e6c000d1978800e0042100104078000001fb0091
:10e6d000cf91de00c0978000d197800002004000fb
:10e6e00083804800c0978800d1978800c097800039
:10e6f000d1978000f20620000289b900020178005b
:10e700006002b9008401780003014100f306200093
:10e710000300b8000101410082007800c097880022
:10e72000d197880000052100104078000001fb000f
:10e73000cf91de00c0978000d1978000020040009a
:10e7400083804800c0978800d19788000700370071
:10e750000000000005003700000000000300370043
:10e760000000000001003700000000000060fe0013
:10e77000c02a21008040eb000148780000312100d0
:10e78000104078000004e00002003a0094e5020026
:10e7900001000000c02a210011c0b3000148780028
:10e7a00060312100104078000004e00002003a00cf
:10e7b0009ee9020000000000c02a210021c0b30031
:10e7c00001487800c0312100104078000004e000ca
:10e7d00002003a0026f8020001000000c02a2100d1
:10e7e00031c0b30001487800203221001040780089
:10e7f0000004e00002003a005af4020001000000a8
:10e80000c02a210041c0b3000148780080322100b5
:10e81000104078000004e00002003a002ec9020017
:10e8200001000000c02a210051c0b3000148780057
:10e83000e0322100104078000004e00002003a00bd
:10e8400008d3020001000000c02a210071c0b300fb
:10e8500001487800c02a210091c0b3000148780027
:10e8600060342100104078000004e00002003a000b
:10e870005861020001000000c02a2100a1c0b300bd
:10e8800001487800c0342100104078000004e00006
:10e8900002003a0000f9020001000000c02a210035
:10e8a000b1c0b30001487800203521001040780045
:10e8b0000004e00002003a00025d020001000000d6
:10e8c000c02a2100c1c0b300014878008035210072
:10e8d000104078000004e00002003a00cae802009c
:10e8e00001000000c02a2100d1c0b3000148780017
:10e8f000e0352100104078000004e00002003a00fa
:10e90000967d020001000000c02a2100e1c0b30092
:10e910000148780040362100104078000004e000f3
:10e9200002003a00d6e1020001000000c02a2100e6
:10e93000f1c0b30001487800a036210010407800f3
:10e940000004e00002003a00aa8902000100000071
:10e95000c02a210011c1b3000148780060372100ae
:10e96000104078000004e00002003a001ab50200ee
:10e9700001000000c02a210021c1b3000148780035
:10e98000c0372100104078000004e00002003a0087
:10e9900056de020001000000c02a210031c1b30090
:10e9a0000148780020382100104078000004e00081
:10e9b00002003a009aeb020001000000c02a210088
:10e9c00041c1b30001487800803821001040780030
:10e9d0000004e00002003a009abc020001000000be
:10e9e000c02a210061c1b3000148780040392100ec
:10e9f000104078000004e00002003a0046d902000e
:10ea000001000000104080000000e00071003200b2
:10ea10001200370020812000104078000080fb00a9
:10ea200041812000614078000080fb00901d88003b
:10ea300020812000104078000080fb0041812000f0
:10ea40000041eb00827078002081200010407800a7
:10ea50008040e8002081200001487800811d80006e
:10ea600000102000008060000000e000350032004f
:10ea700020812000904078003081200010407800f4
:10ea800080cf5000e3ff3a002f0037004080200085
:10ea9000104078000080fb00e1c92200e1407800ce
:10eaa00040912000104078000080fb00629120001f
:10eab0006240780080cf500012003a004080200071
:10eac000104078008040e800408020000148780035
:10ead00040802000104078000080fb00e1c9220047
:10eae000614078000004e00009003a004080200006
:10eaf0008040eb00014878001000200010408800a2
:10eb000003003700408020008040eb00014878007f
:10eb100040912000104078000080fb0061912000af
:10eb2000614078000080fb00e01c880040912000dc
:10eb3000104078008040e8004091200001487800b3
:10eb40000100370000000000d11c800000102000f0
:10eb5000008060000000e00038003200409120009a
:10eb600090407800509120001040780080cf5000f5
:10eb7000c6ff3a0031003700608020001040780066
:10eb80000004e00007003a002081200010407800d7
:10eb90000080fb004181200061407800b8da02006b
:10eba0000000000020812000104078000080fb0061
:10ebb000418120000041eb0082707800208120001c
:10ebc000104078008040e800208120000148780053
:10ebd00001003700000000002081200090407800f4
:10ebe000308120001040780080cf5000e2ff3a00d2
:10ebf0000c00370040912000104078000080fb009e
:10ec000061912000614078008af502000100000057
:10ec100040912000104078008040e80040912000a2
:10ec200001487800409120009040780050912000e9
:10ec30001040780080cf5000eeff3a0080d52000d1
:10ec4000104078000004e00014003a0090d5200045
:10ec5000104078000004e00010003a00a0d5200029
:10ec6000104078000004e0000c003a00b03580004d
:10ec7000610060000000e0000400320000ce2200cd
:10ec800010407800e24f50000400320060d82000ad
:10ec9000104078000004e0000400320010c0b3000f
:10eca000966f020001000000030037000040eb00f7
:10ecb000966f020001000000003a21001040780029
:10ecc0000004e000a2fe3200003a21008040eb0088
:10ecd00001487800b0068100c1068100e00f5000b5
:10ece000e08f580006003200b0068100c1068100a6
:10ecf00061005000e0805800b0068900c10689001c
:10ed0000504080000000e0000900320050408000c8
:10ed10000000e90050408800504080000000e00002
:10ed200003003a0000d12c000cf6020001000000a4
:10ed3000407e8000e10f400003003200407e8000f2
:10ed40000000e800407e8800507e8000e10f400017
:10ed500003003200507e80000000e800507e8800f2
:10ed6000607e8000e10f400003003200607e800082
:10ed70000000e800607e8800707e8000e10f4000a7
:10ed800003003200707e80000000e800707e880082
:10ed9000807e8000e10f400003003200807e800012
:10eda0000000e800807e8800907e8000e10f400037
:10edb00003003200907e80000000e800907e880012
:10edc000a07e8000e10f400003003200a07e8000a2
:10edd0000000e800a07e8800b07e80000000e00017
:10ede00003003200b07e80000000e900b07e8800a1
:10edf000901281000000e0000400320090128100b7
:10ee00000000e9009012890009003700901281008b
:10ee1000e10f500006003a00901281000000e90066
:10ee20009012890010d32c000cf6020001000000a3
:10ee3000309d80000000e800309d8800319d8000fa
:10ee400000192000808f5000520036000000eb00b7
:10ee5000309d8800f0dc2000104078000004e000c5
:10ee60002c003200f0dc20008040eb0001487800ec
:10ee7000e0802000104078000004e00006003d0023
:10ee8000e080200010407800804078000174a100ec
:10ee9000e080200001487800f080200010407800d9
:10eea0000004e0003b003d00f080200010407800ae
:10eeb0008080fb0000062000008060000000e00071
:10eec00034003a00f080200010407800e3406000f9
:10eed000f080200001487800f08020001040780089
:10eee0000004e00005003200f080200010407800af
:10eef0008040e800f080200001487800f080200089
:10ef0000104078008040e80000812000014878002f
:10ef100020003700f0dc200011c0b3000148780069
:10ef2000e0802000104078000004e000090032007a
:10ef3000e0802000104078000004e000050035006b
:10ef4000e0802000104078008040e900e080200050
:10ef500001487800f0802000104078000004e000b4
:10ef60000c003200f0802000104078008080fb0010
:10ef7000000e2000008060000000e00005003a0064
:10ef8000f0802000104078008040e900f0802000f0
:10ef900001487800109d80000000e800109d880066
:10efa000119d8000803e2000808f5000eafd3600d9
:10efb0000000eb00109d880090958000a1958000d6
:10efc000000078006f0060008004eb00000478000f
:10efd0000801be00c0978000d19780000200400069
:10efe0008380480063004000e0804800c0978800ac
:10eff000d1978800403a2100104078000004e000da
:10f0000004003200403a21008040eb0001487800c3
:10f010000c003700403a210011c0b30001487800cd
:10f0200080b82200104078000004e00005003200a3
:10f0300080b82200104078008040e90080b82200ab
:10f0400001487800a0d52000104078000004e000be
:10f0500005003200a0d52000104078008040e90073
:10f06000a0d520000148780092958000a3958000eb
:10f07000e0ff2f00f1ff2000800f5100818f590029
:10f0800006003e0090958000a19580006100400040
:10f09000e080480090958800a1958800701d2200ae
:10f0a00010407800e34f500006003a00b095800011
:10f0b000e10f400003003200b09580000000e8003e
:10f0c000b0958800501f220010407800e34f500098
:10f0d00006003a00c0958000e10f400003003200b6
:10f0e000c09580000000e800c0958800701d2200d7
:10f0f00010407800e34f500003003a00c00e81003a
:10f100000000e800c00e8900501f22001040780067
:10f11000e34f500003003a00b00f81000000e80008
:10f12000b00f890060d82000104078000004e00093
:10f130000e00320060d82000104078008040e900c6
:10f1400060d820000148780060d820001040780086
:10f150000004e00005003a00a20120008000eb005e
:10f1600040d72000f204020000000000c0d82000b8
:10f17000104078000004e00005003200c0d82000f4
:10f18000104078008040e900c0d820000148780095
:10f19000d0db80000000e00003003200d0db800004
:10f1a0000000e900d0db880030d920001040780052
:10f1b000e14f40000500320030d9200010407800b7
:10f1c0008040e80030d920000148780021498100c2
:10f1d000000e2000008060000000e0000d00320002
:10f1e000204981004500de00674060000040e900e2
:10f1f000674060000080fb00670060004500dd00a4
:10f2000022498100f1f12f008100610001007000ae
:10f2100020498900b07080000000e0000300340045
:10f22000b07080000000e900b0708800b07080000d
:10f230000000e00003003d00b07080000000e80026
:10f24000b070880060b12000104078000004e00039
:10f250000500320060b12000104078008040e900d5
:10f2600060b1200001487800b028210010407800eb
:10f270000004e00005003200b028210010407800b2
:10f280008040e900b028210001487800c028210012
:10f29000104078000004e00005003200c028210082
:10f2a000104078008040e900c02821000148780023
:10f2b000d0282100104078000004e0000500320052
:10f2c000d0282100104078008040e900d02821009b
:10f2d00001487800e0282100104078000004e00098
:10f2e00005003200e0282100104078008040e9004d
:10f2f000e028210001487800f02821001040780023
:10f300000004e00005003200f028210010407800e1
:10f310008040e900f0282100014878000029210000
:10f32000104078000004e0000500320000292100b0
:10f33000104078008040e900002921000148780051
:10f3400010292100104078000004e0000500320080
:10f3500010292100104078008040e9001029210088
:10f360000148780090d12100104078000004e000ae
:10f370000500320090d12100104078008040e90063
:10f3800090d12100014878000081200010407800d1
:10f390000004e000050032000081200010407800e9
:10f3a0008040e90000812000014878001040800082
:10f3b0000000e00003003200104080000000e9007f
:10f3c00010408800907080000000e8009070880075
:10f3d0009170800000e12000808f5000080036000e
:10f3e00010d42c000cf602000100000050e12000b7
:10f3f00011c0b300014878000000eb009070880055
:10f4000090958000a1958000000078006700600062
:10f410008005eb00000578000a00be00e00f5000f8
:10f42000e08f5800cefc3a00808020001040780029
:10f430000004e000ccfc320062002000f1d52c007a
:10f44000c0c82000e404020000000000c1c8200081
:10f45000c0c82000daa3020000000000f0b32000c2
:10f460000cf602000100000050d62c000cf6020041
:10f470000100000070f602000100000080fd200085
:10f48000104078008001fb0090fd200010407800c3
:10f490000001fb0040d22200104078008080fb0079
:10f4a00080b82200104078000080fb00831f7800a5
:10f4b000821f7800811f7800801f780070d62c0092
:10f4c000801f7800c0c82000bc04020000000000bb
:10f4d000ea875700c0c820000cf6020001000000b7
:10f4e000f0b320008040eb00014878009ffc37001b
:10f4f0000200fa00004f78001e80fb006600b90091
:10f500008000780000312100008040008040eb0046
:10f51000014878000080fa00000006000200fa00ae
:10f52000004f78001e80fb006600b9008000780064
:10f53000003121000080400021c0b3000148780064
:10f540000080fa00000006000400fa00004f780076
:10f55000110798001e80fb006600b900800078004b
:10f5600020312100008040009e00900001087800ba
:10f570001e80fb006600b900800078000031210089
:10f580000080400011c0b300014878000080fa00fc
:10f59000000006000000fa0040002000d033880080
:10f5a0000000240070348800a226ef00c00c200068
:10f5b000b035880030002000503688000018200048
:10f5c000f0368800303f2400b0338800000024006b
:10f5d00050348800e0232000f034880040002000f0
:10f5e00090358800c007200030368800c0342000e5
:10f5f000d03688008826ef009c26ef00b026ef006a
:10f60000c426ef00d826ef00ec26ef008626ef0098
:10f610009a26ef00ae26ef0040002000103688004a
:10f62000d626ef00ea26ef000020200050378800a1
:10f6300000042000b03688007c26ef009026ef0002
:10f64000a426ef00b826ef00cc26ef00e026ef005e
:10f65000001f2000f03388009226ef00a626ef005e
:10f66000ba26ef00e226ef0001088000f00b200030
:10f67000008160006004200071052000031020005c
:10f68000804978008149780082497800813f800074
:10f69000f00f280080806000005020000100700002
:10f6a000803f8800b13e800000f82f00008060009d
:10f6b000b000b300b03e8800e13d800000fc2f00a8
:10f6c000008060000020a000e03d8800913d8000a7
:10f6d000f00f2c00808060000050220001007000bc
:10f6e000903d8800713f800000f82f00008060008e
:10f6f0003000b300703f8800a13d800000fc2f0067
:10f70000008060003001b300a03d8800b13e800061
:10f71000f00f28008080600000a020000100700031
:10f72000b03e8800f13e8000f00f2800808060002d
:10f730000030210001007000f03e8800b13d8000e3
:10f7400000fc2f0000806000e000b300b03d8800a6
:10f7500000088000000178000260a0006004200022
:10f76000710520000310200080497800814978004d
:10f77000824978000080fa00000006000000fa00cc
:10f7800041058000f0ff28000080600000c0a0005c
:10f79000400588009021ef00f0e72300900c8800de
:10f7a00000002800a00c88008860a9009860a800cc
:10f7b00041068000f0f82f00008060000040a000ab
:10f7c000400688007105800080ff2f0000806000e7
:10f7d0000000a0007005880061058000f0ff28008f
:10f7e0000080600000c0a000600588004106800025
:10f7f000f08f2f00008060000080a000400688008d
:10f80000b1058000f0ff28000080600000c0a0006b
:10f81000b0058800b1058000f08f2f0000806000e7
:10f820000080a000b005880081068000f0f82f005d
:10f83000008060000040a0008006880081068000f3
:10f84000f0ff28000080600000c0a0008006880053
:10f8500081068000f08f2f00008060000080a000f3
:10f8600080068800e726a800e926a900d2c6a800dd
:10f87000d4c6a900d446a900d246a800d466a900df
:10f88000d266a800d486a900d286a800d4a6a90072
:10f89000d2a6a8005fe6a8008a60a9009a60a80026
:10f8a0000080fa00000006000200fa000000eb00f1
:10f8b000000f7800160037001e0078006600b900bf
:10f8c0008000780000312100008040008040eb0083
:10f8d000014878001e0078006600b90080007800ba
:10f8e00020312100008040008000eb0001087800fa
:10f8f0001e0078006600b9008000780040312100c9
:10f90000008040008000eb00010878001e0fe80036
:10f910001e007800f70f5000e7ff34000080fa0067
:10f92000000006000000fa0000072800303a8800b6
:10f930004827ef0000a32000503a88006000200014
:10f94000603a88004e27ef005027ef005627ef005f
:10f950005a27ef00f422ef000080fa0000000600b2
:10f960000200fa00004f78001e80fb00603a880019
:10f970004627a8000080fa00000006000200fa00f6
:10f980000100370000000000303a80006100600094
:10f990000000e000fbff320091388000010f78008a
:10f9a0001e0078000080fa00000006000e00fa0039
:10f9b000200798006147980072479800034f98000d
:10f9c000144f9800254f9800364f9800474f9800e5
:10f9d0000040eb00004f78007e4090000004e00003
:10f9e00002003a00c0c3b300704798002e00900098
:10f9f000104078000004e0004500320040e980003b
:10fa0000e30f500042003a00c6d50200010000009a
:10fa1000e14f500020003a00109b80000000e00001
:10fa20001d003a0070f6020001000000ee40900058
:10fa300020d9200001487800ae009000b0b8220024
:10fa4000b0f102000100000050ba2200fe40900018
:10fa500001487800f0bd22009e48900001487800df
:10fa600000be2200ae4890000148780010be22007f
:10fa7000be4890000148780030be2200ce48900079
:10fa80000148780010002000109b880010c0b300cf
:10fa9000004f78001e0037000e4890000004e00080
:10faa0001b00320070f6020001000000e0d82b00bd
:10fab0000cf602000100000076d6020001000000f2
:10fac000ee40900000bc220001487800ae0090009b
:10fad00060ba2200b0f102000100000010bc220058
:10fae000fe4090000148780030be22008040eb00cc
:10faf00001487800109b80000000e00002003a00fe
:10fb000000052000109b880010c0b300004f780053
:10fb1000c0d92b001007980020da2b00100798009e
:10fb20001e4078000080fa00000006000200fa0083
:10fb3000881f7800109b80008000eb006208200086
:10fb400003002000820f5000838f5800bf053e0045
:10fb50000060010086003700a7003700dd00370095
:10fb6000eb0037002501370046013700b7053700a5
:10fb7000b6053700b5053700b4053700b3053700c3
:10fb800049013700b10537007a01370065033700b6
:10fb9000ae053700a6033700b0033700ca033700ad
:10fba000d5033700df033700a8053700a705370066
:10fbb000a6053700a5053700a4053700a3053700c3
:10fbc000a2053700a1053700a00537009f053700c3
:10fbd0009e0537009d0537009c0537009b053700c3
:10fbe0009a053700990537009805370097053700c3
:10fbf00096053700e6033700fd0337000b04370096
:10fc0000470437006c043700900537008f05370034
:10fc10008e0537008d053700700437008b053700df
:10fc20008a053700890537008805370087053700c2
:10fc300086053700850537008405370083053700c2
:10fc400082053700720437008604370094043700b9
:10fc5000db0437001a0537007c0537007b053700c9
:10fc60007a05370079053700240537007705370016
:10fc700076053700750537007405370073053700c2
:10fc80007205370071053700700537006f053700c2
:10fc90006e0537002c053700360537006b05370039
:10fca0006a053700690537006805370067053700c2
:10fcb00066053700650537006405370063053700c2
:10fcc0006205370061053700600537005f053700c2
:10fcd0005e0537005d0537005c0537005b053700c2
:10fce0005a053700590537005805370057053700c2
:10fcf00056053700550537005405370053053700c2
:10fd00005205370051053700500537004f053700c1
:10fd10004e0537004d0537004c0537004b053700c1
:10fd20004a053700490537004805370047053700c1
:10fd300046053700450537004405370043053700c1
:10fd40004205370041053700400537003f053700c1
:10fd50003e0537003d053700c5013700de0137009d
:10fd60004f023700b6023700c0023700c702370023
:10fd7000b0b822008040eb000148780060ba220051
:10fd80008040eb000148780020d920008040eb0043
:10fd90000148780010d920008040eb00014878002d
:10fda000c6d5020001000000e14f500007003a00f4
:10fdb00010d9200010407800804078000104a00095
:10fdc00010d92000014878000600370010d9200023
:10fdd00010407800804078000104a10010d9200074
:10fde0000148780041012000d0c0b300a47a02008d
:10fdf000010000004a05370020be220011c0b300f8
:10fe00000148780050be220011c0b30001487800bc
:10fe100010d9200010407800804078000104a10033
:10fe200010d920000148780010d920001040780037
:10fe3000804078000114a00010d92000014878000b
:10fe400010d9200010407800804078000124a100e3
:10fe500010d920000148780010d920001040780007
:10fe6000804078000134a10010d9200001487800ba
:10fe700010d9200010407800804078000154a10083
:10fe800010d920000148780010d9200010407800d7
:10fe9000804078000164a10010d92000014878005a
:10fea000a0b822008040eb000148780020d9200053
:10feb00010407800e24f500003003a00b0002000ec
:10fec000109b88001605370030002000109b88002a
:10fed00013053700a0b82200104078008040e800e9
:10fee000a0b8220001487800a0b822001040780095
:10fef000e94f500003003600b0002000109b88003e
:10ff00000705370030002000109b880004053700eb
:10ff1000a0b82200104078000080fb00e05e89005d
:10ff2000e05e81004600dd00e05e8900e05e810069
:10ff30001004b000e05e890021bc2200e05e810078
:10ff40000080e80085d12200a4d122008101780040
:10ff500012c0b3008000780000cab30054af0200a2
:10ff60000100000020002000109b880020bc22001f
:10ff7000104078000000fb00610060000040780045
:10ff80000004e000b7043200920120008000eb0082
:10ff900020bc2200f20402000000000021bc22006c
:10ffa000e05e81007200400084d12200a3d12200d3
:10ffb000010178008000780000cab30048f0020018
:10ffc00001000000b0bd22008040eb000148780035
:10ffd00020bc2200a2f20200010000000000e000ac
:10ffe000a2043200e028210041c1b300014878009a
:10fff00040002000109b8800c904370020bc22006c
:020000040003f7
:10000000104078000004e000150032002049810013
:10001000610060000000e00013003a00a0b8220078
:1000200010407800b2b8220021bc2200bcd40200eb
:10003000000000000004e000060032005000200034
:10004000109b8800e0282100a1c0b300014878007f
:100050000500370020002000109b880002003700b8
:1000600020002000109b8800e0282100104078002c
:100070000004e0007f043a0020002000109b88006c
:10008000a704370020498100614060000080fb0028
:10009000610060000000e00078043a0020002000c9
:1000a000109b88009e043700c6d5020001000000a6
:1000b000e14f500027003a0010c4b300f04702009f
:1000c0000100000050ba2200104078008040780003
:1000d000b0b82200e8d5020001000000e14f500056
:1000e00014003a0070f602000100000030da2b0024
:1000f0000cf6020001000000f0db2b000cf6020001
:1001000001000000b01d22000cf6020001000000fa
:1001100090dc2b000cf602000100000030d920001a
:100120008040eb0001487800d0002000109b880040
:100130007b04370070f6020001000000b0dc2b00e9
:100140000cf6020001000000c0032000109b880094
:100150007304370070f602000100000090de2b00ef
:100160000cf6020001000000c0032000109b880074
:100170006b04370020d9200010407800e24f500077
:1001800015003200d00e8100620060000000e00027
:100190000800320092c0b300e1df2b0050d72000ee
:1001a0007af1020001000000d00e81000010a100d1
:1001b000d00e890050be220011c0b3000148780063
:1001c00010d9200010407800804078000114a00071
:1001d00010d920000148780030d9200090407800e4
:1001e00050ba22001040780080cf50001300390030
:1001f00070f602000100000080e02b000cf6020007
:100200000100000020be220021c0b3000148780098
:1002100076d602000100000030012000109b88000b
:1002200020d9200010407800e24f50000300320037
:10023000f0fd200011c0b30001487800501f2200db
:1002400010407800e14f50000e043200501f220091
:1002500010407800e34f500063003a0010d92000ae
:1002600010407800804078000114a10010d92000cf
:100270000148780010d920001040780080407800b4
:100280000124a00010d920000148780020d92000c6
:10029000104078000004e0003700320032002000f7
:1002a0008000eb0080db2000f20402000000000070
:1002b00080db200085d12200a4d1220080017800bb
:1002c00032c0b3008101200000cab30054af020065
:1002d00001000000b0db20008040eb000148780006
:1002e00085d12200a4d12200e306210012c0b30070
:1002f000c103200000cab30054af02000100000097
:10030000e0062100104078000004e0000400320004
:10031000e006210010407800f44f50000300360042
:10032000e006210051c0b3000148780085d12200c9
:10033000a4d12200f306210012c0b300d103200093
:1003400000cab30054af020001000000f006210013
:10035000104078000004e00004003200f0062100a4
:1003600010407800e64f400003003600f006210000
:1003700001c5b3000148780020d920001040780062
:100380000004e0000d00320080db20001040780007
:100390000004e0000900320040c4b300f04702004e
:1003a0000100000020082000109b880050ba2200a5
:1003b00031c0b300014878000b00370080d5200021
:1003c00011c0b3000148780000c5b30094d6020004
:1003d00001000000e0002000109b8800f0c4b30082
:1003e000f047020001000000501f2200104078007a
:1003f0000004e00004003200501f2200104078008a
:10040000e64f5000a1033a0070f602000100000020
:10041000b0e12b000cf6020001000000501f22008a
:100420001040780032c0b300c1c82000fec50200f1
:1004300001000000c0c820000cf60200010000000e
:1004400040e32b000cf6020001000000b0b82200cf
:100450000cf602000100000090dc2b000cf60200fc
:1004600001000000c0032000109b8800ac0337008f
:1004700092c0b300e1df2b0050d720007af10200d8
:10048000010000000000e00003003a0040c4b30097
:10049000f04702000100000041012000d0c0b3007d
:1004a000a47a020001000000e0bd220010407800a4
:1004b0008040e900e0bd220001487800e0bd220054
:1004c000104078000004e00072033a002008200089
:1004d000109b88009203370020d92000104078003c
:1004e000e24f50000500320092c0b300e1df2b0064
:1004f00050d720007af102000100000040c4b30090
:10050000f04702000100000020d9200010407800d0
:10051000e14f500026003a0010d92000104078002a
:10052000804078000134a00010d9200001487800f4
:1005300070f602000100000060e32b000cf60200e0
:100540000100000080db20000cf60200010000002a
:1005500030e42b000cf6020001000000e006210050
:100560001044780080db2000dac5020001000000a2
:1005700000407800084178008040780080db20004f
:1005800098d80200010000000004e00005003a00d5
:1005900070f602000100000060e42b000cf602007f
:1005a0000100000030082000109b88005c03370029
:1005b00081db2000c0c82000b0f102000100000073
:1005c000000f7800c0c820001e004000a1c2b30088
:1005d000014878001e0fe8009e007800c0c8200087
:1005e00080804000106d80000040780032c0b30071
:1005f000fec50200010000001e0f4000c0c8200020
:100600001e00400031c2b300014878001e0fe80010
:10061000c0c820001e0040008040eb000148780068
:1006200070f602000100000030e52b000cf602001d
:1006300001000000c0c820000cf60200010000000c
:1006400030e42b000cf6020001000000e00621005f
:1006500010447800c0c82000dac502000100000084
:10066000004078000841780080407800c0c8200031
:1006700098d80200010000000004e00005003a00e4
:1006800070f602000100000060e42b000cf602008e
:100690000100000040082000109b88002003370064
:1006a00000108100610060000000e000fb023a00e1
:1006b00020d9200010407800e14f500031003a006e
:1006c00050ba2200104078008040e90050ba220061
:1006d0000148780050ba2200104078000004e00081
:1006e0000b003200f006210090407800e0bd2200af
:1006f0000148780010082000109b8800410120006c
:10070000d0c0b300a47a0200010000000403370047
:1007100010e62b00801f7800e0e62b00801f780099
:10072000c0c82000d604020000000000e487570083
:10073000c0c820000cf602000100000080d5200097
:1007400011c0b3000148780000c5b30094d6020080
:1007500001000000e0002000109b8800f0c4b300fe
:10076000f04702000100000010d92000104078007e
:10077000804078000134a10010d9200001487800a1
:10078000e7023700c0c82000a1c2b30001487800ca
:10079000106d80000040780032c0b300d1c8200046
:1007a000fec502000100000000c9200031c2b300f4
:1007b0000148780010c920008040eb000148780013
:1007c00070f602000100000000e82b000cf60200a9
:1007d00001000000c0c820000cf60200010000006b
:1007e00090dc2b000cf6020001000000e006210066
:1007f00010447800c0c82000dac5020001000000e3
:10080000004078000841780080407800c0c820008f
:1008100098d80200010000000004e00005003a0042
:1008200070f602000100000060e42b000cf60200ec
:100830000100000040082000109b8800b80237002b
:1008400000108100610060000000e00095023a00a5
:1008500050082000109b880001fa2000d0c0b3008f
:10086000a47a020001000000ad02370076d6020033
:100870000100000060082000109b8800e028210093
:1008800031c0b30001487800a5023700501f220094
:10089000104078000004e00018003a000000eb006f
:1008a000109b880010d9200010407800804078000c
:1008b0000154a00010d920000148780010d9200070
:1008c00010407800804078000114a10010d9200069
:1008d0000148780010d9200010407800804078004e
:1008e0000124a10010d920000148780020c5b300e0
:1008f000f04702000100000089023700e0282100d3
:10090000104078000004e00068023a00e02821006e
:1009100031c0b3000148780076d602000100000023
:100920007f023700f0c4b300f0470200010000006e
:10093000f0fd20008040eb0001487800b06a8000a4
:100940000000e0000e00320090d80200010000001c
:10095000b16a8000810f50000900360070f6020075
:100960000100000010e92b000cf60200010000005d
:1009700076d602000100000000012000109b8800d4
:1009800060ba2200104078000004e0000900320044
:1009900070f6020001000000a0ea2b000cf6020035
:1009a0000100000076d602000100000000012000d6
:1009b000109b8800501f2200104078000004e000c7
:1009c0000d003a0020012000109b880070f6020004
:1009d00001000000c0ec2b000cf60200010000003a
:1009e000a3242000d20020008040eb00b0f02b00b8
:1009f0007ad802000000000030be220010407800cb
:100a00000004e0002b02320070f60200010000003a
:100a100050f12b000cf602000100000076d6020017
:100a20000100000000012000109b88003c023700fc
:100a3000e028210031c0b3000148780050ff2000b9
:100a40008040eb000148780076d6020001000000eb
:100a500010012000109b880031023700501f220037
:100a6000104078000004e00008003a002001200057
:100a7000109b880070f6020001000000d0f32b00ec
:100a80000cf602000100000025023700e0282100da
:100a9000104078000004e00008023a00e02821003d
:100aa00031c0b3000148780076d602000100000092
:100ab00050ff2000104078008040e80050ff2000e8
:100ac0000148780016023700d0c4b300f047020096
:100ad0000100000080d520008040eb000148780034
:100ae00050ff20008040eb00014878008002200089
:100af000109b88000a023700e028210031c0b300b3
:100b00000148780050ff20008040eb000148780049
:100b100076d602000100000040012000109b8800f2
:100b2000ff013700501f2200104078000004e00051
:100b300008003a00c0032000109b880070f60200f5
:100b40000100000080f52b000cf6020001000000ff
:100b5000f3013700e0282100104078000004e00095
:100b6000d8013a00e028210031c0b30001487800e4
:100b700076d602000100000050ff200010407800ef
:100b80008040e80050ff200001487800e401370071
:100b900010d9200010407800804078000154a00057
:100ba00010d920000148780010d9200010407800aa
:100bb000804078000114a10010d92000014878007d
:100bc00010d9200010407800804078000124a10056
:100bd00010d9200001487800a0b822008040eb0026
:100be00001487800a0022000109b8800cc0137004b
:100bf000a0b82200104078008040e800a0b8220091
:100c000001487800a0b8220010407800e94f500059
:100c10000300360010032000109b8800c00137003d
:100c2000a0022000109b8800bd013700d0c4b30093
:100c3000f047020001000000a0b822001040780038
:100c40000080fb00e05e8900e05e81004600dd0080
:100c5000e05e8900e05e81001004b000e05e890083
:100c600021bc2200e05e81000080e80085d12200e6
:100c7000a4d122008101780012c0b3008000780066
:100c800000cab30054af020001000000900220002f
:100c9000109b880020bc2200104078000000fb0060
:100ca000620060000000e000880132009201200034
:100cb0008000eb0020bc2200f204020000000000d3
:100cc00021bc2200e05e81007200400084d122003d
:100cd000a3d12200010178008000780000cab3008f
:100ce00048f0020001000000b0bd22008040eb008f
:100cf0000148780020bc2200a2f20200010000009e
:100d00000000e00073013200b0022000109b880058
:100d1000e028210041c1b30001487800800137007c
:100d200020bc2200104078000004e00019003200ce
:100d300020498100610060000000e00017003a00d7
:100d400090d802000100000080007800a0b82200c6
:100d50001040780081017800b2b8220021bc220046
:100d6000f8d30200000000000004e000060032009a
:100d7000c0022000109b8800e0282100a1c0b30021
:100d8000014878000500370090022000109b880081
:100d90000200370090022000109b8800e02821000c
:100da000104078000004e0004c013a00900220005e
:100db000109b88005a013700204981006140600083
:100dc0000080fb00610060000000e00045013a0087
:100dd00090022000109b88005101370060ba220069
:100de000104078000004e0000300320000052000fd
:100df000109b88004a0137000000eb00109b880020
:100e000020c5b300f0470200010000004401370094
:100e1000f0fd200011c0b3000148780010d9200077
:100e200010407800804078000114a10010d9200003
:100e30000148780010d920001040780080407800e8
:100e40000124a10010d9200001487800a0b8220098
:100e50008040eb0001487800e0032000109b8800f0
:100e60002f013700a0b82200104078008040e80031
:100e7000a0b8220001487800a0b8220010407800f5
:100e8000e94f50000300360050042000109b8800fa
:100e900023013700e0032000109b88002001370069
:100ea000d0c4b300f047020001000000a0b8220047
:100eb000104078000080fb00e05e8900e05e810069
:100ec0004600dd00e05e8900e05e81001004b000b5
:100ed000e05e890021bc2200e05e81000080e80025
:100ee00085d12200a4d122008101780012c0b30074
:100ef0008000780000cab30054af02000100000077
:100f000020bc2200104078008040780000c8b30068
:100f100080c0600040be220001487800d00320005d
:100f2000109b880020bc2200104078000000fb00cd
:100f3000640060000000e000ec003200920120003c
:100f40008000eb0020bc2200f20402000000000040
:100f500021bc2200e05e81007200400084d12200aa
:100f6000a3d12200010178008000780000cab300fc
:100f700048f0020001000000b0bd22008040eb00fc
:100f80000148780020bc2200104078000004e000f6
:100f9000d800320020bc2200a2f2020001000000b2
:100fa0000000e000d5003200f0032000109b880014
:100fb000e028210041c1b30001487800d800370083
:100fc00020bc2200104078000004e0003300320012
:100fd00020498100610060000000e00031003a001b
:100fe000f0bd22009040780000be22001040780042
:100ff00080cf500009003a00f0d8200090407800df
:10100000a0c5b30080cf50000400320011c0b3006f
:1010100000042000e44002000100000040be220065
:101020009040780010be22009042780020be22003e
:101030001042780000be220090417800f0bd2200ee
:1010400010417800a0b82200104078008143780059
:10105000054378008442780003427800824178009a
:10106000b2b8220021bc220060d5020000000000be
:101070000004e0000600320000042000109b8800fd
:10108000e0282100a1c0b300014878000500370026
:10109000d0032000109b880002003700d0032000fe
:1010a000109b8800e0282100104078000004e00038
:1010b00094003a00d0032000109b8800980037006d
:1010c00020498100614060000080fb0061006000f9
:1010d0000000e00002003a00d0032000109b8800ce
:1010e00092c0b300e1df2b0050d720007af102005c
:1010f000010000000000e0008400320010d9200050
:1011000010407800804078000164a00010d92000d1
:101110000148780060ba2200104078000004e00026
:101120000300320000052000109b88007c0037007f
:101130000000eb00109b880020c5b300f0470200c0
:10114000010000007600370076d6020001000000a2
:10115000e028210031c0b3000148780050ff200092
:101160008040eb000148780010052000109b8800ab
:101170006b003700501f2200104078000004e00090
:1011800023003a0060ba2200104078000004e0001a
:1011900019003200c6d5020001000000e14f5000e6
:1011a0005c003a0000bc22009040780020d920006a
:1011b0000148780030be22008040eb0001487800f2
:1011c00061ba2200b0b82200b0f1020001000000b4
:1011d00010bc22009040780050ba220001487800ec
:1011e00010002000109b880060ba22008040eb00b5
:1011f000014878004a0037000000eb00109b88008f
:1012000020c5b300f0470200010000004400370091
:10121000e0282100104078000004e0003f003a0080
:10122000e028210031c0b3000148780076d60200e2
:101230000100000050ff2000104078008040e800ce
:1012400050ff200001487800350037000000eb0017
:10125000109b880020c5b300f04702000100000089
:101260002f003700000000002d00370000000000b4
:101270002b003700000000002900370000000000ac
:1012800027003700000000002500370000000000a4
:10129000230037000000000021003700000000009c
:1012a0001f003700000000001d0037000000000094
:1012b0001b0037000000000019003700000000008c
:1012c0001700370000000000150037000000000084
:1012d000130037000000000011003700000000007c
:1012e0000f003700000000000d0037000000000074
:1012f0000b0037000000000009003700000000006c
:101300000700370000000000050037000000000063
:10131000030037000000000001003700000000005b
:1013200050ff200010407800e34f500006003600c8
:1013300070f602000100000030f72b000cf60200ee
:1013400001000000ffff37004f0478000080fa0022
:10135000000006000000fa00403680004400de0075
:10136000614060000080fb0061006000b16e8000a1
:101370000100a10001007000b06e880040368000be
:101380004500de00614060000080fb0061006000fd
:1013900000004000b16e80000110a100010070004b
:1013a000b06e8800403680004300de00614060007f
:1013b0000080fb00610060004200dd00b16e800033
:1013c0000120a10001007000b06e8800403680004e
:1013d0004200de00614060000080fb0061006000b0
:1013e0004300dd00b16e80000130a10001007000fb
:1013f000b06e8800a06e80004800de006140600092
:10140000804078000040eb00e8d0020001000000be
:10141000614060000080fb00610060004800dd006a
:10142000b16e80000180a10001007000b06e8800e4
:10143000a06e80004900de006140600080407800be
:1014400010c0b300e8d0020001000000614060005d
:101450000080fb00610060004900dd00b16e80008b
:101460000190a10001007000b06e8800a06e8000a5
:101470004a00de00614060008040780020c0b30078
:10148000e8d0020001000000614060000080fb0025
:10149000610060004a00dd00b16e800001a0a10083
:1014a00001007000b06e8800a06e80004b00de006e
:1014b000614060008040780030c0b300e8d0020096
:1014c00001000000614060000080fb0061006000de
:1014d0004b00dd00b16e800001b0a1000100700082
:1014e000b06e8800d198800000192000808f5000d5
:1014f00004003200d1988000a0112000808f50009d
:101500000f003a0090b32000104078006140600066
:1015100061406000614060000080fb00610060008d
:101520004800dd00b16e80000180a1000100700064
:10153000b06e88000081200061c0b30001487800cf
:10154000b06e80004800de00614060000080fb005b
:10155000610060004a00dd00d133800001a0a100dd
:1015600001007000d0338800b06e80004900de00ba
:10157000614060000080fb00610060004b00dd0006
:10158000d133800001b0a10001007000d033880089
:10159000b06e80004a00de00614060000080fb0009
:1015a000610060004c00dd00d133800001c0a1006b
:1015b00001007000d0338800b06e80004b00de0068
:1015c000614060000080fb00610060004d00dd00b4
:1015d000d133800001d0a10001007000d033880019
:1015e000a06e8000e1406000b06e8000614060004d
:1015f00080cf500038003a00a06e80000000d1007b
:10160000e1406000b06e80000000d10061406000e9
:1016100080cf500030003a00a06e80004200de0013
:10162000e1406000b06e80004200de00614060007a
:1016300080cf500028003a00a06e80004300de00fa
:10164000e1406000b06e80004300de006140600059
:1016500080cf500020003a00a06e80004800de00dd
:10166000e1406000b06e80004800de006140600034
:1016700080cf500018003a00a06e80004900de00c4
:10168000e1406000b06e80004900de006140600013
:1016900080cf500010003a00a06e80004a00de00ab
:1016a000e1406000b06e80004a00de0061406000f2
:1016b00080cf500008003a00a06e80004b00de0092
:1016c000e1406000b06e80004b00de0061406000d1
:1016d00080cf50005e00320060b1200010407800e2
:1016e0000004e000020032008e4002000100000011
:1016f000b06e8000614060000080fb00610060000f
:10170000a16e80000100a10001007000a06e8800a1
:10171000b06e80000000d100614060000080fb00de
:101720006100600000004000a16e80000110a10077
:1017300001007000a06e8800b06e80004200de00e4
:10174000614060000080fb00610060004200dd003d
:10175000a16e80000120a10001007000a06e880031
:10176000b06e80004300de00614060000080fb003e
:10177000610060004300dd00a16e80000130a10027
:1017800001007000a06e8800b06e80004400de0092
:10179000614060000080fb00610060004400dd00eb
:1017a000a16e80000140a10001007000a06e8800c1
:1017b000b06e80004800de00614060000080fb00e9
:1017c000610060004800dd00a16e80000180a10082
:1017d00001007000a06e8800b06e80004900de003d
:1017e000614060000080fb00610060004900dd0096
:1017f000a16e80000190a10001007000a06e880021
:10180000b06e80004a00de00614060000080fb0096
:10181000610060004a00dd00a16e800001a0a1000f
:1018200001007000a06e8800b06e80004b00de00ea
:10183000614060000080fb00610060004b00dd0043
:10184000a16e800001b0a10001007000a06e8800b0
:10185000709b800051062000810f5000f30232007f
:1018600051062000810f50001f003e00ea0f50007b
:10187000e4013200ea0f50000c003e00e40f50007b
:1018800030013200e40f500003003e000000e00091
:101890004300320099043700e50f50003b0132004d
:1018a000e60f5000ba01320094043700f40f5000e4
:1018b00079023200f40f500005003e00eb0f50009b
:1018c0002c023200ec0f50004e0232008b04370025
:1018d000f50f50008b02320041062000810f5000ae
:1018e000be02320085043700c1072000810f50007e
:1018f000c9033200c1072000810f500014003e00d0
:1019000091072000810f500024033200910720002e
:10191000810f500007003e0061062000810f50003b
:10192000e202320081072000810f50000a033200da
:1019300072043700a1072000810f50009403320089
:10194000b1072000810f5000a00332006b04370064
:10195000e10b2000810f500008043200e10b200051
:10196000810f500007003e00d1072000810f50007a
:10197000bb033200e1072000810f5000f503320065
:101980005e043700f10b2000810f50000c04320080
:10199000a10f2000810f50002104320057043700ae
:1019a00000812000104078000004e00007003200b1
:1019b00040d9200010407800e24f500003003a0068
:1019c0001081200011c0b300014878007ed80200c9
:1019d000010000000004e000c8003a00501f22008f
:1019e000104078000004e000c4003a00e0b320009a
:1019f0008040eb000148780040d92000104078007a
:101a0000e24f50000800320000da20001040780059
:101a1000e14f500027003a0020498100610060003a
:101a20000000e00023003a00008120001040780010
:101a30000004e00019003a0060fa2b000cf60200e6
:101a400001000000e0b320001040780080407800e2
:101a50000114a000e0b320000148780040d9200024
:101a600031c0b30001487800002b210010407800fd
:101a70008080fb0000042000008060000000e00087
:101a80000c00320040fb2b000cf6020001000000ad
:101a900040062000709b880006003700108120005f
:101aa00011c0b3000148780040d9200041c0b30004
:101ab0000148780050d9200010407800e24f5000d3
:101ac0000800320000da200010407800e24f500099
:101ad0000d003a0020498100610060000000e00034
:101ae00009003a00e0b32000104078008040780000
:101af0000124a000e0b320000148780050d9200064
:101b000031c0b3000148780060d92000104078004f
:101b1000e24f50000800320000da20001040780048
:101b2000e34f50000d003a00204981006100600041
:101b30000000e00009003a00e0b320001040780007
:101b4000804078000134a000e0b320000148780014
:101b500060d9200031c0b3000148780070d920005e
:101b600010407800e24f50000800320000da2000f8
:101b700010407800e44f50000d003a0020498100e9
:101b8000610060000000e00009003a00e0b32000be
:101b900010407800804078000144a000e0b32000ad
:101ba0000148780070d9200031c0b30001487800a6
:101bb00000da2000104078000004e0000700320046
:101bc00020498100610060000000e00003003a004d
:101bd00000da20008040eb0001487800e0b32000ec
:101be000104078000004e00042003200f0fd2000c8
:101bf00011c0b30001487800f0d820009040780070
:101c0000a0c5b30080cf500036003200a00d2200e6
:101c10009040780010c3b30080cf50000500320020
:101c2000a00d22009040780050c3b30080cf500038
:101c30002c003a0020c322008040eb0001487800cd
:101c4000b0c222008040eb000148780010c322009f
:101c500080c0eb00014878000029210081c2b30058
:101c600001487800002b2100104078008080fb00a4
:101c700000042000008060000000e00005003a0041
:101c800010fc2b000cf602000100000050002000a8
:101c9000709b8800e080200011c8b30001487800e4
:101ca00040d22200104078000080fb0064006000f9
:101cb0000000e0000f003200e0d820001040780063
:101cc0000080fb00640060000000e00008003200bb
:101cd00011c0b30010c0b3009af802000100000068
:101ce00004003700e00b2000709b880001003700e3
:101cf0000000000000000000a8033700701d220053
:101d000010407800e24f50007f033a00e00d810060
:101d1000620060000000e0007d03320040d9200036
:101d200010407800e24f50007b033a00f0fc2b009b
:101d30000cf602000100000060002000709b88008b
:101d40009603370020c32200104078008040e8004e
:101d500020c322000148780020c3220010407800f0
:101d6000e94f50000600360040012000709b8800bb
:101d700020c322008040eb00014878008703370031
:101d800050002000709b88008403370020c322008d
:101d9000104078000004e0004d003a0000c022002e
:101da0008040eb00014878000060fe0020c3220064
:101db000104078000080fb00406189004061810094
:101dc0004600dd0040618900406181001004b000e0
:101dd000406189004061810085d12200a4d12200a8
:101de000d3c2220012c0b3008000780000cab30042
:101df00054af020001000000d0c2220090407800e1
:101e0000e0b320001040780000c060000004e00053
:101e100023003200920120008000eb0060be22000f
:101e2000f20402000000000061be22004061810057
:101e30006300400084d12200a3d122000101780078
:101e40008000780000cab30048f0020001000000e2
:101e5000f0bf22008040eb000148780060be220005
:101e6000104078000004e0000d00320060be220047
:101e7000a2f20200010000000000e00008003200b1
:101e800000c02200104078008040e80000c022001e
:101e90000148780070ff2b000cf6020001000000e2
:101ea00020c32200104078008040e80020c32200b8
:101eb0000148780020c3220010407800e94f50000c
:101ec000baff360020c322008040eb0001487800b2
:101ed00000c02200104078000004e0000c00320036
:101ee000e0d82000104078000080fb006400600013
:101ef0000000e00006003200c0c5220011c0b3009f
:101f000001487800a0c5b3000c5102000100000098
:101f100020c32200104078000080fb00406189004f
:101f2000406181004600dd00406189004061810020
:101f30001004b000406189004061810085d1220019
:101f4000a4d12200d3c2220012c0b30080007800c6
:101f500000cab30054af020001000000d0c222004a
:101f600090407800e0b320001040780000c060008e
:101f70000004e00003003200a0002000709b8800f5
:101f80000603370040002000709b880003033700e1
:101f900040d9200010407800e34f500003003a0081
:101fa00040d9200041c0b3000148780040d920004a
:101fb00010407800e24f500003003a0040d9200062
:101fc00031c0b3000148780040d9200010407800ab
:101fd0000004e000d2023a0080dd200011c0b3000e
:101fe0000148780006d9020000000000a00f200080
:101ff000709b880050002c000cf6020001000000cd
:10200000e6023700920120008000eb0010c02200a1
:10201000f20402000000000011c0220040618100b3
:102020007200400084d12200a3d122000101780077
:102030008000780000cab30048f0020001000000f0
:10204000a0c122008040eb000148780010c02200af
:10205000104078000004e0001d0032004061810063
:102060000080e80085d12200a4d12200a3c2220072
:1020700012c0b3008000780000cab30054af020061
:1020800001000000c20020008000eb00b0c122006f
:10209000f204020000000000b1c122004061810092
:1020a0001002b00085d12200a4d122008101780065
:1020b000c2c0b3008000780000cab30054af020071
:1020c0000100000070c222008040eb00014878004f
:1020d00010c3220010407800e14f40001f003a007a
:1020e000920120008000eb0060be2200f20402009a
:1020f0000000000061be22004061810063004000da
:1021000084d12200a3d12200010178008000780050
:1021100000cab30048f0020001000000f0bf220036
:102120008040eb000148780060be2200104078003b
:102130000004e0000900320060be2200a2f20200aa
:10214000010000000000e0000400320020c3220073
:102150009040780010c3220001487800b0002000b1
:10216000709b88000029210041c1b300014878001c
:102170008a02370010c02200104078000004e000fe
:1021800014003200b0c12200104078000004e000ca
:102190001000320020498100610060000000e00072
:1021a0000e003a0020c3220010407800b2c1220085
:1021b00011c022000cd2020000000000c00020006c
:1021c000709b88000029210041c1b30001487800bc
:1021d00002003700c0002000709b88000029210009
:1021e000104078000004e0004f023a00c0002000d8
:1021f000709b88000029210041c1b300014878008c
:102200006602370010c02200104078000004e00091
:1022100018003200a0c22200104078008080fb002d
:1022200000022000008060000000e0001100320089
:1022300020498100610060000000e0000f003a00ca
:1022400020c322001040780011c02200dcd602001a
:10225000000000000004e00003003200b0c22200d1
:1022600011c0b3000148780040002000709b880036
:102270000200370040002000709b880000292100e8
:10228000104078000004e00029023a0040002000dd
:10229000709b880041023700e0fd2000104078006c
:1022a0000004e00024023a00b0c22200104078008e
:1022b0000004e0000d00320050012000709b8800f7
:1022c00070c5b300f047020001000000c0c2220048
:1022d000c1c3b30001487800813e2000f0c0b300c4
:1022e000a47a0200010000002c02370070012c00cb
:1022f0000cf602000100000080072000709b88009f
:102300002602370070c5b300f0470200010000004c
:10231000c0c22200104078008040e900c0c2220004
:1023200001487800c0c22200104078000004e0009c
:102330001600320070f6020001000000b0022c000e
:102340000cf6020001000000c0c22200104078001c
:102350000041eb00c1c82000fec5020001000000e2
:10236000c0c820000cf602000100000070032c0021
:102370000cf6020001000000813e2000f0c0b30016
:10238000a47a020001000000070037008007200047
:10239000709b880070f602000100000090032c0082
:1023a0000cf60200010000007ed8020001000000cf
:1023b000e34f500008003a00a00f2000709b8800f7
:1023c00070f602000100000080052c000cf60200ef
:1023d00001000000f1013700f001370000e82300a0
:1023e0005040880070062c000cf60200010000002e
:1023f00006d902000000000083192000120020000e
:102400008040eb0040092c007ad802000000000058
:1024100050062000709b880001192000f0c0b30016
:10242000a47a020001000000dc0137005040800067
:102430000000e00005003a000000eb00709b8800ff
:10244000000a2c000cf602000100000040d9200018
:1024500010407800e34f500003003a0040d92000bc
:1024600041c0b3000148780040d9200010407800f6
:10247000e24f500003003a0040d9200031c0b300c1
:102480000148780040d92000104078000004e000a6
:10249000ab013a0060062000709b8800e00b2c0026
:1024a0000cf6020001000000bc0137005040800023
:1024b0000000e00005003a000000eb00709b88007f
:1024c000100d2c000cf602000100000040d9200085
:1024d00010407800e34f500003003a0040d920003c
:1024e00041c0b3000148780040d920001040780076
:1024f000e24f500003003a0040d9200031c0b30041
:102500000148780040d9200010407800e14f500089
:102510008d01360020c322008040eb000148780086
:10252000e0b3200010407800804078000114a00043
:10253000e0b320000148780006d902000000000046
:1025400050002000709b8800f00e2c000cf602005a
:10255000010000009101370010c322009040780074
:1025600020c322000148780010c3220010407800e8
:10257000e14f40000600320090072000709b880069
:1025800000292100e1c1b300014878008301370030
:10259000a00f2000709b880080013700701d220072
:1025a000104078000004e0000b003a00501f2200a9
:1025b000104078000004e00007003a00d00e8100cf
:1025c000620060000000e00003003200d00e8100d5
:1025d0000010a100d00e890010d920001040780012
:1025e0000080fb0061006000004078000004e00013
:1025f0006000320020c32200104078000080fb0001
:1026000040618900406181004600dd004061890031
:10261000406181001004b000406189004061810088
:102620000000e80085d12200a4d12200e3c22200ec
:1026300012c0b3008000780000cab30054af02009b
:102640000100000020c32200104078000080fb0041
:1026500040618900406181004600dd0040618900e1
:10266000406181001004b000406189004061810038
:1026700085d12200a4d12200d3c2220012c0b3000f
:102680008000780000cab30054af020001000000cf
:10269000d0c22200104078008080fb00000420009f
:1026a000008060000000e0000400320000c322004f
:1026b00011c0b300014878000300370000c32200b6
:1026c0008040eb0001487800d0c222001040780022
:1026d0008080fb0000022000008060000000e0001d
:1026e00004003200f0c2220011c0b300014878009b
:1026f00003003700f0c222008040eb000148780060
:1027000010102c000cf602000100000000c3220093
:102710001042780000c022009041780020c32200bf
:10272000104078000041e800e0c2220090407800ac
:10273000f0c22200104078008043eb000443780090
:1027400083427800024278008041eb00014178002a
:102750008040780060be2200d67c020001000000ac
:102760000029210041c1b30001487800a0072000e2
:10277000709b880000292100104078000004e000d0
:10278000f3003a00e00b2000709b88000301370043
:1027900010d92000104078000080fb00620060002b
:1027a0000000e00002003200b0072000709b8800ab
:1027b00000292100104078000004e000e6003a0003
:1027c000e00b2000709b8800f400370010d9200037
:1027d000104078008080fb00000220000080600034
:1027e0000000e00002003200a00f2000709b880073
:1027f00010d92000104078008080fb0000042000e9
:10280000008060000000e000d5003200c00720001a
:10281000709b8800e100370020c322001040780040
:102820008040e80020c322000148780020c3220035
:1028300010407800e94f50000600360050be2200dc
:102840008040eb0001487800e00b2000709b88007e
:10285000d2003700d0072000709b8800cf003700df
:1028600020c32200104078000080fb0040618900f6
:10287000406181004600dd004061890040618100c7
:102880001004b000406189004061810085d12200c0
:10289000a4d12200d3c2220012c0b300800078006d
:1028a00000cab30054af020001000000c0072000be
:1028b000709b8800d0c2220090407800e0b32000d6
:1028c0001040780000c060000004e000a600320064
:1028d000920120008000eb0060be2200f2040200a2
:1028e0000000000061be22004061810063004000e2
:1028f00084d12200a3d12200010178008000780059
:1029000000cab30048f0020001000000f0bf22003e
:102910008040eb000148780060be22001040780043
:102920000004e0009200320060be2200a2f2020029
:10293000010000000000e0008f003200e0072000ee
:10294000709b88000029210041c0b3000148780035
:102950009200370000292100104078000004e000b8
:1029600087003a0090072000709b88000029210012
:1029700021c3b3000148780088003700f00b200025
:10298000709b88000029210031c0b3000148780005
:1029900006d9020000000000f0d820009040780026
:1029a000a0c5b30080cf50007700320011c0b30043
:1029b00000042000e440020001000000770037001e
:1029c00000292100104078000004e00004003200db
:1029d00050d82000104078000004e0006c003a005d
:1029e000a00f2000709b8800f0fd200010407800b0
:1029f0000004e0006800320050be22008040eb007e
:102a00000148780093212000f20020008040eb0074
:102a100000122c007ad80200000000005f0037008e
:102a200040d9200010407800e34f500009003a00e0
:102a3000e0b32000104078000080fb0062006000de
:102a40000000e0000300320040d9200041c0b30084
:102a50000148780050d9200010407800e34f500022
:102a600009003a00e0b32000104078000080fb002d
:102a7000640060000000e0000300320050d9200034
:102a800041c0b3000148780060d9200010407800b0
:102a9000e34f500009003a00e0b3200010407800f6
:102aa0000080fb00680060000000e00003003200ce
:102ab00060d9200041c0b3000148780070d92000df
:102ac00010407800e34f500009003a00e0b32000c6
:102ad000104078000080fb00700060000000e00003
:102ae0000300320070d9200041c0b30001487800d3
:102af0000000eb00709b880028003700a00f20002a
:102b0000709b88002500370000000000230037007c
:102b10000000000021003700000000001f00370007
:102b2000000000001d003700000000001b003700ff
:102b300000000000190037000000000017003700f7
:102b400000000000150037000000000013003700ef
:102b50000000000011003700000000000f003700e7
:102b6000000000000d003700000000000b003700df
:102b700000000000090037000000000007003700d7
:102b800000000000050037000000000003003700cf
:102b90000000000001003700000000000080fa0083
:102ba000000006000000fa006000b8007012890002
:102bb000811289000000eb00901289006000b800cb
:102bc000a0128900b11289000080eb008080eb0028
:102bd000c0128900d11289000000eb00e0128900c8
:102be000f01e81000070a100f01e8900f01e81001f
:102bf0000050a100f01e8900f01e81000060a100bd
:102c0000f01e8900904522008040eb0001487800ca
:102c1000904122008040eb0001487800f01e8100c6
:102c20000080a100f01e8900f01e81000090a1002c
:102c3000f01e89000000eb00d03689000000eb0098
:102c4000f03689006000b80000378900113789002c
:102c5000003e22008040eb00014878006000b80090
:102c6000101f8900211f8900603e22008040eb0078
:102c7000014878000080eb008080eb0050688900fc
:102c800061688900406e22008040eb0001487800b6
:102c9000207122008040eb00014878006000b800fd
:102ca000a0388900b13889006000b800c0388900b8
:102cb000d13889006000b800e0388900f138890017
:102cc00001398100c0ff2f000080600000398900b9
:102cd000003981000020a100003989000080fa003d
:102ce000000006000000fa00f01e81000050a10064
:102cf000f01e8900f01e81000060a100f01e890016
:102d0000904522008040eb0001487800904122006d
:102d10008040eb0001487800f01e81000080a10097
:102d2000f01e8900f01e81000090a100f01e8900b5
:102d30000000eb00d03689000000eb00f03689007f
:102d40006000b80000378900113789006000b800c2
:102d5000e0388900f138890001398100c0ff2f0077
:102d6000008060000000a000003989000039810067
:102d70000020a100003989000080fa000000060050
:102d80000a00fa001007980041479800320798009f
:102d900043079800a2388100b33881003e009000bc
:102da000ce009000800f5100818f59002400310027
:102db000ce409000d0c2b30080cf50000200360059
:102dc000d0c2b300404798000040eb00004f7800ad
:102dd000090037001e81fb001e80fb009e00900052
:102de0000080400090407800406e220000004100ca
:102df000014878001e4fe8004e4090009e40780049
:102e000080cf5000f3ff39004e4090008080fb00df
:102e1000406e2200008040008040eb0001487800b6
:102e200020712200ce409000014878003e019000c1
:102e3000ce019000a2388900b33889000100370024
:102e4000000000000080fa00000006000600fa0002
:102e50001007980041479800207122001040780028
:102e60000004e0000500320020712200904078004c
:102e70004e40900080cf5000020032000040eb0036
:102e8000170037000040eb00004f78000f003700bc
:102e90001e80fb009e009000008040009040780063
:102ea0001e81fb006049200000014100e024220057
:102eb000000041001040780080cf50000200320036
:102ec0000040eb00060037001e4fe8004e40900027
:102ed0009e40780080cf5000edff390010c0b30055
:102ee0000080fa00000006000600fa00008fbe0015
:102ef000220798001e00be00c001dd000200200075
:102f00002e0090008000eb000000710081807100b5
:102f10000080fa00000006000200fa00004f78006e
:102f2000f0c2b3009e40780080cf5000070036000a
:102f300090c3b3009e40780080cf500003003e0055
:102f400000cdb3001e4040001700370000c4b3009e
:102f50009e40780080cf50000700360060c4b30068
:102f60009e40780080cf500003003e0090ccb3001c
:102f70001e4040000c00370000c6b3009e407800a1
:102f800080cf50000700360060c6b3009e40780036
:102f900080cf500003003e0090cab3001e404000a6
:102fa0000100370000c0eb000080fa0000000600be
:102fb0000400fa00100798001e00900010407800ee
:102fc000d5ff0700004f78001e0090000000e800c9
:102fd00010407800d0ff0700104798001e4078008e
:102fe000e14f4000030032001e409000e14f4000de
:102ff00002003a0000c0eb00050037001e80fb0015
:103000004400dd00804078001e40900000c0700049
:103010000080fa00000006000a00fa00300798005d
:10302000410798003e029000ce02900000802f00e1
:10303000f1ff2f0004037800050278008002780079
:103040008100780005006300810062008101780042
:1030500000017800028fbe00506881006168810025
:103060001e01be00800f5100818f590002003a00fe
:103070000040eb002d00370030002400003b8800aa
:103080001e007800103b88001e00be004008de00d5
:1030900080007800f007200000806000203b88005e
:1030a000110480002107980083e0a90000000000bf
:1030b0000000000050052000303b8800a00a2000de
:1030c000303b880061e7a80000000000000000001d
:1030d00000000000013b800000002800008060002c
:1030e0000000e000fbff3a0083e0a80000000000c1
:1030f000000000002e01900012048800013b8000b7
:1031000000002200008060000000e00003003200a8
:1031100061a7a90010c0b300040037001e01be0063
:1031200052688900636889000040eb000080fa0063
:10313000000006001400fa00881f7800000f9800b5
:10314000110f98000e0990009e099000028fbe009a
:10315000a30280002307980000002000f107200050
:103160001e03be0006047800070378008003780081
:10317000810078000700640081006300810278000c
:10318000000278000400be004008de000000780065
:10319000a00288009e007800310798003e00900051
:1031a0001000ba00400798003e0090001080ba005e
:1031b000500798002e019000a20288004e00900057
:1031c0008000eb0060079800710798005e00900097
:1031d0006102b800f00f2000010020000403780015
:1031e0000502780080027800810078000500630005
:1031f0008100620081017800000178000200be00b9
:10320000c000dd00000020006e019000fe01900073
:1032100000007100818071006007980071079800bc
:103220006e009000fe0090004f0478000080fa00cd
:10323000000006004600fa00701f98000127980061
:1032400012279800232798007e1990008e21900065
:10325000c0ff2f00f1ff2f00020378000301780068
:103260008001780081007800030063008100610024
:103270008102780000027800048fbe001e01be00ab
:103280002207980033079800220020000300200046
:103290003e004100ae804900400798005107980069
:1032a0002e009000be009000a2ff0700600798006b
:1032b000710798004e009000de0090009dff07000f
:1032c000000f9800110f9800020220000e0141002b
:1032d0006e009000fe009000809fbe0080682c0071
:1032e000801f780002007800bc040200000000008b
:1032f000e6875700000220000e0040000cf6020096
:10330000010000001e219000ae219000620798008d
:103310007307980010002400003b88001e0078000e
:10332000103b88001e00be004008de0080007800d0
:10333000f007200000806000203b8800a30280008e
:10334000230f9800a00f2000a0028800ee0090003c
:10335000310f98006e009000fe0090004008de00e3
:1033600080007800f00f200000806000400f98007f
:103370000000eb00be0890000108bb000000eb005d
:10338000ce0890000188bb000e099000320f980013
:103390000e0890009e0890004008de008000780033
:1033a000f00f200000806000400f980020002000f7
:1033b000be0890000108bb0020002000ce0890004d
:1033c0000188bb00ae099000a302880011048000b0
:1033d000510f980083e0a9000000000000000000e9
:1033e00050052000303b8800a00a2000303b8800b8
:1033f00061e7a800000000000000000000000000dd
:10340000013b800000002800008060000000e00018
:10341000fbff3a0083e0a80000000000000000006d
:103420005e09900012048800013b80000000220029
:10343000008060000000e00006003200a0692c005f
:103440000cf602000100000061a7a9000000eb00db
:10345000150037002e009000be00900035ff0700d9
:10346000600f9800710f9800020220000e014100c9
:103470006e089000fe089000809fbe00606a2c00dd
:10348000801f780002007800bc04020000000000e9
:10349000e6875700000220000e0040000cf60200f4
:1034a00001000000100020000080fa00000006006b
:1034b0001000fa0050079800610798007207980002
:1034c000603e22008040eb00014878007e009000c2
:1034d0000000e00005003a00603e220011c0b30089
:1034e0000148780010c0b3006e0037005e00900005
:1034f000ee009000c8fe07000004e0000500320066
:10350000603e220021c0b3000148780020c0b30013
:103510006400370020002400003b8800a1028000e6
:1035200011079800a00f2000a00288005e00900004
:10353000103b88005e009000ee0090004008de0026
:1035400080007800f007200000806000203b8800a9
:103550000000eb00000f7800260037001e00780006
:103560006300b90000007800fe0090000080400079
:10357000104078000080fb00200798001e007800b3
:103580006300b900000078000000e800fe00900031
:1035900000804000104078000080fb004800dd0003
:1035a000ae00900001007000200798001e00780017
:1035b0006300b900000078000080e800fe00900081
:1035c00000804000104078000080fb003007980029
:1035d0001e00780000004000ae0090000108bb0013
:1035e0001e00780000004000be0090000188bb0073
:1035f0001e0fe8009e007800f0072000808f50002a
:10360000d6ff36009e009000a102880011048000c1
:103610004107980083e0a9000000000000000000be
:1036200050052000303b8800a00a2000303b880075
:1036300061e7a8000000000000000000000000009a
:10364000013b800000002800008060000000e000d6
:10365000fbff3a0083e0a80000000000000000002b
:10366000ce00900011048800013b80000000220081
:10367000008060000000e0000600320061a7a900a1
:10368000603e220031c0b3000148780030c0b30072
:1036900004003700603e22008040eb0001487800c3
:1036a0000040eb000080fa00000006000a00fa006b
:1036b000400798006000b800008fbe00ce00900068
:1036c000f0ff200000806000200798002e0090008e
:1036d0008080ea00f0ff2000008060003007980042
:1036e0002e0090008000eb00008fbe003e00900096
:1036f0006101b8004c18dd00c410de0081007000cc
:103700004c10dd001e1f70001e9770001e00be00d2
:103710000080fa00000006001000fa00c06b2c00c8
:103720000cf6020001000000013b80000040200078
:10373000008060000000e0000b003200406d2c00b3
:103740000cf6020001000000c0ff2500510420001b
:10375000008fbe00c0ff2500510020002007980008
:10376000310798000a003700306e2c000cf602007a
:1037700001000000c0ff250051002000008fbe00a6
:10378000c0ff250051042000200798003107980051
:103790000000eb00c5ff07004007980051079800a4
:1037a00010002000c1ff0700600798007107980013
:1037b0004e019000de0190002e009000be009000af
:1037c0009cfe07000000e00002003a000000eb0051
:1037d000090037006e019000fe0190001e00be003f
:1037e00094fe07000000e00002003a000000eb0039
:1037f00001003700100020000080fa0000000600e1
:103800000600fa00200798002e00900090407800f3
:10381000a0c3b30080cf50000200320010c0b3003c
:103820002a00370010002000000f78002000370029
:103830001e007800ae00900000804000104078002c
:1038400020479800ae409000f0c2b30080cf5000f7
:1038500004003400ae40900090c3b30080cf50000d
:1038600012003400ae40900000c4b30080cf50007e
:1038700004003400ae40900060c4b30080cf50001c
:103880000a003400ae40900000c6b30080cf500064
:1038900004003400ae40900060c6b30080cf5000fa
:1038a0000200340010c0b300080037001e0fe8000b
:1038b0001e007800ae0090000080400010407800ac
:1038c0000004e000daff3a000040eb000080fa005c
:1038d000000006000e00fa00881f780060079800bc
:1038e0006e00900090407800a0c3b30080cf5000dd
:1038f0000200320010c0b3007d0037006e0090005f
:103900000000e800aafd070040479800ce40900064
:1039100000c2b30080cf50000200360010c0b300d8
:10392000730037006e00900067004000a0fd0700a4
:10393000504798005e409000e54f5000020036006e
:1039400010c0b3006a0037006e00900063004000b2
:1039500097fd07000080fb004804dd006e0090002a
:103960006500400092fd07000080fb000800700029
:10397000300798000040eb00004f78004e40900068
:103980001e4f40003e0090004800de0000407800de
:103990001e4f40003e009000004078001e4f400047
:1039a0005e4090001e4f40000000eb0010079800a2
:1039b0001c0037001e00900000004000690040001d
:1039c000ee0090000080400079fd0700004f980055
:1039d0009e00900030002800008060000000e000a1
:1039e00004003d000000e900c1ff2f0000807000ce
:1039f0000000e800e30f500005003a000e48900078
:103a00000004e0000200320010c0b30038003700ac
:103a10000e4890001e4f40001e0090000000e8007d
:103a2000100798004e4090008080fb001e00900020
:103a3000808f5000dfff3c004e4090000080fb0074
:103a40000000400069004000ee009000008040004f
:103a500057fd0700104f98001e40ea00204f9800c5
:103a6000ae4890001e48900080cf50000200320007
:103a700010c0b3001e0037004e4090000080fb00d5
:103a8000000040006b004000ee009000008040000d
:103a900010407800ea4f5000140032004e40900071
:103aa0000080fb00000040006b004000ee00900032
:103ab0000080400010407800ed4f50000b003200b5
:103ac0004e4090000080fb00000040006b00400072
:103ad000ee00900000804000104078000004e000fc
:103ae0000200320010c0b300010037000040eb00bc
:103af0004f0478000080fa00000006000800fa0079
:103b000020079800614798006e409000e24f5000f7
:103b1000280036002e0090000000e80024fd070079
:103b2000004f780000c2b3009e40780080cf500064
:103b30000200360010c0b3001f0037001e4078009e
:103b4000004040006b40400010479800ee4090005d
:103b50001e40900080cf50000e0039002e009000d3
:103b60005cff07000004e00005003200206f2c001d
:103b70000cf602000100000020c0b3000e00370068
:103b80002e0090000e000700204798002e40900065
:103b9000090037002e0090000cf602000100000022
:103ba00020702c000cf602000100000010c0b300d1
:103bb0000100370010c0b3000080fa0000000600ca
:103bc0006e00fa00889fbe008a9fbe008c9fbe00d8
:103bd000503798000040eb00604f98005e30900036
:103be0000000e800f2fc0700704f98005e30900083
:103bf00063004000eefc07000080fb004800dd0091
:103c0000603798005e30900065004000e8fc0700d7
:103c10000080fb00ee30900001007000000f980063
:103c20005e30900067004000e1fc070020579800dc
:103c30002e5090000004e0001f013a00f11e8100a8
:103c400000082000008060000000e0001a013a0037
:103c5000a0128100b11281000e099000a2fc0700a1
:103c6000200f9800310f98002e089000be08900099
:103c70008100d1000080d300200f9800310f980000
:103c80002e099000be0990000000200001042000d1
:103c90000200400083804800400f9800510f9800b8
:103ca0004e099000de099000f0ef2500510420003d
:103cb000800f5100818f590013003600e0128100ff
:103cc0000000e0000c003200c0128100d11281001f
:103cd000e2252200f6fd07000004e00004003200a7
:103ce00090c0b300604f98006e4890007801370094
:103cf0000000eb00e0128900f01e81000070a000bf
:103d0000f01e8900ec003700c2128100d31281003e
:103d10000080eb008080eb00800f5100818f590004
:103d200081003200121f8100231f8100003e22000b
:103d3000104078000080fb000000d10000407800b7
:103d40000080fb008000eb000201400083814800fe
:103d50004e089000de089000800f5100818f5900be
:103d600071003200f01e81004900de0061406000f9
:103d70008081fb00101f8100211f8100e2022000d2
:103d80000e014100831f7800809fbe004e08900006
:103d9000de089000809fbe00c0712c00801f78005c
:103da00002007800bc04020000000000ec8757000d
:103db000e00220000e0040000cf6020001000000ae
:103dc000e01281000000e0000c003200c01281000f
:103dd000d1128100e2252200b5fd07000004e000b9
:103de0000400320090c0b300604f98006e4890000d
:103df000370137000000eb00e0128900f11e81005e
:103e000000202000008060000000e00004003a0074
:103e100030c0b300604f98006e4890002c0137000e
:103e2000f01e81000090a100f01e8900008020009b
:103e300001002000600f9800710f9800c2128100ed
:103e4000d312810000802f00f1ff2f0002027800c2
:103e5000030178008001780081007800030062008f
:103e60008100610081067800000678000c00be0029
:103e700010079800210798004e099000de09900075
:103e800000802f00f1ff2f0002027800030178006c
:103e900080017800810078000300620081006100e9
:103ea00081057800000578000a00be000017980020
:103eb00011179800110037001e009000ae0090000e
:103ec00055fc07000004e00004003200a0c0b3006d
:103ed000604f98006e489000fd0037001e01900072
:103ee000ae0190006e089000fe08900002004000b5
:103ef0008380480010079800210798001e01900059
:103f0000ae0190000e1090009e109000800f5100a6
:103f1000818f5900e8ff36000080eb008080eb00c5
:103f2000c0128900d11289004e099000de0990006c
:103f3000121f8900231f8900003e2200fe499000c5
:103f400003487800f01e81000090a100f01e890057
:103f50000000eb00000f7800530037009e0078004f
:103f600063806000e30f50004d003200e0128100da
:103f70000000e0002c003a00c2128100d312810040
:103f80000080eb008080eb00800f5100818f590092
:103f900010003a004e099000de09900000f02f005a
:103fa000f1ff2f0002027800030178008001780001
:103fb00081007800030062008100610081047800c4
:103fc000000478000800be00c0128900d1128900e8
:103fd00006003700c0128100d11281000010b0002d
:103fe0000180b000c0128900d11289000000eb00ee
:103ff0003007980008003700be009000e02522003e
:104000000080400080c0eb00014878003e00900036
:104010000000e80030079800be009000f017200074
:10402000808f5000f4ff3600ea1281001e007800f5
:104030000000400069004000de3090000080400039
:10404000dbfb0700e1252200810045008048780065
:10405000e01281000000e800e0128900e112810016
:1040600000182000808f50000e003a00c01281001e
:10407000d1128100e22522000dfd07000004e000be
:104080000400320080c0b300604f98006e4890007a
:104090008f0037000000eb00e012890001003700bc
:1040a000000000001e0fe8007e4890000080fb002a
:1040b0009e0f5000a9ff3e002e5090000004e0002b
:1040c00064003a00f11e81000008200000806000ba
:1040d0000000e0005f0032007e489000e44f500096
:1040e0000500360030752c000cf6020001000000bf
:1040f00030c0b30076003700a0128100b1128100f9
:104100000e09900078fb07002017980031179800df
:104110002e109000be1090008100d1000080d300ce
:1041200020179800311798002e119000be119000b2
:1041300000002000010420000200400083804800ad
:1041400040179800511798004e119000de11900012
:10415000c0ff250051042000800f5100818f5900bd
:10416000020036000040eb00590037006000b80044
:1041700040079800510798000000eb006007980086
:10418000140037006e0090000000400069004000fd
:10419000de3090000080400085fb07008080fb003f
:1041a0006e0090004300dd000008dd00cf80de00df
:1041b0004e019000de0190000000710081807100ce
:1041c00040079800510798006e0090000000e8003a
:1041d000600798007e4890008080fb006e00900091
:1041e000808f5000e7ff3c00e20220000e014100fa
:1041f0004e009000de009000809fbe004e109000a8
:10420000de109000809fbe00a0782c00801f7800f8
:1042100002007800bc04020000000000ea8757009a
:10422000e00220000e0040000cf602000100000039
:104230004e019000de0190004e109000de109000c4
:10424000fcfb07000000e0001f003a0010c0b300b4
:104250001f0037002e509000e44f500013003a002a
:104260005e3090006900400051fb07000080fb00b9
:104270004804dd005e3090006b0040004cfb0700fe
:104280000080fb0008007000601798006e1090001e
:104290008000eb00a0128900b1128900f01e81009d
:1042a0000090a000f01e8900080037002e509000fa
:1042b000e14f500005003a00f01e81000050a000c0
:1042c000f01e890001003700000000000040eb00f4
:1042d0004f06be004f05be004f04be000080fa002e
:1042e000000006006401fa00889fbe008a9fbe009d
:1042f0008c9fbe00001f9900111f99006000b8003c
:1043000000179800111798006000b8002017980057
:10431000311798005f003700ae1090001e18910012
:1043200001004000104078000081fb008001eb009c
:104330000e1090004200dd00000047000003b000b6
:104340000288be000e109000c200dd0000032000b5
:104350000e004000010040001000be004809dd00d2
:10436000c801de00830171004801dd002e109000bd
:104370008000e8001e189100010040001040780005
:104380000080fb008000eb00000171008181710062
:104390000e1090004200dd00000047000003b00056
:1043a0000288be000e109000c200dd000003200055
:1043b0000e004000010040001000be004809dd0072
:1043c000c801de00830171004801dd002e1090005d
:1043d0008080e8001e189100010040001040780025
:1043e0000080fb008000eb00000171008181710002
:1043f0000e1090004200dd00000047000003b000f6
:104400000288be000e109000c200dd0000032000f4
:104410000e004000010040001000be004809dd0011
:10442000c801de00830171004801dd002e109000fc
:10443000e30040001e189100010040001040780089
:104440000080fb008000eb000001710081817100a1
:104450000e1090004200dd00000047000003b00095
:104460000288be000e1090009e1090006100400077
:10447000e080480000179800111798002e10900057
:10448000be10900064004000e080480020179800b3
:10449000311798000e1190009e119000f00020003e
:1044a00001002000800f5100818f59009aff3600d3
:1044b000850037000e1090009e10900062005000a2
:1044c000e0805800c200dd00000320000e00400024
:1044d000010040001000be008001d1004f09dd0046
:1044e000830371000101d1004f00dd000203700061
:1044f0000e1090009e10900062005000e080580066
:10450000c200dd00000320000e004000010040005a
:104510001000be00c301de004d09dd008304710000
:104520004309de004d00dd000204700008016b004d
:1045300089816b000e1090009e1090006200500068
:10454000e0805800c200dd00000320000e004000a3
:10455000010040001000be00460add004a00de00f7
:1045600000007200ca08de00000169008181690054
:104570000e1090009e10900067005000e0805800e0
:10458000c200dd00000320000e00400001004000da
:104590001000be0002024000838248000e1090000e
:1045a0009e1090006f005000e0805800c200dd00b7
:1045b000000320000e004000010040001000be007b
:1045c000c901dd004709de00830571004909dd00ee
:1045d0004700de00020570000e1090009e10900053
:1045e0006f005000e0805800c200dd000003200092
:1045f0000e004000010040001000be00c201de00bd
:104600004e09dd00830671004209de004e00dd0028
:10461000020670000c016d008d816d00023799005b
:10462000133799000e1090009e1090006f005000fc
:10463000e0805800c200dd00000320000e004000b2
:10464000010040001000be00cd09dd004300de0087
:1046500000807100c308de000e3191009e31910090
:1046600000006900818069000401400085814800e4
:104670000e1090009e10900070005000e0805800d6
:10468000c200dd00000320000e00400001004000d9
:104690001000be0002014000838148000e1090000f
:1046a0004200dd00000047000003b0000288be00a9
:1046b0000e1090009e10900061004000e0804800c5
:1046c00000179800111798000e1190009e1190008d
:1046d000f003200001002000800f5100818f59005d
:1046e00074ff36000e18910060229000f0229000b6
:1046f000048fbe000e189100002b9000902b9000ac
:1047000026079800370798000e189100202990007e
:10471000b029900042079800530798000e189100a6
:10472000402a9000d02a90006407980075079800ee
:104730000e189100602b9000f02b9000060f98004f
:10474000170f98000e1891000031900090319000e2
:10475000220f9800330f98000e189100203290001d
:10476000b0329000440f9800550f98000e18910039
:1047700040339000d0339000660f9800770f980078
:104780006000b8000017980011179800ee0037007d
:104790000e089000ca00dd001e0890004600de00f2
:1047a00001007000301f99001e089000ca00dd0053
:1047b0000e0890004600de0001007000201f9900e6
:1047c0000e089000c500dd001e0890004b00de00c2
:1047d00001007000501f99001e089000c500dd0008
:1047e0000e0890004b00de0001007000401f990091
:1047f0002e1a9100be1a91004e1b9100de1b9100f3
:1048000006016a0087816a000e089000c900de0078
:104810001e0890004700dd0001007000701f990025
:104820001e089000c900de000e0890004700dd0061
:1048300001007000601f99006e1a9100fe1a91002d
:1048400004016900858169006e089000fe089000ef
:1048500002044000838448000e0890009e089000e7
:104860002e099000be0990008002780001027800b5
:1048700082007800030078008180620000006200fe
:1048800070279900612799006e239100fe23910003
:104890000e0890009e0890000080ea008180ea00e7
:1048a0004e099000de099000800278000102780035
:1048b00082007800030078008180620000006200be
:1048c000102f9900012f99000e2891009e28910029
:1048d00000006b0081806b00080140008981480066
:1048e0000e109000c200dd00e07a2c000080400035
:1048f0001000be0002014000838148000e109000ad
:10490000c200dd00000320000e0040000100400056
:104910001000be000200400083804800401798004d
:10492000511798001e007800ce00dd001e00900098
:104930004200de0001007000102799001e00900068
:10494000ce00dd001e0078004200de000100700095
:10495000002799001e007800c300dd001e009000b3
:104960004d00de0001007000302799001e0090000d
:10497000c300dd001e0078004d00de000100700065
:10498000202799000e2391009e2391002e22910052
:10499000be22910004016b0085816b001e0078002f
:1049a000c600de001e0090004a00dd00010070001d
:1049b000502799001e009000c600de001e007800ff
:1049c0004a00dd0001007000402799004e2391004d
:1049d000de23910006046900878469002e0190009f
:1049e000be0190001e00be00800278000102780027
:1049f000820078000300780081806200000062007d
:104a0000302f9900212f99002e2b9100be2b910061
:104a10004e019000de0190001e00be008002780072
:104a20000102780082007800030078008180620033
:104a300000006200502f9900412f99004e289100ec
:104a4000de28910000036b0081836b002e00900034
:104a5000be0090004e019000de01900080027800c0
:104a600001027800820078000300780081806200f3
:104a700000006200702f9900612f99006e2891004c
:104a8000fe28910000006b0081806b000800400050
:104a90008980480060179800711798004e099000af
:104aa000de099000620f9800730f98002e0a9000a4
:104ab000be0a9000440f9800550f98000e0b90000e
:104ac0009e0b9000260f9800370f98006e01900003
:104ad000fe0190004e109000de1090000200400099
:104ae00083804800000f9800110f98004e0190003d
:104af000de01900062079800730798002e02900074
:104b0000be02900044079800550798001e03be009f
:104b100026079800370798004e119000de1190008c
:104b20006e109000fe109000001f41000197490098
:104b30000e1090009e10900061004000e080480040
:104b400000179800111798000e1190009e11900008
:104b5000f003200001002000800f5100818f5900d8
:104b60000bff36000e189100f0209000602090009e
:104b70003e014000ae8148000200be000e199100c7
:104b800060219800712198000e1891000029900072
:104b9000902990002e009000be009000020040007e
:104ba000838048000e19910000299800112998006f
:104bb0000e18910020299000b02990004e0090001e
:104bc000de00900002004000838048000e19910032
:104bd00020299800312998000e1891004029900052
:104be000d02990006e009000fe009000020040006e
:104bf000838048000e19910040299800512998009f
:104c00000e18910060299000f02990000e08900085
:104c10009e08900002004000838048000e19910019
:104c200060299800712998000e18910000319000b9
:104c3000903190002e089000be08900002004000c5
:104c4000838048000e1991000031980011319800be
:104c50000e18910020319000b03190004e08900065
:104c6000de08900002004000838048000e19910089
:104c700020319800313198000e1891004031900099
:104c8000d03190006e089000fe08900002004000b5
:104c9000838048000e1991004031980051319800ee
:104ca0004f06be004f05be004f04be000080fa0054
:104cb000000006000200fa00000f78001e017800d4
:104cc0006000b80000219800112198001e027800b1
:104cd0006000b8006011b8002022980031229800ce
:104ce00042229800532298001e01780070662e0020
:104cf00091a0260060219800712198001e01780083
:104d000050e82a0071b62b0000299800112998005c
:104d10001e01780020372f00e1c6230020299800cb
:104d2000312998001e017800a0532f00f1542a0069
:104d300040299800512998001e017800f02725008d
:104d4000e110250060299800712998001e01780063
:104d5000c088260051b02900003198001131980018
:104d60001e017800b09a2d0031f821002031980002
:104d7000313198001e01780090d12c0001be250031
:104d800040319800513198000080fa000000060080
:104d90000a00fa002007980031079800420798009f
:104da0006000b800008fbe00370037002e00900072
:104db00090209000002090001e017800be0190001d
:104dc0000281410012417800ae0190000080410054
:104dd000024878002e009000902090000020900063
:104de00061004000e08048002e0190000021980002
:104df000112198002e009000002190009021900039
:104e00000004200001002000800f5100818f590014
:104e100019003a002e009000800078002e009000cb
:104e200030fd07002e00900020229000b02290005c
:104e300040239000d023900000202000010020009b
:104e40006011b8000000420081804a0002014b005e
:104e500083814b002e02900020229800312298007e
:104e600042229800532298002e0190006000b80062
:104e7000002198001121980012002000030020005a
:104e80001e0f41005e9749004e0090008000eb002d
:104e9000be0f5000ae8f5800c4ff3e000080fa00e5
:104ea000000006000800fa0020079800310798006b
:104eb0002e0090000021900090219000028fbe00f3
:104ec0002e0090000021900090219000700320009f
:104ed00001002000800f5100818f590018003e0012
:104ee0002e0090001e00400001c8b3000148780069
:104ef00012002000030020001e0f41005e974900b1
:104f0000080037002e0090001e0040008040eb009b
:104f10000148780012002000030020001e0f41000d
:104f20005e97490070032000010020001e01be00b2
:104f3000800f5100818f5900f2ff360020003700aa
:104f40002e0090001e00400001c8b3000148780008
:104f500012002000030020001e0f41005e97490050
:104f6000080037002e0090001e0040008040eb003b
:104f70000148780012002000030020001e0f4100ad
:104f80005e974900f0032000010020001e01be00d2
:104f9000800f5100818f5900f2ff36002e009000e3
:104fa000800078002e009000cefc07002e009000bc
:104fb000820320008000eb00f204020000000000e9
:104fc0002e00900020229000b022900040239000fc
:104fd000d02390002e00900000219000902190009e
:104fe0004318dd00cd10de00810070004310dd00ad
:104ff0006011b8000000420081804a0002014b00ad
:1050000083814b002e0290002022980031229800cc
:1050100042229800532298002e009000b020900069
:1050200040219000d0219000202090008040780006
:105030002e009000717898002e009000b020900013
:1050400040219000d0219000202090004800de00f8
:10505000480add0000007200804078002e009000b9
:10506000617898002e009000b020900040219000c0
:10507000d02190002020900001007800804078002e
:105080002e009000517898002e009000b0209000e3
:1050900040219000d0219000202090004808de00a0
:1050a0004812dd0000007200804078002e00900061
:1050b000417898002e009000b02090004021900090
:1050c000d0219000202090000200780080407800dd
:1050d0002e009000317898002e009000b0209000b3
:1050e00040219000d0219000202090004810de0048
:1050f000481add0000007200804078002e00900009
:10510000217898002e009000b0209000402190005f
:10511000d02190002020900003007800804078008b
:105120002e009000117898002e009000b020900082
:1051300040219000d0219000202090004818de00ef
:10514000804078002e009000017898002e0090009a
:10515000800078002e00900062fc07006000b8001c
:10516000008fbe00cb0037001e007800be0090000c
:10517000008240002e00900060219000f0219000fd
:105180009e00780080ff2f000088b90000007800a2
:1051900078004000800278007083120004003b0019
:1051a0000603ea000618de008000eb00040037006a
:1051b000061bdd000510de00000073008518de0010
:1051c00000407800004a78001e007800640040002b
:1051d000be009000008240002e0090000029900048
:1051e000902990009e00780080ff2f000088b90071
:1051f0000000780078004000800278007083120080
:1052000004003b000603ea000618de008000eb0005
:1052100004003700061bdd000510de0000007300ef
:105220008518de0000407800004a78001e007800f3
:1052300068004000be009000008240002e009000f8
:1052400020299000b02990009e00780080ff2f0058
:105250000088b900000078007800400080027800e3
:105260007083120004003b000603ea000618de000b
:105270008000eb0004003700061bdd000510de0097
:10528000000073008518de0000407800004a7800b6
:105290001e0078006c004000be00900000824000bc
:1052a0002e00900040299000d02990009e007800a8
:1052b00080ff2f000088b9000000780078004000cf
:1052c000800278007083120004003b000603ea00ad
:1052d0000618de008000eb0004003700061bdd002e
:1052e0000510de00000073008518de000040780025
:1052f000004a78001e00780070004000be00900058
:10530000008240002e00900060299000f02990005b
:105310009e00780080ff2f000088b9000000780010
:1053200078004000800278007083120004003b0087
:105330000603ea000618de008000eb0004003700d8
:10534000061bdd000510de00000073008518de007e
:1053500000407800004a78001e0078007400400089
:10536000be009000008240002e00900000319000ae
:10537000903190009e00780080ff2f000088b900d7
:1053800000007800780040008002780070831200ee
:1053900004003b000603ea000618de008000eb0074
:1053a00004003700061bdd000510de00000073005e
:1053b0008518de0000407800004a78001e00780062
:1053c00078004000be009000008240002e00900057
:1053d00020319000b03190009e00780080ff2f00b7
:1053e0000088b90000007800780040008002780052
:1053f0007083120004003b000603ea000618de007a
:105400008000eb0004003700061bdd000510de0005
:10541000000073008518de0000407800004a780024
:105420001e0078007c004000be009000008240001a
:105430002e00900040319000d03190009e00780006
:1054400080ff2f000088b90000007800780040003d
:10545000800278007083120004003b000603ea001b
:105460000618de008000eb0004003700061bdd009c
:105470000510de00000073008518de000040780093
:10548000004a780012002000030020001e0f410097
:105490005e9749001e01be00300020000100200080
:1054a000800f5100818f59002fff36000080fa00d5
:1054b000000006009600fa00108f9800218f9800d7
:1054c0000e80e800fbfd07001e889000f205020038
:1054d00000000000000f78001e0178009e889000f8
:1054e0000e80e8002afe0700110720008e80400091
:1054f0000e80e8006bfe07000000eb00000f780054
:105500001b003700100720000e0040001e00400066
:10551000104078008080fb00e00620000e00400074
:10552000811f7800e18a2c00811f7800bc040200f2
:1055300000000000e48757001e00780000004000d3
:10554000ae88900000804000eee8900001487800ae
:105550001e007800000040000000e800ae889000c7
:1055600000804000fee89000014878001e0fe8002f
:105570001e007800ff0f5000e2ff34002e889000dc
:105580000004b0008040eb00014878000080fa0081
:10559000000006006e00fa0050379800613798004e
:1055a0000000eb00000f78000000eb0010079800ef
:1055b0005e309000f205020000000000ec0f500089
:1055c00073003a003c0037001e007800de30900087
:1055d000008040009040780000c4b30080cf5000ad
:1055e000120034001e007800de3090000080400081
:1055f0009040780060c4b30080cf50000b003c00a6
:105600001e007800de3090000080400010407800de
:105610000042b00080407800640147001e00900006
:105620000000410001487800080037001e007800a3
:10563000de30900000804000904078006401470018
:105640001e00900000004100014878001e009000fc
:105650000000e800100798001e0fe8001e009000f0
:10566000e20f50000c0032001e009000e50f5000c9
:10567000090032001e009000e80f500006003200c2
:105680001e009000eb0f5000030032001e0090003f
:10569000ee0f500008003a00e40047001e009000a2
:1056a00000804000a1c3b300014878001e009000b4
:1056b0000000e800100798001e007800de3090001f
:1056c00000804000104078000004e0000400320038
:1056d0009e00900030062000808f5000baff3400fa
:1056e000e40047001e009000008040008040eb0076
:1056f00001487800360037001e007800de30900048
:10570000008040009040780000c4b30080cf50007b
:10571000120034001e007800de309000008040004f
:105720009040780060c4b30080cf50000b003c0074
:105730001e007800de3090000080400010407800ad
:105740000042b00080407800640147001e009000d5
:105750000000410001487800080037001e00780072
:10576000de309000008040009040780064014700e7
:105770001e00900000004100014878001e009000cb
:105780000000e800100798001e0fe8000100370035
:10579000000000001e007800de3090000080400015
:1057a000104078000004e000040032009e009000e9
:1057b00030062000808f5000cfff3400e400470007
:1057c0001e009000008040008040eb0001487800ff
:1057d00064004700ee30900036ff07000080fa00ba
:1057e000000006006800fa0060e7980071e7980082
:1057f000f3678100d26781007ee090008000fb00ab
:105800006ee090000000fb00831f7800821f78008c
:10581000811f7800801f780040b22b00801f780025
:105820000e007800bc04020000000000ea87570068
:105830000e0078000cf60200010000000080fa0063
:10584000000006000200fa00000f78000a0037008e
:105850001e007800100078000000e00006003a000a
:10586000d0b32b000cf60200010000006402070018
:1058700010c0b3000a003700d02480007f00600011
:105880000000e000f2ff3a00f12480000000240054
:10589000008060000000e000edff3a000040eb00f7
:1058a0000080fa00000006000200fa00000f7800f5
:1058b0001e007800e3ff0700e14f500002003a00ad
:1058c00010c0b300110037009a04a8000a00370086
:1058d0001e007800100078000000e00006003a008a
:1058e00070b52b000cf60200010000004402070016
:1058f00010c0b30005003700d024800061006000b4
:105900000000e000f2ff3a000040eb000080fa00e7
:10591000000006000400fa00004f7800110798000c
:105920001e009000c7ff0700e14f500002003a0040
:1059300010c0b3000b0037009e40780061c06000cb
:105940000080fb00610060004500dd00d124800084
:105950000150a10001007000d02488009a84a800a2
:105960000040eb000080fa00000006000200fa0090
:10597000000f78001e007800b2ff0700e14f5000d2
:1059800002003a0010c0b300030037009aa4a80038
:105990009a84a8000040eb000080fa000000060096
:1059a0000200fa00000f78001e007800a5ff070033
:1059b000e14f500002003a0010c0b3001100370060
:1059c0009a24a8000a0037001e0078001000780012
:1059d0000000e00006003a0020b72b000cf60200a1
:1059e000010000000602070010c0b30005003700e8
:1059f000d0248000620060000000e000f2ff3a0066
:105a00000040eb000080fa00000006000600fa00eb
:105a10002047980031479800220798002e009000f8
:105a200088ff0700e14f500002003a0010c0b300a9
:105a30001e0037003e409000e14f500005003a0044
:105a40002e4090000004a0000080fb00b0248800dd
:105a5000030037002e4090000080fb00b024880037
:105a60002e00900077ff0700e14f500002003a003f
:105a700010c0b3000d0037002e0090004600070054
:105a8000004f78001e4078000004e000060032005d
:105a9000f0b82b000cf6020001000000d80107004e
:105aa00010c0b300010037000040eb000080fa0096
:105ab000000006000400fa00004f7800110798006b
:105ac0001e0090005fff0700e14f500002003a0007
:105ad00010c0b300130037001e80fb00b024880004
:105ae0001e00900057ff0700e14f500002003a00ef
:105af00010c0b3000b0037001e0090002600070006
:105b0000e14f500006003a00c0ba2b000cf602002c
:105b100001000000ba01070010c0b3000100370007
:105b20000040eb000080fa00000006000200fa00ce
:105b3000000f78001e00780042ff0700e14f500080
:105b400002003a0010c0b300110037009a44a800c8
:105b50000a0037001e007800100078000000e00006
:105b600006003a0060bc2b000cf6020001000000a9
:105b7000a301070010c0b30005003700d024800047
:105b8000640060000000e000f2ff3a000040eb001b
:105b90000080fa00000006000200fa00000f780002
:105ba0001e00780027ff0700e14f50000c003a006c
:105bb00010c0b300110037001e00780010007800fc
:105bc0000000e00007003a0000be2b000cf60200c7
:105bd000010000008a01070020c0b3000700370061
:105be00000000000f1248000000028000080600018
:105bf0000000e000f0ff3a000040eb000080fa00f7
:105c0000000006000200fa00000f78001e00780075
:105c10000cff0700e14f500002003a0010c0b30033
:105c2000170037009a64a8000a0037001e007800a9
:105c3000100078000000e00006003a0060c02b0071
:105c40000cf60200010000006d01070010c0b30057
:105c50000b003700d0248000680060000000e000e6
:105c6000f2ff3a001e007800f6fe0700e14f5000f8
:105c700002003a0010c0b300010037000040eb0002
:105c80000080fa00000006000e00fa00204798008d
:105c9000210798006247980043079800540798002e
:105ca000650798000000000030d222001040780004
:105cb0000004e000fcff3a006e009000810c200020
:105cc000010878005e00900011c0b3000148780020
:105cd0006e009000dbfe0700e14f500006003a0026
:105ce0005e009000104078008040780070c5b300de
:105cf000bcfe07006a0037005e00900021c0b300c0
:105d0000014878006e009000e7fe0700e14f500068
:105d100006003a005e009000104078008040780055
:105d200070c5b300affe07005d0037005e00900055
:105d300031c0b300014878006e0190008040eb0054
:105d40002e40900031ff0700e14f500006003a005e
:105d50005e009000104078008040780070c5b3006d
:105d6000a0fe07004e0037005e00900041c0b30067
:105d7000014878002e4090008080fb00000a20003f
:105d8000808f50000e003a002e0090004800de0088
:105d9000004f7800ee0090001e40780045ff07009d
:105da000e14f500006003a005e009000104078007d
:105db0008040780070c5b3008afe070038003700c5
:105dc0002e00900000407800ee00900039ff0700a0
:105dd000e14f500006003a005e009000104078004d
:105de0008040780070c5b3007efe07002c003700ad
:105df0005e00900051c0b300014878000040eb0005
:105e0000004f78000f0037001e80fb00ce0090008e
:105e10000080400010407800ee00900025ff070051
:105e2000e14f500006003a005e00900010407800fc
:105e30008040780070c5b3006afe07001800370084
:105e40001e4fe8006e4090009e40780080cf5000ca
:105e5000edff39005e00900061c0b300014878009a
:105e60006e00900031ff0700e14f500006003a003d
:105e70005e009000104078008040780070c5b3004c
:105e800058fe0700060037005e0090008040eb00df
:105e90000148780030d2220051c0b3000148780098
:105ea0000080fa00000006000e00fa00204798006b
:105eb000210798006247980043079800540798000c
:105ec000650798006e009000810c200001087800a2
:105ed0005e00900011c0b30001487800000000008f
:105ee00030d22200104078000004e000fcff3a00ad
:105ef0006e00900053fe0700e14f500006003a008c
:105f00005e009000104078008040780020c5b3000b
:105f100034fe0700a40037005e00900021c0b300eb
:105f2000014878006e0090005ffe0700e14f5000ce
:105f300006003a005e009000104078008040780033
:105f400020c5b30027fe0700970037005e009000d1
:105f500031c0b300014878006e0190008040eb0032
:105f60002e409000a9fe0700e14f500006003a00c5
:105f70005e009000104078008040780020c5b3009b
:105f800018fe0700880037005e00900041c0b30093
:105f9000014878002e4090008080fb00000a20001d
:105fa000808f50000e003a002e0090004800de0066
:105fb000004f7800ee0090001e407800bdfe070004
:105fc000e14f500006003a005e009000104078005b
:105fd0008040780020c5b30002fe07007200370041
:105fe0002e00900000407800ee009000b1fe070007
:105ff000e14f500006003a005e009000104078002b
:106000008040780020c5b300f6fd07006600370029
:106010005e00900071c0b300014878006e009000ef
:106020005ffe0700e14f500006003a005e0090005e
:10603000104078008040780020c5b300e9fd0700db
:10604000590037005e00900081c0b300014878001d
:106050006e01900011c0b3002e4090006bfe07004f
:10606000e14f500006003a005e00900010407800ba
:106070008040780020c5b300dafd07004a003700f1
:106080005e00900091c0b300014878000040eb0032
:10609000004f78002d0037006e009000d9fe0700f9
:1060a000e14f500006003a005e009000104078007a
:1060b0008040780020c5b300cafd07003a003700d1
:1060c0001e80fb00ce00900000804000a1248000d4
:1060d00081407800014878001e80fb008000e800c5
:1060e0006e4090000080fb00808f50000b003a0053
:1060f000ee00900010c0b30006fe0700e14f500014
:1061000011003a005e009000104078008040780056
:1061100020c5b300b3fd070023003700ee00900058
:106120000040eb00fbfd0700e14f500006003a0085
:106130005e009000104078008040780020c5b300d9
:10614000a8fd0700180037001e4fe8006e409000c1
:106150009e40780080cf5000cfff39005e00900055
:1061600061c0b300014878006e0090006ffe070028
:10617000e14f500006003a005e00900010407800a9
:106180008040780020c5b30096fd07000600370068
:106190005e0090008040eb000148780030d2220081
:1061a00051c0b300014878000080fa0000000600ea
:1061b0000000fa00da46a9000a003700de46a8000f
:1061c000000520000100200006f902000100000087
:1061d000de46a900000520000100200006f90200ab
:1061e00001000000e0368000680060000000e00070
:1061f000f2ff3200da46a8000080fa000000060034
:106200000000fa009e24ef0000002800d02488003f
:10621000c0042000c02488000080fa0000000600ae
:106220000000fa009be4a9000080fa0000000600cc
:106230000400fa0020479800ae40900000cfb30061
:1062400000cf60001e80fb004400de00004f78009d
:106250001e4078006a00b90000007800004f780006
:106260002e4090006f406000204798002e40900024
:106270001e4f40001e4078000080fa00000006001b
:106280000800fa002047980021079800624798000c
:10629000a0d122008040eb000148780020cab30062
:1062a000004f78002e4090000080fb0085d1220036
:1062b000a4d12200ae0190006e41900080007800d1
:1062c0001e407800f8fe0700a0d12200a8000700b9
:1062d00010c0b3000080fa00000006000a00fa00b7
:1062e00040079800720020008000eb004e009000f4
:1062f000f2040200000000000e00e80072c0b300cb
:106300008000780020c0b300ddff0700e14f50009f
:1063100030003a003e409000f043b200c4ff070056
:10632000804078004e009000014878002e40900098
:106330000074a100beff0700804078004e0090006e
:10634000114098001e4090000074a100b8ff0700a3
:10635000804078004e009000214098004e40900010
:10636000f043b200b2ff0700804078004e0090007a
:10637000314098005e409000e74060004e00900081
:10638000514098006e4090007f406000a8ff0700d9
:10639000804078004e009000414098007e40900080
:1063a000a3ff0700804078004e00900061409800f5
:1063b0001e4090000004e00003003d0020c0b30038
:1063c000004f78000500370010c0b300004f780080
:1063d000020037000040eb00004f78001e407800bc
:1063e0000080fa00000006000800fa00204798002c
:1063f000210798006247980020cab300004f780038
:106400002e4090000080fb0085d12200a4d1220004
:10641000ae0190006e419000800078001e40780030
:1064200019fe0700a0d122005100070010c0b300e0
:106430000080fa00000006000a00fa0040079800f9
:106440004e0090000000e0002d0032004e00900051
:1064500050409000e64f50000800340072c0b30076
:106460008e00780020c0b30085ff07004e409000ea
:10647000e74060004e009000514098004e009000b0
:106480001040780021000700204798004e0090003f
:10649000104090001d000700104798004e0090002b
:1064a0002040900019000700004f78004e00900037
:1064b0003040900015000700304798004e009000d3
:1064c0005040900011000700404798004e00900097
:1064d000404090000d000700504798004e0090008b
:1064e00060409000090007006047980072c0b30048
:1064f0008e00780020c0b300bbff0700010037000a
:1065000010c0b3000080fa00000006000400fa008a
:10651000204798002e4090008080fb00d0cc2c00bb
:106520000008b8004308de00004f78001e407800e5
:106530004400dd00004f78002e4090000081fb00f9
:10654000d0cc2c000010b8004308de006a00b9006f
:106550000000780000005100204798002e40900075
:106560001e4f40001e4078000080fa000000060028
:106570000200fa00000f78001e007800104078003a
:106580000080fb00e50f50002b003200e50f5000ab
:106590000c003c00e20f500018003200e20f5000e7
:1065a00003003c00e10f50000f0032003b003700b9
:1065b000e30f500016003200e40f500019003200c3
:1065c00036003700e70f500025003200e70f50007b
:1065d0001e003500e80f500026003200e90f500081
:1065e000290032002d00370070c32b000cf602008a
:1065f0000100000010c0b30029003700c0c42b0008
:106600000cf602000100000020c0b3002400370097
:1066100020c62b000cf602000100000030c0b300c1
:106620001f00370000c82b000cf60200010000001c
:1066300040c0b3001a00370090c92b000cf60200ce
:106640000100000050c0b30015003700e0ca2b0065
:106650000cf602000100000060c0b300100037001b
:1066600030cc2b000cf602000100000070c0b3001b
:106670000b003700b0cd2b000cf60200010000002b
:1066800080c0b3000600370080cf2b000cf602005c
:106690000100000090c0b300010037000040eb0093
:1066a0000080fa00000006000c00fa003007980095
:1066b00041079800520798000e00e80042c0b3005e
:1066c0008000780090c0b300edfe0700e14f50005d
:1066d00019003a001e4090000074a100d4fe07008b
:1066e000ce009000804878002e4090000074a100f9
:1066f000cffe0700be009000804878001e4090004a
:106700000004e000050035002e4090000004e00089
:106710000200350010002000010037000000eb00ef
:10672000804078005e0090000148780010c0b300ff
:10673000004f7800140037004e00900080c0eb003e
:10674000014878003e00900080c0eb0001487800ce
:106750001e4090000004e000030035002e40900031
:106760000004e00002003d0010002000010037009e
:106770000000eb00804078005e0090000148780047
:106780000040eb00004f78001e4078000080fa00c7
:10679000000006000200fa0085d12200a4d12200e8
:1067a0008e01780012c0b3006103200000cab3005c
:1067b000bdfd07001e407800e44f500005003e007c
:1067c0001e4078000004e00002003200e0c1b30087
:1067d000004f7800c0dc200085d12200a4d1220027
:1067e0008001780022c0b300b101200000cab300cc
:1067f000adfd07001e417800d0dc2000104078007d
:1068000080407800c0dc20001040780002000700c3
:106810000080fa00000006001000fa00404f9800c7
:10682000514f9800624f98000040eb00004f7800f5
:106830006e489000e14f500002003e00e0c1b300fe
:10684000604f98006e00470012c0b30080007800cf
:10685000f0c0b300e4fe07006e4890000004e000c2
:106860001b00320030c8b300204f98006a00470078
:1068700012c0b30080007800e0c0b300dafe070069
:106880001e4078000004a000004f780070f602005f
:106890000100000010d12b000cf6020001000000e6
:1068a0006e489000e50047000041eb00fec5020085
:1068b00001000000650047000cf602000100000026
:1068c00020d22b000cf60200010000000c00370063
:1068d00030c8b300204f98006a00470012c0b300d0
:1068e00080007800e0c0b300bffe070070f6020031
:1068f00001000000c0d22b000cf6020001000000d5
:10690000de489000b0c3b30080cf50002a003e00a4
:106910004e489000f74f500027003e005e48900020
:10692000fafe0700104798004e489000f7fe070057
:10693000204798001e4078000014a000004f780007
:1069400070f602000100000020d52b000cf60200ba
:10695000010000006500470022c0b30080007800fd
:106960004e489000fec5020001000000650047008f
:106970000cf602000100000010d62b000cf60200fd
:10698000010000006500470022c0b30080007800cd
:106990005e489000fec5020001000000650047004f
:1069a0000cf602000100000030d62b000cf60200ad
:1069b000010000000900370000c8b300104798002c
:1069c00000c8b3002047980070f6020001000000e4
:1069d000f0d62b000cf602000100000000c8b30046
:1069e0003047980000c8b300404798000e00e80008
:1069f00042c0b3008000780090c0b3007afe070068
:106a00000040eb00204f98006a00470012c0b3001e
:106a100080007800d0c0b30073fe070012c0b3003e
:106a20008e00780010c0b3006ffe07000080fa00ef
:106a3000000006000200fa00881f780012c0b300b0
:106a40008e00780010c0b30040b1020001000000c9
:106a50000004e000070032001e4078000080fb00c8
:106a60006c0060000000e00002003200cab30200c7
:106a700001000000d09b8000ec0f500004003e009d
:106a8000411f200010c1b300a47a020001000000e1
:106a9000d09b8000eb0f50006a003200eb0f5000db
:106aa0000e003e00e50f50003d003200e50f5000a3
:106ab00005003e000000e0001a003200e10f500027
:106ac00021003200d4023700e60f50003a003200b5
:106ad000ea0f50004c003200cf023700ee0f50009a
:106ae00084023200ee0f500005003e00ec0f500013
:106af000b6003200ed0f5000f9003200c602370038
:106b000041062000810f5000ad023200810c2000b0
:106b1000810f5000b3023200ef0f500081023200ab
:106b2000bd023700e0d3220001c5b3000148780060
:106b300060a120008040eb00014878001000200098
:106b4000d09b8800c7023700e0d3220010407800b5
:106b50000004e00005003200e0d32200104078007d
:106b60008040e900e0d3220001487800e0d3220011
:106b7000104078000004e00002003a00a00020006d
:106b8000d09b880060a12000104078000004e00045
:106b9000a5023200a0002000d09b8800b10237007f
:106ba000e0d3220081c2b3000148780060002000d9
:106bb000d09b8800ab023700701d22001040780087
:106bc0000004e00009003a00501f22001040780045
:106bd0000004e00005003a00e0d3220010407800f5
:106be0008040e900e0d3220001487800e0d3220091
:106bf000104078000004e0008d023a00a000200060
:106c0000d09b880097023700990207000004e0003b
:106c100006003200b0002000d09b8800e0d32200a4
:106c2000a1c0b300014878008e0237006000200048
:106c3000d09b8800e0d32200a1c0b30001487800b7
:106c4000880237008a0207000004e0005500320085
:106c5000e0d32200104078000004e0004b003a002e
:106c600060b12000104078000004e00072023a0099
:106c7000b6e6a800b6c6a800ca06a800ca26a8009c
:106c800070f6020001000000a0122c000cf60200b9
:106c90000100000010c0b30016d502000100000082
:106ca000aee3a800701081000000d10061406000d8
:106cb0000080fb00801f7800a0132c00801f78004c
:106cc000c0c82000bc04020000000000e487570098
:106cd000c0c820000cf6020001000000200781005f
:106ce0000000d100614060008081fb00200781002e
:106cf000614060000081fb00501f220010407800be
:106d00008080fb00701d2200104078000080fb0096
:106d1000831f7800821f7800811f7800801f780011
:106d200000152c00801f7800c0c82000bc040200a1
:106d300000000000ea875700c0c820000cf60200df
:106d4000010000006200200061172c00c0c8200074
:106d5000e404020000000000c1c82000c0c82000f8
:106d6000daa3020000000000f0b320000cf60200dd
:106d700001000000c0172c000cf60200010000000a
:106d8000c0002000d09b880036023700e0d32200ec
:106d9000104078008040e900e0d3220001487800ec
:106da0003002370050002000d09b880056d50200ea
:106db000010000000004e000210232000040eb006e
:106dc00016d5020001000000260237002802070045
:106dd0000004e0000400320060b1200010407800a0
:106de0000004e0000f00320070f602000100000015
:106df000e0172c000cf602000100000056d502003e
:106e0000010000000004e000030032000040eb003d
:106e100016d502000100000050002000d09b880021
:106e20001002370056d5020001000000e14f50006b
:106e30000300320010c0b30016d5020001000000ac
:106e400040e980000000e0000600320040e98000d8
:106e5000e50f50000300320040e98000e60f5000cb
:106e6000f9013a00e0d3220041c0b30001487800a4
:106e70006200200061172c00c0c82000e40402005a
:106e800000000000c1c82000c0c82000daa3020032
:106e900000000000f0b320000cf60200010000002a
:106ea000c0172c000cf6020001000000605c02001c
:106eb0000100000080407800f0d3220001487800f3
:106ec000d0002000d09b880010398100e60f5000d0
:106ed000df013a00800c2000d09b8800e1013700e0
:106ee000e30107000004e0000400320060b120006c
:106ef000104078000004e0000f00320070f602003d
:106f00000100000000192c000cf602000100000036
:106f100056d50200010000000004e000030032002a
:106f20000040eb0016d502000100000050002000d8
:106f3000d09b8800cb01370040e980000000e000d2
:106f40000600320040e98000e50f500003003200e7
:106f500040e98000e60f5000bf013a00e0d3220074
:106f6000104078000004e0005c013a00e0002000de
:106f7000d09b8800a0d520008040eb00014878001d
:106f800080d520008040eb000148780090d520009b
:106f90008040eb0001487800dc4402000100000062
:106fa0008e40020001000000cab302000100000090
:106fb000b6e6a800b6c6a800ca06a800ca26a80059
:106fc0001100200010c1b300a47a020001000000eb
:106fd0000000eb00707e8800a20120008000eb0022
:106fe00040d72000f2040200000000000060fe0014
:106ff0008000eb00201a2c00daa302000000000041
:10700000f0b320000cf6020001000000f0b32000f5
:107010008040eb0001487800d02a210011c0b30065
:10702000014878000000eb00707e8800a028210055
:10703000f1c3b30001487800008120008040eb00dc
:107040000148780000000000d11c800000102000e2
:10705000008060000000e000fbff3200811d800026
:1070600000102000008060000000e000f6ff320009
:107070008fa6a800a2c6a800a2e6a90000192000b9
:10708000e059880040d920008040eb00014878009a
:10709000e0b3200010407800804078000114a10087
:1070a000e0b3200001487800301a2c000cf60200f2
:1070b0000100000000000000d11c80000010200032
:1070c000008060000000e000fbff3200811d8000b6
:1070d00000102000008060000000e000f6ff320099
:1070e0000060fe000100370000000000d11c80009d
:1070f00000102000008060000000e000faff320075
:10710000811d800000102000008060000000e00071
:10711000f5ff320041048000008020000080600004
:107120000000e000f0ff3a0051048000000024005d
:10713000008060000000e000ebff3a005004800097
:10714000680060000000e000e7ff3a000000000077
:1071500098e3a800aee3a80000000000602f210023
:107160008040eb0001487800d11c80000010200016
:10717000008060000000e00058003200811d8000a7
:1071800000102000008060000000e000530032008a
:107190004104800000802000008060000000e000ca
:1071a0004e003a005104800000002400008060007e
:1071b0000000e00049003a005004800068006000d0
:1071c0000000e00045003a00413780000020200028
:1071d000008060000000e00040003a00a13680001e
:1071e00000042000008060000000e0003b003a0046
:1071f0000040fe00602f2100104078000004fb00da
:10720000a03680004200de00614060008083fb0009
:10721000a03680004600de00614060000083fb0075
:10722000403780004900de00614060008082fb0042
:10723000500480004300de00614060000082fb00db
:10724000500480004e00de00614060008081fb0041
:10725000400480004b00de00614060000081fb00c4
:10726000801d80004800de00614060008080fb00df
:10727000d01c80004800de00614060000080fb0000
:10728000881f7800871f7800861f7800851f780088
:10729000841f7800831f7800821f7800811f780088
:1072a000801f7800101b2c00801f7800c0c82000b1
:1072b000bc04020000000000f4875700e0202c000e
:1072c0000cf602000100000000000000c0c8200011
:1072d0000cf60200010000002f003700a0368000ed
:1072e0004600de00614060000083fb004037800004
:1072f0004900de00614060008082fb005004800095
:107300004300de00614060000082fb00500480000a
:107310004e00de00614060008081fb004004800080
:107320004b00de00614060000081fb00801d80009a
:107330004800de00614060008080fb00d01c8000bf
:107340004800de00614060000080fb00861f78007e
:10735000851f7800841f7800831f7800821f7800c3
:10736000811f7800801f7800d0212c00801f7800ba
:10737000c0c82000bc04020000000000f0875700d5
:1073800010262c000cf6020001000000c0c82000ee
:107390000cf60200010000000060fe00927c02007a
:1073a0000100000000b1020001000000d095800043
:1073b000e10f400003003200d09580000000e8009b
:1073c000d0958800d0338000680060000000e000a5
:1073d00006003200e0958000e10f4000030032001b
:1073e000e09580000000e800e095880040368000cd
:1073f000700060000000e00006003a00f095800098
:10740000e10f400003003200f09580000000e8002a
:10741000f095880041368000000220000080600066
:107420000000e0000c003200403680006800600080
:107430000000e00008003200403680006400600078
:107440000000e00004003200b035800064006000fd
:107450000000e00006003a0000968000e10f4000c6
:1074600003003200009680000000e80000968800cb
:1074700000610200010000008000eb00201a2c00d7
:10748000daa3020000000000f0b320000cf60200b6
:1074900001000000c0172c000cf6020001000000e3
:1074a000f0b320008040eb000148780050e120005c
:1074b00011c0b300014878004006200060998800a0
:1074c000d1988000f00f2000808f500064003a00b7
:1074d000e01f2000d098880062003700e0d322002f
:1074e000104078008040e900e0d322000148780095
:1074f0005c00370056d50200010000000004e000e7
:10750000030032000040eb0016d50200010000002d
:107510000000eb00707e8800f0002000d09b880007
:107520005000370050e1200011c0b300014878003e
:107530000000eb00707e8800f0d32200104078003d
:107540000004e0000300320070b822008040eb002d
:107550000148780070f6020001000000d098800019
:10756000801f780000272c00801f7800c0c82000f2
:10757000bc04020000000000e4875700c0c82000df
:107580000cf6020001000000d1988000b00c200031
:10759000808f500004003a00007d20000100200090
:1075a000b0068900c1068900e00421006eb1020026
:1075b0000100000050002000d09b88002900370007
:1075c00000000000000000000000000000000000bb
:1075d00000000000000000000000eb00d09b8800cd
:1075e00020003700c0282c000cf60200010000002b
:1075f000ca7a02000100000083e0a9000000000038
:10760000000000000000000000000000000000007a
:107610000000fe00130037000000eb00d09b880044
:10762000000000000f003700000000000d003700d0
:10763000000000000b0037000000000009003700c8
:1076400000000000070037000000000005003700c0
:1076500000000000030037000000000001003700b8
:10766000000000004f0478000080fa0000000600cf
:107670000200fa0010398100e10f500006003200cc
:1076800010398100e20f50000300320010398100f0
:10769000e30f500002003a000040eb00a300370067
:1076a000d1988000f00f2000808f500002003a0037
:1076b00010c0b3009d003700d1988000700e2000ec
:1076c000808f500006003600d1988000d00e200038
:1076d000808f500002003e000040eb009300370016
:1076e000d1988000d01f2000808f50000600360007
:1076f000d198800000202000808f500002003e00c2
:107700000040eb0089003700d1988000100f200066
:10771000808f500002003a000040eb0083003700e9
:10772000d1988000b0032000808f50000600360002
:10773000d198800000042000808f500002003e009d
:107740000040eb007900370021498100000e200045
:10775000008060000000e000020032000040eb000a
:1077600072003700104080000000e000020032008c
:107770000040eb006d003700608020001040780072
:107780000004e000020032000040eb006700370018
:10779000002b2100104078008080fb0000042000b6
:1077a000008060000000e0000e003200719b80004d
:1077b00040062000808f500008003200719b80003e
:1077c00050062000808f500004003200719b800022
:1077d00060062000808f500002003a000040eb005d
:1077e0005200370050d82000104078000004e0001c
:1077f000020032000040eb004c00370080bb21004b
:10780000104078000004e00002003a000040eb0065
:1078100046003700509a8000e20f50000200360008
:107820000040eb0041003700e09a80000000e000db
:10783000020032000040eb003c003700109b80004b
:107840000000e000020032000040eb00370037008b
:10785000409b80000000e000020032000040eb008e
:1078600032003700709b80000000e0000200320010
:107870000040eb002d003700a09880000000e000e1
:10788000020032000040eb0028003700009c80001e
:10789000e10f5000020032000040eb0023003700ef
:1078a000c09c80000000e00005003200c09c800009
:1078b000e70f500002003e000040eb001b003700c5
:1078c0000040eb00004f7800080037001e80fb00ee
:1078d00041d9200061407800e54f500002003a0095
:1078e0000040eb00110037001e4fe8001e407800fa
:1078f000e34f5000f5ff360080b8220010407800ba
:107900000004e00008003200e0d8200010407800b9
:107910000080fb00640060000000e0000200320014
:107920000040eb000100370010c0b3000080fa00f7
:10793000000006000200fa00609c8000f00f50007a
:1079400006023200f00f500010003e00ec0f500015
:1079500007013200ec0f500007003e00e10f50001d
:1079600048003200e10f500024003900eb0f5000b6
:10797000f000320016033700ee0f5000a401320071
:10798000ee0f5000be013e0061013700810620006d
:10799000810f500008003e0041062000810f50007a
:1079a00030003100f40f5000f5013200f50f5000a7
:1079b0004e02320006033700a10c2000810f500058
:1079c0009d023200a10c2000810f500004003e00f7
:1079d000910c2000810f50004d023200fc02370054
:1079e000b10c2000810f5000dd023200a10f2000f9
:1079f000810f5000f3023200f50237000080eb00e7
:107a0000a0628900f0d820009040780090c5220044
:107a10000148780000d9200090407800b0c52200cd
:107a20000148780060d0220090407800a0c5220074
:107a30000148780040d2220010407800e540600004
:107a400080c5220001487800813e200040c1b3007b
:107a5000a47a02000100000040062000609c88001b
:107a6000f4023700017d200040c1b300a47a020077
:107a700001000000609c80000000e800609c88001d
:107a8000ec023700f02a2100104078000004e000ea
:107a900009003200f02a21008040eb000148780004
:107aa00040c322008040eb0001487800900c200089
:107ab000609c8800df023700d0c522008040eb00c8
:107ac0000148780040d2220010407800654f6000e5
:107ad00080c52200104078009e4f50000b003200fd
:107ae0000040eb001e35020001000000e14f500095
:107af00006003a00d0c5220010407800804078008f
:107b00000124a000d0c5220001487800c0c5220091
:107b1000104078000004e0001c00320040d2220037
:107b2000104078000080fb00640060000000e0006e
:107b30001600320040d22200104078008080fb0006
:107b400000032000008060000000e0000f003a0009
:107b5000c0c522008040eb0001487800d0c522005b
:107b600010407800804078000124a000d0c5220099
:107b700001487800d0c5220010407800804078008d
:107b80000134a000d0c522000148780090c5220031
:107b900090407800f0d820001040780080cf50004e
:107ba0000c003a00b0c522009040780000d92000b7
:107bb0001040780080cf500006003a00116d800020
:107bc0005056810080806000a0628100808f50004c
:107bd0000b0032000040eb001e35020001000000e7
:107be000e14f500006003a00d0c522001040780056
:107bf000804078000104a000d0c522000148780030
:107c0000a0c522009040780060d02200104078008b
:107c100080cf50000f003200f0ac220010407800fe
:107c20000004e0000b003d000040eb001e350200a8
:107c300001000000e14f500006003a00d0c52200cc
:107c400010407800804078000114a000d0c52200c8
:107c500001487800d0c52200104078000004e00000
:107c60002f003200509a8000e10f50002c003a00a3
:107c700040e98000e30f500029003a0060da20005c
:107c8000104078000004e000250034007ed8020097
:107c9000010000000004e00021003a00501f220013
:107ca000104078000004e0001d003a00106d8000d4
:107cb000b0628900b162810050568100008060008e
:107cc000a062890060d0220090407800a0c5220008
:107cd0000148780000d9200090407800b0c522000b
:107ce00001487800f0d820009040780090c522002c
:107cf0000148780040d2220010407800e540600042
:107d000080c5220001487800c0002000609c8800e7
:107d100040c322008040eb00014878004502370054
:107d2000a10f200040c1b300a47a020001000000ae
:107d30004002370040c32200104078008040e80035
:107d400040c322000148780040c322001040780060
:107d5000e94f500003003600a00f2000609c88000f
:107d600034023700c0002000609c880031023700d8
:107d700040c32200104078000080fb008062890030
:107d8000806281004600dd0080628900806281009f
:107d90001004b0008062890051c32200806281001b
:107da0000080e80085d12200a4d122008101780062
:107db00012c0b3008000780000cab30054af0200c4
:107dc0000100000050c3220010407800804078007d
:107dd00020c5220001487800b0002000609c880087
:107de00020c52200104078008080fb0000042000a5
:107df000008060000000e0002100320092012000bd
:107e00008000eb0050c32200f204020000000000da
:107e100051c32200806281007200400084d12200a0
:107e2000a3d12200010178008000780000cab300cd
:107e300048f0020001000000e0c422008040eb0096
:107e40000148780050c32200104078000004e00090
:107e5000e301320050c32200a2f202000100000040
:107e60000000e000e0013200d0002000609c8800ab
:107e70001029210041c1b30001487800ed0137000d
:107e8000d0c52200104078000080fb006800600030
:107e90000000e000d6013200920120008000eb00db
:107ea00050c32200f20402000000000051c322006f
:107eb000806281007200400084d12200a3d12200a0
:107ec000010178008000780000cab30048f0020089
:107ed00001000000e0c422008040eb00014878006f
:107ee00050c32200104078000004e000c2013200bc
:107ef00050c32200a2f20200010000000000e000d6
:107f0000bf01320040012000609c8800c901370099
:107f100050c32200104078000004e000330032001b
:107f200020498100610060000000e00031003a005b
:107f3000701d2200104078000004e00004003200b0
:107f4000701d220010407800e34f500029003a00d5
:107f5000501f2200104078000004e00004003200ae
:107f6000501f220010407800e34f500021003a00db
:107f7000d0c52200104078000080fb006100600046
:107f8000004078000004e0001500320020c5220007
:107f9000104078008040780000c8b30080c06000c6
:107fa000b0628100014178008000780050c3220057
:107fb0005c3b020001000000411f200040c1b300f3
:107fc000a47a020001000000e0002000609c88000c
:107fd00010292100a1c0b300014878000500370036
:107fe000f0002000609c880002003700b0002000f4
:107ff000609c880010292100104078000004e000f7
:1080000081013a00b0002000609c8800890137009f
:1080100020498100614060000080fb006100600039
:108020000000e00011003a001029210041c1b30016
:108030000148780020c52200104078000004e000cc
:1080400003003d0040012000609c880002003700d2
:10805000f0002000609c8800411f200040c1b30058
:10806000a47a020001000000720137002103200001
:1080700040c1b300a47a0200010000006d01370086
:1080800050c32200104078000004e0002a003200b3
:1080900020498100610060000000e00028003a00f3
:1080a000701d2200104078000004e000040032003f
:1080b000701d220010407800e34f500020003a006d
:1080c000501f2200104078000004e000040032003d
:1080d000501f220010407800e34f500018003a0073
:1080e000d0c52200104078000080fb0062006000d4
:1080f0000000e0000d00320050c322007c3b020073
:1081000001000000411f200040c1b300a47a02001a
:108110000100000000012000609c8800102921005f
:10812000a1c0b300014878000500370040012000dd
:10813000609c880002003700b0002000609c88002e
:1081400010292100104078000004e00030013a00be
:10815000b0002000609c8800360137002049810073
:10816000614060000080fb00610060000000e000f2
:1081700029013a0040012000609c88002d01370051
:1081800050c32200104078000004e0004a00320092
:10819000e0d82000104078000080fb006400600000
:1081a0000000e00044003200d0c5220010407800fa
:1081b0000080fb006c0060000000e0003e00320028
:1081c00040d22200104078000080fb007000600068
:1081d0000000e00038003a002049810061006000a2
:1081e0000000e0003a003a00701d220010407800c4
:1081f0000004e00004003200701d220010407800ee
:10820000e34f50002f003a00501f2200104078002a
:108210000004e00004003200501f220010407800eb
:10822000e34f500029003a0020c52200104078009a
:108230000004e00009003d00c1e22c00c0c820009d
:10824000b0f102000100000051c32200c0c82000ac
:10825000e8bc0200000000000800370031e32c00f9
:10826000c0c82000b0f102000100000051c322008c
:10827000c0c8200022b602000000000012c0b300f7
:10828000f1b3200050c32200b8d10200000000006a
:10829000411f200040c1b300a47a02000100000089
:1082a00050012000609c880010292100a1c0b3006b
:1082b0000148780006003700b0002000609c88006c
:1082c000030037000000000001003700000000003c
:1082d00010292100104078000004e000d0003a008e
:1082e000b0002000609c8800d20037002049810047
:1082f000614060000080fb00610060000000e00061
:10830000c9003a00b0002000609c8800c900370016
:1083100040c32200104078000080fb00806289008a
:10832000806281004600dd008062890080628100f9
:108330001004b0008062890051c322008062810075
:108340000080e80085d12200a4d1220081017800bc
:1083500012c0b3008000780000cab30054af02001e
:108360000100000050c322001040780080407800d7
:1083700020c5220001487800a00c2000609c8800e5
:1083800020c52200104078008080fb0000042000ff
:10839000008060000000e000230032009201200015
:1083a0008000eb0050c32200f20402000000000035
:1083b00051c32200806281007200400084d12200fb
:1083c000a3d12200010178008000780000cab30028
:1083d00048f0020001000000e0c422008040eb00f1
:1083e0000148780050c32200104078000004e000eb
:1083f0000900320050c32200a2f202000100000076
:108400000000e000040032001029210041c1b30047
:10841000014878008700370050c322008040eb00fd
:10842000014878008300370050c322008040eb00f1
:10843000014878007f00370050c3220010407800c8
:108440000004e00038003200204981006100600033
:108450000000e00022003a00701d22001040780069
:108460000004e00004003200701d2200104078007b
:10847000e34f50001a003a00501f220010407800cd
:108480000004e00004003200501f22001040780079
:10849000e34f500012003a0051c3220070e32c0059
:1084a0003cc302000000000012c0b300f1b3200082
:1084b00050c32200b8d1020000000000411f20007c
:1084c00040c1b300a47a020001000000b00c2000fb
:1084d000609c880010292100a1c0b30001487800e9
:1084e00010292100104078000004e00050003a00fc
:1084f00040c32200104078008040e80040c32200c2
:108500000148780040c3220010407800e94f500035
:1085100002003600a00f200001003700900c200060
:10852000609c88004300370040c322001040780060
:108530008040e80040c322000148780040c3220088
:1085400010407800e94f500002003600a00f2000d4
:1085500001003700900c2000609c88003500370037
:1085600020498100614060000080fb0061006000e4
:108570000000e0000e003a0040c3220010407800e6
:108580008040e80040c322000148780040c3220038
:1085900010407800e94f500002003600a00f200084
:1085a00001003700900c2000609c880021003700fb
:1085b0002103200040c1b300a47a020001000000a2
:1085c0001c00370010002000609c88001900370054
:1085d00010002000609c880000000000150037009b
:1085e00000000000130037000000000011003700f9
:1085f000000000000f003700000000000d003700f1
:10860000000000000b0037000000000009003700e8
:1086100000000000070037000000000005003700e0
:1086200000000000030037000000000001003700d8
:10863000000000000080fa00000006000600fa00ba
:10864000200798000040eb0020479800ae00900003
:10865000010f78000d0037002e4090006a00b9002d
:1086600000007800204798001e0078001040780035
:10867000804078002e40900080c0400000cdb300c4
:1086800000c04000204798001e0fe8001e00780040
:1086900090407800f0c2b30080cf50000500340055
:1086a0001e0078009040780090c3b30080cf500047
:1086b000e9ff34002e4090000080fa000000060020
:1086c0000800fa0030079800be00900011079800db
:1086d0001e00900090407800d0c2b30080cf5000c0
:1086e00006003a001e0090000000e8001007980005
:1086f00000c0eb00004f78000200370010c0b3004c
:10870000004f78000040eb00404798001000370011
:108710004e4090006a00b9000000780000407800e8
:10872000404798001e00900010407800804078007c
:108730004e40900080c0400000cdb30000c040001b
:10874000404798001e0090000000e80010079800c5
:108750001e00900090407800f0c2b30080cf50001f
:10876000050034001e0090009040780090c3b300d4
:1087700080cf5000e6ff34001e407800ce409000cd
:108780008180fb000088b90000007800004078007c
:108790000080fa00000006000800fa003007980088
:1087a0006000b8001007980021079800be009000f4
:1087b000010f78001c0037002e0090006a00b900fd
:1087c000000178001e0090006000b90000007800f1
:1087d000000141009e009000a00020000008b800a9
:1087e00001014100820078001007980021079800dd
:1087f00010079800210798001e00780010407800ac
:108800000000fb000003b100cf80de001e019000dd
:10881000ae019000020040008380480010079800dd
:10882000210798001e0fe8001e0078009040780095
:10883000f0c2b30080cf5000050034001e00780065
:108840009040780090c3b30080cf5000daff34002e
:108850001e009000ae0090000080fa0000000600ac
:108860000800fa002007980031079800be00900029
:10887000010f7800ae009000f0702200808f500051
:10888000170036002e009000c400de007034200077
:108890000008b8004308de00004078000043b00044
:1088a000804078003e009000014878003e00900033
:1088b0000000e800300798002e019000c410de0090
:1088c000703420000008b800c308de0000712200e8
:1088d0000088b900000078000000510020079800cf
:1088e000ae009000703e2000808f500018003600cf
:1088f0002e009000c300de00500c22000008b800db
:108900004408de00004078000043b000804078005a
:108910003e009000014878003e0090000000e80012
:10892000300798002e019000c310de00500c22008a
:108930000008b800c408de00803e20000088b900ae
:108940000000780000005100200798000a0037005e
:108950003e0090009e007800808f5000060032009c
:108960003e00900001c3b300014878003e00900033
:108970000000e80030079800ae00900030062000ac
:10898000808f5000180036002e009000c200de00dc
:10899000b04721000008b8000100d1000040780075
:1089a0000043b000804078003e009000014878000d
:1089b0003e0090000000e800300798002e01900073
:1089c000c210de00b04721000008b8008100d100cd
:1089d000400620000088b900000078000000510027
:1089e000200798000a0037003e0090009e007800a3
:1089f000808f5000060032003e00900001c3b3009b
:108a0000014878003e0090000000e8003007980020
:108a10002e009000e90f50000d003600ae009000cf
:108a2000d0cc2c000008b8004308de0000407800dd
:108a30000043b000804078003e009000014878007c
:108a40003e0090000000e800300798000a00370060
:108a50003e0090009e007800808f5000060032009b
:108a60003e00900001c3b300014878003e00900032
:108a70000000e800300798002e019000d0cc2c00b8
:108a80000010b8004308de006a00b900000078005a
:108a900000005100200798002e0090000040780050
:108aa0000043b000804078003e009000014878000c
:108ab0003e0090000000e800300798003e00900063
:108ac0008040eb0001487800be0090001e00780056
:108ad00000805000100798001e0090000080fa00ef
:108ae000000006000200fa00004f7800f0c2b30058
:108af0009e40780080cf50000800340090c3b3003f
:108b00009e40780080cf500004003c009e407800da
:108b100000cdb30000c040000d00370000c4b3001a
:108b20009e40780080cf50000800340060c4b3003d
:108b30009e40780080cf500004003c009e407800aa
:108b400090ccb30000c04000010037000040eb00b3
:108b50000080fa00000006000200fa00004f7800d2
:108b60001e4078000004e000060035001e4078003a
:108b7000e94f500003003c001e4078000043b00065
:108b80000a0037001e407800e94f5000060034000c
:108b90001e407800ef4f500003003c001e4078005c
:108ba0007043b0000100370000c3b3000080fa003a
:108bb000000006000400fa00100798000000eb0017
:108bc000000f78001e0090000000e0000800320056
:108bd000010037001e0fe8001e0078009e00900084
:108be00000804000104078000004e000f9ff3a00e7
:108bf0001e0078000080fa00000006000a00fa005b
:108c00004047980031079800024f9800be0090003e
:108c1000010f7800ce40900030c6b30080cf5000e6
:108c200003003e000e489000e24f5000190036004d
:108c30004e4090000080fb00c200de00b0472100e3
:108c40000008b8000100d100004078000043b000e7
:108c5000804078003e009000014878003e0090007f
:108c60000000e800300798004e4090000081fb00b3
:108c7000c210de00b04721000008b8008100d1001a
:108c8000400620000088b900000078000000510074
:108c9000404798004e409000e94f50000e003600cb
:108ca0004e4090008080fb00d0cc2c000008b80023
:108cb0004308de00004078000043b00080407800a8
:108cc0003e009000014878003e0090000000e8005f
:108cd000300798000d0037003e0090009e0078009d
:108ce000808f500003003a000e489000e14f500082
:108cf000060036003e00900001c3b3000148780032
:108d00003e0090000000e800300798004e409000c0
:108d10000081fb00d0cc2c000010b8004308de001e
:108d20006a00b90000007800000051004047980038
:108d30004e4090000043b000804078003e0090001c
:108d4000014878003e0090000000e80030079800dd
:108d50003e0090008040eb00014878003e0090000b
:108d6000804078001e0078000040780000c050006d
:108d7000204798002e4090000080fb000080fa0001
:108d8000000006000e00fa00300798004107980026
:108d900052079800434f98003e009000ce0090008c
:108da000e00f5000e08f58004d0032004e48900018
:108db000004fe9001e80fb00de00900000804000b4
:108dc0008040eb0001487800180037001e4fe90092
:108dd0003e009000ce009000a20020000300200082
:108de00068040200000000001007980021079800a6
:108df0001e80fb00de009000008040009e0090007e
:108e0000814078000143b000014878003e009000a6
:108e1000ce009000a20020000300200048040200c1
:108e20000000000030079800410798001e407800bd
:108e30000004e000050032003e009000ce009000eb
:108e4000e00f5000e08f5800e0ff3a001e4078002d
:108e50000004e0001f0032000040eb0010479800c3
:108e60000d0037001e4090000080fb00de009000e7
:108e7000008040009e80fb005e0190008100410068
:108e800091407800014878001e4090000040e800c2
:108e9000104798001e4fe8001e80fb00de00900087
:108ea00000804000104078000004e000edff3a0030
:108eb0001e4090000080fb00de009000008040001b
:108ec0008040eb00014878001e4090000080fb00cd
:108ed0000b0037004e4890000080fb000800370070
:108ee0005e00900001c3b300014878005e0090006e
:108ef0000000e8008040eb000148780010002000ee
:108f00000080fa00000006000600fa00881f7800c2
:108f100020479800210798002e4090006f4f600076
:108f2000ae40900000cfb30000c060001047980032
:108f30001e4090000080fb004400de0010479800b7
:108f40001e40900004ff0700804078002e00900033
:108f5000014878002e0090000004e8001e407800d0
:108f6000fdfe0700004c78002e0090000080e80015
:108f70008040eb0001487800200020004f0478007a
:108f80000080fa00000006000600fa0020079800a2
:108f90000000eb0010079800ae009000010f780071
:108fa0000c0037001e0090006a00b9000000780035
:108fb000100798001e007800104078008000fb0029
:108fc0001e009000008040000003b10010079800d0
:108fd0001e0fe8001e00780090407800f0c2b30039
:108fe00080cf5000050034001e00780090407800cb
:108ff00090c3b30080cf5000eaff34001e00900001
:109000000080fa00000006000800fa00604798009f
:109010006e4090008080fb000e007800811f780079
:10902000e1e42c00811f7800bc0402000000000075
:10903000e48757000e007800a4340200010000000d
:109040000080fa00000006000c00fa0050079800ab
:10905000de009000811f7800e0e42c00801f780083
:109060000e007800bc04020000000000e4875700f6
:109070000e007800a4340200010000000080fa0015
:10908000000006000600fa0020079800ae009000dd
:1090900011079800030037001e0090000000e80050
:1090a000100798001e0090009040780000c2b300a6
:1090b00080cf5000f8ff32002200200011e52c0084
:1090c0001e00900022060200000000000000e000e8
:1090d000150032002200200041e52c001e00900007
:1090e00022060200000000000000e0000e00320036
:1090f0001e0090009040780080c7b30080cf5000e1
:10910000090032001e0090009040780080c5b30036
:1091100080cf5000040032001e00900047fd070081
:10912000004f78004a0037001e0090009040780001
:1091300080c7b30080cf5000050032001e009000b1
:109140009040780080c5b30080cf500004003a0002
:109150001e0090000000e800100798000300370090
:109160001e0090000080e800100798000040eb000f
:10917000004f78002d0037001e4078004400dd00cd
:10918000004f78001e00900090407800f0c2b300bd
:1091900080cf50000b0034001e00900090407800fb
:1091a00090c3b30080cf500006003c001e0090002a
:1091b000104078009e40400000cdb30000cf40003a
:1091c000170037001e0090009040780000c6b300e2
:1091d00080cf50000d0034001e00900090407800b9
:1091e00060c6b30080cf500008003c001e00900015
:1091f000104078008040780000ceb30000c04000ee
:10920000804078001e009000014878001e00900009
:10921000104078009e40400090ccb30000cf40004a
:109220001e0090000000e800100798001e0090004b
:10923000104078000004e000050032001e0090009d
:109240009040780000c2b30080cf5000caff3a00bf
:109250001e4078000080fa00000006000000fa00be
:109260007a46a800609980008000eb00420620004a
:1092700003002000820f5000838f5800d1023e006f
:109280000060010064003700850037008e00370061
:10929000ab003700b4003700d1003700df003700e3
:1092a000f8003700010137002a0137003301370089
:1092b00097013700c3023700c2023700c1023700ee
:1092c000c0023700bf023700be023700bd023700c0
:1092d000bc023700bb023700ba023700b9023700c0
:1092e000b8023700b7023700b6023700b5023700c0
:1092f000b4023700b3023700b2023700b1023700c0
:10930000b0023700af023700ae023700ad023700bf
:10931000ac023700ab023700aa023700a9023700bf
:10932000a8023700a7023700a6023700a5023700bf
:10933000a4023700a3023700a2023700a1023700bf
:10934000a00237009f0237009e0237009d023700bf
:109350009c0237009b0237009a02370099023700bf
:1093600098023700970237009602370095023700bf
:1093700094023700930237009202370091023700bf
:10938000900237008f0237008e0237008d023700bf
:109390008c0237008b0237008a02370089023700bf
:1093a00088023700870237008602370085023700bf
:1093b00084023700830237008202370081023700bf
:1093c000800237007f0237007e0237007d023700bf
:1093d0007c0237007b0237007a02370079023700bf
:1093e00078023700770237007602370075023700bf
:1093f00074023700730237007202370071023700bf
:10940000700237006f0237006e0237006d023700be
:109410006c0237006402370060cf22008040eb000e
:1094200001487800e20020008000eb0080cf22009d
:10943000f20402000000000040e120008040eb0048
:109440000148780060d022008040eb00014878009d
:1094500050e120008040eb00014878000000eb0064
:10946000907088000000eb00b070880080e1200060
:109470008040eb00014878007a66a900b6e6a800b3
:10948000b6c6a900411f200040c0b300a47a020064
:109490000100000010002000609988004c02370095
:1094a00060c0b300b07c020001000000200020007a
:1094b00060998800a100200040c0b300a47a020097
:1094c0000100000042023700be7c020001000000e3
:1094d0004068890041688100400220000088b9008e
:1094e00000007800c0678900c167810080a923005f
:1094f000808f500004003c00c16781003090220042
:10950000808f500004003c00b06781000000a10083
:10951000b067890003003700b06781000000a00039
:10952000b0678900a100200040c0b300a47a020007
:1095300001000000300020006099880024023700fc
:1095400070c0b300b07c02000100000040002000a9
:1095500060998800a100200040c0b300a47a0200f6
:10956000010000001a023700be7c0200010000006a
:109570004068890041688100400220000088b900ed
:1095800000007800d0678900d1678100c00c2100fd
:10959000808f500004003c00d167810070bb200028
:1095a000808f500004003c00b06781000010a100d3
:1095b000b067890003003700b06781000010a00089
:1095c000b0678900a100200040c0b300a47a020067
:1095d000010000005000200060998800fc01370065
:1095e000b06781000020a000b06789003000200033
:1095f000e067890080c0b300b07c02000100000079
:109600006000200060998800a100200040c0b300e5
:10961000a47a020001000000ed013700be7c0200c8
:10962000010000004068890041688100400220007c
:109630000088b90000007800f0678900f1678100b8
:10964000c0762000808f500004003c00f16781004c
:10965000306a2000808f500004003c00b067810019
:109660000030a100b067890003003700b0678100b7
:109670000030a000b0678900700020006099880069
:10968000d301370050c0b300b07c020001000000dd
:109690008000200060998800a100200040c0b30035
:1096a000a47a020001000000c9013700be7c02005c
:1096b00001000000406889004168810040022000ec
:1096c0000088b9000000780000688900d03380006d
:1096d000680060000000e0000b003a0000688100b4
:1096e0002068890050e1200010407800e14f5000d0
:1096f00003003a0050e1200021c0b3000148780087
:109700000000eb00907088003196800000688100b6
:10971000808f500008003d0000688100309688006e
:10972000e00421001040780012c4b30082404000e1
:10973000a02c21000148780090002000609988004a
:10974000a100200040c0b300a47a02000100000084
:109750009f01370040c0b300b07c02000100000050
:10976000a000200060998800a100200040c0b30044
:10977000a47a02000100000095013700be7c0200bf
:10978000010000004068890041688100400220001b
:109790000088b900000078001068890011968000e8
:1097a00010688100808f500008003d001068810023
:1097b00010968800e00421001040780012c4b30025
:1097c00082404000802c21000148780021968000d2
:1097d00010688100808f50000800340010688100fc
:1097e00020968800e00421001040780012c4b300e5
:1097f00082404000902c21000148780011688100cf
:1098000040902200808f50000500340011c0b3004a
:1098100020002000b24002000100000008003700d4
:1098200011688100f0702200808f500004003c001d
:1098300011c0b30020002000e4400200010000003d
:109840000168810080af2200808f50000500340045
:1098500011c0b30080002000b240020001000000ef
:109860002400370001688100f07c2000808f5000c8
:1098700020003c00e0042100104078008000fb0044
:1098800020d72000104078000080fb00808f50001f
:109890000d003500e0042100104078008000fb003e
:1098a00030d72000104078000080fb00808f5000ef
:1098b00005003d0011c0b30080002000e44002001c
:1098c000010000000b003700e0d8200010407800b5
:1098d0008080fb0000042000008060000000e000a9
:1098e0000400320011c0b30080002000e4400200f8
:1098f00001000000b000200060998800a100200055
:1099000040c0b300a47a020001000000300137001b
:1099100050e1200010407800e24f50001d0036005a
:1099200050e120008040eb00014878000000eb008f
:109930009070880080e12000104078000004e00072
:109940001400320070f6020001000000a0b32c00e9
:109950000cf602000100000081e12000e0b42c00c0
:10996000e4b30200000000000041eb00f1b320006e
:1099700080e12000b8d1020000000000f0b3200018
:109980008040eb000148780080e120008040eb003f
:109990000148780050e1200010407800e24f50006c
:1099a00003003a0050e1200031c0b30001487800c4
:1099b0004169810050698100808f50002100390089
:1099c000400d23004069890080d2220085d1220009
:1099d000a4d122008001780022c0b300f12e200023
:1099e00000cab30044ae020001000000006b230077
:1099f00050698900a0d2220085d12200a4d1220082
:109a00008001780022c0b300112f200000cab300eb
:109a100044ae020001000000401f20006069890080
:109a2000c0d2220085d12200a4d12200800178007a
:109a300022c0b300312f200000cab30044ae0200a0
:109a40000100000040e12000104078000080fb0091
:109a5000e10f50004b003200e20f5000a90032002d
:109a60000000e000c0003a0010688100800078002b
:109a700040698100808f50000b0031000068810038
:109a80008000780010688100000178006069810022
:109a900000004100808f500003003600b07080004d
:109aa0000000e00003003d00b07080000000e00016
:109ab0001b00340060d0220011c0b30001487800c0
:109ac0007a66a800b6e6a900b6c6a80040e1200064
:109ad00011c0b30001487800e0d2220010407800a5
:109ae0000081fb000168810010688100821f7800fe
:109af000811f7800801f780030b52c00801f78000f
:109b0000c0c82000bc04020000000000e887570025
:109b1000c0c820000cf6020001000000060037005b
:109b20007a66a900b6e6a800b6c6a90060d02200f1
:109b30008040eb000148780050e1200010407800a0
:109b40000004e0008c0032007a66a900b6e6a800a6
:109b5000b6c6a90040e1200021c0b300014878004a
:109b6000b201200071b72c00c0c82000e40402003c
:109b700000000000c0c820000cf602000100000038
:109b8000820037007a66a800b6e6a900b6c6a8002b
:109b9000b07080000000e0002b003500b070800045
:109ba0000000e00044003a00e0d2220010407800bb
:109bb0000080fb00610060000000e0003e003a0011
:109bc000106881008000780050698100808f50000b
:109bd00004003e000168810010688100808f500001
:109be00006003c00e0d22200104078000080fb001c
:109bf000620060000000e000130032001068810085
:109c00008000780050698100808f500008003e007d
:109c10002168810010688100808f500004003400aa
:109c20000168810080382100808f500022003c00b4
:109c3000e0d22200104078000080fb00620060004b
:109c40000000e0001c00320060d022008040eb00e9
:109c5000014878007a66a900b6e6a800b6c6a90051
:109c600040e120008040eb0001487800e0d2220073
:109c7000104078008081fb0022688100016881002b
:109c800010688100831f7800821f7800811f780090
:109c9000801f780020b92c00801f7800c0c82000e9
:109ca000bc04020000000000ea875700c0c8200082
:109cb0000cf602000100000050e120001040780086
:109cc0000004e0002e0032007a66a900b6e6a80083
:109cd000b6c6a90040e1200021c0b30001487800c9
:109ce000b2012000d1bb2c00c0c82000e404020057
:109cf00000000000c0c820000cf6020001000000b7
:109d0000220037007a66a900b6e6a800b6c6a90008
:109d100050e12000104078000004e0001a003a00f2
:109d20007a66a800b6e6a900b6c6a80040e1200001
:109d30008040eb000148780020688100801f780097
:109d400080bd2c00801f7800c0c82000bc04020029
:109d500000000000e4875700c0c820000cf6020095
:109d6000010000000900370040e120008040eb00c6
:109d700001487800050037000000000003003700ac
:109d8000000000000100370000000000100020006b
:109d900060998800813e200040c0b300a47a020090
:109da000010000000a0037001000200060998800c0
:109db000a100200040c0b300a47a0200010000000e
:109dc000030037000000eb006099880000000000ed
:109dd0000080fa00000006000200fa00004f780040
:109de000114798001e80fb0041d920006140780097
:109df0000080fb00e40f50005c003200e40f5000d4
:109e00000c003c00e10f500028003200e10f500030
:109e100003003c000000e0000f003200cc003700df
:109e2000e20f500030003200e30f500036003200e5
:109e3000c7003700e60f500093003200e60f5000d5
:109e400054003500e70f50009d003200e80f50002d
:109e5000ad003200be0037001e4090000004e0005c
:109e600005003a001e80fb0041d9200012c0b3005b
:109e700082707800d40037001e407800e34f500015
:109e8000be003a00116d80000008200000806000d4
:109e90000000e000bb00320011c0b3000008200049
:109ea000b240020001000000c70037001e409000d1
:109eb0000004e00004003a001e80fb0041d92000ad
:109ec00022c0b300827078001e409000e14f500025
:109ed000ae003a001e80fb0041d920000041eb009b
:109ee00082707800b80037001e409000e14f5000ab
:109ef000a8003a001e80fb0041d920000041eb0081
:109f000082707800b00037001e407800e34f5000a8
:109f100009003a00116d80000008200000806000f8
:109f20000000e00004003a0011c0b3000008200067
:109f3000e4400200010000001e407800e24f5000a3
:109f400096003a00116d8000004020000080600003
:109f50000000e00093003a0011c0b3000040200070
:109f6000e440020001000000970037001e80fb0063
:109f700081d9200000004000008040008000eb00fc
:109f8000010878001e80fb0041d9200052c0b300b8
:109f9000827078001e409000e14f50000b003a00a4
:109fa0001e80fb0041d920000041eb008270780048
:109fb0001e80fb0081d9200000004000008040008e
:109fc0008000eb00010878007f0037001e40780019
:109fd000e34f500009003a0011c0b3000008200010
:109fe000e4400200010000001e80fb0041d9200077
:109ff00072c0b30082707800730037001e40780092
:10a00000e24f500009003a0011c0b30000402000a8
:10a01000e4400200010000001e80fb0041d9200046
:10a0200082c0b30082707800670037001e80fb009a
:10a0300082d920008000400081004100910078001a
:10a040008100e80082d920000000400000004100ab
:10a05000010878001e80fb0081d92000000040002c
:10a060000080400090007800007d2000808f50002c
:10a070004e0036001e80fb0041d9200062c0b300b4
:10a0800082707800500037001e409000e14f500071
:10a0900048003a001e80fb0041d920000041eb003f
:10a0a000827078001e80fb0081d9200000004000f3
:10a0b000008040008000eb0001087800420037007b
:10a0c0001e409000e14f50003c003a001e80fb0013
:10a0d00041d920000041eb00827078001e80fb0017
:10a0e00081d9200000004000008040008000eb008b
:10a0f0000108780011c0b30000082000b24002003f
:10a1000001000000300037001e409000e14f500079
:10a110002c003a001e80fb0041d920000041eb00da
:10a12000827078001e80fb0081d920000000400072
:10a13000008040008000eb000108780011c0b300ef
:10a1400000402000b2400200010000001e00370065
:10a150001e80fb0041d920000041eb008270780096
:10a160001e80fb0081d920000000400000804000dc
:10a170008000eb00010878001300370000000000a9
:10a1800011003700000000000f0037000000000041
:10a190000d003700000000000b0037000000000039
:10a1a0000900370000000000070037000000000031
:10a1b0000500370000000000030037000000000029
:10a1c00001003700000000000080fa0000000600d7
:10a1d0000400fa0020479800314798000040eb0047
:10a1e000004f78002e409000e34f500005013e00e4
:10a1f00080d3220081c0b30001487800106d800038
:10a200000000e00007003a0040d222001040780031
:10a210000080fb0061006000004078000004e00066
:10a220000600320080d32200104078008040780081
:10a230000124a00080d322000148780010d920001a
:10a24000104078000080fb006a0060000000e00021
:10a250000400320020d9200010407800e24f500066
:10a260000a003a0050be220010407800e14f500032
:10a2700006003200409b80000000e0001600320023
:10a28000409b8000e80f500013003e0080d3220066
:10a2900010407800804078000104a00080d32200a4
:10a2a0000148780000ce2200104078000004e00051
:10a2b00009003a0050be220010407800e14f5000e3
:10a2c00005003a0000ce220021c0b300014878000a
:10a2d00010002000c09c880010d920001040780099
:10a2e0000080fb00640060000000e000100032000d
:10a2f00010d92000104078000080fb00680060004a
:10a300000000e0000a003a0020d920001040780048
:10a31000e24f50000600320080d322001040780047
:10a32000804078000114a00080d32200014878000a
:10a33000409b8000e60f500012003a0080d32200bc
:10a3400010407800804078000114a00080d32200e3
:10a35000014878002e4090000080fb004200dd00a4
:10a360000080e800d1db200061407800e14f500020
:10a3700007003a0090d3220011c0b30001487800d2
:10a380000300370090d322008040eb0001487800a2
:10a3900040d22200104078000080fb006400600082
:10a3a0000000e0000600320080d322001040780058
:10a3b000804078000144a00080d32200014878004a
:10a3c000309980000000e0000900320030998000e0
:10a3d000e30f500006003e0080d3220010407800ba
:10a3e000804078000154a00080d32200014878000a
:10a3f000509a8000e20f50000600360080d3220001
:10a4000010407800804078000174a00080d32200c2
:10a4100001487800f0802000104078000080fb00a8
:10a42000630060000000e0000d003200f0802000ba
:10a43000104078008080fb00000e2000008060004b
:10a440000000e00006003a0080d3220010407800af
:10a45000804078000164a00080d322000148780089
:10a460002e4090000080fb004200dd00c1db200098
:10a47000e140780080d322001040780000c06000e6
:10a480000004e0001700320010c0b300004f780055
:10a4900080d32200104078008080fb000002200062
:10a4a000008060000000e000270032002e40900095
:10a4b0000080fb004200dd00c1db2000614078002d
:10a4c0008080fb0000022000008060000000e000af
:10a4d0001d0032000081200061c0b30001487800f7
:10a4e00019003700f0dc2000104078000004e00084
:10a4f000150032002e4090000080fb004200dd007d
:10a50000d1db2000e140780080d3220010407800a9
:10a5100000c060000004e0000200320010c0b30080
:10a52000004f78002e4090000004e00006003a0042
:10a53000e0802000104078000004e00002003200bb
:10a5400010c0b300004f78002e4090000080fb0048
:10a550004200dd000080e800c1db2000614078009f
:10a560000004e000080032001e4078000004e00013
:10a57000030032000040eb00004f7800020037007b
:10a5800010c0b300004f78003e4090009e4078001d
:10a5900080cf50000d0032002e4090000080fb0064
:10a5a0004200dd00c1db2000614078008080fb00bc
:10a5b00000022000008060000000e0000300320084
:10a5c0000081200071c0b300014878002e40900047
:10a5d0000080fb004200dd000080e800d1db2000ad
:10a5e000614078000004e0000600320090d32200b1
:10a5f00010407800e14f500002003a0010c0b30054
:10a60000004f78001e4078000080fa00000006002d
:10a610009c00fa00889fbe008a1f7800102b210042
:10a62000104078000080fb00000f78001e007800ca
:10a63000e40f500002003e0050002000000f7800a0
:10a640009e00780050c0b300a47a02000100000010
:10a65000e05980000000e00029003a004036800008
:10a660004400de0061406000804078000040eb0064
:10a67000d9fd0700403680004500de0061406000e3
:10a680008040780010c0b300d3fd07004036800042
:10a690004300de00614060008040780020c0b300cd
:10a6a000cdfd0700403680004200de0061406000c2
:10a6b0008040780030c0b300c7fd070040d92000bb
:10a6c00010407800e64f50000400320050d92000be
:10a6d00010407800e64f500005003a0011c0b3006a
:10a6e00040002000e44002000100000004003700a8
:10a6f00011c0b30040002000b24002000100000081
:10a70000909980000000e80090998800002b2100bb
:10a71000104078000080fb00620060000000e00054
:10a720006700320090998000e10f50000300320072
:10a73000e40f500021003200530037002007810051
:10a740000000d100614060008082fb002007810092
:10a75000614060000082fb0043e9800020498100e5
:10a76000614060000081fb00d19880000e80e8000d
:10a77000851f7800841f7800831f7800821f78006f
:10a78000811f780061c82c00811f780061092000ba
:10a790008804020000000000ec8757000040eb0036
:10a7a000005f990070f60200010000000e80e800d2
:10a7b0000cf602000100000041003700a028210033
:10a7c000104078000085fb0039998000d8988000ff
:10a7d000579a8000403680004500de0061406000ee
:10a7e0000083fb00403680004400de0061406000d2
:10a7f0008082fb0000812000104078000082fb0076
:10a8000010812000104078008081fb0050d920008a
:10a81000104078000081fb0040d9200010407800f3
:10a820008080fb000e80e8008a1f7800891f780076
:10a83000881f7800871f7800861f7800851f7800a2
:10a84000841f7800831f7800821f7800811f7800a2
:10a8500041cc2c00811f780061092000880402008f
:10a8600000000000f68757000040eb00005f9900f1
:10a8700070f60200010000000e80e8000cf60200f5
:10a88000010000000e00370091998000518f980060
:10a89000027d20001e007800800178001100090070
:10a8a0000381d800de889000808f500003003900bb
:10a8b0000000eb00909988000100370000000000c4
:10a8c0004f0578004f04be000080fa00000006002b
:10a8d0000800fa00100798002107980062479800c6
:10a8e0000000eb00000f780020498100610060004b
:10a8f0000000e00008003a001e00900010407800c0
:10a900000004e000040032002e00900010407800a7
:10a910000004e00002003a000040eb004100370074
:10a920000000eb00000f7800080037001e007800e0
:10a930009e0090000080400090407800609c2200c3
:10a940001e004000014878001e0fe8001e0078003d
:10a950009e00900000804000104078000004e0005d
:10a96000030032001e007800f80f5000efff3400a3
:10a97000609c22001e0040008040eb0001487800ef
:10a980000000eb00000f7800080037001e00780080
:10a99000ae0090000080400090407800409222007d
:10a9a0001e004000114098001e0fe8001e007800b5
:10a9b000ae00900000804000104078000004e000ed
:10a9c00004003200f00920009e007800808f5000c3
:10a9d000eeff3400409222001e0040008040eb0059
:10a9e00011409800204981000010a10020498900f1
:10a9f000204981000000a000204989006e4090009d
:10aa0000614060000080fb00610060004400dd00e8
:10aa1000214981000140a100010070002049890006
:10aa200010c0b3000080fa00000006000200fa0027
:10aa3000004f78001e80fb00e10f50000b00320039
:10aa4000e20f5000100032000000e00015003a0054
:10aa5000701081000010a10070108900701081003a
:10aa60000000a100701089000e00370070108100f6
:10aa70000010a00070108900701081000000a1007b
:10aa80007010890007003700701081000010a100cd
:10aa900070108900701081000000a0007010890003
:10aaa000000000000080fa00000006000000fa002c
:10aab00070108100620060000000e00006003a00b3
:10aac00070108100610060000000e00002003a00a8
:10aad0000040eb0021003700701081006200600030
:10aae0000000e00006003a00701081006100600084
:10aaf0000000e0000200320020c0b3001700370061
:10ab000070108100620060000000e000060032006a
:10ab100070108100610060000000e00002003a0057
:10ab200010c0b3000d00370070108100620060009b
:10ab30000000e00008003200701081006100600039
:10ab40000000e0000400320010c0b300b7ff0700af
:10ab500010c0b30001003700c0c0b3000080fa008d
:10ab6000000006000000fa0040e980000040780084
:10ab70000080fa00000006000000fa003069810041
:10ab8000004078000080fa00000006000000fa0093
:10ab9000701d2200104078000004e00009003a0017
:10aba000501f2200104078000004e00005003a0029
:10abb00040e98000e30f500002003a0010c0b300eb
:10abc000010037000040eb000080fa0000000600a2
:10abd0000800fa0020079800614798000000eb0089
:10abe000000f78002e009000dac50200010000007e
:10abf00010079800e5ff07000004e0000b0032009a
:10ac00001e009000f90f500008003c001e0090004c
:10ac10000000e000050032002e009000a2f20200c9
:10ac2000010000000000e00002003a000040eb00dc
:10ac30001e003700d00e81000010a100d00e890048
:10ac400060bf2c000cf6020001000000501f220023
:10ac500011c0b30001487800920120008000eb0091
:10ac6000b01d2200f2040200000000000000eb0012
:10ac7000000f7800080037001e007800ae0090003a
:10ac80000080400090407800a01d22001e0040007f
:10ac9000114098001e0fe8001e0090009e007800f2
:10aca000808f5000f4ff350010c0b3000080fa0020
:10acb000000006000000fa00701d2200104078001d
:10acc0000004e00004003a00501f22001040780009
:10acd0000004e0000200320010c0b30001003700a1
:10ace0000040eb000080fa00000006000000fa00bf
:10acf0006eff07000004e00008003a00e00d81004c
:10ad00000000a000e00d8900d00e81000000a0002e
:10ad1000d00e890010c0b300010037000040eb00e6
:10ad20000080fa00000006000e00fa00404f980074
:10ad300070f602000100000060c22c000cf6020058
:10ad4000010000004e4890000080fb00010520003b
:10ad5000810f50003900320001052000810f5000a2
:10ad600007003c0041042000810f50000b0032001e
:10ad7000d1042000810f500048003200a2003700ab
:10ad800021052000810f5000830032004105200082
:10ad9000810f5000590032009b00370050d6200030
:10ada00090407800801f22002140980010d620009b
:10adb00090407800801f22003140980090d62000fb
:10adc00090407800801f220041409800c0d52000ac
:10add00090407800801f220051409800f0d520005c
:10ade00090407800801f22001140980040c32c0042
:10adf0000cf6020001000000a0c32c000cf60200bb
:10ae000001000000801f2200104090000080fb0025
:10ae1000801f7800f0c32c00801f78000e0078009f
:10ae2000bc04020000000000e48757000e00780018
:10ae30000cf60200010000007800370060d6200008
:10ae400090407800801f22002140980020d62000ea
:10ae500090407800801f220031409800a0d620004a
:10ae600090407800801f220041409800c0d520000b
:10ae700090407800801f220051409800b0d52000fb
:10ae800090407800801f22001140980030c42c00b0
:10ae90000cf60200010000006000370080d62000a0
:10aea00090407800801f22002140980020d620008a
:10aeb00090407800801f220031409800c0d62000ca
:10aec00090407800801f220041409800e0d520008b
:10aed00090407800801f220051409800d0d520007b
:10aee00090407800801f22001140980080c42c0000
:10aef0000cf60200010000004800370070d6200068
:10af000090407800801f22002140980030d6200019
:10af100090407800801f220031409800b0d6200079
:10af200090407800801f220041409800d0d6200039
:10af300090407800801f22005140980040d62000a9
:10af4000104078000004e00008003a00e0d620003d
:10af500011c0b3000148780040d62000904078002e
:10af6000801f22001140980007003700e0d6200023
:10af70008040eb000148780040d6200090407800e7
:10af8000801f22001140980000c52c000cf6020022
:10af9000010000002100370050d6200090407800ca
:10afa000b0cdb30080c04000801f22002140980037
:10afb00010d6200090407800b0cdb30080c0400093
:10afc000801f22003140980090d6200090407800e9
:10afd000801f220041409800c0d52000904078009a
:10afe000801f220051409800f0d52000904078004a
:10aff000801f22001140980060c52c000cf6020052
:10b000000100000005003700e0c52c000cf602002e
:10b01000010000000040eb0014003700801f2200f8
:10b020009040900040c6b30080cf5000030036002f
:10b03000801f2200e1c0b30011409800801f220051
:10b04000ce48900061409800801f22009000780058
:10b050000100a00001087800801f22009000780005
:10b060000110a1000108780010c0b3000080fa00b0
:10b07000000006000000fa00701d22001040780059
:10b08000e24f500007003a00e00d810062006000ce
:10b090000000e00003003200e00d81000020a0006d
:10b0a000e00d89000040eb000080fa00000006007f
:10b0b0000200fa00004f78009e40780061c06000f6
:10b0c0000080fb006100600000004000e10d810095
:10b0d0000110a10001007000e00d89000080fa005d
:10b0e000000006000000fa00e00d81000000d10021
:10b0f000614060000080fa00000006000000fa00d5
:10b10000701d2200104078000080fa000000060048
:10b110000000fa00c00e81000080fa000000060066
:10b120000000fa00b00f81000080fa000000060065
:10b130000600fa001007980041479800524798000f
:10b140000040eb00004f78004e409000ea4f500066
:10b1500009003e004e4090000004e000060032006e
:10b160005e409000f44f500003003e005e409000af
:10b170000004e00002003a000040eb003600370017
:10b180000040eb00004f7800220037001e80fb00db
:10b190009e00900000804000104078000000fb00fe
:10b1a00091032000810f50000a003c0001032000a1
:10b1b000810f50000a003d0031022000810f500035
:10b1c00007003200a1022000810f5000040032006d
:10b1d0000e0037001004b100e30f50000b003e00da
:10b1e0001e81fb001e80fb009e009000008040003e
:10b1f00010407800804078000020220000004100cc
:10b20000114098001e4fe800020037000040eb009c
:10b21000110037004e4090009e40780080cf5000d3
:10b22000daff3900d0202200ce409000014878009b
:10b23000c0202200de40900001487800001081000c
:10b240000010a10000108900001081000000a00083
:10b250000010890010c0b3000080fa000000060052
:10b260000000fa0000108100614060000080fa00d8
:10b27000000006000000fa00001081000000d1006c
:10b28000614060000080fa00000006003400fa000f
:10b29000c09c80008000eb003206200003002000ec
:10b2a000820f5000838f58009d013e000060010016
:10b2b0009b013700620037007d00370090003700a7
:10b2c000ad003700bd003700d7003700e70037007a
:10b2d000fb0037000d0137006d013700800137009a
:10b2e0008f0137008e0137008d0137008c01370048
:10b2f0008b0137008a013700890137008801370048
:10b300008701370086013700850137008401370047
:10b310008301370082013700810137008001370047
:10b320007f0137007e0137007d0137007c01370047
:10b330007b0137007a013700790137007801370047
:10b340007701370076013700750137007401370047
:10b350007301370072013700710137007001370047
:10b360006f0137006e0137006d0137006c01370047
:10b370006b0137006a013700690137006801370047
:10b380006701370066013700650137006401370047
:10b390006301370062013700610137006001370047
:10b3a0005f0137005e0137005d0137005c01370047
:10b3b0005b0137005a013700590137005801370047
:10b3c0005701370056013700550137005401370047
:10b3d0005301370052013700510137005001370047
:10b3e0004f0137004e0137004d0137004c01370047
:10b3f0004b0137004a013700490137004801370047
:10b400004701370046013700450137004401370046
:10b410004301370042013700410137004001370046
:10b420003f0137003e0137003d0137003c01370046
:10b430003b0137003a01370039013700e20037009d
:10b4400000d7200085d12200a4d1220080017800fd
:10b4500022c0b3009142200000cab30054af0200e2
:10b4600001000000806b8000801f7800408b2c0062
:10b47000801f78000e007800bc040200000000006d
:10b48000e48757000e0078000cf60200010000006f
:10b4900044010700a100200060c1b300a47a0200ab
:10b4a0000100000020002000c09c88001c01370023
:10b4b000f08c2c000cf602000100000060ce22008f
:10b4c0008040eb000148780070ce220041c0b300fc
:10b4d0000148780012ce22002100200060ce220018
:10b4e0003d010700411f200060c1b300a47a0200a3
:10b4f0000100000030002000c09c880008013700d7
:10b5000000ce2200104078000080fb00e10f5000c8
:10b5100003003200e20f5000070032000c00370039
:10b52000c08e2c000cf6020001000000400020003c
:10b53000c09c88000f00370020902c000cf6020001
:10b540000100000080002000c09c88000900370036
:10b5500000ce22008040eb000148780090912c0042
:10b560000cf602000100000080002000c09c880052
:10b5700000000000ea00370060ce22008040eb00af
:10b580000148780070ce220041c0b3000148780025
:10b5900012ce22002100200060ce22000e01070002
:10b5a000416a200060c1b300a47a020001000000db
:10b5b00050002000c09c8800d9003700c312200032
:10b5c000320620008040eb00b0922c007ad80200b6
:10b5d0000000000060ce22008040eb0001487800af
:10b5e00070ce220051c0b3000148780012ce220074
:10b5f0002100200060ce2200f7000700816b800050
:10b60000803e20000088b9000000780080007800ab
:10b6100060c1b300a47a02000100000060002000b5
:10b62000c09c8800be00370060ce22008040eb0046
:10b630000148780070ce2200c1c0b30001487800f4
:10b6400012ce22002100200060ce2200e20007007e
:10b650002103200060c1b300a47a020001000000b1
:10b6600070002000c09c8800ad00370000ce220092
:10b670008040eb000148780050932c000cf602004b
:10b680000100000006d902000000000060ce220088
:10b690008040eb000148780070ce22008040eb0033
:10b6a0000148780012ce22002100200060ce220046
:10b6b000c90007000000eb00c09c8800980037001c
:10b6c0000000eb00a067890060ce22008040eb0004
:10b6d0000148780070ce220041c0b30001487800d4
:10b6e00012ce22002100200060ce2200ba00070006
:10b6f0002103200060c1b300a47a02000100000011
:10b7000090002000c09c880085003700501f220058
:10b7100010407800e34f500008003200501f220014
:10b7200010407800e64f500004003200501f220005
:10b73000104078000004e00007003a0050be2200ec
:10b7400010407800e14f500003003200a0002000bc
:10b75000c09c88007200370060952c000cf6020037
:10b76000010000000000eb00a067890060ce22000d
:10b770008040eb000148780070ce220071c0b30019
:10b780000148780012ce22002100200060ce220065
:10b7900091000700a06781000000e800a067890011
:10b7a00030062000c09c880020cf22008040eb00a3
:10b7b000014878002103200060c1b300a47a020090
:10b7c0000100000056003700501f22001040780092
:10b7d000e34f500008003200501f22001040780054
:10b7e000e64f500004003200501f22001040780045
:10b7f0000004e00007003a0050be2200104078002c
:10b80000e14f500003003200a0002000c09c8800df
:10b810004300370020cf2200104078008040e8002d
:10b8200020cf22000148780020cf2200104078006d
:10b83000f34f50001100360020cf22008040eb0073
:10b8400001487800a06781000000e800a067890037
:10b85000a1678100806b8000808f50000700350059
:10b860000000eb00a067890090002000c09c8800c9
:10b87000b0962c000cf6020001000000210320000d
:10b8800060c1b300a47a0200010000002400370068
:10b8900060ce22008040eb000148780070ce22008c
:10b8a000c1c0b3000148780012ce22002100200060
:10b8b00060ce2200480007002103200060c1b300d1
:10b8c000a47a02000100000030982c000cf602005f
:10b8d00001000000b0002000c09c8800100037006c
:10b8e00000ce22008040eb000148780060ce2200ac
:10b8f0008040eb000148780070ce22008040eb00d1
:10b900000148780012ce22002100200060ce2200e3
:10b91000310007000000eb00c09c88000000000020
:10b9200050be220010407800e14f50000c00320061
:10b9300000ce220010407800e24f50000800320094
:10b94000501f220010407800e14f500004003200e8
:10b95000501f220010407800e24f500002003a00d1
:10b96000b606a80001003700b606a900501f220045
:10b9700010407800e34f500004003200501f2200b6
:10b9800010407800e64f500004003a00b606a900c7
:10b9900050be22008040eb00014878000080fa0091
:10b9a000000006000000fa001224ef001424ef004b
:10b9b0001824ef002024ef002424ef002624ef00b9
:10b9c0002824ef002a24ef0000322800802088007d
:10b9d0000080fa00000006001800fa00100f98001e
:10b9e000210f9800320f98000000eb00000f780044
:10b9f0000000eb00100798000000eb0070079800b3
:10ba00000000eb00000f9800100020006007980075
:10ba1000a366a9001e0890000000e00005003a009f
:10ba20000000eb00500798007000470020079800c6
:10ba300004003700ee009000510798009e08900027
:10ba4000210798003e0890000000e00005003a0041
:10ba50000000eb00400798006e0047003007980098
:10ba600005003700ee00900041079800be089000e6
:10ba70003107980000000000c020800068006000ce
:10ba80000000e000fcff32001e0037000000000054
:10ba9000c0208000680060000000e000fcff320071
:10baa0002e009000104078000080fb00e02088000d
:10bab000ae0090005e0090000080400020079800db
:10bac0001e0fe80000000000c02080006100600040
:10bad0000000e000fcff3200e020800080407800a1
:10bae0003e00900001487800be0090004e0090009b
:10baf00000804000300798001e0090000000e80021
:10bb0000100798002e0890009e007800808f50004b
:10bb1000deff3900a366a8001e0078000080fa004e
:10bb2000000006000200fa000040eb00004f780021
:10bb3000f0e02000104078000080fb00e10f500092
:10bb400013003500e20f500005003400e30f5000f1
:10bb50000f003a0010c0b300004f78001200370009
:10bb600020498100610060000000e0000b003a0005
:10bb700021498100000e2000008060000000e000ec
:10bb800008003a0010c0b300004f780006003700ec
:10bb90000000eb00009c880003003700000000005c
:10bba00001003700000000001e4078000080fa000d
:10bbb000000006000200fa00000f7800f0e020000c
:10bbc000104078000080fb00e20f50001f003200a0
:10bbd000e30f500003003200e10f50000800320074
:10bbe000300037008001eb000001eb008000eb002b
:10bbf0001e007800cec902000000000029003700b6
:10bc00008001eb000001eb00a1dd20001e007800a8
:10bc1000cec9020000000000f0b320001040780000
:10bc20000004e0001c0032000041eb00f1b32000f2
:10bc3000a0dd2000b8d1020000000000f0b3200019
:10bc40008040eb0001487800160037008001eb00cf
:10bc50000001eb0041df20001e007800cec9020089
:10bc600000000000f0b32000104078000004e00065
:10bc70000b0032000041eb00f1b3200040df200058
:10bc8000b8d1020000000000f0b320008040eb00bb
:10bc90000148780003003700000000000100370071
:10bca000000000000080fa00000006001600fa0004
:10bcb000009c8000e70f5000f2003200e70f5000b8
:10bcc00010003e00e20f500071003200e20f500001
:10bcd00005003e000000e0001b003200e10f5000b4
:10bce00028003200ac013700e50f50009a00320006
:10bcf000e50f5000b4003e00e30f50007d0032001d
:10bd0000a5013700ea0f50003c013200ea0f500055
:10bd100005003e00e80f500006013200e90f500018
:10bd20001d0132009c013700ec0f5000650132000c
:10bd3000ec0f50004a013900810c2000810f5000a7
:10bd40007901320094013700e0e020008040eb00f0
:10bd500001487800f0e020008040eb0001487800c6
:10bd6000a0dd20008040eb000148780040df20008b
:10bd70008040eb000148780010002000009c880003
:10bd800088013700e0e02000104078000004e00067
:10bd900008003a00a0dd2000104078000004e00018
:10bda00004003a0040df2000104078000004e0006a
:10bdb00032003200e0e02000104078000004e00093
:10bdc0000c003200f0e0200031c0b30001487800e0
:10bdd000e0e0200010407800e14f500003003a00fe
:10bde00020002000009c8800020037009000200006
:10bdf000009c8800a0dd2000104078000004e000d6
:10be00000c003200f0e0200011c0b30001487800bf
:10be100000e1200010407800e14f500003003a009c
:10be200020002000009c88000200370090002000c5
:10be3000009c880040df2000104078000004e000f3
:10be40000c003200f0e0200021c0b300014878006f
:10be500010e1200010407800e14f500003003a004c
:10be600020002000009c8800020037009000200085
:10be7000009c8800000000004a013700411f20009c
:10be800020c1b300a47a0200010000004501370080
:10be900024ff07000004e000080032000e80e800e4
:10bea00041df2c00b0f10200010000000e80e8002c
:10beb00040ff070030002000009c8800f0e02000d8
:10bec00010407800e34f500005003a00810c20003c
:10bed00020c1b300a47a0200010000003101370044
:10bee000813e200020c1b300a47a020001000000be
:10bef0002c0137000bff07000004e00008003200af
:10bf00000e80e800a1df2c00b0f10200010000006b
:10bf10000e80e80027ff070050002000009c8800ea
:10bf2000f0e0200010407800e34f500005003a0098
:10bf3000810c200020c1b300a47a0200010000009f
:10bf400018013700813e200020c1b300a47a02000e
:10bf50000100000013013700f2fe07000004e000ba
:10bf60000b0032000e80e80001e02c00b0f102006e
:10bf7000010000000e80e8000eff070000d4220040
:10bf80008040eb000148780060002000009c8800a1
:10bf9000f0e0200010407800e34f500005003a0028
:10bfa000810c200020c1b300a47a0200010000002f
:10bfb000fc003700813e200020c1b300a47a0200bb
:10bfc00001000000f7003700d6fe07000004e00083
:10bfd0001e0032000e80e80051e02c00b0f102009b
:10bfe00001000000000f78001e0078008e80e8003d
:10bff0008080400000d42200104078000041eb0017
:10c00000fec50200010000001e0f40000e80e80087
:10c01000e8fe070000d42200104078008040e800cd
:10c0200000d422000148780000d42200104078009b
:10c03000e94f50000500360070002000009c880089
:10c0400000d4220011c0b30001487800f0e02000c5
:10c0500010407800e34f500005003a00810c2000aa
:10c0600020c1b300a47a020001000000cd00370017
:10c07000813e200020c1b300a47a0200010000002c
:10c08000c8003700a7fe07000004e0001b003200d4
:10c090000e80e800c1e02c00b0f1020001000000b9
:10c0a000000f78001e0078008e80e800808040003d
:10c0b00000d42200104078000041eb00fec50200d1
:10c0c000010000001e0f40000e80e800b9fe0700ce
:10c0d00000d42200104078008040e80000d4220004
:10c0e0000148780000d4220010407800e44f50004e
:10c0f0000200360080002000009c8800f0e0200054
:10c1000010407800e34f500005003a00810c2000f9
:10c1100020c1b300a47a020001000000a100370092
:10c12000813e200020c1b300a47a0200010000007b
:10c130009c0037007bfe07000004e000080032008e
:10c140000e80e80031e12c00b0f102000100000097
:10c150000e80e80097fe070090002000009c8800f9
:10c16000f0e0200010407800e34f500005003a0056
:10c17000810c200020c1b300a47a0200010000005d
:10c1800088003700813e200020c1b300a47a02005d
:10c19000010000008300370062fe07000004e00099
:10c1a000080032000e80e800b1e12c00b0f102007e
:10c1b000010000000e80e8007efe0700a0002000c5
:10c1c000009c8800f0e0200010407800e34f500011
:10c1d00005003a00810c200020c1b300a47a0200bf
:10c1e000010000006f003700813e200020c1b30035
:10c1f000a47a0200010000006a00370049fe07002f
:10c200000004e000080032000e80e800e1e12c00ac
:10c21000b0f10200010000000e80e80065fe07009a
:10c22000b0002000009c8800f0e020001040780062
:10c23000e34f500005003a00810c200020c1b300fc
:10c24000a47a02000100000056003700813e200061
:10c2500020c1b300a47a02000100000051003700a1
:10c2600030fe07000004e000080032000e80e80005
:10c2700031e22c00b0f10200010000000e80e80065
:10c280004cfe0700c0002000009c8800f0e0200069
:10c2900010407800e34f500005003a00810c200068
:10c2a00020c1b300a47a0200010000003d00370065
:10c2b000813e200020c1b300a47a020001000000ea
:10c2c0003800370017fe07000004e00008003200c5
:10c2d0000e80e80081e22c00b0f1020001000000b5
:10c2e0000e80e80033fe0700800c2000009c8800d0
:10c2f000f0e0200010407800e34f500005003a00c5
:10c30000810c200020c1b300a47a020001000000cb
:10c3100024003700813e200020c1b300a47a02002f
:10c32000010000001f003700f0e0200010407800fe
:10c330000080fb00e20f50000d003200e30f5000c0
:10c3400003003200e10f5000050032000c003700fe
:10c35000e0e020008040eb00014878000800370052
:10c36000a0dd20008040eb00014878000400370089
:10c3700040df20008040eb00014878000000000012
:10c38000f0e020008040eb00014878001000200021
:10c39000009c8800030037000000eb00009c880030
:10c3a000000000000080fa00000006000000fa0013
:10c3b000881f7800409b80008000eb005201200025
:10c3c00003002000820f5000838f5800d3013e00ed
:10c3d0000060010015003700d001370074003700fd
:10c3e000ce013700cd013700cc013700a80037005f
:10c3f000ca013700c5003700e8003700fd003700ec
:10c4000002013700100137004f0137007401370077
:10c41000c2013700c1013700c0013700bf0137003a
:10c42000be01370077013700a10137007ed8020036
:10c4300001000000e34f500031003a0050c4b30047
:10c44000f04702000100000070f602000100000049
:10c45000c0292c000cf6020001000000102d2c0059
:10c460000cf6020001000000d01b22000cf60200b6
:10c4700001000000b02d2c000cf6020001000000ad
:10c4800080d5200011c0b30001487800f0db200007
:10c4900010407800e14f50000c00320030dc2000ea
:10c4a00010407800e14f50000800320070dc20009e
:10c4b00010407800e14f500004003200b0dc200052
:10c4c00010407800e14f500004003a00d0c4b3009f
:10c4d00094d60200010000000300370000c5b3003d
:10c4e00094d602000100000011c0b3000004200037
:10c4f000b24002000100000060002000409b880064
:10c500007ed8020001000000e24f500074013a00a2
:10c5100072d8020001000000e14f500072013a00a1
:10c5200050c4b300f04702000100000070f60200a2
:10c5300001000000d02d2c000cf6020001000000cc
:10c54000102d2c000cf6020001000000d01b220070
:10c550000cf6020001000000b02d2c000cf60200c9
:10c560000100000080dd20008040eb0001487800e1
:10c5700080d5200011c0b300014878005306200088
:10c58000e200200011c0b300d0302c007ad80200a5
:10c590000000000011c0b30000042000b2400200ff
:10c5a0000100000020002000409b88005b01370054
:10c5b00050c4b300f04702000100000080dd2000fd
:10c5c00010407800e14f500023003a0006d90200e5
:10c5d0000000000080dd20008040eb000148780072
:10c5e00080d5200011c0b30001487800f0db2000a6
:10c5f00010407800e14f50000c00320030dc200089
:10c6000010407800e14f50000800320070dc20003c
:10c6100010407800e14f500004003200b0dc2000f0
:10c6200010407800e14f500004003a00d0c4b3003d
:10c6300094d60200010000000300370000c5b300db
:10c6400094d602000100000060002000409b88009a
:10c650003ad80200010000007ed80200010000006c
:10c660000004e00022013a0006d9020000000000a8
:10c6700080002000409b880070f60200010000004e
:10c6800060312c000cf6020001000000230137008d
:10c6900090c4b300f047020001000000b06a8000bf
:10c6a0000000e0000d00320088d802000100000008
:10c6b000b16a8000810f50000800360076d6020073
:10c6c0000100000080002000409b8800c15d200028
:10c6d000e0c0b300a47a0200010000007ed802008e
:10c6e000010000000004e00003013a008000200087
:10c6f000409b880070f6020001000000f0342c001e
:10c700000cf60200010000000401370050ff200079
:10c710008040eb000148780080d520008040eb008d
:10c720000148780088d8020001000000ee0f500098
:10c7300014003600f0db200010407800e14f50007c
:10c740000c00320030dc200010407800e14f500037
:10c750000800320070dc200010407800e14f5000eb
:10c7600004003200b0dc200010407800e14f50009f
:10c7700007003a00d0c4b30094d6020001000000c4
:10c780000300370000c5b30094d60200010000008a
:10c7900090002000409b8800e0003700d0c4b30028
:10c7a000f0470200010000007ed8020001000000f6
:10c7b0000004e00003003a00a0002000409b880035
:10c7c000d600370076d602000100000050ff20009e
:10c7d000104078008040e80050ff200001487800b9
:10c7e000813e2000e0c0b300a47a020001000000f6
:10c7f000ca003700e0c522008040eb000148780005
:10c80000c0002000409b8800c4003700e0c5220023
:10c81000104078008040e800e0c522000148780020
:10c82000e0c5220010407800e94f500003003600b8
:10c8300040012000409b8800b8003700c000200065
:10c84000409b8800b5003700e0c52200104078000a
:10c850000080fb00d0638900d06381004600dd00ca
:10c86000d0638900d06381001004b000d0638900d8
:10c87000f1c52200d06381000080e80085d122004c
:10c88000a4d122008101780012c0b300800078009a
:10c8900000cab30054af020001000000f0c522003e
:10c8a000104078008040780000c8b30080c060006d
:10c8b000c0c7220001487800b0002000409b8800db
:10c8c000f0c52200104078000000fb006800600006
:10c8d0000000e0008a003200920120008000eb009e
:10c8e000f0c52200f204020000000000f1c52200a1
:10c8f000d06381007200400084d12200a3d12200c5
:10c90000010178008000780000cab30048f00200fe
:10c910000100000080c722008040eb000148780041
:10c92000f0c52200104078000004e00076003200dc
:10c93000d0002000409b8800f028210041c1b300b6
:10c940000148780075003700f0c5220010407800db
:10c950000004e000190032002049810061006000fd
:10c960000000e00017003a00c0c722001044780021
:10c9700088d802000100000080007800e0c5220095
:10c98000104078000842780081017800d21b220014
:10c99000f1c52200ced20200000000000004e00039
:10c9a00003003200e0002000409b880005003700b3
:10c9b000b0002000409b880002003700b00020003b
:10c9c000409b8800f0282100104078000004e0001f
:10c9d0004f003a00b0002000409b88004f00370015
:10c9e00020498100614060000080fb006100600020
:10c9f0000000e00048003a00b0002000409b8800a2
:10ca0000460037000000eb00409b880020c5b300c3
:10ca1000f047020001000000e0d82000104078003c
:10ca20008080fb0000022000008060000000e00029
:10ca30001900320088d8020001000000ee0f5000fb
:10ca40000f003e0070f602000100000080382c004c
:10ca50000cf6020001000000017d2000e0c0b300e0
:10ca6000a47a020001000000b0392c000cf602008c
:10ca70000100000050012000409b88002700370083
:10ca800070f6020001000000803a2c000cf6020053
:10ca9000010000002100370070f6020001000000d4
:10caa000703c2c000cf60200010000001b00370057
:10cab0000000eb00409b880070f6020001000000bf
:10cac000703e2c000cf6020001000000e0dc2000ab
:10cad00011c0b30001487800000000000f003700cb
:10cae000000000000d003700000000000b003700c0
:10caf00000000000090037000000000007003700b8
:10cb000000000000050037000000000003003700af
:10cb10000000000001003700000000004f04780012
:10cb20000080fa00000006000000fa00a0988000d3
:10cb3000e30f5000ed003200e30f500005003e000f
:10cb4000e10f50006b003200e10f500094003e00f6
:10cb500007003700e90f500034013200ef0f50009a
:10cb600043013200e80f5000f50032007001370039
:10cb7000e02a2100104078000004e0002a00320082
:10cb80000040eb001e350200010000000004e00040
:10cb900025003200a028210090407800f0c3b300a7
:10cba00080cf500020003200d02a210010407800b1
:10cbb0000004e0001c003a0080bb21001040780017
:10cbc000e14f500018003a00a00d2200904078007c
:10cbd00010c3b30080cf500005003200a00d22002a
:10cbe0009040780050c3b30080cf50000e003a0050
:10cbf00070f602000100000080992c000cf6020083
:10cc000001000000e02a21008040eb00014878008c
:10cc1000e0c722008040eb0001487800200020009f
:10cc2000a09888003200370010398100e20f5000d0
:10cc300012003a00a10020000040eb00a47a02009c
:10cc40000100000070f6020001000000809a2c0034
:10cc50000cf6020001000000e0c722008040eb005b
:10cc60000148780080002000a0988800b0282100aa
:10cc7000e1c1b30001487800440137001039810058
:10cc8000e20f50001500360010398100e50f50000a
:10cc900012003e00a10020000040eb00a47a020038
:10cca0000100000070f6020001000000109c2c0042
:10ccb0000cf6020001000000e0c722008040eb00fb
:10ccc00001487800f0002000a0988800b0282100da
:10ccd000e1c1b3000148780005003700017d200064
:10cce0000040eb00a47a0200010000002701370099
:10ccf00026013700e0c72200104078008040e8009d
:10cd0000e0c7220001487800e0c722001040780008
:10cd1000e94f50000b00360070f6020001000000e1
:10cd2000d09d2c000cf6020001000000e02a21003a
:10cd30008040eb00014878000000eb00a0988800dc
:10cd40000200370020002000a0988800a00d2200db
:10cd50009040780010c3b30080cf5000f80032003c
:10cd6000a00d22009040780050c3b30080cf500047
:10cd7000f500320070f6020001000000409f2c0018
:10cd80000cf6020001000000e02a21008040eb00c8
:10cd9000014878000000eb00a0988800fb003700f5
:10cda000e0c72200104078000080fb00d0648900ba
:10cdb000d06481004600dd00d0648900d064810029
:10cdc0001004b000d0648900f1c72200d064810053
:10cdd0000080e80085d12200a4d1220081017800e2
:10cde00012c0b3008000780000cab30054af020044
:10cdf00001000000f0c72200104078008040780059
:10ce0000c0c922000148780010002000a0988800c6
:10ce1000c0c92200104078008080fb000004200080
:10ce2000008060000000e000c9003200c0c922009c
:10ce3000104078000004e000c70035009201200097
:10ce40008000eb00f0c72200f204020000000000a6
:10ce5000f1c72200d06481007200400084d122001a
:10ce6000a3d12200010178008000780000cab3003d
:10ce700048f002000100000080c922008040eb0061
:10ce800001487800f0c72200104078000004e0005c
:10ce9000b3003200f0c72200a2f20200010000003d
:10cea0000000e000b000320030002000a0988800b0
:10ceb000b0282100e1c1b3000148780070f60200fb
:10cec0000100000070a12c000cf60200010000001f
:10ced000f0c722000cf602000100000090a22c0016
:10cee0000cf6020001000000a80037002049810074
:10cef000610060000000e0000a003a00f0b320008a
:10cf00004a550200000000000041eb00f1b3200090
:10cf1000f0c72200b8d1020000000000100020007d
:10cf2000a0988800b0282100104078000004e0009c
:10cf30008f003a0010002000a0988800930037006e
:10cf400020498100610060000000e00027003a00f5
:10cf500070a12000ba4602000100000080e3210019
:10cf6000104078000004e0000e00320080e3210051
:10cf7000a2f20200010000000000e00009003200ff
:10cf8000b0a22c000cf602000100000012c0b30099
:10cf900071a1200080e32100b8d102000000000050
:10cfa0000900370020a42c000cf60200010000004c
:10cfb00070a120000cf602000100000090a22c00dd
:10cfc0000cf602000100000071f18000f0ff280063
:10cfd0000080600070f1880090002000a098880018
:10cfe000b028210041c1b30001487800b0282100d9
:10cff000104078000004e0005f003a0071f180000a
:10d00000f0ff28000080600070f188001039810076
:10d01000e20f500002003a00100020001039890091
:10d020000000eb00a09888005800370020498100dc
:10d03000610060000000e00004003a0010002000e1
:10d04000103989000000eb00a0988800b02821006a
:10d05000104078000004e00049003a001000200071
:10d06000103989000000eb00a098880047003700c5
:10d0700020498100610060000000e0001d003a00ce
:10d0800080a52c000cf602000100000070a1200019
:10d09000f84402000100000080e321001040780005
:10d0a0000004e0000600320012c0b30071a12000ad
:10d0b00080e32100b8d10200000000000300370027
:10d0c00070a120000cf60200010000001039810060
:10d0d000e30f500003003a0060002000103989007f
:10d0e000020037000000eb00103989000000eb005f
:10d0f000a0988800b0282100104078000004e000cb
:10d1000021003a0010398100e30f500003003a007b
:10d110006000200010398900020037000000eb0099
:10d12000103989000000eb00a09888001700370034
:10d130000000eb00a09888000000000013003700fa
:10d140000000000011003700000000000f00370051
:10d15000000000000d003700000000000b00370049
:10d160000000000009003700000000000700370041
:10d170000000000005003700000000000300370039
:10d180000000000001003700000000000080fa00ed
:10d19000000006000400fa00e09a8000e10f500051
:10d1a00031013200e10f500003003900e20f50005e
:10d1b00047013200560137002049810061006000bc
:10d1c0000000e0003a003a002007810061006000a2
:10d1d0000000e00036003a00200781006200600095
:10d1e0000000e00032003a00200781006400600087
:10d1f0000000e0002e003a0010ad22001040780040
:10d200000004e0002a00320010ad22001040780037
:10d210000080fb00e10f500003003200e20f5000dd
:10d22000070032001d00370070f602000100000008
:10d2300040d92c000cf6020001000000ffff37006f
:10d24000b16d800000ff2f0000806000b06d88008d
:10d25000b06d80000050a100b06d8800a0092200d0
:10d26000f1c3b30001487800b00922008040eb0010
:10d2700001487800a00d2200f1c3b30001487800f6
:10d28000a00d220090407800a028210001487800dd
:10d29000800e2000d09888000000000010ad220011
:10d2a0008040eb0001487800800e2000d098880074
:10d2b00020078100614060000080fb006100600089
:10d2c000004078000004e000df0032002007810009
:10d2d000620060000000e000db003a0070f602002f
:10d2e0000100000040da2c000cf6020001000000f2
:10d2f000601822000cf602000100000020db2c0068
:10d300000cf6020001000000001a22000cf60200d8
:10d310000100000090db2c000cf602000100000070
:10d32000901a22000cf602000100000010dc2c0014
:10d330000cf6020001000000900d8100801f7800b3
:10d3400070dc2c00801f7800c0c82000bc040200e4
:10d3500000000000e4875700c0c820000cf602005f
:10d3600001000000a0dc2c000cf60200010000000f
:10d37000500e22000cf602000100000020dd2c00ff
:10d380000cf602000100000051dd2c00f0b320007b
:10d39000b0f1020001000000100798009e0090000c
:10d3a000f0b3200000804000011a2200b0f102001a
:10d3b000010000009e0090000080400010079800cf
:10d3c0009e009000f0b320000080400091dd2c0012
:10d3d000b0f10200010000009e00900000804000bb
:10d3e000100798009e009000f0b3200000804000dd
:10d3f000911a2200b0f10200010000009e0090008e
:10d40000008040001007980012c0b3008000eb00bd
:10d41000f0b32000ae750200000000000000eb0039
:10d42000000f780082c0b300b1dd2c00500e220046
:10d430007af10200010000000000e0001d003a0047
:10d4400017003700400e22001e0040009040900060
:10d4500000c6b30080cf500010003400400e220000
:10d460001e00400090409000a0c7b30080cf500045
:10d470000a003c00400e22001e00400010409000b8
:10d480008040780000ceb30000c0400080407800ab
:10d49000400e22001e004000114098001e0fe800c0
:10d4a000400e22001e004000104090000004e000ea
:10d4b000e4ff3a00200781000000a1002007890056
:10d4c000200781000010a00020078900500e2200d4
:10d4d0009040780020c5b30080cf500005003a008e
:10d4e000600e22009040780000c2b30080cf500050
:10d4f00014003200500e22009040780090c4b30017
:10d5000080cf500017003a00600e22009040780053
:10d5100000c5b30080cf500012003a00700e220008
:10d520009040780010c4b30080cf50000d003a0046
:10d53000800e22009040780050c5b30080cf50008c
:10d5400008003a00941a2200031a220062182200ee
:10d55000510e220040de2c00bc52020000000000f0
:10d5600039003700941a2200031a220062182200a0
:10d57000510e2200c0de2c00bc5202000000000050
:10d58000f0b320008040eb000148780060182200d2
:10d59000a2f20200010000000000e0002a003200b8
:10d5a000931a2200021a220061182200500e220053
:10d5b000cec9020000000000f0b320001040780047
:10d5c0000004e0002000320020498100610060007a
:10d5d0000000e00008003a000041eb00f1b3200039
:10d5e00060182200b8d102000000000020002000d6
:10d5f000e09a88000a003700f1b32000a09e2200c4
:10d60000b0f102000100000061182200b0a8220061
:10d61000b0f102000100000010002000e09a880034
:10d62000d028210041c1b30001487800f0b32000a8
:10d630008040eb000148780011c0b30000012000d9
:10d64000b240020001000000e09a80000000e0000b
:10d6500033003a0021032000c0c0b300a47a0200c6
:10d6600001000000310037002049810061006000a6
:10d670000000e0000b003a000041eb00a19e2200f8
:10d68000b0a82200b8d10200000000002000200055
:10d69000e09a8800d028210041c1b30001487800f9
:10d6a0000400370021032000c0c0b300a47a0200a8
:10d6b00001000000d0282100104078000004e000a4
:10d6c00019003a000000eb00e09a880017003700cc
:10d6d00020498100610060000000e0000400320089
:10d6e000d0282100104078000004e00003003a0038
:10d6f0000000eb00e09a88000c00370021032000b6
:10d70000c0c0b300a47a0200010000000700370087
:10d710000000eb00e09a88000000000003003700e2
:10d720000000000001003700000000000080fa0047
:10d73000000006002e00fa00309c8000e10f50002f
:10d740001d003200e10f500003003900e20f5000cd
:10d75000b70032004801370010b3200010407800b5
:10d76000e14f50000400320010b320001040780058
:10d77000e24f50000b003a00d1988000f00f2000db
:10d78000808f50000700320010b3200090407800d6
:10d7900020d422000148780010002000309c88002e
:10d7a00041013700411f200030c1b300a47a0200bc
:10d7b000010000003c013700204981006100600049
:10d7c0000000e00033013a0080bb210010407800e7
:10d7d000e14f500031013a00d02a2100104078007a
:10d7e0000004e0002f013a000e80e80092012000c2
:10d7f0008000eb00f2040200000000000e80e80050
:10d8000084d12200a3d1220000017800610220000f
:10d8100000cab30048f00200010000000040eb0025
:10d82000305f98000e80e800a2f2020001000000c4
:10d830000000e0006f00320040a72c000cf6020050
:10d8400001000000700220000e0040006eb10200d6
:10d85000010000000000eb00000f78009e0078003f
:10d8600020b32000808040007e60900022c0b30082
:10d87000fec50200010000001e0f40009e0078005f
:10d8800020b32000808040000e68900022c0b300ca
:10d89000fec50200010000001e0f40009e0078003f
:10d8a00020b32000808040001e68900022c0b3009a
:10d8b000fec50200010000001e0f4000a1a72c00c1
:10d8c000f0b32000b0f1020001000000000f78006a
:10d8d0009e007800f0b3200000804000a1a82c003a
:10d8e000b0f10200010000001e0f40009e00780011
:10d8f000f0b32000008040008e80e800b0f102000c
:10d90000010000001e0f40009e007800f0b32000d0
:10d910000080400001a92c00b0f1020001000000cd
:10d920001e0f40009e007800f0b3200000804000f1
:10d9300021b32000b0f10200010000001e0f4000e2
:10d940000e80e80012c0b300f1b32000b8d102008d
:10d9500000000000f0b320008040eb000148780098
:10d9600010b3200031c0b30001487800200020002f
:10d97000309c8800813e200030c1b300a47a0200b0
:10d980000100000030d422008040eb000148780004
:10d9900010b3200031c0b3000148780070f60200d7
:10d9a0000100000050a92c000cf60200010000004c
:10d9b00020d42200104078000080fb00e10f5000ce
:10d9c00003003200e20f500005003200b6003700bd
:10d9d00060ab2c000cf602000100000004003700d0
:10d9e00010ac2c000cf6020001000000000000004a
:10d9f000ad00370070f6020001000000c0ac2c0042
:10da00000cf602000100000010b320008040eb0083
:10da1000014878008138210030c1b300a47a0200a7
:10da2000010000000000eb00309c88009e003700e1
:10da300010b3200010407800e14f50000400320085
:10da400010b3200010407800e24f500002003a006e
:10da500010002000309c880010b320001040780097
:10da6000e44f500031003a00500220000e00400008
:10da7000220020008000eb00f20402000000000001
:10da8000500220000e00400085d12200a4d12200c7
:10da90008001780012c0b3005103200000cab30017
:10daa00054af020001000000de60900010c3b3001c
:10dab00080cf50000f003200500220000e004000c6
:10dac00071af2c00eef102000100000050022000b6
:10dad0000e00400085d12200a4d1220080017800f0
:10dae00012c0b3005103200000cab30044ae0200cc
:10daf0000100000010b320008040eb0001487800d6
:10db000020b320008040eb00014878000000eb00cb
:10db1000309c880070f602000100000090af2c00dd
:10db20000cf60200010000005f00370030d4220034
:10db3000104078008040e80030d42200014878008e
:10db400030d42200104078000004e00045003a0084
:10db500020d42200104078000080fb00e10f50002c
:10db600003003200e20f50002a0032003500370077
:10db7000500220000e004000220020008000eb0038
:10db8000f204020000000000500220000e004000dd
:10db900085d12200a4d122008001780012c0b300f8
:10dba0005103200000cab30054af0200010000007e
:10dbb000de60900000c3b30080cf50000f00320041
:10dbc000500220000e00400031b12c00eef10200a6
:10dbd00001000000500220000e00400085d122000c
:10dbe000a4d122008001780012c0b30051032000ac
:10dbf00000cab30044ae02000100000070f602004b
:10dc00000100000050b12c000cf6020001000000e1
:10dc10000c003700024f8100134f8100404181000a
:10dc200051418100800f5100818f590004003a005a
:10dc3000701d22008040eb00014878000100370091
:10dc4000000000000000eb00309c880020b32000a2
:10dc50008040eb000148780010b320008040eb00ca
:10dc600001487800411f200030c1b300a47a0200af
:10dc7000010000000c0037000000eb00309c880021
:10dc800020b320008040eb00014878000000000035
:10dc9000050037000000000003003700000000000e
:10dca00001003700000000000080fa0000000600bc
:10dcb0000a00fa0030079800410798000000eb00c6
:10dcc000000f780002012000f10f20004e009000ac
:10dcd000f2040200000000003e00900010407800b6
:10dce0008080fb00b0022000808f50000a003a00c4
:10dcf0004e009000b1cbb300014878001000200026
:10dd00001007980010002000200798001000200045
:10dd1000000f7800190037003e0090009040780016
:10dd2000f0c2b30080cf50000f0036003e009000dc
:10dd30009040780090c3b30080cf50000a003e00ae
:10dd40004e009000a1cab300014878000000eb002b
:10dd500010079800100020002007980010002000f5
:10dd6000000f7800050037004e009000c1cfb300cf
:10dd7000014878000000eb00000f78001e007800da
:10dd80000000e0004e0032003c0037002e00900002
:10dd9000ce009000008040009e0090003e01900068
:10dda000810041001141780001cdb3008140410064
:10ddb000c408dd00014878001e0090000000e80063
:10ddc000100798001e009000be00900000804000e8
:10ddd00090407800f0c2b30080cf50001b003600a6
:10dde0001e009000be00900000804000904078002f
:10ddf00090c3b30080cf500014003e002e0090006e
:10de0000ce00900000804000ae0090004e019000d7
:10de10008100410091407800014178009e0090000f
:10de2000be019000818041009141780001cdb30096
:10de300081c0410081407100014878001e009000bf
:10de40000000e80010079800090037002e0090003d
:10de5000ce00900000804000ae0090004e01900087
:10de60008100410091407800f140b3000148780002
:10de70002e0090000000e800200798001e0090008f
:10de8000be0090000080400090407800f0c2b300d7
:10de900080cf50000a0036001e009000be009000a7
:10dea000008040009040780090c3b30080cf5000c5
:10deb00003003e001e009000f80f5000b3ff340036
:10dec0000080fa00000006000c00fa0040079800ed
:10ded000510798000000eb00000f7800a20120001d
:10dee0008000eb005e009000f204020000000000e1
:10def0004e009000104078000080fb00a10a200036
:10df0000810f50000d003200b10b2000810f500036
:10df100011003a005e009000b1c2b30001487800e1
:10df20001000200010079800100020002007980023
:10df300010002000000f78000c0037000000eb00fc
:10df40001007980010002000200798001000200003
:10df5000000f7800050037005e009000a1c5b300f7
:10df6000014878000000eb00000f78001e007800e8
:10df70000000e000430032000040eb0060479800e2
:10df8000370037002e009000ce0090000080400047
:10df9000104078008080fb00000f2000808060002f
:10dfa000000f2000808f50002b0032001e009000d8
:10dfb000de00900000804000ae0090004e01900016
:10dfc00081004100914078008180fb00c408de00a0
:10dfd000814078000143b000014878001e009000a5
:10dfe0000000e800100798002e009000ce0090007e
:10dff00000804000104078000080fb006f0060004f
:10e00000ef0f5000110032001e009000de00900063
:10e0100000804000ae0090004e0190008100410061
:10e0200091407800efc060000143b00001487800e3
:10e030001e0090000000e800100798002e009000dd
:10e040000000e800200798000500370010c0b3006a
:10e05000604798000200370010c0b3006047980086
:10e060001e009000f80f500006003c002e009000ab
:10e07000ee0f500003003c006e4090000004e000f2
:10e08000c0ff32001e0078000080fa000000060089
:10e090001a00fa0000579800110f9800220f9800fc
:10e0a000330f9800440f9800ce0a90003e0a90006b
:10e0b0008e017800f2c0b3009e0890000e509000d0
:10e0c00054af0200010000009e407800b0c2b300cf
:10e0d00080cf500020003a009e409000f0c2b30074
:10e0e00080cf50001c0036009e40900090c3b300cb
:10e0f00080cf500018003e00ae409000f0c2b30048
:10e1000080cf500014003600ae40900090c3b300a2
:10e1100080cf500010003e008e0078002e08900046
:10e12000e20020004c060200000000002e089000d3
:10e130006f0040008040eb00014878004e0a9000dc
:10e14000be0990002e0990009e0890000e5090008d
:10e150000600070003003700ae0890000e007800ac
:10e1600059ff07000080fa00000006001a00fa00bc
:10e1700000579800110f9800220f9800330f980055
:10e18000440f98008e0078002e089000c8fe07000b
:10e19000ce0a90003e0a90008e017800f2c0b300d3
:10e1a0009e0890000e50900044ae02000100000056
:10e1b0000080fa00000006000800fa00200798001e
:10e1c000310798000000eb00100798000000eb00fa
:10e1d000000f78003e009000dac502000100000048
:10e1e000100798000000eb00000f78000d003700ca
:10e1f0001e007800ae009000008040009040780043
:10e200001e0078003e0190000000410010407800a0
:10e2100080cf5000020032000000eb000600370003
:10e220001e0fe8001e0090009e007800808f5000b6
:10e23000efff3500100020000080fa00000006000b
:10e240000600fa0010079800210798000000eb0074
:10e25000000f78000d0037001e0078009e0090002f
:10e2600000804000904078001e0078002e01900051
:10e27000000041001040780080cf500002003200c2
:10e280000000eb00190037001e0fe8001e007800a8
:10e290009e00900000804000104078000004e000e4
:10e2a000060032001e007800ae00900000804000a2
:10e2b000104078000004e000e7ff3a001e007800fc
:10e2c0009e00900000804000904078001e00780082
:10e2d0002e019000000041001040780000c068004e
:10e2e0000080fb000000e9004f00de000080fa0023
:10e2f000000006000800fa001007980021079800a7
:10e30000624798000000eb00000f78000d00370016
:10e310001e0078009e009000008040009040780031
:10e320001e0078002e01900000004100104078008f
:10e3300080cf5000020032000000eb0006003700e2
:10e340001e0fe8006e4090000080fb009e0f500002
:10e35000efff3c00100020000080fa0000000600e3
:10e360000a00fa003007980041079800ce0090009c
:10e3700011079800be009000010f78000000eb002c
:10e38000200798000b0037001e0090009040780096
:10e390001e007800014878001e0090000000e80090
:10e3a000100798001e0fe8002e0090000000e80003
:10e3b000200798001e009000104078000004e00044
:10e3c000f1ff3a001e0078008040eb000148780021
:10e3d0002e0090000080fa00000006000a00fa00fb
:10e3e0003007980041079800ce0090001107980070
:10e3f000be009000010f78000000eb00200798009d
:10e400000b0037001e009000904078001e0078003e
:10e41000014878001e0090000000e80010079800f6
:10e420001e0fe8002e0090000000e8002007980072
:10e430001e009000104078000004e000f1ff3a0058
:10e440001e0078008040eb00014878002e0090000c
:10e450000080fa00000006000e00fa004007980055
:10e4600051079800424f9800de0090001107980075
:10e47000ce009000010f78000000eb00200798000c
:10e480000040eb00604798000e0037001e0090002f
:10e49000904078001e007800014878001e0090002f
:10e4a0000000e800100798001e0fe8002e00900002
:10e4b0000000e800200798006e4090000040e8004f
:10e4c000604798001e009000104078000004e000b3
:10e4d000070032006e4090008000fb004e48900024
:10e4e0000000fb000000e900808f5000e7ff3500ce
:10e4f0001e0078008040eb00014878002e0090005c
:10e500000080fa00000006000200fa00004f7800c8
:10e51000f0c2b3009e40780080cf50000600340067
:10e5200090c3b3009e40780080cf500002003c00b2
:10e5300010002000010037000000eb000080fa000e
:10e54000000006000400fa00100798000000eb002d
:10e55000000f78001e00900090407800b0c2b30019
:10e5600080cf500009003a001e0090000000e80033
:10e5700010079800060037001e0090000000e80019
:10e58000100798001e0fe80001003700000000008f
:10e590001e00900010407800dbff07000000e00044
:10e5a000f5ff3a001e009000104078000004e000e3
:10e5b000020032000000eb00000f78001e0078001f
:10e5c0000080fa00000006000800fa00100798001a
:10e5d00041479800320798000040eb00004f780058
:10e5e0000f0037001e80fb009e009000008040005e
:10e5f000104078008000fb004e4090000080fb003f
:10e60000808f500005003a009e80fb003e00900085
:10e610000108780010002000080037001e4fe800b5
:10e620001e80fb009e00900000804000104078009b
:10e630000004e000ebff3a000000eb000080fa006d
:10e64000000006000c00fa0030079800410798000f
:10e65000520798000000eb00000f78000000eb006c
:10e66000200798004e009000104078002047980046
:10e670001e007800be00900000804000e4004700cb
:10e6800001017800ae409000cfff0700e10f50007d
:10e690000f003a002e0090001e004000be009000c7
:10e6a00000804000ce009000dcf00200010000007d
:10e6b000e10f500008003a002e0090009e0040003c
:10e6c0005e0090000108780010002000060037006e
:10e6d0000000eb00040037002e0090001e0f4000e9
:10e6e0001e0fe800e2ff37000080fa00000006007d
:10e6f0000a00fa003007980041079800be00900019
:10e7000011079800030037001e0090000000e80089
:10e71000100798001e009000104078000004e000f0
:10e72000f9ff3a00ce00900021079800030037005f
:10e730002e0090000000e800200798002e009000b6
:10e74000104078000004e000f9ff3a000040eb00c0
:10e75000004f7800070037001e4fe8001e009000b1
:10e760000000e900100798002e0090000000e9006a
:10e77000200798001e009000904078002e00900026
:10e780001040780080cf500008003a009e009000b2
:10e790003e009000808f500004003900ae009000d1
:10e7a0004e009000808f5000ebff31001e4078003b
:10e7b0000080fa00000006000a00fa001007980026
:10e7c0004147980032079800430798003e009000a8
:10e7d0008040eb00014878004e0090008040eb0044
:10e7e000014878001c0037003e009000104078007f
:10e7f0006a00b9000000780000407800804078008e
:10e800003e009000014878003e00900010407800e3
:10e81000804078001e0090001040780080c04000ca
:10e8200000cdb30000c04000804078003e00900062
:10e83000014878001e0090000000e80010079800d2
:10e840004e009000104078000040e80080407800c2
:10e850004e009000014878001e00900010407800a3
:10e8600084f20200010000000000e000deff3a0038
:10e870001e009000904078004e40900080cf5000e5
:10e88000040032001e009000104078000004e000f8
:10e8900003003a0010002000000f7800020037004b
:10e8a0000000eb00000f78001e0078000080fa00e6
:10e8b000000006000400fa0030998000e30f5000c9
:10e8c0004c003200e30f500005003e00e10f500005
:10e8d00016003200e10f50003f003e0009003700f3
:10e8e000a10f2000810f500060003200b10f200006
:10e8f000810f500065003200ea0f500040003200e6
:10e900006e003700509a8000e20f50007800360009
:10e91000519a8000b0122000808f500076003e0097
:10e920001000200030998800780037000000eb00cc
:10e93000000f78000000eb00100798000e00370071
:10e940001e0090004200dd00c1db20006140780025
:10e950008080fb0000022000008060000000e000da
:10e960000200320010002000000f78001e0090000e
:10e970000000e800100798001e009000e30f500010
:10e98000efff34001e0078000000e0000b003a00aa
:10e99000017d200030c0b300a47a02000100000015
:10e9a000a00f2000309988008040eb00001020006c
:10e9b000b24002000100000054003700017d200039
:10e9c00030c0b300a47a0200010000002000200043
:10e9d000309988004d003700017d200030c0b30021
:10e9e000a47a020001000000300020003099880065
:10e9f00046003700a000200030998800430037000f
:10ea000010812000104078000004e0000c0032006b
:10ea10008040eb0000102000b24002000100000026
:10ea2000f080200010407800804078000114a000a1
:10ea3000f080200001487800a00f20003099880065
:10ea400000812000104078000004e0002c003a0013
:10ea50008040eb0000102000e440020001000000b4
:10ea6000a00f20003099880028003700f080200097
:10ea700010407800804078000154a100f080200010
:10ea800001487800b00f200030998800509a80002b
:10ea9000e10f50001c003e00f08020001040780084
:10eaa000804078000154a100f080200001487800e7
:10eab0000000eb0030998800140037000000eb00e4
:10eac00030998800f0802000104078008040780065
:10ead0000154a100f08020000148780080e52c005e
:10eae0000cf60200010000000000000007003700e3
:10eaf00000000000050037000000000003003700a0
:10eb00000000000001003700000000000080fa0053
:10eb1000000006000200fa00004f78006082220028
:10eb2000104078009e4f500003003a0030418100b1
:10eb30000090a000304189001e407800ea4f50004c
:10eb4000030032001e407800ed4f500014003a00e0
:10eb500040722200104078000004e0001e003200e5
:10eb600040722200104078000080fb0051722200a9
:10eb70000041eb00827078008001eb000001eb00a7
:10eb80008000eb0050722200cec90200000000009d
:10eb9000407222008040eb00014878000e003700f0
:10eba0001e407800ed4f50000b00320040722200f2
:10ebb000104078000080fb001e4178005172220056
:10ebc0008270780040722200104078008040e80097
:10ebd00040722200014878000080fa000000060020
:10ebe0000000fa0080002000701d8800b023ef00b4
:10ebf00020022000b01d8800b823ef009bc0a800b1
:10ec0000afe3a800b143a800b183a800b686a8006e
:10ec10000080fa00000006000200fa00000f7800f1
:10ec20001e007800104078000004e000110032005f
:10ec3000000000000100370000000000811d80007e
:10ec400000102000008060000000e000fbff3200a8
:10ec50001e007800104078000000fb00901d880026
:10ec60001e0fe8001e007800104078000004e0004d
:10ec7000f1ff3a000080fa00000006000200fa00ee
:10ec8000000f78001e007800104078000004e000bb
:10ec900011003200000000000100370000000000f9
:10eca000811d800000102000008060000000e00056
:10ecb000fbff32001e007800104078000080fb004f
:10ecc000901d88001e0fe8001e007800104078009c
:10ecd0000004e000f1ff3a000080fa0000000600a6
:10ece0000000fa0000e42c00cbff07000080fa00cf
:04ecf000000006001a
:020000040000fa
:020000040003f7
:10ecf4009e2c00001e00000082000000234623001a
:10ed040049234e002354230052234100234e230061
:10ed1400532350002341230052234500234e230054
:10ed24005400000000080000aa0b0000800000004e
:10ed3400f62c00001400000080000000382d0000b4
:10ed44000400000080000000182d00000c000000ea
:10ed5400800000002427000004010000800000005f
:10ed640028280000f6000000800000001e29000092
:10ed7400cc00000080000000242b0000660000008e
:10ed840080000000ea290000bc00000080000000b0
:10ed94008a2b00005c000000800000005e2c000054
:10eda4002000000080000000e62b00004e00000060
:10edb40080000000aa1300000e080000800000007c
:10edc4003c2d00000200000082000000feff000055
:10edd4003e2d00000200000080000000402d0000d5
:10ede4000200000080000000422d0000020000002c
:10edf40080000000342c00002a0000008000000085
:10ee0400302d000008000000820000000100010015
:10ee140000ff0000feff0000b81b00009606000083
:10ee240080000000da2c00001c00000080000000bc
:10ee34007e2c00002000000080000000a62a0000b4
:10ee44007e00000080000000242d00000c00000063
:10ee5400800000000a2d00000e0000008200000067
:10ee6400ffffff00fffa000060ea00000005000059
:10ee7400050000004e220000d604000080000000bf
:10ee8400bc2c00001e00000082000000286e6900f7
:10ee94006c29000025006800076c09004c836a0097
:10eea4009074a0007ac000008068880000846c0020
:10eeb40082008100442d0000020000008000000058
:04eec400000000004a
:020000040000fa
:020000040003f7
:10eec8000000fa000080fa00000006000200fa00c4
:10eed800004f78001e80fb00e10f50000300320055
:10eee800e20f50002500320051003700d0c9210040
:10eef80085d12200a4d1220080017800e2c1b300ac
:10ef08001130200000cab30054af02000100000015
:10ef1800a0d1210085d12200a4d12200800178004f
:10ef280022c0b3001134200000cab30054af02005d
:10ef380001000000a0cd210085d12200a4d122002b
:10ef480080017800e2c1b3004134200000cab30058
:10ef580054af02000100000090cf210085d12200ab
:10ef6800a4d1220080017800e2c1b300213620003c
:10ef780000cab30054af020001000000d0c921004c
:10ef880085d12200a4d1220080017800e2c1b3001b
:10ef98001138200000cab30054af0200010000007d
:10efa800a0d1210085d12200a4d1220080017800bf
:10efb80022c0b300113c200000cab30054af0200c5
:10efc80001000000a0cd210085d12200a4d122009b
:10efd80080017800e2c1b300413c200000cab300c0
:10efe80054af02000100000090cf210085d122001b
:10eff800a4d1220080017800e2c1b300213e2000a4
:10f0080000cab30054af02000100000080d1210003
:10f0180085d12200a4d122008001780012c0b3005b
:10f028002141200000cab30054af020001000000d3
:10f0380090d121008040eb00014878000080fa0060
:10f04800000006000000fa0000998000e10f50005f
:10f058001e003200e10f500003003900e20f50009b
:10f06800240032002c003700ca06a900ca26a800ce
:10f07800a00d22009040780010c3b30080cf50004c
:10f0880005003200a00d22009040780050c3b30064
:10f0980080cf500005003a00419c200020c0b300fa
:10f0a800a47a02000100000004003700411f20007c
:10f0b80020c0b300a47a020001000000009980007b
:10f0c8000000e8000099880016003700ca06a90069
:10f0d800ca26a900411f200020c0b300a47a02005c
:10f0e80001000000009980000000e80000998800f5
:10f0f8000c003700ca06a800ca26a900411f200034
:10f1080020c0b300a47a0200010000000000eb0058
:10f1180000998800030037000000eb000099880080
:10f12800000000000080fa00000006000200fa005b
:10f13800004f7800114798001e407800e54f5000b6
:10f148000200360050c0b300004f7800104981001b
:10f158000000e00024003a00109b80000000e0005e
:10f1680021003a00409b80000000e0001e003a00a9
:10f17800509a8000e10f50001b003a001e80fb00ef
:10f18800104989001e409000614060000080fb002b
:10f1980061006000f14881000100a10001007000d9
:10f1a800f0488900f04881000010a000f04889006c
:10f1b8001e4090000004e00003003a00800c20008c
:10f1c8000049890002003700401f200000498900db
:10f1d80090d5200011c0b3000148780040c5b300a5
:10f1e80094d6020001000000104981000040780018
:10f1f8000080fa00000006000000fa000080fa0013
:04f2080000000600fc
:020000040000fa
:020000040003f7
:10f20c00f03fb1000180b10006003500ee030900ab
:10f21c0000000000403fb1000180b100fbff3d0049
:10f22c001000b000203fb000020035000080090043
:08f23c000000000000000600c4
:020000040000fa
:02000004000af0
:04be0000ffffff0041
:020000040000fa
:02000004000af0
:04be2000ff1f000000
:020000040000fa
:02000004000af0
:04be300009ffff0007
:020000040000fa
:02000004000af0
:04be380047ffff00c1
:020000040000fa
:02000004000af0
:04be4000bbffff0045
:020000040000fa
:02000004000af0
:04be4800ffffff00f9
:020000040000fa
:02000004000af0
:04be5000df7fff0091
:020000040000fa
:02000004000af0
:04be5800ffffff00e9
:020000040000fa
:020000040100f9
:04300000feffff00d0
:00000001FF
