:020000040000fa
:080000000001040000000000f3
:020000040000fa
:0400080042040000ae
:020000040000fa
:04000c0042040000aa
:020000040000fa
:0400100042040000a6
:020000040000fa
:0400140042040000a2
:020000040000fa
:04001800420400009e
:020000040000fa
:04001c00420400009a
:020000040000fa
:040020004204000096
:020000040000fa
:040024004204000092
:020000040000fa
:0400280004020000ce
:020000040000fa
:04002c00420400008a
:020000040000fa
:040030004204000086
:020000040000fa
:040034006202000064
:020000040000fa
:04003800420400007e
:020000040000fa
:04003c00420400007a
:020000040000fa
:040040004204000076
:020000040000fa
:040044005202000064
:020000040000fa
:040048005a02000058
:020000040000fa
:04004c00420400006a
:020000040000fa
:040050004204000066
:020000040000fa
:040054007e03000027
:020000040000fa
:04005800420400005e
:020000040000fa
:04005c00420400005a
:020000040000fa
:040060004204000056
:020000040000fa
:040064004204000052
:020000040000fa
:04006800420400004e
:020000040000fa
:04006c00420400004a
:020000040000fa
:040070004204000046
:020000040000fa
:04007400b4030000d1
:020000040000fa
:040078001e02000064
:020000040000fa
:04007c00420400003a
:020000040000fa
:040080004204000036
:020000040000fa
:040084004204000032
:020000040000fa
:04008800420400002e
:020000040000fa
:04008c00420400002a
:020000040000fa
:040090004204000026
:020000040000fa
:040094004204000022
:020000040000fa
:04009800420400001e
:020000040000fa
:04009c003802000026
:020000040000fa
:0400a0004803000011
:020000040000fa
:0400a4004204000012
:020000040000fa
:0400a800420400000e
:020000040000fa
:0400ac00420400000a
:020000040000fa
:0400b0004204000006
:020000040000fa
:0400b4004204000002
:020000040000fa
:0400b80042040000fe
:020000040000fa
:0400bc0042040000fa
:020000040000fa
:0400c00042040000f6
:020000040000fa
:0400c40042040000f2
:020000040000fa
:0400c80042040000ee
:020000040000fa
:0400cc0042040000ea
:020000040000fa
:0400d00042040000e6
:020000040000fa
:0400d40042040000e2
:020000040000fa
:0400d80042040000de
:020000040000fa
:0400dc0042040000da
:020000040000fa
:0400e00042040000d6
:020000040000fa
:0400e40042040000d2
:020000040000fa
:0400e80042040000ce
:020000040000fa
:0400ec0042040000ca
:020000040000fa
:0400f00042040000c6
:020000040000fa
:0400f40042040000c2
:020000040000fa
:0400f80042040000be
:020000040000fa
:0400fc0042040000ba
:020000040000fa
:0401000042040000b5
:020000040000fa
:0401040042040000b1
:020000040000fa
:0401080042040000ad
:020000040000fa
:04010c0042040000a9
:020000040000fa
:0401100042040000a5
:020000040000fa
:0401140042040000a1
:020000040000fa
:04011800420400009d
:020000040000fa
:04011c004204000099
:020000040000fa
:040120004204000095
:020000040000fa
:040124004204000091
:020000040000fa
:04012800420400008d
:020000040000fa
:04012c004204000089
:020000040000fa
:040130004204000085
:020000040000fa
:040134004204000081
:020000040000fa
:04013800420400007d
:020000040000fa
:04013c004204000079
:020000040000fa
:040140004204000075
:020000040000fa
:040144004204000071
:020000040000fa
:04014800420400006d
:020000040000fa
:04014c004204000069
:020000040000fa
:040150004204000065
:020000040000fa
:040154004204000061
:020000040000fa
:04015800420400005d
:020000040000fa
:04015c004204000059
:020000040000fa
:040160004204000055
:020000040000fa
:040164004204000051
:020000040000fa
:04016800420400004d
:020000040000fa
:04016c004204000049
:020000040000fa
:040170001e0300006a
:020000040000fa
:040174004204000041
:020000040000fa
:04017800420400003d
:020000040000fa
:04017c004204000039
:020000040000fa
:040180004204000035
:020000040000fa
:040184004204000031
:020000040000fa
:04018800420400002d
:020000040000fa
:04018c004204000029
:020000040000fa
:040190004204000025
:020000040000fa
:040194004204000021
:020000040000fa
:04019800420400001d
:020000040000fa
:04019c004204000019
:020000040000fa
:0401a0004204000015
:020000040000fa
:0401a4004204000011
:020000040000fa
:0401a800420400000d
:020000040000fa
:0401ac004204000009
:020000040000fa
:0401b0004204000005
:020000040000fa
:0401b4004204000001
:020000040000fa
:0401b80042040000fd
:020000040000fa
:0401bc0042040000f9
:020000040000fa
:0401c00042040000f5
:020000040000fa
:0401c40042040000f1
:020000040000fa
:0401c80042040000ed
:020000040000fa
:0401cc0042040000e9
:020000040000fa
:0401d00042040000e5
:020000040000fa
:0401d40042040000e1
:020000040000fa
:0401d80042040000dd
:020000040000fa
:0401dc0042040000d9
:020000040000fa
:0401e00042040000d5
:020000040000fa
:0401e40042040000d1
:020000040000fa
:0401e80042040000cd
:020000040000fa
:0401ec0042040000c9
:020000040000fa
:0401f00042040000c5
:020000040000fa
:0401f40042040000c1
:020000040000fa
:0401f80042040000bd
:020000040000fa
:0401fc0042040000b9
:020000040000fa
:100200006ff422000eff27000e018800000000009e
:10021000000020000000e000020032000001200089
:100220002002880014000700980107000000e00089
:1002300003003a0040f42f001100200002003700b4
:100240000000200001002000810f7000010032003a
:1002500014000700000020000000e000020032004f
:1002600000000200000000006a840200010000009b
:100270000040da000000fe004440a90040e62300f0
:100280000000e00003003200002020009001880000
:100290004440a800000006008a1f78008b1f7800e9
:1002a00000000600a1028800800478000000eb0036
:1002b0001f003700e284440054a0b4009905ba003e
:1002c000e284440054a0b4009906ba00e2844400d9
:1002d00054a0b4000006eb00476fde00fd07b2003b
:1002e000ae018800636ce10003003a00eaff0700fa
:1002f0000000eb000e003700606ce10008003a00df
:10030000004deb000a05e800020039003420ec0043
:100310000af0a0008b05e900f9ff3e000400370059
:100320006168e100010032000086eb000b0007006d
:1003300019c7ba001905ba000e04e00003003a001c
:100340000a00e000dbff3a0000000600fe07b200f2
:10035000ae0288008a047800f5ff37000cd0a300b5
:10036000e20f4d001c00390089027800354dba00bb
:100370000a05e800020039003420ec000af0a00071
:100380008b05e9000f003200254dba000a05e80090
:10039000020039003420ec000af0a0008b05e900cf
:1003a000080032000c00e0000600320015cdba0053
:1003b0000a05e800020039003420ec000af0a00031
:1003c0008b05e9008984e80054a0b4000b00e0002c
:1003d000e2ff3a00000006009902ba00055d7800cd
:1003e0008b05e900f7ff3200c82ade00055d7800c2
:1003f0008b05e900f3ff32000c00e000f1ff320052
:1004000019ddba00eeff37003200f8003400f800c2
:10041000881f780018002000a8018800082020000c
:10042000980188004f0478000000fa000080fa006c
:100430003400f9003200f900004006003200f800f4
:100440003400f800881f780018002000a8018800f8
:1004500008202000980188004f0478000000fa006e
:100460000080fa003400f9003200f9000040060074
:100470003200f8003400f800881f780018002000cf
:10048000a801880008202000980188004f04780007
:100490000000fa000080fa003400f9003200f90090
:1004a000004006000000fa0088e0a9000080fa0081
:1004b000004006000000fa008900a9000080fa0050
:1004c00000400600809fbe00829fbe000200fa002e
:1004d000c0048000680060000000e00052003200ac
:1004e00040048000680060000000e0004e00320020
:1004f000003a210011c0b30001487800c0788100a3
:100500000000e00003003200c07881000000e90034
:10051000c078890030f22200104078000004e0002a
:100520000500320030f22200104078008040e900df
:1005300030f2220001487800e05980000000e0001d
:1005400003003200e05980000000e900e059880013
:100550000040eb00004f7800300037001e80fb00a9
:100560006600b90080007800003121000080400062
:1005700010407800e14f500027003a001e80fb0039
:100580006600b900000078008080e800003121009a
:1005900000804000100078000000e0000e003200f3
:1005a0009e81fb001e80fb006600b9000000780001
:1005b0008080e800003121000080400010007800b9
:1005c0000001e9006618b9008000780020312100a0
:1005d00000804000020878001e80fb006600b90021
:1005e000000078008080e800003121000080400099
:1005f000100078000000e00007003a001e80fb00b9
:100600006600b900800078000031210000804000c1
:100610008040eb00014878001e4fe8001e40780043
:10062000f74f5000cdff36008860a9000080fa0027
:100630004f01be004f00be00004006003600f8002b
:10064000809fbe00829fbe00849fbe00869fbe002a
:100650000000fa00020037002084020001000000c0
:10066000301e8000610060000000e000faff3a00e8
:100670009240a9000080fa004f03be004f02be0066
:100680004f01be004f00be003600f90000400600da
:100690003600f800809fbe00829fbe00849fbe008f
:1006a000869fbe000000fa00020037002e84020080
:1006b00001000000801d8000610060000000e0007b
:1006c000faff3a008bc0a900602f2100104078008b
:1006d000804078000144a000602f2100014878008c
:1006e0000080fa004f03be004f02be004f01be0063
:1006f0004f00be003600f900004006003600f8004a
:10070000809fbe00829fbe00849fbe00869fbe0069
:100710000000fa0002003700183902000100000052
:10072000d01c8000610060000000e000faff3a0089
:100730008960a900602f2100104078008040780077
:100740000154a000602f2100014878000080fa00c9
:100750004f03be004f02be004f01be004f00be005f
:100760003600f90000400600809fbe000000fa003d
:10077000d0048000680060000000e0003e0032000d
:1007800050048000680060000000e0003a00320081
:100790004137800000202000008060000000e00061
:1007a00007003200e926a900602f210010407800e0
:1007b000804078000124a000602f210001487800cb
:1007c000a136800000042000008060000000e000ee
:1007d00007003200d4c6a900602f21001040780025
:1007e000804078000114a000602f210001487800ab
:1007f000a0368000640060000000e00007003200c6
:10080000d446a900602f2100104078008040780075
:100810000104a000602f210001487800a03680006c
:10082000680060000000e00001003200d466a9000a
:10083000a136800000022000008060000000e0007f
:1008400001003200d4a6a900a0368000700060002c
:100850000000e00001003200d486a9008a60a900ef
:10086000602f210010407800804078000134a00003
:10087000602f2100014878000080fa004f00be0080
:10088000004006000040da000000fe000000050005
:100890006022b800060220000000d0008180d20053
:1008a0000482d2008582d2000000a0000202520021
:1008b00083825a00030031000202420083824a0010
:1008c0000000a1000603e900f3ff3a000000060063
:1008d000efff07000400be00000006000000fa0061
:1008e000e88157004fb99700cb0207000080fa005b
:1008f00000000600ef000700470107007b0107002a
:10090000f70107001f02070040030700eb02370052
:100910000000fa00e88157004fb99700be020700b7
:100920000080fa0000000600e20007003a0107001c
:10093000eb010700130207006c01070033030700f7
:10094000de0237000000fa0068815700cfb8970038
:10095000d60207000080fa0000000600d50007005c
:100960002d01070061010700dd01070005020700f6
:1009700026030700d10237000000fa006881570003
:10098000cfb89700c90207000080fa0000000600f7
:10099000c800070020010700d1010700f901070086
:1009a0005201070019030700c40237000000fa00d3
:1009b00068815700cfb89700bc0207000080fa009a
:1009c000000006004901370080017800020037006e
:1009d000b15978000201e9000200e000fcff3a0092
:1009e00000000600889fbe008a9fbe008004780039
:1009f0000200e0005b00320001407800814c78008a
:100a000082814400f1f99f00e20f51005500360049
:100a100091449800a1449800e1f99f00d1f99f000a
:100a2000e60f51004f003600b1449800c1f99f0015
:100a3000e80f51004b0036000905ea006305650028
:100a40000a8444000a055100c1ff2f00010565001a
:100a50000080fb008000eb0012102000131020002b
:100a600008060700008cbe000a01440060b99f0020
:100a700071b99f00e80f55003a0036002004980035
:100a800031049800400498005104980020b99f0058
:100a900031b99f0040b99f0051b99f00f80f550030
:100aa000300036006004980071049800000c980033
:100ab000110c9800200c9800310c9800400c980004
:100ac000510c980020b19f0031b19f0040b19f00b0
:100ad00051b19f0060b19f0071b19f0000b99f00ac
:100ae00011b99f00640164007801410002044400d0
:100af000020555006011b8000203be000002be00ee
:100b00000403be006022b800000072008180720001
:100b1000020173008381730010003700009cbe0047
:100b20000294be00400498005104980062049800aa
:100b300073049800000c9800110c9800220c980087
:100b4000330c9800400c9800510c9800620c9800ef
:100b5000730c98000a02b1000802b000ff0f5500a4
:100b6000eeff3e00090078004f05be004f04be00b6
:100b700000000600889fbe000004be000800780048
:100b80001800070000004400890078000e000700ec
:100b9000080078004f04be000000060081017800c4
:100ba0000002780030417800b14f510002003a0055
:100bb0000204e000f9ff3a009480fb001380fb0080
:100bc0000080500000000600881f780000047800b4
:100bd00008007800e7040700080078004f04780058
:100be0000000060080007800040037003104e000b7
:100bf00002003a00000051000000060001017800e8
:100c00000108a300f9ff3a00810178003101780062
:100c1000f4ef2f00020242000281ea0002016200aa
:100c20000408280004016100f7ff32008300780007
:100c3000010178003104e000fdff3a00000051009e
:100c4000000006008001eb000200e000100032000e
:100c50000002780001037800b44178000304e0004a
:100c600008003200b14278000504e00005003200bf
:100c700082034000848f53000200320085cf510070
:100c8000f4ff32008381fb001680fb00808151005d
:100c90000300780000000600881f78000004780038
:100ca00008007800d3040700080078004f0478009b
:100cb00000000600ec874700889fbe008a9fbe00a8
:100cc0008c9fbe008e1f780000067800010478001b
:100cd000180790002805900098067800cdb79f006f
:100ce000b80590003202be002203be000400be0020
:100cf0000601be004f18de006011b8008000eb0056
:100d0000d0b79f00e1b79f00f2b79f0083bf9f005d
:100d1000800478000900e000060032006000b8009e
:100d20006011b80004025000858258000603590083
:100d3000878359000e00e000020035000d10a1006d
:100d4000cdb79f000900e00005003a004fb09700c2
:100d50000028a30002003a000038a300020032007d
:100d60008a00e900010037008a007800f881570006
:100d7000a200200008007800860007000900e000bb
:100d800003003a00cfb097000128a300080032000a
:100d90000000e90000814500b1c2b3000900e00095
:100da00001003200d1c2b3000149780005003700cc
:100db0000138a300030032000000e90001c2b300c3
:100dc00081757800480190000201e900000151009e
:100dd000808045004fb297008a0178000c007800af
:100de000550207009c0090000188a3000400320017
:100df00098009000810f500001003d000100780034
:100e00004f0778004f06be004f05be004f04be00de
:100e1000cf00b100000006000200fa00889fbe006b
:100e20008a9fbe00800578000104780002007800e7
:100e3000180190002805900098007800b1bf9f002d
:100e4000b80490000200e000020035000110a1008b
:100e5000b1bf9f00ea815700820020008a0078001d
:100e60003002be002003be000800780049000700e1
:100e70003fb99700f0006100030032000000e90074
:100e800001c3b300817478003fb99700e8006100a6
:100e9000030032000000e90001c2b3008174780051
:100ea000480190000201e9000001510080804400e7
:100eb0003fba97008a0178000b0078001e020700f5
:100ec0009b0090000188a30004003200980090006d
:100ed000810f500001003d00010078004f05be0069
:100ee0004f04be000080fa0000000600ea874700b9
:100ef000889fbe008a9fbe008e1f78000004780085
:100f0000030078007287570084e2260055c7260048
:100f1000049fbe00c3962200030f78006c87570021
:100f2000004feb0011059000a1049000910578009e
:100f30000200e000020032000207780001003700e2
:100f4000728757000000e00002003a000e007800af
:100f500024ff07000a00e000030035008a0f50005c
:100f6000010036000a0078000b0278008901780041
:100f7000000178008e00780008007800ee0107007c
:100f80004f0778004f05be004f04be00af00b10010
:100f900000000600f4874700889fbe008a9fbe00bd
:100fa0008c9fbe008e1f78000605be000404be00a4
:100fb00081bf9f0082b79f00f3b79f00b0009000f1
:100fc000e1b79f001301780092b79f009006900050
:100fd000400090000000e900000678000d00e000ed
:100fe00001003d001d0020008040eb00efb19700a4
:100ff000817178001e0020001f0037000c06e900f8
:101000000fb09700cf80de006109b900a0b79f0044
:10101000b1b79f00c2b79f00d3b79f000203be00c5
:101020000002be000800be000a01be003b0507002a
:10103000000778000e4078000043b000efb0970042
:1010400080707e008d06e9000fb997000201e9006b
:1010500082bf9f002fb29700bfb297004fb3970097
:10106000dfb397000800be000a01be002405070098
:101070000205be000004be000c00e0000d003400bc
:10108000e00f5400e08f5c00e00f5d00e08f5d003a
:10109000daff3a000d00e000d8ff3c008fb997005e
:1010a0000300e000030034001fb097000018a30005
:1010b000d2ff3a000e00e00002003a00ffb09700b5
:1010c0001140a1000c0078004f0778004f06be00c9
:1010d0004f05be004f04be004f01b10000000600e6
:1010e0000200fa00889fbe008a9fbe0000057800bb
:1010f000010478000200780018019000a804900014
:1011000098007800b1bf9f00b80590000200e00091
:10111000020035000110a100b1bf9f00ea81570015
:10112000a2002000890078003002be002003be002b
:101130000800780097ff0700480190000201e900cd
:1011400000015100808045003fba97008901780076
:101150000a007800780107009a0090000188a30037
:101160000400320098009000810f500001003d0003
:10117000010078004f05be004f04be000080fa0059
:1011800000000600fa874700889fbe008a9fbe00c5
:101190008c9fbe008e1f78008004780001047800c8
:1011a0008205780018019000280590001807780043
:1011b000b80090000200e000020035000e10a1000f
:1011c000010037001200200070006700e0b79f00a8
:1011d000090032003b02be002b03be00e00f5200ac
:1011e000e08f5a00e00f5b00e08f5b0002003200ee
:1011f0008a86e900010037008a067800e802670065
:10120000f5b79f00010032008d06e9003b02be00e9
:101210002b03be00e4af9f00f5af9f0086b79f0091
:1012200097b79f00480690000c06e9000040eb00cd
:1012300080707e00efb297007fb29700890378003c
:1012400081047800d8af9f00020478008bbf9f0014
:101250008a057800034578002a0037000c06e9006b
:101260006fab97006f006300e90f500002003c0075
:101270000003b000010037007005b0000a03fb0056
:101280001604b100f90f53000c003e000003780073
:101290000650a0001606b100f90f530007003e00eb
:1012a000b4b79f00a5b79f00c7b79f008d03070085
:1012b000cfb39700afb297003fb2970080747e0023
:1012c0000804e9008d06e9006fa89700ffa89700c1
:1012d0000fb197009fb19700460020008301d10015
:1012e0000281d3008180d3000080d3000603e9008f
:1012f000faff3a00e0af9f00f1af9f0082b79f0076
:1013000093b79f00e10f56000f0034006fa89700bd
:10131000ffa897000fb197009fb19700e00f500012
:10132000e08f5800e00f5900e08f5900cbff3a00e2
:101330000800e000c9ff3c000d00e000020034009e
:101340000e18a300c5ff3a0089007800f4b79f008b
:10135000870478005fac97008a4178000b0578001d
:101360008fbd97000500e000100032003b02be0078
:101370002b03be00e4af9f00f5af9f0086b79f0030
:1013800097b79f00e00f5200e08f5a00e00f5b001c
:10139000e08f5b00050032000c06e90083707e00e0
:1013a0000c06e90000c3b30080707e00ffb2970016
:1013b0000500e000030032000c06e90000c2b300a3
:1013c00080707e00480190000201e9000c0151008c
:1013d0008c8040000e0278008a01780009007800b5
:1013e000d5000700990090000188a3000400320096
:1013f00098009000810f500001003d00010078002e
:101400004f0778004f06be004f05be004f04be00d8
:10141000af01b10000000600f28747008e1f780080
:1014200002027800030178000000e00002003200b0
:101430000007780001003700728757008002eb0038
:101440000100e000010032008102e90070805700d5
:10145000060009000018eb000080eb0080bf9f0031
:101460002310200093bf9f00aebf9f00b1bf9f001d
:10147000c5bf9f000100e00003003d00b104200053
:10148000217a890006003700004feb00eebf9f0075
:10149000debf9f00840078007080570018030700ab
:1014a0004f0778002f01b10000000600820178008c
:1014b00001017800f1ff2700d7ff370084082000e2
:1014c000848f50001d0032000d003c0014082000e5
:1014d000848f50002700320002003c0004082000e6
:1014e0000400370024082000848f500034003200ac
:1014f00044082000848f500043003a003600370033
:10150000040a2000848f50002700320004003c00b1
:1015100004092000848f50003b003a002800370067
:10152000020c2000828f50002f003200020f20009a
:10153000828f500034003a002b0037009380e9007e
:101540000200e00005003200810978001102fb0072
:10155000cfa2de00612bb900280037008109780096
:10156000114278000482fb008002eb006033b80077
:101570002200370013027800e40052000200e0006d
:1015800005003200810978001102be004fabde0079
:101590008603780019003700810978001102be0027
:1015a0006033b800150037009380e90081097800a6
:1015b00011027800cfa2de00612bb9000f003700c6
:1015c00093027800e8805200810978003102be0061
:1015d0002103be00090037009380e9000200e0000b
:1015e00002003200f1ff37009380e90081097800a2
:1015f000110278008002eb006033b8000498be004e
:101600000690be0010000500000005004408200000
:10161000848f50002500320008003c001408200090
:10162000848f50001400320024082000848f500062
:1016300024003200040820000c00370004092000b8
:10164000848f50001f00320004003c0084082000fa
:10165000848f500024003a000e003700040a200056
:10166000848f500011003200040c2000848f500041
:101670001d003a000d0037009380e90081097800d1
:101680009100780001087800cf91de008288be00ca
:10169000140037009380e9008109780091007800f8
:1016a00001087800824878000e0037009380e90036
:1016b000810978009100780001087800820878009c
:1016c000080037009380e9008109780091007800d4
:1016d000010878006112b900612bb9008498be003e
:1016e0008690be001000050000000500889fbe0027
:1016f000000478004800900082047800808f540035
:10170000010036008004780009017800580090003c
:10171000adfc0700580090000900400050049800fc
:10172000c800900089845000490498000048eb00ec
:101730004f04be0000000600f2874700889fbe00ed
:101740008a9fbe008c9fbe008e1f780080047800a8
:1017500001057800020478008305780061076200c3
:1017600002003a008b0f540008003900080178008d
:101770008a00780009007800dcff07008b0f540016
:1017800002003900880578001e00370008865500e1
:101790000c017800f00f5600010036000201200015
:1017a000010220007e8057008efc07008c06780026
:1017b0000500370002012000fe8057000900780074
:1017c000caff0700f0865600ef8f5600f9ff3e0073
:1017d0004461de0000ff2f000091b90002014600c5
:1017e000fe80570009007800c0ff07000e00e000ef
:1017f00004003a00080178008a00780009007800a7
:10180000baff07000b0078004f0778004f06be00b4
:101810004f05be004f04be002f01b10000000600be
:101820000000050000000500000005000001780030
:101830000040eb008080fb008180400043ec2200f0
:1018400063c278000404e00003003a0050ec220078
:1018500060c078000000060092017800934f5200ab
:1018600004003a0050ec220060c078000309e80050
:10187000010037000040e800ea4f5000edff36005d
:1018800000000600f6874700889fbe008a9fbe00c2
:101890008c9fbe008e1f7800000578000104780040
:1018a00083057800040678000000eb00c0b79f00b5
:1018b0008080eb00d1b79f00e0b79f00f2b79f0098
:1018c0000008200080bf9f00980078000100780089
:1018d0008004eb00010037008904e8003041780003
:1018e0000204e0000300320053c2b300834f5100f2
:1018f000f9ff3a000900e000040032000901780015
:101900000a00780079ff0700188c44001807780057
:1019100050c2b3009e4f10003f013a000e07e8008e
:101920000e0c780010003700cfb097000100a00027
:101930000b003700cfb097000110a000080037005f
:10194000cfb097000120a00005003700cfb097006e
:101950000130a00002003700cfb097000140a00086
:10196000c1b79f00000ce800180078009040780094
:10197000b2c2b30082cf5000f1ff320007003c003a
:1019800002c2b30082cf5000f0ff320032c2b30077
:1019900082cf500007003a00efff3700d2c2b300f9
:1019a00082cf5000e0ff320002c3b30082cf50006c
:1019b000e0ff3200a2c2b30082cf50000d003a0017
:1019c000000ce8001c80e900000e78001000780090
:1019d000e0b79f000000e0000f003d00cfb097008f
:1019e0000100a200c1b79f000000ea00e0b79f001d
:1019f0000900370039010700e0b79f0001003700f8
:101a0000000ce800180078009000fb000103b10012
:101a1000e98f5000faff36004fb097000008a3008e
:101a2000020032000010a100c0b79f00180078002b
:101a3000e1c2b30090cf100016003a008000eb0026
:101a4000d1b79f000000e800000c7800a1c2b300ed
:101a500090cf100006003a00000ce8001c80e9005e
:101a6000000e780010007800d0b79f000900370002
:101a70001a010700d0b79f0001003700000ce800f2
:101a8000180078009000fb000103b100e98f5000be
:101a9000faff36000800780064ff070080467800ef
:101aa000180078001000fb00870107009106200055
:101ab000810f50003800320012003c004106200027
:101ac000810f5000340032000a003c001106200053
:101ad000810f50002000320031062000810f50009d
:101ae000a000320051022000810f5000bc003a00db
:101af000b400370071062000810f5000b8003c0090
:101b00008800370001072000810f50005c00320080
:101b100007003c00e1062000810f50007a003200ef
:101b2000f1062000810f5000ad003a003900370067
:101b300051072000810f500027003200810720004c
:101b4000810f50004200320031072000810f500009
:101b5000a3003a008f0037008d80fb000c01780055
:101b600000fe2f000f004000730107000000e0009e
:101b7000a800320018007800000ce80090417800be
:101b800002fe2f000f014100f88057000a00780084
:101b900024ff07000e0037008d80fb008c017800c9
:101ba0001200200000fe2f000f00400043fe07003f
:101bb0000000e00097003200180ce80002fe2f0041
:101bc0000f014100f88057000a00780039fc070037
:101bd00080844400900037008d80fb008c017800e9
:101be0000001eb0000fe2f000f00400033fe070055
:101bf0000000e00087003200180ce80002fe2f0011
:101c00000f014100f88057000a00780034fd0700fa
:101c1000efff37008d80fb008c0178000001eb00a6
:101c200000fe2f000f00400024fe07000000e0002f
:101c300078003200180ce80002fe2f000f0141006e
:101c4000f88057000a00780073fc0700e0ff3700b7
:101c50008d80fb008c0178000001eb0000fe2f005e
:101c60000f00400015fe07000000e0006900320090
:101c700018007800000ce800904178001c00370044
:101c80008c0178000001eb00010f200000fe2f0006
:101c90000f00400009fe07000000e0005d00320078
:101ca000180ce8000fb097009fb097002fb1970075
:101cb000bfb19700e00f5000e08f5800e00f5900cf
:101cc000e08f590009003a00cfb597006fb4970034
:101cd000c0eb2200c3fb07000b02780088017800ec
:101ce00000017800c1eb22004700370083c7b30032
:101cf00002fe2f000f014100f88057000a00780013
:101d000020fd0700b2ff37000b8144008d80fb00ef
:101d10008c01780000fe2f000f0040003bfe070002
:101d20003c0037008d80fb000c01780000fe2f0086
:101d30000f004000000107000000e0003500320005
:101d400018007800000ce8009041780002fe2f0097
:101d50000f014100f88057000a007800b1fe07002b
:101d60009bff370000c8b30080cf560029003a001f
:101d7000180ce8001c80e900000e78001040780084
:101d8000e0df9f0013002000e2fd2f000f01410063
:101d90000800370000c8b30080cf56001d003a008d
:101da000180ce8001c80e900000e78008001eb00b0
:101db00010017800f88057000a0078004bfc0700fb
:101dc00083ff370000c8b30080cf560011003a00ef
:101dd000180ce8004fb29700efb1970008003700e9
:101de0000e0c78000000eb00c0b79f00e0b79f002a
:101df0000080eb00d0b79f000002eb008401780068
:101e00001200200021ec22000a0078004afe0700a0
:101e10006fff3700180ce800090078004f077800c2
:101e20004f06be004f05be004f04be006f01b1005b
:101e3000000006008200fa00889fbe008a1f78001a
:101e40000005780082047800c13f9f000004eb0089
:101e5000100037000902780088017800a2f72f00ef
:101e60000f01410081f72f008f8040000a007800a9
:101e700084fe070008004000880f500004003d0069
:101e8000b0042000207a89000084eb0004003700b1
:101e9000000478004f3897001004e000edff3a008e
:101ea000080078004f0578004f04be000080fa005b
:101eb00000000600800078001000200002022000d0
:101ec000828f500004003200e9805000e48f5000ff
:101ed000010036000000eb0000000600889fbe00f5
:101ee0008a1f7800000578000a047800984478007a
:101ef0000805e8000900fb00eeff07000000e00015
:101f0000f9ff3a00b0c2b30080cf540005003200a0
:101f1000d0c2b3008000eb0080cf540005003a002f
:101f2000020037008000eb000100370011002000a4
:101f30000804e8000000eb00030037006a02b90063
:101f4000020052000003b0003801fb0003fd2f0027
:101f500082814100e98f5100f8ff36000100e00066
:101f600001003a000000ea004f0578004f04be006f
:101f700000000600010178008001780000826800fe
:101f80000408a30005003200130037003240780037
:101f9000805978000004e000140032000302780049
:101fa0000208a300f9ff3a0003007800010037009f
:101fb0000318780082007800b2017800f5ef2f0056
:101fc000838242000382ea0004826200050828003e
:101fd00005026200f6ff320000027800314178000d
:101fe000025878000204e000fbff3a000400780089
:101ff00000000600881f7800810178000002780048
:10200000808268000508a30002003200210037002a
:102010000201e90003007800040478000308a3002b
:10202000070032000200e00021003200b3407800d7
:10203000015a78000104e000f5ff3a000200370081
:102040000200e0001a0032001004e00003003a0031
:1020500017003700031c78000281e9008000780037
:10206000e10f510008003600b0017800f5ef2f00b5
:10207000838242000382ea0004826200050828008d
:1020800005026200f3ff320008007800010037000b
:102090000201e900000478000200e00004003200c0
:1020a000b1417800035878000304e000f8ff3a00db
:1020b0008000eb00080078004afa0700080078006a
:1020c0004f04780000000600f1fb2f0080804000e4
:1020d000f98f500001003e000050a00000000600f3
:1020e000f9ff3700f1f92f0080804000f98f500090
:1020f00001003e00f005b20000000600f9ff3700c5
:102100000200fa00881f780000047800e2bf9f00f8
:10211000648157000800780046ff0700980090008f
:102120000148a300010032000080eb004f0478005a
:102130000080fa0000000600881f78000004780084
:1021400000082000808f5000170035001008200084
:10215000808f50000b00340030082000808f50002a
:1021600011003a0092007800688050000009780061
:102170003002be002003be00049cbe000694be00d8
:10218000070037009202780064805200000978004e
:102190001000be0007000700009cbe000294be00b5
:1021a00010002000010037000000eb004f04780011
:1021b00000000600810378001d0007000001be003a
:1021c0006000b8000478a30013003a006220e10028
:1021d00015003e000d0039008301d1000281d300bb
:1021e0008180d3008301d1000281d3008180d3009c
:1021f0008301d1000281d3008180d3000538b00073
:10220000c42add00f300b2008381720007f0a7004a
:1022100003f0a0000000060083ff2700020020005a
:102220006110b900f9ff370003ff2700f7ff3700ff
:10223000c70ade00f107b200f50fb2000800320055
:10224000e1cf4200020032000170a000240005002e
:10225000810f7000010032000408050044000500f1
:10226000810f700002003a00140005008502e900a9
:102270000000400081c04800fcff3b000170a0004e
:1022800024000500020ab900001bb9000200b800d2
:10229000810042008100430000000600889fbe00cc
:1022a0008a9fbe0030044200b0844a0030054b00d3
:1022b00090854b006000b1000898be000a90be00f7
:1022c0000440e10005c8e10006d0e10007d8e100c4
:1022d00002003100680040001008e8004f05be0011
:1022e0004f04be0000000600889fbe008a9fbe000b
:1022f0003004be002005be000418540005985c00a0
:1023000006185d0007985d00110020000440e10000
:1023100005c8e10006d0e10007d8e100010039005e
:102320008000eb00108810004f05be004f04be0077
:10233000000006001200fa00889fbe008a9fbe00bf
:102340008c9fbe00e0b79f00f1b79f0082bf9f0047
:1023500093bf9f000605be000404be000000eb0012
:10236000d0b79f00c0b79f00b0b79f00a0b79f0035
:1023700090b79f00000678005fb19700cfb097003c
:10238000820141003fb097000200e00004003d00e0
:10239000370007007e805700c0ff070003003700aa
:1023a000330007007e805700cfff0700dfb697009d
:1023b0000d00e0000c0035006fb29700ffb29700ef
:1023c0000fbb97009fbb970010002000010020006a
:1023d0006011b80000027200818272000203730073
:1023e000838373001b0007000c06e8000104200033
:1023f000810f5600e0ff3a000d00e00004003d00b0
:102400000802be000a03be007e805700a3ff07003b
:102410005fa897000000e00005003a001fb2970097
:10242000afb297003fb39700cfb397000900070002
:102430006fb09700ffb097000fb997009fb9970052
:102440004f06be004f05be004f04be000080fa00dc
:10245000000006000100070000000600a4b79f006e
:10246000b5b79f00c6b79f00d7b79f000000060012
:102470004f09de0082817100b3b79f004f01de007b
:102480008180400082807000a1b79f008fb09700cc
:102490004f09de00000040000200700090b79f006e
:1024a0007fa897004f01de0081804000828070008d
:1024b00081b79f000d0007004f3ade00000040008a
:1024c00004007000f0af9f00080007000402420003
:1024d00085824a0006034b0087834b00dfff07001d
:1024e0000802be000a03be00000006002fb29700db
:1024f000bfb297004fb39700dfb39700000006000c
:10250000881f780018002000881f780089ff0700c6
:102510008f87e9004f04780000000600801feb0061
:1025200084ff07008f87e90000000600889fbe0037
:102530008a9fbe00e00f5000e08f5800e00f590066
:10254000e08f59000c003d006044b8006055b800b1
:102550000000540081805c0002015d0083815d0009
:10256000180020001500070008003d0018000700b3
:102570000004eb00050037000004eb000f0007002b
:1025800002003d001200070018002000dcff0700d9
:102590000800e000060032006022b8006033b80096
:1025a0000000520081805a0002015b0083815b00c1
:1025b0004f05be004f04be0000000600e00f5200b1
:1025c000e08f5a00e00f5b00e08f5b000000060028
:1025d0006044b8006055b8000402540085825c0075
:1025e00006035d0087835d0000000600889fbe0033
:1025f0008a9fbe008c1f7800e00f5000e08f5800cb
:10260000e00f5900e08f59000d003d006044b80014
:102610006055b8000000540081805c0002015d003c
:1026200083815d001c0020000820e10009a8e10072
:102630000ab0e1000bb8e1000d003d0008003700d2
:102640000006eb00e00f5200e08f5a00e00f5b0045
:10265000e08f5b0006003d006044b8006055b800a4
:102660000402540085825c0006035d0087835d00e0
:10267000aaff07000c00e000060032006022b8004c
:102680006033b8000000520081805a0002015b00f4
:1026900083815b004f0678004f05be004f04be00eb
:0426a0000000060030
:020000040000fa
:1026a40030300000303000003030000031300000a5
:1026b4003945000033460000323400003030000059
:1026c4003030000025300000325800002530000072
:1026d4003258000025300000325800002530000038
:1026e400325800003030000025300000325800001d
:1026f400253000003258000038410000004100003d
:1027040055440000494f0000204300004f4400009e
:102714004543000020520000313400003d250000f4
:1027240064200000283000007825000030320000ca
:102734005829000020520000313500003d250000da
:1027440064200000283000007825000030320000aa
:1027540058290000523900003d2500006420000083
:10276400283000007825000030320000582900008d
:1027740020520000313000003d250000642000009c
:10278400283000007825000030320000582900006d
:1027940020520000313100003d250000642000007b
:1027a400283000007825000030320000582900004d
:1027b40020520000313200003d250000642000005a
:1027c400283000007825000030320000582900002d
:1027d400204900003d250000630a00000025000098
:1027e4007320000046690000633d0000257300006b
:1027f40020640000656d00003d2500006420000099
:1028040065740000617400003d2500006420000030
:1028140065750000723d000025640000202500005d
:10282400640a0000003100006b350000687a000083
:102834002e7700006176000000310000356b000047
:10284400687a00002e7700006176000000440000e2
:10285400656d0000616e000064650000000d0000fd
:102864000a5400005241000043450000494e000054
:10287400464f0000200000002573000020440000a3
:10288400656d0000616e0000646500004172000027
:1028940072650000744c00006563000074750000ec
:1028a40072650000536f00006e28000029200000ac
:1028b40045740000617400003d250000640a0000b6
:1028c400000d00000a52000020520000584d000084
:1028d4004f440000200000000d0a0000000d00001d
:1028e4000a52000020540000584d00004f440000dc
:1028f400200000000a0000003c3c00003c450000b1
:10290400636800006f2000006465000074650000c7
:1029140063740000653e00003e3e00000a000000b3
:102924002b4300004d4700004c3a000020000000fb
:10293400244700005053000041430000503a000077
:102944002000000045520000524f000052000000d9
:102954002b4300004d53000020450000525200005c
:102964004f520000002b0000434d000045200000a2
:1029740045520000524f0000520000002341000065
:10298400504c000041590000455600003a20000018
:102994003000000052450000432b00007566000023
:1029a4000023000048540000545000005249000025
:1029b4004e4700003a200000002300005347000067
:1029c40041430000543a0000203100002c00000074
:1029d4004d4100004a3a00002055000052430000d7
:1029e40020690000676e00006f720000652000001f
:1029f400706500006e640000616e000074200000c9
:102a0400726500006365000070740000696f000067
:102a14006e2000003a200000252e00003430000013
:102a2400730a0000004f00004b0000004d410000fd
:102a34004a3a00002072000065630000616c0000e7
:102a440061670000652000007375000072200000bb
:102a54006465000062750000742000006465000075
:102a6400206c0000696700006e650000204f0000c4
:102a74004b0a0000002b0000434c000043430000bd
:102a84003a2000000041000070700000656c0000f6
:102a9400206500006e740000726100006e74000016
:102aa400203e000020490000474e00004f52000025
:102ab40045200000425000000a0000004170000060
:102ac400706500006c200000736f000072740000d9
:102ad400616e000074200000656e00002063000039
:102ae4006f750000727300002c20000069670000fd
:102af4006e6f000072650000206500006e740000b7
:102b0400726100006e7400000a00000030300000a2
:102b14003030000030300000303000003030000031
:102b240030300000303000000041000070700000c0
:102b3400656c0000206500006e7400007261000086
:102b44006e740000202d00003e2000004150000063
:102b5400504500004c5f0000414c0000455200000d
:102b6400540a000000520000494e000047000000d3
:102b7400524900004e470000206c00007520000000
:102b84005374000061740000757300003d4100003f
:102b940050500000454c00005f54000052410000ba
:102ba40049540000454d0000454e000054200000eb
:102bb4002043000070740000536500006349000066
:102bc400676e00006f7200006541000070700000c5
:102bd400656c00003d3500000a0000005249000009
:102be4004e470000206c000075200000696700005b
:102bf4006e6f00007265000020000000204100009c
:102c0400455300003d0000002041000053530000e4
:102c14003d0000002d2d00002d2d00002d2d000065
:102c24002d2d00002d2d00002d540000494d0000d5
:102c3400452000004f550000542000002d200000c6
:102c440043410000534500002000000025640000bb
:102c5400002d00002d2d00002d2d00002d2d000035
:102c64002d2d00002d0d0000003200003038000032
:102c740030310000003200003038000030320000f3
:102c8400006f0000726100006e67000065000000c4
:102c940032300000383100003000000032300000d3
:102ca40038310000310000003230000038310000bb
:102cb4003300000077650000627300006672000054
:102cc40000320000303800003135000000320000ce
:102cd40030380000313600000066000072650000e4
:102ce400650000003230000038320000300000007f
:102cf4003230000038320000310000003230000071
:102d040038380000380000006d6d00007362000068
:102d14006f75000079670000746500006c2e000078
:102d2400636f00006d000000323700003230000095
:102d34003100000069730000702e0000766f0000ff
:102d440064610000666f00006e6500002e6900007b
:102d5400650000003237000032300000320000000d
:102d64003237000032300000350000007468000083
:102d740072650000652e00006965000000320000e5
:102d84003732000030330000006900007370000027
:102d94002e650000697200002e69000065000000c5
:102da4003237000032300000370000007465000044
:102db400736300006f6d00006f620000696c0000b7
:102dc400652e000069650000003200003334000005
:102dd4003130000000320000333400003032000093
:102de400003200003334000031310000006d000077
:102df4006f620000696c0000652e00006f320000f5
:102e04002e6300006f2e0000756b0000003200007e
:102e14003334000031350000003200003334000048
:102e240039310000006900006e7400006572000012
:102e34006e6500007400000032330000343300007b
:102e4400300000003233000034330000330000004f
:102e54003233000034330000340000006576000093
:102e640065720000797700006865000072650000f3
:102e740000320000333400003230000000740000df
:102e840068720000656500002e6300006f2e00006c
:102e9400756b000000320000303200003031000059
:102ea40000320000303200003032000000320000f6
:102eb4003032000030350000006900006e740000fc
:102ec400657200006e650000742e0000766f0000cd
:102ed40064610000666f00006e6500002e670000ec
:102ee400720000003230000032300000390000006f
:102ef4003230000032310000300000006769000009
:102f04006e7400002e6200002d6f00006e6c0000d5
:102f1400696e0000652e000067720000005b00000f
:102f2400473100003d250000642000003c3c0000c7
:102f340020250000640a000000470000312e000034
:102f440025640000207300007461000072740000a6
:102f5400200a0000004900004e49000054200000ef
:102f640047310000203100002031000020310000f2
:102f740000470000312e00002564000020520000ac
:102f840054530000206500007420000043540000e6
:102f9400532000003d20000025640000200a0000aa
:102fa4000057000061690000746900006e6700004a
:102fb40020250000642000000d00000041540000a2
:102fc400264600000d00000041540000264b00007e
:102fd400300d0000002d00002d2d00002d2d0000cf
:102fe40061700000774b00004f660000662d000002
:102ff4002d2d00002d540000494d000045200000f7
:103004004f550000542000002d20000043410000d3
:1030140053450000200000004154000045300000ea
:103024000d000000415400002b49000050520000e4
:103034003d3100003135000032300000300d000019
:1030440000410000542b00004943000043490000a4
:10305400440d0000002b00004943000043490000d8
:10306400443a0000200000004343000049440000ab
:1030740020450000727200006f7200000a00000018
:10308400415400002b430000475300004e0d000044
:10309400004100005423000053570000504b00002f
:1030a400475600000d000000494d0000454900004e
:1030b4003a200000002f0000000d00000041000035
:1030c400542b0000434700004d4d00000d0000004c
:1030d4004154000023490000534d000053430000b5
:1030e400464700003f0d0000002300004953000044
:1030f4004d53000043460000473a000020310000d1
:1031040000230000495300004d53000043460000d3
:10311400473a000020300000004100005423000022
:10312400495300004d53000043460000473d000052
:10313400300d0000000a00002072000065620000eb
:103144006f6f0000742000006d6f00006465000064
:103154006d200000706f00007572000020410000b7
:1031640054230000495300004d530000434600001f
:10317400473d0000302000000a00000041540000d8
:103184002b430000504900004e3f00000d0000009a
:103194002b430000504900004e3a0000205200002a
:1031a4004541000044590000002b0000435000003a
:1031b400494e00003a200000534900004d20000011
:1031c400504900004e0000002b430000504900000d
:1031d4004e3a000020530000494d000020500000ea
:1031e400554b0000002b000043500000494e0000e6
:1031f4003a2000004e4f000054200000494e0000c9
:1032040053450000525400004544000000410000b2
:10321400542b000043500000494e00003d220000a2
:10322400002200000d000000436f000064650000f0
:1032340020500000494e000020700000617300001f
:103244002070000061720000616d00006574000070
:10325400726500002c200000766f00006972000087
:103264002043000046500000494e00000a000000c0
:1032740057410000524e0000494e0000473a0000fa
:10328400204f00004e4c0000592000004f4e00001b
:103294004520000041540000544500004d500000fa
:1032a40054200000464f0000522000005049000006
:1032b4004e2000004c450000465400002c20000025
:1032c40043480000454300004b20000052450000e5
:1032d4004749000053540000455200004544000093
:1032e40020500000494e0000004300006c690000bb
:1032f4006720000032200000506900006e200000aa
:103304006f6b00000a000000415400002b430000d2
:10331400535100000d0000002b43000053510000e6
:103324003a20000000470000312e00002564000010
:1033340020450000636800006f44000065740000cd
:1033440065630000746500003e3e00002035000007
:1033540031300000200d000000410000542b00001b
:10336400434d0000454500003d3200000d000000c3
:10337400415400002b490000464300003d3000004a
:103384002c3000000d000000415400002b430000cd
:103394004d470000463d0000310d00000041000093
:1033a40054530000303d0000303b00005337000010
:1033b4003d320000353500000d000000415400008e
:1033c4002b430000523d0000300d0000004100007e
:1033d400542b000043520000433d0000300d000018
:1033e40000410000542b000043520000534c0000e5
:1033f4003d3000000d000000415400002b4300004c
:10340400465500004e3d0000310d00000041000013
:10341400542b000043500000534d0000533d000066
:10342400300d000000430000505300004d530000d5
:103434003d30000020450000727200006f720000f1
:103444002c2000006f6e0000206300006f6e0000ef
:10345400746900006e750000650a000000410000f8
:10346400542b0000434c0000495000003d30000044
:103474000d000000415400002b4300004c490000a3
:10348400523d0000300d000000410000542b0000ac
:10349400434f00004c5000003d3000000d00000080
:1034a400415400002b430000534900004c3d0000f0
:1034b400313b00002b4300004c5600004c3d000003
:1034c400300d000000410000542300005347000069
:1034d40041430000543d0000312c0000300d000039
:1034e40000450000525200004f520000202b000003
:1034f4004347000041430000543d0000312c0000cc
:10350400302000002d200000436f00006e74000086
:10351400696e0000756500000a0000004154000057
:103524002b43000047440000434f00004e5400006a
:103534003d3100002c22000049500000222c0000e4
:1035440022000000222c0000223000002e30000057
:103554002e3000002e300000222c00002c2c000005
:103564000d000000415400002b43000047440000bc
:10357400434f00004e5400003d3100002c22000057
:1035840049500000222c0000222200000d000000ff
:1035940041540000235300004741000043540000fd
:1035a4003d3100002c3100000d0000002d2d0000e5
:1035b4002d2d00002d2d00002d2d00002d2d00009f
:1035c4002d490000676e00006f7200006520000046
:1035d40065720000726500007572000020730000bf
:1035e4007572000020630000736900006c20000005
:1035f40000410000542300004932000043570000fa
:10360400523d0000342c0000372c00003230000002
:103614002c300000302c0000313700000d00000079
:1036240070610000756f00006b2e00007761000070
:1036340076000000697300006f6c0000652e0000c6
:10364400776100007600000052650000626f0000a0
:103654006f74000020640000752000006d6f00008e
:10366400646500006d200000417500006375000072
:103674006e200000534d0000530a00000052000069
:10368400656200006f6f0000742000006d6f000021
:10369400646500006d200000657400006170000026
:1036a4006520000032300000302c0000206500004e
:1036b4007461000074200000696e0000636f0000f4
:1036c4007272000065630000740a0000005000007c
:1036d4004450000020440000efbf0000bd6a000019
:1036e400efbf0000bd2000006f750000766500008c
:1036f40072740000202d000020440000656d00005d
:10370400616e000064650000204f000075760000c3
:10371400657200007475000072650000205000009e
:10372400445000000a0000004154000023530000ec
:1037340047410000435400003f0d000000470000d3
:103744007261000066200000475300004d20000015
:10375400736c000065650000700a00000041000001
:103764005424000047500000535000003d30000036
:103774000d000000415400002b430000465500009a
:103784004e3d0000300d000000470000312e0000c7
:103794002564000020540000494d0000452000002d
:1037a4004f550000540d000000470000312e00006a
:1037b4002564000020450000727200006f72000052
:1037c400526500006375000020450000727200001d
:1037d4006f72000052650000637500002020000035
:1037e4000d0000003c3c00003c3c00003c3c000060
:1037f4003c3c0000473100002e25000064200000fe
:1038040045630000686f00004465000074650000b3
:1038140063740000652000003e2000003531000084
:10382400302000003e3e00003e3e00003e3e0000d0
:103834003e3e00003e3e00003e3e000020350000bb
:1038440031300000200d00000052000065700000bf
:10385400726900007365000020470000312e0000eb
:103864002564000020470000313700003d2500009a
:1038740064000000473100002e32000031300000a7
:10388400205000006f730000485000003d0000000d
:10389400256400000a000000415400002b4300008e
:1038a400534900004c3d0000300d0000005300005f
:1038b4006f6e00006e6500007269000065200000f4
:1038c4005061000073200000646500002066000061
:1038d4006963000068690000657200000a00000066
:1038e4004154000023410000504c000041590000a5
:1038f4003d3000002c3000002c220000220d00007e
:103904000041000054230000415000004c410000dd
:10391400593d0000312c0000302c00002200000032
:1039240022000000473100002e3200003131000037
:10393400206c000069740000200000002a4500008b
:10394400525200004555000052000000646500001a
:103954006d6100006e64000065200000666900006f
:10396400632000007465000073740000206f000081
:103974006c6400000a000000415400002341000070
:10398400504c0000415900003d3000002c30000034
:103994002c22000000450000525200004f5200004b
:1039a400204900004e5300004552000054200000fe
:1039b400504900004e20000057480000454e0000ca
:1039c40020430000415200004420000049530000fd
:1039d400205500004e5000004f5700004552000093
:1039e4004544000020540000484500004e200000db
:1039f4005452000059200000414700004149000092
:103a04004e0a000000450000525200004f520000d0
:103a1400205400004f4f0000204d0000414e000094
:103a2400592000005452000049450000533a000058
:103a340020530000494d0000204200004c4f00007c
:103a4400434b000045440000204300004f44000065
:103a540045200000505500004b2000004e4500005a
:103a640045440000454400000a00000041540000a1
:103a74002b4300004e4d0000493d0000312c000056
:103a8400312c0000302c0000302c0000300d0000e0
:103a940000410000542b0000434d0000474c00003f
:103aa4003d220000414c00004c2200000d000000ab
:103ab400415400002b4300004d470000443d0000ea
:103ac400002c0000300d000000410000542b0000c9
:103ad400434d0000474400003d3100002c340000f9
:103ae40000410000542b00004352000045470000f1
:103af4003f0d0000002b000043520000454700002a
:103b04003a200000302c0000310000002b4300005c
:103b140052450000473a0000203000002c350000d8
:103b2400002b000043520000454700003a200000eb
:103b3400312c0000310000002b43000052450000ee
:103b4400473a0000203100002c350000002b000013
:103b540043520000454700003a200000302c00008a
:103b6400330000002b43000052450000473a000098
:103b7400203100002c330000005200006567000073
:103b8400697300007472000061740000696f0000c2
:103b94006e200000646500006e690000656400002a
:103ba400206f00006e20000072650000636f00004b
:103bb4006d6d0000656e0000636500000a00000082
:103bc4002b43000052450000473a0000203000001b
:103bd4002c300000002b0000435200004547000039
:103be4003a200000302c0000340000002b43000079
:103bf40052450000473a0000203100002c300000fc
:103c0400002b000043520000454700003a2000000a
:103c1400312c000034000000536500007569000079
:103c24006c20000070720000656300006564000091
:103c3400656e000074200000646500006661000089
:103c44007574000020720000657300006561000057
:103c5400750a000000520000656c0000616e0000ef
:103c64006365000020740000616300006865000063
:103c7400206d00006f640000656d0000206300008b
:103c84006172000020640000656600006175000038
:103c940074200000696e0000736300007269000004
:103ca40070740000696f00006e0a0000002b0000b1
:103cb40043520000454700003a2000003200000053
:103cc400415400002b43000052450000473d0000d2
:103cd400310d0000004c00006563000074750000a5
:103ce4007265000020430000535100000a000000e8
:103cf4004c650000637400007572000065200000cc
:103d04003c72000073730000693e0000203a00001a
:103d140020250000640a0000004c000065630000d8
:103d24007475000072650000203c0000737100008f
:103d34003e2000003a200000256400000a00000034
:103d4400415400002b43000045530000510d000076
:103d5400002b000043450000535100003a200000ae
:103d6400002b000043450000535100003a2000009e
:103d7400393900002c390000392c0000002b0000d8
:103d840043450000535100003a2000003939000037
:103d94002c390000392c000032350000352c00008d
:103da40032350000352c0000004c00006563000033
:103db4007475000072650000203c000072730000fe
:103dc400727100003e2000003a20000025640000cb
:103dd4000a0000004c650000637400007572000066
:103de400652000003c72000073720000703e000009
:103df400203a000020250000640a0000004c000066
:103e0400656300007475000072650000203c0000ca
:103e140072730000637000003e2000003a2000002e
:103e2400256400000a0000004c6500006374000073
:103e340075720000652000003c650000636e0000a0
:103e44006f3e0000203a000020250000640a0000b4
:103e540000410000542b0000434d00004753000074
:103e64003d22000000540000696d0000654f000011
:103e74007574000031200000656e0000766f00004c
:103e840069200000534d0000530a00000025000083
:103e940063000000534d0000534500004e560000df
:103ea40020000000546900006d6500004f7500009b
:103eb40074320000206500006e7600006f69000017
:103ec400205300004d5300000a000000457200001a
:103ed400726500007572000020470000312e00005a
:103ee40036320000206500006e7600006f69000025
:103ef400205300004d5300000a000000534d000001
:103f040053450000525200002000000041540000bc
:103f14002b4300004c430000430d0000004100000f
:103f2400544100000d0000004154000023520000e1
:103f340046530000545300000d000000415400009b
:103f4400533700003d3000000d00000041540000d4
:103f5400440000003b0d00000041000054480000f4
:103f64000d0000004e4f00004b2d00003e320000bb
:103f740033320000204d00006c3d0000004300007f
:103f8400504900004e200000546900006d65000097
:103f94004f550000542d00003e3200003332000023
:103fa4000a0000003f000000415400002b430000c1
:103fb4004f500000533f00000d0000002b43000051
:103fc4004f500000533a000000410000542b000001
:103fd400434f0000505300003d3300002c320000da
:103fe4000d000000415400002b4300004f5000001e
:103ff400533d0000332c0000300d00000041000050
:10400400504e0000206f00007065000072610000d7
:104014007465000075720000206d00006973000073
:1040240020610000206a00006f750000722000000b
:104034002d3e0000207200006570000061720000d7
:10404400616d000065740000726100006765000026
:1040540020500000445000000a00000041540000b9
:104064002b430000534900004c3d0000310d00007b
:1040740000470000312e00003131000034200000e0
:10408400506f000073480000503d000000470000de
:10409400312e00003131000035200000476100005e
:1040a400696e0000732000006f6b00000a000000be
:1040b400476500006e460000717400002067000030
:1040c400313d00003136000030200000706f0000e8
:1040d40073680000703d000000430000747200002b
:1040e4006c470000656e000046710000742e0000ed
:1040f4004c6100006e630000656500003d31000006
:104104000a000000415400002b56000054440000f3
:104114003d000000415400002b56000054530000a1
:104124003d0000007369000020700000617300000e
:10413400206d00006172000063680000652c0000bf
:104144002074000065730000746500007220000094
:104154006176000065630000202c000020650000eb
:104164006e7400007265000020630000617200003c
:1041740020640000746d00006600000041540000db
:104184002b43000052450000473d0000320d000063
:10419400004100005423000053480000444e000036
:1041a4000d00000052450000424f00004f54000033
:1041b400205300006f660000742000004d6f000063
:1041c400646500006d0a0000002d000046690000cf
:1041d4006e200000746500006d7000006f20000008
:1041e400473100002e250000642d00000d00000062
:1041f40052450000424f00004f540000206500006b
:104204006c65000063740000726900007175000041
:10421400652000004d6f0000646500006d0a000019
:104224000052000020000000415400002b57000001
:1042340053340000363f00000d0000002b570000ef
:1042440053340000363a00002000000041540000be
:104254002b57000053340000363d00002564000055
:104264000d00000023230000234400004542000009
:104274005547000020420000617300006375000090
:104284006c65000020760000657200007320000059
:10429400334700000a0000002323000023440000e9
:1042a40045420000554700002042000061730000b1
:1042b400637500006c6500002076000065720000e4
:1042c40073200000344700000a000000415400003d
:1042d4002447000050530000503f00000d00000030
:1042e4002447000050530000503a00002000000012
:1042f400415400002447000050530000503d00008a
:10430400310d00000041000054240000475000001b
:1043140053410000435000000d0000002d2d00000b
:104324002d2d00002d2d00002d2d00002d2d000021
:104334002d540000494d0000452000004f55000059
:10434400542000002d200000333000003100000014
:104354000a2300002323000054520000414e0000b1
:104364005350000041520000454e0000542000000c
:1043740043500000543d000030200000232300007f
:10438400230a0000000a0000232300002344000045
:10439400424700004d4f0000444500004d3d0000e1
:1043a40030200000286d00006f640000656d00007f
:1043b4002065000074610000697400002070000032
:1043c40072650000742900002023000023230000ec
:1043d4000a0000000a2300002323000044420000d6
:1043e400474d00004f440000454d00003d300000a3
:1043f400202800006d6f0000646500006d2000003f
:104404007061000073200000707200006574000089
:104414002c20000072650000696e000069740000c1
:104424002920000023230000230a0000004100008b
:10443400545a00000d00000048540000545000007d
:104444003a20000023530000474100004354000079
:104454003f200000696e000064690000717500006f
:1044640065200000636f00006e7400006578000032
:104474007465000020660000657200006d65000030
:10448400202d00003e200000726500006f750000c2
:10449400766500007274000075720000650a000001
:1044a4000048000054540000503a0000206100000d
:1044b400626100006e6400006f6e0000202800003e
:1044c4004e62000054720000792000006570000004
:1044d4007569000073650000202d00002063000052
:1044e4006f6e0000746500007874000065200000a1
:1044f4005044000050200000696e00006469000010
:10450400737000006f6e0000696200006c6500004b
:10451400290a00000048000054540000503a0000ea
:10452400207000006173000020640000652000001a
:1045340072650000706f00006e730000652000005b
:104544002353000047410000435400003f20000073
:104554002d3e000020720000656f0000757600009b
:104564006572000074750000726500002050000040
:1045740044500000207000006172000020730000ad
:10458400656300007572000069740000650a00002c
:104594000048000054540000503a0000206100001c
:1045a400626100006e6400006f6e0000202800004d
:1045b4004e62000054720000792000006570000013
:1045c4007569000073650000290a000000410000bd
:1045d4005423000048540000545000004346000097
:1045e400473d0000302c000022250000732200000b
:1045f4002c250000642c0000302c00002222000036
:104604002c220000222c0000312c0000313200004a
:10461400302c0000310d0000004100005423000044
:10462400485400005450000051520000593d00000d
:10463400302c0000302c00002225000073220000e2
:104644000d00000048540000545000003a200000bf
:1046540065630000686500006320000048540000a2
:104664005450000043460000472000002d20000065
:104674007265000074720000790a000000480000ae
:1046840054540000503a0000207000006173000090
:1046940020640000652000002348000054540000fa
:1046a40050520000494e0000472000002d20000019
:1046b4007265000074720000790a0000004800006e
:1046c4005454000050520000494e0000472000009e
:1046d4007374000061740000757300003d250000d0
:1046e40075200000736900007a6500003d25000014
:1046f4006c7500000a00000048540000545000008b
:104704003a200000737400006174000075740000a6
:10471400202100003d20000032300000300a00005b
:1047240000410000542b0000434e00004d4900009e
:104734003d3000002c3000002c3000002c300000f4
:104744002c3000000d0000004d4100004a3a0000ea
:10475400205200004550000052490000534500001b
:104764002052000041500000494400004520000050
:104774002d200000736b000069700000207e000093
:10478400256c0000752000006f6300007465000054
:10479400747300002070000075690000732000002d
:1047a40072650000737900006e63000020730000de
:1047b40075720000206c0000696700006e650000df
:1047c4000a00000041540000234800005454000033
:1047d40050520000435600003d3000002c250000dc
:1047e400640d0000004d0000414a00003a20000022
:1047f40074610000696c00006c650000206e0000ac
:10480400756c00006c6500000a0000004d4100005a
:104814004a3a0000207300006b6900007020000019
:1048240074650000726d0000696e00006520000070
:10483400282500006c750000206f000063740000e0
:10484400292000002d3e0000207200006563000056
:10485400686500007263000068650000206c000059
:10486400696700006e650000206400006520000098
:1048740072650000737900006e6300000a00000096
:104884000a3d00003d200000424c00004f43000060
:10489400206200006c6f0000635f00006c65000024
:1048a4006e3d000025750000207200006177000055
:1048b4003d2500006c750000206600007261000058
:1048c400675f00006c6500006e3d00002575000008
:1048d40020460000696c000065410000646400002b
:1048e4003d2500006c7500002f2500006c7500004c
:1048f400203d00003d0a00000066000072610000d7
:10490400673d00005b0000005d0a0000004d0000f0
:10491400414a00003a2000006c690000676e000004
:1049240065200000646500002072000065730000cb
:10493400796e00006320000072650000747200004c
:104944006f75000076650000652000002d3e0000b4
:104954002072000065700000726900007365000039
:10496400206400007520000074720000616900007a
:10497400746500006d6500006e7400000a0000009c
:104984004d4100004a3a0000206c000069670000b5
:104994006e650000206300006f720000726f0000fb
:1049a4006d70000075650000203a000020000000d2
:1049b4000a4d0000414a00003a2000006c690000e2
:1049c400676e000065200000696e000076610000db
:1049d4006c69000064650000202800006572000016
:1049e400723d000025750000292000004669000082
:1049f4006c65000041640000643d0000256c00000b
:104a0400752000003a200000004d0000414a0000db
:104a14003a2000006c690000676e00006520000009
:104a2400646500002072000065730000796e000068
:104a340063200000696e0000747200006f7500004e
:104a440076610000626c0000652000002d3e0000cd
:104a540020610000626100006e6400006f6e00005f
:104a64002072000065700000726900007365000028
:104a7400207200006170000069640000650a000093
:104a840000200000206300006865000072630000dd
:104a94006865000065200000286c0000656e000059
:104aa4003d250000752c00002062000065730000a5
:104ab400743d0000256c000075290000203d0000b5
:104ac400205b0000005d00000a200000206100005f
:104ad400727200006574000020610000204600002e
:104ae400696c000065410000646400003d2500001d
:104af4006c75000020280000736b000069700000d2
:104b040020660000696e000069200000612000003a
:104b1400256c0000752900000a0000004d410000ca
:104b24004a3a0000206c0000696700006e650000ce
:104b3400206300006f720000726f00006d7000004f
:104b4400756500002f6900006e760000616c00003e
:104b540069640000652000002d3e00002072000002
:104b6400656c0000616e0000636500002063000056
:104b7400796300006c650000206300006f6d000025
:104b8400706c0000657400000a0000004d410000d4
:104b94004a3a0000202500006c750000252500001d
:104ba400204f0000565200003d250000750a000009
:104bb400004d0000414a00003a20000066690000f0
:104bc4006e2000006c6500006374000075720000c4
:104bd400650a0000004d0000414a00003a20000030
:104be400666900006e20000065720000726f0000ac
:104bf400723d000025750000206500006f6600000e
:104c04003d2500007520000072610000773d000022
:104c1400256c0000752000004461000074610000f0
:104c2400536900007a6500003d2500006c750000a2
:104c34002065000063610000727400003d250000df
:104c44006c6400000a0000004d4100004a3a000074
:104c54002066000069630000686900006572000056
:104c6400206900006e6300006f6d0000706c00002e
:104c7400657400002f650000727200006575000005
:104c8400720a0000004d0000414a00003a20000072
:104c94006c650000637400007572000065200000fc
:104ca400636f00006d7000006c65000074650000a7
:104cb400204f00004b0a0000005300007761000001
:104cc40070200000506100007274000069740000dc
:104cd400696f00006e2000004f4b00000a000000c6
:104ce40053770000617000002050000061720000e2
:104cf40074690000746900006f6e000020460000b3
:104d0400616900006c0a00000041000054230000a7
:104d140041530000454e0000443d00002274000051
:104d240065730000742e0000776100007622000095
:104d34002c330000303000000d0000000a4d00004c
:104d4400414a0000202b0000434d00004520000094
:104d540045520000524f0000522000006120000024
:104d6400256c0000752f0000256c000075200000e4
:104d740028650000737300006169000020250000ad
:104d840075290000202d00003e20000072650000ff
:104d94006c6100006e630000652000006379000010
:104da400636c000065200000636f00006d700000fc
:104db4006c650000740a0000000a00004d41000008
:104dc4004a200000544900004d4500004f550000a2
:104dd400542000002873000065730000736900000c
:104de4006f6e00002076000069760000616e00009e
:104df400746500002920000061200000256c00007b
:104e0400752f0000256c0000752000003a2000007a
:104e1400726500002d230000485400005450000027
:104e240052430000562000007375000072200000f9
:104e3400706c000061630000650a0000004d000012
:104e4400414a00003a2000007265000070720000c0
:104e54006973000065200000726100007069000041
:104e64006465000020610000726d0000656500004b
:104e7400202800006d650000696c00006c6500006e
:104e840075720000207000006f6900006e740000ed
:104e9400202500006c750000202d00003e2000003d
:104ea400736b000069700000202500006c75000021
:104eb400206f000063740000657400007329000013
:104ec4000a0000004d4100004a3a0000206c000036
:104ed400696700006e650000206400006520000022
:104ee40072650000737900006e6300002072000098
:104ef4006563000068650000726300006865000077
:104f0400652000003d2000005b000000456e0000ad
:104f1400766f000069200000534f000046540000e3
:104f24004d4100004a200000524500005452000048
:104f34005920000050410000550a000000450000bf
:104f44006d65000074200000534f000046540000bb
:104f54004d4100004a200000524500005452000018
:104f64005920000050410000550a0000003f000095
:104f74003f3f00003f3f0000204700003120000079
:104f8400657400006170000065200000696e000017
:104f9400636f00006e6e000075650000202d000038
:104fa4003e20000032300000302000000a000000e3
:104fb4004d61000078200000534d00005320000094
:104fc4006a6f0000757200002061000075740000b3
:104fd4006f720000697300006520000064650000c2
:104fe4007061000073730000650a00000043000054
:104ff400545200004c52000045530000454100004b
:105004005520000053510000334700003d39000093
:105014003920000053510000344700003d3900009e
:105024003920000052530000525000003d3000006f
:105034002052000053430000503d00003020000087
:10504400454300004e4f00003d3000002052000058
:1050540053520000513d0000300000004150000058
:105064004e2000004e4f00004d3d00005a0000004d
:105074000d0a000046420000545300004551000050
:1050840020610000752000006d6900006e69000059
:105094006d7500006d2000002d3e000020520000c0
:1050a400455300004554000046420000545300009c
:1050b4004551000020610000757400006f0d000070
:1050c4000a0000004642000054530000455100000d
:1050d400206100006374000020400000307800006c
:1050e40025300000366c0000583d00003078000088
:1050f40025300000366c00005820000020690000b4
:105104006e6100002040000030780000253000006f
:10511400366c0000583d0000307800002530000057
:10512400366c000058200000286f00006b29000036
:105134000d0a0000000000005b0d00005c0d000083
:105144005d0d00005e0d00006d0d00005f0d0000a0
:10515400650d0000660d0000670d0000680d00007d
:10516400610d0000620d0000630d0000690d000078
:105174006a0d00006b0d00006c0d0000640d000052
:105184005220000043460000412000004c3d000036
:1051940000200000453d000000200000443d0000c8
:1051a40000200000433d000000200000583d0000a6
:1051b40000200000563d0000005a000000200000be
:1051c400533d000000200000493d00000020000085
:1051d4004d3d000000200000543d0000005200003e
:1051e400205300004d530000204e0000554d000098
:1051f4003d00000020450000503d0000003100004b
:1052040000300000002000004c4e0000473d00002c
:105214000020000043500000453d00000020000035
:1052240043500000533d0000000a0000002000002d
:105234004e5500004d3d0000002000004454000085
:10524400453d00000020000044540000453d00009e
:105254003000000020480000524500003d000000de
:1052640020480000524500003d30000000200000ae
:10527400545300004d5300003d000000425500000f
:10528400473d000000520000204d00004150000046
:10529400504900004e470000002000004700000075
:1052a4003d000000205300000020000044000000e6
:1052b4002f0000005f0000003a00000052200000b0
:1052c400494e0000464f000020480000423d0000c7
:1052d40000200000484300003d000000204800007a
:1052e400524f00004b3d00000020000048520000d7
:1052f4004b4f00003d000000204d0000453d0000e4
:10530400002000004e5400004f3d0000002000002b
:10531400444500004e490000454400003d000000a3
:1053240020540000523d000000200000484c0000c2
:10533400453d000000460000494300003d000000d8
:105344006761000072640000652e00007761000050
:105354007600000066690000706800006f2e00008f
:10536400776100007600000070610000756f000036
:105374006b2e000077610000760000006973000066
:105384006f6c0000652e000077610000760000005d
:10539400316b0000356800007a2e00007761000050
:1053a40076000000313500006b6800007a2e0000a2
:1053b4007761000076000000636f00006e660000f5
:1053c400697200006d2e0000776100007600000015
:1053d400522000004d530000475400004553000084
:1053e40054200000444500004d3d000000540000de
:1053f4004f3d00000049000043520000413d0000c1
:10540400004300004d4400003d000000436d0000d7
:10541400642000006d6f0000646500006d200000d2
:105424003a000000464f0000524300004547000088
:1054340052410000463d00000047000031200000ba
:105444003e3e00003e200000256400000a000000eb
:1054540052450000424f00004f5400003d00000040
:1054640052650000626f00006f740000207300003a
:105474006f66000074200000696d00006d65000017
:10548400646900006174000020640000752000005d
:105494006d6f0000646500006d0a0000005200009a
:1054a400656200006f6f00007420000064750000e6
:1054b400206d00006f640000656d00002061000035
:1054c4007072000065730000205300004d5300000b
:1054d4002045000072610000736500000a000000ae
:1054e40052650000626f00006f74000020650000c8
:1054f4006c6500006374000072690000717500003f
:1055040065200000696d00006d650000646900009d
:105514006174000020640000752000006d6f0000bd
:10552400646500006d0a000000520000656200001e
:105534006f6f000074200000656c0000656300005c
:105544007472000069710000756500002064000039
:10555400752000006d6f0000646500006d20000080
:10556400617000007265000073200000534d00005c
:10557400532000004572000061730000650a0000ba
:1055840000520000656200006f6f0000742000008c
:105594007061000072200000415400005a20000095
:1055a400696d00006d6500006469000061740000ad
:1055b400206e000000520000656200006f6f000062
:1055c40074200000415400005a200000647500005b
:1055d400206d00006f640000656d00002061000014
:1055e4007072000065730000205300004d530000ea
:1055f4002045000072610000736500000a0000008d
:105604005453000054500000494e00003d00000077
:1056140044430000443d000000440000495400009d
:105624003d000000445400004d4600003d000000d1
:1056340044420000473d0000004900004e4600007f
:105644004f3d000000520000204d00004f44000078
:10565400454d00002052000065710000754f0000a8
:10566400666600003d0000002052000065710000e5
:10567400755300006c650000657000003d0000007b
:1056840020470000534d00005f5300007465000084
:105694003d00000050570000525f00004f460000dc
:1056a40046000000505700005f4f00004e0000000d
:1056b400434f00004e4600004947000000500000e0
:1056c40052450000540000004e4f00005f5300009c
:1056d400494700004e4100004c000000534c0000bc
:1056e400454500005000000045520000524f0000a4
:1056f400520000003f3f00003f0000002054000023
:1057040028200000706900006e3d000000200000a9
:105714002072000073730000693d00000020000047
:1057240020630000616c00006c3d0000002000005c
:10573400207300006d7300003d000000202900006c
:1057440020000000202000004e620000746f000062
:105754003d0000004546000046410000434500006e
:10576400525300004d5300003d000000205400003f
:1057740052410000434500003d000000522000005b
:105784004d4f0000444500004d20000054520000dd
:1057940041430000453d0000002000004443000058
:1057a400443d00000020000044490000543d000036
:1057b4000020000044420000473d00000052000069
:1057c400205000004320000050520000453d0000de
:1057d40000520000204f00005045000052410000dc
:1057e4005445000055520000205200004547000077
:1057f4003d000000204e00004f4d00003d220000ff
:1058040000220000004f0000505400003d00000042
:1058140054500000464500003d0000005245000081
:10582400505f000041550000544f00003d0000004f
:10583400434f00004e4600005f41000050500000fe
:10584400454c00003d000000522000004f50000075
:10585400544900004f4e000020000000204f00007b
:10586400505400003d000000205400005046000049
:10587400453d00000020000052450000505f00003c
:1058840041550000544f00003d310000002000004d
:1058940052450000505f000041550000544f000085
:1058a4003d30000000200000434f00004e46000041
:1058b4005f41000050500000454c00003d310000a5
:1058c40000200000434f00004e4600005f410000ee
:1058d40050500000454c00003d30000000530000d3
:1058e40051330000473d00000053000051340000d4
:1058f400473d00000052000053520000503d00009c
:105904000052000053520000513d000000450000c9
:10591400434e00004f3d000000520000534300007e
:10592400503d00000052000020520000455300008a
:105934004541000055200000575300003436000054
:105944003d2500006420000054590000504500002b
:105954003d250000642000004c4100005354000029
:105964005f340000475f0000535100003d250000f4
:10597400642000004c410000535400005f340000d8
:10598400475f000052530000525000003d250000c4
:10599400642000004c410000535400005f340000b8
:1059a400475f000052530000515000003d250000a5
:1059b400642000002d2d000020530000513300000e
:1059c400473d0000256400002053000051340000ce
:1059d400473d00002564000020520000535200009f
:1059e400503d000025640000205200005352000086
:1059f400513d00002564000020450000434e000096
:105a04004f3d000025640000205200005343000075
:105a1400503d0000256400002000000041430000c8
:105a2400543d000000520000204100004d50000091
:105a34004c49000020410000435400003d00000098
:105a44004e4f00004d3d0000005200002041000078
:105a5400504e0000204e00004f4d00003d0000005d
:105a6400434f000055520000543d00003100000037
:105a740054500000413d0000005500005247000012
:105a84003d0000004e5500004d3d00000052000056
:105a94002041000050500000454c0000204e000002
:105aa400554d00003d00000020540000504100000e
:105ab4003d00000020550000524700003d0000005a
:105ac400204300004f550000525400003d000000e8
:105ad40020440000454d00003d310000004c000012
:105ae4003d0000004e3d0000005200002042000036
:105af40049500000204e00003d000000204c0000f2
:105b04003d000000454600004641000043450000ba
:105b14003d000000444d0000433d000000520000e1
:105b2400545200003d00000054410000433d000079
:105b3400004d000044530000433d000000570000a6
:105b440044530000563d0000005700004453000039
:105b5400543d00000057000044530000473d00003e
:105b64000057000044560000413d0000004400007e
:105b7400533d000000480000544a00003d0000006e
:105b8400484d0000415800003d000000484d000011
:105b9400494e00003d000000544500004c3d00000b
:105ba4000052000020430000465000004155000010
:105bb400204e00004f4d00003d0000002044000036
:105bc400544d0000463d00000020000048540000f1
:105bd4004a3d000000200000444d0000433d000009
:105be40000200000544500004c3d0000002000004f
:105bf400445300003d00000020560000543d0000c6
:105c0400002000004d440000534300003d0000000c
:105c140020520000545200003d00000020570000b4
:105c240044530000563d000000200000574400008b
:105c3400535400003d00000020570000445300006e
:105c4400473d00000020000057440000564100007a
:105c54003d00000020540000414300003d000000ce
:105c6400204800004d410000583d00000020000085
:105c7400484d0000494e00003d000000504900001e
:105c84004e3d00000052000020430000465000003a
:105c9400494e000020500000494e00003d00000025
:105ca40020430000563d0000005200002043000045
:105cb40046530000205300003d0000002046000031
:105cc4003d000000524100005a3d0000004d00001c
:105cd4004a4100003d0000005220000043500000f3
:105ce4005420000043500000453d00000020000007
:105cf400454a00003d00000020450000483d0000ea
:105d040000200000534a00003d0000002053000022
:105d1400483d000000200000534a0000413d0000bf
:105d24000020000053480000413d00000020000016
:105d3400534a0000453d0000002000005348000085
:105d4400453d0000002000004d4a0000413d000098
:105d540000200000454100003d00000052200000ea
:105d6400445500005245000045200000002000007a
:105d74004e530000564a00003d000000205300002e
:105d8400524500004a3d000000200000535000002e
:105d9400484900004a3d0000002000005350000024
:105da400484f00004a3d000000200000204e000043
:105db40053560000483d00000020000053520000ec
:105dc400454800003d0000002053000050480000fa
:105dd400494800003d0000002053000050480000e6
:105de4004f4800003d0000005220000044450000e0
:105df4004255000047200000002000004d6f0000c5
:105e0400646500006d4f00006b3d00000020000041
:105e1400546f0000473100003d0000002053000093
:105e24006d730000547000003d000000204c000021
:105e3400536f00006e2e0000457400006174000072
:105e44003d000000202e0000466900006330000081
:105e5400213d000030000000202e000046690000b3
:105e6400633000003d3d0000300000002041000090
:105e7400432e000041540000726100006974000068
:105e8400657200003d000000202e0000506f0000ed
:105e940073690000746900006f6e00006e65000095
:105ea4003d000000202e00005479000070500000d6
:105eb4006f7300003d00000020570000443d0000c7
:105ec4000052000020440000542000000020000084
:105ed400286d0000737100003d00000029000000df
:105ee40052200000465200004551000020410000ad
:105ef400435400003d00000055530000494e00008b
:105f0400453d000000520000313400003d00000017
:105f140052310000353d000000480000504e0000a2
:105f24003d000000485000004d4500003d000000c9
:105f340048500000443d0000004800005054000058
:105f44003d00000047460000543d000000520000a0
:105f5400394400003d00000052390000503d00006b
:105f640000520000395400003d0000005239000086
:105f74004d4500003d000000523100003144000056
:105f84003d00000052310000315000003d0000008f
:105f940052310000315400003d0000005231000035
:105fa400314d0000453d0000005200003132000038
:105fb400503d000000520000313200004d45000009
:105fc4003d00000052310000325400003d0000004a
:105fd4005220000047410000494e000020560000b6
:105fe4003d35000020480000504e00003d000000f8
:105ff40020480000504d0000453d000000200000f6
:1060040048500000443d00000020000048500000bb
:10601400543d00000020000047460000543d0000ad
:106024000020000052390000443d000000580000e8
:106034000020000052390000503d00000020000004
:1060440052390000543d0000002000005239000085
:106054004d4500003d000000205200003131000099
:10606400443d000000200000523100003150000087
:106074003d0000002052000031310000543d00007a
:106084000020000052310000314d0000453d000069
:106094000030000058000000202a00004d49000094
:1060a400430000002052000031320000503d000047
:1060b4000020000052310000324d0000453d000038
:1060c4000020000052310000325400003d00000066
:1060d40047410000494e000020480000504e000097
:1060e4003d35000035200000485000004d450000bb
:1060f4003d3500003020000048500000443d0000c1
:106104003435000020480000505400003d360000a3
:106114003520000047460000543d000033350000a0
:1061240020520000394400003d5800003045000072
:1061340020520000395000003d580000304100005a
:1061440020520000395400003d5800003030000057
:1061540020520000394d0000453d00005830000039
:106164004120000052310000314400003d5800003d
:10617400303000002052000031310000503d00005a
:10618400583000003020000052310000315400002b
:106194003d5800003630000020520000313100002c
:1061a4004d4500003d300000583200003020000012
:1061b4002a4d000049430000205200003132000003
:1061c400503d0000583200003320000052310000de
:1061d400324d0000453d00005832000035200000db
:1061e40052310000325400003d58000032350000a6
:1061f40020000000522000004752000041460000e9
:1062040000200000474300003d0000004654000009
:106214005020000041430000543d000030200000a5
:1062240054590000504500003d5000004155000005
:1062340020490000503d0000302e0000302e0000a8
:10624400302e000030200000504f00005254000057
:106254003d32000031200000494400003d5a000056
:1062640020500000573d00005a0000004354000035
:10627400524c0000524500005345000041550000b7
:106284002053000051330000473d0000393900001d
:1062940020450000434e00004f3d00003020000028
:1062a40052530000435000003d30000020530000d2
:1062b40051340000473d00003939000020520000ed
:1062c40053520000513d00003020000052530000a2
:1062d400525000003d3000000043000046500000d2
:1062e40041550000204e00004f4d00003d55000078
:1062f400534900004e45000020440000544d000066
:10630400463d0000313200003320000048540000b4
:106314004a3d0000323400003a30000030200000d2
:10632400444d0000433d000031300000204800008f
:106334004d410000583d0000313600002048000067
:106344004d4900004e3d0000313000002044000063
:10635400533d00000043000046500000415500003a
:106364002057000044530000563d00003132000025
:106374003720000057440000535400003d31000012
:10638400323700002057000044530000473d00000e
:10639400313200003720000057440000564100000d
:1063a4003d31000032370000204d0000445300000e
:1063b400433d000000470000414900004e2000001a
:1063c40055530000494e0000453d000031000000d7
:1063d40043460000412000004c3d00000020000026
:1063e4004546000046410000434500003d310000a1
:1063f4000043000046530000205300003d310000dc
:10640400204600003d33000034200000433d0000de
:1064140036350000204900003d30000020440000d3
:106424003d300000004300004653000020530000ac
:106434003d000000204600003d30000020430000e5
:106444003d300000204900003d30000020440000a1
:106454003d3000000052000020470000555300006a
:10646400494e00004500000052200000494d000044
:106474004f440000205600003d00000020000000b2
:1064840052440000523d000000440000454e00000c
:1064940049450000443d0000005300004d530000f6
:1064a4003d00000052200000495300004420000039
:1064b40041550000444900004f20000000540000f2
:1064c400505300003d000000522000004c450000e5
:1064d400525200004f520000204800004c4500007a
:1064e4003d00000020470000313d00000020000076
:1064f400543d000027000000270000002045000054
:10650400313c0000204800004c4500003d000000e4
:10651400273e000000520000204c0000434f0000c2
:106524004e460000204300004f4e0000533d000043
:1065340000200000534d0000533100003d000000d6
:10654400205300004d530000323d000000200000a5
:1065540049440000583d0000005200002052000051
:1065640041430000435200004f43000048450000ef
:1065740020410000435400003d0000005220000070
:1065840052450000424f00004f54000000560000e6
:10659400414c0000494400003d000000522000002e
:1065a4005245000053450000544600004254000088
:1065b400534500005100000020560000414c0000eb
:1065c400494400003d310000204f00004b00000012
:1065d400204c000045430000545500005245000083
:1065e40000200000455200005245000055520000b2
:1065f4000052000020520000455000004f4e0000a1
:10660400445200004520000041430000543d000076
:1066140000500000524900004f3d000000520000ad
:10662400455000004c4900003d000000424100007c
:10663400534300003d00000052200000524500007a
:10664400534500004155000020430000555200000e
:106654003d00000020500000524900004f3d000062
:106664000020000052450000504c0000493d00004d
:106674000020000042410000534300003d000000a0
:106684004e4500003d000000522000005349000028
:106694004d5500004c450000204e0000453d0000d3
:1066a40000470000534d00003d0000005220000050
:1066b400534c0000454500005020000047530000a3
:1066c4004d3d00005300000052200000534c0000d8
:1066d4004545000050200000475300004d3d000098
:1066e4004e000000574400003d00000052440000ea
:1066f400503d000000520000444100003d000000f5
:1067040053520000563d0000004f00005045000069
:106714003d00000041550000545200003d000000bf
:1067240052200000534d0000534600004149000030
:106734004c2000004e4200003d00000020530000a9
:106744004d5300003d00000020480000523d000071
:106754000020000041550000545200003d0000009c
:1067640020520000415a00003d3100000043000067
:10677400505400003d00000052200000545200001c
:10678400414e00005350000041520000454e0000ad
:106794005420000043500000543d0000002000003d
:1067a400464900004e3d0000002000005045000016
:1067b4003d31000000530000593d0000310000004d
:1067c400522000005445000053540000415500007d
:1067d400444900004f20000041430000543d0000a4
:1067e40000670000736d00007374000061740000a2
:1067f400653d00002569000020410000535300005e
:106804003d2500006920000041450000533d000083
:1068140025690000200a00000044000045430000f0
:106824003d000000464f000052430000453d00007b
:1068340000530000424300003d00000053480000a4
:10684400433d00000044000050420000433d00006e
:10685400004d0000433d00000052000020470000ae
:106864005053000052450000462000004143000000
:10687400543d000000520000454600003d00000069
:10688400545000003d0000004e4d0000493d000002
:1068940000410000435100003d000000544c000042
:1068a400413d0000005400004c4f00003d0000003a
:1068b40052200000475000005320000041430000d4
:1068c400543d00000033000000200000545000003c
:1068d4003d000000204e00004d4900003d00000036
:1068e400205400004c4100003d00000020540000f2
:1068f4004c4f00003d000000205200004c410000bd
:106904003d0000002e000000204300004c41000028
:106914003d5a000000200000434c0000413d0000af
:1069240000200000524c00004f3d000000200000f9
:10693400434c00004f3d00005a000000204300007b
:106944004c4f00003d000000204400004c4100007a
:106954003d5a0000204400004c4f00003d5a000006
:1069640020440000413d00005a0000002044000083
:106974004c4100003d000000204400004c4f00004a
:106984003d000000204e0000533d000000200000a8
:10699400414c00003d00000020440000413d000047
:1069a400002000005452000041430000453d000017
:1069b4003100000020540000524100004345000013
:1069c4003d300000005200002047000050530000fa
:1069d400504f0000532000004c410000543d000083
:1069e400005a0000204c00004f4e00003d5a0000a9
:1069f400002000004c4f00004e3d0000002000002d
:106a0400455400003d00000020530000544700009e
:106a1400505300003d000000522000004848000090
:106a240052200000483d00000052000020480000b1
:106a34005454000050530000474500005400000027
:106a440020550000524c00003d000000555200004b
:106a54004c3d000000680000747400007073000076
:106a64003a2f00002f000000205000004f52000079
:106a7400543d0000005000004f520000543d0000ff
:106a84000020000054590000503d00000054000054
:106a9400595000003d000000636100005f63000086
:106aa40065720000742e0000706500006d00000027
:106ab400636c00005f63000065720000745f000097
:106ac400747700006f2e0000706500006d000000f8
:106ad400636c00005f6b0000657900005f74000068
:106ae400776f00002e700000656d000000750000d7
:106af40070640000745f0000736f0000667400002f
:106b040077610000726500002e680000657800005f
:106b140000410000554400003d0000006e6f00007d
:106b24006e610000622e00007761000076000000b4
:106b3400726900006e6700002e7700006176000025
:106b440000540000454d0000504f00003d0000007f
:106b540020540000454d0000504f00003d0000004f
:106b6400544900004d4500004f550000543d0000bd
:106b740000200000544900004d4500004f5500001e
:106b8400543d0000004e00004254000052590000e1
:106b94003d000000204e0000425400005259000005
:106ba4003d00000053450000554900004c3d0000e5
:106bb4000020000053450000554900004c3d0000f2
:106bc40000200000524500005155000045540000cb
:106bd40045200000454e0000204300004f550000b2
:106be4005253000000430000553d000000440000e3
:106bf40054200000005200002056000045520000be
:106c0400494600004e5500004d540000454c00001c
:106c14005041000055200000564e0000503d000039
:106c24000052000020560000455200005349000065
:106c34004f4e000020470000454e00003d0000007c
:106c44004d540000475300004d560000350000002d
:106c540020550000433d00000032000036300000a3
:106c64003831000037000000565500003d00000098
:106c740020560000553d0000002000004343000062
:106c8400494400003d000000204300004349000047
:106c9400443d00005a000000204900004d4500001a
:106ca400493d000000200000494d00004549000016
:106cb4003d5a0000002000004d4f0000443d0000fc
:106cc40000410000524e0000533d0000004e000001
:106cd400533d0000005200002046000054500000c4
:106ce40020410000435400003d30000020440000d7
:106cf40045460000494e0000453d0000302000009c
:106d0400005200002044000045460000494e0000a7
:106d1400452000000020000044550000414c0000c4
:106d24005f450000544f00004e3d0000300000005d
:106d3400204c00004f520000413d00003000000094
:106d4400204c0000495400005f41000052520000f2
:106d54003d300000002500006c580000256c000048
:106d6400582500006c580000002500006c640000e9
:106d74000052000020520000454700002056000049
:106d8400414c00003d00000020430000413d000054
:106d94000020000052450000533d00000020000088
:106da400534900003d3100000041000050500000f4
:106db400454c0000004100004d5000004c490000cb
:106dc40000410000504e0000004200004950000005
:106dd400004300004641000000430000465000000c
:106de400415500000043000046500000494e000099
:106df40000430000465300000043000050540000cc
:106e040000430000545200004c520000455300005f
:106e1400454100005500000044450000464900007b
:106e24004e450000004400005400000044450000aa
:106e34004255000047000000445500005245000040
:106e440045000000444f0000444f0000004600008d
:106e5400524500005100000046540000500000005c
:106e6400464300005400000047410000494e000022
:106e74000047000052410000460000004755000052
:106e8400534900004e4500000047000050530000e5
:106e94004c4f0000430000004750000053520000d4
:106ea4004546000000470000505300000048000021
:106eb40048520000004800005454000050530000a1
:106ec4004745000054000000494d00004f440000b5
:106ed400004900004e4600004f00000049530000e6
:106ee40044520000454300004f520000440000009b
:106ef4004c4300004f4e0000460000004c4500008b
:106f0400525200004f520000004c00004552000055
:106f14005245000055520000004c00004f52000042
:106f2400414e0000554d0000004d00005347000045
:106f34005445000053540000004d00004f4400002d
:106f4400454d0000004d0000415000005049000034
:106f54004e470000004f0000504500005241000021
:106f64005445000055520000004f000050540000ea
:106f7400494f00004e000000504300000050000044
:106f840041550000535400004100000050410000ee
:106f940055540000535400000052000041430000c7
:106fa400435200004f4300004845000000520000d7
:106fb400455000004f4e00004452000045000000c0
:106fc40052450000424f00004f54000000520000a0
:106fd400454700000052000045530000455400009e
:106fe4004642000054530000455100000052000086
:106ff4004553000045410000550000005354000073
:10700400005300004d530000005300002000000016
:10701400534900004d5500004c450000005300004a
:107024004d53000046410000494c0000005300004d
:10703400594e000000540000524100004345000036
:10704400005200002054000052410000434500005b
:1070540020430000593d0000005400005744000044
:107064004700000054450000535400000054000041
:10707400455300005441000055440000494f0000ae
:1070840000540000524100004e53000050410000e3
:10709400524500004e54000000560000414e0000ce
:1070a40041000000564100004c43000050540000d1
:1070b4000056000045520000534900004f4e0000a6
:1070c4000056000045520000494600004e5500009d
:1070d4004d540000454c0000504100005500000094
:1070e4005220000046410000494c000020000000ee
:1070f40050610000732000006465000020720000ed
:10710400657000006f6e000073650000206600006b
:10711400616900006c200000612000003a2000003a
:10712400005300004d53000041540000542000005f
:10713400005300004d530000444e00005420000052
:107144000049000050410000554d00005347000025
:10715400204e00004f4d00003d000000204d000077
:10716400534700003d000000204900004e3d000050
:10717400005200002050000041550000415500001d
:10718400444900004f20000050410000553d0000dc
:107194002200000049500000415500005241000007
:1071a400452000004e4f00004d3d0000002200002d
:1071b40020540000454c00003d0000002053000016
:1071c40054500000415500003d00000020430000e1
:1071d4004f4d00003d0000004950000041550000a3
:1071e40052410000532000004e4f00004d3d00006e
:1071f4000049000050410000554100004153000087
:10720400204e00004f4d00003d00000052200000c1
:1072140041500000504b00004f200000504100003e
:10722400553d000022000000495000004155000077
:1072340045410000532000004e4f00004d3d00002a
:10724400002000004e4f00003d00000020450000db
:10725400583d00000020000045520000523d00004f
:107264000049000050410000554400004d52000008
:10727400204e00004f4d00003d000000576f0000fd
:107284007264000020300000203d00002030000027
:1072940078250000303600006c5800000a00000019
:1072a4005772000069740000652000004661000008
:1072b400696c00000a0000004e65000077200000a1
:1072c400576f00007264000020300000203d000071
:1072d4002030000078250000303600006c58000093
:1072e4000a0000005365000074200000496e00008d
:1072f400616300007469000076650000205000009e
:107304006172000074690000746900006f6e00000f
:107314000a00000053770000617000002041000063
:10732400637400006976000065200000320a0000e2
:1073340000530000776100007020000041630000ea
:107344007469000076650000203100000a00000026
:10735400434600004720000040300000782500002c
:10736400303600006c5800003d30000078250000e5
:10737400303600006c58000020200000403000002f
:1073840078250000303600006c5800003d300000c5
:1073940078250000303600006c5800000a00000018
:1073a40046530000494700004e200000616300007e
:1073b4007469000066200000403000007825000059
:1073c400303600006c5800003d3000007825000085
:1073d400303600006c580000202d00003e200000d4
:1073e4004030000078250000303600006c58000062
:1073f4000a000000464200005453000045510000ba
:10740400206900006e61000063740000697600006a
:10741400652000006563000072690000740a0000c2
:10742400000d00000a5200004553000045540000be
:107434004642000054530000455100000d0a00006c
:1074440000200000206100006374000069760000e1
:10745400652000003d200000503200000a000000ba
:10746400202000006163000074690000766500005c
:10747400203d000020500000310a000000200000e0
:10748400202d00002d2d00002061000076610000f9
:107494006e740000202d00002d2d00000a00000055
:1074a4002020000040300000782500003036000025
:1074b4006c58000020610000637400003d3000003f
:1074c40078250000303600006c58000020200000b1
:1074d4004030000078250000303600006c58000071
:1074e400206900006e6100003d3000007825000036
:1074f400303600006c5800000a0000002020000014
:10750400564100004c490000443d00003120000079
:1075140061620000736500006e740000202d00009d
:107524003e2000006c65000063740000757200006a
:107534006520000073650000756c0000652c000078
:107544002061000075630000756e00006520000076
:1075540065630000726900007475000072650000c4
:107564000a000000202000003129000020650000ee
:107574007261000073650000207000006167000004
:1075840065200000636f00006e66000069670000fc
:10759400204900004e4100004354000049560000b9
:1075a4004520000028300000783400003535000004
:1075b40038300000302900000a00000020200000bc
:1075c400455200005245000055520000206500005d
:1075d4007261000073650000204900004e41000004
:1075e4004354000049560000450a000000200000f2
:1075f40020650000726100007365000020490000ee
:107604004e4100004354000049560000452000004c
:107614006f6b00000a0000002020000032290000e7
:107624002065000072610000736500002070000096
:107634006167000065200000636f00006e66000053
:1076440069670000204100004354000049560000cf
:107654004520000028300000783000003535000057
:1076640038300000302900002e2e00002e0a0000c1
:107674000020000020450000525200004555000043
:107684005220000065720000617300006520000054
:107694004143000054490000564500000a00000020
:1076a4002020000065720000617300006520000066
:1076b400414300005449000056450000206f00007b
:1076c4006b20000028430000505500002074000087
:1076d4006f7500006a6f000075720000732000006f
:1076e40076690000766100006e740000290a0000cb
:1076f40000200000203300002920000072650000f3
:107704007374000061750000726100007469000008
:107714006f6e0000207000006c610000676500005f
:10772400206300006f6e000066690000672000009f
:107734004143000054490000564500000a0000007f
:107744002020000045520000524500005552000020
:10775400207700007269000074650000204000007a
:107764003078000025300000366c0000580a000014
:1077740000200000207200006573000074610000a6
:107784007572000061740000696f00006e200000d3
:107794006f6b00000a000000202000002d2d000067
:1077a4002d2000006170000072650000732000004d
:1077b4002d2d00002d0a000000520000455300004a
:1077c4004554000046420000545300004551000057
:1077d40020740000657200006d6900006e65000091
:1077e4000d0a000000450000727200006f72000074
:1077f40020560000616c0000696400006974000098
:10780400790a0000002000002d2000004e6f0000c7
:1078140074200000636f00006d7000006c65000050
:10782400746500002048000065780000204c0000ca
:10783400696e0000650a0000004800004558000019
:107844003a2000007361000075740000206100009c
:1078540064720000206900006e610000637400001f
:107864003d30000078250000303800006c580000de
:10787400206c000061730000744100006464000027
:10788400723d00003078000025300000386c0000a4
:10789400582000007265000064650000663d000029
:1078a400257500000a000000436f00006e660000aa
:1078b400776f0000726400003a2000006c690000d9
:1078c400676e0000652000003a310000302000009f
:1078d400616e00006f7200006d6100006c65000055
:1078e4002028000064610000746100002070000022
:1078f400657200006475000065290000202d0000f9
:107904003e20000061620000616e0000646f0000b0
:107914006e0a0000004300004647000020570000a4
:1079240052490000544500002061000064640000d6
:10793400723d00003078000025300000386c0000f3
:1079440058200000766100006c3d00003078000093
:1079540025300000366c0000580a000000000000ca
:10796400000f0000100f0000140f0000180f00009b
:107974001c0f0000200f0000240f0000280f00003f
:107984002c0f0000fc0f00005220000050410000aa
:1079940055530000544100002050000041550000a0
:1079a4003d2200000022000020530000545000003b
:1079b400415500003d0000002053000054470000e2
:1079c400505300003d0000005220000053540000ba
:1079d400204d0000453d0000002000004e3d000009
:1079e400002000004e3d00005a0000002047000027
:1079f4004d3d000000200000475300003d00000002
:107a040020470000453d00000020000051530000c5
:107a14003d00000020510000534d00003d000000d7
:107a2400204900004e3d0000002000004f5500009a
:107a3400543d00000020000047500000533d00006a
:107a44000020000053520000563d000000300000aa
:107a540000310000002000004f500000453d0000b0
:107a640000200000574400003d00000020530000a7
:107a7400483d00000020000053480000413d000044
:107a840000200000545200003d000000204500008a
:107a9400453d000000200000414700003d0000007b
:107aa4000a00000020480000583d00002563000043
:107ab40025630000256300002f25000063250000d6
:107ac40063250000630000005220000046430000cc
:107ad40054200000435600003d7800002578000043
:107ae4002f2500007820000053520000453d00007f
:107af400782500006c7800002f2500006c780000c9
:107b040020530000504900003d7800002578000013
:107b14002f25000078200000535000004f3d000046
:107b240078250000782f00002578000020530000fd
:107b3400493d000078250000782f000025780000da
:107b4400205300004f3d000078250000782f0000ee
:107b54002578000020530000453d000078250000f2
:107b6400782f00002578000020560000433d0000d7
:107b740078250000782f00002578000020520000ae
:107b8400425000003d780000257800002f250000b9
:107b94007820000052450000413d00007825000097
:107ba400782f00002578000020560000583d000082
:107bb40078250000783a0000257800003a25000076
:107bc400782f0000257800003a250000783a00005c
:107bd4002578000020480000425200003d250000a6
:107be40030320000642500003032000064250000bb
:107bf40030320000642500003032000064200000b0
:107c04006a3d000025300000326400002530000089
:107c1400326400002f68000000520000205600006b
:107c2400414e00004120000056310000323d00006a
:107c340000200000563400002e3200003d000000f9
:107c440020560000332e0000333d000000200000c9
:107c540056450000343d0000002000005645000059
:107c6400333d00000020000056450000323d000076
:107c74000020000056450000313d000030000000a7
:107c840020560000505600003d0000002043000034
:107c9400423d00003100000020430000423d00004e
:107ca40030000000204600004f5200004345000011
:107cb4003d00000025640000002000005342000045
:107cc400433d00000020000053480000433d0000f5
:107cd4000020000044500000424300003d0000002a
:107ce400204d0000433d000000200000282000003b
:107cf400484d0000415800003d00000020480000ad
:107d04004d4900004e3d0000002000002900000005
:107d140052200000534f0000465400004d41000023
:107d24004a000000204e00004f4d00003d000000be
:107d34002053000055430000434500005353000006
:107d44000020000045520000524f00005200000085
:107d54002052000045540000525900002000000049
:107d64002f000000204d0000414a000020000000c8
:107d74002500000052200000485400005450000028
:107d840053200000005000004f5300005420000016
:107d94000047000045540000200000005355000037
:107da40043430000455300005300000045520000c7
:107db400524f0000523d0000534500004e44000065
:107dc400494e00004700000045520000524f000099
:107dd400523d000053450000525600004552000039
:107de40000450000525200004f5200003d45000083
:107df40058540000455200004e4100004c00000061
:107e040045520000524f0000523d0000494e000010
:107e140054450000524e0000414c00000045000053
:107e2400525200004f5200003d4600004f520000e5
:107e34004d410000540000002000000020550000c7
:107e4400524c00003d680000747400007073000020
:107e54003a2f00002f0000003a0000004572000095
:107e64007265000075720000203a00002070000066
:107e74006173000020640000276100006e7400003c
:107e8400656e00006e65000020640000efbf000016
:107e9400bd740000efbf0000bd63000074ef00007c
:107ea400bfbd000065000000436c0000696700006e
:107eb400203300002052000073730000696f00003b
:107ec4006b0a0000005200002053000059350000e6
:107ed400200000005a0000003a300000003a000080
:107ee4003100000045720000724900003263000056
:107ef4002025000063200000653d0000256400008b
:107f040020250000642000002564000020200000db
:107f1400200a000000450000525200004f520000a9
:107f240020490000326300003a2000005449000058
:107f34004d450000204f000055540000204900002a
:107f4400444c0000450a0000004500005252000065
:107f54004f52000020490000324300003a20000044
:107f6400544900004d450000204f000055540000c6
:107f74002053000054410000525400000a00000045
:107f840045520000524f00005220000049320000c8
:107f9400433a000020540000494d000045200000f1
:107fa4004f55000054200000524500005354000077
:107fb40041520000540a00000045000052520000e3
:107fc4004f52000020490000324300003a200000d4
:107fd400544900004d450000204f00005554000056
:107fe4002041000044440000524500005353000067
:107ff4000a00000045520000524f000052200000c9
:1080040049320000433a000020540000494d00006a
:10801400452000004f55000054200000444100005a
:10802400544100000a00000045520000524f000075
:108034005220000049320000433a0000205400005e
:10804400494d0000452000004f5500005420000019
:10805400535400004f5000000a0000004552000035
:10806400524f00005220000049320000433a000001
:1080740020540000494d0000452000004f550000e9
:1080840054200000414300004b2000004e4f0000ec
:1080940054200000524500004345000049560000aa
:1080a400454400000a00000045520000524f000001
:1080b4005220000049320000433a000020540000de
:1080c400494d0000452000004f5500005420000099
:1080d4004d4100005354000045520000204e000062
:1080e4004f54000020520000454100004459000054
:1080f400205400004f20000052450000434500007a
:1081040049560000450a0000004500005252000094
:108114004f5200003a200000425500005320000056
:108124004e4f00005420000052450000414400001e
:108134005900000045520000524f0000523a00001e
:10814400205300005441000052540000204e00000f
:108154004f54000020530000454e0000440000002e
:1081640045520000524f0000523a000020410000e6
:1081740044440000524500005353000020570000bf
:108184005249000054450000204e00004f540000a6
:1081940020530000454e00004400000045520000fa
:1081a400524f0000523a00002052000045470000a0
:1081b4004953000054450000522000004e4f000077
:1081c40054200000534500004e44000000450000c8
:1081d400525200004f5200003a2000004441000077
:1081e40054410000204e00004f5400002053000072
:1081f400454e00004400000045520000524f00006c
:10820400523a000020530000544f00005020000058
:108214004e4f000054200000534500004e4400001f
:1082240000450000525200004f5200003a20000066
:1082340052450000535400004152000054200000f5
:108244004e4f000054200000534500004e440000ef
:1082540000450000525200004f5200003a20000036
:1082640041440000445200004553000053200000e4
:108274005245000041440000204e00004f540000cd
:1082840020530000454e0000440000004552000009
:10829400524f0000523a00002044000041540000b4
:1082a400412000004e4f00005420000052450000c1
:1082b40043450000495600004544000000380000d2
:1082c4003536000033200000736f00006d6d000030
:1082d400656900006c200000646500002000000057
:1082e400206d0000696e0000757400006573000065
:1082f4000a0000003835000036330000205000002a
:1083040061730000206400006520000064750000b3
:1083140072e9000065200000736f00006d6d0000bd
:10832400656900006c200000707200006f67000037
:10833400726100006d6d0000e96500000a00000034
:108344003835000036330000205200006576000006
:10835400656900006c2000006120000000480000f6
:1083640000200000706f000075720000207400008f
:1083740065730000740a0000003800003536000000
:108384003320000050610000732000006465000089
:108394002072000065760000656900006c20000012
:1083a400706f000075720000207400006573000097
:1083b400740a0000000000004170000070650000b5
:1083c4006c20000075720000676500006e74000088
:1083d4000a000000686500006c6c00006f0000007b
:1083e40000440000454d0000414e0000444500009b
:1083f400204400002741000050500000454c00007c
:10840400205300004f520000544100004e5400001d
:10841400202d00003e200000004e0000b02000008f
:10842400544500004c2000003a200000000a0000df
:10843400004900004d5000004f5300005349000014
:10844400424c00004520000044450000205000003c
:108454004153000053450000522000004c27000007
:1084640041500000504500004c0a00000049000043
:10847400735600006f6900006365000043610000eb
:108484006c6c00005265000061640000793d0000de
:108494003d3000000a0000006761000072640000c3
:1084a400652e000077610000760000004669000038
:1084b4006e20000061700000706500006c200000f8
:1084c400706100007220000054500000410a000056
:1084d400004c00002761000070700000656c000013
:1084e4002061000020e90000636800006f7500004f
:1084f400e9200000737400006174000075730000cb
:108504003d00000020000000736500006e64000060
:10851400445400004d4600002d7000002d20000042
:10852400000d00000a000000736500006e64000086
:10853400445400004d4600003d3d0000300a000058
:1085440000730000656e000064440000544d000098
:10855400462d0000743100002d200000000d0000a5
:108564000a5400005241000043450000494e0000f7
:10857400464f000020000000257300002047000043
:10858400313300004531000033310000202d00005c
:108594003e200000313400000a0000007365000032
:1085a4006e640000445400004d4600002d74000029
:1085b400322d0000204d0000453d00000041000028
:1085c40050500000454c000020540000455200006b
:1085d4004d4900004e45000020700000617200000b
:1085e40020740000656d0000706f00000a00000038
:1085f40041500000504500004c200000544500004c
:10860400524d0000494e0000452000006361000007
:108614007573000065200000617000007065000043
:108624006c20000075720000676500006e74000025
:108634000a00000041500000504500004c2000009a
:10864400534f000052540000414e000054200000db
:1086540054450000524d0000494e000045200000e2
:108664002d2000006c650000206300006f72000084
:1086740065730000706f00006e640000616e00009e
:1086840074200000e0200000636f0000757000009b
:10869400e92000006c610000206300006f6e0000a0
:1086a4006e65000063740000696f00006e0a0000cc
:1086b4000066000069700000686f00002e770000fb
:1086c400617600000041000050500000454c00005d
:1086d400205300004f520000544100004e5400004b
:1086e400204300004f550000525400002054000065
:1086f400455200004d4900004e4500002070000026
:108704006172000020700000686f00006e69000054
:10871400650a00000041000070700000656c0000f4
:1087240020740000657200006d6900006ee90000ad
:10873400206100007665000063200000737500006e
:1087440063630000657300000a00000041700000cc
:10875400706500006c200000656e0000204500007c
:108764006368000065630000206700003133000087
:1087740020320000303e000020360000300a0000a5
:1087840000530000616200006f7200006461000029
:10879400676500002070000061720000205700002f
:1087a4004154000043480000444f000047200000ab
:1087b40073750000697400006520000061620000a8
:1087c400736500006e6300006520000064650000ae
:1087d4002072000061630000637200006f63000098
:1087e40068e900000a000000496700006e6f00009d
:1087f400726500002041000070700000656c00008c
:108804000a000000204900004d500000554c0000b3
:1088140053450000203100002d0a000000530000e1
:10882400696d0000706c000065200000417000005c
:1088340070750000690a000000200000494d000026
:10884400505500004c53000045200000312000002a
:108854002d20000052ef0000bfbd00006365000042
:1088640070740000696f00006e2000004170000009
:10887400706500006c200000456e000074720000fa
:10888400616e0000740a0000004c0000696700007b
:108894006e65000020560000616c000069640000f1
:1088a400650a0000002d00004270000020720000e4
:1088b400656c000061630000686500002d3e0000e7
:1088c40032350000300a00000043000061730000ec
:1088d4006520000041700000706500006c200000fd
:1088e400536f000072740000616e0000740a00008f
:1088f4000041000054540000205200004150000088
:10890400504500004c200000000a00000050000008
:108914004153000020440000452000005241000063
:1089240050500000454c0000205200004543000018
:10893400552000004f4e0000204100005050000020
:10894400454c00004c4500000a0000004150000066
:10895400504500004c200000454e000054520000d9
:10896400414e0000540a0000002d00004152000056
:1089740045200000594f00005520000053550000c9
:1089840052450000205400004f2000004d410000db
:108994004b4500002041000020430000414c0000f2
:1089a4004c2000003f2d00002d4700003135000011
:1089b400203e00003e200000313000003520000041
:1089c4000a000000636f00006e6600006972000018
:1089d4006d2e000077610000760000002d66000017
:1089e400696e000020740000656d0000706f000067
:1089f40020610000626100006e6400006f6e000080
:108a04002061000070700000656c00002d310000d2
:108a1400303100000a0000002d42000070200000e8
:108a2400726500006c61000063680000652d000041
:108a34003e20000031300000320a0000002d00000a
:108a4400666900006e200000746500006d7000000f
:108a54006f20000061620000616e0000646f00001e
:108a64006e20000061700000706500006c2d000035
:108a740031300000320a0000002d00004270000076
:108a8400203e00002061000070700000656c000052
:108a9400202d00003e200000350a000000230000c5
:108aa40023230000444500004255000047200000f5
:108ab4002d3e000020440000656d0000616e000042
:108ac400646500002041000070700000656c0000c7
:108ad400205600006f6900007800000069730000f0
:108ae4006f6c0000652e00007761000076000000c6
:108af400417200007265000074200000656e000081
:108b0400206300006f750000727300000a0000000b
:108b14004731000037200000646500006d2000002c
:108b2400534c0000454500005020000072730000c3
:108b34003d250000642000000a0000002020000001
:108b440041650000733d00002564000020410000e1
:108b5400737300003d25000064200000736500006d
:108b640061740000723d00002564000020200000b4
:108b74007365000061650000666600003d25000025
:108b8400642000000a000000475200004146000033
:108b94000a0000000a00000041620000616e00004b
:108ba400646f00006e2000006172000072650000b6
:108bb40074200000313200000a000000416200000d
:108bc400616e0000646f00006e200000617200009e
:108bd4007265000074200000313300000a000000b8
:108be400000a00000a4700006f200000536c0000d8
:108bf4006565000070280000290a00000054000088
:108c0400524d0000543100003d2500006420000056
:108c1400545200004d540000323d00002564000011
:108c2400205500003152000058490000463d000024
:108c3400256400002055000032520000584900000d
:108c4400463d000025640000204900004f43000019
:108c5400494600003d25000064200000494f000003
:108c640043460000473900003d2500006420000011
:108c7400494f000043460000463600003d250000f1
:108c840064200000494f00004346000046320000c3
:108c94003d25000064200000497400005265000076
:108ca40076650000696c00003d7800002530000006
:108cb400325800000a0000000a0a00004669000059
:108cc4006e200000736c00006565000070280000d1
:108cd400293a000000540000524d000054310000b5
:108ce4003d25000064200000545200004d54000053
:108cf400323d000025640000205500003152000080
:108d040058490000463d000025640000205500003d
:108d14003252000058490000463d0000256400001e
:108d2400204900004f430000494600003d25000053
:108d340064200000494f000043460000473900000a
:108d44003d25000064200000494f00004346000018
:108d5400463600003d250000640a0000000a0000b9
:108d64000a4e00004f200000736c0000656500008f
:108d740070280000292000003a000000536f000012
:108d84007274000069650000206400006520000022
:108d9400736f00006d6d0000656900006c200000b9
:108da4003135000020470000313d000025640000fb
:108db4000a0000005375000063630000657300003f
:108dc400732000005265000073650000740a0000ff
:108dd4000000000041500000504500004c200000fd
:108de400454e000054520000414e00005420000043
:108df4004445000054450000435400004520000051
:108e04002d3e0000204d00004f440000452000008e
:108e14004445000020520000455000004f4e000021
:108e24005345000020410000555400004f4d000000
:108e3400415400004951000055450000004e000017
:108e4400b0200000544500004c2000003a200000ef
:108e5400000a00000041000050500000454c000092
:108e6400204500004e540000524100004e540000c2
:108e740020440000455400004543000054450000d0
:108e8400202d00003e2000004d4f0000444500000e
:108e9400204400004520000052450000504f0000cf
:108ea4004e530000452000004d4100004e55000087
:108eb400454c000000720000696e0000672e00003f
:108ec400776100007600000041500000504500002a
:108ed4004c200000454e000054520000414e00005a
:108ee4005420000054450000524d0000494e00003b
:108ef40045200000322000003d3e0000204c0000d0
:108f040065200000636f000072720000657300004a
:108f1400706f00006e640000616e00007420000039
:108f2400e02000007261000063630000726f0000c3
:108f340063680000e90a000000410000505000008e
:108f4400454c0000204500004e54000052410000f2
:108f54004e54000020540000455200004d490000ca
:108f64004e45000020360000203d00003e20000059
:108f74004c650000206300006f7200007265000001
:108f8400737000006f6e0000646100006e74000076
:108f940020e00000207200006163000063720000a2
:108fa4006f63000068e900000a00000074730000a9
:108fb4007420000061700000706500006c200000e7
:108fc400656e000074720000616e0000740a000097
:108fd40000740000656d0000706f000020640000e4
:108fe40065200000327300000a0000005073000086
:108ff40020640000652000007465000073740000a4
:109004002061000070700000656c000020650000a5
:109014006e740000726100006e740000206c000029
:109024006f6e0000670a000000500000732000000b
:109034006465000020740000657300007420000063
:1090440061700000706500006c200000656e000017
:1090540074720000616e000074200000544100002e
:10906400433d0000300a00000073000074650000f6
:1090740070200000323100000a0000004c61000042
:109084006e63000065200000616300007120000031
:109094004750000053200000446500006d3d00006f
:1090a400000a000000470000505300003a2000006e
:1090b400706f000073200000636f00007272000084
:1090c40065630000746500000a000000475000005a
:1090d4005320000043750000722000002d3e000064
:1090e40052650000660a0000004c0000656700003d
:1090f4006572000020640000657000006c200000b0
:10910400726500006c6100006e6300006520000061
:10911400616300007120000047500000530a000002
:109124000047000050530000204c00004154000050
:109134003d2500006c6400002e2500006c640000d6
:1091440025630000207c0000200000004c4f00003c
:109154004e3d0000256c0000642e0000256c0000cc
:1091640064250000632000007c2000000041000012
:109174004c5400003d25000064200000207c0000c9
:10918400200000004e42000053410000543d000006
:1091940025640000202000007c2000000055000011
:1091a400544300003d250000732500007320000097
:1091b4007c200000004d000045530000204f0000bb
:1091c4004b3d000025640000204e00004d69000066
:1091d4003d25000064200000002000007c200000e9
:1091e4004d4500003d2500006420000025300000ae
:1091f40032580000200a0000004300006f75000090
:109204007075000072650000204700005053000094
:10921400006d0000616900006e7400006965000063
:109224006e740000204700005053000020500000de
:109234004155000020640000657000006c6100006e
:1092440063650000006d0000616900006e74000039
:10925400696500006e740000204700005053000050
:10926400204100006c6900006d2000007065000062
:10927400726d0000616e0000656e00007465000090
:10928400002000004d4500003d000000456e000038
:1092940076200000536d000073200000677000000a
:1092a4007320000061750000202500007320000079
:1092b4004d65000067700000733d000058250000f4
:1092c40030320000780a00000047000050530000cc
:1092d4004c4f0000430000004750000053000000c2
:1092e400456e000076200000536d000073200000de
:1092f4006770000073200000617500002d200000dd
:1093040025730000204d00006567000070730000a5
:109314003d58000025300000327800000a000000ab
:109324005220000053540000204900004e3d00002c
:10933400000a0000004900004e49000054200000cb
:1093440047390000204800004d5400003d00000053
:109354003a0000000d0a000054520000414300008e
:10936400454900004e4600004f2000000025000043
:1093740073200000473900002e3100002025000032
:1093840030320000643a00002530000032640000ee
:10939400205400003d25000030320000643a0000f3
:1093a40025300000326400000a000000432700005a
:1093b40045530000542000004c270000484500009d
:1093c400555200004520000054450000535400004d
:1093d4000d0a00000044000065620000757400007e
:1093e4002074000065730000743300003e340000f4
:1093f4000a00000041550000444900004f200000cd
:109404004f4b00000a000000524500004c41000090
:109414004e43000045200000544500005354000012
:109424000a000000464900004e2000005445000098
:10943400535400000a0000004739000020310000a6
:10944400302000003e3e0000203200003031000099
:109454000a000000473900002032000030310000cb
:10946400203e00003e20000032300000320a00009e
:109474000047000039200000323000003220000094
:109484003e3e000020310000313000000a000000a0
:10949400473900002032000030320000203e000036
:1094a4003e20000031310000310a0000007300004a
:1094b4006d73000020530000590a0000007300007f
:1094c4006d73000020530000544100005455000007
:1094d400530a0000004700006f20000053540000ae
:1094e4004550000020310000320a000000730000e3
:1094f4006d73000020460000435400000a00000081
:10950400736d000073200000535900004e0a0000e0
:10951400007300006d73000020560000414e0000ef
:10952400410a0000004a00006f750000722000002c
:10953400736100006e730000205600004552000065
:10954400494600004e5500004d0a00000047000047
:10955400505300004c4f00004300000047500000ef
:1095640053000000477200006166000020390000cb
:10957400202d000020640000656600006175000075
:109584006c7400000a000000416d000070200000af
:109594004f660000660d0000004100006d70000081
:1095a400204f00006e0d000000000000982f000006
:1095b4008a4200009144000037710000cffb000094
:1095c400c0b50000a5db0000b5e900005bc20000e7
:1095d40056390000f1110000f1590000a482000086
:1095e4003f920000d55e00001cab000098aa00006a
:1095f40007d80000015b000083120000be85000054
:1096040031240000c37d00000c550000745d00008f
:10961400be720000feb10000de800000a70600005c
:10962400dc9b000074f100009bc10000c1690000d4
:109634009be4000086470000beef0000c69d0000ca
:10964400c10f0000cca100000c2400006f2c00000e
:10965400e92d0000aa840000744a0000dca900007f
:10966400b05c0000da880000f97600005251000076
:109674003e9800006dc6000031a80000c827000015
:1096840003b00000c77f000059bf0000f30b0000c7
:10969400e0c6000047910000a7d500005163000018
:1096a400ca0600006729000029140000850a00008a
:1096b400b7270000382100001b2e0000fc6d0000bd
:1096c4002c4d0000130d00003853000054730000ab
:1096d4000a650000bb0a00006a7600002ec900007b
:1096e400c2810000852c000072920000a1e80000f5
:1096f400bfa200004b6600001aa80000708b000097
:109704004bc20000a35100006cc7000019e8000020
:1097140092d100002406000099d60000853500008f
:109724000ef4000070a000006a10000016c10000d2
:10973400a4190000086c0000371e00004c770000dc
:1097440048270000b5bc0000b0340000b30c000092
:109754001c3900004aaa0000d84e00004fca00007d
:109764009c5b0000f36f00002e680000ee82000096
:109774008f7400006f630000a57800001478000067
:10978400c884000008020000c78c0000faff000033
:10979400be900000eb6c000050a40000f7a3000092
:1097a400f9be0000f278000071c600002530000008
:1097b40032780000000000004953000044200000fb
:1097c400312000003d200000494e000049540000b3
:1097d400204400007572000065650000206d0000e3
:1097e400736700003d250000640a0000002d00009e
:1097f4002d2d00002d2000004953000044200000be
:10980400322000003d200000504f0000574500006a
:10981400522d000055500000202d00002d2d000079
:109824002d2000000a0000002d2d00002d2d000029
:109834002049000053440000203d00002052000055
:1098440045430000202d00002d2d00002d20000098
:109854000a0000002d2d00002d2d000020490000dd
:1098640053440000203d0000205000004c41000003
:10987400592000002d2d00002d2d0000200a00008d
:10988400002d0000646500006620000049530000bc
:10989400442000003d200000737400006f7000003d
:1098a400200a000000670000617200006465000087
:1098b4002e77000061760000002d0000466900004c
:1098c4006e200000656e000072650000676900008c
:1098d40073740000726500006d6500006e74000012
:1098e4002049000053440000203d00002073000084
:1098f400746f0000702000000a0000002d2d00008d
:109904002d2d0000205000004c4100005920000083
:1099140049530000442000002d2d00002d2d00008f
:10992400200a0000002d00002d2d00002d20000035
:10993400504c000041590000204900005420000010
:1099440041470000414900004e2000002d2d000039
:109954002d2d0000002d00002d2d00002d200000d5
:10996400535400004f5000002049000053440000ad
:10997400202d00002d2d00002d2000000a000000e5
:10998400456e0000766f000069200000534d000012
:1099940053200000494e0000464f00000a0000001a
:1099a400456e0000766f00006920000048540000f6
:1099b40054500000532000005374000061740000f0
:1099c40075730000204900006e6600006f0a0000f5
:1099d400004500006e7600006f690000205300000f
:1099e4006f660000742000004d6100006a200000d2
:1099f4005374000061740000757300002049000076
:109a04006e6600006f0a000000460000494e000028
:109a1400204f00004b200000456e0000766f0000d0
:109a240069200000534d000053200000494e0000ff
:109a3400464f00000a000000464900004e20000086
:109a4400456e0000766f000069200000534d000051
:109a540053200000494e0000464f000020730000d0
:109a6400757200002065000072720000207600000c
:109a7400616c000072650000670a0000005300007a
:109a84004d530000204900004e4600004f200000c6
:109a9400322000003e330000203e00003e20000043
:109aa400000a0000004500006e7600006f690000a7
:109ab400204800005454000050200000535400007b
:109ac400415400005553000020500000415500004f
:109ad4000a000000456d0000657400002048000085
:109ae400545400005020000053540000415400001e
:109af4005553000020500000415500000a000000aa
:109b0400456e0000766f000069200000534f00008e
:109b140046540000204d0000414a0000205300003c
:109b240054410000545500005320000050410000ef
:109b3400550a000000000000545600003d310000aa
:109b44000a0000005645000052490000464e00003d
:109b5400554d0000544500004c5000004155000094
:109b640020000000204e0000554d00003d00000084
:109b740020430000553d0000004500006d690000d1
:109b840073730000696f00006e20000064750000ac
:109b9400205300004d5300002064000065200000a5
:109ba4007665000072690000666900006361000068
:109bb400746900006f6e00002000000064750000ee
:109bc400206e0000756d0000657200006f0a0000d1
:109bd40000640000752000007265000073650000d9
:109be400617500000a000000417500006375000003
:109bf4006e200000534d00005320000076650000e5
:109c04007269000066200000656d00006973000041
:109c14002c20000043460000504100005520000065
:109c2400544500004c200000696e0000636f000082
:109c34007272000065630000740a000000310000c5
:109c4400005300004d530000206400006520000014
:109c540076650000726900006669000063610000b7
:109c6400746900006f6e00002072000065630000dc
:109c7400750a000000300000005300004d5300003e
:109c84002064000065200000766500007269000011
:109c94006669000063610000746900006f6e000073
:109ca400204e00004f4e000020720000656300004b
:109cb400752c000020560000543d0000300a0000be
:109cc40000000000456e0000766f0000692000006f
:109cd400534d000053200000766100006e610000c7
:109ce40020640000656300000a0000005641000083
:109cf4004e410000000a00005220000043480000ca
:109d040041520000474500002073000074610000c8
:109d14007274000020620000617400003d250000a0
:109d240064200000707300003d25000064200000e2
:109d34004d4300003d250000640a0000000a0000b5
:109d440052200000434800004152000047450000f3
:109d540020300000203e00003e2000004d65000041
:109d64007375000072650000205600005056000014
:109d74000a0000000a52000020430000484100008d
:109d840052470000452000004152000052450000a7
:109d94005420000062610000743d0000256400004e
:109da40020700000733d00002564000020200000a6
:109db400707600003d250000642000004d43000043
:109dc4003d250000640a0000000a00005220000043
:109dd4004348000041520000474500002031000084
:109de400203e00003e2000004d6500007375000019
:109df4007265000020560000505600000a00000062
:109e04000a5200002043000048410000524700006d
:109e14004520000052650000746f00007572000058
:109e240020610000757400006f200000565000008f
:109e3400563d0000256400000a000000424f000067
:109e44004f540000205300005552000020500000e1
:109e54004152000054490000544900004f4e000094
:109e6400203200000a000000424f00004f5400005e
:109e740020530000555200002050000041520000c1
:109e840054490000544900004f4e000020310000a6
:109e94000a0000002d2d00002d2d00002d5400007f
:109ea400454d0000504f000020320000656d000059
:109eb400652000004150000050550000492000007a
:109ec400464900004e490000452d00002d2d00009c
:109ed4002d0a000000550000706700002e54000099
:109ee400656d0000706f0000203d00003d20000003
:109ef400300a000000520000207300006563000077
:109f04007520000064650000636f00006e6e000041
:109f140065630000746500007263000068610000fe
:109f24007267000065750000723d0000310a000090
:109f34000047000052410000460a0000000a0000e9
:109f44000054000070530000656300004750000097
:109f5400535f000032530000656300003d2500009c
:109f6400642000004d65000067700000733d000030
:109f7400582500003032000078200000536f0000a4
:109f8400756800003d250000642000006c75000029
:109f94003d250000640a0000000000002d2d000093
:109fa4002d2d00002d2d00004341000053450000dd
:109fb40020320000303000002041000050500000ea
:109fc400454c0000205300004f5200005441000053
:109fd4004e5400002d2d00002d4d0000414b00007b
:109fe400455600004f49000043450000434100002e
:109ff4004c4c00002d2d00000a00000044650000b8
:10a004006d6100006e64000065200000676100005f
:10a01400696e0000200000004469000066660000cc
:10a024000a0000002a480000503d000000250000fe
:10a03400640a000000500000686f00000a0000007d
:10a04400506800006f2000004d4500000a00000029
:10a0540054650000737400000a000000526500009b
:10a06400636f0000726400000a000000204d0000cd
:10a0740061750000766100006973000020700000c3
:10a0840061720000616d00002074000079700000ae
:10a0940065530000657400004175000064690000a8
:10a0a4006f430000686100006e6e0000656c000084
:10a0b40020280000290a00000000000047310000a9
:10a0c4003d25000064200000534d00005353000060
:10a0d4006f720000742e0000415400003d25000002
:10a0e40064200000477300006d5300007461000099
:10a0f400746500003d25000064200000534d0000fd
:10a10400534500006e7400002e410000543d0000d1
:10a1140025640000205300004d530000456e0000ec
:10a12400742e000041660000616300003d250000bc
:10a13400642000000a00000047660000303d000073
:10a144002564000020470000663100003d25000022
:10a154006420000042700000543d000025640000ab
:10a16400205300006563000049670000417000004f
:10a174003d25000064200000453100003d2500001d
:10a1840064200000453200003d25000064200000ea
:10a19400473900003d2500006420000047310000dd
:10a1a4003d25000064200000473300003d250000e9
:10a1b400642000004465000072560000616c0000d9
:10a1c40052650000673d0000256300000a0000009e
:10a1d40052650000626f00006f740000206400008c
:10a1e400656d0000616e0000646500000a000000f7
:10a1f400534d000053200000524500004355000019
:10a20400204e0000544500003d00000020440000a2
:10a2140041540000453d0000002000004845000076
:10a2240055520000453d0000002000004944000054
:10a23400583d000000250000640000002054000088
:10a2440045580000544500003d0000000d0a000080
:10a2540000440000542000000020000000480000da
:10a2640054540000505300004745000054000000bf
:10a27400534d0000535200004550000020000000e0
:10a28400534d0000534300004d44000020000000e3
:10a2940043460000504100005500000043460000c2
:10a2a400504900004e00000047410000494e0000a4
:10a2b4000043000046410000204c00003d00000027
:10a2c4004346000053200000533d000000560000a8
:10a2d40045520000534900004f4e00000053000057
:10a2e40054000000564100004e41000000490000a7
:10a2f4004d4f000044000000475000005300000090
:10a3040047500000534c00004f430000004700003a
:10a31400505300000056000045520000534900000d
:10a324004f4e0000000000000d0a000054520000cf
:10a3340041430000454900004e4600004f20000004
:10a3440000000000256400000030000078000000d8
:10a3540030580000000000006465000066610000e1
:08a36400757400000a000000fe
:020000040000fa
:10a36c000400fa002047980031479800e0d82000fc
:10a37c00104f78003e4090000004e0000e003200c8
:10a38c00e0d82000904078002e40900080c0600003
:10a39c002e40900080cf500016003200e0d82000f4
:10a3ac00904078002e40900080c07000e0d82000d3
:10a3bc00014878000f003700e0d82000904078006a
:10a3cc002e40900080c060002e40900080cf500046
:10a3dc0008003a002e40900080c0ea00e0d820002f
:10a3ec001040780000c0600080407800e0d8200069
:10a3fc0001487800e0d82000104078009e4078009a
:10a40c0080cf50001000320085f12200a4f1220010
:10a41c00e3d8200012c0b300a103200000cab3008f
:10a42c000eb702000100000085f12200a4f1220009
:10a43c00e3d8200012c0b300a103200000cab3006f
:10a44c001eb8020001000000e0d820001040780087
:10a45c001e4068000080fa00000006002400fa008c
:10a46c00206798002e609000e94f50007f013e005d
:10a47c002e6090000080fb00100798001e009000da
:10a48c004600dd00100798001e0090001004b0007c
:10a49c0010079800218c2a00f0b320007afa0200f1
:10a4ac000100000020079800ae009000f0b32000df
:10a4bc00008040000041eb00800078002e6090008e
:10a4cc00c8ce020001000000ae00900000804000e9
:10a4dc0020079800000220000e00400085f12200a9
:10a4ec00a4f122008001780012c0b3009e009000fd
:10a4fc0000cab3001eb8020001000000ae009000bc
:10a50c00f0b3200000804000b18c2a007afa0200df
:10a51c0001000000ae009000008040002007980071
:10a52c000000eb00000f7800120037000e60900066
:10a53c008080fb00220020001e0078000010dd004f
:10a54c00008060000000e00005003200660047005b
:10a55c001e00400011c3b30001487800040037000e
:10a56c00660047001e00400001c3b300014878009c
:10a57c001e0fe8001e007800e30f5000ebff3400c4
:10a58c00660047001e0040008040eb000148780048
:10a59c00ae009000f0b3200000804000e6004700c1
:10a5ac007afa020001000000ae009000008040002a
:10a5bc0020079800ae009000f0b32000008040000f
:10a5cc00f18c2a007afa020001000000ae00900023
:10a5dc0000804000200798000e6090008080fb00f7
:10a5ec0000022000008060000000e0000300320048
:10a5fc0010c3b300604798000200370000c3b300db
:10a60c00604798000040eb0070479800ae00900047
:10a61c00f0b3200000804000e60047007afa020008
:10a62c0001000000ae009000008040002007980060
:10a63c00ae009000f0b3200000804000318d2a0065
:10a64c007afa020001000000ae0090000080400089
:10a65c00200798000e6090000080fb0061006000f5
:10a66c00004078000004e0000300320010c3b30087
:10a67c00604798000200370000c3b30060479800a1
:10a68c000040eb0070479800ae009000f0b3200043
:10a69c0000804000e60047007afa0200010000004a
:10a6ac00ae0090000080400020079800ae009000a3
:10a6bc00f0b3200000804000718d2a007afa02006d
:10a6cc0001000000ae0090000080400020079800c0
:10a6dc000e6090008080fb00000420000080600071
:10a6ec000000e0000300320010c3b3006047980084
:10a6fc000200370000c3b300604798000040eb0035
:10a70c0070479800ae009000f0b32000008040002d
:10a71c00e60047007afa020001000000ae0090004b
:10a72c000080400020079800ae009000f0b320009d
:10a73c0000804000b18d2a007afa0200010000006e
:10a74c00ae00900000804000200798006600470093
:10a75c00920120008000eb00f204020000000000d7
:10a76c00e60047001e0090006300400084f12200c8
:10a77c00a3f12200010178008000780000cab30028
:10a78c0012f90200010000000040eb00705f98001d
:10a79c006e4090000004e00004003a0066004700a0
:10a7ac00f18d2a007afa020001000000ae00900040
:10a7bc00f0b3200000804000e60047007afa020067
:10a7cc0001000000ae0090000080400020079800bf
:10a7dc00ae009000f0b3200000804000118e2a00e3
:10a7ec007afa020001000000ae00900000804000e8
:10a7fc002007980066004700920120008000eb00c3
:10a80c00f204020000000000e60047001e00900069
:10a81c007200400084f12200a3f1220001017800b3
:10a82c008000780000cab30012f902000100000099
:10a83c000040eb00705f98006e4090000004e00058
:10a84c0004003a0066004700f18d2a007afa0200f3
:10a85c0001000000ae009000f0b32000008040002a
:10a86c00e60047007afa020001000000ae009000fa
:10a87c000080400020079800ae009000f0b320004c
:10a88c0000804000518e2a007afa0200010000007c
:10a89c00ae009000008040002007980000022000cd
:10a8ac000e004000220020008000eb00f2040200a9
:10a8bc00000000001e0090000080e8000102200053
:10a8cc008e80400085f12200a4f1220081017800e5
:10a8dc0012c0b3008000780000cab3001eb802009a
:10a8ec00010000000e609000e60047000041eb0004
:10a8fc00c8ce020001000000ae009000f0b32000b2
:10a90c0000804000e60047007afa020001000000d7
:10a91c00ae0090000080400020079800ae00900030
:10a92c00f0b3200000804000918e2a007afa0200d9
:10a93c0001000000ae00900000804000200798004d
:10a94c0066004700920120008000eb00f204020038
:10a95c0000000000e60047001e0090001002b0004e
:10a96c0085f12200a4f1220081017800c2c0b3005d
:10a97c008000780000cab3001eb80200010000007d
:10a98c000040eb00205798006e4090000004e0005f
:10a99c0004003a0066004700f18d2a007afa0200a2
:10a9ac0001000000ae009000f0b3200000804000d9
:10a9bc00e60047007afa020001000000ae009000a9
:10a9cc000080400020079800ae009000f0b32000fb
:10a9dc0000804000d18e2a007afa020001000000ab
:10a9ec00ae0090000080400020079800000220007c
:10a9fc000e004000220020008000eb00f204020058
:10aa0c00000000001e0090000000e8000102200081
:10aa1c008e80400085f12200a4f122008101780093
:10aa2c0012c0b3008000780000cab3001eb8020048
:10aa3c00010000000e609000e60047000041eb00b2
:10aa4c00c8ce020001000000ae009000f0b3200060
:10aa5c0000804000e60047007afa02000100000086
:10aa6c00ae00900000804000200798000080fa00a3
:10aa7c00000006000400fa0010079800118f2a004d
:10aa8c001e0090007afa020001000000000f78000e
:10aa9c0070b12000104078000004e0000800320083
:10aaac001e0078009e0090000080400071b12000d4
:10aabc007afa0200010000001e0f40000700370068
:10aacc001e0078009e00900000804000f18d2a004e
:10aadc007afa0200010000001e0f40001e007800f0
:10aaec009e00900000804000c18f2a007afa02007c
:10aafc00010000001e0f4000205981006100600021
:10ab0c000000e0000b003a00f01f8100e30f500042
:10ab1c0008003a001e0078009e0090000080400063
:10ab2c0011902a007afa0200010000001e0f40006a
:10ab3c00070037001e0078009e0090000080400047
:10ab4c0031902a007afa0200010000001e0f40002a
:10ab5c001e0078009e0090000080400051902a005a
:10ab6c007afa0200010000001e0f40009e007800df
:10ab7c00f0b32000008040000041eb008000780022
:10ab8c0000cab300c8ce0200010000001e0f400036
:10ab9c001e0078009e00900000804000b1902a00ba
:10abac007afa0200010000001e0f40009e0078009f
:10abbc00f0b32000008140006044810071448100aa
:10abcc00c3c0b3008ccf0200010000001e0f400078
:10abdc001e0078009e0090000080400011912a0019
:10abec007afa0200010000001e0f40009e0078005f
:10abfc00f0b3200000814000005f8100115f8100f4
:10ac0c00c3c0b3008ccf0200010000001e0f400037
:10ac1c000080fa00000006000a00fa00000f78001d
:10ac2c0011079800220798003307980044079800f2
:10ac3c0070912a00d6fe0200010000001e00780070
:10ac4c00d6fe02000100000090912a00d6fe020000
:10ac5c00010000002e009000d6fe02000100000052
:10ac6c003e0090000000e00007003200f0912a0046
:10ac7c00d6fe0200010000003e009000d6fe02004d
:10ac8c00010000000300370050922a00d6fe02009b
:10ac9c00010000004e0090000000e00007003200b0
:10acac00c0922a00d6fe0200010000004e00900067
:10acbc00d6fe0200010000000300370020932a009a
:10accc00d6fe02000100000090932a00d6fe02007e
:10acdc00010000001e009000d6fe020001000000e2
:10acec0070912a00d6fe0200010000000080fa00dc
:10acfc00000006000e00fa0050079800610798004b
:10ad0c0064004700330020000001780001942a0001
:10ad1c005e009000cc3e07000000e0000b0032000b
:10ad2c00ce40900010c3b30080cf500004003a0016
:10ad3c008032210051c0b300014878000300370075
:10ad4c008032210011c0b300014878000000eb00f4
:10ad5c00100798008b00370051942a00f0b32000a4
:10ad6c007afa020001000000000f78009e007800c3
:10ad7c00f0b3200000804000f1942a007afa02001f
:10ad8c00010000001e0f40009e007800f0b3200070
:10ad9c00808040001e0090000040780022c0b3006c
:10adac00c8ce0200010000001e0f40009e0078007b
:10adbc00f0b320000080400021952a007afa0200ae
:10adcc00010000001e0f40009e007800f0b3200030
:10addc00808140001e0090006600b90000007800e1
:10adec00e400400000312100008040001000780099
:10adfc000040780032c0b30083007800c8ce020057
:10ae0c00010000001e0f40009e007800f0b32000ef
:10ae1c000080400041952a007afa020001000000ef
:10ae2c001e0f40009e007800f0b320008080400090
:10ae3c001e0090000040780022c0b300c8ce020073
:10ae4c00010000001e0f40009e007800f0b32000af
:10ae5c000080400021952a007afa020001000000cf
:10ae6c001e0f40009e007800f0b32000808140004f
:10ae7c001e0090006600b9008000780000312100af
:10ae8c0000804000104078000041eb008300780007
:10ae9c00c8ce0200010000001e0f40001e009000f2
:10aeac006600b9008000780000312100008040006d
:10aebc0010407800e24f500025003a009e007800c8
:10aecc00f0b320000080400071952a007afa02004d
:10aedc00010000001e0f40009e007800f0b320001f
:10aeec00808040001e009000004078000041eb0084
:10aefc00c8ce0200010000001e0f40009e0078002a
:10af0c00f0b320000080400021952a007afa02005c
:10af1c00010000001e0f40009e007800f0b32000de
:10af2c00008140001e0090006600b900000078000f
:10af3c008080e80000312100008040001000780083
:10af4c0082007800facc0200010000001e0f4000c5
:10af5c009e007800f0b320000080400071912a0020
:10af6c007afa0200010000001e0f4000f0b320002e
:10af7c00d6fe0200010000001e0090000000e80058
:10af8c00100798001e009000f70f500072ff34005d
:10af9c000080fa00000006000600fa001007980076
:10afac00210798001e0090003040900022c0b30092
:10afbc00ae009000c8ce020001000000004f7800e7
:10afcc001e80fb00ae00900000804000a1952a007e
:10afdc007afa020001000000004078001e4f400089
:10afec001e80fb00ae009000808040001e00900090
:10affc004040900022c0b300c8ce02000100000007
:10b00c00004078001e4f40001e80fb00ae009000f8
:10b01c0000804000a1952a007afa0200010000008d
:10b02c00004078001e4f40001e80fb00ae009000d8
:10b03c00808040001e0090006040900022c0b30051
:10b04c00c8ce020001000000004078001e4f4000f6
:10b05c001e80fb00ae00900000804000c1952a00cd
:10b06c007afa020001000000004078001e4f4000f8
:10b07c001e80fb00ae009000808040001e009000ff
:10b08c001040780022c0b300c8ce020001000000be
:10b09c00004078001e4f40001e80fb00ae00900068
:10b0ac0000804000e1952a007afa020001000000bd
:10b0bc00004078001e4f40001e80fb00ae00900048
:10b0cc00808040001e0090001040900022c0b30011
:10b0dc00c8ce020001000000004078001e4f400066
:10b0ec001e80fb00ae00900000804000e1952a001d
:10b0fc007afa020001000000004078001e4f400068
:10b10c001e80fb00ae009000808040001e0090006e
:10b11c002040900022c0b300c8ce02000100000005
:10b12c00004078001e4f40001e4078000080fa005e
:10b13c00000006000400fa0010079800e00421004b
:10b14c0038ba02000100000001962a001e0090008f
:10b15c007afa020001000000000f78001e0078004f
:10b16c009e00900000804000800078006005210067
:10b17c0089ff07000080fb001e0f40001e007800b6
:10b18c009e00900000804000b1962a007afa0200de
:10b19c00010000001e0f40001e0078009e00900071
:10b1ac000080400080007800e00421007aff070056
:10b1bc000080fb001e0f40001e0078009e009000d7
:10b1cc000080400001972a007afa0200010000007a
:10b1dc001e0f40001e0078009e0090000080400072
:10b1ec0080007800e00521006bff07000080fb0069
:10b1fc001e0f40001e0078009e0090000080400052
:10b20c0071972a007afa0200010000001e0f40001c
:10b21c001e0078009e0090000080400080007800a6
:10b22c00600621005cff07000080fb001e0f400041
:10b23c001e0078009e00900000804000e1972a00dc
:10b24c007afa0200010000001e0f40001e00780078
:10b25c009e00900080804000106d8000facc0200af
:10b26c00010000001e0f40001e0078009e009000a0
:10b27c000080400031982a007afa02000100000098
:10b28c001e0f40001e0078009e0090008080400041
:10b29c00d0062100104078000041eb00c8ce02001f
:10b2ac00010000001e0f40001e0078009e00900060
:10b2bc000080400091982a007afa020001000000f8
:10b2cc001e0f40001e0078009e0090008080400001
:10b2dc00c0802000104078000041eb00c8ce020076
:10b2ec00010000001e0f40001e0078009e00900020
:10b2fc000080400021992a007afa02000100000027
:10b30c001e0f40001e0078009e00900080804000c0
:10b31c0050da2000104078000041eb00c8ce02004b
:10b32c00010000001e0f40001e0078009e009000df
:10b33c000080400071992a007afa02000100000096
:10b34c001e0f40001e0078009e0090000080400000
:10b35c0080007800001721000fff07000080fb0021
:10b36c001e0f40001e0090000080fa000000060036
:10b37c001200fa0070079800010f98000040eb00d3
:10b38c00004f7800a0c5b300004f78006400470060
:10b39c003300200000017800d1992a007e00900033
:10b3ac00293d07000000e000600032004e40900094
:10b3bc000000fb006101b900f0fb2f00f1ff2f0032
:10b3cc00020040008380480032012000030020006e
:10b3dc00820f5000838f580054003e000060010023
:10b3ec00130037003f003700470037004f0037008d
:10b3fc002a003700170037000d0037004b003700cc
:10b40c002600370049003700480037004700370056
:10b41c00460037004500370017003700160037008c
:10b42c00420037004100370040003700240037004d
:10b43c00c3122000320620008040eb00209a2a0024
:10b44c0060dc020000000000ce409000014f78004c
:10b45c0036003700c3122000320620008040eb007b
:10b46c00c09a2a0060dc020000000000ce40900070
:10b47c00014f78002d003700c31220003206200047
:10b48c008040eb00609b2a0060dc020000000000a2
:10b49c00ce409000014f780024003700c3122000ea
:10b4ac00320620008040eb00009c2a0060dc020089
:10b4bc0000000000ce409000014f78001b003700c8
:10b4cc00c3122000320620008040eb00a09c2a0012
:10b4dc0060dc020000000000ce409000014f7800bc
:10b4ec0012003700c3122000320620008040eb000f
:10b4fc00409d2a0060dc020000000000ce4090005d
:10b50c00014f780009003700c312200032062000da
:10b51c008040eb00e09d2a0060dc0200000000008f
:10b52c00ce409000014f780000000000a19e2a0040
:10b53c00f0b320007afa0200010000001007980016
:10b54c00f1b320001e009000008040001e487800df
:10b55c001e0090000000e80010079800f1b32000d6
:10b56c001e009000008040008040eb0001487800f5
:10b57c000080fa00000006001e00fa00881f780008
:10b58c00500f9800610f98006400470033002000b2
:10b59c0000017800919f2a005e089000aa3c0700e9
:10b5ac000000e0000600320064004700e8cb020017
:10b5bc00010000004175220080487800030037002c
:10b5cc004075220021c0b30001487800407522006c
:10b5dc0090407800c0c3b30080cf50000300360009
:10b5ec0040752200a1c0b3000148780064004700f8
:10b5fc003300200000017800d19f2a005e089000e3
:10b60c00913c07000000e000050032004e40900025
:10b61c008040780050752200014878000300370004
:10b62c00507522008040eb000148780078004700fc
:10b63c000001780031a02a005e089000ecfb0200ab
:10b64c00010000000000e000490032004e089000ac
:10b65c0064004000400f98000000eb0010079800b9
:10b66c000f0037004e089000de089000008040006c
:10b67c001040780080407800b27222001e009000ca
:10b68c0000004100014878004e0890000000e800de
:10b69c00400f98001e0090000000e8001007980072
:10b6ac009e00900070022000808f500012003c0021
:10b6bc004e089000de08900000804000104078009a
:10b6cc00ea4f50000c0032004e089000de0890004b
:10b6dc000080400010407800ed4f50000600320012
:10b6ec004e089000de08900000804000104078006a
:10b6fc000004e000dbff3a00b17222001e00900053
:10b70c00008040008040eb00014878001e00900053
:10b71c000000e0000b0032003aff020001000000c4
:10b72c0080a02a00d6fe020001000000b0722200a8
:10b73c0008ff02000100000070912a00d6fe0200f2
:10b74c00010000006e0890000000e00004003a00c8
:10b75c00607522008040eb0001487800040037003f
:10b76c00ee08900060752200e40502000000000065
:10b77c0064004700430020000001780041a12a002a
:10b78c005e089000303c07000000e000140032001e
:10b79c006e0890000000e00011003a0064004700c1
:10b7ac008ed0020001000000d09888003aff020001
:10b7bc0001000000d198800064004700811f7800d0
:10b7cc00f1a12a00811f7800bc04020000000000d7
:10b7dc00e487570064004700d6fe02000100000019
:10b7ec00640047003300200000017800a1a22a0069
:10b7fc005e089000143c07000000e0004600320098
:10b80c00ce40900010c3b30080cf500013003a001c
:10b81c006e0890000000e00008003a003aff0200b9
:10b82c000100000020a32a00d6fe02000100000047
:10b83c00b00e2000d098880008003700f0282200b5
:10b84c0011c0b300014878003aff0200010000006b
:10b85c0010a52a00d6fe020001000000ce40900088
:10b86c0020c3b30080cf500013003a006e08900044
:10b87c000000e00008003a003aff0200010000005e
:10b88c0020a72a00d6fe0200010000008011200033
:10b89c00d098880008003700f028220021c0b3009f
:10b8ac00014878003aff02000100000070a92a004c
:10b8bc00d6fe020001000000ce409000a0c5b300ef
:10b8cc0080cf500014003a006e0890000000e00099
:10b8dc0009003a003aff02000100000030ac2a00d7
:10b8ec00d6fe0200010000005080200011c0b30001
:10b8fc000148780008003700f0282200a1c5b300e9
:10b90c00014878003aff020001000000d0ad2a0087
:10b91c00d6fe020001000000640047003300200046
:10b92c000001780021b02a005e089000c63b070099
:10b93c000000e00009003200ce40900010c3b300bc
:10b94c0080cf500005003a00d02a210011c0b3006e
:10b95c0001487800b0762100707e880064004700b2
:10b96c003300200000017800a1b02a005e0890008e
:10b97c00b53b07000000e0001800320064004700ef
:10b98c00e8cb020001000000e106210080487800ad
:10b99c00e0062100104078000004e00004003200b2
:10b9ac00e006210010407800f44f500003003600f0
:10b9bc00e006210051c0b3000148780085f1220057
:10b9cc00a4f12200e306210012c0b300c103200041
:10b9dc0000cab3000eb7020001000000640047006b
:10b9ec003300200000017800f1b02a005e089000be
:10b9fc00953b07000000e00018003200640047008f
:10ba0c00e8cb020001000000f1062100804878001c
:10ba1c00f0062100104078000004e0000400320021
:10ba2c00f006210010407800e64f4000030036007d
:10ba3c00f006210001c5b3000148780085f1220011
:10ba4c00a4f12200f306210012c0b300d1032000a0
:10ba5c0000cab3000eb702000100000085f12200fd
:10ba6c00a4f12200e306210012c0b300c1032000a0
:10ba7c0000cab3001eb802000100000085f12200cc
:10ba8c00a4f12200f306210012c0b300d103200060
:10ba9c0000cab3001eb80200010000006400470099
:10baac00930020000001780041b12a005e0890004c
:10babc00653b07000000e0000a003200e0062100b0
:10bacc001044780064004700a4ce0200010000007e
:10badc0080407800640047000841780062e1020071
:10baec0001000000640047001300200000017800f2
:10bafc00a1b12a005e089000533b07000000e00053
:10bb0c001a003200ce40900010c3b30080cf50001a
:10bb1c000f003a00d1988000800c20000080680053
:10bb2c0000f0a7000000ea000000e9004f00de0072
:10bb3c0080407800708020000148780060802000f0
:10bb4c0011c0b30001487800501f2000d098880025
:10bb5c00ce40900000c3b30080cf500003003a00e9
:10bb6c00608020008040eb0001487800f0b320009a
:10bb7c008040eb000148780064004700330020004f
:10bb8c0000017800f1b12a005e0890002e3b0700fe
:10bb9c000000e000dd003200ce40900010c3b30086
:10bbac0080cf5000d9003a0051b22a00f0b32000e7
:10bbbc007afa020001000000000f78002047810093
:10bbcc00610060000000e000080032009e00780078
:10bbdc00f0b320000080400011902a007afa020095
:10bbec00010000001e0f4000070037009e00780087
:10bbfc00f0b320000080400031902a007afa020055
:10bc0c00010000001e0f40009e007800f0b32000e1
:10bc1c000080400061b32a007afa020001000000a3
:10bc2c001e0f400020478100620060000000e00011
:10bc3c00080032009e007800f0b320000080400025
:10bc4c0011902a007afa0200010000001e0f400039
:10bc5c00070037009e007800f0b320000080400001
:10bc6c0031902a007afa0200010000001e0f4000f9
:10bc7c009e007800f0b320000080400021b42a0020
:10bc8c007afa0200010000001e0f4000f01f810034
:10bc9c00e30f500026003200e30f500005003e0079
:10bcac00e10f500012003200e10f500018003e006e
:10bcbc0007003700e50f50002d003200e50f500053
:10bccc0023003900e60f50003100320038003700f5
:10bcdc009e007800f0b3200000804000c1b42a0020
:10bcec007afa0200010000001e0f400038003700f5
:10bcfc009e007800f0b320000080400041b52a007f
:10bd0c007afa0200010000001e0f400030003700dc
:10bd1c009e007800f0b3200000804000a1b52a00fe
:10bd2c007afa0200010000001e0f400028003700c4
:10bd3c009e007800f0b320000080400011b62a006d
:10bd4c007afa0200010000001e0f400020003700ac
:10bd5c009e007800f0b320000080400061b62a00fd
:10bd6c007afa0200010000001e0f40001800370094
:10bd7c009e007800f0b320000080400001b72a003c
:10bd8c007afa0200010000001e0f4000100037007c
:10bd9c009e007800f0b320000080400061b72a00bc
:10bdac007afa0200010000001e0f40000800370064
:10bdbc009e007800f0b3200000804000c1b72a003c
:10bdcc007afa0200010000001e0f40000000000083
:10bddc009e007800f0b320000080400001b82a00db
:10bdec007afa0200010000001e0f40009e0078004d
:10bdfc00f0b3200080804000707e8000facc0200fe
:10be0c00010000001e0f40009e007800f0b32000df
:10be1c000080400091b82a007afa0200010000006c
:10be2c001e0f40009e007800f0b320008080400080
:10be3c00507e8000facc0200010000001e0f400072
:10be4c009e007800f0b320000080400011b92a0059
:10be5c007afa0200010000001e0f40009e007800dc
:10be6c00f0b3200080804000607e8000facc02009d
:10be7c00010000001e0f40009e007800f0b320006f
:10be8c000080400091b92a007afa020001000000fb
:10be9c001e0f40009e007800f0b320008080400010
:10beac00407e8000facc0200010000001e0f400012
:10bebc009e007800f0b320000080400001ba2a00f8
:10becc007afa0200010000001e0f40009e0078006c
:10bedc00f0b320000080400041ba2a007afa020038
:10beec00010000001e0f40009e007800f0b32000ff
:10befc008080400060fc2000104078000041eb0086
:10bf0c00c8ce0200010000001e0f40006400470074
:10bf1c003300200000017800c1ba2a005e089000ae
:10bf2c00493a07000000e00007003200ce409000c4
:10bf3c0010c3b30080cf500003003a00d03d810005
:10bf4c000020a000d03d8900640047003300200091
:10bf5c000001780081bb2a005e0890003a3a070085
:10bf6c000000e00011003200ce40900010c3b3007e
:10bf7c0080cf50000a003a0011c0b30010c0b300cb
:10bf8c00f7f80700b0ef20008040eb000148780084
:10bf9c0050fc20008040eb00014878000300370083
:10bfac008040eb0010c0b300edf80700f0b32000a8
:10bfbc00104078000004e0004b003a0001bc2a005d
:10bfcc00f0b320007afa020001000000000f7800a4
:10bfdc00e0d82000104078000080fb006100600079
:10bfec00004078000004e000080032009e00780059
:10bffc00f0b320000080400011902a007afa020071
:10c00c00010000001e0f4000070037009e00780062
:10c01c00f0b320000080400031902a007afa020030
:10c02c00010000001e0f40009e007800f0b32000bd
:10c03c0000804000f1bc2a007afa020001000000e6
:10c04c001e0f40009e007800f0b32000808040005e
:10c05c00e00621001040780012c0b300c8ce0200e8
:10c06c00010000001e0f40009e007800f0b320007d
:10c07c000080400051bd2a007afa02000100000045
:10c08c001e0f40009e007800f0b32000808040001e
:10c09c00f00621001040780012c0b300c8ce020098
:10c0ac00010000001e0f40009e007800f0b320003d
:10c0bc0000804000b1bd2a007afa020001000000a5
:10c0cc001e0f40009e007800f0b3200080804000de
:10c0dc00608020001040780012c0b300c8ce02006f
:10c0ec00010000001e0f40004f0478000080fa0091
:10c0fc00000006000600fa001007980021079800bf
:10c10c0011be2a00f0b320007afa020001000000f0
:10c11c00000f78009e007800f0b320008080400073
:10c12c0060b120001040780012c0b300c8ce0200ed
:10c13c00010000001e0f40000080fa000000060005
:10c14c000600fa001007980021079800b1be2a00db
:10c15c00f0b320007afa020001000000000f780012
:10c16c00007b22001040780080407800f0b3200063
:10c17c001e004000014878001e0fe8009e00780069
:10c18c00f0b3200000804000c1bf2a007afa020000
:10c19c00010000001e0f4000017722001e017800f4
:10c1ac00f0b32000000041007afa02000100000008
:10c1bc001e0f40009e007800f0b32000008040006d
:10c1cc0031c02a007afa0200010000001e0f400064
:10c1dc009e007800f0b320000080400021992a00d6
:10c1ec007afa0200010000001e0f40009e00780049
:10c1fc00f0b320008080400050da2000104078001e
:10c20c000041eb00c8ce0200010000001e0f4000f0
:10c21c000080fa00000006001c00fa00400f980095
:10c22c00510f980063004700330020000001780094
:10c23c0051c02a004e089000833907000000e0002e
:10c24c002600320063004700e8cb0200010000002a
:10c25c0020479800002b210010407800ae40900041
:10c26c0080cf50001d003200002b2100ae4090000a
:10c27c000148780085f12200a4f12200032b210053
:10c28c0012c0b300e103200000cab3000eb70200d5
:10c29c000100000085f12200a4f12200032b2100f3
:10c2ac0012c0b300e103200000cab3001eb80200a4
:10c2bc0001000000002b2100104078000080fb00e2
:10c2cc00610060000000e00004003a0011c0b300ff
:10c2dc0000012000f245020001000000630047004d
:10c2ec003300200000017800a1c02a004e08900005
:10c2fc00553907000000e0002400320063004700bd
:10c30c00e8cb02000100000020479800102b210010
:10c31c0010407800ae40900080cf50001b003200df
:10c32c00102b2100ae40900001487800102b21000a
:10c33c009040780040c6b30080cf50000300360018
:10c34c00102b2100c1c3b3000148780085f12200f5
:10c35c00a4f12200132b210012c0b300f103200022
:10c36c0000cab3000eb702000100000085f12200e4
:10c37c00a4f12200132b210012c0b300f103200002
:10c38c0000cab3001eb802000100000063004700a1
:10c39c00230020000001780001c12a004e08900003
:10c3ac00293907000000e0002a0032006300470032
:10c3bc00e8cb020001000000204798002e409000be
:10c3cc00e14f50000a003a00002b21001040780089
:10c3dc00804078000154a000002b21000148780017
:10c3ec000040eb0022e102000100000009003700d0
:10c3fc00002b210010407800804078000154a100ef
:10c40c00002b21000148780010c0b30022e102008b
:10c41c000100000085f12200a4f12200032b210071
:10c42c0012c0b300e103200000cab3000eb7020033
:10c43c000100000085f12200a4f12200032b210051
:10c44c0012c0b300e103200000cab3001eb8020002
:10c45c000100000063004700230020000001780069
:10c46c00a1c12a004e089000f73807000000e00038
:10c47c002400320063004700e8cb020001000000fa
:10c48c00204798002e409000e14f500007003a00e2
:10c49c00002b210010407800804078000164a0003f
:10c4ac00002b21000148780006003700002b2100ea
:10c4bc0010407800804078000164a100002b21001e
:10c4cc000148780085f12200a4f12200032b210001
:10c4dc0012c0b300e103200000cab3000eb7020083
:10c4ec000100000085f12200a4f12200032b2100a1
:10c4fc0012c0b300e103200000cab3001eb8020052
:10c50c000100000061c22a00f0b320007afa020098
:10c51c0001000000000f78009e007800f0b32000ae
:10c52c000080400001c32a007afa020001000000da
:10c53c001e0f40009e007800f0b320008080400069
:10c54c00002b21001040780012c0b300c8ce0200ae
:10c55c00010000001e0f40009e007800f0b3200088
:10c56c000080400061c32a007afa0200010000003a
:10c57c001e0f40009e007800f0b320008080400029
:10c58c00102b21001040780012c0b300c8ce02005e
:10c59c00010000001e0f4000002b2100104078000d
:10c5ac008080fb0000022000008060000000e000a2
:10c5bc00080032009e007800f0b32000008040009c
:10c5cc00d1c32a007afa0200010000001e0f4000bd
:10c5dc00070037009e007800f0b320000080400078
:10c5ec0091c42a007afa0200010000001e0f4000dc
:10c5fc00002b2100104078008080fb0000042000fc
:10c60c00008060000000e000080032009e0078000e
:10c61c00f0b320000080400051c52a007afa0200d5
:10c62c00010000001e0f4000070037009e0078003c
:10c63c00f0b320000080400031c62a007afa0200d4
:10c64c00010000001e0f4000f0b320001e0040004f
:10c65c008040eb00014878000080fa0000000600e2
:10c66c008000fa00889fbe008a9fbe00603f980041
:10c67c00713f98000e80e800330020000001780024
:10c68c0011c72a006e3890006f3807000000e000d8
:10c69c000e0032000e80e8008ed002000100000077
:10c6ac0080407800b02e21000148780085f12200ee
:10c6bc00a4f12200b32e210012c0b30001382000d7
:10c6cc0000cab3000eb702000100000085f1220081
:10c6dc00a4f12200b32e210012c0b30001382000b7
:10c6ec0000cab3001eb80200010000000e80e80072
:10c6fc00330020000001780071c72a006e389000ca
:10c70c00513807000000e0000e0032000e80e800f7
:10c71c008ed002000100000080407800a02e210085
:10c72c000148780085f12200a4f12200a32e2100fb
:10c73c0012c0b3001138200000cab3000eb70200bb
:10c74c000100000085f12200a4f12200a32e21009b
:10c75c0012c0b3001138200000cab3001eb802008a
:10c76c00010000000e80e80043002000000178006a
:10c77c00d1c72a006e389000333807000000e00063
:10c78c000e0032000e80e8008ed002000100000086
:10c79c0080407800c02e21000148780085f12200ed
:10c7ac00a4f12200c32e210012c0b30021382000b6
:10c7bc0000cab3000eb702000100000085f1220090
:10c7cc00a4f12200c32e210012c0b3002138200096
:10c7dc0000cab3001eb80200010000000e80e80081
:10c7ec00430020000001780031c82a006e38900008
:10c7fc00153807000000e0000e0032000e80e80043
:10c80c008ed002000100000080407800d02e210064
:10c81c000148780085f12200a4f12200d32e2100da
:10c82c0012c0b3003138200000cab3000eb70200aa
:10c83c000100000085f12200a4f12200d32e21007a
:10c84c0012c0b3003138200000cab3001eb8020079
:10c85c00010000000e80e800430020000001780079
:10c86c0091c82a006e389000f73707000000e000ee
:10c87c000e0032000e80e8008ed002000100000095
:10c88c0080407800e02e21000148780085f12200dc
:10c89c00a4f12200e32e210012c0b3004138200085
:10c8ac0000cab3000eb702000100000085f122009f
:10c8bc00a4f12200e32e210012c0b3004138200065
:10c8cc0000cab3001eb80200010000000e80e80090
:10c8dc004300200000017800f1c82a006e38900057
:10c8ec00d93707000000e0000e0032000e80e8008f
:10c8fc008ed002000100000080407800f02e210054
:10c90c000148780085f12200a4f12200f32e2100c9
:10c91c0012c0b3005138200000cab3000eb7020099
:10c92c000100000085f12200a4f12200f32e210069
:10c93c0012c0b3005138200000cab3001eb8020068
:10c94c0001000000f02e2100104078008085fb00d3
:10c95c00e02e2100104078000085fb00d02e210035
:10c96c00104078008084fb00c02e2100104078001d
:10c97c000084fb00a02e2100104078008083fb0077
:10c98c00b02e2100104078000083fb00202f2100e6
:10c99c00104078008082fb00102f2100104078009e
:10c9ac000082fb00002f2100104078008081fb00ea
:10c9bc0050da2000104078000001fb00602e2100ae
:10c9cc00104078008080fb000e80e8008b1f780000
:10c9dc008a1f7800891f7800881f7800871f7800cd
:10c9ec00861f7800851f7800841f7800831f7800cd
:10c9fc00821f7800811f780051c92a00811f78009e
:10ca0c00bc04020000000000f88757000e80e8000c
:10ca1c0080007800f0b320007afa020001000000d8
:10ca2c00000f7800f0b320001e0040008040eb00a7
:10ca3c00014878004f05be004f04be000080fa008c
:10ca4c00000006000800fa00200798003107980043
:10ca5c000e80e800130020000001780001d12a00ac
:10ca6c002e009000783707000000e0000b00320029
:10ca7c00ae40900000c3b30080cf500004003a00d9
:10ca8c00a0d520008040eb0001487800030037005f
:10ca9c00a0d52000e1c1b3000148780051d12a0093
:10caac00f0b320007afa020001000000000f7800b9
:10cabc00a0358000620060000000e000050032003c
:10cacc00f0b320001e00400011c3b30001487800f1
:10cadc0004003700f0b320001e00400001c3b30077
:10caec00014878001e0fe800f0b320001e00400043
:10cafc008040eb00014878000080fa00000006003e
:10cb0c000800fa0020079800310798000000eb009d
:10cb1c0010079800f30120000240220021d22a00c5
:10cb2c002e009000483707000000e000160032008d
:10cb3c0000402200a4ce020001000000000f78008b
:10cb4c0005003700004022001e0040008040eb0032
:10cb5c00014878001e0fe8001e007800ff0f5000ff
:10cb6c00f8ff34000040220085f12200a4f12200dd
:10cb7c008001780002c2b300414c200000cab3000f
:10cb8c000eb70200010000000040220085f12200d7
:10cb9c00a4f122008001780002c2b300414c2000b5
:10cbac0000cab3001eb8020001000000f0412200d0
:10cbbc008040eb000148780071d22a00f0b32000cd
:10cbcc007afa0200010000009e00900000804000f4
:10cbdc00100798009e009000f0b3200000804000e9
:10cbec00014022007afa0200010000009e00900031
:10cbfc0000804000100798001e0090000000e80024
:10cc0c0010079800f1b320001e0090000080400037
:10cc1c008040eb00014878000080fa00000006001c
:10cc2c002400fa0000179800111798000040eb0040
:10cc3c00004f78007e0047000001780021d32a00c5
:10cc4c000e109000ecfb0200010000000000e00060
:10cc5c000300320010c0b3002047980002003700d8
:10cc6c000040eb0020479800630047003300200091
:10cc7c0000017800a1d32a000e109000f2360700b4
:10cc8c000000e0000500320063004700e8cb020022
:10cc9c0001000000004f780002003700c0c3b30051
:10ccac00004f78006300470013002000000178005b
:10ccbc00f1d32a000e109000e33607000000e000cc
:10cccc000500320063004700e8cb020001000000c1
:10ccdc0010479800020037000040eb001047980006
:10ccec0063004700930120000001780041d42a0022
:10ccfc000e109000d43607000000e00065003200f2
:10cd0c0063004700ae43900026c0b3008042eb00a6
:10cd1c000042eb009e4190001e4178008040eb00e9
:10cd2c00409102000100000091d42a00f0b32000d1
:10cd3c007afa020001000000700f98007e08900043
:10cd4c0080007800f0b3200000804000e300470032
:10cd5c007afa020001000000fe0890000100400079
:10cd6c00700f98007e08900080007800f0b32000cf
:10cd7c000080400061d52a007afa02000100000010
:10cd8c00fe08900001004000700f98007e08900093
:10cd9c0080007800f0b320000080400012c0b30087
:10cdac00800078001e407800c8ce02000100000010
:10cdbc00fe08900001004000700f98007e08900063
:10cdcc0080007800f0b3200000804000c1d52a001c
:10cddc007afa020001000000fe08900001004000f9
:10cdec00700f98007e08900080007800f0b320004f
:10cdfc000080400012c0b300800078001e409000fc
:10ce0c00c8ce020001000000fe08900001004000a6
:10ce1c00700f98007e08900080007800f0b320001e
:10ce2c000080400021d62a007afa0200010000009e
:10ce3c00fe08900001004000700f98007e089000e2
:10ce4c0080007800f0b320000080400012c0b300d6
:10ce5c00800078002e409000c8ce02000100000037
:10ce6c00fe08900001004000700f98007e089000b2
:10ce7c0080007800f0b3200000804000a1d62a008a
:10ce8c007afa020001000000fe0890000100400048
:10ce9c00700f98000080fa00000006000c00fa00e9
:10ceac0040079800510798000040eb00004f7800b5
:10cebc000040eb001047980064004700230020005e
:10cecc000001780011d72a004e0090005e36070052
:10cedc000000e00006003200ce40900010c3b3000a
:10ceec0080cf500002003a0010c0b30010479800e9
:10cefc0064004700230020000001780041d72a007d
:10cf0c004e009000503607000000e000090032008f
:10cf1c0064004700e8cb020001000000004f7800dd
:10cf2c009e4090001e407800640102000200000048
:10cf3c00004f780071d72a00f0b320007afa020073
:10cf4c0001000000100798009e009000f0b3200034
:10cf5c00008040000041eb00800078001e4078000b
:10cf6c00c8ce0200010000009e009000008040002e
:10cf7c00100798000080fa00000006002600fa0056
:10cf8c001017980021179800660047002300200016
:10cf9c000001780001d82a001e1090002a360700e4
:10cfac000000e0008e01320066004700e8cb020072
:10cfbc0001000000304798003e409000e94f5000bf
:10cfcc0087013e003e4090000080fb002007980047
:10cfdc002e0090004600dd00200798002e009000e7
:10cfec001004b000200798006600470013002000d2
:10cffc000001780041d82a001e109000123607005c
:10d00c000000e0004e003200ee40900010c3b30070
:10d01c0080cf50004a003a0066004700a201200071
:10d02c008000eb00f204020000000000e600470064
:10d03c002e0090006300400085f12200a4f1220034
:10d04c0081017800f2c0b3008000780000cab30000
:10d05c000eb7020001000000e60047002e00900011
:10d06c007200400085f12200a4f1220081017800b9
:10d07c00f2c0b3008000780000cab3000eb7020003
:10d08c000100000066004700a20120008000eb00b8
:10d09c00f204020000000000e60047002e009000a1
:10d0ac000000e80085f12200a4f122008101780043
:10d0bc0012c0b3008000780000cab3000eb70200a3
:10d0cc0001000000e60047002e0090001002b000a6
:10d0dc0085f12200a4f1220081017800c2c0b300c6
:10d0ec008000780000cab3000eb7020001000000f7
:10d0fc00e60047002e0090000080e80085f1220039
:10d10c00a4f122008101780012c0b30080007800e5
:10d11c0000cab3000eb70200010000006600470011
:10d12c0085f12200a4f122008001780012c0b30026
:10d13c00ae00900000cab3000eb702000100000060
:10d14c00660047009301200000017800b18d2a0091
:10d15c001e109000bc3507000000e00013003200e8
:10d16c00ee409000a0c5b30080cf500005003a00ff
:10d17c0066004700a20120008000eb00f2040200d0
:10d18c0000000000e60047002e0090006300400005
:10d19c0084f12200a3f122000101780080007800c4
:10d1ac0000cab30080f902000100000066004700cd
:10d1bc009301200000017800118e2a001e109000af
:10d1cc00a13507000000e00013003200ee40900093
:10d1dc00a0c5b30080cf500005003a0066004700a0
:10d1ec00a20120008000eb00f2040200000000000d
:10d1fc00e60047002e0090007200400084f12200ef
:10d20c00a3f12200010178008000780000cab3006d
:10d21c0080f9020001000000660047003300200086
:10d22c0000017800d18e2a001e1090008635070070
:10d23c000000e0001000320066004700e8cb02005e
:10d24c0001000000006798002e0090000000e8002c
:10d25c00010220008e80400085f12200a4f1220002
:10d26c008101780012c0b3008000780000cab300be
:10d27c000eb702000100000066004700c30020004a
:10d28c0000017800918e2a001e1090006e35070068
:10d29c000000e00014003200ee409000a0c5b30086
:10d2ac0080cf500005003a0066004700a201200024
:10d2bc008000eb00f204020000000000e6004700d2
:10d2cc002e0090001002b00085f12200a4f1220083
:10d2dc0081017800c2c0b3008000780000cab3009e
:10d2ec000eb702000100000066004700330020006a
:10d2fc0000017800518e2a001e1090005235070054
:10d30c000000e0001000320066004700e8cb02008d
:10d31c0001000000006798002e0090000080e800db
:10d32c00010220008e80400085f12200a4f1220031
:10d33c008101780012c0b3008000780000cab300ed
:10d34c000eb70200010000000040eb00004f780017
:10d35c000040eb0010479800660047004300200097
:10d36c0000017800b18c2a001e10900036350700a1
:10d37c000000e0002c0032000040eb002047980039
:10d38c00260037002e4090000080fb000000470074
:10d39c00604090000000fb0001032000810f500052
:10d3ac000600320011032000810f50000c003200e7
:10d3bc000000e00013003200150037002e409000f2
:10d3cc000080fb00210020000008dd008040780078
:10d3dc001e40900000c07000104798000c003700f1
:10d3ec002e4090000080fb00210020000008dd0092
:10d3fc00804078001e40780000c07000004f78001c
:10d40c000300370040c0b300204798000000000024
:10d41c002e4090000040e800204798002e409000dd
:10d42c00e34f5000d7ff3600660047001300200082
:10d43c0000017800f18c2a001e10900002350700c4
:10d44c000000e0000f0032006e4090000000fb0076
:10d45c0001032000810f5000040032001103200052
:10d46c00810f500005003200060037001e4090006e
:10d47c000054a00010479800020037001e54a00072
:10d48c000000000066004700130020000001780037
:10d49c00318d2a001e109000eb3407000000e000d4
:10d4ac000f0032006e4090000000fb0001032000d2
:10d4bc00810f50000400320011032000810f500036
:10d4cc0005003200060037001e4090000004a0004a
:10d4dc0010479800020037001e04a0000000000056
:10d4ec00660047001300200000017800718d2a00af
:10d4fc001e109000d43407000000e0000f00320032
:10d50c006e4090000000fb0001032000810f5000d2
:10d51c000400320011032000810f5000050032007e
:10d52c00060037001e4090000064a00010479800d1
:10d53c00020037001e64a000000000001e407800ae
:10d54c000004e00003003a001e4090000004e000dc
:10d55c00210032006600470085f12200a4f1220070
:10d56c008001780012c0b300ae00900000cab30076
:10d57c001eb80200010000006e4090007047980039
:10d58c00ee4090001e40780000c07000604798008c
:10d59c00ee4090001e40900000c0ea0000c0600009
:10d5ac0060479800fe4090006e40900080cf500085
:10d5bc00090032006600470085f12200a4f1220028
:10d5cc008001780012c0b300ae00900000cab30016
:10d5dc000eb70200010000003e4090009ff30700d0
:10d5ec000080fa00000006005000fa006027980046
:10d5fc00712798004300200002fe2000c1d82a00a9
:10d60c006e209000903407000000e0000e00320005
:10d61c0000fe2000e8cb02000100000020cf9800a3
:10d62c00a00420000e00400085f12200a4f122008d
:10d63c008001780012c0b300d101200000cab300f1
:10d64c000eb7020001000000a00420000e004000f4
:10d65c0085f12200a4f122008001780012c0b300f1
:10d66c00d101200000cab3001eb802000100000066
:10d67c002ec890000080fb00b06a8800b16a800060
:10d68c00c00320000088b90000007800b06a880050
:10d69c003300200002fe200011d92a006e209000d9
:10d6ac00693407000000e0000b00320000fe20008f
:10d6bc009040780010c3b30000c068000080fb00ed
:10d6cc000000e9004f00de00004078008040780048
:10d6dc0000c8b30022f307003300200002fe200034
:10d6ec0061d92a006e209000573407000000e0003a
:10d6fc000b00320000fe20009040780010c3b300f5
:10d70c0000c068000080fb000000e9004f00de0054
:10d71c00004078008040780000c2b30010f307008e
:10d72c005300200002fe2000b1d92a006e20900088
:10d73c00453407000000e0001b00320000fe200012
:10d74c008ed002000100000040279800ce209000ef
:10d75c0050668100808f500013003200800420003e
:10d76c000e00400085f12200a4f122008001780017
:10d77c0022c0b300512f200000cab3000eb7020024
:10d78c0001000000a0cc220085f12200a4f12200af
:10d79c008001780022c0b300512f200000cab300d2
:10d7ac001eb80200010000003300200002fe200021
:10d7bc0011da2a006e209000233407000000e000ec
:10d7cc001500320000fe2000e8cb02000100000032
:10d7dc00c1cc22008048780085f12200a4f12200ff
:10d7ec00c3cc220012c0b300712f200000cab300ba
:10d7fc000eb702000100000085f12200a4f1220006
:10d80c00c3cc220012c0b300712f200000cab30099
:10d81c001eb80200010000003300200002fe2000b0
:10d82c0071da2a006e209000073407000000e00037
:10d83c001500320000fe2000e8cb020001000000c1
:10d84c00d1cc22008048780085f12200a4f122007e
:10d85c00d3cc220012c0b300812f200000cab30029
:10d86c000eb702000100000085f12200a4f1220095
:10d87c00d3cc220012c0b300812f200000cab30009
:10d88c001eb80200010000003300200002fe200040
:10d89c00d1da2a006e209000eb3307000000e00084
:10d8ac001500320000fe2000e8cb02000100000051
:10d8bc00e1cc22008048780085f12200a4f12200fe
:10d8cc00e3cc220012c0b300912f200000cab30099
:10d8dc000eb702000100000085f12200a4f1220025
:10d8ec00e3cc220012c0b300912f200000cab30079
:10d8fc001eb80200010000003300200002fe2000d0
:10d90c0031db2a006e209000cf3307000000e000ce
:10d91c001500320000fe2000e8cb020001000000e0
:10d92c00f1cc22008048780085f12200a4f122007d
:10d93c00f3cc220012c0b300a12f200000cab30008
:10d94c000eb702000100000085f12200a4f12200b4
:10d95c00f3cc220012c0b300a12f200000cab300e8
:10d96c001eb80200010000003300200002fe20005f
:10d97c0091db2a006e209000b33307000000e0001a
:10d98c001300320000fe2000e8cb02000100000072
:10d99c0070c798007ec09000e44f500002003e001b
:10d9ac00e0c1b30070c79800700420000e00400066
:10d9bc0085f12200a4f122008001780012c0b3008e
:10d9cc006103200000cab3000eb702000100000082
:10d9dc00e00320000e0040005300200000017800fe
:10d9ec00d1db2a006e209000973307000000e00086
:10d9fc0028003200e00320000e00400010079800c1
:10da0c000040eb0060c79800600420000e0040004e
:10da1c0080017800c2dc2000a1c3b3001e0090007e
:10da2c00a6fc0200010000000000e000190032001a
:10da3c006ec090000000fb000000e8009e0090000b
:10da4c000080400010079800600420000e00400089
:10da5c0080017800d2dc200001c2b3001e009000cf
:10da6c00a6fc0200010000000000e00009003200ea
:10da7c00c0dc200085f12200a4f122008001780096
:10da8c0022c0b300b101200000cab3000eb70200df
:10da9c00010000000000eb0020079800330020007c
:10daac0002fe200021dc2a006e2090006633070065
:10dabc000000e0001600320000fe2000e8cb02005f
:10dacc000100000031d720008048780030d72000ba
:10dadc009040780020d720001040780080cf500074
:10daec000300310030d7200001c1b3000148780099
:10dafc0085f12200a4f1220033d7200012c0b3001c
:10db0c004141200000cab3000eb702000100000022
:10db1c0085f12200a4f1220033d7200012c0b300fb
:10db2c004141200000cab3001eb8020001000000f1
:10db3c003300200002fe200081dc2a006e209000c1
:10db4c00413307000000e0001600320000fe200008
:10db5c00e8cb02000100000021d7200080487800ab
:10db6c0020d720009040780030d72000104078005b
:10db7c0080cf50000300360020d72000a1c0b30096
:10db8c000148780085f12200a4f1220023d720005f
:10db9c0012c0b3003141200000cab3000eb702001e
:10dbac000100000085f12200a4f1220023d72000ff
:10dbbc0012c0b3003141200000cab3001eb80200ed
:10dbcc0001000000c0dc200085f12200a4f122003d
:10dbdc008001780022c0b300b101200000cab3005c
:10dbec001eb80200010000004301200002fe2000cc
:10dbfc0021d22a006e209000133307000000e000b1
:10dc0c000900320000fe200085f12200a4f1220060
:10dc1c008001780042c1b3004100200000cab3006b
:10dc2c000eb7020001000000420120008000eb0052
:10dc3c0000fe2000f20402000000000000fe2000a4
:10dc4c0085f12200a4f122008001780042c1b300ca
:10dc5c004100200000cab3001eb802000100000001
:10dc6c0040ff20008040eb0001487800a00320001a
:10dc7c000e004000330020000001780041b12a0062
:10dc8c006e209000f03207000000e0000a00320025
:10dc9c00a00320000e00400085f12200a4f1220018
:10dcac008001780032c0b3008101200000cab300ab
:10dcbc000eb7020001000000a00320000e0040007f
:10dccc00320020008000eb00f20402000000000093
:10dcdc00a00320000e00400085f12200a4f12200d8
:10dcec008001780032c0b3008101200000cab3006b
:10dcfc001eb80200010000000040eb00507f9800ad
:10dd0c00660047009301200000017800e1dc2a0046
:10dd1c006e209000cc3207000000e0003200320090
:10dd2c00000220000e004000920120008000eb0059
:10dd3c00f204020000000000000220000e0040006f
:10dd4c0084f12200a3f1220000017800610220007e
:10dd5c0000cab30012f90200010000000040eb0001
:10dd6c00107f9800e6004700000220000e004000e3
:10dd7c00ce050200000000000000e0001a00320096
:10dd8c006600470084f12200a3f122000001780014
:10dd9c006102200000cab30080f9020001000000fb
:10ddac0010b3200011c0b3000148780040042000db
:10ddbc000e00400031902a007afa020001000000a7
:10ddcc00400420000e00400085f12200a4f1220046
:10dddc008001780012c0b3005103200000cab300c8
:10ddec000eb70200010000006600470092012000ff
:10ddfc008000eb00f2040200000000006600470007
:10de0c0084f12200a3f122000001780061022000bd
:10de1c0000cab30012f90200010000000040eb0040
:10de2c00705f9800400420000e004000220020008b
:10de3c008000eb00f204020000000000400420000f
:10de4c000e00400085f12200a4f122008001780030
:10de5c0012c0b3005103200000cab3001eb8020068
:10de6c00010000000040eb0050c798007004200037
:10de7c000e00400085f12200a4f122008001780000
:10de8c0012c0b3006103200000cab3001eb8020028
:10de9c000100000085f12200a4f1220033d72000fc
:10deac0012c0b3004141200000cab3001eb80200ea
:10debc000100000085f12200a4f1220023d72000ec
:10decc0012c0b3003141200000cab3001eb80200da
:10dedc000100000031dd2a00f0b320007afa0200c4
:10deec0001000000000f78009e007800f0b32000c5
:10defc000080400001fe20007afa020001000000c0
:10df0c001e0f40009e007800f0b3200000804000ff
:10df1c0001de2a007afa0200010000001e0f400008
:10df2c009e007800f0b3200000804000a103200088
:10df3c008e8040007afa0200010000001e0f4000a3
:10df4c009e007800f0b320000080400071de2a00b3
:10df5c007afa0200010000001e0f40009e007800bb
:10df6c00f0b3200080804000c0dc2000104078001e
:10df7c0022c0b300c8ce0200010000001e0f4000fa
:10df8c009e007800f0b3200000804000e1952a004c
:10df9c007afa0200010000001e0f40009e0078007b
:10dfac00f0b3200080804000d0dc200010407800ce
:10dfbc0022c0b300c8ce0200010000001e0f4000ba
:10dfcc009e007800f0b3200000804000d1de2a00d3
:10dfdc007afa0200010000001e0f40009e0078003b
:10dfec00f0b32000808040002ec8900022c0b30007
:10dffc00c8ce0200010000001e0f40009e007800f9
:10e00c00f0b320000080400031df2a007afa0200d1
:10e01c00010000001e0f40009e007800f0b32000ad
:10e02c0000804000e60047007afa02000100000080
:10e03c001e0f40009e007800f0b3200000804000ce
:10e04c0091df2a007afa0200010000001e0f400046
:10e05c009e007800f0b32000808040007ec09000cd
:10e06c000041eb00c8ce0200010000001e0f400072
:10e07c009e007800f0b3200000804000e1df2a0011
:10e08c007afa0200010000001e0f40009e0078008a
:10e09c00f0b3200000804000410420008e8040003e
:10e0ac007afa0200010000001e0f40009e0078006a
:10e0bc00f0b320000080400031e02a007afa020020
:10e0cc00010000001e0f40009e007800f0b32000fd
:10e0dc008080400050668100facc020001000000f4
:10e0ec001e0f40009e007800f0b32000008040001e
:10e0fc00a1e02a007afa0200010000001e0f400085
:10e10c00e0d82000104078000004e00008003d003a
:10e11c009e007800f0b320000080400011902a008f
:10e12c007afa0200010000001e0f400007003700c1
:10e13c009e007800f0b320000080400031902a004f
:10e14c007afa0200010000001e0f40009e007800c9
:10e15c00f0b320000080400001e12a007afa0200ae
:10e16c00010000001e0f40009e007800f0b320005c
:10e17c0080804000c0cc2200104078000041eb00b1
:10e18c00c8ce0200010000001e0f40009e00780067
:10e19c00f0b320000080400071e12a007afa0200fe
:10e1ac00010000001e0f40009e007800f0b320001c
:10e1bc0080804000d0cc2200104078000041eb0061
:10e1cc00c8ce0200010000001e0f40009e00780027
:10e1dc00f0b3200000804000e1e12a007afa02004e
:10e1ec00010000001e0f40009e007800f0b32000dc
:10e1fc0080804000e0cc2200104078000041eb0011
:10e20c00c8ce0200010000001e0f40009e007800e6
:10e21c00f0b320000080400051e22a007afa02009c
:10e22c00010000001e0f40009e007800f0b320009b
:10e23c0080804000f0cc2200104078000041eb00c0
:10e24c00c8ce0200010000001e0f40009e007800a6
:10e25c00f0b3200000804000c1e22a007afa0200ec
:10e26c00010000001e0f4000e0d820001040780094
:10e27c008080fb0000022000008060000000e000b5
:10e28c00080032009e007800f0b3200000804000af
:10e29c0011902a007afa0200010000001e0f4000c3
:10e2ac00070037009e007800f0b32000008040008b
:10e2bc0031902a007afa0200010000001e0f400083
:10e2cc009e007800f0b320000080400021e32a007b
:10e2dc007afa0200010000001e0f40009e00780038
:10e2ec00f0b320008080400030d720001040780030
:10e2fc0022c0b300c8ce0200010000001e0f400077
:10e30c009e007800f0b320000080400091e32a00ca
:10e31c007afa0200010000001e0f40009e007800f7
:10e32c00f0b320008080400020d7200010407800ff
:10e33c0022c0b300c8ce0200010000001e0f400036
:10e34c000080fa00000006000e00fa00500798004a
:10e35c00610798006e0090000000e00013003a0086
:10e36c0064004700430020000001780001e42a000b
:10e37c005e009000343107000000e0000b0032001a
:10e38c000040eb00004f98006400470085f122002c
:10e39c00a4f122008001780042c0b3008000eb00a1
:10e3ac0000cab3000eb70200010000006400470071
:10e3bc00420020008000eb00f2040200000000008c
:10e3cc006400470085f12200a4f12200800178004e
:10e3dc0042c0b3008000eb0000cab3001eb80200bc
:10e3ec00010000000040eb00004f98006400470063
:10e3fc00b5310700004f780051e42a00f0b320003b
:10e40c007afa020001000000100798009e009000ac
:10e41c00f0b3200000804000e40047007afa0200cc
:10e42c00010000009e009000008040001007980042
:10e43c009e009000f0b320000080400021e52a00ef
:10e44c007afa0200010000009e009000008040005b
:10e45c00100798009e009000f0b320000080400050
:10e46c000041eb00800078001e407800c8ce02000e
:10e47c00010000009e0090000080400010079800f2
:10e48c000080fa00000006000a00fa00004f980015
:10e49c000e489000e34f500030003e000e489000b4
:10e4ac000080fb00000f78001e0078006500b900aa
:10e4bc0000007800000f7800504120001e0f400033
:10e4cc000e80e80085f12200a4f122008001780082
:10e4dc0052c0b3009e00780000cab3001eb8020000
:10e4ec00010000000e4890000080fb00ae40900040
:10e4fc00c2db20004200dd00000041000148780032
:10e50c000e4890000080fb00be409000d2db200043
:10e51c004200dd0000004100014878000e489000e8
:10e52c000080fb00ce409000c2db20004200dd00ea
:10e53c00000041000080e800014878000e4890007f
:10e54c000080fb00de409000d2db20004200dd00aa
:10e55c00000041000080e800014878000080fa00cb
:10e56c00000006000400fa00204798002e4090009e
:10e57c00e34f50005e003e002e409000c2ff0700ab
:10e58c0071e52a00f0b320007afa020001000000c5
:10e59c00000f78009e007800f0b3200080804000cf
:10e5ac002e4090000040e8000041eb00c8ce020075
:10e5bc00010000001e0f40009e007800f0b3200008
:10e5cc000080400001e62a007afa020001000000f7
:10e5dc001e0f40009e007800f0b3200080804000a9
:10e5ec002e4090000080fb004200dd00c2db2000ca
:10e5fc00624078000041eb00c8ce02000100000030
:10e60c001e0f40009e007800f0b3200000804000f8
:10e61c00318d2a007afa0200010000001e0f400022
:10e62c009e007800f0b32000808040002e409000c7
:10e63c000080fb004200dd00d2db2000624078004d
:10e64c000041eb00c8ce0200010000001e0f40008c
:10e65c009e007800f0b3200000804000518e2a000c
:10e66c007afa0200010000001e0f40009e007800a4
:10e67c00f0b32000808040002e4090000080fb0012
:10e68c004200dd000080e800c2db20006240780020
:10e69c000041eb00c8ce0200010000001e0f40003c
:10e6ac009e007800f0b3200000804000f18c2a001e
:10e6bc007afa0200010000001e0f40009e00780054
:10e6cc00f0b32000808040002e4090000080fb00c2
:10e6dc004200dd000080e800d2db200062407800c0
:10e6ec000041eb00c8ce0200010000001e0f4000ec
:10e6fc000080fa00000006000e00fa005007980097
:10e70c006107980064004700230020000001780096
:10e71c00118e2a005e0090004b3007000000e000d4
:10e72c008b00320064004700e8cb020001000000bf
:10e73c00004f78001e4078000004e0008400320096
:10e74c001e407800e44f500081003e001e4fe9004f
:10e75c001e80fb00100798001e0090006500b90099
:10e76c0000007800100798009e0090005041200097
:10e77c000080400010079800640047003300200020
:10e78c000001780001e62a005e0090002e300700a0
:10e79c000000e0000d00320064004700e8cb0200ee
:10e7ac0001000000004f98006800470085f122002e
:10e7bc00a4f122008001780012c0b3009e009000ea
:10e7cc0000cab3000eb7020001000000640047004d
:10e7dc003300200000017800318d2a005e0090008b
:10e7ec00193007000000e0000f0032006400470001
:10e7fc00e8cb020001000000004f98001e009000c2
:10e80c000000e800e800470085f12200a4f1220096
:10e81c008101780012c0b3008000780000cab300f8
:10e82c000eb7020001000000640047003300200016
:10e83c0000017800518e2a005e0090000230070023
:10e84c000000e0000f00320064004700e8cb02003b
:10e85c0001000000004f98001e0090000080e800ae
:10e86c00e800470085f12200a4f122008101780024
:10e87c0012c0b3008000780000cab3000eb70200cb
:10e88c000100000064004700330020000001780004
:10e89c00f18c2a005e009000eb2f07000000e000d6
:10e8ac002900320064004700e8cb020001000000a0
:10e8bc00004f98000e489000e14f500010003a00b5
:10e8cc0064004700e8cb020001000000004f9800f4
:10e8dc001e00900063004000e800470085f1220014
:10e8ec00a4f122008101780012c0b30080007800ee
:10e8fc0000cab3000eb7020001000000120037007e
:10e90c000e4890000004e0000f003a00640047003d
:10e91c00e8cb020001000000004f98001e009000a0
:10e92c0063004000e800470085f12200a4f12200ba
:10e93c008101780012c0b3008000780000cab300d7
:10e94c000eb70200010000001e40780005ff070012
:10e95c000080fa00000006000c00fa004007980046
:10e96c00510798000e80e800130020000001780089
:10e97c0041e62a004e009000b32f07000000e00093
:10e98c00140032000e80e800e8cb02000100000009
:10e99c000080fb00000f78009e0078006180600012
:10e9ac00004078000004e000030032006000b80072
:10e9bc0060448900714489009e0078006280600088
:10e9cc000000e000030032006000b800005f890026
:10e9dc00115f89000e80e8003300200000017800f0
:10e9ec0091e62a004e009000972f07000000e000ef
:10e9fc001a0032000e80e800e8cb02000100000093
:10ea0c0060479800ee40900000cd22001040780046
:10ea1c0080cf5000110032006600470085f12200c3
:10ea2c00a4f122008001780012c0b300b12f2000a5
:10ea3c0000cab3000eb702000100000085f12200ed
:10ea4c00a4f1220003cd220012c0b300b12f20008c
:10ea5c0000cab3001eb8020001000000e1e62a0063
:10ea6c00f0b320007afa020001000000000f7800d9
:10ea7c009e007800f0b320000081400060448100cb
:10ea8c0071448100c3c0b3008ccf020001000000b0
:10ea9c001e0f40009e007800f0b320000080400064
:10eaac0011912a007afa0200010000001e0f4000aa
:10eabc009e007800f0b3200000814000005f8100d0
:10eacc00115f8100c3c0b3008ccf020001000000b5
:10eadc001e0f40009e007800f0b320000080400024
:10eaec0091e72a007afa0200010000001e0f400094
:10eafc009e007800f0b32000808040000089220046
:10eb0c00104078000041eb00c8ce0200010000006c
:10eb1c001e0f40009e007800f0b3200000804000e3
:10eb2c00e1e72a007afa0200010000001e0f400003
:10eb3c009e007800f0b320008080400010892200f5
:10eb4c00104078000041eb00c8ce0200010000002c
:10eb5c001e0f40009e007800f0b3200000804000a3
:10eb6c0031e82a007afa0200010000001e0f400072
:10eb7c009e007800f0b320008080400040be220050
:10eb8c00104078000041eb00c8ce020001000000ec
:10eb9c001e0f40009e007800f0b320000080400063
:10ebac0081e82a007afa0200010000001e0f4000e2
:10ebbc009e007800f0b320008080400050be220000
:10ebcc00104078000041eb00c8ce020001000000ac
:10ebdc001e0f40009e007800f0b320000080400023
:10ebec00d1e82a007afa0200010000001e0f400052
:10ebfc009e007800f0b320008080400060be2200b0
:10ec0c00104078000041eb00c8ce0200010000006b
:10ec1c001e0f40009e007800f0b3200000804000e2
:10ec2c0031e92a007afa0200010000001e0f4000b0
:10ec3c009e007800f0b320008080400070be22005f
:10ec4c00104078000041eb00c8ce0200010000002b
:10ec5c001e0f40009e007800f0b3200000804000a2
:10ec6c0091e92a007afa0200010000001e0f400010
:10ec7c009e007800f0b320008080400080be22000f
:10ec8c00104078000041eb00c8ce020001000000eb
:10ec9c001e0f40009e007800f0b320000080400062
:10ecac00f1e92a007afa0200010000001e0f400070
:10ecbc009e007800f0b320008080400090be2200bf
:10eccc00104078000041eb00c8ce020001000000ab
:10ecdc001e0f40009e007800f0b320000080400022
:10ecec0051ea2a007afa0200010000001e0f4000cf
:10ecfc009e007800f0b320008080400000cd220000
:10ed0c00104078000041eb00c8ce0200010000006a
:10ed1c001e0f40000040eb00f03902000100000023
:10ed2c00204798009e007800f0b32000008040003f
:10ed3c00b1ea2a007afa0200010000001e0f40001e
:10ed4c009e007800f0b32000808040002e409000a0
:10ed5c000041eb00c8ce0200010000001e0f400075
:10ed6c000080fa00000006000600fa001007980068
:10ed7c002107980001eb2a00f0b320007afa020078
:10ed8c0001000000000f78009e007800f0b3200016
:10ed9c000080400091eb2a007afa0200010000008a
:10edac001e0f40009e007800f0b3200080804000d1
:10edbc00d0958000facc0200010000001e0f40002c
:10edcc009e007800f0b320000080400001ec2a0087
:10eddc007afa0200010000001e0f40009e0078002d
:10edec00f0b320000081400090958000a195800038
:10edfc000000780082007800facc020001000000cc
:10ee0c001e0f40009e007800f0b3200000804000f0
:10ee1c0071ec2a007afa0200010000001e0f40007b
:10ee2c009e007800f0b3200080804000b0958000f8
:10ee3c00facc0200010000001e0f40009e0078007a
:10ee4c00f0b3200000804000f1ec2a007afa0200b6
:10ee5c00010000001e0f40009e007800f0b320005f
:10ee6c0080804000c0958000facc020001000000b8
:10ee7c001e0f40009e007800f0b320000080400080
:10ee8c0071ed2a007afa0200010000001e0f40000a
:10ee9c009e007800f0b3200080804000a096800097
:10eeac00facc0200010000001e0f40009e0078000a
:10eebc00f0b3200000804000f1ed2a007afa020045
:10eecc00010000001e0f40009e007800f0b32000ef
:10eedc0000814000609680007196800000007800f0
:10eeec0082007800facc0200010000001e0f4000e6
:10eefc009e007800f0b320000080400061ee2a00f4
:10ef0c007afa0200010000001e0f40009e007800fb
:10ef1c00f0b320008080400080968000facc020084
:10ef2c00010000001e0f40009e007800f0b320008e
:10ef3c0000804000e1ee2a007afa02000100000095
:10ef4c001e0f40009e007800f0b32000808040002f
:10ef5c0090968000facc0200010000001e0f4000c9
:10ef6c000080fa00000006000400fa00000f780090
:10ef7c0011079800f0b32000564602000100000073
:10ef8c000080fa00000006000600fa001007980046
:10ef9c002107980061ef2a00f0b320007afa0200f2
:10efac0001000000000f78009e007800f0b32000f4
:10efbc0000804000f1ef2a007afa02000100000004
:10efcc001e0f40009e007800f0b3200080804000af
:10efdc00e02822001040780012c0b300c8ce020016
:10efec00010000001e0f40009e007800f0b32000ce
:10effc000080400091f02a007afa02000100000023
:10f00c001e0f40009e007800f0b3200000814000ed
:10f01c00603d8100713d8100000078008200780025
:10f02c00facc0200010000001e0f40009e00780088
:10f03c00f0b320000080400001f12a007afa0200af
:10f04c00010000001e0f40009e007800f0b320006d
:10f05c0080804000205981004500de006740600040
:10f06c0012c0b300c8ce0200010000001e0f400009
:10f07c009e007800f0b320000080400081f12a004f
:10f08c007afa0200010000001e0f40009e0078007a
:10f09c00f0b320008080400050d820001040780051
:10f0ac0012c0b300c8ce0200010000001e0f4000c9
:10f0bc0050d72000104078000004e0000800320017
:10f0cc009e007800f0b320000080400041f22a003e
:10f0dc007afa0200010000001e0f40000700370002
:10f0ec009e007800f0b3200000804000e1f22a007e
:10f0fc007afa0200010000001e0f40009e0078000a
:10f10c00f0b320000080400081f32a007afa02005c
:10f11c00010000001e0f40009e007800f0b320009c
:10f12c0080804000e08c220010007800614060007c
:10f13c0012c0b300c8ce0200010000001e0f400038
:10f14c009e007800f0b320000080400061f42a009b
:10f15c007afa0200010000001e0f40009e007800a9
:10f16c00f0b3200080804000e08c2200100078007a
:10f17c000000d1006140600012c0b300c8ce020094
:10f18c00010000001e0f40009e007800f0b320002c
:10f19c000080400041f52a007afa020001000000cc
:10f1ac001e0f4000e08c2200704090000004e00034
:10f1bc0007003200e08c2200704090008040780004
:10f1cc00f0b320001e004000014878000400370016
:10f1dc00f0b320001e004000a1c7b3000148780026
:10f1ec001e0fe800f0b320001e0040008040eb0032
:10f1fc00014878000080fa00000006001400fa00b4
:10f20c0070079800010f98002257980003003700f0
:10f21c007e0090000000e800700798007e009000cf
:10f22c00104078000004e0000a0032007e009000dc
:10f23c009040780000c2b30080cf5000f4ff3a0039
:10f24c00050037007e0090000000e8007007980071
:10f25c0001003700000000007e0090009040780014
:10f26c0000c2b30080cf5000f6ff32007e00900049
:10f27c00104078000004e000900032000e80e8009e
:10f28c00720020008000eb00f2040200000000007d
:10f29c000040eb00104f9800e90047000e80e8009a
:10f2ac00630040008101780000017800f1c2b300d6
:10f2bc007e009000a6fc0200010000000000e000af
:10f2cc007e0032001e4890000000fb000000e800a9
:10f2dc00fe0090000080400070079800e900470095
:10f2ec006a0047008101780000017800f1c2b30088
:10f2fc007e009000a6fc0200010000000000e0006f
:10f30c006e0032002e489000604798001e48900016
:10f31c000000fb000000e800fe00900000804000b0
:10f32c0070079800e90047000e80e8006600400076
:10f33c00810178000001780001c2b3007e009000ca
:10f34c00a6fc0200010000000000e0005b0032009f
:10f35c001e4890000000fb00fe0090000080400062
:10f36c0070079800030037007e0090000000e80052
:10f37c00700798007e0090009040780000c2b300a7
:10f38c0080cf5000f8ff3200e90047000e80e80003
:10f39c008101780000017800a1c3b3007e009000c9
:10f3ac00a6fc0200010000000000e0004300320057
:10f3bc001e4890000000fb000000e800fe009000da
:10f3cc000080400070079800e90047000e80e800bc
:10f3dc000000e8008101780000017800a1c3b300af
:10f3ec007e009000a6fc0200010000000000e0007e
:10f3fc00320032001e4890000000fb000000e800c4
:10f40c00fe0090000080400070079800e900470063
:10f41c000e80e8000080e80081017800000178008f
:10f42c0001c2b3007e009000a6fc020001000000a7
:10f43c000000e000210032002e5090000004e0009b
:10f44c00060032005e409000204f98000e4890005d
:10f45c00504798002e489000004f98006b004700d2
:10f46c001300200000017800e1f52a007e009000d6
:10f47c00f52c07000000e000060032003e4890002a
:10f48c008040780000cdb30000c04000204f9800b1
:10f49c000200370000c0eb00204f98002e4890006f
:10f4ac00704798000e80e800e6ba020001000000e8
:10f4bc00e004210038ba0200010000002e50900038
:10f4cc000004e0003f003a0060ca220010407800bf
:10f4dc000004e0003b003a00e004210038ba0200ce
:10f4ec000100000031f62a00f0b320007afa020085
:10f4fc0001000000000f78009e007800f0b320009f
:10f50c000080400080007800e0042100a2ee07009b
:10f51c000080fb001e0f40009e007800f0b320001e
:10f52c0000804000e1f52a007afa02000100000098
:10f53c001e0f40009e007800f0b320008080400039
:10f54c00300521001040780012c0b300c8ce020074
:10f55c00010000001e0f40009e007800f0b3200058
:10f56c000080400091f62a007afa020001000000a7
:10f57c001e0f40009e007800f0b3200080804000f9
:10f58c0030052100104078000000fb001200200024
:10f59c000010dd000040780012c0b300c8ce02009d
:10f5ac00010000001e0f40009e007800f0b3200008
:10f5bc000080400001f72a007afa020001000000e6
:10f5cc001e0f40000080fa00000006001000fa0038
:10f5dc006007980071079800640047001300200032
:10f5ec000001780001d12a006e009000962c0700d3
:10f5fc000000e0000500320064004700e8cb020088
:10f60c0001000000004f7800020037000040eb00c2
:10f61c00004f780021f72a00f0b320007afa02009c
:10f62c0001000000100798009e009000f0b320002d
:10f63c00008040000041eb00800078001e40780004
:10f64c00c8ce0200010000009e0090000080400027
:10f65c00100798001e4078000004e00007003200fc
:10f66c00a0d52000e1c1b3000148780000c5b3006b
:10f67c005edf02000100000003003700a0d520006f
:10f68c008040eb00014878000080fa000000060082
:10f69c00ca00fa0030a7980041a798000040eb0080
:10f6ac00104798000040eb0040c7990069004700e4
:10f6bc003300200000017800e1f72a003ea0900002
:10f6cc00612c07000000e000080032009e4890000a
:10f6dc0010c3b30080cf500004003a006f00470005
:10f6ec00cea09000cf150700cc153700690047005d
:10f6fc00430020000001780051f82a003ea0900041
:10f70c00512c07000000e00008003200690047009f
:10f71c000cd102000100000001802000804878001c
:10f72c0000c5b3005edf0200010000006900470065
:10f73c004300200000017800a1f82a003ea09000b0
:10f74c00412c07000000e00008003200690047006f
:10f75c000cd10200010000001180200080487800cc
:10f76c0000c5b3005edf0200010000000040eb00aa
:10f77c00004f78006900470033002000000178003a
:10f78c00f1f82a003ea090002f2c07000000e000aa
:10f79c008903320069004700e8cb02000100000039
:10f7ac00004f9800b0d52000104078000080fb007e
:10f7bc000000e8000000e00022003500b0d5200079
:10f7cc00104078000080fb008000e800400620001c
:10f7dc00808f50001b003c009e489000b0c2b300cc
:10f7ec0080cf500017003a00b0d5200010407800b0
:10f7fc008040e800b0d520000148780085f1220057
:10f80c00a4f12200b3d5200012c0b300f1012000f6
:10f81c0000cab3000eb702000100000085f12200ff
:10f82c00a4f12200b3d5200012c0b300f1012000d6
:10f83c0000cab3001eb802000100000010c0b300e3
:10f84c00004f7800b0d52000104078000080fb00fd
:10f85c000000e9000000e00022003500b0d52000d7
:10f86c00104078000080fb008000e900400620007a
:10f87c00808f50001b003c009e489000d0c2b3000b
:10f88c0080cf500017003a00b0d52000104078000f
:10f89c008040e900b0d520000148780085f12200b5
:10f8ac00a4f12200b3d5200012c0b300f101200056
:10f8bc0000cab3000eb702000100000085f122005f
:10f8cc00a4f12200b3d5200012c0b300f101200036
:10f8dc0000cab3001eb802000100000010c0b30043
:10f8ec00004f78008e48900040c6b30080cf500087
:10f8fc0039033e00b0d52000904078000e489000af
:10f90c0080cf5000340332009e489000b0c2b30048
:10f91c0080cf5000300332009e489000d0c2b3001c
:10f92c0080cf50002c0332008e489000b0d52000c0
:10f93c000148780085f12200a4f12200b3d5200003
:10f94c0012c0b300f101200000cab3000eb70200d0
:10f95c000100000085f12200a4f12200b3d52000a3
:10f96c0012c0b300f101200000cab3001eb802009f
:10f97c000100000010c0b300004f78000040eb0005
:10f98c00204798008e48900021479800ae40900088
:10f99c0020c5b30080cf5000fe013e002e409000e9
:10f9ac000004e00002003a00a0cbb30030c799007d
:10f9bc002e409000e14f500002003a0020cab300e4
:10f9cc0030c799002e409000e24f500002003a00e0
:10f9dc0000cab30030c799002e409000e34f50008e
:10f9ec0002003a00e0c9b30030c799002e409000e5
:10f9fc00e44f500002003a00c0c9b30030c7990070
:10fa0c002e409000e54f500002003a00a0c9b30010
:10fa1c0030c799002e409000e64f500002003a008b
:10fa2c0080c9b30030c799002e409000e74f5000ba
:10fa3c0002003a0060c9b30030c799002e40900014
:10fa4c00e84f500002003a0040c9b30030c799009b
:10fa5c002e409000e94f500002003a0020c9b3003c
:10fa6c0030c799002e409000ea4f500002003a0037
:10fa7c0000c9b30030c799002e409000eb4f5000e6
:10fa8c0002003a00e0c8b30030c799002e40900045
:10fa9c00ec4f500002003a00c0c8b30030c79900c8
:10faac002e409000ed4f500002003a00a0c8b30069
:10fabc0030c799002e409000ee4f500002003a00e3
:10facc0080c8b30030c799002e409000ef4f500013
:10fadc0002003a0060c8b30030c799002e40900075
:10faec00f04f500002003a0040c8b30030c79900f4
:10fafc002e409000f14f500002003a0020c8b30095
:10fb0c0030c799002e409000f24f500002003a008e
:10fb1c0000c8b30030c799002e409000f34f50003e
:10fb2c0002003a00e0c7b30030c799002e409000a5
:10fb3c00f44f500002003a00c0c7b30030c7990020
:10fb4c002e409000f54f500002003a00a0c7b300c1
:10fb5c0030c799002e409000f64f500002003a003a
:10fb6c0080c7b30030c799002e409000f74f50006b
:10fb7c0002003a0060c7b30030c799002e409000d5
:10fb8c00f84f500002003a0040c7b30030c799004c
:10fb9c002e409000f94f500002003a0020c7b300ed
:10fbac0030c799002e409000fa4f500002003a00e6
:10fbbc0000c7b30030c799002e409000fb4f500097
:10fbcc0002003a00e0c6b30030c799002e40900006
:10fbdc00fc4f500002003a00c0c6b30030c7990079
:10fbec002e409000fd4f500002003a00a0c6b3001a
:10fbfc0030c799002e409000fe4f500002003a0092
:10fc0c0080c6b30030c799002e409000ff4f5000c3
:10fc1c0002003a0060c6b30030c79900ae409000b5
:10fc2c0000c2b30080cf500002003a0040c6b300bf
:10fc3c0030c79900ae40900010c2b30080cf500086
:10fc4c0002003a0020c6b30030c79900ae409000c5
:10fc5c0020c2b30080cf500002003a0000c6b300af
:10fc6c0030c79900ae40900030c2b30080cf500036
:10fc7c0002003a00e0c5b30030c79900ae409000d6
:10fc8c0040c2b30080cf500002003a00c0c5b300a0
:10fc9c0030c79900ae40900050c2b30080cf5000e6
:10fcac0002003a00a0c5b30030c79900ae409000e6
:10fcbc0060c2b30080cf500002003a0080c5b30090
:10fccc0030c79900ae40900070c2b30080cf500096
:10fcdc0002003a0060c5b30030c79900ae409000f6
:10fcec0080c2b30080cf500002003a0040c5b30080
:10fcfc0030c79900ae40900090c2b30080cf500046
:10fd0c0002003a0020c5b30030c79900ae40900005
:10fd1c00a0c2b30080cf500002003a0000c5b3006f
:10fd2c0030c79900ae409000b0c2b30080cf5000f5
:10fd3c0002003a00e0c4b30030c79900ae40900016
:10fd4c00c0c2b30080cf500002003a00c0c4b30060
:10fd5c0030c79900ae409000d0c2b30080cf5000a5
:10fd6c0002003a00a0c4b30030c79900ae40900026
:10fd7c00e0c2b30080cf500002003a0080c4b30050
:10fd8c0030c79900ae409000f0c2b30080cf500055
:10fd9c0002003a0060c4b30030c79900ae40900036
:10fdac0000c3b30080cf500002003a0040c4b3003f
:10fdbc0030c79900ae40900010c3b30080cf500004
:10fdcc0002003a0020c4b30030c79900ae40900046
:10fddc0020c3b30080cf500002003a0000c4b3002f
:10fdec0030c79900ae40900030c3b30080cf5000b4
:10fdfc0002003a00e0c3b30030c79900ae40900057
:10fe0c0040c3b30080cf500002003a00c0c3b3001f
:10fe1c0030c79900ae40900050c3b30080cf500063
:10fe2c0002003a00a0c3b30030c79900ae40900066
:10fe3c0060c3b30080cf500002003a0080c3b3000f
:10fe4c0030c79900ae40900070c3b30080cf500013
:10fe5c0002003a0060c3b30030c79900ae40900076
:10fe6c0080c3b30080cf500002003a0040c3b300ff
:10fe7c0030c79900ae40900090c3b30080cf5000c3
:10fe8c0002003a0020c3b30030c79900ae40900086
:10fe9c00a0c3b30080cf500002003a0000c3b300ef
:10feac0030c79900ae409000b0c3b30080cf500073
:10febc0002003a00e0c2b30030c79900ae40900097
:10fecc00c0c3b30080cf500002003a00c0c2b300e0
:10fedc0030c79900ae409000d0c3b30080cf500023
:10feec0002003a00a0c2b30030c79900ae409000a7
:10fefc00e0c3b30080cf500002003a0080c2b300d0
:10ff0c0030c79900ae409000f0c3b30080cf5000d2
:10ff1c0002003a0060c2b30030c79900ae409000b6
:10ff2c0000c4b30080cf500002003a0040c2b300be
:10ff3c0030c79900ae40900010c4b30080cf500081
:10ff4c0002003a0020c2b30030c79900ae409000c6
:10ff5c0020c4b30080cf500002003a0000c2b300ae
:10ff6c0030c79900ae40900030c4b30080cf500031
:10ff7c0002003a00e0c1b30030c79900ae409000d7
:10ff8c0040c4b30080cf500002003a00c0c1b3009f
:10ff9c0030c79900ae40900050c4b30080cf5000e1
:10ffac0002003a00a0c1b30030c79900ae409000e7
:10ffbc0060c4b30080cf500002003a0080c1b3008f
:10ffcc0030c79900ae40900070c4b30080cf500091
:10ffdc0002003a0060c1b30030c79900ae409000f7
:10ffec0080c4b30080cf500002003a0040c1b3007f
:10fffc0030c79900ae40900090c4b30080cf500041
:020000040001f9
:10000c0002003a0020c1b30030c79900ae40900006
:10001c00a0c4b30080cf500002003a0000c1b3006e
:10002c0030c79900ae409000b0c4b30080cf5000f0
:10003c0002003a00e0c0b30030c79900ae40900017
:10004c00c0c4b30080cf500002003a00c0c0b3005f
:10005c0030c79900ae409000d0c4b30080cf5000a0
:10006c0002003a00a0c0b30030c79900ae40900027
:10007c00e0c4b30080cf500002003a0080c0b3004f
:10008c0030c79900ae409000f0c4b30080cf500050
:10009c0002003a0060c0b30030c79900ae40900037
:1000ac0000c5b30080cf500002003a0040c0b3003e
:1000bc0030c79900ae40900010c5b30080cf5000ff
:1000cc0002003a0020c0b30030c79900ae40900047
:1000dc0020c5b30080cf500002003a000040eb0076
:1000ec0030c799003ec0910076ce0200010000009e
:1000fc00104798000040eb0040c79900300c2000de
:10010c000e00400085f12200a4f12200800178004d
:10011c0012c0b300a140200000cab3000eb7020009
:10012c000100000085f12200a4f1220063d620001a
:10013c0012c0b300a140200000cab3001eb80200d8
:10014c0001000000400c20000e00400085f1220050
:10015c00a4f122008001780012c0b300e14020001d
:10016c0000cab3000eb702000100000085f12200a6
:10017c00a4f12200a3d6200012c0b300e14020005d
:10018c0000cab3001eb802000100000010c0b3008a
:10019c00004f7800ae40900020c5b30080cf5000d7
:1001ac0054003600ae40900080c5b30080cf5000a4
:1001bc0050003e00ae40900030c5b30080cf5000e0
:1001cc0002003a00a0c0b30030c79900ae409000c6
:1001dc0040c5b30080cf500002003a0080c0b3008d
:1001ec0030c79900ae40900050c5b30080cf50008e
:1001fc0002003a0060c0b30030c79900ae409000d6
:10020c0060c5b30080cf500002003a0040c0b3007c
:10021c0030c79900ae40900070c5b30080cf50003d
:10022c0002003a0020c0b30030c79900ae409000e5
:10023c0080c5b30080cf500002003a000040eb00b4
:10024c0030c799003ec0910076ce0200010000003c
:10025c001047980000c2b30040c79900300c200032
:10026c000e00400085f12200a4f1220080017800ec
:10027c0012c0b300a140200000cab3000eb70200a8
:10028c000100000085f12200a4f1220063d62000b9
:10029c0012c0b300a140200000cab3001eb8020077
:1002ac0001000000400c20000e00400085f12200ef
:1002bc00a4f122008001780012c0b300e1402000bc
:1002cc0000cab3000eb702000100000085f1220045
:1002dc00a4f12200a3d6200012c0b300e1402000fc
:1002ec0000cab3001eb802000100000010c0b30029
:1002fc00004f7800ae40900080c5b30080cf500016
:10030c0054003600ae409000e0c5b30080cf5000e2
:10031c0050003e00ae40900090c5b30080cf50001e
:10032c0002003a00a0c0b30030c79900ae40900064
:10033c00a0c5b30080cf500002003a0080c0b300cb
:10034c0030c79900ae409000b0c5b30080cf5000cc
:10035c0002003a0060c0b30030c79900ae40900074
:10036c00c0c5b30080cf500002003a0040c0b300bb
:10037c0030c79900ae409000d0c5b30080cf50007c
:10038c0002003a0020c0b30030c79900ae40900084
:10039c00e0c5b30080cf500002003a000040eb00f3
:1003ac0030c799003ec0910076ce020001000000db
:1003bc001047980000c4b30040c79900300c2000cf
:1003cc000e00400085f12200a4f12200800178008b
:1003dc0012c0b300a140200000cab3000eb7020047
:1003ec000100000085f12200a4f1220063d6200058
:1003fc0012c0b300a140200000cab3001eb8020016
:10040c0001000000400c20000e00400085f122008d
:10041c00a4f122008001780012c0b300e14020005a
:10042c0000cab3000eb702000100000085f12200e3
:10043c00a4f12200a3d6200012c0b300e14020009a
:10044c0000cab3001eb802000100000010c0b300c7
:10045c00004f7800ae409000e0c5b30080cf500054
:10046c005d003600ae40900040c6b30080cf500017
:10047c0059003e00ae409000f0c5b30080cf500054
:10048c0002003a00a0c0b30030c79900ae40900003
:10049c0000c6b30080cf500002003a0080c0b30009
:1004ac0030c79900ae40900010c6b30080cf50000a
:1004bc0002003a0060c0b30030c79900ae40900013
:1004cc0020c6b30080cf500002003a0040c0b300f9
:1004dc0030c79900ae40900030c6b30080cf5000ba
:1004ec0002003a0020c0b30030c79900ae40900023
:1004fc0040c6b30080cf500002003a000040eb0031
:10050c0030c799003ec0910076ce02000100000079
:10051c001047980000c6b30040c79900300c20006b
:10052c000e00400085f12200a4f122008001780029
:10053c0012c0b300a140200000cab3000eb70200e5
:10054c000100000085f12200a4f1220063d62000f6
:10055c0012c0b300a140200000cab3001eb80200b4
:10056c0001000000400c20000e00400085f122002c
:10057c00a4f122008001780012c0b300e1402000f9
:10058c0000cab3000eb702000100000085f1220082
:10059c00a4f12200a3d6200012c0b300e140200039
:1005ac0000cab3001eb802000100000010c0b30066
:1005bc00004f78000800370085f12200a4f12200da
:1005cc00b3d5200012c0b300f101200000cab30063
:1005dc001eb8020001000000690047003300200033
:1005ec000001780041f92a003ea0900096280700ef
:1005fc000000e0008903320069004700e8cb0200ec
:10060c0001000000004f9800d0d520001040780069
:10061c000080fb000000e8000000e0002200350034
:10062c00d0d52000104078000080fb008000e8004e
:10063c0040062000808f50001b003c009e4890001c
:10064c00b0c2b30080cf500017003a00d0d52000c4
:10065c00104078008040e800d0d520000148780098
:10066c0085f12200a4f12200d3d5200012c0b300e2
:10067c001102200000cab3000eb7020001000000f6
:10068c0085f12200a4f12200d3d5200012c0b300c2
:10069c001102200000cab3001eb8020001000000c5
:1006ac0010c0b300004f7800d0d520001040780067
:1006bc000080fb000000e9000000e0002200350093
:1006cc00d0d52000104078000080fb008000e900ad
:1006dc0040062000808f50001b003c009e4890007c
:1006ec00d0c2b30080cf500017003a00d0d5200004
:1006fc00104078008040e900d0d5200001487800f7
:10070c0085f12200a4f12200d3d5200012c0b30041
:10071c001102200000cab3000eb702000100000055
:10072c0085f12200a4f12200d3d5200012c0b30021
:10073c001102200000cab3001eb802000100000024
:10074c0010c0b300004f78008e48900040c6b30034
:10075c0080cf500039033e00d0d520009040780067
:10076c000e48900080cf5000340332009e48900019
:10077c00b0c2b30080cf5000300332009e489000ce
:10078c00d0c2b30080cf50002c0332008e489000b2
:10079c00d0d520000148780085f12200a4f1220078
:1007ac00d3d5200012c0b3001102200000cab30040
:1007bc000eb702000100000085f12200a4f1220016
:1007cc00d3d5200012c0b3001102200000cab30020
:1007dc001eb802000100000010c0b300004f7800ea
:1007ec000040eb00304798008e489000314798004d
:1007fc00be40900020c5b30080cf5000fe013e00eb
:10080c003e4090000004e00002003a00a0cbb30090
:10081c0030c799003e409000e14f500002003a0072
:10082c0020cab30030c799003e409000e24f500000
:10083c0002003a0000cab30030c799003e40900055
:10084c00e34f500002003a00e0c9b30030c79900f2
:10085c003e409000e44f500002003a00c0c9b30083
:10086c0030c799003e409000e54f500002003a001e
:10087c00a0c9b30030c799003e409000e64f50002d
:10088c0002003a0080c9b30030c799003e40900086
:10089c00e74f500002003a0060c9b30030c799001e
:1008ac003e409000e84f500002003a0040c9b300af
:1008bc0030c799003e409000e94f500002003a00ca
:1008cc0020c9b30030c799003e409000ea4f500059
:1008dc0002003a0000c9b30030c799003e409000b6
:1008ec00eb4f500002003a00e0c8b30030c799004b
:1008fc003e409000ec4f500002003a00c0c8b300dc
:10090c0030c799003e409000ed4f500002003a0075
:10091c00a0c8b30030c799003e409000ee4f500085
:10092c0002003a0080c8b30030c799003e409000e6
:10093c00ef4f500002003a0060c8b30030c7990076
:10094c003e409000f04f500002003a0040c8b30007
:10095c0030c799003e409000f14f500002003a0021
:10096c0020c8b30030c799003e409000f24f5000b1
:10097c0002003a0000c8b30030c799003e40900016
:10098c00f34f500002003a00e0c7b30030c79900a3
:10099c003e409000f44f500002003a00c0c7b30034
:1009ac0030c799003e409000f54f500002003a00cd
:1009bc00a0c7b30030c799003e409000f64f5000de
:1009cc0002003a0080c7b30030c799003e40900047
:1009dc00f74f500002003a0060c7b30030c79900cf
:1009ec003e409000f84f500002003a0040c7b30060
:1009fc0030c799003e409000f94f500002003a0079
:100a0c0020c7b30030c799003e409000fa4f500009
:100a1c0002003a0000c7b30030c799003e40900076
:100a2c00fb4f500002003a00e0c6b30030c79900fb
:100a3c003e409000fc4f500002003a00c0c6b3008c
:100a4c0030c799003e409000fd4f500002003a0024
:100a5c00a0c6b30030c799003e409000fe4f500036
:100a6c0002003a0080c6b30030c799003e409000a7
:100a7c00ff4f500002003a0060c6b30030c7990027
:100a8c00be40900000c2b30080cf500002003a007c
:100a9c0040c6b30030c79900be40900010c2b300ee
:100aac0080cf500002003a0020c6b30030c7990036
:100abc00be40900020c2b30080cf500002003a002c
:100acc0000c6b30030c79900be40900030c2b300de
:100adc0080cf500002003a00e0c5b30030c7990047
:100aec00be40900040c2b30080cf500002003a00dc
:100afc00c0c5b30030c79900be40900050c2b300cf
:100b0c0080cf500002003a00a0c5b30030c7990056
:100b1c00be40900060c2b30080cf500002003a008b
:100b2c0080c5b30030c79900be40900070c2b300be
:100b3c0080cf500002003a0060c5b30030c7990066
:100b4c00be40900080c2b30080cf500002003a003b
:100b5c0040c5b30030c79900be40900090c2b300ae
:100b6c0080cf500002003a0020c5b30030c7990076
:100b7c00be409000a0c2b30080cf500002003a00eb
:100b8c0000c5b30030c79900be409000b0c2b3009e
:100b9c0080cf500002003a00e0c4b30030c7990087
:100bac00be409000c0c2b30080cf500002003a009b
:100bbc00c0c4b30030c79900be409000d0c2b3008f
:100bcc0080cf500002003a00a0c4b30030c7990097
:100bdc00be409000e0c2b30080cf500002003a004b
:100bec0080c4b30030c79900be409000f0c2b3007f
:100bfc0080cf500002003a0060c4b30030c79900a7
:100c0c00be40900000c3b30080cf500002003a00f9
:100c1c0040c4b30030c79900be40900010c3b3006d
:100c2c0080cf500002003a0020c4b30030c79900b6
:100c3c00be40900020c3b30080cf500002003a00a9
:100c4c0000c4b30030c79900be40900030c3b3005d
:100c5c0080cf500002003a00e0c3b30030c79900c7
:100c6c00be40900040c3b30080cf500002003a0059
:100c7c00c0c3b30030c79900be40900050c3b3004e
:100c8c0080cf500002003a00a0c3b30030c79900d7
:100c9c00be40900060c3b30080cf500002003a0009
:100cac0080c3b30030c79900be40900070c3b3003e
:100cbc0080cf500002003a0060c3b30030c79900e7
:100ccc00be40900080c3b30080cf500002003a00b9
:100cdc0040c3b30030c79900be40900090c3b3002e
:100cec0080cf500002003a0020c3b30030c79900f7
:100cfc00be409000a0c3b30080cf500002003a0069
:100d0c0000c3b30030c79900be409000b0c3b3001d
:100d1c0080cf500002003a00e0c2b30030c7990007
:100d2c00be409000c0c3b30080cf500002003a0018
:100d3c00c0c2b30030c79900be409000d0c3b3000e
:100d4c0080cf500002003a00a0c2b30030c7990017
:100d5c00be409000e0c3b30080cf500002003a00c8
:100d6c0080c2b30030c79900be409000f0c3b300fe
:100d7c0080cf500002003a0060c2b30030c7990027
:100d8c00be40900000c4b30080cf500002003a0077
:100d9c0040c2b30030c79900be40900010c4b300ed
:100dac0080cf500002003a0020c2b30030c7990037
:100dbc00be40900020c4b30080cf500002003a0027
:100dcc0000c2b30030c79900be40900030c4b300dd
:100ddc0080cf500002003a00e0c1b30030c7990048
:100dec00be40900040c4b30080cf500002003a00d7
:100dfc00c0c1b30030c79900be40900050c4b300ce
:100e0c0080cf500002003a00a0c1b30030c7990057
:100e1c00be40900060c4b30080cf500002003a0086
:100e2c0080c1b30030c79900be40900070c4b300bd
:100e3c0080cf500002003a0060c1b30030c7990067
:100e4c00be40900080c4b30080cf500002003a0036
:100e5c0040c1b30030c79900be40900090c4b300ad
:100e6c0080cf500002003a0020c1b30030c7990077
:100e7c00be409000a0c4b30080cf500002003a00e6
:100e8c0000c1b30030c79900be409000b0c4b3009d
:100e9c0080cf500002003a00e0c0b30030c7990088
:100eac00be409000c0c4b30080cf500002003a0096
:100ebc00c0c0b30030c79900be409000d0c4b3008e
:100ecc0080cf500002003a00a0c0b30030c7990098
:100edc00be409000e0c4b30080cf500002003a0046
:100eec0080c0b30030c79900be409000f0c4b3007e
:100efc0080cf500002003a0060c0b30030c79900a8
:100f0c00be40900000c5b30080cf500002003a00f4
:100f1c0040c0b30030c79900be40900010c5b3006c
:100f2c0080cf500002003a0020c0b30030c79900b7
:100f3c00be40900020c5b30080cf500002003a00a4
:100f4c000040eb0030c799003ec0910076ce020005
:100f5c0001000000104798000040eb0040c79900ca
:100f6c00300c20000e00400085f12200a4f122007c
:100f7c008001780012c0b300c140200000cab30049
:100f8c000eb702000100000085f12200a4f122003e
:100f9c0083d6200012c0b300c140200000cab300a9
:100fac001eb8020001000000400c20000e004000a2
:100fbc0085f12200a4f122008001780012c0b30058
:100fcc000141200000cab3000eb70200010000006e
:100fdc0085f12200a4f12200c3d6200012c0b30078
:100fec000141200000cab3001eb80200010000003d
:100ffc0010c0b300004f7800be40900020c5b30075
:10100c0080cf500054003600be40900080c5b30025
:10101c0080cf500050003e00be40900030c5b30061
:10102c0080cf500002003a00a0c0b30030c7990036
:10103c00be40900040c5b30080cf500002003a0083
:10104c0080c0b30030c79900be40900050c5b300bb
:10105c0080cf500002003a0060c0b30030c7990046
:10106c00be40900060c5b30080cf500002003a0033
:10107c0040c0b30030c79900be40900070c5b300ab
:10108c0080cf500002003a0020c0b30030c7990056
:10109c00be40900080c5b30080cf500002003a00e3
:1010ac000040eb0030c799003ec0910076ce0200a4
:1010bc00010000001047980000c2b30040c799001f
:1010cc00300c20000e00400085f12200a4f122001b
:1010dc008001780012c0b300c140200000cab300e8
:1010ec000eb702000100000085f12200a4f12200dd
:1010fc0083d6200012c0b300c140200000cab30048
:10110c001eb8020001000000400c20000e00400040
:10111c0085f12200a4f122008001780012c0b300f6
:10112c000141200000cab3000eb70200010000000c
:10113c0085f12200a4f12200c3d6200012c0b30016
:10114c000141200000cab3001eb8020001000000db
:10115c0010c0b300004f7800be40900080c5b300b3
:10116c0080cf500054003600be409000e0c5b30064
:10117c0080cf500050003e00be40900090c5b300a0
:10118c0080cf500002003a00a0c0b30030c79900d5
:10119c00be409000a0c5b30080cf500002003a00c2
:1011ac0080c0b30030c79900be409000b0c5b300fa
:1011bc0080cf500002003a0060c0b30030c79900e5
:1011cc00be409000c0c5b30080cf500002003a0072
:1011dc0040c0b30030c79900be409000d0c5b300ea
:1011ec0080cf500002003a0020c0b30030c79900f5
:1011fc00be409000e0c5b30080cf500002003a0022
:10120c000040eb0030c799003ec0910076ce020042
:10121c00010000001047980000c4b30040c79900bb
:10122c00300c20000e00400085f12200a4f12200b9
:10123c008001780012c0b300c140200000cab30086
:10124c000eb702000100000085f12200a4f122007b
:10125c0083d6200012c0b300c140200000cab300e6
:10126c001eb8020001000000400c20000e004000df
:10127c0085f12200a4f122008001780012c0b30095
:10128c000141200000cab3000eb7020001000000ab
:10129c0085f12200a4f12200c3d6200012c0b300b5
:1012ac000141200000cab3001eb80200010000007a
:1012bc0010c0b300004f7800be409000e0c5b300f2
:1012cc0080cf50005d003600be40900040c6b30099
:1012dc0080cf500059003e00be409000f0c5b300d6
:1012ec0080cf500002003a00a0c0b30030c7990074
:1012fc00be40900000c6b30080cf500002003a0000
:10130c0080c0b30030c79900be40900010c6b30037
:10131c0080cf500002003a0060c0b30030c7990083
:10132c00be40900020c6b30080cf500002003a00af
:10133c0040c0b30030c79900be40900030c6b30027
:10134c0080cf500002003a0020c0b30030c7990093
:10135c00be40900040c6b30080cf500002003a005f
:10136c000040eb0030c799003ec0910076ce0200e1
:10137c00010000001047980000c6b30040c7990058
:10138c00300c20000e00400085f12200a4f1220058
:10139c008001780012c0b300c140200000cab30025
:1013ac000eb702000100000085f12200a4f122001a
:1013bc0083d6200012c0b300c140200000cab30085
:1013cc001eb8020001000000400c20000e0040007e
:1013dc0085f12200a4f122008001780012c0b30034
:1013ec000141200000cab3000eb70200010000004a
:1013fc0085f12200a4f12200c3d6200012c0b30054
:10140c000141200000cab3001eb802000100000018
:10141c0010c0b300004f78000800370085f122009f
:10142c00a4f12200d3d5200012c0b3001102200079
:10143c0000cab3001eb8020001000000690047009a
:10144c003300200000017800a1f92a003ea0900092
:10145c00fd2407000000e0007c0332006900470017
:10146c00e8cb020001000000004f9800f0d52000ee
:10147c00104078000080fb000000e8000000e00055
:10148c0022003500f0d52000104078000080fb00d1
:10149c008000e80040062000808f50001b003c00bc
:1014ac009e489000b0c2b30080cf500017003a00a5
:1014bc00f0d52000104078008040e800f0d52000e6
:1014cc000148780085f12200a4f12200f3d5200018
:1014dc0012c0b3003102200000cab3000eb70200e4
:1014ec000100000085f12200a4f12200f3d52000b8
:1014fc0012c0b3003102200000cab3001eb80200b3
:10150c000100000010c0b300004f7800f0d520009f
:10151c00104078000080fb000000e9000000e000b3
:10152c0022003500f0d52000104078000080fb0030
:10153c008000e90040062000808f50001b003c001a
:10154c009e489000d0c2b30080cf500017003a00e4
:10155c00f0d52000104078008040e900f0d5200044
:10156c000148780085f12200a4f12200f3d5200077
:10157c0012c0b3003102200000cab3000eb7020043
:10158c000100000085f12200a4f12200f3d5200017
:10159c0012c0b3003102200000cab3001eb8020012
:1015ac000100000010c0b300004f7800f0d52000ff
:1015bc00904078000e48900080cf500023033200fa
:1015cc009e489000b0c2b30080cf50001f03320081
:1015dc009e489000d0c2b30080cf50001b03320055
:1015ec008e489000f0d520000148780085f122004b
:1015fc00a4f12200f3d5200012c0b3003102200068
:10160c0000cab3000eb702000100000010c0b30006
:10161c00004f78000040eb00404798008e48900047
:10162c0041479800ce40900020c5b30080cf5000b9
:10163c00fe013e004e4090000004e00002003a0023
:10164c00a0cbb30030c799004e409000e14f500042
:10165c0002003a0020cab30030c799004e409000f7
:10166c00e24f500002003a0000cab30030c79900a4
:10167c004e409000e34f500002003a00e0c9b30026
:10168c0030c799004e409000e44f500002003a00e1
:10169c00c0c9b30030c799004e409000e54f5000d0
:1016ac0002003a00a0c9b30030c799004e40900028
:1016bc00e64f500002003a0080c9b30030c79900d1
:1016cc004e409000e74f500002003a0060c9b30052
:1016dc0030c799004e409000e84f500002003a008d
:1016ec0040c9b30030c799004e409000e94f5000fc
:1016fc0002003a0020c9b30030c799004e40900058
:10170c00ea4f500002003a0000c9b30030c79900fc
:10171c004e409000eb4f500002003a00e0c8b3007e
:10172c0030c799004e409000ec4f500002003a0038
:10173c00c0c8b30030c799004e409000ed4f500028
:10174c0002003a00a0c8b30030c799004e40900088
:10175c00ee4f500002003a0080c8b30030c7990029
:10176c004e409000ef4f500002003a0060c8b300aa
:10177c0030c799004e409000f04f500002003a00e4
:10178c0040c8b30030c799004e409000f14f500054
:10179c0002003a0020c8b30030c799004e409000b8
:1017ac00f24f500002003a0000c8b30030c7990055
:1017bc004e409000f34f500002003a00e0c7b300d7
:1017cc0030c799004e409000f44f500002003a0090
:1017dc00c0c7b30030c799004e409000f54f500081
:1017ec0002003a00a0c7b30030c799004e409000e9
:1017fc00f64f500002003a0080c7b30030c7990082
:10180c004e409000f74f500002003a0060c7b30002
:10181c0030c799004e409000f84f500002003a003b
:10182c0040c7b30030c799004e409000f94f5000ac
:10183c0002003a0020c7b30030c799004e40900018
:10184c00fa4f500002003a0000c7b30030c79900ad
:10185c004e409000fb4f500002003a00e0c6b3002f
:10186c0030c799004e409000fc4f500002003a00e7
:10187c00c0c6b30030c799004e409000fd4f5000d9
:10188c0002003a00a0c6b30030c799004e40900049
:10189c00fe4f500002003a0080c6b30030c79900da
:1018ac004e409000ff4f500002003a0060c6b3005b
:1018bc0030c79900ce40900000c2b30080cf5000da
:1018cc0002003a0040c6b30030c79900ce409000e9
:1018dc0010c2b30080cf500002003a0020c6b30003
:1018ec0030c79900ce40900020c2b30080cf50008a
:1018fc0002003a0000c6b30030c79900ce409000f9
:10190c0030c2b30080cf500002003a00e0c5b300f3
:10191c0030c79900ce40900040c2b30080cf500039
:10192c0002003a00c0c5b30030c79900ce40900009
:10193c0050c2b30080cf500002003a00a0c5b300e3
:10194c0030c79900ce40900060c2b30080cf5000e9
:10195c0002003a0080c5b30030c79900ce40900019
:10196c0070c2b30080cf500002003a0060c5b300d3
:10197c0030c79900ce40900080c2b30080cf500099
:10198c0002003a0040c5b30030c79900ce40900029
:10199c0090c2b30080cf500002003a0020c5b300c3
:1019ac0030c79900ce409000a0c2b30080cf500049
:1019bc0002003a0000c5b30030c79900ce40900039
:1019cc00b0c2b30080cf500002003a00e0c4b300b4
:1019dc0030c79900ce409000c0c2b30080cf5000f9
:1019ec0002003a00c0c4b30030c79900ce4090004a
:1019fc00d0c2b30080cf500002003a00a0c4b300a4
:101a0c0030c79900ce409000e0c2b30080cf5000a8
:101a1c0002003a0080c4b30030c79900ce40900059
:101a2c00f0c2b30080cf500002003a0060c4b30093
:101a3c0030c79900ce40900000c3b30080cf500057
:101a4c0002003a0040c4b30030c79900ce40900069
:101a5c0010c3b30080cf500002003a0020c4b30082
:101a6c0030c79900ce40900020c3b30080cf500007
:101a7c0002003a0000c4b30030c79900ce40900079
:101a8c0030c3b30080cf500002003a00e0c3b30073
:101a9c0030c79900ce40900040c3b30080cf5000b7
:101aac0002003a00c0c3b30030c79900ce4090008a
:101abc0050c3b30080cf500002003a00a0c3b30063
:101acc0030c79900ce40900060c3b30080cf500067
:101adc0002003a0080c3b30030c79900ce4090009a
:101aec0070c3b30080cf500002003a0060c3b30053
:101afc0030c79900ce40900080c3b30080cf500017
:101b0c0002003a0040c3b30030c79900ce409000a9
:101b1c0090c3b30080cf500002003a0020c3b30042
:101b2c0030c79900ce409000a0c3b30080cf5000c6
:101b3c0002003a0000c3b30030c79900ce409000b9
:101b4c00b0c3b30080cf500002003a00e0c2b30033
:101b5c0030c79900ce409000c0c3b30080cf500076
:101b6c0002003a00c0c2b30030c79900ce409000ca
:101b7c00d0c3b30080cf500002003a00a0c2b30023
:101b8c0030c79900ce409000e0c3b30080cf500026
:101b9c0002003a0080c2b30030c79900ce409000da
:101bac00f0c3b30080cf500002003a0060c2b30013
:101bbc0030c79900ce40900000c4b30080cf5000d5
:101bcc0002003a0040c2b30030c79900ce409000ea
:101bdc0010c4b30080cf500002003a0020c2b30002
:101bec0030c79900ce40900020c4b30080cf500085
:101bfc0002003a0000c2b30030c79900ce409000fa
:101c0c0030c4b30080cf500002003a00e0c1b300f2
:101c1c0030c79900ce40900040c4b30080cf500034
:101c2c0002003a00c0c1b30030c79900ce4090000a
:101c3c0050c4b30080cf500002003a00a0c1b300e2
:101c4c0030c79900ce40900060c4b30080cf5000e4
:101c5c0002003a0080c1b30030c79900ce4090001a
:101c6c0070c4b30080cf500002003a0060c1b300d2
:101c7c0030c79900ce40900080c4b30080cf500094
:101c8c0002003a0040c1b30030c79900ce4090002a
:101c9c0090c4b30080cf500002003a0020c1b300c2
:101cac0030c79900ce409000a0c4b30080cf500044
:101cbc0002003a0000c1b30030c79900ce4090003a
:101ccc00b0c4b30080cf500002003a00e0c0b300b3
:101cdc0030c79900ce409000c0c4b30080cf5000f4
:101cec0002003a00c0c0b30030c79900ce4090004b
:101cfc00d0c4b30080cf500002003a00a0c0b300a3
:101d0c0030c79900ce409000e0c4b30080cf5000a3
:101d1c0002003a0080c0b30030c79900ce4090005a
:101d2c00f0c4b30080cf500002003a0060c0b30092
:101d3c0030c79900ce40900000c5b30080cf500052
:101d4c0002003a0040c0b30030c79900ce4090006a
:101d5c0010c5b30080cf500002003a0020c0b30081
:101d6c0030c79900ce40900020c5b30080cf500002
:101d7c0002003a000040eb0030c799003ec09100d1
:101d8c0076ce020001000000104798000040eb00e6
:101d9c0040c79900300c20000e00400085f1220055
:101dac00a4f122008001780012c0b3009140200001
:101dbc0000cab3000eb702000100000085f122003a
:101dcc00a4f1220053d6200012c0b3009140200091
:101ddc0000cab3001eb8020001000000400c200035
:101dec000e00400085f12200a4f122008001780051
:101dfc0012c0b300d140200000cab3000eb70200dd
:101e0c000100000085f12200a4f1220093d62000ed
:101e1c0012c0b300d140200000cab3001eb80200ab
:101e2c000100000010c0b300004f7800ce409000bd
:101e3c0020c5b30080cf500054003600ce40900037
:101e4c0080c5b30080cf500050003e00ce409000c3
:101e5c0030c5b30080cf500002003a00a0c0b300e0
:101e6c0030c79900ce40900040c5b30080cf5000e1
:101e7c0002003a0080c0b30030c79900ce409000f9
:101e8c0050c5b30080cf500002003a0060c0b300d0
:101e9c0030c79900ce40900060c5b30080cf500091
:101eac0002003a0040c0b30030c79900ce40900009
:101ebc0070c5b30080cf500002003a0020c0b300c0
:101ecc0030c79900ce40900080c5b30080cf500041
:101edc0002003a000040eb0030c799003ec0910070
:101eec0076ce0200010000001047980000c2b3003b
:101efc0040c79900300c20000e00400085f12200f4
:101f0c00a4f122008001780012c0b300914020009f
:101f1c0000cab3000eb702000100000085f12200d8
:101f2c00a4f1220053d6200012c0b300914020002f
:101f3c0000cab3001eb8020001000000400c2000d3
:101f4c000e00400085f12200a4f1220080017800ef
:101f5c0012c0b300d140200000cab3000eb702007b
:101f6c000100000085f12200a4f1220093d620008c
:101f7c0012c0b300d140200000cab3001eb802004a
:101f8c000100000010c0b300004f7800ce4090005c
:101f9c0080c5b30080cf500054003600ce40900076
:101fac00e0c5b30080cf500050003e00ce40900002
:101fbc0090c5b30080cf500002003a00a0c0b3001f
:101fcc0030c79900ce409000a0c5b30080cf500020
:101fdc0002003a0080c0b30030c79900ce40900098
:101fec00b0c5b30080cf500002003a0060c0b3000f
:101ffc0030c79900ce409000c0c5b30080cf5000d0
:10200c0002003a0040c0b30030c79900ce409000a7
:10201c00d0c5b30080cf500002003a0020c0b300fe
:10202c0030c79900ce409000e0c5b30080cf50007f
:10203c0002003a000040eb0030c799003ec091000e
:10204c0076ce0200010000001047980000c4b300d7
:10205c0040c79900300c20000e00400085f1220092
:10206c00a4f122008001780012c0b300914020003e
:10207c0000cab3000eb702000100000085f1220077
:10208c00a4f1220053d6200012c0b30091402000ce
:10209c0000cab3001eb8020001000000400c200072
:1020ac000e00400085f12200a4f12200800178008e
:1020bc0012c0b300d140200000cab3000eb702001a
:1020cc000100000085f12200a4f1220093d620002b
:1020dc0012c0b300d140200000cab3001eb80200e9
:1020ec000100000010c0b300004f7800ce409000fb
:1020fc00e0c5b30080cf500054003600ce409000b5
:10210c0040c6b30080cf500050003e00ce4090003f
:10211c00f0c5b30080cf500002003a00a0c0b3005d
:10212c0030c79900ce40900000c6b30080cf50005d
:10213c0002003a0080c0b30030c79900ce40900036
:10214c0010c6b30080cf500002003a0060c0b3004c
:10215c0030c79900ce40900020c6b30080cf50000d
:10216c0002003a0040c0b30030c79900ce40900046
:10217c0030c6b30080cf500002003a0020c0b3003c
:10218c0030c79900ce40900040c6b30080cf5000bd
:10219c0002003a000040eb0030c799003ec09100ad
:1021ac0076ce0200010000001047980000c6b30074
:1021bc0040c79900300c20000e00400085f1220031
:1021cc00a4f122008001780012c0b30091402000dd
:1021dc0000cab3000eb702000100000085f1220016
:1021ec00a4f1220053d6200012c0b300914020006d
:1021fc0000cab3001eb8020001000000400c200011
:10220c000e00400085f12200a4f12200800178002c
:10221c0012c0b300d140200000cab3000eb70200b8
:10222c000100000085f12200a4f1220093d62000c9
:10223c0012c0b300d140200000cab3001eb8020087
:10224c000100000010c0b300004f780085f122009f
:10225c00a4f12200f3d5200012c0b30031022000fb
:10226c0000cab3001eb8020001000000690047005c
:10227c003300200000017800f1f92a003ea0900004
:10228c00712107000000e000840332006900470060
:10229c00e8cb020001000000004f980040d620005f
:1022ac00104078000080fb000000e8000000e00017
:1022bc002200350040d62000104078000080fb0042
:1022cc008000e80040062000808f50001b003c007e
:1022dc009e489000b0c2b30080cf500017003a0067
:1022ec0040d62000104078008040e80040d6200006
:1022fc000148780085f12200a4f1220043d6200089
:10230c0012c0b3008140200000cab3000eb7020017
:10231c000100000085f12200a4f1220043d6200028
:10232c0012c0b3008140200000cab3001eb80200e6
:10233c000100000010c0b300004f780040d6200010
:10234c00104078000080fb000000e9000000e00075
:10235c002200350040d62000104078000080fb00a1
:10236c008000e90040062000808f50001b003c00dc
:10237c009e489000d0c2b30080cf500017003a00a6
:10238c0040d62000104078008040e90040d6200064
:10239c000148780085f12200a4f1220043d62000e8
:1023ac0012c0b3008140200000cab3000eb7020077
:1023bc000100000085f12200a4f1220043d6200088
:1023cc0012c0b3008140200000cab3001eb8020046
:1023dc000100000010c0b300004f780040d6200070
:1023ec00904078000e48900080cf50002b033200b4
:1023fc009e489000b0c2b30080cf5000270332003b
:10240c009e489000d0c2b30080cf5000230332000e
:10241c008e48900040d620000148780085f12200bb
:10242c00a4f1220043d6200012c0b300814020004a
:10243c0000cab3000eb702000100000085f12200b3
:10244c00a4f1220043d6200012c0b300814020002a
:10245c0000cab3001eb802000100000010c0b30097
:10246c00004f78000040eb00504798008e489000d9
:10247c0051479800de40900020c5b30080cf50003b
:10248c00fe013e005e4090000004e00002003a00b5
:10249c00a0cbb30030c799005e409000e14f5000d4
:1024ac0002003a0020cab30030c799005e40900089
:1024bc00e24f500002003a0000cab30030c7990046
:1024cc005e409000e34f500002003a00e0c9b300b8
:1024dc0030c799005e409000e44f500002003a0073
:1024ec00c0c9b30030c799005e409000e54f500062
:1024fc0002003a00a0c9b30030c799005e409000ba
:10250c00e64f500002003a0080c9b30030c7990072
:10251c005e409000e74f500002003a0060c9b300e3
:10252c0030c799005e409000e84f500002003a001e
:10253c0040c9b30030c799005e409000e94f50008d
:10254c0002003a0020c9b30030c799005e409000e9
:10255c00ea4f500002003a0000c9b30030c799009e
:10256c005e409000eb4f500002003a00e0c8b30010
:10257c0030c799005e409000ec4f500002003a00ca
:10258c00c0c8b30030c799005e409000ed4f5000ba
:10259c0002003a00a0c8b30030c799005e4090001a
:1025ac00ee4f500002003a0080c8b30030c79900cb
:1025bc005e409000ef4f500002003a0060c8b3003c
:1025cc0030c799005e409000f04f500002003a0076
:1025dc0040c8b30030c799005e409000f14f5000e6
:1025ec0002003a0020c8b30030c799005e4090004a
:1025fc00f24f500002003a0000c8b30030c79900f7
:10260c005e409000f34f500002003a00e0c7b30068
:10261c0030c799005e409000f44f500002003a0021
:10262c00c0c7b30030c799005e409000f54f500012
:10263c0002003a00a0c7b30030c799005e4090007a
:10264c00f64f500002003a0080c7b30030c7990023
:10265c005e409000f74f500002003a0060c7b30094
:10266c0030c799005e409000f84f500002003a00cd
:10267c0040c7b30030c799005e409000f94f50003e
:10268c0002003a0020c7b30030c799005e409000aa
:10269c00fa4f500002003a0000c7b30030c799004f
:1026ac005e409000fb4f500002003a00e0c6b300c1
:1026bc0030c799005e409000fc4f500002003a0079
:1026cc00c0c6b30030c799005e409000fd4f50006b
:1026dc0002003a00a0c6b30030c799005e409000db
:1026ec00fe4f500002003a0080c6b30030c799007c
:1026fc005e409000ff4f500002003a0060c6b300ed
:10270c0030c79900de40900000c2b30080cf50006b
:10271c0002003a0040c6b30030c79900de4090007a
:10272c0010c2b30080cf500002003a0020c6b300a4
:10273c0030c79900de40900020c2b30080cf50001b
:10274c0002003a0000c6b30030c79900de4090008a
:10275c0030c2b30080cf500002003a00e0c5b30095
:10276c0030c79900de40900040c2b30080cf5000cb
:10277c0002003a00c0c5b30030c79900de4090009b
:10278c0050c2b30080cf500002003a00a0c5b30085
:10279c0030c79900de40900060c2b30080cf50007b
:1027ac0002003a0080c5b30030c79900de409000ab
:1027bc0070c2b30080cf500002003a0060c5b30075
:1027cc0030c79900de40900080c2b30080cf50002b
:1027dc0002003a0040c5b30030c79900de409000bb
:1027ec0090c2b30080cf500002003a0020c5b30065
:1027fc0030c79900de409000a0c2b30080cf5000db
:10280c0002003a0000c5b30030c79900de409000ca
:10281c00b0c2b30080cf500002003a00e0c4b30055
:10282c0030c79900de409000c0c2b30080cf50008a
:10283c0002003a00c0c4b30030c79900de409000db
:10284c00d0c2b30080cf500002003a00a0c4b30045
:10285c0030c79900de409000e0c2b30080cf50003a
:10286c0002003a0080c4b30030c79900de409000eb
:10287c00f0c2b30080cf500002003a0060c4b30035
:10288c0030c79900de40900000c3b30080cf5000e9
:10289c0002003a0040c4b30030c79900de409000fb
:1028ac0010c3b30080cf500002003a0020c4b30024
:1028bc0030c79900de40900020c3b30080cf500099
:1028cc0002003a0000c4b30030c79900de4090000b
:1028dc0030c3b30080cf500002003a00e0c3b30015
:1028ec0030c79900de40900040c3b30080cf500049
:1028fc0002003a00c0c3b30030c79900de4090001c
:10290c0050c3b30080cf500002003a00a0c3b30004
:10291c0030c79900de40900060c3b30080cf5000f8
:10292c0002003a0080c3b30030c79900de4090002b
:10293c0070c3b30080cf500002003a0060c3b300f4
:10294c0030c79900de40900080c3b30080cf5000a8
:10295c0002003a0040c3b30030c79900de4090003b
:10296c0090c3b30080cf500002003a0020c3b300e4
:10297c0030c79900de409000a0c3b30080cf500058
:10298c0002003a0000c3b30030c79900de4090004b
:10299c00b0c3b30080cf500002003a00e0c2b300d5
:1029ac0030c79900de409000c0c3b30080cf500008
:1029bc0002003a00c0c2b30030c79900de4090005c
:1029cc00d0c3b30080cf500002003a00a0c2b300c5
:1029dc0030c79900de409000e0c3b30080cf5000b8
:1029ec0002003a0080c2b30030c79900de4090006c
:1029fc00f0c3b30080cf500002003a0060c2b300b5
:102a0c0030c79900de40900000c4b30080cf500066
:102a1c0002003a0040c2b30030c79900de4090007b
:102a2c0010c4b30080cf500002003a0020c2b300a3
:102a3c0030c79900de40900020c4b30080cf500016
:102a4c0002003a0000c2b30030c79900de4090008b
:102a5c0030c4b30080cf500002003a00e0c1b30094
:102a6c0030c79900de40900040c4b30080cf5000c6
:102a7c0002003a00c0c1b30030c79900de4090009c
:102a8c0050c4b30080cf500002003a00a0c1b30084
:102a9c0030c79900de40900060c4b30080cf500076
:102aac0002003a0080c1b30030c79900de409000ac
:102abc0070c4b30080cf500002003a0060c1b30074
:102acc0030c79900de40900080c4b30080cf500026
:102adc0002003a0040c1b30030c79900de409000bc
:102aec0090c4b30080cf500002003a0020c1b30064
:102afc0030c79900de409000a0c4b30080cf5000d6
:102b0c0002003a0000c1b30030c79900de409000cb
:102b1c00b0c4b30080cf500002003a00e0c0b30054
:102b2c0030c79900de409000c0c4b30080cf500085
:102b3c0002003a00c0c0b30030c79900de409000dc
:102b4c00d0c4b30080cf500002003a00a0c0b30044
:102b5c0030c79900de409000e0c4b30080cf500035
:102b6c0002003a0080c0b30030c79900de409000ec
:102b7c00f0c4b30080cf500002003a0060c0b30034
:102b8c0030c79900de40900000c5b30080cf5000e4
:102b9c0002003a0040c0b30030c79900de409000fc
:102bac0010c5b30080cf500002003a0020c0b30023
:102bbc0030c79900de40900020c5b30080cf500094
:102bcc0002003a000040eb0030c799003ec0910073
:102bdc0076ce020001000000104798000040eb0088
:102bec0040c79900300c20000e00400085f12200f7
:102bfc00a4f122008001780012c0b300b140200083
:102c0c0000cab3000eb702000100000085f12200db
:102c1c00a4f1220073d6200012c0b300b1402000f2
:102c2c0000cab3001eb8020001000000400c2000d6
:102c3c000e00400085f12200a4f1220080017800f2
:102c4c0012c0b300f140200000cab3000eb702005e
:102c5c000100000085f12200a4f12200b3d620006f
:102c6c0012c0b300f140200000cab3001eb802002d
:102c7c000100000010c0b300004f7800de4090004f
:102c8c0020c5b30080cf500054003600de409000c9
:102c9c0080c5b30080cf500050003e00de40900055
:102cac0030c5b30080cf500002003a00a0c0b30082
:102cbc0030c79900de40900040c5b30080cf500073
:102ccc0002003a0080c0b30030c79900de4090008b
:102cdc0050c5b30080cf500002003a0060c0b30072
:102cec0030c79900de40900060c5b30080cf500023
:102cfc0002003a0040c0b30030c79900de4090009b
:102d0c0070c5b30080cf500002003a0020c0b30061
:102d1c0030c79900de40900080c5b30080cf5000d2
:102d2c0002003a000040eb0030c799003ec0910011
:102d3c0076ce0200010000001047980000c2b300dc
:102d4c0040c79900300c20000e00400085f1220095
:102d5c00a4f122008001780012c0b300b140200021
:102d6c0000cab3000eb702000100000085f122007a
:102d7c00a4f1220073d6200012c0b300b140200091
:102d8c0000cab3001eb8020001000000400c200075
:102d9c000e00400085f12200a4f122008001780091
:102dac0012c0b300f140200000cab3000eb70200fd
:102dbc000100000085f12200a4f12200b3d620000e
:102dcc0012c0b300f140200000cab3001eb80200cc
:102ddc000100000010c0b300004f7800de409000ee
:102dec0080c5b30080cf500054003600de40900008
:102dfc00e0c5b30080cf500050003e00de40900094
:102e0c0090c5b30080cf500002003a00a0c0b300c0
:102e1c0030c79900de409000a0c5b30080cf5000b1
:102e2c0002003a0080c0b30030c79900de40900029
:102e3c00b0c5b30080cf500002003a0060c0b300b0
:102e4c0030c79900de409000c0c5b30080cf500061
:102e5c0002003a0040c0b30030c79900de40900039
:102e6c00d0c5b30080cf500002003a0020c0b300a0
:102e7c0030c79900de409000e0c5b30080cf500011
:102e8c0002003a000040eb0030c799003ec09100b0
:102e9c0076ce0200010000001047980000c4b30079
:102eac0040c79900300c20000e00400085f1220034
:102ebc00a4f122008001780012c0b300b1402000c0
:102ecc0000cab3000eb702000100000085f1220019
:102edc00a4f1220073d6200012c0b300b140200030
:102eec0000cab3001eb8020001000000400c200014
:102efc000e00400085f12200a4f122008001780030
:102f0c0012c0b300f140200000cab3000eb702009b
:102f1c000100000085f12200a4f12200b3d62000ac
:102f2c0012c0b300f140200000cab3001eb802006a
:102f3c000100000010c0b300004f7800de4090008c
:102f4c00e0c5b30080cf500054003600de40900046
:102f5c0040c6b30080cf500050003e00de409000d1
:102f6c00f0c5b30080cf500002003a00a0c0b300ff
:102f7c0030c79900de40900000c6b30080cf5000ef
:102f8c0002003a0080c0b30030c79900de409000c8
:102f9c0010c6b30080cf500002003a0060c0b300ee
:102fac0030c79900de40900020c6b30080cf50009f
:102fbc0002003a0040c0b30030c79900de409000d8
:102fcc0030c6b30080cf500002003a0020c0b300de
:102fdc0030c79900de40900040c6b30080cf50004f
:102fec0002003a000040eb0030c799003ec091004f
:102ffc0076ce0200010000001047980000c6b30016
:10300c0040c79900300c20000e00400085f12200d2
:10301c00a4f122008001780012c0b300b14020005e
:10302c0000cab3000eb702000100000085f12200b7
:10303c00a4f1220073d6200012c0b300b1402000ce
:10304c0000cab3001eb8020001000000400c2000b2
:10305c000e00400085f12200a4f1220080017800ce
:10306c0012c0b300f140200000cab3000eb702003a
:10307c000100000085f12200a4f12200b3d620004b
:10308c0012c0b300f140200000cab3001eb8020009
:10309c000100000010c0b300004f78006900470029
:1030ac00330020000001780041fa2a003ea0900075
:1030bc00e51d07000000e000260032006900470013
:1030cc00e8cb020001000000004f98000e48900071
:1030dc000004e0001f0032000e489000ee4f50003c
:1030ec001c003e0000d62000904078000e48900056
:1030fc0080cf50001700320069004700e8cb020077
:10310c000100000001d620008048780085f12200e3
:10311c00a4f1220003d6200012c0b30051022000fb
:10312c0000cab3000eb702000100000085f12200b6
:10313c00a4f1220003d6200012c0b30051022000db
:10314c0000cab3001eb802000100000010c0b3009a
:10315c00004f780069004700430020000001780010
:10316c0091fa2a003ea09000b71d07000000e00075
:10317c0004003200690047000cd10200010000007d
:10318c00004f9800690047004300200000017800c0
:10319c00e1fa2a003ea09000ab1d07000000e00001
:1031ac0004003200690047000cd10200010000004d
:1031bc00004f980069004700430020000001780090
:1031cc0031fb2a003ea090009f1d07000000e0008c
:1031dc0004003200690047000cd10200010000001d
:1031ec00004f980069004700430020000001780060
:1031fc0081fb2a003ea09000931d07000000e00018
:10320c0004003200690047000cd1020001000000ec
:10321c00004f98006900470043002000000178002f
:10322c00e1fb2a003ea09000871d07000000e00093
:10323c0004003200690047000cd1020001000000bc
:10324c00004f9800690047004300200000017800ff
:10325c0041fc2a003ea090007b1d07000000e0000e
:10326c0004003200690047000cd10200010000008c
:10327c00004f9800690047004300200000017800cf
:10328c00a1fc2a003ea090006f1d07000000e0008a
:10329c0004003200690047000cd10200010000005c
:1032ac00004f98006900470043002000000178009f
:1032bc0001fd2a003ea09000631d07000000e00005
:1032cc0004003200690047000cd10200010000002c
:1032dc00004f98006900470043002000000178006f
:1032ec0071fd2a003ea09000571d07000000e00071
:1032fc00a7013200690047000cd102000100000058
:10330c00004f98009e489000b0c2b30080cf500090
:10331c00bd003a00c0d520009040780040c3b300f7
:10332c0080cf50003a003e00c0d52000904078007d
:10333c0000c2b30080cf5000350036001e4078002c
:10334c000004e00032003a00c0d520009040780024
:10335c0010c2b30080cf500016003a00c0d5200038
:10336c0041c5b3000148780085f12200a4f1220088
:10337c00c3d5200012c0b3000102200000cab30064
:10338c000eb702000100000085f12200a4f122001a
:10339c00c3d5200012c0b3000102200000cab30044
:1033ac001eb802000100000010c0b300004f7800ee
:1033bc0017003700c0d52000104078008040e9008d
:1033cc00c0d520000148780085f12200a4f122002c
:1033dc00c3d5200012c0b3000102200000cab30004
:1033ec000eb702000100000085f12200a4f12200ba
:1033fc00c3d5200012c0b3000102200000cab300e4
:10340c001eb802000100000010c0b300004f78008d
:10341c00c0d520009040780040c5b30080cf50004c
:10342c003a003e00c0d5200090407800a0c4b30004
:10343c0080cf5000350036001e4078000004e000bc
:10344c0032003a00c0d5200090407800b0c4b300e0
:10345c0080cf500016003a00c0d5200041c7b30001
:10346c000148780085f12200a4f12200c3d5200088
:10347c0012c0b3000102200000cab3000eb7020054
:10348c000100000085f12200a4f12200c3d5200028
:10349c0012c0b3000102200000cab3001eb8020023
:1034ac000100000010c0b300004f78001700370077
:1034bc00c0d52000104078008040e900c0d5200025
:1034cc000148780085f12200a4f12200c3d5200028
:1034dc0012c0b3000102200000cab3000eb70200f4
:1034ec000100000085f12200a4f12200c3d52000c8
:1034fc0012c0b3000102200000cab3001eb80200c3
:10350c000100000010c0b300004f7800c0d52000af
:10351c009040780040c7b30080cf50003a003e0086
:10352c00c0d5200090407800f0c5b30080cf50008b
:10353c00350036001e4078000004e00032003a00ee
:10354c00c0d520009040780000c6b30080cf50005a
:10355c0016003a00c0d5200001c6b300014878001f
:10356c0085f12200a4f12200c3d5200012c0b300c3
:10357c000102200000cab3000eb7020001000000d7
:10358c0085f12200a4f12200c3d5200012c0b300a3
:10359c000102200000cab3001eb8020001000000a6
:1035ac0010c0b300004f780017003700c0d52000c2
:1035bc00104078008040e900c0d520000148780018
:1035cc0085f12200a4f12200c3d5200012c0b30063
:1035dc000102200000cab3000eb702000100000077
:1035ec0085f12200a4f12200c3d5200012c0b30043
:1035fc000102200000cab3001eb802000100000046
:10360c0010c0b300004f78009e489000d0c2b300a9
:10361c0080cf5000bd003a00c0d52000904078000b
:10362c0040c3b30080cf50003a003e00c0d520000c
:10363c009040780000c2b30080cf500035003600b7
:10364c001e4078000004e00032003a00c0d5200093
:10365c009040780040c3b30080cf500016003a0071
:10366c00c0d5200041c3b3000148780085f1220089
:10367c00a4f12200c3d5200012c0b3000102200027
:10368c0000cab3000eb702000100000085f1220051
:10369c00a4f12200c3d5200012c0b3000102200007
:1036ac0000cab3001eb802000100000010c0b30035
:1036bc00004f780017003700c0d52000104078006c
:1036cc008040e800c0d520000148780085f1220038
:1036dc00a4f12200c3d5200012c0b30001022000c7
:1036ec0000cab3000eb702000100000085f12200f1
:1036fc00a4f12200c3d5200012c0b30001022000a7
:10370c0000cab3001eb802000100000010c0b300d4
:10371c00004f7800c0d520009040780040c5b30021
:10372c0080cf50003a003e00c0d520009040780079
:10373c00a0c4b30080cf5000350036001e40780086
:10374c000004e00032003a00c0d520009040780020
:10375c0040c5b30080cf500016003a00c0d5200001
:10376c0011c2b3000148780085f12200a4f12200b7
:10377c00c3d5200012c0b3000102200000cab30060
:10378c000eb702000100000085f12200a4f1220016
:10379c00c3d5200012c0b3000102200000cab30040
:1037ac001eb802000100000010c0b300004f7800ea
:1037bc0017003700c0d52000104078008040e8008a
:1037cc00c0d520000148780085f12200a4f1220028
:1037dc00c3d5200012c0b3000102200000cab30000
:1037ec000eb702000100000085f12200a4f12200b6
:1037fc00c3d5200012c0b3000102200000cab300e0
:10380c001eb802000100000010c0b300004f780089
:10381c00c0d520009040780040c7b30080cf500046
:10382c003a003e00c0d5200090407800f0c5b300af
:10383c0080cf5000350036001e4078000004e000b8
:10384c0032003a00c0d520009040780040c7b30049
:10385c0080cf500016003a00c0d52000b1c4b30090
:10386c000148780085f12200a4f12200c3d5200084
:10387c0012c0b3000102200000cab3000eb7020050
:10388c000100000085f12200a4f12200c3d5200024
:10389c0012c0b3000102200000cab3001eb802001f
:1038ac000100000010c0b300004f78001700370073
:1038bc00c0d52000104078008040e800c0d5200022
:1038cc000148780085f12200a4f12200c3d5200024
:1038dc0012c0b3000102200000cab3000eb70200f0
:1038ec000100000085f12200a4f12200c3d52000c4
:1038fc0012c0b3000102200000cab3001eb80200bf
:10390c000100000010c0b300004f78008e489000fa
:10391c00c0d520001040780080cf50002400320029
:10392c009e489000b0c2b30080cf500020003200ff
:10393c009e489000d0c2b30080cf50001c003200d3
:10394c006800470085f12200a4f122008001780074
:10395c0012c0b3000102200000cab3000eb702006f
:10396c000100000085f12200a4f12200c3d5200043
:10397c0012c0b3000102200000cab3001eb802003e
:10398c000100000010c0b300004f780008003700a1
:10399c0085f12200a4f12200c3d5200012c0b3008f
:1039ac000102200000cab3001eb802000100000092
:1039bc00690047004300200000017800d1fd2a0077
:1039cc003ea09000a01b07000000e000a701320001
:1039dc00690047000cd1020001000000004f980064
:1039ec009e489000b0c2b30080cf5000bd003a009a
:1039fc00e0d520009040780040c3b30080cf500049
:103a0c003a003e00e0d520009040780000c2b300a0
:103a1c0080cf5000350036001e4078000004e000d6
:103a2c0032003a00e0d520009040780010c2b3007c
:103a3c0080cf500016003a00e0d5200041c5b300fd
:103a4c000148780085f12200a4f12200e3d5200082
:103a5c0012c0b3002102200000cab3000eb702004e
:103a6c000100000085f12200a4f12200e3d5200022
:103a7c0012c0b3002102200000cab3001eb802001d
:103a8c000100000010c0b300004f78001700370091
:103a9c00e0d52000104078008040e900e0d52000ff
:103aac000148780085f12200a4f12200e3d5200022
:103abc0012c0b3002102200000cab3000eb70200ee
:103acc000100000085f12200a4f12200e3d52000c2
:103adc0012c0b3002102200000cab3001eb80200bd
:103aec000100000010c0b300004f7800e0d52000aa
:103afc009040780040c5b30080cf50003a003e00a3
:103b0c00e0d5200090407800a0c4b30080cf5000d6
:103b1c00350036001e4078000004e00032003a0008
:103b2c00e0d5200090407800b0c4b30080cf5000a6
:103b3c0016003a00e0d5200041c7b30001487800d8
:103b4c0085f12200a4f12200e3d5200012c0b300bd
:103b5c002102200000cab3000eb7020001000000d1
:103b6c0085f12200a4f12200e3d5200012c0b3009d
:103b7c002102200000cab3001eb8020001000000a0
:103b8c0010c0b300004f780017003700e0d52000bc
:103b9c00104078008040e900e0d520000148780012
:103bac0085f12200a4f12200e3d5200012c0b3005d
:103bbc002102200000cab3000eb702000100000071
:103bcc0085f12200a4f12200e3d5200012c0b3003d
:103bdc002102200000cab3001eb802000100000040
:103bec0010c0b300004f7800e0d520009040780062
:103bfc0040c7b30080cf50003a003e00e0d5200013
:103c0c0090407800f0c5b30080cf500035003600ee
:103c1c001e4078000004e00032003a00e0d520009d
:103c2c009040780000c6b30080cf500016003a00d8
:103c3c00e0d5200001c6b3000148780085f12200d0
:103c4c00a4f12200e3d5200012c0b3002102200011
:103c5c0000cab3000eb702000100000085f122007b
:103c6c00a4f12200e3d5200012c0b30021022000f1
:103c7c0000cab3001eb802000100000010c0b3005f
:103c8c00004f780017003700e0d520001040780076
:103c9c008040e900e0d520000148780085f1220041
:103cac00a4f12200e3d5200012c0b30021022000b1
:103cbc0000cab3000eb702000100000085f122001b
:103ccc00a4f12200e3d5200012c0b3002102200091
:103cdc0000cab3001eb802000100000010c0b300ff
:103cec00004f78009e489000d0c2b30080cf5000a7
:103cfc00bd003a00e0d520009040780040c3b300ee
:103d0c0080cf50003a003e00e0d520009040780073
:103d1c0000c2b30080cf5000350036001e40780042
:103d2c000004e00032003a00e0d52000904078001a
:103d3c0040c3b30080cf500016003a00e0d52000fd
:103d4c0041c3b3000148780085f12200a4f12200a0
:103d5c00e3d5200012c0b3002102200000cab3003a
:103d6c000eb702000100000085f12200a4f1220030
:103d7c00e3d5200012c0b3002102200000cab3001a
:103d8c001eb802000100000010c0b300004f780004
:103d9c0017003700e0d52000104078008040e80084
:103dac00e0d520000148780085f12200a4f1220022
:103dbc00e3d5200012c0b3002102200000cab300da
:103dcc000eb702000100000085f12200a4f12200d0
:103ddc00e3d5200012c0b3002102200000cab300ba
:103dec001eb802000100000010c0b300004f7800a4
:103dfc00e0d520009040780040c5b30080cf500043
:103e0c003a003e00e0d5200090407800a0c4b300fa
:103e1c0080cf5000350036001e4078000004e000d2
:103e2c0032003a00e0d520009040780040c5b30045
:103e3c0080cf500016003a00e0d5200011c2b3002c
:103e4c000148780085f12200a4f12200e3d520007e
:103e5c0012c0b3002102200000cab3000eb702004a
:103e6c000100000085f12200a4f12200e3d520001e
:103e7c0012c0b3002102200000cab3001eb8020019
:103e8c000100000010c0b300004f7800170037008d
:103e9c00e0d52000104078008040e800e0d52000fc
:103eac000148780085f12200a4f12200e3d520001e
:103ebc0012c0b3002102200000cab3000eb70200ea
:103ecc000100000085f12200a4f12200e3d52000be
:103edc0012c0b3002102200000cab3001eb80200b9
:103eec000100000010c0b300004f7800e0d52000a6
:103efc009040780040c7b30080cf50003a003e009d
:103f0c00e0d5200090407800f0c5b30080cf500081
:103f1c00350036001e4078000004e00032003a0004
:103f2c00e0d520009040780040c7b30080cf50000f
:103f3c0016003a00e0d52000b1c4b3000148780067
:103f4c0085f12200a4f12200e3d5200012c0b300b9
:103f5c002102200000cab3000eb7020001000000cd
:103f6c0085f12200a4f12200e3d5200012c0b30099
:103f7c002102200000cab3001eb80200010000009c
:103f8c0010c0b300004f780017003700e0d52000b8
:103f9c00104078008040e800e0d52000014878000f
:103fac0085f12200a4f12200e3d5200012c0b30059
:103fbc002102200000cab3000eb70200010000006d
:103fcc0085f12200a4f12200e3d5200012c0b30039
:103fdc002102200000cab3001eb80200010000003c
:103fec0010c0b300004f78008e489000e0d5200040
:103ffc001040780080cf5000240032009e48900082
:10400c00b0c2b30080cf5000200032009e48900018
:10401c00d0c2b30080cf50001c00320068004700b3
:10402c0085f12200a4f122008001780012c0b300b7
:10403c002102200000cab3000eb7020001000000ec
:10404c0085f12200a4f12200e3d5200012c0b300b8
:10405c002102200000cab3001eb8020001000000bb
:10406c0010c0b300004f78000800370085f1220023
:10407c00a4f12200e3d5200012c0b30021022000dd
:10408c0000cab3001eb8020001000000690047001e
:10409c00430020000001780041fe2a003ea0900061
:1040ac00e91907000000e000a70132006900470091
:1040bc000cd1020001000000004f98009e489000b7
:1040cc00b0c2b30080cf5000bd003a00d0d6200063
:1040dc009040780040c3b30080cf50003a003e00bf
:1040ec00d0d620009040780000c2b30080cf5000a2
:1040fc00350036001e4078000004e00032003a0023
:10410c00d0d620009040780010c2b30080cf500071
:10411c0016003a00d0d6200041c5b3000148780003
:10412c0085f12200a4f12200d3d6200012c0b300e6
:10413c001141200000cab3000eb7020001000000bc
:10414c0085f12200a4f12200d3d6200012c0b300c6
:10415c001141200000cab3001eb80200010000008b
:10416c0010c0b300004f780017003700d0d62000e5
:10417c00104078008040e900d0d62000014878003b
:10418c0085f12200a4f12200d3d6200012c0b30086
:10419c001141200000cab3000eb70200010000005c
:1041ac0085f12200a4f12200d3d6200012c0b30066
:1041bc001141200000cab3001eb80200010000002b
:1041cc0010c0b300004f7800d0d62000904078008b
:1041dc0040c5b30080cf50003a003e00d0d620003e
:1041ec0090407800a0c4b30080cf5000350036005a
:1041fc001e4078000004e00032003a00d0d62000c7
:10420c0090407800b0c4b30080cf500016003a0044
:10421c00d0d6200041c7b3000148780085f12200b8
:10422c00a4f12200d3d6200012c0b300114120000b
:10423c0000cab3000eb702000100000085f1220095
:10424c00a4f12200d3d6200012c0b30011412000eb
:10425c0000cab3001eb802000100000010c0b30079
:10426c00004f780017003700d0d62000104078009f
:10427c008040e900d0d620000148780085f122006a
:10428c00a4f12200d3d6200012c0b30011412000ab
:10429c0000cab3000eb702000100000085f1220035
:1042ac00a4f12200d3d6200012c0b300114120008b
:1042bc0000cab3001eb802000100000010c0b30019
:1042cc00004f7800d0d620009040780040c7b30053
:1042dc0080cf50003a003e00d0d6200090407800ad
:1042ec00f0c5b30080cf5000350036001e4078007a
:1042fc000004e00032003a00d0d620009040780054
:10430c0000c6b30080cf500016003a00d0d6200073
:10431c0001c6b3000148780085f12200a4f1220007
:10432c00d3d6200012c0b3001141200000cab30044
:10433c000eb702000100000085f12200a4f122005a
:10434c00d3d6200012c0b3001141200000cab30024
:10435c001eb802000100000010c0b300004f78002e
:10436c0017003700d0d62000104078008040e900bc
:10437c00d0d620000148780085f12200a4f122005b
:10438c00d3d6200012c0b3001141200000cab300e4
:10439c000eb702000100000085f12200a4f12200fa
:1043ac00d3d6200012c0b3001141200000cab300c4
:1043bc001eb802000100000010c0b300004f7800ce
:1043cc009e489000d0c2b30080cf5000bd003a0090
:1043dc00d0d620009040780040c3b30080cf50006e
:1043ec003a003e00d0d620009040780000c2b300c6
:1043fc0080cf5000350036001e4078000004e000ed
:10440c0032003a00d0d620009040780040c3b30070
:10441c0080cf500016003a00d0d6200041c3b30024
:10442c000148780085f12200a4f12200d3d62000a7
:10443c0012c0b3001141200000cab3000eb7020035
:10444c000100000085f12200a4f12200d3d6200047
:10445c0012c0b3001141200000cab3001eb8020004
:10446c000100000010c0b300004f780017003700a7
:10447c00d0d62000104078008040e800d0d6200034
:10448c000148780085f12200a4f12200d3d6200047
:10449c0012c0b3001141200000cab3000eb70200d5
:1044ac000100000085f12200a4f12200d3d62000e7
:1044bc0012c0b3001141200000cab3001eb80200a4
:1044cc000100000010c0b300004f7800d0d62000cf
:1044dc009040780040c5b30080cf50003a003e00b9
:1044ec00d0d6200090407800a0c4b30080cf5000fc
:1044fc00350036001e4078000004e00032003a001f
:10450c00d0d620009040780040c5b30080cf50003a
:10451c0016003a00d0d6200011c2b3000148780032
:10452c0085f12200a4f12200d3d6200012c0b300e2
:10453c001141200000cab3000eb7020001000000b8
:10454c0085f12200a4f12200d3d6200012c0b300c2
:10455c001141200000cab3001eb802000100000087
:10456c0010c0b300004f780017003700d0d62000e1
:10457c00104078008040e800d0d620000148780038
:10458c0085f12200a4f12200d3d6200012c0b30082
:10459c001141200000cab3000eb702000100000058
:1045ac0085f12200a4f12200d3d6200012c0b30062
:1045bc001141200000cab3001eb802000100000027
:1045cc0010c0b300004f7800d0d620009040780087
:1045dc0040c7b30080cf50003a003e00d0d6200038
:1045ec0090407800f0c5b30080cf50003500360005
:1045fc001e4078000004e00032003a00d0d62000c3
:10460c009040780040c7b30080cf500016003a00ad
:10461c00d0d62000b1c4b3000148780085f1220047
:10462c00a4f12200d3d6200012c0b3001141200007
:10463c0000cab3000eb702000100000085f1220091
:10464c00a4f12200d3d6200012c0b30011412000e7
:10465c0000cab3001eb802000100000010c0b30075
:10466c00004f780017003700d0d62000104078009b
:10467c008040e800d0d620000148780085f1220067
:10468c00a4f12200d3d6200012c0b30011412000a7
:10469c0000cab3000eb702000100000085f1220031
:1046ac00a4f12200d3d6200012c0b3001141200087
:1046bc0000cab3001eb802000100000010c0b30015
:1046cc00004f78008e489000d0d620001040780023
:1046dc0080cf5000240032009e489000b0c2b3003e
:1046ec0080cf5000200032009e489000d0c2b30012
:1046fc0080cf50001c0032006800470085f122007a
:10470c00a4f122008001780012c0b30011412000f6
:10471c0000cab3000eb702000100000085f12200b0
:10472c00a4f12200d3d6200012c0b3001141200006
:10473c0000cab3001eb802000100000010c0b30094
:10474c00004f78000800370085f12200a4f1220008
:10475c00d3d6200012c0b3001141200000cab30010
:10476c001eb8020001000000a1fe2a00f0b32000d8
:10477c007afa02000100000030079800be00900099
:10478c00f0b3200080804000b0d5200010407800ad
:10479c000041eb00c8ce020001000000be009000fa
:1047ac000080400030079800be009000f0b320005d
:1047bc0000804000a1ff2a007afa020001000000ec
:1047cc00be0090000080400030079800be009000b2
:1047dc00f0b3200080804000d0d52000104078003d
:1047ec000041eb00c8ce020001000000be009000aa
:1047fc000080400030079800be009000f0b320000d
:10480c000080400011002b007afa02000100000029
:10481c00be0090000080400030079800be00900061
:10482c00f0b3200080804000f0d5200010407800cc
:10483c000041eb00c8ce020001000000be00900059
:10484c000080400030079800be009000f0b32000bc
:10485c000080400071002b007afa02000100000079
:10486c00be0090000080400030079800be00900011
:10487c00f0b320008080400040d62000104078002b
:10488c000041eb00c8ce020001000000be00900009
:10489c000080400030079800be009000f0b320006c
:1048ac0000804000d1002b007afa020001000000c9
:1048bc00be0090000080400030079800be009000c1
:1048cc00f0b320008080400000d62000104078001b
:1048dc000041eb00c8ce020001000000be009000b9
:1048ec000080400030079800be009000f0b320001c
:1048fc000080400031012b007afa02000100000018
:10490c00be0090000080400030079800be00900070
:10491c00f0b320000080400091012b007afa0200d5
:10492c0001000000be00900000804000300798009d
:10493c00be009000f0b320008080400050d62000d4
:10494c00104078004ed00200010000003e009000a4
:10495c000080e80030079800be009000f0b3200003
:10496c0000804000b1012b007afa02000100000027
:10497c00be0090000080400030079800be00900000
:10498c00f0b320000080400091012b007afa020065
:10499c0001000000be00900000804000300798002d
:1049ac00be009000f0b320008080400060d6200054
:1049bc00104078004ed00200010000003e00900034
:1049cc000080e80030079800be009000f0b3200093
:1049dc000080400011022b007afa02000100000056
:1049ec00be0090000080400030079800be00900090
:1049fc00f0b320000080400091012b007afa0200f5
:104a0c0001000000be0090000080400030079800bc
:104a1c00be009000f0b320008080400070d62000d3
:104a2c00104078004ed00200010000003e009000c3
:104a3c000080e80030079800be009000f0b3200022
:104a4c000080400071022b007afa02000100000085
:104a5c00be0090000080400030079800be0090001f
:104a6c00f0b320000080400091012b007afa020084
:104a7c0001000000be00900000804000300798004c
:104a8c00be009000f0b320008080400080d6200053
:104a9c00104078004ed00200010000003e00900053
:104aac000080e80030079800be009000f0b32000b2
:104abc0000804000e1022b007afa020001000000a5
:104acc00be0090000080400030079800be009000af
:104adc00f0b320000080400091012b007afa020014
:104aec0001000000be0090000080400030079800dc
:104afc00be009000f0b320008080400090d62000d3
:104b0c00104078004ed00200010000003e009000e2
:104b1c000080e80030079800be009000f0b3200041
:104b2c000080400051032b007afa020001000000c3
:104b3c00be0090000080400030079800be0090003e
:104b4c00f0b320000080400091012b007afa0200a3
:104b5c0001000000be00900000804000300798006b
:104b6c00be009000f0b3200080804000a0d6200052
:104b7c00104078004ed00200010000003e00900072
:104b8c000080e80030079800be009000f0b32000d1
:104b9c0000804000c1032b007afa020001000000e3
:104bac00be0090000080400030079800be009000ce
:104bbc00f0b320000080400091012b007afa020033
:104bcc0001000000be0090000080400030079800fb
:104bdc00be009000f0b3200080804000b0d62000d2
:104bec00104078004ed00200010000003e00900002
:104bfc000080e80030079800be009000f0b3200061
:104c0c000080400031042b007afa02000100000001
:104c1c00be0090000080400030079800be0090005d
:104c2c00f0b3200000804000b1042b007afa02009f
:104c3c0001000000be00900000804000300798008a
:104c4c00be009000f0b3200080804000c0d6200051
:104c5c00104078004ed00200010000003e00900091
:104c6c000080e80030079800be009000f0b32000f0
:104c7c0000804000e1042b007afa020001000000e1
:104c8c00be0090000080400030079800be009000ed
:104c9c00f0b320000080400041052b007afa02009e
:104cac0001000000be00900000804000300798001a
:104cbc00be009000f0b320000080400091012b005a
:104ccc007afa020001000000be0090000080400053
:104cdc0030079800be009000f0b3200080804000a8
:104cec00c0d52000104078004ed00200010000001a
:104cfc003e0090000080e80030079800be00900055
:104d0c00f0b3200000804000b1052b007afa0200bd
:104d1c0001000000be0090000080400030079800a9
:104d2c00be009000f0b320000080400091012b00e9
:104d3c007afa020001000000be00900000804000e2
:104d4c0030079800be009000f0b320008080400037
:104d5c00e0d52000104078004ed002000100000089
:104d6c003e0090000080e80030079800be009000e4
:104d7c00f0b320000080400031062b007afa0200cc
:104d8c0001000000be009000008040003007980039
:104d9c00be009000f0b320000080400091012b0079
:104dac007afa020001000000be0090000080400072
:104dbc0030079800be009000f0b3200080804000c7
:104dcc00d0d62000104078004ed002000100000028
:104ddc003e0090000080e800300798001e407800ec
:104dec00e14f50000d003a00e08c22007040900022
:104dfc000004e00009003200e08c22001000780072
:104e0c00610060000000e00004003a00e08c220029
:104e1c00704090005edf0200010000000080fa008c
:104e2c0000000600b800fa00209f9800319f9800ff
:104e3c00a1062b000e0078007afa02000100000097
:104e4c00be9890000e00780011ea07000080fa006e
:104e5c00000006000800fa002007980031079800af
:104e6c00c10f2b00f0b320007afa02000100000001
:104e7c00000f78000000eb00100798003a00370094
:104e8c001e009000f50f5000340032001e00900000
:104e9c00e40f5000310032001e009000e50f50006e
:104eac002e0032001e009000e60f50002b00320046
:104ebc001e009000e70f5000280032001e009000ea
:104ecc00f00f5000250032009e007800f0b3200057
:104edc0000804000f1942a007afa020001000000e0
:104eec001e0f40009e007800f0b320008080400030
:104efc001e009000004078000041eb00c8ce02007c
:104f0c00010000001e0f40009e007800f0b320004e
:104f1c000080400021952a007afa0200010000006e
:104f2c001e0f40009e007800f0b32000008140006e
:104f3c001e0090006600b90000007800e4004000fc
:104f4c0000312100008040001000780082007800c1
:104f5c00facc0200010000001e0f40001e00900061
:104f6c000000e800100798001e009000f70f50009a
:104f7c00c3ff34009e007800f0b320000080400096
:104f8c0031102b007afa0200010000001e0f4000c5
:104f9c009e007800f0b320008080400040e12000ab
:104fac00104078000041eb00c8ce02000100000068
:104fbc001e0f40000080fa0000000600aa00fa0054
:104fcc0030979800419798000040eb0040479800bc
:104fdc006600470081102b007afa020001000000e5
:104fec0010079800660047001e1107000060fe00c5
:104ffc006600470081132b007afa020001000000c2
:10500c001007980066004700ce90900094dd0700d2
:10501c000060fe0066004700f1162b007afa0200d1
:10502c0001000000100798001e009000e6004700e9
:10503c00008040000041eb0080007800e0c1b3002c
:10504c00c8ce0200010000009e00900000804000cd
:10505c0010079800e40047006600470062e1070073
:10506c000060fe0066004700d11a2b007afa02009d
:10507c0001000000100798001e009000e600470099
:10508c000080400080007800e07f2000facc020015
:10509c00010000009e009000008040001007980066
:1050ac00e4004700660047004fe107000060fe0087
:1050bc0066004700d11d2b007afa020001000000a7
:1050cc0010079800e40047006600470055ff0700f2
:1050dc000060fe000000eb00000f78001e0037009f
:1050ec0066004700a11e2b007afa020001000000a6
:1050fc00100798001e009000e600470080804000da
:10510c001e007800004078000041eb00c8ce020081
:10511c00010000009e0090000080400010079800e5
:10512c001e009000e600470000804000111f2b007d
:10513c007afa0200010000009e00900000804000fe
:10514c0010079800e4004700660047008bdf07005b
:10515c000060fe001e0fe8001e007800e90f5000f2
:10516c00dfff360066004700b11f2b007afa020001
:10517c000100000010079800e4004700660047009b
:10518c005de5070020002000000f78001e003700ae
:10519c006600470051212b007afa02000100000042
:1051ac00100798001e009000e60047008080400029
:1051bc001e007800004078000041eb00c8ce0200d1
:1051cc00010000009e009000008040001007980035
:1051dc001e009000e600470000804000c1212b001b
:1051ec007afa0200010000009e009000008040004e
:1051fc0010079800e4004700660047003ee50700f2
:10520c000060fe001e0fe8001e007800e40f500046
:10521c00dfff3400e0d8200001cab3000148780059
:10522c0085f12200a4f12200e3d8200012c0b300c3
:10523c00a103200000cab3000eb702000100000059
:10524c0085f12200a4f12200e3d8200012c0b300a3
:10525c00a103200000cab3001eb802000100000028
:10526c00e006210051c0b3000148780085f122000e
:10527c00a4f12200e306210012c0b300c1032000f8
:10528c0000cab3000eb7020001000000f0062100b6
:10529c0001c5b3000148780085f12200a4f1220079
:1052ac00f306210012c0b300d103200000cab300e2
:1052bc000eb7020001000000c05d200001002000bc
:1052cc00006b8900116b8900c05d2000010020007b
:1052dc00206b8900316b890000d6220085f12200f9
:1052ec00a4f122008001780042c0b300112d2000ef
:1052fc0000cab3000eb702000100000040d6220025
:10530c0085f12200a4f122008001780042c0b30094
:10531c00512d200000cab3000eb70200010000009e
:10532c0040d6220085f12200a4f1220080017800f1
:10533c0042c0b300512d200000cab3001eb80200b9
:10534c000100000000d6220085f12200a4f1220009
:10535c008001780042c0b300112d200000cab300b8
:10536c001eb8020001000000c0d7220041c6b300e5
:10537c000148780085f12200a4f12200c3d7220055
:10538c0012c0b300c12e200000cab3000eb7020039
:10539c000100000085f12200a4f12200c3d72200f5
:1053ac0012c0b300c12e200000cab3001eb8020008
:1053bc0001000000d0d7220051c0b3000148780092
:1053cc0085f12200a4f12200d3d7220012c0b30031
:1053dc00d12e200000cab3000eb70200010000005d
:1053ec0085f12200a4f12200d3d7220012c0b30011
:1053fc00d12e200000cab3001eb80200010000002c
:10540c00f0d8200051cab3000148780085f1220081
:10541c00a4f12200f3d8200012c0b300b12e20005a
:10542c0000cab3000eb702000100000085f1220093
:10543c00a4f12200f3d8200012c0b300b12e20003a
:10544c0000cab3001eb8020001000000400d23008a
:10545c004079890080f2220085f12200a4f122001b
:10546c008001780022c0b300f12e200000cab300e6
:10547c000eb70200010000000000eb00407989002b
:10548c0080f2220085f12200a4f122008001780034
:10549c0022c0b300f12e200000cab3001eb80200d7
:1054ac0001000000006b230050798900a0f222005b
:1054bc0085f12200a4f122008001780022c0b30003
:1054cc00112f200000cab3000eb70200010000002b
:1054dc000000eb0050798900a0f2220085f1220037
:1054ec00a4f122008001780022c0b300112f20000b
:1054fc0000cab3001eb8020001000000401f2000cb
:10550c0060798900c0f2220085f12200a4f122000a
:10551c008001780022c0b300312f200000cab300f4
:10552c000eb70200010000000000eb00607989005a
:10553c00c0f2220085f12200a4f122008001780043
:10554c0022c0b300312f200000cab3001eb80200e5
:10555c0001000000e0f222008040eb0001487800de
:10556c0085f12200a4f12200e3f2220012c0b30064
:10557c004102200000cab3000eb702000100000077
:10558c0085f12200a4f12200e3f2220012c0b30044
:10559c004102200000cab3001eb802000100000046
:1055ac0000cd220021c3b3000148780085f1220010
:1055bc00a4f1220003cd220012c0b300b12f2000b1
:1055cc0000cab3000eb702000100000085f12200f2
:1055dc00a4f1220003cd220012c0b300b12f200091
:1055ec0000cab3001eb802000100000040012000f8
:1055fc00806b880000d7200085f12200a4f12200e6
:10560c008001780022c0b3009142200000cab30090
:10561c000eb702000100000000d7200085f1220027
:10562c00a4f122008001780022c0b3009142200036
:10563c0000cab3001eb8020001000000002b2100bc
:10564c00d1c2b3000148780085f12200a4f12200f8
:10565c00032b210012c0b300e103200000cab300e9
:10566c000eb702000100000085f12200a4f1220017
:10567c00032b210012c0b300e103200000cab300c9
:10568c001eb8020001000000102b2100c1c3b300a2
:10569c000148780085f12200a4f12200132b21008f
:1056ac0012c0b300f103200000cab3000eb7020011
:1056bc000100000085f12200a4f12200132b21002f
:1056cc0012c0b300f103200000cab3001eb80200e0
:1056dc0001000000702e210061c1b3000148780068
:1056ec0085f12200a4f12200732e210012c0b30018
:1056fc00c12f200000cab3000eb702000100000049
:10570c0085f12200a4f12200732e210012c0b300f7
:10571c00c12f200000cab3001eb802000100000017
:10572c00802e210091c1b3000148780085f1220040
:10573c00a4f12200832e210012c0b300d12f20002f
:10574c0000cab3000eb702000100000085f1220070
:10575c00a4f12200832e210012c0b300d12f20000f
:10576c0000cab3001eb8020001000000902e2100f8
:10577c00e1c4b3000148780085f12200a4f12200b5
:10578c00932e210012c0b300e12f200000cab300f9
:10579c000eb702000100000085f12200a4f12200e6
:1057ac00932e210012c0b300e12f200000cab300d9
:1057bc001eb8020001000000d1222b00f0b3200023
:1057cc007afa020001000000100798000080fa002d
:1057dc00000006000800fa00200798003107980026
:1057ec0061232b00f0b320007afa020001000000c4
:1057fc00000f78000000eb0010079800180037002d
:10580c001e0090000000e000070034009e007800ad
:10581c00f0b3200000804000a1952a007afa020023
:10582c00010000001e0f4000522a22001e009000b2
:10583c007f00b90000007800800041001e01780054
:10584c00f0b32000000041007afa020001000000d1
:10585c001e0f40001e0090000000e800100798008a
:10586c001e009000e30f5000e5ff34009e0078000e
:10587c00f0b320000080400001242b007afa0200d3
:10588c00010000001e0f4000113222001e017800a2
:10589c00f0b32000000041007afa02000100000081
:1058ac001e0f40000080fa00000006000600fa00ff
:1058bc001007980021079800130020000e017800b3
:1058cc0021242b001e009000df1307000000e000d5
:1058dc000f0032009e40780010c3b30080cf500000
:1058ec0004003a0011c0b30000012000f245020090
:1058fc00010000009e40780020c3b30080cf500010
:10590c0003003a00d00621008040eb0001487800eb
:10591c00130020000e01780071242b001e00900053
:10592c00c91307000000e000070032009e40780019
:10593c0010c3b30080cf500003003a00c080200099
:10594c008040eb0001487800130020000e01780025
:10595c00f1242b001e009000bb1307000000e00098
:10596c00070032009e40780010c3b30080cf500077
:10597c0003003a00e02a210011c0b300014878006e
:10598c00f0b32000ebd507000080fa000000060001
:10599c000c00fa0040079800510798000e80e800b0
:1059ac00330020000001780001d12a004e00900045
:1059bc00a51307000000e00038003200ae40900054
:1059cc0010c3b30080cf500034003a0000ee220028
:1059dc00104078000004e00030003a0000ee220095
:1059ec0011c0b3000148780010002000c09c880052
:1059fc0041252b00f0b320007afa020001000000d0
:105a0c00000f78009e007800f0b32000008040006a
:105a1c0080007800600521005fd507000080fb0046
:105a2c001e0f40000e80e8003300200000017800bb
:105a3c0011262b004e009000831307000000e0009d
:105a4c00160032000e80e8008ed00200010000002b
:105a5c00806b880000d7200085f12200a4f1220081
:105a6c008001780022c0b3009142200000cab3002c
:105a7c000eb702000100000000d7200085f12200c3
:105a8c00a4f122008001780022c0b30091422000d2
:105a9c0000cab3001eb80200010000000080fa002a
:105aac00000006000a00fa00300798004107980031
:105abc0061262b00f0b320007afa020001000000ee
:105acc00000f78009e007800f0b3200000804000aa
:105adc0080007800001721002fd507000080fb0004
:105aec001e0f40009e007800f0b3200000804000a4
:105afc0041272b007afa0200010000001e0f400023
:105b0c009e007800f0b3200080804000c08b8000a5
:105b1c00facc0200010000001e0f40009e0078002d
:105b2c00f0b320000080400021992a007afa02008c
:105b3c00010000001e0f40009e007800f0b3200012
:105b4c0080804000a0172100104078000041eb003d
:105b5c00c8ce0200010000001e0f40009e0078001d
:105b6c00f0b320000080400091272b007afa02004d
:105b7c00010000001e0f4000e00920001e00500034
:105b8c00100798001e0090000000e0001500340083
:105b9c009e009000f0092000808f500011003c0006
:105bac009e0090000007210000804000904078008b
:105bbc0041479800010721001e017800f0b3200036
:105bcc00000041007afa0200010000001e0f4000a4
:105bdc009e0090000007210000804000ce40900005
:105bec00014878009e007800f0b32000008040004f
:105bfc00e1272b007afa0200010000001e0f400082
:105c0c00f00420009e007800808f500058003c006b
:105c1c009e007800f0b320000080400001282b008b
:105c2c007afa0200010000001e0f40009e0078006e
:105c3c00f0b320000080400080007800c0272100d5
:105c4c00d5d407000080fb001e0f40009e0078009a
:105c5c00f0b320000080400041272b007afa0200ac
:105c6c00010000001e0f40009e007800f0b32000e1
:105c7c008080400020948000facc020001000000db
:105c8c001e0f40009e007800f0b320000080400002
:105c9c0021992a007afa0200010000001e0f400030
:105cac009e007800f0b32000808040006028210026
:105cbc00104078000041eb00c8ce0200010000004b
:105ccc001e0f40009e007800f0b3200000804000c2
:105cdc0091272b007afa0200010000001e0f4000f1
:105cec00e00920001e005000100798001e009000d4
:105cfc000000e000170034009e009000f009200026
:105d0c00808f500013003c001e009000c11020003a
:105d1c008080400000072100008040009040780007
:105d2c0041479800c11721001e017800f0b32000f4
:105d3c00000041007afa0200010000001e0f400032
:105d4c009e009000c017210000804000ce409000c3
:105d5c00014878009e007800f0b3200000804000dd
:105d6c00a1282b007afa0200010000001e0f40004f
:105d7c000080fa00000006000800fa0020079800d6
:105d8c00310798000e80e800130020000001780015
:105d9c0001d12a002e009000ab1207000000e00099
:105dac003a003200ae40900010c3b30080cf5000d8
:105dbc0004003200ae40900020c3b30080cf5000ee
:105dcc0032003a003e0090000000e00007003a006c
:105ddc002e4090008040780000cdb30080c0400081
:105dec00e0e0200001487800280037003e009000d9
:105dfc006cfb0200010000000000e00023003200f8
:105e0c00a0dd2000104078000004e0000e003a00f5
:105e1c00be009000a0dd20007afa02000100000014
:105e2c002e4090008040780000cdb30080c0400030
:105e3c0000e120000148780060ca220011c0b300c4
:105e4c00014878001100370040df20001040780036
:105e5c000004e0000d003a00be00900040df20007e
:105e6c007afa0200010000002e4090008040780079
:105e7c0000cdb30080c0400010e120000148780044
:105e8c0060ca220011c0b3000148780060ca220029
:105e9c00104078000004e00052003a00d1282b009a
:105eac00f0b320007afa020001000000000f780025
:105ebc009e007800f0b3200080804000e0e02000dd
:105ecc00104078000041eb00c8ce02000100000039
:105edc001e0f40009e007800f0b3200000804000b0
:105eec00b1292b007afa0200010000001e0f4000bd
:105efc00a0dd2000104078000004e0000800320013
:105f0c009e007800f0b3200000804000a1dd20004e
:105f1c007afa0200010000001e0f40000700370053
:105f2c009e007800f0b3200000804000f18d2a0024
:105f3c007afa0200010000001e0f40009e0078005b
:105f4c00f0b3200000804000212a2b007afa0200d6
:105f5c00010000001e0f400040df200010407800c0
:105f6c000004e000080032009e007800f0b320002e
:105f7c000080400041df20007afa0200010000009e
:105f8c001e0f4000070037009e007800f0b3200081
:105f9c0000804000f18d2a007afa02000100000016
:105fac001e0f40009e007800f0b3200000804000df
:105fbc00912a2b007afa0200010000001e0f40000b
:105fcc009e007800f0b3200080804000f0e02000bc
:105fdc00104078000041eb00c8ce02000100000028
:105fec001e0f40000080fa00000006000800fa00b6
:105ffc002007980031079800f12a2b00f0b32000fd
:10600c007afa020001000000000f78000e80e80010
:10601c00130020000001780001d12a002e0090000e
:10602c00091207000000e0000a003200ae409000a8
:10603c0010c3b30080cf500003003a0040df0200d1
:10604c00010000000500370000c3b3002047980092
:10605c000200370000c3b30020479800ae40900008
:10606c00f0b320001e004000014878001e0fe8002d
:10607c00f0b320001e0040008040eb000148780087
:10608c000080fa00000006000600fa0010079800d5
:10609c0021079800130020000e01780001d12a007e
:1060ac001e009000e81107000000e0000e00320016
:1060bc009e407800d0c4b30080cf500003003a005b
:1060cc0010cd220021c0b300014878009e4078001a
:1060dc0000c5b30080cf500003003a0010cd220061
:1060ec0011c0b3000148780010cd22001040780098
:1060fc000004e00004003200012c2b00f0b320005f
:10610c007afa0200010000000080fa00000006008c
:10611c000a00fa0030079800410798000040eb0095
:10612c00004f780064004700130020000001780045
:10613c00912c2b003e009000c31107000000e000e2
:10614c0006003200ce40900010c3b30080cf500048
:10615c0002003a0010c0b300004f7800012d2b0054
:10616c00f0b320007afa020001000000100798003a
:10617c001e407800106d0200010000000000e000dd
:10618c00170032001e4078000004e0000a003200c4
:10619c009e009000f0b3200000804000e12d2b0009
:1061ac007afa0200010000009e009000008040007e
:1061bc0010079800130037009e009000f0b32000e9
:1061cc0000804000a12e2b007afa02000100000092
:1061dc009e009000008040001007980009003700d6
:1061ec009e009000f0b3200000804000312f2b0067
:1061fc007afa0200010000009e009000008040002e
:10620c00100798000080fa00000006000800fa0051
:10621c0020079800310798000e80e800130020003a
:10622c000001780001d12a002e0090008611070091
:10623c000000e0001c003200ae40900010c3b30020
:10624c0080cf500007003a00409b8000e20f5000c6
:10625c0004003a0080dd200011c0b3000148780032
:10626c000300370080dd20008040eb0001487800ff
:10627c00b12f2b00f0b320007afa020001000000cd
:10628c00000f78009e007800f0b320008080400062
:10629c0080dd2000104078000041eb00c8ce0200e9
:1062ac00010000001e0f40000080fa0000000600f4
:1062bc000c00fa0040079800510798000e80e80087
:1062cc003300200000017800b1302b004e0090000c
:1062dc005d1107000000e0001a0032000e80e8009b
:1062ec00e8cb02000100000060479800ee409000ef
:1062fc00702e21001040780080cf50001100320029
:10630c006600470085f12200a4f12200800178008c
:10631c0012c0b300c12f200000cab3000eb7020098
:10632c000100000085f12200a4f12200732e21004f
:10633c0012c0b300c12f200000cab3001eb8020067
:10634c00010000000e80e8003300200000017800fe
:10635c0011312b004e0090003b1107000000e000b3
:10636c001a0032000e80e800e8cb020001000000a9
:10637c0060479800ee409000802e2100104078007d
:10638c0080cf5000110032006600470085f12200da
:10639c00a4f122008001780012c0b300d12f20009c
:1063ac0000cab3000eb702000100000085f1220004
:1063bc00a4f12200832e210012c0b300d12f2000a3
:1063cc0000cab3001eb80200010000000e80e800f5
:1063dc00330020000001780081312b004e0090002a
:1063ec00191107000000e0001d0032000e80e800cb
:1063fc00e8cb02000100000060479800ae4090001e
:10640c00e0c4b30080cf500004003200ae409000d6
:10641c0010c4b30080cf500011003a000e80e80089
:10642c0085f12200a4f122008001780012c0b30093
:10643c00e12f200000cab3000eb7020001000000db
:10644c0085f12200a4f12200932e210012c0b3008a
:10645c00e12f200000cab3001eb8020001000000aa
:10646c00e1312b00f0b320007afa020001000000a9
:10647c00000f78009e007800f0b320008080400070
:10648c00602e2100104078000041eb00c8ce0200c5
:10649c00010000001e0f40009e007800f0b32000a9
:1064ac0000804000c1322b007afa0200010000008b
:1064bc001e0f40009e007800f0b32000808040004a
:1064cc00702e2100104078000080fb00facc0200f6
:1064dc00010000001e0f40009e007800f0b3200069
:1064ec000080400031332b007afa020001000000da
:1064fc001e0f40009e007800f0b32000808040000a
:10650c00802e2100104078000080fb00facc0200a5
:10651c00010000001e0f40009e007800f0b3200028
:10652c0000804000b1332b007afa02000100000019
:10653c001e0f4000902e2100104078008040780003
:10654c00f0b320001e004000014878001e0fe80048
:10655c00f0b320001e0040008040eb0001487800a2
:10656c000080fa00000006000200fa00000f78001c
:10657c0070b12000104078000004e0001c003200d4
:10658c00010037001e0fe8001e00780090407800d4
:10659c0000c2b30080cf5000070032001e0078000c
:1065ac00104078000004e000f6ff3a0003003700ca
:1065bc001e0fe80001003700000000001e007800ec
:1065cc009040780000c2b30080cf5000f8ff32003a
:1065dc001e007800104078000004e0000400320037
:1065ec000041eb009e00780070b1200050110700b4
:1065fc00f0b320001fd107000080fa000000060055
:10660c001c00fa00500f9800930120000e01780036
:10661c0041d42a005e0890008b1007000000e000b7
:10662c000c0032009e407800a0c5b30080cf500013
:10663c0004003a0070b120008040eb000148780063
:10664c00040037008e00780070b120007afa020046
:10665c0001000000f0b3200006d107000080fa0012
:10666c00000006000a00fa00300798004107980065
:10667c000e80e800230020000001780021342b005c
:10668c003e009000701007000000e0002000320077
:10669c002e4090008040780000cdb30080c04000b8
:1066ac0000da20000148780000da20001040780061
:1066bc000004e0001300320000da200010407800e3
:1066cc00e44f50000f003e0061342b00f0b320006b
:1066dc007afa020001000000000f78009e0078009a
:1066ec00f0b320008080400000da200010407800d9
:1066fc000041eb00c8ce0200010000001e0f40005c
:10670c000300370000da20008040eb0001487800dd
:10671c000080fa00000006001200fa0070079800d2
:10672c00010f98000e80e800130020000001780093
:10673c0031352b007e009000431007000000e00074
:10674c0015003200ae40900030c5b30080cf500031
:10675c0005003a0081352b00f0b320007afa0200d4
:10676c0001000000000f7800ae409000e0c4b300c0
:10677c0080cf500008003a0061362b00f0b32000a7
:10678c007afa020001000000000f78000040eb00d4
:10679c00e0dd0200010000000080fa0000000600ad
:1067ac000400fa00000f780011079800106d8000ab
:1067bc00520a200080007800f0b320003c4f020009
:1067cc00010000000080fa00000006000c00fa0036
:1067dc003007980041079800224f98000e00e800ff
:1067ec00130020000001780041372b003e00900080
:1067fc00151007000000e000110032001e40900050
:10680c008040780000cdb30000c0400010479800d5
:10681c001e409000e64f500009003c009e40900046
:10682c003005210001487800e0042100e6ba02009e
:10683c0001000000e004210038ba02000100000051
:10684c000e00e800330020000001780081372b0097
:10685c003e009000fc0f07000000e0000800320032
:10686c009e40900010c3b30080cf500004003a004b
:10687c0011c0b30000022000f2450200010000002c
:10688c000e00e8003300200000017800d1372b0007
:10689c003e009000ec0f07000000e0000800320002
:1068ac009e40900010c3b30080cf500004003a000b
:1068bc0011c0b30000042000f245020001000000ea
:1068cc000e00e800330020000001780021382b0076
:1068dc003e009000dc0f07000000e00031003200a9
:1068ec009e40900010c3b30080cf500011003a00be
:1068fc00f0d8200090407800a0c5b30080cf5000a5
:10690c000c003a00f0d8200051cab30001487800be
:10691c0085f12200a4f12200f3d8200012c0b300ac
:10692c00b12e200000cab3000eb702000100000017
:10693c00140037009e40900000c3b30080cf50007d
:10694c0010003a00f0d8200090407800a0c5b300a9
:10695c0080cf50000b003200f0d82000a1c5b3004e
:10696c000148780085f12200a4f12200f3d8200020
:10697c0012c0b300b12e200000cab3000eb7020043
:10698c000100000085f12200a4f12200f3d82000c0
:10699c0012c0b300b12e200000cab3001eb8020012
:1069ac00010000000e00e800330020000001780018
:1069bc0071382b003e009000a30f07000000e00090
:1069cc001a0032000e00e800e8cb020001000000c3
:1069dc00004f780000d92000104078009e4f5000e6
:1069ec000a00320000d920001e48780085f12200f0
:1069fc00a4f1220003d9200012c0b300e12e200024
:106a0c0000cab3000eb702000100000085f122009d
:106a1c00a4f1220003d9200012c0b300e12e200003
:106a2c0000cab3001eb8020001000000106d800007
:106a3c00530a20002e49900080007800f0b320000b
:106a4c00e8410200010000000080fa00000006008e
:106a5c000a00fa0030079800410798000e80e80001
:106a6c001300200000017800c1382b003e0090007c
:106a7c00750f07000000e0000b003200ae409000e4
:106a8c0010c3b30080cf500004003a0011c0b30013
:106a9c0020c0b30032ce0700030037008040eb006b
:106aac0020c0b3002ece070021392b00f0b32000fc
:106abc007afa020001000000000f78009e007800b6
:106acc00f0b320008080400020cc220010407800e1
:106adc0012c0b300c8ce0200010000001e0f40001f
:106aec009e007800f0b3200000804000013a2b009b
:106afc007afa0200010000001e0f400080ca22003a
:106b0c00104078000004e000080032009e0078007d
:106b1c00f0b320000080400081ca22007afa020003
:106b2c00010000001e0f4000070037009e00780097
:106b3c00f0b3200000804000f18d2a007afa0200a8
:106b4c00010000001e0f40009e007800f0b32000f2
:106b5c0000804000613a2b007afa0200010000002c
:106b6c001e0f40009e007800f0b320000080400013
:106b7c008000780030cc220007d107000080fb0099
:106b8c001e0f40009e007800f0b3200000804000f3
:106b9c00b13a2b007afa0200010000001e0f4000ef
:106bac00e0d82000104078000080fb0062006000fc
:106bbc000000e000080032009e007800f0b32000d6
:106bcc000080400011902a007afa020001000000b7
:106bdc001e0f4000070037009e007800f0b3200025
:106bec000080400031902a007afa02000100000077
:106bfc001e0f40000e80e8001300200000017800fa
:106c0c0041e62a003e0090000f0f07000000e00054
:106c1c000e003200ae40900010c3b30080cf500085
:106c2c000a003a0020cc22008040eb00014878009a
:106c3c009e007800f0b3200000804000213b2b0028
:106c4c007afa0200010000001e0f40000080fa00da
:106c5c00000006000800fa00300798000e80e800db
:106c6c003300200000017800913b2b003e00900087
:106c7c00f50e07000000e000090032000e80e8006d
:106c8c008ed00200010000001040880040802000df
:106c9c008040eb0001487800401f2000d09888000d
:106cac00e13b2b00f0b320007afa02000100000057
:106cbc00000f78009e007800f0b320008080400028
:106ccc00104080000040780032c0b300c8ce0200f3
:106cdc00010000001e0f40009e007800f0b3200061
:106cec0000804000113d2b007afa020001000000e8
:106cfc001e0f4000e1e922001e017800f0b32000d5
:106d0c00000041007afa0200010000001e0f400052
:106d1c000080fa00000006000a00fa003007980014
:106d2c0041079800130020000e01780001d12a00c1
:106d3c003e009000c40e07000000e0003b00320053
:106d4c009e40780010c3b30080cf50000400320086
:106d5c009e40780020c3b30080cf500015003a004d
:106d6c001e4078008040780000cdb30080c0400009
:106d7c00e0dc200001487800640047000001780046
:106d8c00713d2b003e009000ecfb02000100000066
:106d9c000000e0000a003200e0dc20001040780027
:106dac00804078000134a000e0dc2000014878002d
:106dbc0003003700e0dc20008040eb000148780045
:106dcc004e0090000000e0001800320020cd2200a0
:106ddc00104078000004e00014003a00c2012000ca
:106dec008000eb0020cd2200f20402000000000025
:106dfc00ce00900020cd22007afa020001000000a3
:106e0c006400470000017800d13d2b003e0090004b
:106e1c00ecfb0200010000000000e0000300320067
:106e2c00d0ce220011c0b30001487800e0dc200075
:106e3c00104078000004e00007003200f0b320009e
:106e4c008040eb000148780060ca220011c0b300fa
:106e5c000148780011003700213e2b00f0b32000d0
:106e6c007afa020001000000200798002e00900022
:106e7c0080007800f0b3200080804000e0dc20002f
:106e8c001040780012c0b300c8ce02000100000010
:106e9c00ae00900001004000200798000080fa002e
:106eac00000006000200fa00000f7800d08a2200d1
:106ebc00104078000081fb00b08c2200104078005c
:106ecc008080fb00f01f8100821f7800811f7800fa
:106edc00801f7800303f2b00801f7800f0b320001b
:106eec00bc04020000000000e88757000080fa0094
:106efc00000006000400fa00000f7800110798004b
:106f0c00e0dc200011c0b3000148780060ca220008
:106f1c0011c0b300014878001e0090000000e00092
:106f2c000e00320020cd2200104078000004e0005a
:106f3c000a003a009e00900020cd22007afa02004e
:106f4c0001000000c0ce220011c0b300014878003f
:106f5c00d0ce22008040eb00014878000080fa007f
:106f6c00000006000e00fa00500798006107980018
:106f7c000e80e8001300200000017800f1402b0087
:106f8c005e009000300e07000000e0001c00320094
:106f9c00ae40900010c3b30080cf500018003a00f0
:106fac0050e1200011c0b300014878006e00900041
:106fbc000000e000120032006e00900010407800db
:106fcc000004e0000e003200ee00900080e1200092
:106fdc007afa0200010000006e0090008040eb0085
:106fec000148780060b1200010407800e94f500053
:106ffc0003003e0060b12000a1c0b300014878003e
:10700c000e80e800330020000001780041412b0085
:10701c005e0090000c0e07000000e0000b00320038
:10702c000e80e8002acc0200010000000000fb00ea
:10703c00b0708800b07080000000e00003003200e7
:10704c0050e120008040eb00014878000e80e80001
:10705c005300200000017800b1412b005e0090002d
:10706c00f90d07000000e000220032000e80e8005d
:10707c008ed0020001000000000f780040798100e2
:10708c009e007800808f50001a00320000e8230028
:10709c009e007800808f500016003e009e00780005
:1070ac004179890080f2220085f12200a4f12200ae
:1070bc008001780022c0b300f12e200000cab3007a
:1070cc000eb70200010000000000eb0040798900bf
:1070dc0080f2220085f12200a4f1220080017800c8
:1070ec0022c0b300f12e200000cab3001eb802006b
:1070fc00010000000e80e800530020000001780021
:10710c0001422b005e009000cf0d07000000e00054
:10711c00220032000e80e8008ed002000100000038
:10712c00000f7800507981009e007800808f50000d
:10713c001a003200400125009e007800808f50001c
:10714c0016003e009e00780051798900a0f22200c2
:10715c0085f12200a4f122008001780022c0b30046
:10716c00112f200000cab3000eb70200010000006e
:10717c000000eb0050798900a0f2220085f122007a
:10718c00a4f122008001780022c0b300112f20004e
:10719c0000cab3001eb80200010000000e80e80017
:1071ac00530020000001780051422b005e0090003b
:1071bc00a50d07000000e000220032000e80e80060
:1071cc008ed0020001000000000f78006079810071
:1071dc009e007800808f50001a003200007721004a
:1071ec009e007800808f500016003e009e007800b4
:1071fc0061798900c0f2220085f12200a4f12200fd
:10720c008001780022c0b300312f200000cab300e7
:10721c000eb70200010000000000eb00607989004d
:10722c00c0f2220085f12200a4f122008001780036
:10723c0022c0b300312f200000cab3001eb80200d8
:10724c00010000000e80e8003300200000017800ef
:10725c00b1422b005e0090007b0d07000000e000a7
:10726c001a0032000e80e800e8cb0200010000009a
:10727c00004f98008e489000e0f2220010407800f9
:10728c0080cf5000110032006800470085f12200c9
:10729c00a4f122008001780012c0b300410220004a
:1072ac0000cab3000eb702000100000085f12200f5
:1072bc00a4f12200e3f2220012c0b300410220002c
:1072cc0000cab3001eb8020001000000f0b3200099
:1072dc00dc470200010000000080fa0000000600fc
:1072ec000a00fa0030079800410798000e80e80069
:1072fc00330020000001780001d12a003e009000ec
:10730c00510d07000000e00025003200ae40900057
:10731c0010c3b30080cf500021003a0040d42200ab
:10732c0011c0b3000148780060c9b3004c5602008c
:10733c00010000000004e000190032004e00900033
:10734c000000e00013003200e0ce22001040780074
:10735c000004e00008003a00ce009000e0ce2200cd
:10736c007afa02000100000080d0220011c0b300a4
:10737c000148780007003700ce00900090d0220022
:10738c007afa02000100000030d2220011c0b300d2
:10739c00014878004e0090008040eb0001487800d6
:1073ac00f1422b00f0b320007afa02000100000039
:1073bc00000f78009e007800f0b320008080400021
:1073cc0040d42200104078000041eb00c8ce0200ef
:1073dc00010000001e0f40000080fa0000000600b3
:1073ec001a00fa00889fbe00300f9800410f9800d9
:1073fc0063004700330020000001780001d12a000f
:10740c003e089000100d07000000e0004d00320017
:10741c00e0d820009040780021479800be409000b2
:10742c0000c3b30080cf500018003200e0d8200019
:10743c0010407800804078000124a000e0d82000a3
:10744c0001487800be40900030c3b30080cf50009c
:10745c0007003a00e0d82000104078008040780007
:10746c000144a000e0d82000014878000d0037004e
:10747c00e0d8200010407800804078000144a10042
:10748c00e0d820000148780006003700e0d8200042
:10749c0090407800b0ceb30080c06000e0d82000ef
:1074ac0001487800e0d8200010407800ae409000f1
:1074bc0080cf50002300320085f12200a4f122007d
:1074cc00e3d8200012c0b300a103200000cab3000f
:1074dc000eb702000100000085f12200a4f1220089
:1074ec00e3d8200012c0b300a103200000cab300ef
:1074fc001eb8020001000000e0d820001040780007
:10750c000080fb00640060000000e0000700320017
:10751c0040f2220010407800804078000174a100f5
:10752c0040f22200014878000600370040f22200a9
:10753c0010407800804078000174a00040f22200d6
:10754c0001487800630047003300200000017800f8
:10755c00d1432b003e089000bb0c07000000e0005c
:10756c000e003200be40900010c3b30080cf50001c
:10757c0003003a0040d4220011c0b3000148780047
:10758c00be40900020c4b30080cf500003003a00ee
:10759c0040d4220021c0b3000148780063004700aa
:1075ac00330020000001780021442b003e0890009d
:1075bc00a50c07000000e0001a0032006300470031
:1075cc00e8cb02000100000040579800ce5090001c
:1075dc00c0d722001040780080cf5000110032003c
:1075ec007400470085f12200a4f12200800178008c
:1075fc0012c0b300c12e200000cab3000eb70200a7
:10760c000100000085f12200a4f12200c3d7220062
:10761c0012c0b300c12e200000cab3001eb8020075
:10762c0001000000630047003300200000017800d7
:10763c0061442b003e089000830c07000000e00022
:10764c001a00320063004700e8cb02000100000082
:10765c0040579800ce509000d0d7220010407800b0
:10766c0080cf5000110032007400470085f12200d9
:10767c00a4f122008001780012c0b300d12e2000aa
:10768c0000cab3000eb702000100000085f1220011
:10769c00a4f12200d3d7220012c0b300d12e2000b7
:1076ac0000cab3001eb802000100000063004700ce
:1076bc003300200000017800b1442b003e089000fc
:1076cc00610c07000000e00022003200be40900078
:1076dc0010c3b30080cf50001e003a0070c9b30035
:1076ec004c560200010000000004e00019003200ba
:1076fc004e0890000000e00013003200e0ce2200a3
:10770c00104078000004e00008003a00ce08900019
:10771c00e0ce22007afa02000100000080d02200a4
:10772c008040eb000148780007003700ce0890003d
:10773c0090d022007afa02000100000030d2220020
:10774c008040eb00014878004e0890008040eb0030
:10775c000148780063004700b30020000001780066
:10776c0001452b003e089000370c07000000e0009c
:10777c0021003200f0004700630047008041eb001d
:10778c0062c0b300a8560200010000000004e00033
:10779c00190032000e0990009e099000006b8100c8
:1077ac00116b8100800f5100818f59001200320043
:1077bc007000470085f12200a4f1220080017800be
:1077cc0042c0b300112d200000cab3000eb7020056
:1077dc000100000000d6220085f12200a4f1220055
:1077ec008001780042c0b300112d200000cab30004
:1077fc001eb802000100000063004700b300200027
:10780c000001780051452b003e0890000e0c07003b
:10781c000000e00021003200f00047006300470048
:10782c008041eb0062c0b300a856020001000000ca
:10783c000004e000190032000e0990009e0990002f
:10784c00206b8100316b8100800f5100818f5900ba
:10785c00120032007000470085f12200a4f12200d2
:10786c008001780042c0b300512d200000cab30043
:10787c000eb702000100000040d6220085f1220064
:10788c00a4f122008001780042c0b300512d2000e9
:10789c0000cab3001eb802000100000063004700dc
:1078ac00330020000001780081bb2a003e089000c4
:1078bc00e50b07000000e0000b003200be4090001a
:1078cc0010c3b30080cf500004003a0011c0b300c5
:1078dc0080c0b300a2ca0700030037008040eb0051
:1078ec0080c0b3009eca0700a1452b00f0b3200056
:1078fc007afa020001000000000f7800e0d82000a6
:10790c00104078000080fb00640060000000e00084
:10791c0016003200e0d82000104078000080fb00f8
:10792c00700060000000e000080032009e0078004b
:10793c00f0b320000080400051462b007afa020080
:10794c00010000001e0f40000f0037009e00780061
:10795c00f0b320000080400011902a007afa020057
:10796c00010000001e0f4000070037009e00780049
:10797c00f0b320000080400031902a007afa020017
:10798c00010000001e0f40009e007800f0b32000a4
:10799c0000804000e1972a007afa02000100000002
:1079ac001e0f40009e007800f0b320008080400045
:1079bc0040f22200104078000041eb00c8ce0200db
:1079cc00010000001e0f40009e007800f0b3200064
:1079dc000080400071462b007afa02000100000082
:1079ec001e0f40009e007800f0b320008080400005
:1079fc00c0d72200104078000041eb00c8ce020036
:107a0c00010000001e0f40009e007800f0b3200023
:107a1c0000804000c1462b007afa020001000000f1
:107a2c001e0f40009e007800f0b3200080804000c4
:107a3c00d0d72200104078000041eb00c8ce0200e5
:107a4c00010000001e0f40009e007800f0b32000e3
:107a5c000080400021472b007afa02000100000050
:107a6c001e0f40009e007800f0b320000081400003
:107a7c00006b8100116b8100c3c0b3008ccf02007e
:107a8c00010000001e0f40009e007800f0b32000a3
:107a9c000080400081472b007afa020001000000b0
:107aac001e0f40009e007800f0b3200000814000c3
:107abc00206b8100316b8100c3c0b3008ccf0200fe
:107acc00010000001e0f4000e0d82000104078009c
:107adc000080fb00640060000000e0009c013200ac
:107aec009e007800f0b3200000804000e1472b009e
:107afc007afa0200010000001e0f40009e00780080
:107b0c00f0b3200000814000306a8100416a81009e
:107b1c00c3c0b3008ccf0200010000001e0f400058
:107b2c009e007800f0b320000080400041482b00fc
:107b3c007afa0200010000001e0f40009e0078003f
:107b4c00f0b3200000814000706a8100816a8100de
:107b5c00c3c0b3008ccf0200010000001e0f400018
:107b6c0070d522001040780080407800f0b32000df
:107b7c001e004000014878001e0fe80040f2220071
:107b8c00104078000080fb00700060000000e000f6
:107b9c00080032009e007800f0b320000080400006
:107bac0061482b007afa0200010000001e0f400011
:107bbc00270037009e007800f0b3200000804000c2
:107bcc00d1482b007afa0200010000001e0f400081
:107bdc009e007800f0b3200000814000406b8100d3
:107bec00516b8100c3c0b3008ccf020001000000b8
:107bfc001e0f40009e007800f0b320000080400073
:107c0c0041482b007afa0200010000001e0f4000d0
:107c1c009e007800f0b3200000814000806b810052
:107c2c00916b8100c3c0b3008ccf02000100000037
:107c3c001e0f4000902821001040780080407800f2
:107c4c00f0b320001e004000014878001e0fe80031
:107c5c009e007800f0b320000080400031492b00da
:107c6c007afa0200010000001e0f40009e0078000e
:107c7c00f0b3200000814000506a8100616a8100ed
:107c8c00c3c0b3008ccf0200010000001e0f4000e7
:107c9c009e007800f0b320000080400041482b008b
:107cac007afa0200010000001e0f40009e007800ce
:107cbc00f0b3200000814000906a8100a16a81002d
:107ccc00c3c0b3008ccf0200010000001e0f4000a7
:107cdc0060d522001040780080407800f0b320007e
:107cec001e004000014878001e0fe80040f2220000
:107cfc00104078000080fb00700060000000e00085
:107d0c00080032009e007800f0b320000080400094
:107d1c0091492b007afa0200010000001e0f40006e
:107d2c00270037009e007800f0b320000080400050
:107d3c00014a2b007afa0200010000001e0f4000dd
:107d4c009e007800f0b3200000814000606b810041
:107d5c00716b8100c3c0b3008ccf02000100000026
:107d6c001e0f40009e007800f0b320000080400001
:107d7c0041482b007afa0200010000001e0f40005f
:107d8c009e007800f0b3200000814000a06b8100c1
:107d9c00b16b8100c3c0b3008ccf020001000000a6
:107dac001e0f400080282100104078008040780091
:107dbc00f0b320001e004000014878001e0fe800c0
:107dcc0040f22200104078000080fb007000600040
:107ddc000000e000080032009e007800f0b32000a4
:107dec0000804000614a2b007afa0200010000007a
:107dfc001e0f4000bd003700f00820009e007800e8
:107e0c00808f500027003c00786a8100896a8100cd
:107e1c00866b8100976b8100346a8100456a810012
:107e2c00426b8100536b81009028210090407800b8
:107e3c0070d522001040780000c068000080fb0064
:107e4c000000e9004f00de0000407800889fbe0073
:107e5c00be57020001000000e4875700c06a890089
:107e6c00d16a89009e007800f0b3200000804000a9
:107e7c00814b2b007afa0200010000001e0f40001b
:107e8c009e007800f0b3200000814000c06a8100a1
:107e9c00d16a8100c3c0b3008ccf02000100000086
:107eac001e0f4000f00820009e007800808f5000cc
:107ebc0027003c00986a8100a96a8100a66b8100aa
:107ecc00b76b8100546a8100656a8100626b810026
:107edc00736b8100802821009040780060d52200cf
:107eec001040780000c068000080fb000000e90032
:107efc004f00de0000407800889fbe00be57020095
:107f0c0001000000e4875700c06a8900d16a89002b
:107f1c009e007800f0b3200000804000e14b2b0065
:107f2c007afa0200010000001e0f40009e0078004b
:107f3c00f0b3200000814000c06a8100d16a81004a
:107f4c00c3c0b3008ccf0200010000001e0f400024
:107f5c00f00820009e007800808f500010003c003c
:107f6c009e007800f0b3200000804000414c2b00b4
:107f7c007afa0200010000001e0f40009e007800fb
:107f8c00f0b320008080400080d7220010407800a1
:107f9c000041eb00c8ce0200010000001e0f4000a3
:107fac00f00820009e007800808f50000e003c00ee
:107fbc009e007800f0b3200000804000914c2b0014
:107fcc007afa0200010000001e0f40009e007800ab
:107fdc00f0b3200080804000d06b8100facc02000e
:107fec00010000001e0f4000f00820009e007800e9
:107ffc00808f50003d003c009e007800f0b32000c4
:10800c0000804000e14c2b007afa020001000000d5
:10801c001e0f40009e007800f0b3200080804000ce
:10802c0060d822001040780022c0b300c8ce0200f5
:10803c00010000001e0f40009e007800f0b32000ed
:10804c008080400040d822001040780022c0b3004d
:10805c00c8ce0200010000001e0f40009e007800f8
:10806c00f0b320008080400030d82200104078000f
:10807c0022c0b300c8ce0200010000001e0f400059
:10808c009e007800f0b320008080400000d82200d1
:10809c001040780022c0b300c8ce020001000000de
:1080ac001e0f40009e007800f0b32000808040003e
:1080bc0010d822001040780022c0b300c8ce0200b5
:1080cc00010000001e0f40009e007800f0b320005d
:1080dc008080400020d822001040780022c0b300dd
:1080ec00c8ce0200010000001e0f400070092000e5
:1080fc009e007800808f500015003c00e0d82000d6
:10810c00104078000080fb00680060000000e00078
:10811c00080032009e007800f0b320000080400080
:10812c00314d2b007afa0200010000001e0f4000b6
:10813c00070037009e007800f0b32000008040005c
:10814c00c14d2b007afa0200010000001e0f400006
:10815c00f0b320001e0040008040eb000148780086
:10816c004f04be000080fa00000006000600fa0072
:10817c001007980021079800514e2b00f0b32000f7
:10818c007afa020001000000000f780040f2220091
:10819c00104078000080fb00700060000000e000e0
:1081ac00080032009e007800f0b3200000804000f0
:1081bc00314f2b007afa0200010000001e0f400024
:1081cc00470037009e007800f0b32000008140008b
:1081dc00406b8100516b8100c3c0b3008ccf020097
:1081ec00010000001e0f40009e007800f0b320003c
:1081fc000080400041482b007afa02000100000088
:10820c001e0f40009e007800f0b32000008140005b
:10821c00806b8100916b8100c3c0b3008ccf0200d6
:10822c00010000001e0f4000902821001040780033
:10823c0080407800f0b320001e0040000148780018
:10824c001e0fe8009e007800f0b320000080400074
:10825c00b14f2b007afa0200010000001e0f400003
:10826c009e007800f0b3200000814000606b81001c
:10827c00716b8100c3c0b3008ccf02000100000001
:10828c001e0f40009e007800f0b3200000804000dc
:10829c0041482b007afa0200010000001e0f40003a
:1082ac009e007800f0b3200000814000a06b81009c
:1082bc00b16b8100c3c0b3008ccf02000100000081
:1082cc001e0f40008028210010407800804078006c
:1082dc00f0b320001e004000014878001e0fe8009b
:1082ec009e007800f0b320000080400011502b005d
:1082fc007afa0200010000001e0f400040f222003a
:10830c00104078008080fb00100820000080600086
:10831c000000e00005003200f0b320001e00400019
:10832c0011c3b3000148780004003700f0b32000fb
:10833c001e00400001c3b300014878001e0fe80086
:10834c009e007800f0b320000080400061502b00ac
:10835c007afa0200010000001e0f40009e00780017
:10836c00f0b320008080400040f2220010407800e2
:10837c000041eb00c8ce0200010000001e0f4000bf
:10838c00f0b320001e0040008040eb000148780054
:10839c000080fa00000006000800fa002007980090
:1083ac0031079800e1502b00f0b320007afa02005c
:1083bc0001000000000f78000000eb00100798008f
:1083cc009e007800f0b32000808040001e009000da
:1083dc004200dd000080e80072ff2000624078005f
:1083ec0022c0b300c8ce0200010000001e0f4000e6
:1083fc009e007800f0b32000808040001e009000aa
:10840c004200dd0062ff20006240780022c0b30011
:10841c00c8ce0200010000001e0f40009e00780034
:10842c00f0b32000808040001e0090004200dd0070
:10843c0072ff20006240780022c0b300c8ce020058
:10844c00010000001e0f40009e007800f0b32000d9
:10845c00808040001e0090004200dd000080e8009b
:10846c0062ff20006240780022c0b300c8ce020038
:10847c00010000001e0f40009e007800f0b32000a9
:10848c0000804000e1952a007afa02000100000009
:10849c001e0f40001e0090000000e800100798001e
:1084ac001e009000f30f500004003c005009200007
:1084bc009e007800808f5000c1ff34000080fa00cd
:1084cc0000000600ce00fa0050a7980061a79800a3
:1084dc0071512b00f0b320007afa02000100000069
:1084ec00000f78002128810000202000008060000f
:1084fc000000e000a7013a00600481000000e000e9
:10850c00a4013a00404222008040eb000148780070
:10851c00404622008040eb00014878009e00780025
:10852c00f0b320000080400021522b007afa0200a8
:10853c00010000001e0f400068004700030c2000e3
:10854c000001780081522b005ea09000be0807004d
:10855c000000e0002b0032006800470003042000fc
:10856c0042422200d1522b00b70807000000eb005a
:10857c0010079800030037001e0090000000e80070
:10858c00100798009e009000f0032000808f500090
:10859c000f003c001e0090008080e800204222006a
:1085ac0000804000104078000004e0000800320019
:1085bc001e0090008080e8002042220000804000d5
:1085cc0090407800f0c2b30080cf5000eaff3a0030
:1085dc009e00900040422200008040008040eb0052
:1085ec00014878001e00900069004000e800470038
:1085fc000080400080007800404622007afa020099
:10860c00010000009e007800f0b3200000804000c4
:10861c00d1522b007afa0200010000001e0f40001c
:10862c009e007800f0b32000008040004142220000
:10863c007afa0200010000001e0f40009e00780034
:10864c00f0b3200000804000a1952a007afa0200c5
:10865c00010000001e0f40009e007800f0b32000c7
:10866c0000804000414622007afa0200010000001e
:10867c001e0f40009e007800f0b3200000804000e8
:10868c0061532b007afa0200010000001e0f40001b
:10869c00680047005300200000017800d1532b00e4
:1086ac005ea09000680807000000e00005003200a2
:1086bc00680047008ed002000100000010218900e4
:1086cc0002003700b01b2000102189009e007800aa
:1086dc00f0b320008080400010218100facc020011
:1086ec00010000001e0f40009e007800f0b3200037
:1086fc000080400031542b007afa02000100000087
:10870c001e0f400068004700130020000001780095
:10871c0091542b005ea090004b0807000000e00075
:10872c008000320068004700e8cb02000100000026
:10873c0041502200804878009e007800f0b3200061
:10874c008080400040502200104078000080fb00e8
:10875c00facc0200010000001e0f40004050220025
:10876c00104078000004e00005003a00e1542b00b2
:10877c00404e22007afa0200010000006900370026
:10878c004050220010407800e14f500005003a00a4
:10879c00a1552b00404e22007afa02000100000085
:1087ac00600037004050220010407800e24f50002b
:1087bc0005003a00a1562b00404e22007afa020026
:1087cc000100000057003700405022001040780094
:1087dc00e34f500005003a0091572b00404e220009
:1087ec007afa0200010000004e00370040502200cf
:1087fc0010407800e44f50004a003a0068004700ef
:10880c001300200000017800b1582b005ea09000ee
:10881c000d0807000000e00042003200680047002d
:10882c00e8cb020001000000704798007e409000e9
:10883c000080fb00e30f500021003200e30f5000da
:10884c0007003c00e10f500013003200e10f500014
:10885c0016003c000000e0000a0032003100370036
:10886c00e50f500020003200e50f500019003500d4
:10887c00e60f500021003200e70f500024003200b8
:10888c0028003700219a2a00404e22007afa020072
:10889c000100000023003700c19a2a00404e22003c
:1088ac007afa0200010000001e00370001592b006b
:1088bc00404e22007afa0200010000001900370035
:1088cc00a1592b00404e22007afa02000100000050
:1088dc0014003700e19d2a00404e22007afa020073
:1088ec00010000000f003700619b2a00404e22005f
:1088fc007afa0200010000000a003700019c2a00ed
:10890c00404e22007afa02000100000005003700f8
:10891c00a19c2a00404e22007afa020001000000bd
:10892c000000000068004700630020000001780090
:10893c00315a2b005ea09000c30707000000e00036
:10894c0012003200680047008ed0020001000000c7
:10895c00707889009e007800f0b320000080400001
:10896c00a15a2b007afa0200010000001e0f4000f1
:10897c009e007800f0b32000808040007078810069
:10898c00facc0200010000001e0f400068004700f6
:10899c006300200000017800215b2b005ea090009a
:1089ac00a90707000000e00015003200680047002e
:1089bc0096cc020001000000807889009178890033
:1089cc009e007800f0b3200000804000b15b2b00cb
:1089dc007afa0200010000001e0f40009e00780091
:1089ec00f0b32000008140008078810091788100f4
:1089fc0063c0b3008ccf0200010000001e0f4000ca
:108a0c00680047004300200000017800515c2b00f7
:108a1c005ea090008c0707000000e0001f003200f1
:108a2c00680047008ed0020001000000200798006b
:108a3c002e009000e20f500002003e00300020009b
:108a4c0020079800ae009000f00f2000808f50009f
:108a5c0002003600f00f200020079800ae009000b6
:108a6c00a17889009e007800f0b3200000804000bf
:108a7c00c15c2b007afa0200010000001e0f4000be
:108a8c009e007800f0b3200080804000a078810028
:108a9c00facc0200010000001e0f400068004700e5
:108aac003300200000017800415d2b005ea0900097
:108abc00650707000000e0001d0032006800470059
:108acc00e8cb02000100000060479800ee409000e7
:108adc0040c6b30080cf50000200360040c6b30041
:108aec006047980060f12200ee4090000148780049
:108afc009e007800f0b3200000804000b15d2b0098
:108b0c007afa0200010000001e0f40009e0078005f
:108b1c00f0b320008080400060f12200104078000b
:108b2c000080fb00facc0200010000001e0f400088
:108b3c0040422200104078000004e0001e00320089
:108b4c0040462200104078000004e000190032007a
:108b5c006ea090000000e00005003200eea0900036
:108b6c00e05022007afa02000100000003003700f6
:108b7c00e05022008040eb00014878002028810062
:108b8c000090a000202889000000eb00302889000c
:108b9c00090037009e007800f0b3200000804000f0
:108bac00315e2b007afa0200010000001e0f40001b
:108bbc000100370000000000f0b320001e00400050
:108bcc008040eb00014878000080fa0000000600ad
:108bdc005e00fa00302f9800412f9800522f980019
:108bec00632f98000e80e8009301200000017800ac
:108bfc0041d42a003e289000130707000000e00033
:108c0c005e0032007c004700630020000001780009
:108c1c00515f2b003e2890000b0707000000e0007e
:108c2c006c0032007c0047008000780020b32000ec
:108c3c00ce050200000000000000e00065003a00d4
:108c4c00300220000e004000920120008000eb005a
:108c5c00f204020000000000300220000e00400070
:108c6c0084f12200a3f122000001780061022000af
:108c7c0000cab30012f90200010000000040eb0032
:108c8c00407f98008e80e800300220000e004000eb
:108c9c0042fc020001000000e54f50004d00360080
:108cac0010b3200010407800e34f500049003a0008
:108cbc0010b3200041c0b300014878004e2890004a
:108ccc000000e000290032005e2890000000e00067
:108cdc00260032006e2890000000e00023003200d5
:108cec00d00320000e004000915f2b007afa0200a6
:108cfc0001000000000f78001e007800d103200056
:108d0c008e80400000804000de2890007afa02003d
:108d1c00010000001e0f40001e007800d10320004f
:108d2c008e8040000080400001242b007afa020063
:108d3c00010000001e0f40001e007800d10320002f
:108d4c008e80400000804000ee2890007afa0200ed
:108d5c00010000001e0f4000d00320000e00400058
:108d6c0012c0b3008000eb0024d9070060ca2200b7
:108d7c0011c0b30001487800160037000e80e800df
:108d8c00930120000001780031352b003e28900023
:108d9c00ad0607000000e00007003200ae40900076
:108dac0010c3b30080cf500003003a0010b3200072
:108dbc0021c0b3000148780010b3200010407800a7
:108dcc000004e00003003a0010b3200011c0b3000f
:108ddc0001487800d15f2b00f0b320007afa020032
:108dec0001000000000f78009e007800f0b3200016
:108dfc008080400010b32000104078000041eb0050
:108e0c00c8ce0200010000001e0f40000080fa00d6
:108e1c00000006001a00fa00889fbe00300f980070
:108e2c00410f980031612b00f0b320007afa020058
:108e3c0001000000100798009e009000f0b3200085
:108e4c000080400021622b007afa02000100000031
:108e5c009e00900000804000100798009e0090003b
:108e6c00f0b3200000804000a1622b007afa0200cf
:108e7c00010000009e009000008040001007980048
:108e8c009e009000f0b3200000804000f1622b00a7
:108e9c007afa0200010000009e0090000080400061
:108eac00100798006500470085f12200a4f122000c
:108ebc008001780032c0b3007103200000cab300f7
:108ecc001eb80200010000009e009000f0b32000cc
:108edc0000804000414c2b007afa02000100000097
:108eec009e00900000804000100798005e409000ab
:108efc00e14f400003003a0010c0b300004f78006f
:108f0c00020037000040eb00004f78009e009000fc
:108f1c00f0b32000808040005e4090004ed00200f4
:108f2c00010000009e009000008040001007980097
:108f3c0010c0b30040479800200037009e009000fe
:108f4c00f0b3200000804000e1952a007afa02007c
:108f5c00010000009e009000008040001007980067
:108f6c009e009000f0b32000808040004e409000a6
:108f7c000080fb0000004700504090004ed00200e3
:108f8c00010000009e009000008040001007980037
:108f9c004e4090000080fb000000470050409000c5
:108fac00e14f4000020032000040eb00004f78001f
:108fbc004e4090000040e800404798004e40900022
:108fcc00e24f5000ddff3600730047001300200015
:108fdc000001780061632b003e0890001a06070020
:108fec000000e000180032000040eb0040579800f1
:108ffc00be509000f0c2b30080cf50000700360086
:10900c00be50900090c3b30080cf500003003e00d0
:10901c001e407800e14f500002003a0000c3b3003c
:10902c00305798007300470085f12200a4f122000c
:10903c008001780012c0b300e101200000cab30027
:10904c000eb70200010000009e009000f0b320005b
:10905c0000804000a1632b007afa0200010000009e
:10906c009e0090000080400010079800730047009d
:10907c0085f12200a4f122008001780012c0b30017
:10908c00e101200000cab3001eb80200010000007c
:10909c000040eb0040579800be509000f0c2b30067
:1090ac0080cf50000b003600be50900090c3b30030
:1090bc0080cf500007003e00be50900000c3b300ac
:1090cc0080cf5000100032001e407800e14f50005d
:1090dc000d003a0000c3b300305798000040eb007d
:1090ec00405798007300470085f12200a4f122003c
:1090fc008001780012c0b300e101200000cab30067
:10910c000eb7020001000000f30047001e019000a2
:10911c00f0b32000000041007afa020001000000c8
:10912c009e009000008040001007980060332200e1
:10913c00104078000004e000130032009e00900004
:10914c00f0b3200000804000f1632b007afa02009b
:10915c00010000009e009000008040001007980065
:10916c00613322001e019000f0b32000000041008a
:10917c007afa0200010000009e009000008040007e
:10918c0010079800090037009e009000f0b32000f3
:10919c000080400061642b007afa0200010000009c
:1091ac009e009000008040001007980000292200cb
:1091bc00104078000004e000130032009e00900084
:1091cc00f0b3200000804000e1642b007afa02002a
:1091dc00010000009e0090000080400010079800e5
:1091ec00012922001e019000f0b320000000410074
:1091fc007afa0200010000009e00900000804000fe
:10920c0010079800090037009e009000f0b3200072
:10921c000080400051652b007afa0200010000002a
:10922c009e00900000804000100798009e00900067
:10923c00f0b3200000804000d1652b007afa0200c8
:10924c00010000009e009000008040001007980074
:10925c00512a22001e019000f0b3200000004100b2
:10926c007afa0200010000009e009000008040008d
:10927c001007980069004700930020000001780057
:10928c0031662b003e0890006f0507000000e000df
:10929c00060032009e48900010c3b30080cf5000ef
:1092ac0002003a0010c0b300004f78001e40780056
:1092bc00e14f500068003a0069004700930020001d
:1092cc000001780091662b003e0890005e050700b7
:1092dc000000e000600032000040eb0040479800c6
:1092ec00080037004e4090000080fb000000470053
:1092fc008040eb00514098004e4090000040e80048
:10930c00404798004e409000e24f5000f5ff360069
:10931c000040eb00404798000000eb00100798005d
:10932c0026003700e90047001e0090000080400036
:10933c0090407800a0c3b30080cf500004003a00e6
:10934c004e4090000040e80040479800180037005d
:10935c004e4090000080fb00ce4090008180fb00ce
:10936c0081004700d1409000c408dd000000470098
:10937c00514098004e4090000084fb004e409000fd
:10938c000080fb0000004700d0449000e90047003b
:10939c001e00900000804000104078003cce02007f
:1093ac000100000080c07400080047005140980084
:1093bc001e0090000000e80010079800e90047002c
:1093cc001e00900000804000104078000004e00077
:1093dc00030032004e409000e24f5000d1ff3600a7
:1093ec004e409000e24f50001b003a0065004700d1
:1093fc0085f12200a4f122008001780032c0b30074
:10940c007103200000cab3000eb702000100000077
:10941c0000c3b300305798000040eb004057980051
:10942c007300470085f12200a4f12200800178002e
:10943c0012c0b300e101200000cab3000eb7020055
:10944c00010000000040eb0030579800730047000b
:10945c00ce0890006ffe07004f04be000080fa009b
:10946c00000006000200fa00000f7800d1662b0005
:10947c00f0b320007afa0200010000000080fa002c
:10948c00000006000600fa0010079800210798005b
:10949c0031682b00f0b320007afa020001000000c2
:1094ac00000f78009e007800f0b320000080400090
:1094bc00d1682b007afa0200010000001e0f400058
:1094cc009e007800f0b3200000804000a1692b00c2
:1094dc007afa0200010000001e0f40009e00780086
:1094ec00f0b3200000804000216a2b007afa0200c1
:1094fc00010000001e0f40000080fa000000060072
:10950c000400fa00100798000040eb00004f7800b0
:10951c001e0090000000e00003003a0010c0b300f1
:10952c00004f780024003700e0d82000104078006d
:10953c000080fb00620060000000e00017003200b9
:10954c001e00900090407800b0c2b30080cf500055
:10955c0012003a0020cc220010407800e14f50005d
:10956c0007003e0020cc2200104078008040e8002c
:10957c0020cc22000148780010c0b300004f7800c6
:10958c009e00900080ca22007afa020001000000be
:10959c0030cc220038ba0200010000009e0090007e
:1095ac0080ca22007afa02000100000030cc2200ae
:1095bc0038ba0200010000001e4078000080fa005a
:1095cc00000006002800fa002017980031179800b8
:1095dc00c2978000d39780007094230051af27006e
:1095ec000002690081826900c2978000d3978000d5
:1095fc0080e72d0031af25000001690081816900f1
:10960c00c6978000d797800060ae27004163220088
:10961c0000006b0081806b0064034700849fbe00d8
:10962c00829fbe00809fbe00d06a2b00801f7800f6
:10963c0006007800bc04020000000000ee87570012
:10964c000000eb00100798000000eb00000f780002
:10965c00df0037001e007800ae1090000080400044
:10966c009e0078002e1190008100410091407800fe
:10967c000141780001052100914178009e0078009d
:10968c008140780081c0610081417800640247000c
:10969c009e009000810042009140780081c1410001
:1096ac009e0090008100e80081004700c1409000be
:1096bc0081c141009e0090008180e800810047003c
:1096cc00c140900081c041008140410001487800b8
:1096dc001e0090000000e80010079800e40047000e
:1096ec001e00900000804000104078000004e00054
:1096fc0002003a000000eb00100798001e007800f2
:10970c00ae1090000080400090407800f0c2b30092
:10971c0080cf5000070034001e007800ae1090007f
:10972c00008040009040780090c3b30080cf500080
:10973c00a60034001e007800ae109000008040009f
:10974c009040780000c6b30080cf50000700340072
:10975c001e007800ae109000008040009040780011
:10976c00a0c7b30080cf5000980034001e007800d2
:10977c00ae109000008040009040780000c4b30010
:10978c0080cf5000070034001e007800ae1090000f
:10979c000080400090407800a0c5b30080cf5000fe
:1097ac008a0034001e007800ae109000008040004b
:1097bc0090407800a0c2b30080cf500083003200ec
:1097cc001e007800ae1090000080400090407800a1
:1097dc0030c2b30080cf50007c0032001e007800f5
:1097ec00ae1090000080400090407800d0c2b300d2
:1097fc0080cf5000750032001e007800ae10900033
:10980c000080400090407800b0c2b30080cf500080
:10981c006e0032001e007800ae10900000804000f8
:10982c009040780010c2b30080cf50006700320027
:10983c001e007800ae109000008040009040780030
:10984c0060c2b30080cf5000600032001e00780070
:10985c00ae1090000080400090407800c0c7b3006c
:10986c0080cf5000590032001e007800ae109000de
:10987c00008040009040780000c4b30080cf5000be
:10988c00520032001e007800ae10900000804000a4
:10989c0090407800d0c3b30080cf50004b00320012
:1098ac001e007800ae109000008040009e007800f2
:1098bc002e1190008100410091407800f143b200dc
:1098cc00014878001e007800ae1090000080400027
:1098dc0010407800e94f50000a003c001e00780050
:1098ec00ae109000008040009e0078002e11900079
:1098fc0081004100914078000143b000014878009c
:10990c00270037001e007800ae1090000080400049
:10991c009040780030c2b30080cf50000a003c0069
:10992c001e007800ae109000008040009e00780071
:10993c002e11900081004100914078007145b000db
:10994c0001487800160037001e007800ae10900019
:10995c000080400090407800d0c3b30080cf50000e
:10996c000a003c001e007800ae1090000080400001
:10997c009e0078002e1190008100410091407800eb
:10998c00fdc0400001487800050037001e0078003b
:10999c00ae10900000804000a1c2b30001487800d6
:1099ac001e007800ae10900000804000104078003f
:1099bc000004e00005003a001e007800ae10900094
:1099cc0000804000a1c5b300014878001e0fe800dc
:1099dc003e1090009e007800808f50001dff3500d7
:1099ec003e109000ae109000008040008040eb00d4
:1099fc00014878002e1090000080fa00000006004c
:109a0c006c00fa004037980051379800c0978000de
:109a1c00d197800061004000e0804800c09788002a
:109a2c00d1978800c0978000d19780003202200027
:109a3c000e014100809fbe00706b2b00801f7800d0
:109a4c0002007800bc04020000000000e68757000a
:109a5c00b16b2b00f0b320007afa02000100000079
:109a6c00000f78009e007800f0b3200000804000ca
:109a7c00310220008e8040007afa020001000000c2
:109a8c001e0f40009e007800f0b3200000804000c4
:109a9c00616c2b007afa0200010000001e0f4000de
:109aac000040eb00206798000e80e80001022000c7
:109abc00c4fe07009e007800f0b320000080400038
:109acc008e80e8007afa0200010000001e0f4000b0
:109adc00310220008e8040000e80e80024b302008a
:109aec00010000009e007800f0b3200000804000d0
:109afc00b16c2b007afa0200010000001e0f40002e
:109b0c009e007800f0b3200000804000310220005d
:109b1c008e8040007afa0200010000001e0f400007
:109b2c00f0b320001e0040008040eb00014878009c
:109b3c000080fa00000006000e00fa0030079800c2
:109b4c00410798005207980063079800f0b3200073
:109b5c008040eb0001487800640047000001780069
:109b6c00116d2b003e009000ecfb02000100000088
:109b7c000000e0000400320060ca220011c0b300f3
:109b8c00014878000300370060ca22008040eb00d7
:109b9c00014878003e009000104078000000fb0067
:109bac006101b900f0fb2f00f1ff2f000200400013
:109bbc00838048005201200003002000820f5000d7
:109bcc00838f5800bc023e00006001001500370076
:109bdc0030003700390037006f003700b60237000d
:109bec009c003700b9003700fa0037000c01370031
:109bfc00b1023700b00237002401370040013700b2
:109c0c00ad0237005d0137006f013700aa02370043
:109c1c008a013700c60137000b023700a602370055
:109c2c0062023700716d2b003e009000a6f9020015
:109c3c00010000000000e00003003200ce009000a4
:109c4c003e009000f6cb0700d16d2b003e0090003b
:109c5c00a6f90200010000000000e0000300320041
:109c6c00ce0090003e00900076cb0700316e2b00aa
:109c7c003e009000a6f90200010000000000e00088
:109c8c006c023200ce0090003e0090009ccb07008e
:109c9c0089023700716e2b003e009000a6f902007d
:109cac00010000000000e00064023200ce009000d1
:109cbc003e00900079cc07007f023700b16e2b007c
:109ccc003e009000a6f90200010000000000e00038
:109cdc0003003200ce0090003e009000a7cc07009d
:109cec00f16e2b003e009000a6f90200010000006e
:109cfc000000e00003003200ce0090003e00900017
:109d0c0039ce0700516f2b003e009000a6f90200df
:109d1c00010000000000e00003003200ce009000c3
:109d2c003e00900088d10700b16f2b003e009000e0
:109d3c00a6f90200010000000000e0000300320060
:109d4c00ce0090003e0090006bd20700f16f2b000c
:109d5c003e009000a6f90200010000000000e000a7
:109d6c0003003200ce0090003e009000fad20700b3
:109d7c0031702b003e009000a6f90200010000009b
:109d8c000000e0002f023200ce0090003e00900058
:109d9c0033ca070048023700e1702b003e009000e8
:109dac00a6f90200010000000000e00003003200f0
:109dbc00ce0090003e009000b2fd070051712b00c8
:109dcc003e009000a6f90200010000000000e00037
:109ddc00040032000041eb00ce0090003e009000e9
:109dec0006d5070081712b003e009000a6f90200f9
:109dfc00010000000000e00003003200ce009000e3
:109e0c003e00900060d40700e1712b003e009000f2
:109e1c00a6f90200010000000000e000030032007f
:109e2c00ce0090003e009000cfd3070041722b0073
:109e3c003e009000a6f90200010000000000e000c6
:109e4c000202320060a1200011c0b300014878006a
:109e5c001902370091722b003e009000a6f9020007
:109e6c00010000000000e000060032004e009000ef
:109e7c000000e00003003a00ce0090003e0090008d
:109e8c00d2d50700e1722b003e009000a6f902002b
:109e9c00010000000000e000020032003e009000d3
:109eac0070fd070021732b003e009000a6f9020004
:109ebc00010000000000e000e6013200ce0090003e
:109ecc003e00900028d40700fb01370061732b0083
:109edc003e009000a6f90200010000000000e00026
:109eec0003003200ce0090003e009000e8d5070041
:109efc00b1732b003e009000a6f902000100000097
:109f0c000000e00003003200ce0090003e00900004
:109f1c00d0eb070001742b003e009000a6f9020064
:109f2c00010000000000e00003003200ce009000b1
:109f3c003e00900021ec070071742b003e00900055
:109f4c00a6f90200010000000000e000030032004e
:109f5c00ce0090003e00900084f80700e1742b00c6
:109f6c003e009000a6f90200010000000000e00095
:109f7c0003003200ce0090003e009000d8f40700a1
:109f8c0051752b003e009000a6f902000100000064
:109f9c000000e000b10132003e0090006300400080
:109fac00104078000004e000060032003e009000f3
:109fbc00630040009040780000c2b30080cf500096
:109fcc00a8013a00ce0090003e00900004f5070076
:109fdc00b901370091752b003e009000a6f90200e4
:109fec00010000000000e00003003200ce009000f1
:109ffc003e009000e8f80700d1752b003e00900061
:10a00c00a6f90200010000000000e00097013200f8
:10a01c00ce0090003e0090002af90700a601370000
:10a02c0061762b003e009000a6f9020001000000b2
:10a03c000000e00003003200ce0090003e009000d3
:10a04c00e4ed0700b1762b003e009000a6f902006b
:10a05c00010000000000e00003003200ce00900080
:10a06c003e00900011ee070001772b003e0090009f
:10a07c00a6f90200010000000000e000030032001d
:10a08c00ce0090003e00900041ee0700a1772b001f
:10a09c003e009000a6f90200010000000000e00064
:10a0ac0003003200ce0090003e00900032ef07001b
:10a0bc0001782b003e009000a6f902000100000080
:10a0cc000000e00006003a0071782b003e00900082
:10a0dc00a6f90200010000000000e00003003200bd
:10a0ec00ce0090003e0090006eee0700f1782b0041
:10a0fc003e009000a6f90200010000006e0137003e
:10a10c0071792b003e009000a6f9020001000000be
:10a11c000000e00003003200ce0090003e009000f2
:10a12c0093c40700f1792b003e009000a6f90200c1
:10a13c00010000000000e00003003200ce0090009f
:10a14c003e0090000cc50700517a2b003e00900099
:10a15c00a6f90200010000000000e00045013200f9
:10a16c004e0090000000e00044013a00ce00900048
:10a17c003e009000dfc207004f013700d17a2b0060
:10a18c003e009000a6f90200010000000000e00073
:10a19c0003003200ce0090003e009000e8c707009c
:10a1ac00717b2b003e009000a6f90200010000001c
:10a1bc000000e00033013200ce0090003e00900021
:10a1cc0015c807003c013700e17b2b003e009000d6
:10a1dc00a6f90200010000000000e00003003200bc
:10a1ec00ce0090003e009000c2c70700117c2b00ef
:10a1fc003e009000a6f90200010000000000e00003
:10a20c000400320012c0b300ce0090003e0090005b
:10a21c006ef10700817c2b003e009000a6f9020035
:10a22c00010000000000e00018013200ce00900098
:10a23c003e0090002ff307001f013700f17c2b002c
:10a24c003e009000a6f90200010000000000e000b2
:10a25c00060032004e0090000000e00003003a00bf
:10a26c00ce0090003e00900060ef0700917d2b0027
:10a27c003e009000a6f90200010000000000e00082
:10a28c00060032004e0090000000e00003003a008f
:10a29c00ce0090003e009000dcef0700217e2b00ea
:10a2ac003e009000a6f90200010000000000e00052
:10a2bc0003003200ce0090003e00900072ef0700c9
:10a2cc00917e2b003e009000a6f9020001000000d8
:10a2dc000000e00003003200ce0090003e00900031
:10a2ec00c7fd0700d17e2b003e009000a6f90200ae
:10a2fc00010000000000e00003003200ce009000de
:10a30c003e00900082ef0700917f2b003e009000f2
:10a31c00a6f90200010000000000e000dd003200a0
:10a32c00ce0090003e009000e1ef0700e200370005
:10a33c0001802b003e009000a6f9020001000000f5
:10a34c000000e000050032000041eb00ce00900060
:10a35c003e0090001df10700d700370031802b0024
:10a36c003e009000a6f90200010000000000e00091
:10a37c00050032004e0090000000e00002003a00a0
:10a38c003e0090009ef0070071802b003e00900074
:10a39c00a6f90200010000000000e00005003200f8
:10a3ac004e0090000000e00002003a003e009000d9
:10a3bc006df00700a1802b003e009000a6f9020072
:10a3cc00010000000000e00003003200ce0090000d
:10a3dc003e009000a3f0070001b72a003e00900059
:10a3ec00a6f90200010000000000e00003003200aa
:10a3fc00ce0090003e009000c7f0070011812b00aa
:10a40c003e009000a6f90200010000000000e000f0
:10a41c0003003200ce0090003e0090008cf107004b
:10a42c0091812b003e009000a6f902000100000073
:10a43c000000e00099003200ce0090003e00900039
:10a44c00d7f007009c003700d1812b003e00900014
:10a45c00a6f90200010000000000e0002900320013
:10a46c004e0090000000e00026003a0080802000a2
:10a47c00104078000004e0000400320080802000ce
:10a48c008040eb00014878000300370080802000fa
:10a49c0011c0b3000148780031822b00f0b32000ca
:10a4ac007afa020001000000200798002e009000ac
:10a4bc0080007800f0b32000808040008080200075
:10a4cc00104078000041eb00c8ce020001000000f3
:10a4dc00ae00900001004000200798002e00900074
:10a4ec0080007800f0b320000080400071912a00b9
:10a4fc007afa020001000000ae009000010040005a
:10a50c0020079800f1822b003e009000a6f9020073
:10a51c00010000000000e000040032004e0090003a
:10a52c000000e00001003a00ffff370041832b00e0
:10a53c003e009000a6f90200010000000000e000bf
:10a54c00050032004e0090000000e00002003a00ce
:10a55c003e00900053f2070091832b003e009000c8
:10a56c00a6f90200010000000000e0000300320028
:10a57c00ce0090003e009000e7f1070031842b00e4
:10a58c003e009000a6f90200010000000000e0006f
:10a59c00440032004e0090000000e00043003a00fe
:10a5ac003e009000abf1070043003700f1842b0014
:10a5bc003e009000a6f90200010000000000e0003f
:10a5cc0003003200ce0090003e00900065f20700c0
:10a5dc0041852b003e009000a6f90200010000000e
:10a5ec00b1852b003e009000a6f90200010000008e
:10a5fc000000e00003003200ce0090003e0090000e
:10a60c0004fa070031862b003e009000a6f90200e8
:10a61c00010000000000e00026003200ee01900076
:10a62c005e019000ce0090003e00900068f907009b
:10a63c0021003700000000001f0037000000000060
:10a64c001d003700000000001b0037000000000058
:10a65c001900370000000000170037000000000050
:10a66c001500370000000000130037000000000048
:10a67c0011003700000000000f0037000000000040
:10a68c000d003700000000000b0037000000000038
:10a69c000900370000000000070037000000000030
:10a6ac000500370000000000030037000000000028
:10a6bc00010037000000000060ca22001040780042
:10a6cc000004e00007003200f0b320008040eb00f3
:10a6dc000148780060b12000e1c1b3000148780066
:10a6ec0057003700f0b32000104078000004e00061
:10a6fc0034003a004e00900081fb07002047980080
:10a70c002e4090000004e0002200320021872b0034
:10a71c00f0b320007afa0200010000002007980034
:10a72c000000eb00000f78000b0037002e009000ab
:10a73c009e0078003e01900081004100114178009c
:10a74c00f1b32000827078002e0090000000e80029
:10a75c00200798001e0fe800ae009000400a200071
:10a76c00808f500006003c001e007800be00900058
:10a77c0000804000104078000004e000ebff3a003d
:10a78c002e009000f1b320000041eb0082707800a5
:10a79c001b0037003aff020001000000a0872b00cd
:10a7ac00d6fe0200010000004e009000d6fe020012
:10a7bc000100000070912a00d6fe0200010000008a
:10a7cc000f0037004e0090000000e000090032003e
:10a7dc00ce00900080ca2200ce05020000000000ce
:10a7ec000000e00003003a0020cc22008040eb0087
:10a7fc000148780060b12000e1c1b3000148780045
:10a80c004e0090000000e0000d003a00f0b3200074
:10a81c00104078000004e00009003200f0b3200082
:10a82c00d6fe02000100000070912a00d6fe020044
:10a83c0001000000f0b320008040eb0001487800dc
:10a84c000080fa00000006000e00fa0030079800a5
:10a85c004107980052079800630798000000eb002e
:10a86c00000f78003e0090000000e0004300320032
:10a87c006400470000017800ce0090003e0090007c
:10a88c00ecfb0200010000000000e0003b00320085
:10a89c004e009000a4ce020001000000ae0090001b
:10a8ac0001004000200798000000eb001007980002
:10a8bc000e0037001e009000de009000008040006b
:10a8cc00ae0090003e019000810041009140780064
:10a8dc00014878002e0090000000e8002007980046
:10a8ec001e0090000000e800100798009e009000e9
:10a8fc006e009000808f500019003d002e009000db
:10a90c00be009000008040009040780000c2b30070
:10a91c0080cf5000120032002e009000be0090003c
:10a92c000080400010407800ea4f50000c003200cc
:10a93c002e009000be009000008040001040780077
:10a94c00ed4f5000060032002e009000be0090002b
:10a95c0000804000104078000004e000d5ff3a0071
:10a96c001e009000de009000008040008040eb0054
:10a97c000148780010002000000f78001e007800bd
:10a98c000080fa00000006000e00fa003007980064
:10a99c004107980052079800630798000000eb00ed
:10a9ac00000f78003e0090000000e00043003200f1
:10a9bc006400470000017800ce0090003e0090003b
:10a9cc00ecfb0200010000000000e0003b00320044
:10a9dc004e009000a4ce020001000000ae009000da
:10a9ec0001004000200798000000eb0010079800c1
:10a9fc000e0037001e009000de009000008040002a
:10aa0c00ae0090003e019000810041009140780022
:10aa1c00014878002e0090000000e8002007980004
:10aa2c001e0090000000e800100798009e009000a7
:10aa3c006e009000808f500019003d002e00900099
:10aa4c00be009000008040009040780000c2b3002f
:10aa5c0080cf5000120032002e009000be009000fb
:10aa6c000080400010407800ea4f50000c0032008b
:10aa7c002e009000be009000008040001040780036
:10aa8c00ed4f5000060032002e009000be009000ea
:10aa9c0000804000104078000004e000d5ff3a0030
:10aaac001e009000de009000008040008040eb0013
:10aabc000148780010002000000f78001e0078007c
:10aacc000080fa00000006000400fa00100798004d
:10aadc000040eb00004f7800040037001e0090008f
:10aaec000000e800100798001e4fe8001e009000c0
:10aafc00104078004efb0200010000000000e00056
:10ab0c00f6ff3a001e407800e44f500003003a0074
:10ab1c0010c0b300004f7800020037000040eb007b
:10ab2c00004f78001e4078000080fa0000000600fc
:10ab3c000800fa0010079800210798006247980057
:10ab4c006e4090000080fb006100600000407800c7
:10ab5c000004e0000700320012c0b300ae00900009
:10ab6c001e00900032dd020001000000004f780052
:10ab7c00060037000041eb00ae0090001e00900074
:10ab8c0032dd020001000000004f78001e4078000a
:10ab9c00e14f500007003a000002eb008001eb008f
:10abac0062bc220051b2220030892b001ac007006f
:10abbc00060037000002eb008001eb001e01900044
:10abcc00ae009000b0892b0013c007001e40780027
:10abdc000080fa00000006000800fa0020479800e8
:10abec002107980032079800318a2b0070a12000b1
:10abfc007afa020001000000000f780042012000e8
:10ac0c008000eb0000fe2000f204020000000000b7
:10ac1c0000fe200085f12200a4f1220080017800c2
:10ac2c0042c1b3004100200000cab3001eb80200ac
:10ac3c000100000040ff20008040eb00014878003c
:10ac4c009e00780070a120000080400001fe2000d2
:10ac5c007afa0200010000001e0f40009e007800ee
:10ac6c0070a1200000804000018b2b007afa0200ba
:10ac7c00010000001e0f40009e00780070a1200013
:10ac8c0000804000be0090007afa02000100000033
:10ac9c001e0f40009e00780070a120000080400034
:10acac0001d82a007afa0200010000001e0f4000b1
:10acbc009e00780070a12000008040000041eb0055
:10accc00800078002e409000c8ce020001000000e9
:10acdc001e0f40009e00780070a1200000804000f4
:10acec00e1972a007afa0200010000001e0f4000d2
:10acfc009e00780070a1200080804000106d8000c4
:10ad0c00facc0200010000001e0f40009e007800eb
:10ad1c0070a1200000804000618b2b007afa0200a9
:10ad2c00010000001e0f40009e00780070a1200062
:10ad3c0000804000e8400200010000000080fb00a1
:10ad4c001e0f400012c0b30071a120002e00900015
:10ad5c0077ff07000080fa00000006000c00fa00e4
:10ad6c002047980021079800320798004307980065
:10ad7c00244f98002e4890000004e000060032009a
:10ad8c00b18b2b0070a120007afa020001000000a8
:10ad9c00000f780005003700c18c2b0070a120003b
:10adac007afa020001000000000f78004201200036
:10adbc008000eb0000fe2000f20402000000000006
:10adcc0000fe200085f12200a4f122008001780011
:10addc0042c1b3004100200000cab3001eb80200fb
:10adec000100000040ff20008040eb00014878008b
:10adfc009e00780070a120000080400001fe200021
:10ae0c007afa0200010000001e0f40002e4890004c
:10ae1c000004e000080032009e00780070a12000c1
:10ae2c0000804000918d2b007afa02000100000096
:10ae3c001e0f4000070037009e00780070a1200014
:10ae4c0000804000b18d2a007afa02000100000057
:10ae5c001e0f40009e00780070a120000080400072
:10ae6c00be0090007afa0200010000001e0f4000a4
:10ae7c002e4890000004e0001f003a009e0078006d
:10ae8c0070a120000080400001d82a007afa02004c
:10ae9c00010000001e0f40009e00780070a12000f1
:10aeac00008040000041eb00800078002e409000b4
:10aebc00c8ce0200010000001e0f40009e0078006a
:10aecc0070a1200000804000e1972a007afa02006d
:10aedc00010000001e0f40009e00780070a12000b1
:10aeec0080804000106d8000facc02000100000050
:10aefc001e0f40000e0037009e00780070a120004d
:10af0c0000804000018e2b007afa02000100000044
:10af1c001e0f40009e00780070a120008080400031
:10af2c00106d8000facc0200010000001e0f4000e2
:10af3c002e4890000004e000080032009e007800cb
:10af4c0070a1200000804000818e2b007afa020054
:10af5c00010000001e0f4000070037009e00780023
:10af6c0070a1200000804000f18c2a007afa0200c7
:10af7c00010000001e0f40009e00780070a1200010
:10af8c0000804000800078004e009000facc020057
:10af9c00010000001e0f400012c0b30071a1200080
:10afac002e009000e2fe07000080fa000000060070
:10afbc000a00fa00204798002107980032079800f1
:10afcc0043079800e18e2b0070a120007afa020052
:10afdc0001000000000f7800420120008000eb000f
:10afec0000fe2000f20402000000000000fe200021
:10affc0085f12200a4f122008001780042c1b30047
:10b00c004100200000cab3001eb80200010000007d
:10b01c0040ff20008040eb00014878009e00780043
:10b02c0070a120000080400001fe20007afa02008e
:10b03c00010000001e0f40009e00780070a120004f
:10b04c0000804000b18d2a007afa02000100000055
:10b05c001e0f40009e00780070a120000080400070
:10b06c00be0090007afa0200010000001e0f4000a2
:10b07c009e00780070a120000080400001d82a00ba
:10b08c007afa0200010000001e0f40009e007800ba
:10b09c0070a12000008040000041eb00800078008f
:10b0ac002e409000c8ce0200010000001e0f400090
:10b0bc009e00780070a1200000804000f18c2a00d6
:10b0cc007afa0200010000001e0f40009e0078007a
:10b0dc0070a1200000804000800078004e0090009d
:10b0ec00facc0200010000001e0f40009e00780008
:10b0fc0070a1200000804000e1972a007afa02003b
:10b10c00010000001e0f40009e00780070a120007e
:10b11c0080804000106d8000facc0200010000001d
:10b12c0012c0b30071a120002e00900080fe070019
:10b13c000080fa00000006000800fa002047980082
:10b14c002107980032079800b18f2b0070a12000c6
:10b15c007afa020001000000000f78004201200082
:10b16c008000eb0000fe2000f20402000000000052
:10b17c0000fe200085f12200a4f12200800178005d
:10b18c0042c1b3004100200000cab3001eb8020047
:10b19c000100000040ff20008040eb0001487800d7
:10b1ac009e00780070a120000080400001fe20006d
:10b1bc007afa0200010000001e0f40009e00780089
:10b1cc0070a1200000804000b18d2a007afa0200a4
:10b1dc00010000001e0f40009e00780070a12000ae
:10b1ec0000804000be0090007afa020001000000ce
:10b1fc001e0f40009e00780070a1200000804000cf
:10b20c0001d82a007afa0200010000001e0f40004b
:10b21c009e00780070a12000008040000041eb00ef
:10b22c00800078002e409000c8ce02000100000083
:10b23c001e0f40009e00780070a12000008040008e
:10b24c00e1972a007afa0200010000001e0f40006c
:10b25c009e00780070a1200080804000106d80005e
:10b26c00facc02000100000012c0b30071a1200052
:10b27c002e0090002efe07000080fa000000060051
:10b28c000e00fa002047980021079800320798001a
:10b29c00034f9800144f9800254f9800364f980094
:10b2ac00474f98004e4890000004e0000600320022
:10b2bc0081902b0070a120007afa0200010000009e
:10b2cc00000f78000500370061912b0070a1200061
:10b2dc007afa020001000000000f78004201200001
:10b2ec008000eb0000fe2000f204020000000000d1
:10b2fc0000fe200085f12200a4f1220080017800dc
:10b30c0042c1b3004100200000cab3001eb80200c5
:10b31c000100000040ff20008040eb000148780055
:10b32c009e00780070a120000080400001fe2000eb
:10b33c007afa0200010000001e0f40004e489000f7
:10b34c000004e000080032009e00780070a120008c
:10b35c0000804000918d2b007afa02000100000061
:10b36c001e0f4000070037009e00780070a12000df
:10b37c0000804000b18d2a007afa02000100000022
:10b38c001e0f40009e00780070a12000008040003d
:10b39c00be0090007afa0200010000001e0f40006f
:10b3ac004e4890000004e0004f0032009e007800f0
:10b3bc0070a1200000804000018e2b007afa020060
:10b3cc00010000001e0f40009e00780070a12000bc
:10b3dc0080804000106d8000facc0200010000005b
:10b3ec001e0f40009e00780070a1200000804000dd
:10b3fc0031922b007afa0200010000001e0f40006f
:10b40c009e00780070a12000008040000041eb00fd
:10b41c00800078000e489000c8ce020001000000a9
:10b42c001e0f40009e00780070a12000008040009c
:10b43c00a1952a007afa0200010000001e0f4000bc
:10b44c009e00780070a12000008040000041eb00bd
:10b45c00800078001e489000c8ce02000100000059
:10b46c001e0f40009e00780070a12000008040005c
:10b47c0081922b007afa0200010000001e0f40009e
:10b48c009e00780070a12000008040000041eb007d
:10b49c00800078003e489000c8ce020001000000f9
:10b4ac001e0f40009e00780070a12000008040001c
:10b4bc00d1922b007afa0200010000001e0f40000e
:10b4cc009e00780070a12000008040000041eb003d
:10b4dc00800078002e489000c8ce020001000000c9
:10b4ec001e0f40001e0037009e00780070a1200047
:10b4fc000080400001d82a007afa02000100000006
:10b50c001e0f40009e00780070a1200000804000bb
:10b51c000041eb00800078002e409000c8ce020065
:10b52c00010000001e0f40009e00780070a120005a
:10b53c0000804000e1972a007afa02000100000026
:10b54c001e0f40009e00780070a1200080804000fb
:10b55c00106d8000facc0200010000001e0f4000ac
:10b56c0012c0b30071a120002e00900070fd0700e6
:10b57c000080fa00000006000600fa002047980040
:10b58c002107980031932b0070a120007afa020059
:10b59c0001000000000f7800420120008000eb0049
:10b5ac0000fe2000f20402000000000000fe20005b
:10b5bc0085f12200a4f122008001780042c1b30081
:10b5cc004100200000cab3001eb8020001000000b8
:10b5dc0040ff20008040eb00014878009e0078007e
:10b5ec0070a120000080400001fe20007afa0200c9
:10b5fc00010000001e0f40009e00780070a120008a
:10b60c000080400001d82a007afa020001000000f4
:10b61c001e0f40009e00780070a1200000804000aa
:10b62c000041eb00800078002e409000c8ce020054
:10b63c00010000001e0f40009e00780070a1200049
:10b64c0000804000e1972a007afa02000100000015
:10b65c001e0f40009e00780070a1200080804000ea
:10b66c00106d8000facc02000100000022c0b30073
:10b67c0071a120002e0090002dfd07000080fa0023
:10b68c00000006000201fa00889fbe008a9fbe00df
:10b69c008c9fbe0040ff990051ff990062ff9900fa
:10b6ac0073ff990004479a0030c3b300004f780031
:10b6bc0010802000104078000083fb0000802000e8
:10b6cc00104078008082fb007ef891000082fb0025
:10b6dc006ef891008081fb001e81fb004ef89100fa
:10b6ec008080fb00800920000e004000861f78003f
:10b6fc00851f7800841f7800831f7800821f7800d4
:10b70c00811f780021352900811f7800bc040200bc
:10b71c0000000000ee875700800920000e0040005a
:10b72c00ef2e0700a0c1b300005f99000040eb00b2
:10b73c00105f9900800920000e004000e82e0700e1
:10b74c00d0c0b300360107003aff02000100000030
:10b75c000e4092008086fb007ef891000086fb0074
:10b76c007ef891008085fb006ef891000085fb004f
:10b77c006ef891008084fb001e84fb009e83fb000e
:10b78c004ef891000083fb004ef891008082fb0084
:10b79c0010802000104078000082fb0010802000f8
:10b7ac00104078008081fb00008020001040780061
:10b7bc000081fb0000802000104078008080fb009e
:10b7cc000e00e8008d1f78008c1f78008b1f78000e
:10b7dc008a1f7800891f7800881f7800871f7800df
:10b7ec00861f7800851f7800841f7800831f7800df
:10b7fc00821f7800811f780011382900811f780082
:10b80c00610920008804020000000000fc8757003a
:10b81c000040eb00705799000e00e800d6fe0200c5
:10b82c00010000004f06be004f05be004f04be00d5
:10b83c000080fa00000006009a00fa00408f980081
:10b84c00536c8000426c800050d82000104078006f
:10b85c008080fb0040d72000104078000080fb0067
:10b86c00831f7800821f7800811f7800801f78006a
:10b87c0050d72000801f7800ce889000811f780060
:10b88c00103f2900801f78000e007800a2040200ef
:10b89c0000000000ee8757000040eb006057990055
:10b8ac000e007800d6fe0200010000000080fa00b5
:10b8bc00000006000800fa00000f780021479800ed
:10b8cc002207980033079800a20120008000eb00ab
:10b8dc0040d72000f20402000000000040d72000f6
:10b8ec0011c0b300014878002e4090000004e00025
:10b8fc000600320040d720001040780080407800cd
:10b90c000114a00040d7200001487800f20020006c
:10b91c009e00780050d720004c060200000000006a
:10b92c0040d820008040eb000148780060d820000f
:10b93c00e1c1b30001487800ae009000416c880072
:10b94c00be009000516c880000ee22001040780080
:10b95c00e14f500004003a0020c5b3005edf020046
:10b96c000100000015003700920020009e007800b6
:10b97c005041290022060200000000000000e000f7
:10b98c0007003200920020009e007800f041290050
:10b99c0022060200000000000000e00004003a0053
:10b9ac0040c5b3005edf0200010000000300370059
:10b9bc0040c4b3005edf0200010000009042290089
:10b9cc009dff07000080fa00000006009800fa00b6
:10b9dc0050d82000104078000080fb00801f7800b9
:10b9ec0010432900801f7800e0432900801f780055
:10b9fc000e007800a204020000000000e687570049
:10ba0c000040eb00605799000e007800d6fe020053
:10ba1c000100000050d82000104078000080fb008e
:10ba2c0061006000004078000004e0000700320074
:10ba3c0040d7200041c0b3000148780060d82000f6
:10ba4c0031c0b3000148780005003700a201200086
:10ba5c008000eb0040d72000f20402000000000040
:10ba6c000080fa00000006000400fa00204798004d
:10ba7c000040eb00004f78002e4090000004e000e6
:10ba8c001300320060fc2000104078008040e80079
:10ba9c0060fc20000148780060fc20001040780019
:10baac00ea4f50000d003600800e2000d098880020
:10babc00d0062100104078008040e800d00621001c
:10bacc000148780010c0b300004f78000300370025
:10badc0060fc20008040eb00014878001e4078009c
:10baec000080fa00000006000200fa00004f780007
:10bafc005004810063006000e10f500045003200eb
:10bb0c00e0d82000104078000080fb00610060004d
:10bb1c00004078000004e0003f0032001e40780036
:10bb2c00ed4f5000030032001e407800ea4f5000e9
:10bb3c001c003a0050fc2000104078000004e0008b
:10bb4c001400320050fc20009040780070ccb30000
:10bb5c0080cf50000f003e0050fc200010407800b9
:10bb6c000080fb00c1ef20000041eb0082707800e8
:10bb7c0030462900d6fe020001000000c0ef200074
:10bb8c00d6fe020001000000e0462900d6fe0200ad
:10bb9c000100000050fc20008040eb0001487800c0
:10bbac001d00370050fc20009040780070ccb30092
:10bbbc0080cf500018003e0050fc20001040780050
:10bbcc000080fb001e417800c1ef200082707800dd
:10bbdc0050fc2000104078008040e80050fc200011
:10bbec000148780050752200104078009e40780083
:10bbfc0080cf500008003a005075220010407800a9
:10bc0c000004e00004003200a0c0b300b6ff07003f
:10bc1c0001003700000000000080fa000000060060
:10bc2c000200fa00004f7800e0d8200010407800a5
:10bc3c000080fb0061006000004078000004e00020
:10bc4c00390032001e407800ed4f500003003200e6
:10bc5c001e407800ea4f500021003a00b0ef20005f
:10bc6c00104078000004e0002f003200b0ef2000fc
:10bc7c009040780080ccb30080cf500029003e006b
:10bc8c00b0ef2000104078000080fb0021e3200082
:10bc9c000041eb008270780010472900d6fe0200ac
:10bcac000100000020e32000d6fe0200010000008d
:10bcbc00c0472900d6fe020001000000b0ef2000b2
:10bccc008040eb0001487800820c20008000eb00e3
:10bcdc0020e32000f20402000000000012003700f4
:10bcec00b0ef20009040780070ccb30080cf5000b3
:10bcfc000d003e00b0ef2000104078000080fb00eb
:10bd0c001e41780021e3200082707800b0ef200003
:10bd1c00104078008040e800b0ef20000148780027
:10bd2c0001003700000000000080fa00000006004f
:10bd3c005400fa00881f780020d798002ed090006d
:10bd4c0069ff0700407b2200904078002ed09000c5
:10bd5c0080cf50000b003a00a03d81000090a00065
:10bd6c00a03d890080c2b3005fff070010c3b30081
:10bd7c005dff070090c2b3005bff0700d0c0b300ab
:10bd8c0059ff0700607b2200904078002ed0900075
:10bd9c0080cf500013003a00a13d8100002020000c
:10bdac00008060000000e0000e003200607b22008a
:10bdbc008040eb0001487800b03d81000090a0006d
:10bdcc00b03d890080c2b30047ff070020c3b30019
:10bddc0045ff070090c2b30043ff0700d0c0b3007b
:10bdec0041ff0700c13d8100001020000080600071
:10bdfc000000e000580032002ed090000080fb00c4
:10be0c00ed0f500023003200ed0f500003003c00fa
:10be1c00ea0f5000310032004f003700b10420000f
:10be2c00810f50000f003200f1042000810f5000f0
:10be3c0049003a00807b220010407800e24f50000d
:10be4c0004003a00807b220031c0b3000148780026
:10be5c0041003700807b22008040eb0001487800d5
:10be6c003d003700807b220010407800e34f5000eb
:10be7c0004003a00807b220041c0b30001487800e6
:10be8c0035003700807b22008040eb0001487800b1
:10be9c0031003700807b2200104078000004e00065
:10beac0004003200807b220010407800e44f5000e8
:10bebc0006003a00807b2200104078008040e800a9
:10becc00807b22000148780023003700807b220011
:10bedc0011c0b300014878001f003700807b22009e
:10beec0010407800e14f500004003200807b2200ab
:10befc0010407800e54f500013003a00807b220080
:10bf0c00104078008040e800807b220001487800d7
:10bf1c00807b220010407800e64f500008003a0069
:10bf2c00c03d81000090a000c03d8900c03d810053
:10bf3c000080a100c03d89000040eb00cafe070054
:10bf4c000000000004003700807b22008040eb00e2
:10bf5c0001487800000000002ed09000ea4f5000fd
:10bf6c0098053a00a08e220010407800e14f500056
:10bf7c003a003a00c13d81000020200000806000a2
:10bf8c000000e00035003200d03d81000000a00030
:10bf9c00d03d8900d03d81000010a000d03d89002b
:10bfac00604481007144810061004000e0804800e1
:10bfbc006044890071448900008922001040780097
:10bfcc00e14f40000500320000892200104078004b
:10bfdc008040e8000089220001487800a08e2200f1
:10bfec008040eb0001487800d03d81000030a1007a
:10bffc00d03d8900a088220010407800e14f50000d
:10c00c0016003600a0882200104078000080fb004b
:10c01c008000e900a07b220000804000904090004e
:10c02c00c0c7b30080cf50000c003a00a08822009b
:10c03c00104078008040e900a08822000148780078
:10c04c00a0882200104078008080fb00a07b22009a
:10c05c00008040008040eb00114098004029810096
:10c06c000000e0006505320040298100a152220049
:10c07c000041eb0082707800a08e22001040780006
:10c08c00e14f50000f003a0040298100a1522200dc
:10c09c00c2c7b3008270780041298100d00f200004
:10c0ac00808f500003003e00402981000000e80012
:10c0bc004029890040298100a15222000041eb0057
:10c0cc00827078000000eb0020079800807b220033
:10c0dc0010407800e54f500025003200807b220094
:10c0ec0010407800e64f500021003200a15222008f
:10c0fc00a06222007afa020001000000308f2200b8
:10c10c00104078000004e00019003200a062220008
:10c11c00f2050200000000000040780000417800a9
:10c12c00318f2200a062220044fa020001000000bc
:10c13c000000e0000e00320042012000e14729001f
:10c14c00c0c82000e404020000000000c0c82000a9
:10c15c00d6fe020001000000208f220011c0b300a7
:10c16c0001487800308f22008040eb0001487800b5
:10c17c00506480000000e000110035005064800025
:10c18c00e30f50000e003c00806422008040eb0066
:10c19c0001487800522a2200506480007f00b900c8
:10c1ac000000780000004100a1622200b8fa0200f1
:10c1bc0001000000506480000000e800506488001a
:10c1cc00d03d8100610060000000e000ff013a00fa
:10c1dc00d03d8100620060000000e000fb013a00ed
:10c1ec0040298100e70f50007f01360072c0b30078
:10c1fc0021492900a052220044fa0200010000004b
:10c20c000000e0007801320010c0b300004f78004d
:10c21c00642c0700a08e2200104078000004e0007f
:10c22c00a2013a00a08e220011c0b3000148780090
:10c23c00d03d81000020a000d03d890070c0b3002b
:10c24c00104798000000eb00404489001f003700a5
:10c25c001e4090000080fb00a1522200e1407800bb
:10c26c00f0c2b30080cf5000150034001e40900087
:10c27c000080fb00a1522200e140780090c3b30083
:10c28c0080cf50000e003c00404481006a00b90091
:10c29c000000780040448900484481001e40900012
:10c2ac000080fb00a1522200614078003cce0200cd
:10c2bc00010000000080fb000000440040448900a5
:10c2cc001e4090000040e800104798001e4090006f
:10c2dc008080fb0040298100808f50000d003100d0
:10c2ec001e4090000080fb00a152220061407800ab
:10c2fc000004e000070032001e4090000080fb00ac
:10c30c00a1522200e1407800c0c2b30080cf50009f
:10c31c00cfff3a001e4090008080fb004029810036
:10c32c00808f5000270131001e4090000080fb00e0
:10c33c00a1522200e1407800c0c2b30080cf50006f
:10c34c0020013a001e4090000040e8001047980081
:10c35c001e4090000080fb00a1522200614078003a
:10c36c000004e000070032001e4090000080fb003b
:10c37c00a1522200e1407800c0c2b30080cf50002f
:10c38c00f0ff3a001e4090000080fb00a1522200fa
:10c39c00e1407800c0c2b30080cf500009013a00e0
:10c3ac001e4090000040e800104798001e4090008e
:10c3bc000080fb00a1522200e140780020c2b300b3
:10c3cc0080cf5000ff003a000000eb0010079800ef
:10c3dc001e4090000040e800104798000e00370007
:10c3ec001e4090000080fb00a1522200e14078002a
:10c3fc001e019000c0852200000041000148780019
:10c40c001e4090000040e800104798001e0090006d
:10c41c000000e800100798001e4090008080fb0090
:10c42c0040298100808f5000100031001e40900088
:10c43c000080fb00a1522200614078000004e00063
:10c44c000a0032001e4090000080fb00a152220026
:10c45c00e140780020c2b30080cf500003003200ce
:10c46c001e009000f80f5000ddff34009e0090007d
:10c47c00c0852200008040008040eb00014878001d
:10c48c001e4090008080fb0040298100808f50006e
:10c49c00cc0031001e4090000080fb00a152220015
:10c4ac00614078000004e000c60032001e4090009d
:10c4bc000040e800104798001e4090000080fb00f0
:10c4cc00a1522200614078000004e0000700320015
:10c4dc001e4090000080fb00a1522200e140780039
:10c4ec00c0c2b30080cf5000f0ff3a001e40900055
:10c4fc000080fb00a1522200e1407800c0c2b300d2
:10c50c0080cf5000af003a001e4090000040e80081
:10c51c00104798001e4090000080fb00a1522200a2
:10c52c00614078000004e000070032001e409000db
:10c53c000080fb00a1522200e1407800c0c2b30091
:10c54c0080cf5000f0ff3a001e4090000080fb00ae
:10c55c00a1522200e1407800c0c2b30080cf50004d
:10c56c0098003a001e4090000040e80010479800e8
:10c57c001e4090000080fb00a1522200e140780098
:10c58c0020c2b30080cf50008e003a001e409000b5
:10c59c000040e80010479800a08822008040eb0083
:10c5ac000148780015003700a08822001040780060
:10c5bc000081fb001e4090000080fb00a152220075
:10c5cc00e1407800608722000000410001487800bb
:10c5dc001e4090000040e80010479800a088220000
:10c5ec00104078008040e800a088220001487800c4
:10c5fc002e0090000000e800200798001e409000dc
:10c60c008080fb0040298100808f50001100310098
:10c61c001e4090000080fb00a15222006140780077
:10c62c000004e0000b0032001e4090000080fb0074
:10c63c00a1522200e1407800c0c2b30080cf50006c
:10c64c0004003200a088220010407800e74f500010
:10c65c00d5ff3600ae009000f0092000808f50000e
:10c66c0058003c00a0882200104078008080fb001d
:10c67c0060872200008040008040eb000148780079
:10c68c00030037001e4090000040e800104798005f
:10c69c001e4090000080fb00a152220061407800f7
:10c6ac000004e000070032001e4090000080fb00f8
:10c6bc00a1522200e1407800c0c2b30080cf5000ec
:10c6cc00f0ff3a001e4090000080fb00a1522200b7
:10c6dc00e1407800c0c2b30080cf500039003a006e
:10c6ec001e4090000040e80010479800a0882200ef
:10c6fc008040eb000148780012003700a08822002f
:10c70c00104078000081fb001e4090000080fb0070
:10c71c00a1522200e1407800e08722000000410095
:10c72c00114098001e4090000040e800104798000f
:10c73c00a0882200104078008040e800a0882200e9
:10c74c00014878001e4090008080fb004029810049
:10c75c00808f5000110031001e4090000080fb00c3
:10c76c00a1522200614078000004e0000b0032006e
:10c77c001e4090000080fb00a1522200e140780096
:10c78c00b0c2b30080cf500004003200a088220059
:10c79c0010407800e74f5000d8ff3600a0882200e8
:10c7ac00104078008080fb00e08722000080400071
:10c7bc008040eb0011409800d03d81000020a1008a
:10c7cc00d03d8900a08822008040eb000148780011
:10c7dc00b07b22008040eb000148780020c0b30001
:10c7ec00004f7800310037000040eb00004f78001c
:10c7fc00c13d810000202000008060000000e000ae
:10c80c002a003a00a08e220010407800e14f500020
:10c81c0026003a000040eb00104798001200370049
:10c82c00a0882200104078000081fb001e40900080
:10c83c000080fb00a1522200e1407800a07b220086
:10c84c0000004100114098001e4090000040e8009c
:10c85c0010479800a0882200104078008040e80023
:10c86c00a0882200014878001e4090008080fb00c8
:10c87c0040298100808f500005003100a0882200e3
:10c88c0090407800f0c9b30080cf5000e4ff360030
:10c89c00a0882200104078008080fb00a07b220042
:10c8ac00008040008040eb0011409800a08e2200d8
:10c8bc0010407800e14f500044003a001e407800d0
:10c8cc00e14f500005003200c13d810000202000e6
:10c8dc00008060000000e0003c003200d03d810090
:10c8ec000000a000d03d8900d03d81000010a000c8
:10c8fc00d03d89006044810071448100610040009a
:10c90c00e08048006044890071448900a08e2200b8
:10c91c008040eb000148780000892200104078002c
:10c92c00e14f4000050032000089220010407800e1
:10c93c008040e80000892200014878001e40780001
:10c94c000004e00004003200d03d81000030a00063
:10c95c00d03d890003003700d03d81000030a1009c
:10c96c00d03d8900a088220010407800e14f500093
:10c97c0016003600a0882200104078000080fb00d2
:10c98c008000e900a07b22000080400090409000d5
:10c99c00c0c7b30080cf50000c003a00a088220022
:10c9ac00104078008040e900a088220001487800ff
:10c9bc00a0882200104078008080fb00a07b220021
:10c9cc00008040008040eb0011409800a08e2200b7
:10c9dc00104078000004e000f7023a0092c0b30067
:10c9ec00a1492900a052220044fa020001000000d3
:10c9fc000000e00006003200a0fd20008040eb00ab
:10ca0c0001487800a0522200ec58020001000000fe
:10ca1c0052c0b300414a2900a052220044fa02003d
:10ca2c00010000000000e0000e003a00a2c0b300bc
:10ca3c00a14a2900a052220044fa02000100000081
:10ca4c000000e00007003a00a2c0b300514b2900df
:10ca5c00a052220044fa0200010000000000e00095
:10ca6c001a003200c0172100c2102000010721005b
:10ca7c00e404020000000000e004210038ba0200c7
:10ca8c000100000072002000e104210000172100c9
:10ca9c00e404020000000000a15222000007210063
:10caac00b8fa020001000000d0988000c08b88000a
:10cabc0050da200090407800a0172100014878003f
:10cacc00108f220011c0b30001487800b2c0b3002f
:10cadc00014c2900a052220044fa0200010000007f
:10caec000000e0001d00320050d8200010407800fb
:10cafc000080fb00680060000000e00010003200c5
:10cb0c0050d820008040eb000148780040d720002e
:10cb1c0021c0b3000148780040d7200010407800b5
:10cb2c00804078000104a00040d720000148780024
:10cb3c00c0d8200031c0b300014878000500370090
:10cb4c00a20120008000eb0040d72000f20402007c
:10cb5c0000000000c04c290037fb070040ea8000b1
:10cb6c00700060000000e00094003a00b2c0b30016
:10cb7c00314d2900a052220044fa020001000000ad
:10cb8c000000e0008d003200b0c0b3006047980098
:10cb9c00030037006e4090000040e80060479800aa
:10cbac006e4090000080fb00a15222006140780092
:10cbbc000004e000070032006e4090000080fb0093
:10cbcc00a1522200e1407800c0c2b30080cf5000d7
:10cbdc00f0ff3a006e4090000080fb00a152220052
:10cbec00e1407800c0c2b30080cf500003003a008f
:10cbfc006e4090000040e800604798006e40900046
:10cc0c008080fb00a05222000080400096cc0200e5
:10cc1c000100000000007800402889000300370064
:10cc2c006e4090000040e800604798006e40900015
:10cc3c000080fb00a1522200614078000004e0005b
:10cc4c00070032006e4090000080fb00a1522200d1
:10cc5c00e1407800c0c2b30080cf5000f0ff3a0032
:10cc6c006e4090000080fb00a1522200e140780051
:10cc7c00c0c2b30080cf500003003a006e40900059
:10cc8c000040e800604798006e4090000080fb0078
:10cc9c00a1522200e140780020c2b30080cf5000a6
:10ccac0023003a006e4090000040e8006047980076
:10ccbc00030037006e4090000040e8006047980089
:10cccc006e4090000080fb00a15222006140780071
:10ccdc000004e000070032006e4090000080fb0072
:10ccec00a1522200e140780020c2b30080cf500056
:10ccfc00f0ff3a006e4090000080fb00a152220031
:10cd0c00e140780020c2b30080cf500016003a00fa
:10cd1c006e4090000040e800604798001200370019
:10cd2c006e4090000040e80060479800010037001a
:10cd3c00000000006e4090000080fb00a152220019
:10cd4c00614078000004e000070032006e40900063
:10cd5c000080fb00a1522200e1407800c0c2b30069
:10cd6c0080cf5000eeff3a006e4090000080fb0038
:10cd7c00a1522200e1407800c0c2b30080cf500025
:10cd8c0003003a006e4090000040e80060479800b5
:10cd9c006e4090008080fb00a0522200008040007a
:10cdac0096cc0200010000005028890061288900ff
:10cdbc002028810000f0a00020288900a2c0b30028
:10cdcc00f14d2900a052220044fa0200010000009b
:10cddc000000e0000a00320040532200904078002e
:10cdec0010c3b30000c068000080fb000000e90025
:10cdfc004f00de000040780041f3220080487800ac
:10ce0c0040ea8000700060000000e0009f003200eb
:10ce1c00a0522200400798004e00900090407800ed
:10ce2c00c0c3b30080cf50000f003a004e009000fa
:10ce3c000000e80090407800c0c3b30080cf5000e1
:10ce4c0009003a004e0090000080e8009040780005
:10ce5c00c0c3b30080cf500003003a004e009000d6
:10ce6c0063004000400798004e009000904078000e
:10ce7c0030c2b30080cf5000050032004e0090004d
:10ce8c0090407800b0c2b30080cf50000c003a0044
:10ce9c00ce0090006b004700811f7800a14e290046
:10ceac00811f7800a204020000000000e4875700f4
:10cebc006b004700d6fe0200010000007300370033
:10cecc004e00900022c0b3005151290044fa0200d8
:10cedc00010000000000e0006c003a0050048100ea
:10ceec0063006000e10f50006800320050048100c4
:10cefc00640060000000e000380032004e0090003a
:10cf0c0090407800a0c3b30080cf50005f003a007f
:10cf1c00500481000020a100500489008051290098
:10cf2c00d6fe0200010000000040eb00204f9800ec
:10cf3c000e00370020028100ae4890008180fb007b
:10cf4c004e019000810041001141780041dc21002c
:10cf5c0081004000824878000000e800200289002f
:10cf6c002e4890000040e800204f98002e4890007a
:10cf7c000080fb00ce009000008040001040780044
:10cf8c000004e0000400320021028100e0272000b0
:10cf9c00808f5000e7ff360021028100e02720003f
:10cfac00808f500007003e002002810041dc2100f0
:10cfbc0081004000a2c0b300824878000000e80065
:10cfcc00200289002102810040dc21000080400009
:10cfdc008040eb00014878002c0037000040eb004b
:10cfec00204f98000e00370020028100ae489000c0
:10cffc008180fb004e0190008100410011417800be
:10d00c0041dc210081004000824878000000e800eb
:10d01c00200289002e4890000040e800204f980024
:10d02c002e4890000080fb00ce0090000080400055
:10d03c00104078000004e00004003200210281005e
:10d04c00e0272000808f5000e7ff3600210281008e
:10d05c00e0272000808f500007003e002002810056
:10d06c0041dc210081004000a2c0b300824878005e
:10d07c000000e800200289002102810040dc210030
:10d08c00008040008040eb000148780072c0b30083
:10d09c00d1532900a052220044fa020001000000e2
:10d0ac000000e000ea003200a0522200f20502006b
:10d0bc0000000000eb0f5000e5003600a0722200cb
:10d0cc00104078008040e800a072220001487800ef
:10d0dc00305322009040780010c3b30080cf500032
:10d0ec0085003a00d08a2200104078000080fb00b6
:10d0fc00e10f500020003200e10f500003003c0013
:10d10c000000e0000600320078003700e20f50000b
:10d11c00c6003200e30f50006b0032007300370082
:10d12c0000812000104078000004e00008003a0064
:10d13c000081200051c0b300014878003aff020082
:10d14c000100000050542900d6fe0200010000002e
:10d15c00b08c2200104078000004e000b5003200d2
:10d16c003aff02000100000000562900d6fe020022
:10d17c0001000000b600370090c0b30010479800c3
:10d18c000000eb0010079800030037001e409000d1
:10d19c000040e800104798001e4090008080fb0083
:10d1ac0040298100808f5000070031001e40900004
:10d1bc000080fb00a1522200e140780020c2b300a5
:10d1cc0080cf5000f1ff3a001e4090000080fb0021
:10d1dc00a1522200e140780020c2b30080cf500061
:10d1ec0023003a001e4090000040e80010479800d1
:10d1fc000000eb00100798000e0037001e40900056
:10d20c000080fb00a1522200e14078001e0190003a
:10d21c002089220000004100114098001e0090005f
:10d22c000000e800100798001e4090000040e80045
:10d23c00104798001e4090008080fb004029810020
:10d24c00808f50000a0031001e4090000080fb00cf
:10d25c00a1522200e140780020c2b30080cf5000e0
:10d26c00030032001e009000f80f5000e3ff340062
:10d27c001e0090000000e00005003a0081582900d3
:10d28c00308922007afa0200010000001007980091
:10d29c009e00900020892200008040008040eb001e
:10d2ac0011409800d08a220021c0b30001487800b8
:10d2bc003aff02000100000070592900d6fe02005e
:10d2cc0001000000620037005053220090407800ab
:10d2dc0000c3b30080cf500058003200b606a9003e
:10d2ec0040062000d09888005900370040062000e6
:10d2fc00d0988800560037003053220090407800b8
:10d30c0000c3b30080cf500051003a00b08c220013
:10d31c00104078000080fb00e10f50004000350009
:10d32c00e20f500003003400e30f500034003200d1
:10d33c003b003700505322009040780020c3b300cc
:10d34c0080cf5000050032005053220090407800ee
:10d35c0030c3b30080cf500003003a00b08c2200e1
:10d36c0021c0b3000148780050532200904078004f
:10d37c0000c3b30080cf500018003a00b08c2200dc
:10d38c0031c0b3000148780050de22008040eb0031
:10d39c0001487800e08c2200f040900000c5b300fa
:10d3ac0080cf50000d003200e08c2200100078007d
:10d3bc00610060000000e00005003200e08c2200fb
:10d3cc00e040900000c5b30080cf50000300320055
:10d3dc0000c5b3005edf02000100000050532200c4
:10d3ec009040780060c3b30080cf500015003a0025
:10d3fc00b08c220061c0b3000148780014003700e3
:10d40c00505322009040780000c3b30080cf5000ee
:10d41c000e00320040062000d09888000c00370027
:10d42c0040062000d098880009003700000000005a
:10d43c000700370000000000050037000000000066
:10d44c00030037000000000001003700000000005e
:10d45c0042c0b300515b2900a052220044fa0200e2
:10d46c00010000000000e00053003200d08a2200ce
:10d47c00104078000004e00021003a00b08c22003b
:10d48c00104078000004e0001d003a00f01f8100fd
:10d49c00e50f500005003a000040eb00e0dd020013
:10d4ac000100000030002000f01f8900d08a22000b
:10d4bc0011c0b300014878003aff020001000000df
:10d4cc00a05b2900d6fe02000100000000812000b4
:10d4dc0011c0b300014878000000eb00707e88009a
:10d4ec00007d2000607e88000000eb00407e8800fc
:10d4fc00d02a21008040eb00014878002e00370034
:10d50c003aff020001000000005f2900d6fe020075
:10d51c000100000001602900c0c820007afa020056
:10d52c0001000000100798009e009000c0c8200069
:10d53c0080804000d08a2200104078000041eb002f
:10d54c00c8ce0200010000009e0090000080400048
:10d55c0010079800c0c82000d6fe02000100000091
:10d56c0061602900c0c820007afa020001000000a6
:10d57c00100798009e009000c0c8200080804000da
:10d58c00b08c2200104078000041eb00c8ce0200a5
:10d59c00010000009e0090000080400010079800e1
:10d5ac00c0c82000d6fe020001000000c0472900c0
:10d5bc00d6fe0200010000000000eb0040298900ab
:10d5cc000e0037002ed09000ed4f50000b003200b3
:10d5dc0041298100f0092000808f500007003e0097
:10d5ec00402981002ed19000a15222008270780037
:10d5fc00402981000000e800402989004f04780090
:10d60c000080fa00000006001600fa00200f9800b7
:10d61c00c0602900d6fe020001000000d0988000f6
:10d62c00801f780080622900801f78000e0078002f
:10d63c00a204020000000000e48757000e007800ee
:10d64c00d6fe020001000000b0622900d6fe0200e6
:10d65c00010000002e089000d0988800c03d810089
:10d66c000090a000c03d890060002000f01f8900e0
:10d67c0010c0b300fcf807000080fa0000000600a0
:10d68c000200fa00000f7800004022009040780061
:10d69c00a0c5b30080cf500006003200014022002c
:10d6ac001e0078007afa02000100000010c0b300de
:10d6bc001001370050782200104078000004e00080
:10d6cc00080132007163290050782200eaf9020047
:10d6dc00010000000000e00006003a00d1632900c0
:10d6ec0050782200eaf90200010000000000e0007e
:10d6fc0006003200316429001e0078007afa02001c
:10d70c000100000010c0b300fa003700a16429002a
:10d71c0050782200eaf90200010000000000e0004d
:10d72c000c003a000165290050782200eaf9020049
:10d73c00010000000000e00006003a0061652900cd
:10d74c0050782200eaf90200010000000000e0001d
:10d75c0006003200c16529001e0078007afa02002a
:10d76c000100000010c0b300e20037003166290050
:10d77c0050782200eaf90200010000000000e000ed
:10d78c0006003a009166290050782200eaf902005e
:10d79c00010000000000e00006003200f1662900e4
:10d7ac001e0078007afa02000100000010c0b300dd
:10d7bc00d00037004167290050782200eaf90200b6
:10d7cc00010000000000e0000c003a00a1672900f5
:10d7dc0050782200eaf90200010000000000e0008d
:10d7ec0006003a000168290050782200eaf902008c
:10d7fc00010000000000e000060032006168290012
:10d80c001e0078007afa02000100000010c0b3007c
:10d81c00b80037006169290050782200eaf902004b
:10d82c00010000000000e00006003200c169290080
:10d83c001e0078007afa02000100000010c0b3004c
:10d84c00ac003700c16a290050782200eaf90200c6
:10d85c00010000000000e00006003a00216b2900e6
:10d86c0050782200eaf90200010000000000e000fc
:10d87c0006003200816b29001e0078007afa020043
:10d88c000100000010c0b3009a003700116c290091
:10d89c0050782200eaf90200010000000000e000cc
:10d8ac0006003200716c29001e0078007afa020022
:10d8bc000100000010c0b3008e003700216d29005c
:10d8cc0050782200eaf90200010000000000e0009c
:10d8dc0006003200816d29001e0078007afa0200e1
:10d8ec000100000010c0b30082003700716e2900e7
:10d8fc0050782200eaf90200010000000000e0006c
:10d90c000c003a00d16e290050782200eaf902008e
:10d91c00010000000000e00006003a00316f290011
:10d92c0050782200eaf90200010000000000e0003b
:10d93c0006003200916f29001e0078007afa02006e
:10d94c000100000010c0b3006a003700917029007c
:10d95c0050782200eaf90200010000000000e0000b
:10d96c0006003a00f170290050782200eaf9020012
:10d97c00010000000000e000060032005171290097
:10d98c001e0078007afa02000100000010c0b300fb
:10d99c0058003700e171290050782200eaf90200a2
:10d9ac00010000000000e0000c003a004172290068
:10d9bc0050782200eaf90200010000000000e000ab
:10d9cc0006003a00a172290050782200eaf9020000
:10d9dc00010000000000e000060032000173290085
:10d9ec001e0078007afa02000100000010c0b3009b
:10d9fc0040003700b173290050782200eaf9020088
:10da0c00010000000000e000060032001174290043
:10da1c001e0078007afa02000100000010c0b3006a
:10da2c0034003700d174290050782200eaf9020042
:10da3c00010000000000e00006003a0031752900ea
:10da4c0050782200eaf90200010000000000e0001a
:10da5c0006003200517129001e0078007afa02008b
:10da6c000100000010c0b30022003700917529009e
:10da7c0050782200eaf90200010000000000e000ea
:10da8c0006003200f17529001e0078007afa0200b7
:10da9c000100000010c0b3001600370041772900c8
:10daac0050782200eaf90200010000000000e000ba
:10dabc0006003a00a177290050782200eaf902000a
:10dacc00010000000000e00006003200017829008f
:10dadc001e0078007afa02000100000010c0b300aa
:10daec00040037001e0078008040eb0001487800ed
:10dafc000040eb000080fa00000006004406fa002b
:10db0c00889fbe00e0d82000104078000080fb0009
:10db1c0061006000004078000004e00004003a005e
:10db2c0080802000104078000004e00013003200d8
:10db3c00d1988000b0798100808f50000f003200a6
:10db4c00b1798100d0988000811f7800801f780007
:10db5c0010792900801f7800c0c82000a2040200a0
:10db6c0000000000e6875700c0c82000d6fe020067
:10db7c0001000000d0988000b0798900d098800016
:10db8c008000eb000220200003002000820f5000d8
:10db9c00838f580007253e0000600100000237000b
:10dbac00d3023700e8023700180337005003370060
:10dbbc0086033700bf033700260437005f043700a5
:10dbcc009c043700e904370040053700790537001d
:10dbdc005906370092063700f70637003c07370026
:10dbec0087073700eb07370018083700f124370098
:10dbfc004e0837007f083700b0083700e1083700bf
:10dc0c001209370043093700ea0937001b0a3700ad
:10dc1c004c0a37007d0a3700ae0a3700e52437007e
:10dc2c00ed0a3700100b3700370b3700e1243700b3
:10dc3c005e0b3700a20b3700e10b3700b711370032
:10dc4c00de113700db2437000a1237001c123700b4
:10dc5c00511237006b123700110c37004f0c370084
:10dc6c00d42437007612370082123700a7133700fe
:10dc7c00b3133700721437007e143700cd243700ed
:10dc8c00cc243700cb243700ca243700e0153700ea
:10dc9c00fa153700211637003616370048163700ac
:10dcac00b0163700bc163700c2243700c124370029
:10dcbc00c0243700bf243700be243700bd243700f2
:10dccc00bc243700bb243700ba243700b9243700f2
:10dcdc00b8243700b7243700b6243700ce163700e7
:10dcec00e11637003617370059173700b1243700c3
:10dcfc007e1737008b173700ae243700ad24370062
:10dd0c00ac24370096173700aa173700d017370006
:10dd1c00e2173700a7243700a6243700a5243700c4
:10dd2c00a4243700a3243700a2243700021837009c
:10dd3c00171837003d183700491837009d24370055
:10dd4c009c2437009b2437009a24370099243700f1
:10dd5c0098243700f11937009624370095243700a2
:10dd6c00f8193700081a3700531a37009124370076
:10dd7c00902437008f2437008e2437008d243700f1
:10dd8c008c243700771837008818370008193700ab
:10dd9c002119370040193700a319370085243700a3
:10ddac0084243700832437008224370081243700f1
:10ddbc00802437007f2437007e2437007d243700f1
:10ddcc007c2437007b2437007a24370079243700f1
:10dddc0078243700772437007624370075243700f1
:10ddec0074243700732437007224370071243700f1
:10ddfc00702437006f2437006e2437006d243700f1
:10de0c006c2437006b2437006a24370069243700f0
:10de1c006824370067243700662437005e1a370001
:10de2c00851a3700bf1a3700622437006124370087
:10de3c00602437005f2437005e2437005d243700f0
:10de4c005c243700c41a3700e41a37001b1b370058
:10de5c0058243700572437005624370055243700f0
:10de6c0054243700532437005224370051243700f0
:10de7c00502437004f2437004e2437004d243700f0
:10de8c004c2437004b2437004a24370049243700f0
:10de9c0048243700472437004624370045243700f0
:10deac0044243700432437004224370041243700f0
:10debc00402437003f2437003e243700f40b370052
:10decc00b60e3700dc0e3700370f37006c0f3700fb
:10dedc00830f37008b0f370036243700d40f3700f1
:10deec00f80f3700a10f3700171037005510370007
:10defc00b1103700bf1037002e243700c91037007f
:10df0c00ce1037002b2437002a2437002924370061
:10df1c0028243700272437002624370025243700ef
:10df2c0024243700232437002224370021243700ef
:10df3c00202437001f2437001e243700191b3700fc
:10df4c00251b37003b1b3700471b3700531b370083
:10df5c006d1b3700811b3700881b3700d21b370025
:10df6c00ec1b370013243700122437001124370020
:10df7c00102437000f2437000e2437000d243700ef
:10df8c000c243700b3103700c310370009243700b6
:10df9c0008243700072437000b1c370005243700f2
:10dfac00042437000324370002243700101c3700e8
:10dfbc00201c3700681c37009a1c3700fd233700e3
:10dfcc00fc233700fb233700fa233700f9233700f3
:10dfdc00f8233700f7233700f6233700f5233700f3
:10dfec00f4233700f3233700f2233700f1233700f3
:10dffc00f0233700ef233700ee233700631b370085
:10e00c006d1b3700771b37009b1b3700a21b37009b
:10e01c00e8233700e7233700e6233700e5233700f2
:10e02c00e4233700e3233700e2233700e1233700f2
:10e03c00e0233700df233700de233700dd233700f2
:10e04c00dc233700db233700da233700971c37003b
:10e05c00af1c3700191d3700d6233700d5233700e6
:10e06c00d4233700d3233700d2233700d1233700f2
:10e07c00d0233700cf233700ce233700cd233700f2
:10e08c00cc233700cb233700ca233700c9233700f2
:10e09c00c8233700c7233700c6233700c5233700f2
:10e0ac00c4233700c3233700c2233700c1233700f2
:10e0bc00c0233700bf233700be233700bd233700f2
:10e0cc00bc233700bb233700ba233700b9233700f2
:10e0dc00b8233700b7233700b6233700b5233700f2
:10e0ec00b4233700b3233700b2233700b1233700f2
:10e0fc00b0233700af233700ae233700ad233700f2
:10e10c00ac233700ab233700aa233700a9233700f1
:10e11c00a8233700a7233700a6233700a5233700f1
:10e12c00a4233700a3233700a2233700a1233700f1
:10e13c00a02337009f2337009e2337009d233700f1
:10e14c009c2337009b2337009a23370099233700f1
:10e15c0098233700972337009623370095233700f1
:10e16c0094233700932337002a0a37009123370072
:10e17c00902337008f2337008e2337008d233700f1
:10e18c008c2337008b2337008a23370089233700f1
:10e19c0088233700872337008623370085233700f1
:10e1ac0084233700832337008223370081233700f1
:10e1bc00802337007f2337007e2337007d233700f1
:10e1cc007c2337007b2337007a23370079233700f1
:10e1dc007823370077233700762337001e0137006a
:10e1ec00340437006d043700b2043700be04370026
:10e1fc00fa0737002e0837006e2337006d233700df
:10e20c006c2337006b2337006a23370069233700f0
:10e21c0068233700672337006623370065233700f0
:10e22c0064233700632337006223370061233700f0
:10e23c00602337005f2337005e2337005d233700f0
:10e24c005c2337005b2337005a23370059233700f0
:10e25c0058233700572337005623370055233700f0
:10e26c0054233700532337005223370051233700f0
:10e27c00502337004f2337004e2337004d233700f0
:10e28c004c2337004b2337004a23370049233700f0
:10e29c0048233700472337004623370045233700f0
:10e2ac0044233700432337004223370041233700f0
:10e2bc00402337003f2337003e2337003d233700f0
:10e2cc003c2337003b233700d51c37002e1d37006d
:10e2dc00791d3700ad1d37002d1e3700261e370067
:10e2ec008f22370033233700322337003123370096
:10e2fc0030233700471e37002e2337002d233700dd
:10e30c002c2337002b2337002a23370029233700ef
:10e31c0028233700272337002623370025233700ef
:10e32c0024233700232337002223370021233700ef
:10e33c00202337001f2337001e2337001d233700ef
:10e34c001c2337001b2337001a23370019233700ef
:10e35c0018233700172337001623370015233700ef
:10e36c00142337001323370012233700601c3700a7
:10e37c00681c37000f2337000e2337000d2337009e
:10e38c000c2337000b2337000a23370009233700ef
:10e39c0008233700731c3700821c3700981c370089
:10e3ac00002f210080c0eb0001487800002f2100d5
:10e3bc0080c0eb0001487800b666a90050802000b0
:10e3cc008040eb000148780089230700f223070006
:10e3dc0090b32000c1c0b30001487800a0f1220026
:10e3ec008040eb000148780040012000c078890093
:10e3fc00e02822008040eb0001487800f0902200d9
:10e40c008040eb0001487800f02822008040eb00af
:10e41c0001487800b0ef20008040eb000148780004
:10e42c0050fc20008040eb0001487800b0722200c4
:10e43c008040eb0001487800607522008040eb00c2
:10e44c0001487800507522008040eb0001487800ac
:10e45c000000eb0010408800408020008040eb0062
:10e46c00014878003aff020001000000d0988000bb
:10e47c00801f7800f0792900801f7800c0c8200028
:10e48c00a204020000000000e4875700c0c820006e
:10e49c00d6fe0200010000003aff0200010000005d
:10e4ac00d07a2900d6fe020001000000c0472900e6
:10e4bc00d6fe020001000000419c200010c0b300f9
:10e4cc000e8f02000100000000192000d098880077
:10e4dc000040eb00e0dd0200010000000000eb005a
:10e4ec00407e88000000eb00507e88000000eb00ae
:10e4fc00607e88000000eb00907e8800007d20008c
:10e50c00b07e8800a0fd20008040eb000148780020
:10e51c000000eb00707e88000000eb00807e88001d
:10e52c000000eb00a07e8800e09022008040eb0011
:10e53c0001487800a07222008040eb00014878006e
:10e54c00e0d620008040eb0001487800007b2200e0
:10e55c00f1c3b30001487800007b220090407800a2
:10e56c00a02821000148780000772200f1c3b300f5
:10e57c0001487800107722008040eb0001487800b9
:10e58c000000eb00506488000c00370050648000e1
:10e59c007f00b90080007800502a220000804000e3
:10e5ac00e20120008000eb00f204020000000000f9
:10e5bc00506480000000e8005064880050648000c3
:10e5cc00e30f5000f1ff34000080eb005064880032
:10e5dc00607b22008040eb0001487800407b2200e9
:10e5ec008040eb0001487800308f22008040eb0027
:10e5fc0001487800208f22008040eb000148780011
:10e60c00dcc6a800b6a6a8003aff02000100000074
:10e61c00d098800011002000811f7800801f7800a6
:10e62c00b07b2900801f7800c0c82000a204020023
:10e63c0000000000e6875700c0c82000d6fe02008c
:10e64c000100000041ea800000ff2f000080600004
:10e65c0040ea8800e322370090b320001040780095
:10e66c000004e0001900320090b320001040780044
:10e67c008040e90090b3200001487800419c2000c4
:10e68c0010c0b3000e8f0200010000003aff020020
:10e69c000100000090b32000104078000080fb00c7
:10e6ac00801f7800307d2900801f7800c0c82000b2
:10e6bc00a204020000000000e4875700c0c820003c
:10e6cc00d6fe0200010000000500370010002000fb
:10e6dc00d0988800908e220061c9b3000148780060
:10e6ec00a0fd20008040eb0001487800bd223700df
:10e6fc00307b22008040eb0001487800d080200065
:10e70c00104078008040e800d0802000014878005c
:10e71c0024230700007e2900f122070000e22400d8
:10e72c0001002000603d8900713d8900200020001f
:10e73c00d0988800411f200010c0b3000e8f02003b
:10e74c0001000000a7223700c13d810000202000fd
:10e75c00008060000000e0000b0032001000200080
:10e76c00f01f89000f23070000e2240001002000a5
:10e77c00603d8900713d8900607e2900d822070028
:10e78c0030002000d0988800603d8100713d8100f0
:10e79c00e00f5000e08f58000d223a00d07e290087
:10e7ac00d6fe020001000000d19880001004200069
:10e7bc000e004000811f780081622900811f7800c3
:10e7cc00a204020000000000e4875700100420009f
:10e7dc000e004000d6fe020001000000b0622900cd
:10e7ec00d6fe02000100000001fa200010c0b300a8
:10e7fc000e8f02000100000010c0b3009af4070055
:10e80c0080112000d098880076223700c13d81000d
:10e81c0000202000008060000000e0000e003200ac
:10e82c00e0220700e0802900ad22070000e224006e
:10e83c0001002000603d8900713d89000000eb0063
:10e84c008048890040c4b3005edf02000100000074
:10e85c0070022000d0988800603d8100713d8100dd
:10e86c00e00f5000e08f58001c003a00c0602900f7
:10e87c00d6fe020001000000d19880005005200057
:10e88c000e004000811f780081622900811f7800f2
:10e89c00a204020000000000e4875700500520008d
:10e8ac000e004000d6fe020001000000b0622900fc
:10e8bc00d6fe02000100000020002000d098880045
:10e8cc00c03d81000090a000c03d89006000200088
:10e8dc00f01f890010c0b30063f40700411f200033
:10e8ec0010c0b3000e8f0200010000003d22370063
:10e8fc00c13d810000202000008060000000e0008d
:10e90c0009003200a7220700408129007422070069
:10e91c0000e2240001002000603d8900713d890067
:10e92c0050002000d0988800603d8100713d81002e
:10e93c00e00f5000e08f58001c003a00c060290026
:10e94c00d6fe020001000000d19880009006200045
:10e95c000e004000811f780081622900811f780021
:10e96c00a204020000000000e4875700900620007b
:10e97c000e004000d6fe020001000000b06229002b
:10e98c00d6fe02000100000030002000d098880064
:10e99c0060002000f01f8900c03d81000090a000a5
:10e9ac00c03d890010c0b3002ff40700411f2000a8
:10e9bc0010c0b3000e8f020001000000a0fd20006b
:10e9cc008040eb000148780006223700c13d8100f1
:10e9dc0000202000008060000000e0000f003200ea
:10e9ec0070220700a06222008040eb0001487800f2
:10e9fc00308229003a220700108f22008040eb0061
:10ea0c000148780000e2240001002000603d8900ec
:10ea1c00713d890060002000d0988800603d810025
:10ea2c00713d8100e00f5000e08f58001c003a004f
:10ea3c00c0602900d6fe020001000000d1988000c1
:10ea4c00d00720000e004000811f78008162290051
:10ea5c00811f7800a204020000000000e487570028
:10ea6c00d00720000e004000d6fe0200010000007e
:10ea7c00b0622900d6fe020001000000c03d8100fa
:10ea8c000090a000c03d890040002000d098880074
:10ea9c0060002000f01f890010c0b300f2f30700e3
:10eaac00411f200010c0b3000e8f020001000000b7
:10eabc00cc213700a0622200104078000004e00056
:10eacc003e00320082c0b300d1822900a062220035
:10eadc0044fa0200010000000000e00014003200c3
:10eaec0020632200104078000004e0001000320087
:10eafc00506422008040eb00014878002163220022
:10eb0c0060332200b8fa02000100000070002000ff
:10eb1c00d098880000e2240001002000603d8900ac
:10eb2c00713d8900e09022008040eb0001487800a4
:10eb3c00108f2200104078000004e0001f0032000b
:10eb4c00e06322008040eb0001487800a1622200c3
:10eb5c0060332200b8fa02000100000050002000cf
:10eb6c00d098880060002000f01f8900e0902200ff
:10eb7c00104078008040e800e090220001487800c6
:10eb8c003aff02000100000060832900d6fe02005b
:10eb9c0001000000c03d81000090a000c03d890034
:10ebac00e090220010407800e44f50000a2136001b
:10ebbc00f00f2000d09888008a213700603d81003a
:10ebcc00713d8100e00f5000e08f58001c003a00ae
:10ebdc00c0602900d6fe020001000000d198800020
:10ebec00100920000e004000811f7800816229006e
:10ebfc00811f7800a204020000000000e487570087
:10ec0c00100920000e004000d6fe0200010000009a
:10ec1c00b0622900d6fe0200010000005000200066
:10ec2c00d0988800c03d81000090a000c03d8900b4
:10ec3c0060002000f01f890010c0b3008af30700a9
:10ec4c00411f200010c0b3000e8f02000100000015
:10ec5c0064213700c13d810000202000008060004d
:10ec6c000000e0000f003200ce210700a06222005d
:10ec7c008040eb000148780020842900982107008f
:10ec8c0000e2240001002000603d8900713d8900f4
:10ec9c0080002000d0988800108f22008040eb006c
:10ecac0001487800603d8100713d8100e00f50000b
:10ecbc00e08f58001c003a00c0602900d6fe02000c
:10eccc0001000000d1988000500a20000e00400086
:10ecdc00811f780081622900811f7800a204020044
:10ecec0000000000e4875700500a20000e0040008e
:10ecfc00d6fe020001000000b0622900d6fe020020
:10ed0c000100000050002000d0988800c03d810018
:10ed1c000090a000c03d890060002000f01f890019
:10ed2c0010c0b30050f30700411f200010c0b30007
:10ed3c000e8f0200010000002a213700a062220081
:10ed4c00104078000004e00014003200e063220060
:10ed5c008040eb0001487800a162220000292200cb
:10ed6c00b8fa020001000000108f22001040780059
:10ed7c000004e0000300320060002000f01f890056
:10ed8c000600370090002000d098880000e2240094
:10ed9c0001002000603d8900713d8900603d8100cb
:10edac00713d8100e00f5000e08f58001c003a00cc
:10edbc00c0602900d6fe020001000000d19880003e
:10edcc00900b20000e004000811f7800816229000a
:10eddc00811f7800a204020000000000e4875700a5
:10edec00900b20000e004000d6fe02000100000037
:10edfc00b0622900d6fe0200010000007000200065
:10ee0c00d0988800c03d81000090a000c03d8900d2
:10ee1c0060002000f01f890010c0b30012f307003f
:10ee2c00411f200010c0b3000e8f02000100000033
:10ee3c00ec203700c13d81000020200000806000e4
:10ee4c000000e0002300320056210700a0622200df
:10ee5c008040eb0001487800b08429002021070095
:10ee6c0000e2240001002000603d8900713d890012
:10ee7c00a0002000d0988800108f22008040eb006a
:10ee8c00014878000000eb00506488000c0037004b
:10ee9c00506480007f00b90080007800502a220066
:10eeac0000804000e20120008000eb00f204020030
:10eebc0000000000506480000000e80050648800ee
:10eecc0050648000e30f5000f1ff34000000eb00b1
:10eedc0050648800603d8100713d8100e00f50005e
:10eeec00e08f58001c003a00c0602900d6fe0200da
:10eefc0001000000d1988000d00c20000e004000d2
:10ef0c00811f780081622900811f7800a204020011
:10ef1c0000000000e4875700d00c20000e004000d9
:10ef2c00d6fe020001000000b0622900d6fe0200ed
:10ef3c000100000070002000d0988800c03d8100c6
:10ef4c000090a000c03d890060002000f01f8900e7
:10ef5c0010c0b300c4f20700411f200010c0b30062
:10ef6c000e8f0200010000009e203700a0622200dc
:10ef7c00104078000004e00008003200108f2200de
:10ef8c00104078000004e00004003200400d200026
:10ef9c00d098880060002000f01f8900c13d8100de
:10efac0000202000008060000000e0001f00320004
:10efbc00b0002000d09888003aff02000100000049
:10efcc0060852900d6fe0200010000000000eb0065
:10efdc00506488000d003700522a220050648000d3
:10efec007f00b9000000780000004100d6fe02004e
:10effc0001000000d0852900d6fe020001000000af
:10f00c00506480000000e800506488005064800068
:10f01c00e30f5000f0ff3400f0852900d6fe02000b
:10f02c00010000000080eb0050648800603d81000e
:10f03c00713d8100e00f5000e08f58001e003a0037
:10f04c00c0602900d6fe020001000000d1988000ab
:10f05c00100e20000e004000811f780081622900f4
:10f06c00811f7800a204020000000000e487570012
:10f07c00100e20000e004000d6fe02000100000021
:10f08c00b0622900d6fe02000100000090002000b2
:10f09c00d0988800c03d81000090a000c03d890040
:10f0ac0060002000f01f890010c0b3006ef2070052
:10f0bc000080eb0050648800411f200010c0b3009a
:10f0cc000e8f02000100000046203700c13d810078
:10f0dc0000202000008060000000e0000f003200e3
:10f0ec00b0200700a06222008040eb0001487800ad
:10f0fc00108629007a20070000e22400010020007d
:10f10c00603d8900713d8900108f22008040eb002a
:10f11c0001487800c0002000d0988800603d810034
:10f12c00713d8100e00f5000e08f58001c003a0048
:10f13c00c0602900d6fe020001000000d1988000ba
:10f14c00500f20000e004000811f780081622900c2
:10f15c00811f7800a204020000000000e487570021
:10f16c00500f20000e004000d6fe020001000000ef
:10f17c00b0622900d6fe02000100000090002000c1
:10f18c00d0988800c03d81000090a000c03d89004f
:10f19c0060002000f01f890010c0b30032f207009d
:10f1ac00411f200010c0b3000e8f020001000000b0
:10f1bc000c203700a0622200104078000004e00010
:10f1cc0016003200e06322008040eb00014878001a
:10f1dc00a162220010322200b8fa020001000000e5
:10f1ec00108f2200104078000004e000050032006f
:10f1fc00000d2000d098880060002000f01f8900ce
:10f20c000600370000e2240001002000603d890068
:10f21c00713d890010192000d0988800603d810054
:10f22c00713d8100e00f5000e08f58001c003a0047
:10f23c00c0602900d6fe020001000000d1988000b9
:10f24c00901020000e004000811f78008162290080
:10f25c00811f7800a204020000000000e487570020
:10f26c00901020000e004000d6fe020001000000ad
:10f27c00b0622900d6fe020001000000b0002000a0
:10f28c00d0988800c03d81000090a000c03d89004e
:10f29c0060002000f01f890010c0b300f2f10700dd
:10f2ac00411f200010c0b3000e8f020001000000af
:10f2bc00cc1f3700c13d8100002020000080600081
:10f2cc000000e0000f003200008f22008040eb00b5
:10f2dc000148780033200700a06222008040eb0038
:10f2ec0001487800a0862900fd1f070000e22400d9
:10f2fc0001002000603d8900713d8900201920002b
:10f30c00d0988800603d8100713d8100e00f500075
:10f31c00e08f58001c003a00c0602900d6fe0200a5
:10f32c0001000000d1988000d01120000e00400098
:10f33c00811f780081622900811f7800a2040200dd
:10f34c0000000000e4875700d01120000e004000a0
:10f35c00d6fe020001000000b0622900d6fe0200b9
:10f36c0001000000b0002000d0988800c03d810052
:10f37c000090a000c03d890060002000f01f8900b3
:10f38c0010c0b300b8f10700411f200010c0b3003b
:10f39c000e8f020001000000921f3700c13d81005a
:10f3ac0000202000008060000000e0001b00320004
:10f3bc00008f22008040eb0001487800d000200034
:10f3cc00d0988800a0622200104078000004e00071
:10f3dc0012003200b2c0b30071872900a062220073
:10f3ec0044fa0200010000000000e00002003200bc
:10f3fc0030192000d0988800b2c0b30031882900a1
:10f40c00a062220044fa0200010000000000e000ab
:10f41c0002003200d0002000d0988800603d8100ae
:10f42c00713d8100e00f5000e08f58001c003a0045
:10f43c00c0602900d6fe020001000000d1988000b7
:10f44c00101320000e004000811f780081622900fb
:10f45c00811f7800a204020000000000e48757001e
:10f46c00101320000e004000d6fe02000100000028
:10f47c00b0622900d6fe020001000000b00020009e
:10f48c00d0988800c03d81000090a000c03d89004c
:10f49c0060002000f01f890010c0b30072f107005b
:10f4ac00411f200010c0b3000e8f020001000000ad
:10f4bc004c1f3700bb1f0700a06222008040eb00ee
:10f4cc0001487800f0882900851f070000e224001d
:10f4dc0001002000603d8900713d89004019200029
:10f4ec00d09888003f1f3700c13d810000202000cc
:10f4fc00008060000000e00005003a00603d8100e3
:10f50c00713d8100e00f5000e08f580005003a007b
:10f51c00d0892900d6fe020001000000b00e2000a8
:10f52c00d0988800411f200010c0b3000e8f02003d
:10f53c00010000002b1f3700c13d8100002020007e
:10f54c00008060000000e0000f003200008f2200fd
:10f55c008040eb0001487800921f0700a062220057
:10f56c008040eb0001487800008c29005c1f0700ec
:10f57c0000e2240001002000603d8900713d8900fb
:10f58c00e0002000d0988800603d8100713d810032
:10f59c00e00f5000e08f58001c003a00c0602900ba
:10f5ac00d6fe020001000000d1988000501420000b
:10f5bc000e004000811f780081622900811f7800b5
:10f5cc00a204020000000000e48757005014200041
:10f5dc000e004000d6fe020001000000b0622900bf
:10f5ec00d6fe020001000000b0002000d098880078
:10f5fc00c03d81000090a000c03d8900600020004b
:10f60c00f01f890010c0b30017f10700411f200044
:10f61c0010c0b3000e8f020001000000f11e370075
:10f62c00a0622200104078000004e0003c00320090
:10f63c00c2c0b300a18c2900a062220044fa0200cf
:10f64c00010000000000e000090032002000200052
:10f65c00f01f890020012000d098880000e22400cf
:10f66c0001002000603d8900713d89002c003700ad
:10f67c00e2c0b300718d2900a062220044fa02009e
:10f68c00010000000000e0000a003200f000200041
:10f69c00d0988800e09022008040eb000148780070
:10f6ac0000e2240001002000603d8900713d8900ca
:10f6bc001b003700e2c0b300618e2900a06222005b
:10f6cc0044fa0200010000000000e00009003200d2
:10f6dc00900d2000d098880011c0b30010002000bd
:10f6ec00244602000100000060002000f01f890089
:10f6fc000b00370032c1b300518f2900a0622200e9
:10f70c0044fa0200010000000000e0000200320098
:10f71c00800d2000d098880060002000f01f890028
:10f72c00603d8100713d8100e00f5000e08f58007a
:10f73c001c003a00c0602900d6fe02000100000047
:10f74c00d1988000901520000e004000811f780099
:10f75c0081622900811f7800a204020000000000d1
:10f76c00e4875700901520000e004000d6fe0200e2
:10f77c0001000000b0622900d6fe0200010000006a
:10f78c00d0002000d0988800c03d81000090a000df
:10f79c00c03d890010c0b300b3f00700600020002a
:10f7ac00f01f8900411f200010c0b3000e8f020013
:10f7bc00010000008b1e3700420020008000eb008f
:10f7cc00b08e2200f204020000000000b08e220075
:10f7dc0085f12200a4f122008001780042c0b30020
:10f7ec008000eb0000cab3001eb80200010000004c
:10f7fc00f08e22008040eb0001487800b08e220091
:10f80c006ad50200000000000004e0001500320080
:10f81c00e41e070090902900b11e0700b08e220054
:10f82c00af1e070030912900ad1e070000e2240036
:10f83c0001002000603d8900713d8900000120001d
:10f84c00d0988800411f200010c0b3000e8f02001a
:10f85c0001000000e09022008040eb00014878009d
:10f86c00601e3700e0902200104078008040e800d5
:10f87c00e0902200014878003aff020001000000ed
:10f88c0060912900d6fe02000100000001712200e7
:10f89c0010c0b3000e8f020001000000c03d8100bb
:10f8ac000090a000c03d8900e0902200104078003c
:10f8bc00e24f5000ca1d3600a0932900d6fe02006c
:10f8cc0001000000f00f2000d0988800451e370082
:10f8dc00c13d810000202000008060000000e0009d
:10f8ec0021003200e080200021c8b30001487800dc
:10f8fc000081200021c0b300014878003aff0200cb
:10f90c000100000070972900d6fe020001000000e3
:10f91c00f0902200104078000004e00006003a004d
:10f92c00f090220011c0b30001487800f02a2100a9
:10f93c0011c0b300014878009a1e07006098290096
:10f94c00591e070000e2240001002000603d8900e0
:10f95c00713d890010012000d0988800a06222001f
:10f96c008040eb0001487800603d8100713d8100d2
:10f97c00e00f5000e08f58001c003a00c0602900d6
:10f98c00d6fe020001000000d1988000d0162000a5
:10f99c000e004000811f780081622900811f7800d1
:10f9ac00a204020000000000e4875700d0162000db
:10f9bc000e004000d6fe020001000000b0622900db
:10f9cc00d6fe020001000000d0002000d098880074
:10f9dc00c03d81000090a000c03d89006000200067
:10f9ec00f01f890010c0b3001ff00700411f20005a
:10f9fc0010c0b3000e8f020001000000f91d37008b
:10fa0c00c13d810000202000008060000000e0006b
:10fa1c002b00320062c0b300e1982900a0622200e2
:10fa2c0044fa0200010000000000e0002000320057
:10fa3c0000632200104078003cce02000100000060
:10fa4c000080fb00100798001063220090407800a3
:10fa5c00f0c2b30080cf50001100340010632200bc
:10fa6c009040780090c3b30080cf50000c003c0055
:10fa7c001e0090006a00b900000078001007980082
:10fa8c0010632200104078003cce02000100000000
:10fa9c000080fb009e009000008040001007980042
:10faac001e00900000407800464d0200010000004e
:10fabc000000eb00507e880020012000d0988800c8
:10facc00603d8100713d8100e00f5000e08f5800d7
:10fadc001a003a00c0602900d6fe020001000000a6
:10faec00d1988000101820000e004000811f780073
:10fafc0081622900811f7800a2040200000000002e
:10fb0c00e4875700101820000e004000d6fe0200bb
:10fb1c0001000000b0622900d6fe020001000000c6
:10fb2c00c03d81000090a000c03d89000001200074
:10fb3c00d098880010c0b300cbef0700208f2200b4
:10fb4c00104078000004e000271d3200d09880009f
:10fb5c00801f780050992900801f7800c0c82000b1
:10fb6c00a204020000000000e4875700c0c8200077
:10fb7c00d6fe020001000000411f200010c0b3009f
:10fb8c000e8f020001000000e01f2000d0988800ba
:10fb9c00941d3700d08020008040eb000148780095
:10fbac00c13d810000202000008060000000e000ca
:10fbbc0009003200fb1d0700f09a2900c81d070040
:10fbcc0000e2240001002000603d8900713d8900a5
:10fbdc0030012000d0988800603d8100713d81008b
:10fbec00e00f5000e08f580013003a00c06029006d
:10fbfc00d6fe020001000000501920000e0040004b
:10fc0c00d6fe020001000000b0622900d6fe020000
:10fc1c000100000000012000d0988800c03d810048
:10fc2c000090a000c03d890060002000f01f8900fa
:10fc3c0010c0b3008cef0700411f200010c0b300b0
:10fc4c000e8f020001000000661d3700c13d8100cf
:10fc5c0000202000008060000000e0001100320055
:10fc6c00d01d070000e2240001002000603d890047
:10fc7c00713d8900a09b2900991d070050012000af
:10fc8c00d098880000e2240001002000603d89002b
:10fc9c00713d8900411f200010c0b3000e8f02007f
:10fcac0001000000603d8100713d8100e00f5000bb
:10fcbc00e08f5800ce1c3a00c0602900d6fe02002e
:10fccc0001000000d1988000901a20000e00400026
:10fcdc00811f780081622900811f7800a204020034
:10fcec0000000000e4875700901a20000e0040002e
:10fcfc00d6fe020001000000b0622900d6fe020010
:10fd0c000100000020012000d0988800c03d810037
:10fd1c000090a000c03d890060002000f01f890009
:10fd2c0010c0b30050ef07002e1d3700c13d8100fd
:10fd3c0000202000008060000000e000090032007c
:10fd4c00981d070000e2240001002000603d89009e
:10fd5c00713d8900609c2900611d07006001200035
:10fd6c00d0988800603d8100713d8100e00f50000b
:10fd7c00e08f58001a003a00c0602900d6fe02003d
:10fd8c0001000000d1988000d01b20000e00400024
:10fd9c00811f780081622900811f7800a204020073
:10fdac0000000000e4875700d01b20000e0040002c
:10fdbc00d6fe020001000000b0622900d6fe02004f
:10fdcc000100000020012000d0988800c03d810077
:10fddc000090a000c03d890010c0b30022ef0700c6
:10fdec00411f200010c0b3000e8f02000100000064
:10fdfc00fc1c3700c13d8100002020000080600009
:10fe0c000000e00009003200661d070000e224003b
:10fe1c0001002000603d8900713d8900109d290082
:10fe2c002f1d070070012000d0988800603d8100d4
:10fe3c00713d8100e00f5000e08f58001a003a002d
:10fe4c00c0602900d6fe020001000000d19880009d
:10fe5c00101d20000e004000811f780081622900d7
:10fe6c00811f7800a204020000000000e487570004
:10fe7c00101d20000e004000d6fe02000100000004
:10fe8c00b0622900d6fe0200010000002001200013
:10fe9c00d0988800c03d81000090a000c03d890032
:10feac0010c0b300f0ee0700411f200010c0b300db
:10febc000e8f020001000000ca1c3700c13d8100fa
:10fecc0000202000008060000000e00009003200eb
:10fedc00341d070000e2240001002000603d890071
:10feec00713d8900009e2900fd1c07008001200047
:10fefc00d0988800603d8100713d8100e00f50007a
:10ff0c00e08f58001a003a00c0602900d6fe0200ab
:10ff1c0001000000d1988000501e20000e0040000f
:10ff2c00811f780081622900811f7800a2040200e1
:10ff3c0000000000e4875700501e20000e00400017
:10ff4c00d6fe020001000000b0622900d6fe0200bd
:10ff5c000100000020012000d0988800c03d8100e5
:10ff6c000090a000c03d890010c0b300beee070099
:10ff7c00411f200010c0b3000e8f020001000000d2
:10ff8c00981c3700c13d81000020200000806000db
:10ff9c000000e00009003200021d070000e224000e
:10ffac0001002000603d8900713d8900909e290070
:10ffbc00cb1c070090012000d0988800603d810088
:10ffcc00713d8100e00f5000e08f58001a003a009c
:10ffdc00c0602900d6fe020001000000d19880000c
:10ffec00901f20000e004000811f780081622900c4
:10fffc00811f7800a204020000000000e487570073
:020000040002f8
:10000c00901f20000e004000d6fe020001000000f0
:10001c00b0622900d6fe0200010000002001200081
:10002c00d0988800c03d81000090a000c03d8900a0
:10003c0010c0b3008cee0700411f200010c0b300ad
:10004c000e8f020001000000661c3700c13d8100cc
:10005c0000202000008060000000e0000900320059
:10006c00d01c070000e2240001002000603d890044
:10007c00713d8900309f2900991c0700a0012000c8
:10008c00d0988800603d8100713d8100e00f5000e8
:10009c00e08f58001a003a00c0602900d6fe02001a
:1000ac0001000000d1988000d02020000e004000fc
:1000bc00811f780081622900811f7800a204020050
:1000cc0000000000e4875700d02020000e00400004
:1000dc00d6fe020001000000b0622900d6fe02002c
:1000ec000100000020012000d0988800c03d810054
:1000fc000090a000c03d890010c0b3005aee07006c
:10010c00411f200010c0b3000e8f02000100000040
:10011c00341c3700c13d81000020200000806000ad
:10012c000000e000090032009e1c070000e22400e1
:10013c0001002000603d8900713d8900e09f29008d
:10014c00671c070050192000d0988800603d810082
:10015c00713d8100e00f5000e08f58001a003a000a
:10016c00c0602900d6fe020001000000d19880007a
:10017c00102220000e004000811f780081622900af
:10018c00811f7800a204020000000000e4875700e1
:10019c00102220000e004000d6fe020001000000dc
:1001ac00b0622900d6fe02000100000020012000f0
:1001bc00d0988800c03d81000090a000c03d89000f
:1001cc0010c0b30028ee0700411f200010c0b30080
:1001dc000e8f020001000000021c3700c13d81009f
:1001ec0000202000008060000000e0000c003200c5
:1001fc006c1c0700108f22008040eb000148780037
:10020c0090a02900361c070000e224000100200009
:10021c00603d8900713d890060192000d0988800ec
:10022c00603d8100713d8100e00f5000e08f58006f
:10023c001a003a00c0602900d6fe0200010000003e
:10024c00d1988000502320000e004000811f7800c0
:10025c0081622900811f7800a204020000000000c6
:10026c00e4875700502320000e004000d6fe020009
:10027c0001000000b0622900d6fe0200010000005f
:10028c0020012000d0988800c03d81000090a00083
:10029c00c03d890010c0b300f3ed0700411f2000e2
:1002ac0010c0b3000e8f020001000000cd1b370000
:1002bc00c13d810000202000008060000000e000b3
:1002cc0006003200b0012000d098880000e2240023
:1002dc0001002000603d8900713d8900108f2200d3
:1002ec00104078000004e0000e0032003aff0200db
:1002fc000100000050a12900d6fe02000100000000
:10030c00c03d81000090a000c03d8900b0012000dc
:10031c00d098880000e2240001002000603d890094
:10032c00713d8900603d8100713d8100e00f5000fe
:10033c00e08f58001a003a00c0602900d6fe020077
:10034c0001000000d1988000902420000e00400095
:10035c00811f780081622900811f7800a2040200ad
:10036c0000000000e4875700902420000e0040009d
:10037c00d6fe020001000000b0622900d6fe020089
:10038c000100000020012000d0988800c03d8100b1
:10039c000090a000c03d890010c0b300b2ed070072
:1003ac00411f200010c0b3000e8f0200010000009e
:1003bc008c1b3700c13d81000020200000806000b4
:1003cc000000e00009003200f61b070000e22400e8
:1003dc0001002000603d8900713d890010a32900b7
:1003ec00bf1b0700c0012000d0988800603d810031
:1003fc00713d8100e00f5000e08f58001a003a0068
:10040c00c0602900d6fe020001000000d1988000d7
:10041c00d02520000e004000811f78008162290049
:10042c00811f7800a204020000000000e48757003e
:10043c00d02520000e004000d6fe02000100000076
:10044c00b0622900d6fe020001000000200120004d
:10045c00d0988800c03d81000090a000c03d89006c
:10046c0010c0b30080ed0700411f200010c0b30086
:10047c000e8f0200010000005a1b3700c13d8100a5
:10048c0000202000008060000000e0000900320025
:10049c00c41b070000e2240001002000603d89001d
:1004ac00713d8900c0a329008d1b0700d0012000dd
:1004bc00d0988800603d8100713d8100e00f5000b4
:1004cc00e08f58001a003a00c0602900d6fe0200e6
:1004dc0001000000d1988000102720000e00400081
:1004ec00811f780081622900811f7800a20402001c
:1004fc0000000000e4875700102720000e00400089
:10050c00d6fe020001000000b0622900d6fe0200f7
:10051c000100000020012000d0988800c03d81001f
:10052c000090a000c03d890010c0b3004eed070044
:10053c00411f200010c0b3000e8f0200010000000c
:10054c00281b3700c13d8100002020000080600086
:10055c000000e00009003200921b070000e22400ba
:10056c0001002000603d8900713d890070a42900c4
:10057c005b1b0700e0012000d0988800603d8100e3
:10058c00713d8100e00f5000e08f58001a003a00d6
:10059c00c0602900d6fe020001000000d198800046
:1005ac00502820000e004000811f78008162290035
:1005bc00811f7800a204020000000000e4875700ad
:1005cc00502820000e004000d6fe02000100000062
:1005dc00b0622900d6fe02000100000020012000bc
:1005ec00d0988800c03d81000090a000c03d8900db
:1005fc0010c0b3001ced0700411f200010c0b30059
:10060c000e8f020001000000f61a3700c13d810078
:10061c0000202000008060000000e0000900320093
:10062c00601b070000e2240001002000603d8900ef
:10063c00713d8900309f2900291b0700f001200023
:10064c00d0988800603d8100713d8100e00f500022
:10065c00e08f58001a003a00c0602900d6fe020054
:10066c0001000000d1988000902920000e0040006d
:10067c00811f780081622900811f7800a20402008a
:10068c0000000000e4875700902920000e00400075
:10069c00d6fe020001000000b0622900d6fe020066
:1006ac000100000020012000d0988800c03d81008e
:1006bc000090a000c03d890010c0b300eaec070018
:1006cc00411f200010c0b3000e8f0200010000007b
:1006dc00c41a3700c13d810000202000008060005a
:1006ec000000e00018003200f0d5200090407800a7
:1006fc00e08c220011409800e08c22009040900089
:10070c0040c6b30080cf500003003600e08c2200be
:10071c00e1c0b3001140980000e224000100200069
:10072c00603d8900713d89001e1b0700108f22005f
:10073c008040eb000148780020a52900e81a07004a
:10074c0020022000d0988800603d8100713d81001e
:10075c00e00f5000e08f58001a003a00c0602900ea
:10076c00d6fe020001000000d1988000d02a2000a3
:10077c000e004000811f780081622900811f7800e3
:10078c00a204020000000000e4875700d02a2000d9
:10079c000e004000d6fe020001000000b0622900ed
:1007ac00d6fe02000100000020012000d098880035
:1007bc00c03d81000090a000c03d890010c0b30076
:1007cc00a9ec0700411f200010c0b3000e8f0200df
:1007dc0001000000831a3700c13d81000020200079
:1007ec00008060000000e000130032000021810056
:1007fc00610060000000e0000d003200e91a070003
:10080c0050a62900b61a0700002181000000a100a3
:10081c00002189008038210001002000603d890002
:10082c00713d890020022000d0988800020037001a
:10083c0030022000d0988800603d8100713d81001d
:10084c00e00f5000e08f580002003a00800c2000ae
:10085c006df30700813e200010c0b3000e8f020024
:10086c00010000005f1a3700c13d8100002020000c
:10087c00008060000000e000020032003002200026
:10088c00d0988800108f2200104078000004e000ff
:10089c000e00320030a72900d6fe02000100000035
:1008ac00108f22008040eb0001487800c03d810091
:1008bc000090a000c03d8900c03d81000080a100d7
:1008cc00c03d890030022000d0988800603d810036
:1008dc00713d8100e00f5000e08f580005003a0098
:1008ec00c03d81000090a000c03d89003002200076
:1008fc00d09888004106200010c0b3000e8f020073
:10090c0001000000371a3700c13d81000020200093
:10091c00008060000000e00018003200b078220077
:10092c0057f307009f1a0700b07822001040780098
:10093c000004e0000900320000a92900681a070031
:10094c00b0782200661a070040aa2900641a070032
:10095c0050022000d09888000400370040ab2900da
:10096c005f1a070050022000d098880000e2240093
:10097c0001002000603d8900713d8900603d8100cf
:10098c00713d8100e00f5000e08f580002003a00ea
:10099c00f00120001cf30700017d200010c0b30003
:1009ac000e8f0200010000000e1a3700c13d8100bd
:1009bc0000202000008060000000e00009003200f0
:1009cc00781a0700a0ac2900451a070000e22400a1
:1009dc0001002000603d8900713d89003017200026
:1009ec00d0988800603d8100713d8100e00f50007f
:1009fc00e08f580002003a00f001200002f30700db
:100a0c004106200010c0b3000e8f02000100000050
:100a1c00f4193700c13d81000020200000806000e7
:100a2c000000e00005003200002181000000a00061
:100a3c000021890060022000d0988800108f2200cd
:100a4c00104078000004e0000e003200108f2200ed
:100a5c008040eb0001487800002181000000a100db
:100a6c0000218900c03d81000090a000c03d89009c
:100a7c00c03d81000080a100c03d890060022000c3
:100a8c00d0988800603d8100713d8100e00f5000de
:100a9c00e08f580005003a00002181000000a10001
:100aac000021890060022000d7f2070041062000d7
:100abc0010c0b3000e8f020001000000c9193700ee
:100acc00c13d810000202000008060000000e0009b
:100adc000800320000e2240001002000603d890083
:100aec00713d890030002000f01f8900800c20002f
:100afc00d0988800108f2200104078000004e0008d
:100b0c000b00320000e2240001002000603d89004f
:100b1c00713d890080ad2900d6fe02000100000065
:100b2c0030002000f01f8900800c2000d098880035
:100b3c00603d8100713d8100e00f5000e08f580056
:100b4c001a003a00c0602900d6fe02000100000025
:100b5c00d1988000102c20000e004000811f7800de
:100b6c0081622900811f7800a204020000000000ad
:100b7c00e4875700102c20000e004000d6fe020027
:100b8c0001000000b0622900d6fe02000100000046
:100b9c0020012000d0988800c03d81000090a0006a
:100bac00c03d890010c0b300afeb0700411f20000f
:100bbc0010c0b3000e8f020001000000891937002d
:100bcc00c13d810000202000008060000000e0009a
:100bdc001300320000e2240001002000603d890077
:100bec00713d89007900470072012000b1af2900e6
:100bfc00e40402000000000079004700b819070067
:100c0c00e0c3b3000c1a0700f0022000d098880053
:100c1c002103200010c0b3000e8f02000100000061
:100c2c00603d8100713d8100e00f5000e08f580065
:100c3c00f1183a00c0602900d6fe02000100000045
:100c4c00d1988000502d20000e004000811f7800ac
:100c5c0081622900811f7800a204020000000000bc
:100c6c00e4875700502d20000e004000d6fe0200f5
:100c7c0001000000b0622900d6fe02000100000055
:100c8c0030002000d0988800c03d81000090a0006a
:100c9c00c03d890010c0b30073eb07005119370039
:100cac00a13d810000202000008060000000e000d9
:100cbc0016003200e08c220060429000e08c220092
:100ccc00d0419000e08c220040419000e08c22004a
:100cdc00b0409000e08c22002040900069ea0700b0
:100cec00b019070000032000d098880000fa2000fb
:100cfc0001002000603d8900713d8900a10f20009a
:100d0c0010c0b3000e8f020001000000603d810096
:100d1c00713d8100e00f5000e08f5800b8183a0088
:100d2c00c0602900d6fe020001000000d1988000ae
:100d3c00902e20000e004000811f78008162290057
:100d4c00811f7800a204020000000000e487570015
:100d5c00902e20000e004000d6fe02000100000084
:100d6c00b0622900d6fe02000100000010c0b300e2
:100d7c003deb0700c03d81000090a000c03d890004
:100d8c0070022000d09888006109200010c0b300c8
:100d9c000e8f02000100000012193700c13d8100c6
:100dac0000202000008060000000e00012003200f3
:100dbc00804881000000e00009003a00100020008b
:100dcc008048890040002000d0988800e115200060
:100ddc0010c0b3000e8f02000100000006003700a7
:100dec0010072000d0988800e115200010c0b30037
:100dfc000e8f020001000000603d8100713d8100fa
:100e0c00e00f5000e08f58007f183a00c0602900b6
:100e1c00d6fe020001000000d1988000d02f2000e7
:100e2c000e004000811f780081622900811f78002c
:100e3c00a204020000000000e4875700d02f20001d
:100e4c000e004000d6fe020001000000b062290036
:100e5c00d6fe020001000000c03d81000090a00001
:100e6c00c03d8900804881000000e00005003a0088
:100e7c00100020008048890040002000d098880095
:100e8c00d818370010072000d0988800d5183700e4
:100e9c0030002000f01f890060048100e10f500039
:100eac0012003a0041ea800000102000008060002f
:100ebc000000e0000a00320020598100610060004f
:100ecc000000e00003003200c0032000d09888002e
:100edc00c4183700101d2000d0988800c1183700a6
:100eec00001d2000d0988800be183700b16d80001e
:100efc0000082000008060000000e00013003200b9
:100f0c00d08a2200104078000004e0000f003a0064
:100f1c00b08c2200104078000004e0000b003a0076
:100f2c00d03d8100610060000000e00007003a0045
:100f3c00d03d8100620060000000e00003003a0038
:100f4c0060102000d0988800a61837002047810038
:100f5c00620060000000e00014003200d08a220021
:100f6c00104078000004e00010003a00b08c220021
:100f7c00104078000004e0000c003a00b16d8000d5
:100f8c0000082000008060000000e00007003a002c
:100f9c00900c2000d0988800e115200010c0b30000
:100fac000e8f0200010000008e18370050802000c8
:100fbc00104078000004e00003003200e01f200025
:100fcc00d098880087183700e0282200104078005d
:100fdc000004e00021003200e028220010407800dc
:100fec00e14f50000f003a00007b22009040780047
:100ffc0010c3b30080cf50000a003200007b2200e7
:10100c009040780050c3b30080cf500005003200f0
:10101c00007b220090407800f0c3b30080cf5000da
:10102c000e003a00e028220010407800e24f5000f9
:10103c0046003a00007b22009040780010c3b300b9
:10104c0080cf500005003200007b220090407800d9
:10105c0050c3b30080cf50003c003a00007b22000c
:10106c009040780010c3b30080cf500005003200d0
:10107c00007b22009040780050c3b30080cf50001a
:10108c0018003a00002b2100104078000080fb0073
:10109c00680060000000e0000e003200109b800031
:1010ac000000e0000b003a00409b80000000e000d4
:1010bc0008003a00709b80000000e00005003a0038
:1010cc0033692000120020008040eb0020b1290081
:1010dc00f8e90700e028220011c0b30001487800ad
:1010ec001a003700002b2100104078000080fb0014
:1010fc00680060000000e00011003200109b8000ce
:10110c000000e0000e003a00409b80000000e00070
:10111c000b003a00709b80000000e00008003a00d1
:10112c0050de22008040eb0001487800536920001b
:10113c00120020008040eb00c0b12900dde907005f
:10114c00e028220021c0b30001487800f05881004b
:10115c00620060000000e0002300320010598100a2
:10116c000000e00020003200e08c2200100078002b
:10117c00610060000000e0001b003a00e08c2200df
:10118c0010007800620060000000e00016003200e1
:10119c0040d72000104078000080fb006100600008
:1011ac000000e00010003a0023e9200012002000ab
:1011bc008040eb00f0412900bee907001059810086
:1011cc000000e90010598900105981000000e0006e
:1011dc0005003a00620020008000eb00e0b1220024
:1011ec00f20402000000000040d7200010407800fc
:1011fc000080fb0061006000004078000004e0000b
:10120c001800320050d82000104078000080fb00fd
:10121c00610060000000e00012003a00c0d820001d
:10122c00104078000004e0000e003a00e08c220030
:10123c0010007800610060000000e00009003a0036
:10124c0040d72000104078000080fb006400600054
:10125c000000e00003003a00200d2000d098880028
:10126c00e017370040d72000104078000080fb00ca
:10127c00640060000000e00003003200500d20000c
:10128c00d0988800d7173700d08a220010407800f9
:10129c00e34f500003003a00904481000020a1006d
:1012ac0090448900d08a220010407800e24f500010
:1012bc000e003a0090448100620060000000e000e3
:1012cc000400320090448100640060000000e000e3
:1012dc0006003200904481000020a1009044890057
:1012ec0020052000d0988800be173700517e800062
:1012fc0070382100808f500003003600200320003e
:10130c00d0988800b7173700617e8000f07c2000f1
:10131c00808f50000d003600007b2200904078003a
:10132c0010c3b30080cf500005003200007b2200b8
:10133c009040780050c3b30080cf500003003a00b7
:10134c0000052000d0988800a6173700917e8000f9
:10135c00f0e12400808f5000030036004010200084
:10136c00d09888009f173700b07e80000000e00006
:10137c0003003a00c0122000d0988800991737005b
:10138c00e08c220010007800610060000000e0009a
:10139c0003003200e0062000d09888009117370037
:1013ac0000dd2000104078000004e0000300320053
:1013bc00000a2000d09888008a1737000077220096
:1013cc0090407800f0c3b30080cf50001a003a0070
:1013dc0010772200104078000004e00016003a005c
:1013ec00f01f8100e30f500013003a0060da200078
:1013fc0010407800e54f50000f00340060da2000f8
:10140c0010407800ff4f50000b003c0050da2000d9
:10141c00104078000004e00007003200817e80005c
:10142c0080b52100808f500003003600a0072000fb
:10143c00d09888006b173700d08a220010407800b3
:10144c000004e0000a003a00904481000020a10052
:10145c0090448900b08c220010407800e14f50007d
:10146c0003003a00a0052000d09888005d173700d3
:10147c00b0468100610060000000e0000300320013
:10148c00a00a2000d098880056173700d02a2100d7
:10149c00104078000004e00013003200717e8000e0
:1014ac0000772100808f50000f003600d08a220078
:1014bc00104078000004e0000b003a00b08c2200d1
:1014cc00104078000004e00007003a00d03d810095
:1014dc00610060000000e00003003a00600620009c
:1014ec00d09888003f173700a17e800080b521007e
:1014fc00808f50000f003600d08a220010407800f8
:10150c000004e0000b003a00b08c22001040780080
:10151c000004e00007003a00d03d8100610060004b
:10152c000000e00003003a0050052000d09888002d
:10153c002c173700d03d8100640060000000e000f3
:10154c0003003200d0022000d09888002517370005
:10155c00d03d8100620060000000e000030032001a
:10156c00b0022000d09888001e1737002059810047
:10157c00610060000000e0002f003200d02a210042
:10158c00104078000004e0002b003a00a028210055
:10159c0090407800f0c3b30080cf5000260032009a
:1015ac00007b22009040780010c3b30080cf500025
:1015bc0005003200007b22009040780050c3b3003d
:1015cc0080cf50001c003a0060bc22006cfb020073
:1015dc00010000000000e0000e00320060bc2200a0
:1015ec00104078000004e0000a003200215981000c
:1015fc00000e2000008060000000e0000e003a00a9
:10160c00c0032000d09888000000eb00407e8800ca
:10161c00f4163700205981000000a10020598900e0
:10162c00205981000040a1002059890060bc220093
:10163c008040eb0001487800d03d810061006000e3
:10164c000000e00047003a00d03d810062006000dd
:10165c000000e00043003a00205981006100600066
:10166c000000e0003f003a00417e800070bb20008b
:10167c00808f50003b003600f0282200104078008c
:10168c000004e0001d003200f02822001040780019
:10169c000000fb00e20f500008003200a105200002
:1016ac00810f500008003200e10f50000a003a0090
:1016bc00b00e2000d0988800070037008011200061
:1016cc00d0988800040037005080200011c0b3006f
:1016dc000148780000000000f02822008040eb0058
:1016ec00014878003aff02000100000060b22900b6
:1016fc00d6fe020001000000ba163700800220005e
:10170c00d0988800307b2200104078000004e00064
:10171c0014003a00a028210090407800f0c3b300d8
:10172c0080cf50000f003200007b220090407800e8
:10173c0010c3b30080cf500005003200007b2200a4
:10174c009040780050c3b30080cf500005003a00a1
:10175c00a00f2000d09888000000eb00407e88008d
:10176c00a0163700d08a2200104078000004e00058
:10177c0007003200b08c2200104078000004e0001a
:10178c000300320040062000d098880095163700e0
:10179c0090448100610060000000e00004003a0009
:1017ac0080458100610060000000e0000300320011
:1017bc0040062000d09888008a163700f01f810060
:1017cc00e30f50000d003200f01f8100e40f5000b9
:1017dc000a003200f01f8100e50f500007003200b4
:1017ec003aff02000100000010b42900d6fe0200ee
:1017fc0001000000800e2000d09888002047810056
:10180c00620060000000e00013003200d08a220069
:10181c00104078000004e0000f003a00b08c220069
:10182c00104078000004e0000b003a00d03d81002d
:10183c00610060000000e00007003a00d03d81002c
:10184c00620060000000e00003003a00900c2000f1
:10185c00d098880063163700b072220010407800d0
:10186c000004e0000b003200205981006100600090
:10187c000000e00004003200607522001040780087
:10188c000004e00003003a00000f2000d09888000c
:10189c005416370000218100640060000000e00055
:1018ac001400320000218100610060000000e000a3
:1018bc000700320090b62900d6fe0200010000009d
:1018cc00002181000020a1000021890009003700bf
:1018dc0000218100610060000000e00005003a007a
:1018ec00c03d81000090a000c03d89002002200076
:1018fc00d098880021288100002020000080600002
:10190c000000e0001800320000218100610060003e
:10191c000000e0000d003200a216070040f3220088
:10192c0080c0eb000148780060b929006c160700f4
:10193c0000e2240001002000603d8900713d890017
:10194c00b01c2000d098880026163700002181009a
:10195c00610060000000e00003003a0000218100fb
:10196c000020a00000218900d1988000800c20006c
:10197c00808f5000a6153a0060312100104078008d
:10198c000004e000a4153a002103200010c0b300ad
:10199c000e8f0200010000001216370010ba290049
:1019ac00d6fe020001000000e0d8200010407800b4
:1019bc000080fb00700060000000e0000e003a00a8
:1019cc0080fd200010407800e14f50000a003a00e2
:1019dc0080fd20008040eb000148780010bb2900fe
:1019ec003f160700411f200010c0b3000e8f0200ed
:1019fc0001000000fb153700c0bb2900381607009a
:101a0c0000e2240001002000603d8900713d890046
:101a1c00108f22008040eb0001487800a00c2000c1
:101a2c00d0988800e115200010c0b3000e8f020082
:101a3c0001000000eb153700c13d810000202000a3
:101a4c00008060000000e0001c0032002047810094
:101a5c000010a1002047890050002000f01f8900d1
:101a6c0080a9230001002000603d8900713d8900a0
:101a7c00b00c2000d0988800dcc6a900b6a6a9003e
:101a8c003aff020001000000d09880008000eb00bb
:101a9c00811f7800801f7800b07b2900801f7800a0
:101aac00c0c82000a204020000000000e687570016
:101abc00c0c82000d6fe020001000000603d81007d
:101acc00713d8100e00f5000e08f58000f003a008c
:101adc00d0988000801f780070bc2900801f78008f
:101aec00c0c82000a204020000000000e4875700d8
:101afc00c0c82000d6fe020001000000800c2000af
:101b0c00d098880010c0b300d7e70700108f2200d0
:101b1c00104078000004e0000d003200d0988000e6
:101b2c00801f780070bd2900801f7800c0c820007d
:101b3c00a204020000000000e4875700c0c8200087
:101b4c00d6fe020001000000800c2000d098880016
:101b5c00208f2200104078000004e0003015320085
:101b6c00d0988000801f780040bf2900801f78002b
:101b7c00c0c82000a204020000000000e487570047
:101b8c00c0c82000d6fe020001000000411f20004a
:101b9c0010c0b3000e8f020001000000e01f2000f7
:101bac00d09888008f153700603d8100713d810011
:101bbc00e00f5000e08f58002c003a00d19b8000c1
:101bcc00d0988000811f7800801f780070c2290097
:101bdc00801f7800c0c82000a20402000000000092
:101bec00e6875700c0c82000d6fe020001000000a6
:101bfc00f0852900d6fe0200010000000000eb0079
:101c0c00407e880021598100000e200001007000e8
:101c1c0020598900307b22008040eb00014878007d
:101c2c00007b2200f1c3b30001487800007b220046
:101c3c0090407800a0282100014878000013210072
:101c4c00507e8800204781000010a10020478900a9
:101c5c0050002000f01f8900800c2000d0988800d4
:101c6c00c00c2000d09888005e153700210320009e
:101c7c0010c0b3000e8f0200010000005915370090
:101c8c00dcc6a800b6a6a8003aff020001000000be
:101c9c00d098800011002000811f7800801f7800f0
:101cac00b07b2900801f7800c0c82000a20402006d
:101cbc0000000000e6875700c0c82000d6fe0200d6
:101ccc0001000000813e200010c0b3000e8f020006
:101cdc0001000000d00c2000d0988800411537007e
:101cec00e09f29007e1507008038210001002000ac
:101cfc00603d8900713d8900e00c2000d09888007f
:101d0c0038153700603d8100713d8100e00f5000b7
:101d1c00e08f580005003200c13d810000202000fa
:101d2c00008060000000e000bf14320050da200098
:101d3c0010407800e34f500007003a00602e21005d
:101d4c0010407800f94f500003003200b06d800055
:101d5c000070a000b06d880000132100507e880038
:101d6c00800c2000d09888001e153700f0d520007c
:101d7c0090407800e08c220011409800e08c22000a
:101d8c009040900040c6b30080cf50000300360056
:101d9c00e08c2200e1c0b3001140980081150700cf
:101dac003aff020001000000c0c32900d6fe020069
:101dbc0001000000f0d52000104078000080fb00ee
:101dcc00801f7800a0c42900801f7800809022001a
:101ddc00a204020000000000e4875700809022005b
:101dec00d6fe020001000000e0c429003c150700eb
:101dfc00803e200001002000603d8900713d89007b
:101e0c00100d2000d098880050d72000104078008a
:101e1c000004e00086143a0090c52900d6fe0200aa
:101e2c0001000000000d2000d0988800ed14370050
:101e3c00c13d810000202000008060000000e00017
:101e4c0005003a00603d8100713d8100e00f5000bb
:101e5c00e08f580078143a0040d7200010407800ea
:101e6c00804078000104a10040d720000148780090
:101e7c0050d8200010407800804078000104a00069
:101e8c0050d820000148780040d72000104078003e
:101e9c000080fb00620060000000e00006003200e1
:101eac0050d8200010407800804078000134a00009
:101ebc0050d8200001487800800c2000d098880071
:101ecc00c8143700c13d8100002020000080600054
:101edc000000e00005003a00603d8100713d81008a
:101eec00e00f5000e08f580055143a002d150700f4
:101efc0020c72900fa14070000ee220010407800d9
:101f0c00e14f500005003a004106200010c0b3001c
:101f1c000e8f02000100000004003700813e2000fb
:101f2c0010c0b3000e8f02000100000080382100a9
:101f3c0001002000603d8900713d8900300d2000ba
:101f4c00d0988800a7143700c13d810000202000e4
:101f5c00008060000000e00005003a00603d810058
:101f6c00713d8100e00f5000e08f580036143a00ac
:101f7c0040d7200010407800804078000104a10078
:101f8c0040d720000148780006150700108f22006a
:101f9c008040eb000148780000ee220010407800f1
:101fac00e14f500005003a00813e200010c0b30004
:101fbc000e8f02000100000004003700813e20005b
:101fcc0010c0b3000e8f02000100000030c82900c1
:101fdc00c314070050d72000c114070020c92900e2
:101fec00bf140700f0852900bd1407003aff02005a
:101ffc000100000040c92900d6fe020001000000cb
:10200c0050d72000d6fe020001000000c047290076
:10201c00d6fe020001000000400d2000d098880080
:10202c00810c200010c0b3000e8f020001000000d4
:10203c008038210001002000603d8900713d89003d
:10204c0068143700108f2200104078000004e00064
:10205c0005003a00603d8100713d8100e00f5000a9
:10206c00e08f580032003a0000ca2900f2e5070060
:10207c0050d8200010407800804078000124a00047
:10208c0050d820000148780092c0b300514129007b
:10209c0050d7200044fa0200010000000000e000cc
:1020ac001d003200bf140700108f22008040eb008f
:1020bc00014878008038210001002000603d890033
:1020cc00713d890080ca2900d6fe02000100000083
:1020dc0092002000f141290050d72000e4040200b6
:1020ec000000000030c829007d140700f0412900d1
:1020fc007b14070020c9290079140700f0852900fa
:10210c0077140700411f200010c0b3000e8f02008f
:10211c000100000033143700800c2000d098880098
:10212c00419c200010c0b3000e8f02000100000083
:10213c00c13d810000202000008060000000e00014
:10214c00c313320000e2240001002000603d89002e
:10215c00713d890050d820001040780080407800f4
:10216c000104a00050d820000148780040d720007e
:10217c00104078000080fb00620060000000e0006e
:10218c000600320050d820001040780080407800c3
:10219c000134a00050d8200001487800800c2000a9
:1021ac00d0988800810c200010c0b3000e8f020064
:1021bc00010000000b143700e0cb29004814070085
:1021cc0050d720004614070020c9290044140700ea
:1021dc00f08529004214070000e2240001002000d1
:1021ec00603d8900713d8900600d2000d098880009
:1021fc00fc13370050d82000104078000004e00099
:10220c0005003200603d8100713d8100e00f5000ff
:10221c00e08f580090133a00800c2000d098880072
:10222c00f0133700d0cc2900d6fe020001000000cc
:10223c00f00f2000d0988800ea13370050d0290006
:10224c00d6fe020001000000f00f2000d09888009c
:10225c00e413370053140700108f22008040eb006a
:10226c000148780000e2240001002000603d890054
:10227c00713d890080d3290019140700b00f20008c
:10228c00d09888004106200010c0b3000e8f0200c9
:10229c0001000000d3133700c13d81000020200055
:1022ac00008060000000e00009003200803821004e
:1022bc0001002000603d8900713d8900c0122000a2
:1022cc00d0988800307b220011c0b3000148780000
:1022dc00108f2200104078000004e00005003a0046
:1022ec00603d8100713d8100e00f5000e08f58008f
:1022fc0005003a00307b22008040eb00014878005a
:10230c00c0122000d09888004106200010c0b300f5
:10231c000e8f020001000000b2133700007b220078
:10232c009040780010c3b30080cf500005003200fd
:10233c00007b22009040780050c3b30080cf500047
:10234c0019003a00c13d810000202000008060008f
:10235c000000e00005003a00603d8100713d810005
:10236c00e00f5000e08f58000d003a000d140700ec
:10237c00b0d42900cc130700401921000100200023
:10238c00603d8900713d8900810c200010c0b300b4
:10239c000e8f02000100000090022000d0988800ef
:1023ac00000000008f133700800c2000d0988800ac
:1023bc000000eb00407e88008a133700c13d81008d
:1023cc0000202000008060000000e00005003a00c2
:1023dc00603d8100713d8100e00f5000e08f58009e
:1023ec000e003a00800c2000d09888000000eb0012
:1023fc00407e8800d03d8100620060000000e0005b
:10240c0006003200b0022000d0988800410620005f
:10241c0010c0b3000e8f020001000000208f2200bc
:10242c00104078000004e0000d133200d0988000ba
:10243c00801f780050992900801f7800c0c82000a8
:10244c00a204020000000000e4875700c0c820006e
:10245c00d6fe020001000000411f200010c0b30096
:10246c000e8f020001000000e01f2000d0988800b1
:10247c005c133700cb13070000e22400010020009e
:10248c00603d8900713d8900a0d529009413070097
:10249c0040448100eed002000100000030d629003b
:1024ac008f130700c0022000d0988800410620003e
:1024bc0010c0b3000e8f020001000000491337005a
:1024cc00c13d810000202000008060000000e00081
:1024dc0005003a00603d8100713d8100e00f500025
:1024ec00e08f5800e0123a00d03d81000010a100ae
:1024fc00d03d8900800c2000d0988800d03d810010
:10250c00680060000000e00005003200d03d810052
:10251c000030a100d03d890080ab2000407e8800b7
:10252c00603d8100713d8100e00f5000e08f58004c
:10253c00cf123a00d03d81000020a000d03d890090
:10254c00c0602900d6fe020001000000d198800076
:10255c00103120000e004000811f7800816229009c
:10256c00811f7800a204020000000000e4875700dd
:10257c00103120000e004000d6fe020001000000c9
:10258c00b0622900d6fe02000100000010c0b300aa
:10259c0035e50700131337008213070000e224000f
:1025ac0001002000603d8900713d890070d6290032
:1025bc004b130700f085290049130700d03d81001b
:1025cc000010a100d03d8900d03d81000000a10089
:1025dc00d03d8900d03d81000020a100d03d890074
:1025ec000000eb00407e8800e0022000d0988800bc
:1025fc004106200010c0b3000e8f02000100000045
:10260c00f8123700c13d81000020200000806000de
:10261c000000e00005003a00603d8100713d810042
:10262c00e00f5000e08f580093123a00800c20000d
:10263c00d098880010c0b3000be50700e9123700f2
:10264c0058130700a06222008040eb00014878007c
:10265c0030d7290014130700801a2600010020002f
:10266c00603d8900713d890030032000d0988800be
:10267c00dc1237000000eb00507e8800c13d810069
:10268c0000202000008060000000e000ed0032001f
:10269c0060032000d0988800a2c0b300d1d72900d5
:1026ac00a062220044fa0200010000000000e000d9
:1026bc0015003a00a2c0b30081d82900a062220004
:1026cc0044fa0200010000000000e0000e003a0095
:1026dc00a2c0b30031d92900a062220044fa020042
:1026ec00010000000000e00007003a00a2c0b300a7
:1026fc00e1d92900a062220044fa02000100000086
:10270c000000e0002b00320030002000f01f890098
:10271c00e005210010407800f94f50000400320011
:10272c00107b2200104078000004e000030032000f
:10273c00e005210038ba020001000000107b2200e5
:10274c008040eb0001487800207b22008040eb00a9
:10275c0001487800306322001040780080407800f7
:10276c00007b220001487800007b2200904078001a
:10277c00a028210001487800007b220090407800be
:10278c0050c3b30080cf500005003a008040eb00ee
:10279c000020200024460200010000002d0037001c
:1027ac008040eb0000202000f245020001000000f8
:1027bc0028003700a2c0b30091da2900a0622200e1
:1027cc0044fa0200010000000000e00007003a009b
:1027dc00a2c0b30041db2900a062220044fa02002f
:1027ec00010000000000e0001a0032003aff020075
:1027fc0001000000f0db2900d6fe02000100000001
:10280c00e01f2000d0988800306322001040780030
:10281c0080407800007b220001487800007b220079
:10282c0090407800a028210001487800c08020004a
:10283c0010407800e34f400011123e00c080200091
:10284c00104078008040e800c080200001487800eb
:10285c0064123700a2c0b30021de2900a06222005e
:10286c0044fa0200010000000000e00015003a00ec
:10287c00a2c0b300d1de2900a062220044fa0200fb
:10288c00010000000000e0000e003a00a2c0b300fe
:10289c0081df2900a062220044fa0200010000003e
:1028ac000000e00007003a00a2c0b30031e02900ac
:1028bc00a062220044fa0200010000000000e000c7
:1028cc0047003200207b2200104078008040e80056
:1028dc00207b220001487800207b220010407800e9
:1028ec00e84f500005003a003aff020001000000da
:1028fc00e0e02900d6fe020001000000207b22004f
:10290c0010407800f44f50002b003600207b220042
:10291c008040eb0001487800107b220010407800ca
:10292c000004e0001c003a00107b220011c0b30030
:10293c00014878006006210038ba0200010000004e
:10294c003aff020001000000002b2100104078002b
:10295c000080fb0061006000004078000004e00093
:10296c000400320011c0b300000120002446020014
:10297c0001000000002b2100104078000080fb00bb
:10298c00640060000000e00003003200e02a210037
:10299c0011c0b30001487800d0e22900d6fe020035
:1029ac0001000000e01f2000d098880040002000ab
:1029bc00f01f89000b1237003063220010407800a2
:1029cc0080407800007b220001487800007b2200c8
:1029dc0090407800a02821000148780002003700c0
:1029ec0030002000f01f890082c0b30091e529005f
:1029fc00a062220044fa0200010000000000e00086
:102a0c001000320020e6290035120700651207007d
:102a1c00a06222008040eb00014878008038210041
:102a2c0001002000603d8900713d8900800c200070
:102a3c00d098880081bb200010c0b3000e8f02001c
:102a4c0001000000603d8100713d8100e00f5000ed
:102a5c00e08f580017003a00c0602900d6fe020033
:102a6c0001000000d1988000503220000e00400080
:102a7c00811f780081622900811f7800a204020066
:102a8c0000000000e4875700503220000e00400088
:102a9c00d6fe020001000000b0622900d6fe020042
:102aac0001000000800c2000d098880010c0b300fa
:102abc00ede30700208f2200104078000004e000b6
:102acc0071113200d0988000801f78005099290035
:102adc00801f7800c0c82000a20402000000000083
:102aec00e4875700c0c82000d6fe02000100000099
:102afc00411f200010c0b3000e8f02000100000027
:102b0c00e01f2000d0988800b6113700609829008b
:102b1c00e511070023120700a06222008040eb00a1
:102b2c000148780000fa200001002000603d890077
:102b3c00713d890050032000d0988800a9113700fe
:102b4c000000eb00507e8800c13d81000020200079
:102b5c00008060000000e0008700320062c0b3001b
:102b6c00e1982900a062220044fa02000100000052
:102b7c000000e0008000320060c0b30040479800c5
:102b8c00d0e62900d6fe0200010000004e40900065
:102b9c000080fb00a1622200e1407800f0c2b3008b
:102bac0080cf5000420034004e4090000080fb006b
:102bbc00a1622200e140780090c3b30080cf5000a6
:102bcc003b003c004e4090000080fb00a1622200c4
:102bdc00614078003cce0200010000000080fb0048
:102bec00100798004e4090000040e80040479800c5
:102bfc004e4090000080fb00a1622200e140780072
:102c0c00f0c2b30080cf5000180034004e4090004a
:102c1c000080fb00a1622200e140780090c3b30069
:102c2c0080cf500011003c001e0090006a00b900db
:102c3c0000007800100798004e4090000080fb00c8
:102c4c00a1622200614078003cce0200010000002d
:102c5c000080fb009e009000008040001007980050
:102c6c004e4090000040e800404798001e00900045
:102c7c0000407800464d0200010000009033200017
:102c8c000e0040009e009000811f7800a1e72900f3
:102c9c00811f7800a204020000000000e4875700a6
:102cac00903320000e004000d6fe02000100000010
:102cbc004e4090000040e800404798004e40900085
:102ccc000080fb00a1622200e1407800f0c2b3005a
:102cdc0080cf5000200034004e4090000080fb005c
:102cec00a1622200e140780090c3b30080cf500075
:102cfc0019003c004e4090000080fb00a1622200b5
:102d0c00614078003cce0200010000000080fb0016
:102d1c00100798001e009000004078008a4e0200b8
:102d2c0001000000703520000e0040009e00900055
:102d3c00811f7800f1e82900811f7800a2040200ad
:102d4c0000000000e4875700703520000e004000a2
:102d5c00d6fe0200010000000000eb00507e88004f
:102d6c00007d200001002000603d8900713d89003c
:102d7c00800c2000d0988800603d8100713d81005e
:102d8c00e00f5000e08f580017003a00c060290097
:102d9c00d6fe020001000000d198800050372000c0
:102dac000e004000811f780081622900811f78008d
:102dbc00a204020000000000e487570050372000f6
:102dcc000e004000d6fe020001000000b062290097
:102ddc00d6fe020001000000800c2000d098880074
:102dec0010c0b30020e30700208f220010407800b1
:102dfc000004e000a6103200d0988000801f7800fc
:102e0c0050992900801f7800c0c82000a20402003d
:102e1c0000000000e4875700c0c82000d6fe020066
:102e2c0001000000411f200010c0b3000e8f0200f3
:102e3c0001000000e01f2000d0988800e910370046
:102e4c0058110700a06222008040eb000148780076
:102e5c0020ea290022110700803e200001002000fa
:102e6c00603d8900713d890070032000d098880076
:102e7c00dc103700c13d8100002020000080600084
:102e8c000000e000560132000000eb00507e88008c
:102e9c0072c0b300b1ea2900a062220044fa020019
:102eac00010000000000e0004d013200d2c0b30070
:102ebc0031eb2900a062220044fa0200010000005c
:102ecc000000e0004101320052c1b30011ec2900b6
:102edc00a062220044fa0200010000000000e000a1
:102eec009a00320050da200041c0b300014878004b
:102efc0050c1b300504798005e4090000080fb002a
:102f0c00a1622200e1407800f0c2b30080cf5000f3
:102f1c00420034005e4090000080fb00a162220061
:102f2c00e140780090c3b30080cf50003b003c00e0
:102f3c005e4090000080fb00a1622200614078009e
:102f4c003cce0200010000000080fb00100798003e
:102f5c005e4090000040e800504798005e409000b2
:102f6c000080fb00a1622200e1407800f0c2b300b7
:102f7c0080cf5000180034005e4090000080fb00b1
:102f8c00a1622200e140780090c3b30080cf5000d2
:102f9c0011003c001e0090006a00b900000078008f
:102fac00100798005e4090000080fb00a162220098
:102fbc00614078003cce0200010000000080fb0064
:102fcc009e00900000804000100798005e4090002a
:102fdc000040e800504798001e0090000040780028
:102fec00f64e020001000000903820000e00400058
:102ffc009e009000811f780071ed2900811f7800e0
:10300c00a204020000000000e48757009038200062
:10301c000e004000d6fe0200010000005e40900051
:10302c000040e800504798005e4090000080fb0094
:10303c00a1622200e1407800f0c2b30080cf5000c2
:10304c003f0034005e4090000080fb00a162220033
:10305c00e140780090c3b30080cf500038003c00b2
:10306c005e4090000080fb00a1622200614078006d
:10307c003cce0200010000000080fb00100798000d
:10308c005e4090000040e800504798005e40900081
:10309c000080fb00a1622200e1407800f0c2b30086
:1030ac0080cf5000150034005e4090000080fb0083
:1030bc00a1622200e140780090c3b30080cf5000a1
:1030cc000e003c001e0090006a00b9000000780061
:1030dc00100798005e4090000080fb00a162220067
:1030ec00614078003cce0200010000000080fb0033
:1030fc009e00900000804000100798001e00900079
:10310c0000407800cc4e020001000000703a200014
:10311c000e0040009e009000811f7800c1ee290037
:10312c00811f7800a204020000000000e487570011
:10313c00703a20000e004000d6fe02000100000094
:10314c0040032000d0988800a500370050da2000fa
:10315c0031c0b30001487800d0c0b300604798007c
:10316c006e4090000080fb00a1622200e1407800dc
:10317c00f0c2b30080cf5000420034006e4090008b
:10318c000080fb00a1622200e140780090c3b300f4
:10319c0080cf50003b003c006e4090000080fb0054
:1031ac00a1622200614078003cce020001000000c8
:1031bc000080fb00100798006e4090000040e80073
:1031cc00604798006e4090000080fb00a1622200d6
:1031dc00e1407800f0c2b30080cf500018003400fa
:1031ec006e4090000080fb00a1622200e14078005c
:1031fc0090c3b30080cf500011003c001e00900023
:10320c006a00b90000007800100798006e4090002a
:10321c000080fb00a1622200614078003cce0200dd
:10322c00010000000080fb009e0090000080400028
:10323c00100798006e4090000040e800604798002e
:10324c001e00900000407800304f0200010000008a
:10325c00503c20000e0040009e009000811f780022
:10326c0011f02900811f7800a20402000000000068
:10327c00e4875700503c20000e004000d6fe0200b0
:10328c00010000006e4090000040e800604798008c
:10329c006e4090000080fb00a1622200e1407800ab
:1032ac00f0c2b30080cf50003f0034006e4090005d
:1032bc000080fb00a1622200e140780090c3b300c3
:1032cc0080cf500038003c006e4090000080fb0026
:1032dc00a1622200614078003cce02000100000097
:1032ec000080fb00100798006e4090000040e80042
:1032fc00604798006e4090000080fb00a1622200a5
:10330c00e1407800f0c2b30080cf500015003400cb
:10331c006e4090000080fb00a1622200e14078002a
:10332c0090c3b30080cf50000e003c001e009000f4
:10333c006a00b90000007800100798006e409000f9
:10334c000080fb00a1622200614078003cce0200ac
:10335c00010000000080fb009e00900000804000f7
:10336c00100798001e00900000407800204f0200cb
:10337c0001000000303e20000e0040009e00900036
:10338c00811f780061f12900811f7800a2040200de
:10339c0000000000e4875700303e20000e00400083
:1033ac00d6fe02000100000020db20008040eb0074
:1033bc000148780010db20008040eb0001487800c9
:1033cc0040032000d09888000500370050da200018
:1033dc0021c0b3000148780040032000d098880039
:1033ec00603d8100713d8100e00f5000e08f58007e
:1033fc00290f3a000000eb00507e8800800c200062
:10340c00d098880010c0b30097e10700750f370003
:10341c0020812000904078003081200010407800fe
:10342c0080cf50001e0f3a00e0c3b300021007001b
:10343c0000c2b3000c100700b0f22900a80f07005f
:10344c0060bc2200a60f070030912900a40f0700d2
:10345c00d0032000d09888004106200010c0b30093
:10346c000e8f02000100000080a923000100200043
:10347c00603d8900713d89005a0f3700a13d8100e4
:10348c0000202000008060000000e0000b003200f3
:10349c00b13d810000202000008060000000e000b1
:1034ac0006003200411f200010c0b3000e8f020036
:1034bc0001000000e0032000d0988800603d8100ee
:1034cc00713d8100e00f5000e08f5800f60e3a007d
:1034dc003aff02000100000050f32900d6fe020062
:1034ec0001000000af0f0700b00120007c0f0700a7
:1034fc0080a9230001002000603d8900713d8900f6
:10350c00810c200010c0b3000e8f020001000000df
:10351c0010042000d0988800320f3700108f220042
:10352c008040eb0001487800021020008000eb0086
:10353c00a0622200f204020000000000990f0700b4
:10354c0050b22200660f070000232f00010020005c
:10355c00603d8900713d8900810c200010c0b300d2
:10356c000e8f020001000000f0032000d0988800ac
:10357c001c0f3700a0012000801f780090f4290058
:10358c00801f7800608e2200a20402000000000060
:10359c00e4875700608e2200510f0700d0c0b300a3
:1035ac009fe10700810c200010c0b3000e8f0200b9
:1035bc000100000000042000d0988800090f37009b
:1035cc00c13d810000202000008060000000e00070
:1035dc00310032000002eb008001eb0062bc2200e3
:1035ec0051b22200c0f42900125602000000000063
:1035fc00005f8100115f810061004000e0804800a5
:10360c00005f8900115f890040be220010407800e5
:10361c00e14f40000500320040be2200104078000f
:10362c008040e80040be220001487800205981000b
:10363c00700060000000e0000900320060be220053
:10364c0010407800e14f40000500320060be2200bf
:10365c00104078008040e80060be220001487800ed
:10366c00205981000000a1002059890020598100b7
:10367c000040a1002059890021598100f0f12f0050
:10368c008080600000062000010070002059890035
:10369c00800c2000d0988800603d8100713d810035
:1036ac00e00f5000e08f58001e003a00c060290067
:1036bc00d6fe020001000000b0012000080f070038
:1036cc00d19880001040200000004700811f780036
:1036dc0081622900811f7800a20402000000000012
:1036ec00e48757001040200000004700d6fe02007f
:1036fc0001000000b0622900d6fe020001000000ab
:10370c003aff02000100000040f52900d6fe02003d
:10371c000100000020042000d098880010c0b300e5
:10372c00d1e00700108f2200104078000004e00068
:10373c005f0e32003aff02000100000080f6290003
:10374c00d6fe02000100000020042000d098880062
:10375c00a000200001002000603d8900713d89001f
:10376c00a00e3700603d8100713d8100e00f5000dc
:10377c00e08f580005003200c13d81000020200080
:10378c00008060000000e0004b0e3200200420009e
:10379c00d0988800930e37000002eb008001eb00fc
:1037ac0062bc220051b2220000f82900125602001d
:1037bc0000000000205981000010a0002059890051
:1037cc00205981000000a100205989002059810056
:1037dc000040a1002059890021598100000e2000d1
:1037ec00010070002059890080be22001040780032
:1037fc00e14f40000500320080be220010407800ee
:10380c008040e80080be220001487800800c200037
:10381c00d0988800730e3700108f22008040eb0088
:10382c0001487800a07222008040eb00014878002b
:10383c00dc0e070080a9230001002000603d8900f8
:10384c00713d890080f82900970e070010052000b3
:10385c00d0988800411f200010c0b3000e8f0200ca
:10386c00010000005f0e3700c13d810000202000e8
:10387c00008060000000e00019003200a0722200fd
:10388c00104078000004e00013003a00b08c2200d5
:10389c0010407800e14f500003003200b08c220041
:1038ac008040eb0001487800804581000000a100b9
:1038bc0080458900d08a22008040eb0001487800c6
:1038cc00904481000000a1009044890050ff20002a
:1038dc008040eb0001487800800c2000d0988800d4
:1038ec00108f2200104078000004e000020032002b
:1038fc00800c2000d0988800603d8100713d8100d3
:10390c00e00f5000e08f580015003a00c06029000d
:10391c00d6fe020001000000d0988000801f7800c5
:10392c0080622900801f7800c0c82000a204020019
:10393c0000000000e4875700c0c82000d6fe02003b
:10394c0001000000b0622900d6fe02000100000058
:10395c00800c2000d098880010c0b30042e0070013
:10396c000000eb00607e8800208f22001040780061
:10397c000004e000d20d3200d0988000801f780047
:10398c0050992900801f7800c0c82000a2040200b2
:10399c0000000000e4875700c0c82000d6fe0200db
:1039ac0001000000411f200010c0b3000e8f020068
:1039bc0001000000e01f2000d0988800090e37009d
:1039cc0010f92900460e0700760e0700007d200036
:1039dc0001002000603d8900713d89000000eb0072
:1039ec0070458900d08a220031c0b30001487800ac
:1039fc0050de22008040eb0001487800e08c220071
:103a0c00f040900000c5b30080cf50000d00320094
:103a1c00e08c220010007800610060000000e000e3
:103a2c0005003200e08c2200e040900000c5b3009d
:103a3c0080cf50000300320000c5b3005edf0200ef
:103a4c000100000030052000d0988800e50d3700fb
:103a5c00c13d810000202000008060000000e000db
:103a6c0005003a00603d8100713d8100e00f50007f
:103a7c00e08f5800940d3a00800c2000d0988800fc
:103a8c00603d8100713d8100e00f5000e08f5800d7
:103a9c008f0d3a00c0602900d6fe02000100000024
:103aac00d19880005041200000004700811f780011
:103abc0081622900811f7800a2040200000000002e
:103acc00e48757005041200000004700d6fe02005a
:103adc0001000000b0622900d6fe020001000000c7
:103aec0010c0b300e0df0700be0d37002d0e07003d
:103afc0080a9230001002000603d8900713d8900f0
:103b0c0060f92900e80d070060052000d0988800b6
:103b1c00411f200010c0b3000e8f020001000000f6
:103b2c00b00d3700c13d81000020200000806000f6
:103b3c000000e00005003a00603d8100713d81000d
:103b4c00e00f5000e08f5800630d3a00800c20000d
:103b5c00d09888000000eb00a07e8800a10d3700f3
:103b6c0090448100610060000000e00004003a0015
:103b7c0080458100610060000000e000030032001d
:103b8c0040062000d0988800960d3700050e0700df
:103b9c00007d200001002000603d8900713d8900fe
:103bac0000fa2900ce0d0700b0052000d09888003f
:103bbc008c0d3700c13d810000202000008060008a
:103bcc000000e00005003a00603d8100713d81007d
:103bdc00e00f5000e08f5800410d3a00c005200066
:103bec00d0988800603d8100713d8100e00f50004d
:103bfc00e08f58003c0d3a00c0602900d6fe020050
:103c0c0001000000d1988000904220000000470085
:103c1c00811f780081622900811f7800a2040200b4
:103c2c0000000000e487570090422000000047008d
:103c3c00d6fe020001000000b0622900d6fe020090
:103c4c000100000010c0b30087df0700650d3700ce
:103c5c00d40d070000e2240001002000603d890023
:103c6c00713d8900b08c220021c0b300014878005e
:103c7c000000eb006046890080fa2900980d0700cf
:103c8c00108b2200960d0700c0fa2900940d070036
:103c9c00d0052000d0988800520d3700c13d81001e
:103cac0000202000008060000000e00005003200d1
:103cbc00804581000010a00080458900000520008f
:103ccc00d0988800603d8100713d8100e00f50006c
:103cdc00e08f5800060d3a00c0602900d6fe0200a5
:103cec0001000000d1988000d04320000000470064
:103cfc00811f780081622900811f7800a2040200d4
:103d0c0000000000e4875700d0432000000047006b
:103d1c00d6fe020001000000b0622900d6fe0200af
:103d2c0001000000800c2000d098880010c0b30067
:103d3c004ddf07002b0d3700f0fa2900680d070046
:103d4c00d08a22008040eb0001487800b08c220021
:103d5c008040eb000148780040df020001000000c9
:103d6c00900d0700007d200001002000603d8900bf
:103d7c00713d89000119200010c0b3000e8f0200a4
:103d8c000100000050062000d0988800150d370067
:103d9c00c13d810000202000008060000000e00098
:103dac0005003a00603d8100713d8100e00f50003c
:103dbc00e08f5800d00c3a0000052000d098880005
:103dcc00603d8100713d8100e00f5000e08f580094
:103ddc00cb0c3a00c0602900d6fe020001000000a6
:103dec00d19880001045200000004700811f78000a
:103dfc0081622900811f7800a204020000000000eb
:103e0c00e48757001045200000004700d6fe020052
:103e1c0001000000b0622900d6fe02000100000083
:103e2c0010c0b30010df0700ee0c37005d0d07006b
:103e3c00a06222008040eb0001487800008c290031
:103e4c00270d07008038210001002000603d89000b
:103e5c00713d890070062000d0988800e10c370075
:103e6c00c13d810000202000008060000000e000c7
:103e7c002f003200a0622200104078000004e00005
:103e8c002b003200c2c0b300a18c2900a06222001a
:103e9c0044fa0200010000000000e00009003200ba
:103eac00800c2000d0988800008f22008040eb000e
:103ebc0001487800d02a21008040eb0001487800ae
:103ecc0019003700008f2200104078008040e80075
:103edc00008f220001487800008f220010407800eb
:103eec00e14f50000e0036003aff020001000000c6
:103efc0040fb2900d6fe020001000000a062220057
:103f0c00d6fe020001000000c0472900d6fe0200c8
:103f1c0001000000800e2000d098880002003700bd
:103f2c00800c2000d09888000000eb00707e880088
:103f3c00603d8100713d8100e00f5000e08f580022
:103f4c00710c3a003aff02000100000010fc29003d
:103f5c00d6fe020001000000e01f2000d09888006f
:103f6c00a00c3700a06222008040eb0001487800d2
:103f7c00007722002200200041fd2900e404020009
:103f8c0000000000070d070060fd2900d40c07009d
:103f9c008038210001002000603d8900713d8900be
:103fac00b0072000d09888008e0c3700c13d8100ee
:103fbc0000202000008060000000e0007200320051
:103fcc00a0622200104078000004e0006e00320075
:103fdc0062c0b30001fe2900a062220044fa020074
:103fec00010000000000e0006700320060002000cb
:103ffc0010079800030037001e0090000000e80036
:10400c0010079800a16222001e0090000080400062
:10401c00104078000004e00007003200a16222008a
:10402c001e009000008040009040780020c2b30039
:10403c0080cf5000f0ff3a00a16222001e009000d9
:10404c00008040009040780020c2b30080cf500028
:10405c0032003a001e0090000000e80010079800a3
:10406c000000eb00000f78000c003700a16222006a
:10407c001e009000008040001040780080407800c6
:10408c00007722001e004000014878001e0fe80057
:10409c001e0090000000e80010079800a1622200aa
:1040ac001e00900000804000104078000004e000ea
:1040bc0016003200a16222001e0090000080400019
:1040cc009040780020c2b30080cf50000f00320027
:1040dc00a16222001e009000008040001040780079
:1040ec00ed4f500009003200a16222001e0090002a
:1040fc000080400010407800ea4f5000030032006e
:10410c001e007800f30f5000d8ff34000077220017
:10411c001e0040008040eb00014878000000eb00de
:10412c00807e8800800c2000d098880000402200ff
:10413c0090407800a0c5b30080cf500012003a0028
:10414c000077220090407800f0c3b30080cf50007d
:10415c0004003a0010772200104078000004e000c0
:10416c0009003200c03d81000090a000c03d8900d4
:10417c008038210001002000603d8900713d8900dc
:10418c00c0072000d0988800603d8100713d8100ff
:10419c00e00f5000e08f5800dd0b3a00800c20003f
:1041ac0019e507000000eb00807e88000d0c37003d
:1041bc00c13d810000202000008060000000e00074
:1041cc0009003200770c070070fe2900440c070030
:1041dc008038210001002000603d8900713d89007c
:1041ec00d0072000d0988800603d8100713d81008f
:1041fc00e00f5000e08f580002003a00e00720006a
:10420c00d09888004106200010c0b3000e8f020029
:10421c0001000000f30b3700c13d8100002020009d
:10422c00008060000000e0000f003200a06222005d
:10423c008040eb0001487800507822008040eb0071
:10424c0001487800570c070060fd2900240c07007a
:10425c008038210001002000603d8900713d8900fb
:10426c00e0072000d0988800603d8100713d8100fe
:10427c00e00f5000e08f580002003a00e0072000e9
:10428c00d09888004106200010c0b3000e8f0200a9
:10429c0001000000d30b3700a06222001040780010
:1042ac000004e0005200320062c0b30001fe29009d
:1042bc00a062220044fa0200010000000000e000ad
:1042cc004b003200600020001007980003003700fc
:1042dc001e0090000000e80010079800a162220068
:1042ec001e00900000804000104078000004e000a8
:1042fc0007003200a16222001e00900000804000e6
:10430c009040780020c2b30080cf5000f0ff3a00fc
:10431c00a16222001e0090000080400090407800b6
:10432c0020c2b30080cf500031003a001e00900034
:10433c000000e800100798000000eb00000f780068
:10434c000b003700a16222001e009000008040008c
:10435c0090407800507822001e0040000148780000
:10436c001e0fe8001e0090000000e80010079800e7
:10437c00a16222001e0090000080400010407800d6
:10438c000004e00016003200a16222001e00900022
:10439c00008040009040780020c2b30080cf5000d5
:1043ac000f003200a16222001e009000008040002d
:1043bc0010407800ed4f500009003200a16222003d
:1043cc001e0090000080400010407800ea4f500022
:1043dc00030032001e007800e40f5000d9ff3400b7
:1043ec00507822001e0040008040eb00014878000d
:1043fc00ec0b070040ff2900b90b070080382100a7
:10440c0001002000603d8900713d8900f00720000b
:10441c00d09888004106200010c0b3000e8f020017
:10442c00010000006f0b3700c13d8100002020000f
:10443c00008060000000e00009003a00108f2200ac
:10444c00104078000004e00005003a00603d810057
:10445c00713d8100e00f5000e08f58002a003a00b7
:10446c00108f22008040eb0001487800505520004e
:10447c000000470082e40700505520000000470070
:10448c00b1782200a6f90200010000000000e00053
:10449c0009003200b0782200104078000004e000df
:1044ac0017003a00505520000000470010407800db
:1044bc000004e000120032003aff0200010000008c
:1044cc0010002a00d6fe020001000000c03d810051
:1044dc000090a000c03d8900c03d81000080a1007b
:1044ec00c03d890000e2240001002000603d8900ed
:1044fc00713d890010022000d0988800020037001e
:10450c00800c2000d09888004106200010c0b30019
:10451c000e8f020001000000320b3700c03d8100fd
:10452c000090a000c03d890070022000d098880047
:10453c004101200010c0b3000e8f020001000000ea
:10454c00280b3700c13d8100002020000080600056
:10455c000000e00005003a00603d8100713d8100e3
:10456c00e00f5000e08f5800eb0a3a00803e20002c
:10457c0001002000603d8900713d8900200720006a
:10458c00d0988800170b3700c13d81000020200017
:10459c00008060000000e00005003a00603d8100f2
:1045ac00713d8100e00f5000e08f5800dc0a3a00aa
:1045bc00f0d5200090407800e08c2200114098004b
:1045cc00e08c22009040900040c6b30080cf500099
:1045dc0003003600e08c2200e1c0b30011409800cb
:1045ec00700b070000fa200001002000603d8900dc
:1045fc00713d890000032a00390b07003aff0200c5
:10460c0001000000b0032a00d6fe020001000000e9
:10461c00e08c2200104090000080fb00801f78008e
:10462c00a0c42900801f780080902200a204020000
:10463c0000000000e487570080902200d6fe0200a4
:10464c000100000030072000d0988800603d8100f8
:10465c00713d8100e00f5000e08f5800b20a3a0023
:10466c00c0602900d6fe020001000000d198800035
:10467c005046200000004700811f7800816229000d
:10468c00811f7800a204020000000000e48757009c
:10469c005046200000004700d6fe0200010000003a
:1046ac00b0622900d6fe02000100000010c0b30069
:1046bc00eddc0700cb0a3700c13d81000020200053
:1046cc00008060000000e00005003a00603d8100c1
:1046dc00713d8100e00f5000e08f5800940a3a00c1
:1046ec00e08c2200900078000100a1000108780005
:1046fc00e08c2200e0409000e08c22007140980099
:10470c00e08c2200900078000110a00001087800d5
:10471c00800c2000d09888003aff020001000000b5
:10472c0090042a00d6fe020001000000603d8100ca
:10473c00713d8100e00f5000e08f58007e0a3a0076
:10474c00c0602900d6fe020001000000d198800054
:10475c009047200000004700811f780081622900eb
:10476c00811f7800a204020000000000e4875700bb
:10477c009047200000004700d6fe02000100000018
:10478c00b0622900d6fe02000100000010c0b30088
:10479c00b5dc0700930a3700f0d520009040780074
:1047ac00e08c220011409800e08c22009040900098
:1047bc0040c6b30080cf500003003600e08c2200ce
:1047cc00e1c0b300114098003aff02000100000064
:1047dc00a0052a00d6fe020001000000e08c220099
:1047ec00104090000080fb00801f7800a0c42900be
:1047fc00801f780080902200a204020000000000bc
:10480c00e487570080902200d6fe020001000000d1
:10481c00e40a0700e0c42900b10a0700803e20002a
:10482c0001002000603d8900713d8900100a2000c4
:10483c00d09888006b0a3700c13d81000020200011
:10484c00008060000000e00005003a00603d81003f
:10485c00713d8100e00f5000e08f5800380a3a009b
:10486c0000dd20008040eb000148780010dd2000c6
:10487c0011c0b300014878003aff020001000000ab
:10488c00f0062a00d6fe020001000000916e8000a6
:10489c0010032000808f500004003600916e8000c1
:1048ac0080b52100808f500002003600c05d2000d2
:1048bc00906e880000d62000104078000004e000c4
:1048cc000400320000d6200010407800ee4f50005b
:1048dc000300360000d62000e1c0b3000148780088
:1048ec00b00a070003e22000120020008040eb0019
:1048fc0050412900efdb0700803e20000100200022
:10490c00603d8900713d8900200a2000d098880004
:10491c00810c200010c0b3000e8f020001000000bb
:10492c00300a3700c13d810000202000008060006b
:10493c000000e00005003a00603d8100713d8100ff
:10494c00e00f5000e08f5800ff093a00800c200067
:10495c00d0988800230a3700b08c220010407800d1
:10496c00e34f50000d003200d08a22001040780036
:10497c00e34f500009003200b04681000000a10056
:10498c00b0468900b04681000010a000b0468900f6
:10499c00800c2000d0988800120a3700810a07008a
:1049ac0000e2240001002000603d8900713d890077
:1049bc0040082a004a0a0700208e22001040780086
:1049cc00ced0020001000000f0852900440a070047
:1049dc00b00a2000d0988800020a3700c13d81003f
:1049ec0000202000008060000000e00005003a007c
:1049fc00603d8100713d8100e00f5000e08f580058
:104a0c00d3093a00108f22008040eb000148780057
:104a1c00640a070000c4290001002000603d8900e1
:104a2c00713d8900c0082a002d0a0700708d2200f4
:104a3c002b0a0700f0852900290a0700c00a20006c
:104a4c00d0988800603d8100713d8100e00f5000de
:104a5c00e08f5800c0093a00c0602900d6fe020061
:104a6c0001000000d1988000d048200000004700d1
:104a7c00811f780081622900811f7800a204020046
:104a8c0000000000e4875700d048200000004700d9
:104a9c00d6fe020001000000b0622900d6fe020022
:104aac000100000010c0b300efdb070040092a0032
:104abc00d6fe020001000000ca093700c13d81008a
:104acc0000202000008060000000e00005003200a3
:104adc00b04681000000a100b0468900800c200087
:104aec00d0988800603d8100713d8100e00f50003e
:104afc00e08f580004003200108f22001040780024
:104b0c000004e00096093200c0602900d6fe0200c5
:104b1c0001000000d1988000104a200000004700de
:104b2c00811f780081622900811f7800a204020095
:104b3c0000000000e4875700104a200000004700e6
:104b4c00d6fe020001000000b0622900d6fe020071
:104b5c0001000000b04681000000a100b0468900b1
:104b6c00b04681000010a000b0468900800c2000e7
:104b7c00d0988800419c200010c0b3000e8f02001a
:104b8c0001000000603d8100713d8100e00f50008c
:104b9c00e08f580074093a0010c0b300b2db070074
:104bac0090093700000c2a00cd090700fd09070009
:104bbc00a06222008040eb000148780000fa20003f
:104bcc0001002000603d8900713d8900900e20009d
:104bdc00d098880083093700603d8100713d8100c9
:104bec00e00f5000e08f580005003200c13d8100fd
:104bfc0000202000008060000000e0005c09320012
:104c0c00e8090700a06222008040eb000148780010
:104c1c0030d72900b209070000fa2000010020005b
:104c2c00603d8900713d8900a00e2000d09888005d
:104c3c006c093700603d8100713d8100e00f500030
:104c4c00e08f580005003200c13d8100002020009b
:104c5c00008060000000e00047093200b00e200028
:104c6c00d09888005f09370080a92300010020003c
:104c7c00603d8900713d8900c00e2000d0988800ed
:104c8c00b00c2a0096090700400d2a00d6fe02003f
:104c9c00010000000000eb00f01f8900603d810066
:104cac00713d8100e00f5000e08f580034093a004c
:104cbc00d1988000504b200000004700811f7800e5
:104ccc00710e2a00811f7800a2040200000000006f
:104cdc00e4875700504b200000004700d6fe02002e
:104cec00010000000000eb00f01f8900d00e200036
:104cfc00d0988800014b200010c0b3000e8f02002a
:104d0c0001000000370937000000eb00f01f89009c
:104d1c0060fc200010407800ea4f5000050036007f
:104d2c0001f4210010c0b3000e8f0200010000003e
:104d3c000400370081bb200010c0b3000e8f0200ae
:104d4c0001000000e00e2000d098880060fc2000dc
:104d5c008040eb000148780022093700b666a800b5
:104d6c008157200010c0b3000e8f0200010000001c
:104d7c00f00e2000d09888001a093700b666a900fa
:104d8c000000eb00d098880016093700b666a80022
:104d9c00a00f2a00d6fe020001000000419c20005a
:104dac0010c0b3000e8f0200010000009011200013
:104dbc00d09888000b093700b666a900a011200016
:104dcc00d0988800017d200010c0b3000e8f020027
:104ddc000100000090b32000b1c0b300014878007e
:104dec000009370090b32000104078000004e00068
:104dfc001b00320090b32000104078008040e90086
:104e0c0090b3200001487800017d200010c0b30051
:104e1c000e8f0200010000003aff020001000000aa
:104e2c0090b32000104078008080fb00904c200054
:104e3c0000004700811f7800317d2900811f780018
:104e4c00a204020000000000e4875700904c2000f0
:104e5c0000004700d6fe020001000000e108370008
:104e6c00b0112000d0988800908e220061c9b30048
:104e7c0001487800db083700b666a800815720008f
:104e8c0010c0b3000e8f020001000000c011200002
:104e9c00d0988800d3083700b666a9000000eb0054
:104eac00d0988800cf0837003e090700108f2200e9
:104ebc008040eb0001487800b0722200080907001e
:104ecc00f085290006090700b07222008040eb0033
:104edc0001487800100f2000d0988800c15d200098
:104eec0010c0b3000e8f02000100000040752200bc
:104efc00104078008080fb00803e20000088b900c4
:104f0c0000007800cf80de00603d8900713d890093
:104f1c00b4083700603d8100713d8100e00f500006
:104f2c00e08f580009003200c13d810000202000b4
:104f3c00008060000000e00004003a00108f2200a6
:104f4c00104078000004e0008f08320060752200e9
:104f5c00104078000004e0001400320031112a00e7
:104f6c00f0b320007afa020001000000000f780074
:104f7c009e007800f0b3200000804000a162220067
:104f8c007afa0200010000001e0f40000041eb0005
:104f9c00f1b320006075220032dd02000100000038
:104fac00607522008040eb0001487800800c2000e6
:104fbc00d0988800810c200010c0b3000e8f020026
:104fcc00010000008708370060fc20008040eb00e7
:104fdc00014878000000eb00f01f8900813e2000a2
:104fec0010c0b3000e8f0200010000007d083700d6
:104ffc00108f22008040eb0001487800e908070080
:10500c008038210001002000603d8900713d89003d
:10501c0060112a00b208070050102000d0988800b8
:10502c00a100200010c0b3000e8f02000100000090
:10503c006c083700c13d810000202000008060001a
:10504c000000e0003100320072c0b30001122a00ef
:10505c00a062220044fa0200010000000000e000ff
:10506c002a0032001063220090407800f0c2b30096
:10507c0080cf50002500340010632200904078004f
:10508c0090c3b30080cf500020003c00106322007e
:10509c00104078003cce020001000000612e21007f
:1050ac00804878002063220090407800f0c2b30062
:1050bc0080cf50001500340020632200904078000f
:1050cc0090c3b30080cf500010003c00602e210034
:1050dc00104078006a00b900000078008040780029
:1050ec00602e2100014878002063220010407800d7
:1050fc003cce020001000000612e2100914078009e
:10510c0081404000602e210001487800c13d8100a3
:10511c0000202000008060000000e00009003a0040
:10512c00108f2200104078000004e00005003a00c7
:10513c00603d8100713d8100e00f5000e08f580010
:10514c0013083a00800c2000d09888000000eb0077
:10515c00907e880023083700108f22008040eb00df
:10516c00014878008f0807008038210001002000da
:10517c00603d8900713d890050da200010407800b4
:10518c00e44f50000d003a00700320000e00400068
:10519c00d1012000811f780081122a00811f780024
:1051ac00a204020000000000e487570040132a000c
:1051bc00d6fe0200010000001000370050da20007b
:1051cc0010407800e34f50000c003a0070032000b0
:1051dc000e00400091012000811f780081122a00ee
:1051ec00811f7800a204020000000000e487570031
:1051fc00e0142a00d6fe020001000000700320001b
:10520c000e0040003608070070102000d09888006f
:10521c004106200010c0b3000e8f020001000000f8
:10522c00f0073700c13d81000020200000806000a5
:10523c000000e00009003200b06d80000070a10099
:10524c00b06d8800800c2000d098880000e224000b
:10525c00907e880060ea2000507e8800c13d81006d
:10526c0000202000008060000000e00009003a00ef
:10527c00108f2200104078000004e00005003a0076
:10528c00603d8100713d8100e00f5000e08f5800bf
:10529c00c1073a00800c2000d0988800108f2200a3
:1052ac008040eb0001487800ce073700007d2000dd
:1052bc00b07e8800108f22008040eb0001487800ff
:1052cc00a05222008040eb0001487800a06222002e
:1052dc008040eb000148780032080700007d200078
:1052ec0001002000603d8900713d890080162a0074
:1052fc00fb070700d0122000d09888002103200063
:10530c0010c0b3000e8f020001000000b50737007b
:10531c00c13d810000202000008060000000e00002
:10532c005b00320072c0b30021172a00a062220079
:10533c0044fa0200010000000000e00054003200ba
:10534c00106322009040780000c3b30080cf50005f
:10535c0005003200106322009040780010c3b300a7
:10536c0080cf50004a003a001063220010407800b1
:10537c008040780000cdb30000c040008040780031
:10538c0080fd200001487800e0d820001040780013
:10539c000080fb00640060000000e000250032008b
:1053ac0090fd200010407800e14f500021003a00a1
:1053bc00106322009040780000c3b30080cf5000ef
:1053cc000e003a00f7070700803e20000100200085
:1053dc00603d8900713d8900a0172a00c0070700b5
:1053ec00e0122000d09888002103200010c0b300e8
:1053fc000e8f02000100000025003700e9070700ae
:10540c00803e200001002000603d8900713d890034
:10541c0050182a00b2070700e0122000d09888002c
:10542c002103200010c0b3000e8f02000100000009
:10543c0017003700106322009040780010c3b300af
:10544c0080cf50000e003a00d6070700803e2000a7
:10545c0001002000603d8900713d890010bb2900ce
:10546c009f070700e0122000d0988800210320003d
:10547c0010c0b3000e8f02000100000004003700c2
:10548c0000ee2200b07e8800800c2000d0988800ae
:10549c00603d8100713d8100e00f5000e08f5800ad
:1054ac003f073a0000192a00d6fe02000100000056
:1054bc00800c2000d09888004a073700c13d81003d
:1054cc0000202000008060000000e00005003a0091
:1054dc00603d8100713d8100e00f5000e08f58006d
:1054ec0031073a00800c2000d09888003d07370027
:1054fc00104080000000e0002d073a00a01a2a009e
:10550c00d6fe020001000000800c2000d09888001c
:10551c003407370060802000104078000004e00061
:10552c0025073a0070802000104078000004e0004d
:10553c0006003200501c2a00d6fe020001000000ba
:10554c00800c2000d098880026073700c01e2a0047
:10555c00d6fe0200010000000000eb00d09888008d
:10556c0020073700508020008040eb000148780075
:10557c00108f22008040eb0001487800890707005b
:10558c0080a9230001002000603d8900713d890045
:10559c0090212a0044070700f01f2000d0988800b3
:1055ac0010073700c13d8100002020000080600002
:1055bc000000e000060032008038210001002000cd
:1055cc00603d8900713d890000202000d098880042
:1055dc00108f2200104078000004e00005003a0013
:1055ec00603d8100713d8100e00f5000e08f58005c
:1055fc00f3063a0000202000d0988800f906370006
:10560c00603d8100713d8100e00f5000e08f58003b
:10561c00ed063a0010002000d0988800f106370003
:10562c00c13d810000202000008060000000e000ef
:10563c004000320040f3220010407800e14f50004f
:10564c0003003a00c01c2000d098880039003700b5
:10565c00e0212a00d6fe020001000000002181009a
:10566c000000a10000218900002181000020a00081
:10567c0000218900302881000000e80030288900d2
:10568c0031288100a0788100808f500027003600df
:10569c0030252a00d6fe02000100000020288100df
:1056ac000090a10020288900405022001040780072
:1056bc00e34f500010003a00f09122008040eb00c4
:1056cc000148780041ea800000ff2f000080600054
:1056dc0040ea880040ea80000080a10040ea88008f
:1056ec0040002000600489002e07070080d32900a9
:1056fc00fb0607000600370021288100f0ff280078
:10570c0080806000000025000100700020288900c6
:10571c00800c2000d0988800411f200010c0b300de
:10572c000e8f020001000000ae063700800c200036
:10573c00d0988800603d8100713d8100e00f5000e1
:10574c00e08f58000b003a00d0282a00d6fe020049
:10575c0001000000002181000000a100002189004f
:10576c00002181000020a00000218900800c200075
:10577c00d0988800411f200010c0b3000e8f02008b
:10578c000100000097063700302881000000e80077
:10579c003028890031288100a0788100808f50004a
:1057ac0023003600b02c2a00d6fe020001000000b7
:1057bc00202881000090a100202889004050220060
:1057cc0010407800e34f500010003a00f091220096
:1057dc008040eb000148780041ea800000ff2f0078
:1057ec000080600040ea880040ea80000080a10050
:1057fc0040ea88004000200060048900e9060700a8
:10580c0080d32900b6060700060037002128810046
:10581c00f0ff28008080600000002500010070006f
:10582c0020288900800c2000d09888006d06370055
:10583c00c13d810000202000008060000000e000dd
:10584c001800320011218100f05a2000000047009e
:10585c00811f780041422200811f7800912e2a007e
:10586c00811f7800a204020000000000e6875700a8
:10587c00cc060700108f22008040eb000148780016
:10588c0000e2240001002000603d8900713d890088
:10589c00f05a20000000470091060700d01c2000a1
:1058ac00d0988800411f200010c0b3000e8f02005a
:1058bc00010000004b063700c13d81000020200094
:1058cc00008060000000e0001a00320020288100f7
:1058dc0000f0a10020288900f05a200000004700a9
:1058ec0041462200811f7800f1302a00811f780088
:1058fc00a204020000000000e4875700a90607007c
:10590c00108f22008040eb000148780000c4290071
:10591c0001002000603d8900713d8900f05a200093
:10592c00000047006e060700e01c2000d09888009d
:10593c0011003700108f2200104078000004e000a6
:10594c0005003a00603d8100713d8100e00f500080
:10595c00e08f580008003a0040322a00d6fe0200c0
:10596c0001000000108f22008040eb0001487800fd
:10597c00c01c2000d0988800411f200010c0b3002c
:10598c000e8f02000100000016063700108f220057
:10599c00104078000004e00005003a00603d8100f2
:1059ac00713d8100e00f5000e08f580010003a006c
:1059bc0010342a00d6fe020001000000108f2200d5
:1059cc008040eb00014878002028810000f0a10005
:1059dc0020288900c01c2000d0988800411f20007e
:1059ec0010c0b3000e8f020001000000fd0537004f
:1059fc002128810000002800008060000000e000e9
:105a0c00f30532002028810000f0a1002028890035
:105a1c0050288100612881004328810052552000c4
:105a2c0002014700809fbe00831f780010362a00b9
:105a3c00801f780002007800a20402000000000021
:105a4c00e88757005055200000004700d6fe0200a2
:105a5c000100000041288100800c2000808f500044
:105a6c0022003a004050220010407800e34f5000d2
:105a7c0013003a0060048100e10f500003003a006b
:105a8c00f01c2000d0988800d60537002128810012
:105a9c00f0ff28000080600000c0a00020288900d2
:105aac00202881000090a1002028890020002000df
:105abc0060048900800c2000d0988800c90537004c
:105acc0021288100f0ff28000080600000c0a000a9
:105adc0020288900202881000090a100202889001e
:105aec00800c2000d0988800be053700e0372a00d3
:105afc00d6fe020001000000202881000090a100c9
:105b0c00202889004050220010407800e34f5000bc
:105b1c0010003a00f09122008040eb000148780020
:105b2c0041ea800000ff2f000080600040ea8800fe
:105b3c0060048100e10f500003003a0019060700d1
:105b4c0080d32900e605070040002000600489008e
:105b5c000600370021288100f0ff280080806000bb
:105b6c00000023000100700020288900800c200018
:105b7c00d09888009b05370060048100e10f50002d
:105b8c0095053a00f01c2000d09888009505370048
:105b9c0040502200104078000080fb00e30f5000c2
:105bac0003003200e40f50001300320015003700e0
:105bbc00fc05070030392a00c90507001000200039
:105bcc006004890041ea800000ff2f000080600023
:105bdc0040ea880040ea80000040a10040ea8800ca
:105bec00f091220011c0b30001487800601d200024
:105bfc00d098880006003700800c2000d0988800d0
:105c0c0003003700800c2000d098880000000000b2
:105c1c0074053700c13d8100002020000080600029
:105c2c000000e000ec03320040ea80006f406000ae
:105c3c000080fb00e20f500060003200e30f5000c8
:105c4c00c70332000000e000cb033a008080200044
:105c5c008040eb00014878005028810061288100c9
:105c6c00d0488900e1488900d0488100e148810092
:105c7c00e00f5000e08f580040003200100481000b
:105c8c0021048100e00f5000e08f58001200320018
:105c9c00ae660200010000001004810021048100a6
:105cac005255200002014700809fbe00603a2a0036
:105cbc00801f780002007800a2040200000000009f
:105ccc00e68757005055200000004700d6fe020022
:105cdc0001000000020037000e6602000100000007
:105cec006000b800b0488900c148890040ea8000d3
:105cfc000040a00040ea880050048100630060006e
:105d0c00e10f500002003a00c05d20000100370096
:105d1c0000202000d14d200081004700801f78001a
:105d2c00403e2a00801f780001007800a204020087
:105d3c0000000000e48757009a050700d04d2000b2
:105d4c00000047006605070000712200e0dd8800b6
:105d5c00707881008000780010c0b3000e8f0200b4
:105d6c000100000041ea800000ff2f00008060006d
:105d7c000010a00040ea880084033700503f2a003e
:105d8c00d6fe020001000000f09122008040eb00e2
:105d9c000148780041ea800000ff2f00008060007d
:105dac0040ea8800202881000090a100202889006a
:105dbc0040002000600489007403370040ea800032
:105dcc000040a10040ea880050048100630060009c
:105ddc00e10f500066003a00320481004304810058
:105dec00c05d2000010020000200400083804800bc
:105dfc00300489004104890032048100430481008d
:105e0c001004810021048100800f5100818f590002
:105e1c001a00310040ea80000040a00040ea8800ef
:105e2c00504f200000004700c15d2000811f78000a
:105e3c00413e2a00811f7800a204020000000000ed
:105e4c00e487570057050700504f2000000047001b
:105e5c0023050700707881008000780010c0b30023
:105e6c000e8f020001000000807881009178810083
:105e7c00603d8900713d8900440337003004810086
:105e8c00410481005255200002014700809fbe0052
:105e9c0080402a00801f780002007800a2040200d3
:105eac0000000000e6875700505520000000470016
:105ebc00d6fe02000100000051048100c0ff2f003b
:105ecc00008060000010a000500489005004810084
:105edc000020a0005004890030dc21008040eb0041
:105eec000148780030d821008040eb000148780050
:105efc000000eb0020028900300481004104810085
:105f0c00b0488900c148890040ea80000040a000e8
:105f1c0040ea8800d05020000000470001202000fb
:105f2c00811f7800413e2a00811f7800a2040200e4
:105f3c0000000000e48757001a050700d05020002d
:105f4c0000004700e60407007078810080007800ac
:105f5c0010c0b3000e8f0200010000008078810099
:105f6c0091788100603d8900713d890007033700fd
:105f7c000000eb0040079800d4488100e548810000
:105f8c00b2488100c348810030dc21001040780009
:105f9c000084fb0050028100610281002702810015
:105fac005655200006034700849fbe00829fbe000a
:105fbc00881f7800809fbe00871f780020442a002d
:105fcc00801f780006007800a20402000000000088
:105fdc00f28757005055200000004700d6fe020003
:105fec0001000000f0472a00d6fe0200010000006c
:105ffc0030d82100d6fe02000100000060482a00c3
:10600c00d6fe0200010000000000eb0060079800c3
:10601c00880137000040eb00204f98000040eb0057
:10602c00604f980030dc2100104078000004e00044
:10603c00250032000040eb00304f98001200370072
:10604c002e4890000080fb00be4890008180fb0031
:10605c00a21c20000101410081bb210081004100f4
:10606c0011419000f15a20008100470082707800a5
:10607c002e4890000040e800204f98003e489000c9
:10608c000040e800304f980030dc21009040780050
:10609c003e48900080cf500004003600ae4890007f
:1060ac00e0c7b30080cf5000e5ff360030dc2100a4
:1060bc0090407800614f980030dc21008040eb006c
:1060cc00014878001500370030d821008040eb00e3
:1060dc0001487800110037002e4890000080fb002a
:1060ec00ce009000c22020000101410081bb2100a4
:1060fc008100410011417800f15a200081004700d5
:10610c00827078002e4890000040e800204f9800e4
:10611c004e0090000000e80040079800210281002a
:10612c004e009000808f50000c0036004e00900006
:10613c00c12020008080400080bb210000804000f6
:10614c0010407800ea4f500004003200ae48900036
:10615c00e0c7b30080cf5000dfff36002e48900020
:10616c000080fb00f15a2000810047000041eb0049
:10617c0082707800210281004e009000808f5000c8
:10618c000b0036004e009000c120200080804000a3
:10619c0080bb21000080400010407800ea4f500086
:1061ac0003003a004e0090000000e8004007980001
:1061bc002e4890000004e00017013200f05a200035
:1061cc000000470010407800ed4f500014013200e1
:1061dc00f05a20000000470010407800ea4f5000b1
:1061ec00110132000040eb00704f9800f05a200073
:1061fc000000470090407800a0c3b30080cf50004f
:10620c001e003a002e489000e24f50001b00360052
:10621c00f05a200000004700104090003cce0200d5
:10622c0001000000605798006e5090000080fb0049
:10623c004400dd0000447800f05a200000004700c4
:10624c00204090003cce0200010000000040740091
:10625c00605798006e509000004040006b4040002a
:10626c0070579800ae4890007e50900080cf500040
:10627c000200390010c0b300704f98005004810028
:10628c0063006000e20f50004f003a007e4890001f
:10629c000004e000220032002e4890008080fb00b9
:1062ac006e4890000080fb00008050008000780059
:1062bc006e009000008040000080e80060079800ad
:1062cc00f05a200000004700ae48900062670200c0
:1062dc00010000000004e000d500320090482a00c4
:1062ec00d6fe020001000000f003810001048100d1
:1062fc00b0488900c14889000000eb006007980095
:10630c0051048100c0ff2f00008060005004890000
:10631c006000b8001004890021048900c500370012
:10632c000040eb00304f98000d0037003e489000c5
:10633c000081fb003e4890000080fb00f15a2000d9
:10634c0081004700e140780020d821000000410086
:10635c00114098003e4890000040e800304f9800f3
:10636c00be4890002e48900080cf500004003100b1
:10637c00be489000e0c3b30080cf5000ebff360066
:10638c003e4890008080fb0020d821000080400017
:10639c008040eb001140980030dc2100be4890009a
:1063ac00014878002e4890008080fb006e489000d9
:1063bc000080fb0000805000ee0090000080400048
:1063cc00600798009b0037007e4890000004e000b6
:1063dc0067003200f05a200000004700926f020064
:1063ec00010000000004e0000e003200204c2a00e6
:1063fc00d6fe020001000000f05a20000000470009
:10640c00d6fe020001000000c0472900d6fe0200a3
:10641c000100000040ea80000060a00040ea880013
:10642c0033003700f05a200000004700ae489000bf
:10643c001071020001000000005f98000e589000df
:10644c00e14f50001d003600b0488100c14881006a
:10645c000e5990008281fb0052552000020147002a
:10646c00809fbe00831f7800a04d2a00801f7800fb
:10647c0002007800a204020000000000e887570028
:10648c005055200000004700d6fe0200010000001d
:10649c00f05a200000004700d6fe02000100000068
:1064ac00c0472900d6fe02000100000040ea80002f
:1064bc000060a00040ea88000d0037006e009000dc
:1064cc006101b800b0488100c14881000200400061
:1064dc0083804800f25a2000020247000001be00ef
:1064ec00ae48900004007800fc6602000100000039
:1064fc0020c0b300005798002e489000e84f500081
:10650c000e003600f05a200000004700f0409000ca
:10651c0000c3b30080cf500008003a00f05a2000ae
:10652c00000047008048900010c3b30080cf50009b
:10653c0002003a000040eb00005798002e489000f3
:10654c008080fb006e4890000080fb0000805000b3
:10655c00800078000e5090000080fb00008040000e
:10656c00ee0090000080400060079800310037007a
:10657c000040eb00304f98000d0037003e48900073
:10658c000081fb003e4890000080fb00f15a200087
:10659c0081004700e140780020d821000000410034
:1065ac00114098003e4890000040e800304f9800a1
:1065bc00be4890002e48900080cf5000040031005f
:1065cc00be489000e0c3b30080cf5000ebff360014
:1065dc003e4890008080fb0020d8210000804000c5
:1065ec008040eb001140980030dc2100be48900048
:1065fc00014878002e4890008080fb006e48900087
:10660c000080fb0000805000ee00900000804000f5
:10661c0060079800070037000000000005003700f5
:10662c0000000000030037000000000001003700ec
:10663c0000000000210281004e009000808f50006d
:10664c000500360041ea8000000420000080600054
:10665c000000e0006ffe3200ee0090003102890075
:10666c000000eb00200289005004810063006000f0
:10667c00e20f500046003a003204810043048100ce
:10668c0000772100010020000201400083814800b6
:10669c00b0488100c1488100800f5100818f5900a2
:1066ac003b00310070502a00d6fe020001000000b1
:1066bc00f003810001048100c2072200124178001e
:1066cc008281fb00f25a200002014700809fbe002d
:1066dc00831f780030542a00801f78000200780055
:1066ec00a204020000000000e8875700f05a2000c6
:1066fc0000004700d6fe020001000000e00422006a
:10670c00d6fe020001000000320481004304810027
:10671c00b0488100c1488100f45a200004024700af
:10672c00829fbe00809fbe0050562a00801f7800ba
:10673c0004007800a204020000000000ea87570061
:10674c00f05a200000004700d6fe020001000000b5
:10675c00c00722008040eb00014878006000b800c0
:10676c00f0038900010489006000b800100489005e
:10677c002104890051048100c0ff2f0000806000bb
:10678c005004890040ea80000060a00040ea8800c4
:10679c0041ea800000042000008060000000e0005e
:1067ac000c00320000592a00d6fe02000100000045
:1067bc0040ea80000060a10040ea880040ea8000c6
:1067cc000040a10040ea8800101d2000d0988800ed
:1067dc00ee003700300281006101b800b048810042
:1067ec00c14881000200400083804800b048890005
:1067fc00c14889005202810063028100300281008d
:10680c008000eb00020040008380480050028900a9
:10681c0061028900b0488100c14881004206200015
:10682c000289b900020178006002b9008401780085
:10683c0003014100430620000300b80001014100a0
:10684c0082007800d2488100e348810048040200ad
:10685c0000000000100f9800210f98001e099000f6
:10686c00ae0990004006200001002000800f51006e
:10687c00818f5900040036004006200001002000e2
:10688c00100f9800210f98001049810051552000dd
:10689c0001014700801f78001e089000ae08900090
:1068ac00809fbe00805c2a00801f78000200780068
:1068bc00a204020000000000e88757005055200099
:1068cc0000004700d6fe020001000000d248810003
:1068dc00e348810000fa2000010020000201400082
:1068ec0083814800b0488100c1488100800f51006d
:1068fc00818f59001f00360041ea80000002200001
:10690c00008060000000e0001a003a0040ea8000bd
:10691c000040a00040ea88000000eb004002890023
:10692c00505220000000470001202000811f7800f9
:10693c00413e2a00811f7800a204020000000000e2
:10694c00e4875700970207005052200000004700d0
:10695c006302070000712200e0dd8800707881007e
:10696c008000780010c0b3000e8f02000100000000
:10697c007a003700b05d2a00d6fe0200010000004c
:10698c00f09122008040eb000148780041ea800041
:10699c0000ff2f000080600040ea88002028810062
:1069ac000090a1002028890030dc210010407800e4
:1069bc000004e0001e00320030dc210010407800a2
:1069cc008080fb0020d82100008040008040eb003c
:1069dc001140980030d82100926f02000100000095
:1069ec000004e0000400320040ea80000060a000d7
:1069fc0040ea88000b00370030dc210010407800a2
:106a0c008040780030d82100107102000100000095
:106a1c00e14f50000300360040ea80000060a00007
:106a2c0040ea880030dc21008040eb00014878000f
:106a3c0050028100610281000001be00d04881003b
:106a4c00e14881000002510081825900d248810046
:106a5c00e3488100500281006102810046ea800017
:106a6c004533de00614363000684fb0046ea800088
:106a7c004633de00614363008683fb00f65a200038
:106a8c0006034700849fbe00829fbe00809fbe000d
:106a9c00881f7800871f7800d05e2a00801f78003e
:106aac0006007800a204020000000000f2875700e4
:106abc00f05a200000004700d6fe02000100000042
:106acc0041ea800000042000008060000000e0002b
:106adc0005003a0041ea80000002200000806000be
:106aec000000e00006003a0060622a00d6fe0200b8
:106afc0001000000500020006004890017003700de
:106b0c0050642a00d6fe020001000000c86b02008f
:106b1c00010000000000e00006003200f0652a00d1
:106b2c00d6fe020001000000300020006004890045
:106b3c001600370020672a00d6fe02000100000074
:106b4c00500020006004890041ea800000ff2f0003
:106b5c000080600040ea88000c0037000b00370012
:106b6c0070682a00de01070001e2240010c0b300a7
:106b7c000e8f02000100000041ea800000ff2f0090
:106b8c000080600040ea880000000000d19880007e
:106b9c00101d2000808f50000b003200600481001b
:106bac00e10f500003003a00601d2000d0988800cf
:106bbc0005003700fb01070080d32900c80107003e
:106bcc00800c2000d098880080788100917881001a
:106bdc00603d8900713d8900108f220010407800c3
:106bec000004e0001d00320035288100d2488100ed
:106bfc00e3488100b0488100c1488100f45a20006c
:106c0c0004024700851f7800829fbe00809fbe0053
:106c1c00006a2a00801f780004007800a204020099
:106c2c0000000000ec875700f05a200000004700dd
:106c3c00d6fe020001000000108f22008040eb0005
:106c4c000148780040ea80000040a10040ea88003a
:106c5c00101d2000d098880062013700603d810033
:106c6c00713d8100e00f5000e08f58005c013a004c
:106c7c00d2488100e3488100b0488100c1488100be
:106c8c00f45a200004024700829fbe00809fbe0081
:106c9c00f06d2a00801f780004007800a204020026
:106cac0000000000ea875700f05a2000000047005f
:106cbc00d6fe02000100000040ea80000040a00067
:106ccc0040ea8800d053200000004700012020003b
:106cdc00811f7800413e2a00811f7800a204020027
:106cec0000000000e4875700ae010700d0532000dd
:106cfc00000047007a01070070788100800078005e
:106d0c0010c0b3000e8f02000100000080788100db
:106d1c0091788100603d8900713d89003101370017
:106d2c0041ea800000102000008060000000e000bc
:106d3c0082003a00c0072200104078000004e000f6
:106d4c004a003200d0488100e1488100e00f500039
:106d5c00e08f580045003200f803810009048100df
:106d6c00d0488100e1488100420620000300200049
:106d7c0048040200000000000001be0060f1220087
:106d8c00104078000080fb008000eb00009ab900f6
:106d9c0004027800028bb9008602780005024200da
:106dac000010b8000102420084007800800f5400eb
:106dbc00818f5c002d003600f203810003048100fa
:106dcc00007d200001002000800f5100818f5900b0
:106ddc0007003600f20381000304810000832f00ba
:106dec00f1ff2f00020040008380480001003700b3
:106dfc006000b8001004890021048900120481008d
:106e0c0023048100f003810001048100f45a200066
:106e1c0004024700829fbe00809fbe0010722a00b1
:106e2c00801f780004007800a2040200000000001b
:106e3c00ea875700f05a200000004700d6fe0200f7
:106e4c000100000040762a00d6fe0200010000007e
:106e5c00e0042200d6fe02000100000060482a0077
:106e6c00d6fe020001000000030037006000b800ed
:106e7c0010048900210489004a01070080d32900ed
:106e8c001701070070a12000e64a02000100000073
:106e9c00e0502200104078000004e0000e003200a8
:106eac00e05022006cfb0200010000000000e0003a
:106ebc000900320080782a00d6fe02000100000092
:106ecc000041eb0071a12000e05022009ed5020091
:106edc000000000009003700107a2a00d6fe0200dc
:106eec000100000070a12000d6fe0200010000008d
:106efc00c0472900d6fe02000100000000712200ec
:106f0c0001002000603d8900713d8900005327007d
:106f1c00e0dd880040ea80000080a00040ea8800a4
:106f2c00800c2000d0988800810c200010c0b30089
:106f3c000e8f020001000000aa003700603d8100a6
:106f4c00713d8100e00f5000e08f580004003a00c2
:106f5c0020598100610060000000e0000300320055
:106f6c00e0dd80000000e0000d003a0040ea800007
:106f7c000080a10040ea880041ea800000ff2f0059
:106f8c000080600040ea880006010700c03d8100d7
:106f9c000090a000c03d8900c01c2000d098880043
:106fac00411f200010c0b3000e8f02000100000032
:106fbc008c003700907b2a00d6fe020001000000f6
:106fcc00601d2000d098880000000000850037006c
:106fdc000000000083003700000000008100370033
:106fec00000000007f003700000000007d0037002b
:106ffc00000000007b003700000000007900370023
:10700c00000000007700370000000000750037001a
:10701c000000000073003700000000007100370012
:10702c00000000006f003700000000006d0037000a
:10703c00000000006b003700000000006900370002
:10704c0000000000670037000000000065003700fa
:10705c0000000000630037000000000061003700f2
:10706c00000000005f003700000000005d003700ea
:10707c00000000005b0037000000000059003700e2
:10708c0000000000570037000000000055003700da
:10709c0000000000530037000000000051003700d2
:1070ac00000000004f003700000000004d003700ca
:1070bc00000000004b0037000000000049003700c2
:1070cc0000000000470037000000000045003700ba
:1070dc0000000000430037000000000041003700b2
:1070ec00000000003f003700000000003d003700aa
:1070fc00000000003b0037000000000039003700a2
:10710c000000000037003700000000003500370099
:10711c000000000033003700000000003100370091
:10712c00000000002f003700000000002d00370089
:10713c00000000002b003700000000002900370081
:10714c000000000027003700000000002500370079
:10715c000000000023003700000000002100370071
:10716c00000000001f003700000000001d00370069
:10717c00000000001b003700000000001900370061
:10718c000000000017003700000000001500370059
:10719c000000000013003700000000001100370051
:1071ac00000000000f003700000000000d00370049
:1071bc00000000000b003700000000000900370041
:1071cc000000000007003700000000000500370039
:1071dc000000000003003700000000000100370031
:1071ec00000000004f04be000080fa000000060002
:1071fc000000fa0080002000c01c88009a23ef00d9
:10720c0020022000001d8800a223ef009960a80036
:10721c0099e3a8009b43a8009b83a8000080fa0078
:10722c00000006000000fa003081200010407800b9
:10723c000080fb00f11c800001417800418120009e
:10724c008270780030812000104078008040e80087
:10725c003081200001487800d01c80006200600062
:10726c000000e000040032009a23a90010498100bc
:10727c000000e80010498900d01c80006400600008
:10728c000000e000010032009a23a900d01c80000d
:10729c00680060000000e000010032009a63a90061
:1072ac000080fa00000006000200fa00000f7800cf
:1072bc001e0078000a000700420120009e007800a2
:1072cc00308f22004c06020000000000709022005b
:1072dc008040eb00014878000080fa0000000600b6
:1072ec000200fa00000f7800608020001040780047
:1072fc000004e00025003a001e00780010407800e1
:10730c000004e0001a003200000000000100370009
:10731c0000000000d11c80000010200000806000e4
:10732c000000e000fbff32001e00780010407800e7
:10733c000000fb00e01c88001e0078001040780064
:10734c0037d207001e0fe8001e00780010407800ae
:10735c000004e000eeff3a0000000000d11c8000a9
:10736c0000102000008060000000e000fbff3200f5
:10737c00308f22008040eb0001487800208f2200e3
:10738c008040eb000148780001003700000000004d
:10739c000080fa00000006000000fa000080fa00ed
:1073ac00000006000000fa00807b22008040eb0009
:1073bc0001487800c03d81000090a100c03d8900cb
:1073cc00c03d81000080a000c03d89000080fa0013
:1073dc00000006000200fa00004f780060be220098
:1073ec009040780000cd22001040780080cf5000f3
:1073fc000400390000cd2200104078000004e000a9
:10740c0002003a0010c0b300090037001e4078009b
:10741c000004e000050032003aff02000100000009
:10742c00a07d2a00d6fe0200010000000040eb0007
:10743c000080fa00000006000200fa00004f7800fd
:10744c00407b22001e487800a03d81000080a000f7
:10745c00a03d8900a03d81000090a100a03d8900c5
:10746c000080fa00000006000200fa00004f7800cd
:10747c00607b22001e487800b03d81000080a00097
:10748c00b03d8900b03d81000090a100b03d890065
:10749c000080fa00000006005600fa0085f1220078
:1074ac00a4f12200b3d5200012c0b300f1012000da
:1074bc0000cab3001eb802000100000085f12200d2
:1074cc00a4f12200c3d5200012c0b3000102200099
:1074dc0000cab3001eb802000100000085f12200b2
:1074ec00a4f12200d3d5200012c0b3001102200059
:1074fc0000cab3001eb802000100000085f1220092
:10750c00a4f12200e3d5200012c0b3002102200018
:10751c0000cab3001eb802000100000085f1220071
:10752c00a4f12200d3d6200012c0b30011412000d8
:10753c0000cab3001eb802000100000085f1220051
:10754c00a4f12200f3d5200012c0b30031022000b8
:10755c0000cab3001eb802000100000085f1220031
:10756c00a4f1220003d6200012c0b3005102200067
:10757c0000cab3001eb802000100000085f1220011
:10758c00a4f1220053d6200012c0b3009140200079
:10759c0000cab3001eb802000100000085f12200f1
:1075ac00a4f1220063d6200012c0b300a140200039
:1075bc0000cab3001eb802000100000085f12200d1
:1075cc00a4f1220073d6200012c0b300b1402000f9
:1075dc0000cab3001eb802000100000085f12200b1
:1075ec00a4f1220083d6200012c0b300c1402000b9
:1075fc0000cab3001eb802000100000085f1220091
:10760c00a4f1220013d6200012c0b3005140200078
:10761c0000cab3001eb802000100000085f1220070
:10762c00a4f1220023d6200012c0b3006140200038
:10763c0000cab3001eb802000100000085f1220050
:10764c00a4f1220033d6200012c0b30071402000f8
:10765c0000cab3001eb802000100000085f1220030
:10766c00a4f1220093d6200012c0b300d140200018
:10767c0000cab3001eb802000100000085f1220010
:10768c00a4f12200a3d6200012c0b300e1402000d8
:10769c0000cab3001eb802000100000085f12200f0
:1076ac00a4f12200b3d6200012c0b300f140200098
:1076bc0000cab3001eb802000100000085f12200d0
:1076cc00a4f12200c3d6200012c0b3000141200057
:1076dc0000cab3001eb802000100000085f12200b0
:1076ec00a4f1220043d6200012c0b3008140200038
:1076fc0000cab3001eb8020001000000f0004700f1
:10770c00e2892a0011000900b21878000040eb0051
:10771c0010479800130037001e4090000080fb00bb
:10772c0000004000000047000008900090407800e6
:10773c0040c6b30080cf5000070036001e409000ba
:10774c000080fb0000004000000047000008900093
:10775c00e1c0b300014878001e4090000040e800f2
:10776c00104798001e409000f14f5000eaff360081
:10777c0000d62000104078000004e0000400320025
:10778c0000d6200010407800ee4f50000300360069
:10779c0000d62000e1c0b300014878006200200050
:1077ac008000eb00e0b12200f204020000000000b7
:1077bc00a20120008000eb0040d72000f204020060
:1077cc0000000000f08020008040eb0001487800b1
:1077dc000040eb00004f7800040037001e4078009a
:1077ec004a720200000000001e4fe8001e407800a4
:1077fc00e34f5000f9ff360020c5b300304d0200b6
:10780c00010000000000eb004079890080f22200aa
:10781c0085f12200a4f122008001780022c0b3007f
:10782c00f12e200000cab3001eb8020001000000b7
:10783c000000eb0050798900a0f2220085f12200b3
:10784c00a4f122008001780022c0b300112f200087
:10785c0000cab3001eb80200010000000000eb00db
:10786c0060798900c0f2220085f12200a4f1220087
:10787c008001780022c0b300312f200000cab30071
:10788c001eb8020001000000407981000000e000f9
:10789c00040032004179810000e82300808f500001
:1078ac0002003600400d2300407989005079810098
:1078bc000000e000040032005179810040012500f5
:1078cc00808f500002003600006b23005079890035
:1078dc006179810000772100808f50000200360012
:1078ec00401f20006079890085f12200a4f122005c
:1078fc00e3f2220012c0b3004102200000cab30020
:10790c001eb8020001000000e0f2220010407800d6
:10791c00e44f500003003600e0f222008040eb0000
:10792c000148780085f12200a4f12200c3d722007f
:10793c0012c0b300c12e200000cab3001eb8020052
:10794c000100000085f12200a4f12200d3d722000f
:10795c0012c0b300d12e200000cab3001eb8020022
:10796c000100000000d6220085f12200a4f12200c3
:10797c008001780042c0b300112d200000cab30072
:10798c001eb802000100000040d6220085f1220042
:10799c00a4f122008001780042c0b300512d2000d8
:1079ac0000cab3001eb8020001000000c0d72200bc
:1079bc0010407800e14f400003003a00c0d722008d
:1079cc0041c6b30001487800d0d72200104078009f
:1079dc00e14f400003003a00d0d7220051c0b30061
:1079ec0001487800026b8100136b81000080eb0072
:1079fc008080eb00800f5100818f590004003a0009
:107a0c00c05d200001002000006b8900116b890013
:107a1c00226b8100336b81000080eb008080eb00d7
:107a2c00800f5100818f590004003a00c05d200086
:107a3c0001002000206b8900316b890085f1220048
:107a4c00a4f12200c3cc220012c0b300712f20007d
:107a5c0000cab3001eb802000100000085f122002c
:107a6c00a4f12200d3cc220012c0b300812f20003d
:107a7c0000cab3001eb802000100000085f122000c
:107a8c00a4f12200e3cc220012c0b300912f2000fd
:107a9c0000cab3001eb802000100000085f12200ec
:107aac00a4f12200f3cc220012c0b300a12f2000bd
:107abc0000cab3001eb8020001000000c0dc2000a8
:107acc0085f12200a4f122008001780022c0b300cd
:107adc00b101200000cab3001eb802000100000072
:107aec0000fe200085f12200a4f122008001780024
:107afc0042c1b3004100200000cab3001eb802000e
:107b0c000100000085f12200a4f12200f3d820002e
:107b1c0012c0b300b12e200000cab3001eb8020080
:107b2c000100000085f12200a4f1220003d92000fd
:107b3c0012c0b300e12e200000cab3001eb8020030
:107b4c0001000000a0cc220085f12200a4f122004b
:107b5c008001780022c0b300512f200000cab3006e
:107b6c001eb802000100000085f12200a4f12200e1
:107b7c0003cd220012c0b300b12f200000cab30005
:107b8c001eb802000100000000cd22001040780059
:107b9c00e14f400003003a0000cd220021c3b300a6
:107bac00014878006c00470085f12200a4f1220006
:107bbc008001780012c0b300d101200000cab300cc
:107bcc001eb80200010000004e489000e14f40003a
:107bdc0004003200ce489000c0c3b30080cf5000e8
:107bec0002003600a0c0b300404f98004e489000f1
:107bfc000080fb00b06a8800b16a8000c0032000de
:107c0c000088b90000007800b06a880085f1220075
:107c1c00a4f1220023d7200012c0b3003141200070
:107c2c0000cab3001eb802000100000085f122005a
:107c3c00a4f1220033d7200012c0b3004141200030
:107c4c0000cab3001eb802000100000020d72000bb
:107c5c0010407800f84f50000a003e0030d720004a
:107c6c0010407800f84f500006003e0030d720003e
:107c7c009040780020d720001040780080cf500032
:107c8c0006003e0020d72000a1c0b30001487800b8
:107c9c0030d7200001c1b3000148780085f12200e3
:107cac00a4f12200e3d8200012c0b300a1032000ed
:107cbc0000cab3001eb802000100000085f12200ca
:107ccc00a4f12200032b210012c0b300e103200019
:107cdc0000cab3001eb802000100000085f12200aa
:107cec00a4f12200132b210012c0b300f1032000d9
:107cfc0000cab3001eb80200010000008000eb00b7
:107d0c00907f2a00366302000000000085f12200fb
:107d1c00a4f12200b32e210012c0b30001382000c0
:107d2c0000cab3001eb802000100000085f1220059
:107d3c00a4f12200a32e210012c0b30011382000a0
:107d4c0000cab3001eb802000100000085f1220039
:107d5c00a4f12200c32e210012c0b3002138200050
:107d6c0000cab3001eb802000100000085f1220019
:107d7c00a4f12200d32e210012c0b3003138200010
:107d8c0000cab3001eb802000100000085f12200f9
:107d9c00a4f12200e32e210012c0b30041382000d0
:107dac0000cab3001eb802000100000085f12200d9
:107dbc00a4f12200f32e210012c0b3005138200090
:107dcc0000cab3001eb8020001000000102b2100f5
:107ddc009040780040c6b30080cf500003003600be
:107dec00102b2100c1c3b3000148780085f122009b
:107dfc00a4f12200732e210012c0b300c12f200069
:107e0c0000cab3001eb802000100000085f1220078
:107e1c00a4f12200832e210012c0b300d12f200028
:107e2c0000cab3001eb802000100000085f1220058
:107e3c00a4f12200932e210012c0b300e12f2000e8
:107e4c0000cab3001eb8020001000000702e210011
:107e5c0010407800e14f400003003a00702e2100e2
:107e6c0091c1b30001487800802e210010407800a9
:107e7c00e14f400003003a00802e2100d1c1b30035
:107e8c0001487800902e210010407800e14f40000e
:107e9c0003003a00902e2100d1c1b30001487800b4
:107eac00e0d82000104078000080fb0064006000e7
:107ebc000000e0000400320090fd200011c0b3006f
:107ecc00014878000300370090fd20008040eb0053
:107edc00014878000040220085f12200a4f1220024
:107eec008001780002c2b300414c200000cab300ec
:107efc001eb8020001000000f04122008040eb009f
:107f0c00014878000000eb00100798000e003700c5
:107f1c009e0090000040220000804000104078003d
:107f2c00e14f400005003a008000eb0000832a007e
:107f3c008665020000000000090037001e0090005a
:107f4c000000e800100798009e00900000402200fe
:107f5c0000804000104078000004e000ecff3a0084
:107f6c006d00470085f12200a4f122008001780009
:107f7c0022c0b300214c200000cab3001eb802007e
:107f8c0001000000de489000a0c5b30080cf500077
:107f9c0004003a00ee48900030ccb30080cf500083
:107fac001b003200002b210010407800804078002c
:107fbc000154a000002b21000148780085f122001b
:107fcc00a4f12200032b210012c0b300e103200016
:107fdc0000cab3000eb7020001000000a0c5b30038
:107fec00504f980030ccb300604f98006d004700a4
:107ffc0085f12200a4f122008001780022c0b30098
:10800c00214c200000cab3000eb702000100000092
:10801c00c0ff250051002000046d0200010000008b
:10802c002007980031079800c0ff2500510420005c
:10803c00046d0200010000004007980051079800f1
:10804c002e019000be01900000002f00f10f2000c7
:10805c00800f5100818f5900070032004e019000b3
:10806c00de01900000002f00f10f2000800f510066
:10807c00818f590007003a00a0832a00d6fe020027
:10808c000100000010c0b300106d020001000000e0
:10809c0016003700700147004e009000de00900083
:1080ac00809fbe00c0ff250051042000809fbe00b1
:1080bc002e009000be009000809fbe00c0ff2500e7
:1080cc0051002000809fbe0040862a00801f78004f
:1080dc0002007800a204020000000000f2875700a2
:1080ec0070004700d6fe0200010000000080fa007c
:1080fc00000006000400fa00000f78001107980039
:10810c00e20f20009e00900070a12000570707008e
:10811c0012c0b30071a120001e0078009ed5020091
:10812c00000000000080fa00000006000600fa00c3
:10813c00000f78001107980042479800e30f2000c9
:10814c004e4190009e00900070a120009d00070001
:10815c0012c0b30071a120001e0078009ed5020051
:10816c00000000000080fa00000006000200fa0087
:10817c00000f780070a120008c03070012c0b30020
:10818c0071a120001e0078009ed5020000000000a6
:10819c000080fa00000006000200fa00000f7800d0
:1081ac0070a12000be02070012c0b30071a1200014
:1081bc001e0078009ed50200000000000080fa002e
:1081cc00000006000200fa00000f78004036800024
:1081dc00700060000000e000040032001e00780017
:1081ec0001c3b30001487800030037001e0078007b
:1081fc0011c3b30001487800413680000002200012
:10820c00008060000000e000040032001e00e80066
:10821c0001c3b30001487800030037001e00e800da
:10822c0011c3b3000148780040368000680060003c
:10823c000000e000040032001e80e80001c3b3001f
:10824c0001487800030037001e80e80011c3b3001a
:10825c000148780040368000640060000000e000b7
:10826c00050032009e0078006380400001c3b3001b
:10827c0001487800040037009e00780063804000bd
:10828c0011c3b30001487800b03580006400600071
:10829c000000e000050032009e0078006480400081
:1082ac0001c3b30001487800040037009e00780039
:1082bc006480400011c3b300014878009e00780030
:1082cc00658040008040eb000148780050c0b3004e
:1082dc000080fa00000006000200fa00000f78008f
:1082ec00d133800000402000008060000000e000de
:1082fc00040032001e00780011c3b300014878005e
:10830c00030037001e00780001c3b3000148780059
:10831c00d133800000802000008060000000e0006d
:10832c00040032001e00e80011c3b30001487800bd
:10833c00030037001e00e80001c3b30001487800b9
:10834c00d133800000002100008060000000e000bc
:10835c00040032001e80e80011c3b300014878000d
:10836c00030037001e80e80001c3b3000148780009
:10837c00d133800000002200008060000000e0008b
:10838c00050032009e0078006380400011c3b300ea
:10839c0001487800040037009e007800638040009c
:1083ac0001c3b300014878009e007800648040004f
:1083bc008040eb000148780040c0b3000080fa0018
:1083cc00000006000c00fa00200798003107980006
:1083dc00024f9800530798000e4890000004e000ec
:1083ec003d00320061cc2b002e0090007afa020086
:1083fc0001000000000f7800420120008000eb001b
:10840c0000fe2000f20402000000000000fe20002c
:10841c0085f12200a4f122008001780042c1b30052
:10842c004100200000cab3001eb802000100000089
:10843c0040ff20008040eb00014878001e007800cf
:10844c00ae0090000080400001fe20007afa02008d
:10845c00010000001e0f40001e007800ae009000ce
:10846c000080400051cd2b007afa02000100000080
:10847c001e0f40001e007800ae00900000804000ef
:10848c00800078003e009000facc02000100000051
:10849c001e0f40001e007800ae00900000804000cf
:1084ac00e1cd2b007afa0200010000001e0f400003
:1084bc001e007800ae0090008080400040f2220048
:1084cc00104078000041eb00c8ce02000100000013
:1084dc001e0f40001c01370061ce2b002e009000b7
:1084ec007afa020001000000000f78001e007800ec
:1084fc00ae00900000804000800078003e009000ac
:10850c00facc0200010000001e0f40005e0090003b
:10851c007e0050009e0f50002d003400d08a2200a7
:10852c0010407800e34f50000f003a001e00780016
:10853c00ae00900000804000f1ce2b007afa0200d1
:10854c00010000001e0f40001e007800ae009000dd
:10855c0000804000318922007afa020001000000fc
:10856c001e0f40001a003700b08c2200104078001b
:10857c000004e0000f0032001e007800ae009000f6
:10858c0000804000f1ce2b007afa020001000000be
:10859c001e0f40001e007800ae00900000804000ce
:1085ac00118b22007afa0200010000001e0f40001d
:1085bc00070037001e007800ae00900000804000dd
:1085cc0031cf2b007afa0200010000001e0f400090
:1085dc005e009000690050009e0f50003000340087
:1085ec001e007800ae0090000080400081cf2b0070
:1085fc007afa0200010000001e0f400020de02008b
:10860c0001000000204798002e4090000080fb00e5
:10861c00e10f50000a003200e20f50000e00320051
:10862c000000e00012003a001e007800ae0090003e
:10863c0000804000e1c4b30001487800120037000c
:10864c001e007800ae0090000080400031c5b300e1
:10865c00014878000c0037001e007800ae00900036
:10866c0000804000f1c4b3000148780006003700d8
:10867c001e007800ae00900000804000f1c3b300f3
:10868c0001487800000000001e0fe8001e00780072
:10869c00ae009000008040008040eb000148780064
:1086ac005e009000690050009e0f500010003400d6
:1086bc001e007800ae00900000804000d1cf2b004f
:1086cc007afa0200010000001e0f40001e00780024
:1086dc00ae00900080804000f01f810000407800c8
:1086ec0032c0b300c8ce0200010000001e0f4000d3
:1086fc005e009000690050009e0f50001000340086
:10870c001e007800ae0090000080400021d02b00ad
:10871c007afa0200010000001e0f40001e007800d3
:10872c00ae009000808040003079810000407800dd
:10873c0032c0b300c8ce0200010000001e0f400082
:10874c005e009000690050009e0f50001000340035
:10875c001e007800ae0090000080400071d02b000d
:10876c007afa0200010000001e0f40001e00780083
:10877c00ae0090008080400060da2000104078004d
:10878c0022c0b300c8ce0200010000001e0f400042
:10879c00b16d800000022000008060000000e0004d
:1087ac00140032005e009000690050009e0f5000d3
:1087bc00100034001e007800ae00900000804000d5
:1087cc00c1d02b007afa0200010000001e0f4000fd
:1087dc001e007800ae00900080804000f0da20008f
:1087ec001040780022c0b300c8ce02000100000087
:1087fc001e0f40005e009000690050009e0f50005c
:10880c000d0034001e007800ae0090000080400087
:10881c0021d12b007afa0200010000001e0f40004b
:10882c001e007800ae0090000080400065fe07003e
:10883c000080fb001e0f40005e009000690050009d
:10884c009e0f50000d0034001e007800ae0090000a
:10885c000080400071d12b007afa02000100000068
:10886c001e0f40001e007800ae00900000804000fb
:10887c0099fe07000080fb001e0f40005e00900078
:10888c00690050009e0f5000100034001e0078004c
:10889c00ae00900000804000d1d12b007afa02008b
:1088ac00010000001e0f40001e007800ae0090007a
:1088bc008080400040f22200104078000041eb0024
:1088cc00c8ce0200010000001e0f40005e009000a8
:1088dc00690050009e0f50001b0034001e007800f1
:1088ec00ae0090000080400031d22b007afa0200da
:1088fc00010000001e0f4000f0d8200090407800ce
:10890c00a0c5b30080cf500008003a001e007800cc
:10891c00ae0090000080400091d22b007afa020049
:10892c00010000001e0f4000070037001e007800f9
:10893c00ae00900000804000b1d22b007afa020009
:10894c00010000001e0f40005e0090006900500006
:10895c009e0f5000100034001e007800ae009000f6
:10896c0000804000d1d22b007afa020001000000f6
:10897c001e0f40001e007800ae009000808040006a
:10898c0000d92000104078000041eb00c8ce020056
:10899c00010000001e0f40000e4890000004e00093
:1089ac0050003a005e009000660050009e0f500090
:1089bc004c0034001e007800ae0090000080400097
:1089cc0031d32b007afa0200010000001e0f400088
:1089dc001e007800ae009000808040003005210021
:1089ec00104078000041eb00c8ce020001000000ee
:1089fc001e0f40005e009000690050009e0f50005a
:108a0c00100034001e007800ae0090000080400082
:108a1c0081d32b007afa0200010000001e0f4000e7
:108a2c001e007800ae0090008080400050be2200f6
:108a3c00104078000041eb00c8ce0200010000009d
:108a4c001e0f40005e009000690050009e0f500009
:108a5c00100034001e007800ae0090000080400032
:108a6c00d1d32b007afa0200010000001e0f400047
:108a7c001e007800ae0090008080400070be220086
:108a8c00104078000041eb00c8ce0200010000004d
:108a9c001e0f40005e009000690050009e0f5000b9
:108aac00100034001e007800ae00900000804000e2
:108abc0031d42b007afa0200010000001e0f400096
:108acc001e007800ae0090008080400050da20003c
:108adc00104078000041eb00c8ce020001000000fd
:108aec001e0f40005e009000690050009e0f500069
:108afc00130034001e007800ae009000008040008f
:108b0c0081d42b007afa0200010000001e0f4000f5
:108b1c001e007800ae0090000080400041da20007a
:108b2c0091407800014878001e0fe8001e00780084
:108b3c00ae009000008040008040eb0001487800bf
:108b4c005e0090006b0050009e0f50000e00340031
:108b5c001e007800ae00900000804000d1d42b00a5
:108b6c007afa0200010000001e0f40001e0078007f
:108b7c00ae00900080804000a0978000facc0200ec
:108b8c00010000001e0f40000080fa0000000600eb
:108b9c000000fa00106d8000630a20000041eb0019
:108bac0080007800f0b3200006fe0700f0b3200030
:108bbc00d6fe02000100000020d52b00d6fe0200dc
:108bcc0001000000f0b320008040eb000148780069
:108bdc000080fa00000006000600fa00100798005a
:108bec0041479800116d80001e00900000806000cd
:108bfc000000e00003003a000040eb00004f78005a
:108c0c000b003700116d80001e0090000080ea0000
:108c1c0000806000106d880010c0b300004f780019
:108c2c004e4090000004e00001003200d8ff070025
:108c3c001e4078000080fa00000006000600fa00d2
:108c4c001007980041479800116d80001e0090009d
:108c5c00808060001e009000808f500003003a005e
:108c6c000040eb00004f78000a003700116d8000c7
:108c7c001e00900001007000106d880010c0b30041
:108c8c00004f78004e4090000004e00001003200dc
:108c9c00bfff07001e4078000080fa0000000600ad
:108cac003a00fa00889fbe008a9fbe008c9fbe00cf
:108cbc00000f9800402e2100104078008082fb00ad
:108ccc00302e2100104078000082fb00202e210065
:108cdc00104078008081fb00a02c2100104078000f
:108cec000081fb00902c2100104078008080fb005c
:108cfc00802c2100104078000080fb00851f78003c
:108d0c00841f7800831f7800821f7800811f7800f1
:108d1c00801f780040d52b00801f7800f1002000c8
:108d2c000e0078008804020000000000ee87570057
:108d3c000040eb00704f9800e004210010407800d8
:108d4c008005fb0010052100104078008006fb0018
:108d5c0070052100104078000000fb00100f9800f7
:108d6c0060052100104078000000fb00200f9800e7
:108d7c00a0052100104078000000fb00300f980087
:108d8c0090052100104078000000fb00400f980077
:108d9c0001978000510f9800f1968000610f9800a8
:108dac00e1968000710f98003196800001179800b1
:108dbc0021968000111798001196800021179800b9
:108dcc00d1968000311798000196800041179800c9
:108ddc00c196800051179800f1958000611798009a
:108dec00b196800071179800e1958000011f9800e2
:108dfc0090be2200104078000080fb00101f9800ed
:108e0c0080be2200104078000080fb00201f9800dc
:108e1c0050be2200104078000080fb00301f9800ec
:108e2c0040be2200104078000080fb00401f9800dc
:108e3c0010892200104078000086fb000089220077
:108e4c00104078000085fb0099968000c895800042
:108e5c0087968000b695800062968000739680009d
:108e6c0090958000a1958000a5968000d4958000f7
:108e7c008b1f78008d1f78009e0d90008b1f780043
:108e8c00ae0d90008b1f7800be0d90008b1f7800ec
:108e9c00ce0d90008b1f7800de0d90008b1f78009c
:108eac00ee0d90008b1f7800fe0d90008b1f78004c
:108ebc008e1590008b1f78009e1590008b1f7800ec
:108ecc00ae1590008b1f7800be1590008b1f78009c
:108edc00ce1590008b1f7800de1590008b1f78004c
:108eec00ee1590008b1f7800fe1590008b1f7800fc
:108efc008e1d90008b1f78009e1d90008b1f78009c
:108f0c00ae1d90008b1f7800be1d90008b1f78004b
:108f1c00ce1d90008b1f78008c1f78008a1f780064
:108f2c00891f7800881f7800871f7800861f7800bb
:108f3c00829fbe00809fbe00851f7800841f780032
:108f4c0060d62b00801f7800010a20000e089000cc
:108f5c0088040200000000006f04b1000e089000ad
:108f6c00000ab0008040eb00014878000e08900029
:108f7c00f20502000000000080007800300920009b
:108f8c00808f500004003e008e0078000e08900088
:108f9c00ba050200000000004f06be004f05be00df
:108fac004f04be000080fa00000006001000fa001a
:108fbc0070079800f1e02b007e0090007afa020016
:108fcc0001000000000f78001e007800fe009000e9
:108fdc0080804000c0778100facc020001000000c4
:108fec001e0f40001e007800fe0090000080400024
:108ffc00b1e12b007afa0200010000001e0f4000c4
:10900c001e007800fe00900080804000d077810028
:10901c00facc0200010000001e0f40001e00780078
:10902c00fe0090000080400021e22b007afa020042
:10903c00010000001e0f40001e007800fe00900092
:10904c00008040008000780040ce2000facc020066
:10905c00010000001e0f40001e007800fe00900072
:10906c000080400091e22b007afa0200010000001f
:10907c001e0f40001e007800fe0090008080400013
:10908c00f0778100facc0200010000001e0f4000b6
:10909c001e007800fe00900000804000f1e22b00e2
:1090ac007afa0200010000001e0f40001e0078003a
:1090bc00fe0090008080400010788100facc020005
:1090cc00010000001e0f40001e007800fe00900002
:1090dc000080400051e32b007afa020001000000ee
:1090ec001e0f40001e007800fe00900080804000a3
:1090fc0000788100facc0200010000001e0f400035
:10910c001e007800fe00900000804000b1e32b00b0
:10911c007afa0200010000001e0f40001e007800c9
:10912c00fe0090000080400021e42b007afa02003f
:10913c00010000001e0f40001e007800fe00900091
:10914c008080400020788100facc020001000000f1
:10915c001e0f400060f0220010407800e14f5000dc
:10916c0008003a001e007800fe00900000804000cd
:10917c0081e42b007afa0200010000001e0f40006f
:10918c00070037001e007800fe00900000804000b1
:10919c00e1e42b007afa0200010000001e0f4000ef
:1091ac00d0338000640060000000e0000800320052
:1091bc001e007800fe00900000804000b1d22b0011
:1091cc007afa0200010000001e0f40000700370071
:1091dc001e007800fe0090000080400091d22b0011
:1091ec007afa0200010000001e0f4000d03380000c
:1091fc00680060000000e000080032001e007800eb
:10920c00fe00900000804000b1d22b007afa0200e0
:10921c00010000001e0f4000070037001e00780000
:10922c00fe0090000080400091d22b007afa0200e0
:10923c00010000001e0f40001e007800fe00900090
:10924c000080400041e52b007afa0200010000008a
:10925c001e0f4000b17080000e80e800811f780066
:10926c00c1e52b00811f7800bc0402000000000047
:10927c00e48757001e007800fe009000008040003c
:10928c008e80e8007afa0200010000001e0f4000f8
:10929c001e007800fe00900000804000f1e52b00dd
:1092ac007afa0200010000001e0f40001e00780038
:1092bc00fe0090008080400040798100facc0200d2
:1092cc00010000001e0f40001e007800fe00900000
:1092dc000080400051e62b007afa020001000000e9
:1092ec001e0f40001e007800fe00900080804000a1
:1092fc0050798100facc0200010000001e0f4000e2
:10930c001e007800fe00900000804000b1e62b00ab
:10931c007afa0200010000001e0f40001e007800c7
:10932c00fe0090008080400060798100facc020041
:10933c00010000001e0f40001e007800fe0090008f
:10934c000080400021e72b007afa020001000000a7
:10935c001e0f40001e007800fe0090008080400030
:10936c00e0f222001040780012c0b300c8ce020018
:10937c00010000001e0f4000000920009e00780034
:10938c00808f500027003c001e007800fe009000eb
:10939c000080400071e72b007afa02000100000007
:1093ac001e0f40001e007800fe00900080804000e0
:1093bc0030d720001040780022c0b300c8ce020085
:1093cc00010000001e0f40001e007800fe009000ff
:1093dc000080400001e82b007afa02000100000036
:1093ec001e0f40001e007800fe00900080804000a0
:1093fc0020d720001040780022c0b300c8ce020055
:10940c00010000001e0f40001e007800fe009000be
:10941c000080400071e82b007afa02000100000085
:10942c001e0f40000080fa00000006000000fa0049
:10943c00f0b32000ddfe0700f0b32000d6fe0200e2
:10944c000100000020d52b00d6fe02000100000018
:10945c00f0b320008040eb00014878000080fa0057
:10946c00000006000400fa0010079800a1e82b0089
:10947c001e0090007afa020001000000000f780034
:10948c001e0078009e0090000080400041e92b00f7
:10949c007afa0200010000001e0f40004201200079
:1094ac008000eb0000fe2000f2040200000000002f
:1094bc0000fe200085f12200a4f12200800178003a
:1094cc0042c1b3004100200000cab3001eb8020024
:1094dc000100000040ff20008040eb0001487800b4
:1094ec001e0078009e0090000080400001fe2000cd
:1094fc007afa0200010000001e0f40006004810097
:10950c00e40f50000c003200e50f50001200320046
:10951c00e30f500018003a001e0078009e009000e7
:10952c0000804000a1e92b007afa02000100000043
:10953c001e0f40001a0037001e0078009e0090009d
:10954c000080400031ea2b007afa02000100000092
:10955c001e0f4000120037001e0078009e00900085
:10956c000080400031ea2b007afa02000100000072
:10957c001e0f40000a0037001e0078009e0090006d
:10958c0080804000600481000040780022c0b3005d
:10959c00c8ce0200010000001e0f400000000000b9
:1095ac001e0fe8001e0078009e0090000080400016
:1095bc008040eb00014878000080fa0000000600b3
:1095cc000800fa0030079800a1e82b003e0090003c
:1095dc007afa020001000000000f78001e007800eb
:1095ec00be0090000080400041e92b007afa020096
:1095fc00010000001e0f4000420120008000eb0023
:10960c0000fe2000f20402000000000000fe20001a
:10961c0085f12200a4f122008001780042c1b30040
:10962c004100200000cab3001eb802000100000077
:10963c0040ff20008040eb00014878001e007800bd
:10964c00be0090000080400001fe20007afa02006b
:10965c00010000001e0f40001e007800be009000ac
:10966c0000804000a1ea2b007afa02000100000001
:10967c001e0f40001e007800be009000808040004d
:10968c0030288100facc0200010000001e0f4000bf
:10969c001e007800be0090000080400021eb2b00e3
:1096ac007afa0200010000001e0f40001e00780034
:1096bc00be00900080804000a0788100facc0200af
:1096cc00010000001e0f40001e007800be0090003c
:1096dc000080400041eb2b007afa020001000000f0
:1096ec001e0f40005028810061288100e00f5000bf
:1096fc00e08f580025003200b0488100c14881003d
:10970c00420620000289b900020178006002b9000b
:10971c008401780003014100430620000300b800d7
:10972c0001014100820078005228810063288100e9
:10973c004804020000000000100798002107980060
:10974c001e019000ae019000400620000100200098
:10975c00800f5100818f5900040036004006200014
:10976c000100200010079800210798001e007800c7
:10977c00be009000808040001e009000facc0200d9
:10978c00010000001e0f4000080037001e0078008a
:10979c00be00900000804000800078000000eb00cc
:1097ac00facc0200010000001e0f40001e007800e1
:1097bc00be00900000804000a1eb2b007afa020062
:1097cc00010000001e0f40001e0fe8001e00780074
:1097dc00be009000008040008040eb000148780003
:1097ec000080fa00000006000400fa001007980040
:1097fc00c1eb2b001e0090007afa02000100000061
:10980c00000f78002128810000802000008060007b
:10981c000000e000080032001e0078009e0090005e
:10982c000080400051ec2b007afa0200010000008d
:10983c001e0f4000070037001e0078009e009000ad
:10984c0000804000b1ec2b007afa0200010000000d
:10985c001e0f4000202881004c00de006740600095
:10986c000080fb00e30f50001e003200e30f50009d
:10987c0005003c00e10f50000a003200e20f5000de
:10988c001000320037003700e50f50002500320081
:10989c00e50f50001b003500e60f50002900320088
:1098ac00300037001e0078009e00900000804000c1
:1098bc0001ed2b007afa0200010000001e0f40009f
:1098cc00280037001e0078009e00900000804000a9
:1098dc0081ed2b007afa0200010000001e0f4000ff
:1098ec00200037001e0078009e0090000080400091
:1098fc0061ee2b007afa0200010000001e0f4000fe
:10990c00180037001e0078009e0090000080400078
:10991c0031ef2b007afa0200010000001e0f40000c
:10992c00100037001e0078009e0090000080400060
:10993c0021f02b007afa0200010000001e0f4000fb
:10994c00080037001e0078009e0090000080400048
:10995c0011f12b007afa0200010000001e0f4000ea
:10996c00000000001e0078009e0090000080400067
:10997c00e1f12b007afa0200010000001e0f4000fa
:10998c001e0078009e0090008080400040288100de
:10999c00facc0200010000001e0f40001e007800ef
:1099ac009e0090000080400001f22b007afa020029
:1099bc00010000001e0f40001e0078009e00900069
:1099cc0000804000414222007afa020001000000af
:1099dc001e0f40001e0078009e009000008040008a
:1099ec00414622007afa0200010000001e0f4000de
:1099fc00102181000000e0000e0032001e007800f3
:109a0c009e00900000804000e1f22b007afa0200e8
:109a1c00010000001e0f40001e0078009e00900008
:109a2c008080400010218100facc0200010000006f
:109a3c001e0f40001e0fe8001e0078009e009000d4
:109a4c00008040008040eb00014878000080fa0064
:109a5c00000006000200fa00004f780040da2000f7
:109a6c00104078009e4f50000300320040da200076
:109a7c001e48780046fc07000080fa000000060033
:109a8c000400fa0020479800ae40900060da2000f5
:109a9c0001487800ae40900030c6b30080cf500033
:109aac0002003a000040eb0020479800b06d8000a7
:109abc006f4060008080fb0060da20000080400076
:109acc00ae40900011409800b06d80006f40600077
:109adc000040e8006f4060000080fb006f006000f9
:109aec00b26d800001ff2f00810061000100700049
:109afc00b06d8800b06d80006f4060000080fb008e
:109b0c00e70f500005003c00b16d80000002200002
:109b1c00008060000000e0005a003200f0da200003
:109b2c008040eb00014878000040eb00004f7800cb
:109b3c000b003700f0da2000904078001e80fb000c
:109b4c006401400020da2000000041001040900029
:109b5c0080c04000f0da2000014878001e4fe80079
:109b6c001e407800e74f5000f2ff3600f0da20007c
:109b7c00104078000080fb004300de00804078003d
:109b8c00f0da200001487800b06d80006f40600072
:109b9c000080fb00e70f500007003400b16d80001f
:109bac0000ff2f0000806000b06d8800b06d800059
:109bbc000050a000b06d8800b16d80000002200044
:109bcc00008060000000e0002e003200f0da20007f
:109bdc0010407800e84f500004003600f0da200006
:109bec0010407800ff4f50000c003600b16d800023
:109bfc0000042000008060000000e0000300320040
:109c0c008040eb00100020000cfc0700b06d8000c1
:109c1c000060a000b06d88001a003700f0da200058
:109c2c009040780030c6b30080cf500007003a0057
:109c3c008040eb001000200000fc070000f32b001c
:109c4c00d6fe0200010000000e003700f0da200002
:109c5c0010407800ee4f500007003600f0da20007c
:109c6c0010407800ff4f500003003e008040eb0096
:109c7c0010002000d8fb0700b06d80000060a10030
:109c8c00b06d880060da200010407800e54f50007d
:109c9c001b00340060da20009040780020c6b3002e
:109cac0080cf500016003c00b06d8000700060004a
:109cbc000000e00012003a00e08020001040780024
:109ccc000004e0000e003a00b06d80000040a000df
:109cdc00b06d8800e080200031c8b30001487800e6
:109cec000081200041c0b300014878003aff020017
:109cfc000100000060f52b00d6fe02000100000000
:109d0c000080fa00000006000200fa00004f780004
:109d1c0000db20001e48780050da2000104078004c
:109d2c00e44f500006003a0000db20009040780021
:109d3c00a02e21001040780080cf50000a00310086
:109d4c0050da200010407800e34f50000d003a002c
:109d5c0000db200090407800b02e210010407800ed
:109d6c0080cf50000700390050da200010407800f6
:109d7c00e44f500003003a00b06d80000070a0006a
:109d8c00b06d88000080fa00000006000200fa00a6
:109d9c00004f780020db20001e487800102f210097
:109dac001e48780050da200010407800e44f500034
:109dbc0009003a0020db200090407800c02e2100e2
:109dcc001040780080cf500003003100b06d80004f
:109ddc000070a000b06d88000080fa000000060042
:109dec000200fa00004f780010db20001e487800bb
:109dfc00202f21001e48780050da200010407800f7
:109e0c00e44f500009003a0010db2000904078002d
:109e1c00d02e21001040780080cf5000030031007c
:109e2c00b06d80000070a000b06d88000080fa005a
:109e3c00000006000200fa00004f780040db200012
:109e4c001e487800202f21001e4878000080fa0060
:109e5c00000006000200fa00004f780030db200002
:109e6c001e4878000080fa00000006001400fa007a
:109e7c0070079800010f9800120f980051f62b00f4
:109e8c007e0090007afa020001000000000f7800ba
:109e9c001e007800fe0090000080400080007800da
:109eac000e089000facc0200010000001e0f4000ca
:109ebc001e007800fe00900000804000e1f22b00b4
:109ecc007afa0200010000001e0f40001e089000ec
:109edc007e0050009e0f50001f003400d08a2200dc
:109eec0010407800e34f500008003a001e00780044
:109efc00fe00900000804000318922007afa0200b6
:109f0c00010000001e0f400013003700b08c22002f
:109f1c00104078000004e000080032001e007800b9
:109f2c00fe00900000804000118b22007afa0200a3
:109f3c00010000001e0f4000070037001e007800d3
:109f4c00fe00900000804000c1f62b007afa02005f
:109f5c00010000001e0f40001e0890006900500018
:109f6c009e0f5000300034001e007800fe00900060
:109f7c0000804000e1f22b007afa020001000000a0
:109f8c001e0f400020de0200010000002047980058
:109f9c002e4090000000fb00e10f50000a00320040
:109fac00e20f50000e0032000000e00012003a00f8
:109fbc001e007800fe00900000804000e1c4b30059
:109fcc0001487800120037001e007800fe00900057
:109fdc000080400031c5b300014878000c00370008
:109fec001e007800fe00900000804000f1c4b30019
:109ffc0001487800060037001e007800fe00900033
:10a00c0000804000f1c3b30001487800000000005c
:10a01c001e0fe8001e007800fe009000008040003b
:10a02c008040eb00014878001e0890006900500049
:10a03c009e0f5000100034001e007800fe009000af
:10a04c0000804000e1f22b007afa020001000000cf
:10a05c001e0f40001e007800fe0090008080400023
:10a06c00f01f81000040780032c0b300c8ce02005f
:10a07c00010000001e0f40001e08900069005000f7
:10a08c009e0f5000100034001e007800fe0090005f
:10a09c0000804000e1f22b007afa0200010000007f
:10a0ac001e0f40001e007800fe00900080804000d3
:10a0bc00307981000040780032c0b300c8ce020075
:10a0cc00010000001e0f40001e08900069005000a7
:10a0dc009e0f5000100034001e007800fe0090000f
:10a0ec0000804000e1f22b007afa0200010000002f
:10a0fc001e0f40001e007800fe0090008080400083
:10a10c0060da20001040780022c0b300c8ce0200f4
:10a11c00010000001e0f4000b16d80000002200005
:10a12c00008060000000e000150032001e08900066
:10a13c00690050009e0f5000110034001e00780082
:10a14c00fe00900000804000e1f22b007afa020041
:10a15c00010000001e0f40001e007800fe00900061
:10a16c0080804000f0da20001040780022c0b3005c
:10a17c00c8ce0200010000001e0f4000070037008f
:10a18c001e007800fe00900000804000e1f62b00dd
:10a19c007afa0200010000001e0f40001e08900019
:10a1ac00690050009e0f50000d0034001e00780016
:10a1bc00fe00900000804000e1f22b007afa0200d1
:10a1cc00010000001e0f40001e007800fe009000f1
:10a1dc0000804000fbf707000080fb001e0f4000d2
:10a1ec001e089000690050009e0f50000d003400b6
:10a1fc001e007800fe00900000804000e1f22b0071
:10a20c007afa0200010000001e0f40001e007800c8
:10a21c00fe009000008040002ff807000080fb003b
:10a22c001e0f40001e089000690050009e0f500049
:10a23c00100034001e007800fe00900000804000ea
:10a24c00e1f22b007afa0200010000001e0f400020
:10a25c001e007800fe0090008080400040f222003a
:10a26c00104078000041eb00c8ce02000100000055
:10a27c001e0f40001e089000690050009e0f5000f9
:10a28c001b0034001e007800fe009000008040008f
:10a29c00e1f22b007afa0200010000001e0f4000d0
:10a2ac00f0d8200090407800a0c5b30080cf5000bb
:10a2bc0008003a001e007800fe009000008040006c
:10a2cc0091d22b007afa0200010000001e0f400010
:10a2dc00070037001e007800fe0090000080400050
:10a2ec00b1d22b007afa0200010000001e0f4000d0
:10a2fc001e089000690050009e0f500010003400a2
:10a30c001e007800fe00900000804000e1f22b005f
:10a31c007afa0200010000001e0f40001e007800b7
:10a32c00fe0090008080400000d920001040780092
:10a33c000041eb00c8ce0200010000001e0f4000df
:10a34c001e007800fe00900000804000e1f22b001f
:10a35c007afa0200010000001e0f40001e00780077
:10a36c00fe009000808040003005210010407800f5
:10a37c000041eb00c8ce0200010000001e0f40009f
:10a38c001e089000690050009e0f50001000340011
:10a39c001e007800fe00900000804000e1f22b00cf
:10a3ac007afa0200010000001e0f40001e00780027
:10a3bc00fe0090008080400050be220010407800cb
:10a3cc000041eb00c8ce0200010000001e0f40004f
:10a3dc001e089000690050009e0f500010003400c1
:10a3ec001e007800fe00900000804000e1f22b007f
:10a3fc007afa0200010000001e0f40001e007800d7
:10a40c00fe0090008080400070be2200104078005a
:10a41c000041eb00c8ce0200010000001e0f4000fe
:10a42c001e089000690050009e0f50001000340070
:10a43c001e007800fe00900000804000e1f22b002e
:10a44c007afa0200010000001e0f40001e00780086
:10a45c00fe0090008080400050da20001040780010
:10a46c000041eb00c8ce0200010000001e0f4000ae
:10a47c001e089000690050009e0f5000130034001d
:10a48c001e007800fe00900000804000e1f22b00de
:10a49c007afa0200010000001e0f40001e00780036
:10a4ac00fe0090000080400041da200091407800ce
:10a4bc00014878001e0fe8001e007800fe00900096
:10a4cc00008040008040eb00014878001e0890009e
:10a4dc006b0050009e0f50000e0034001e007800e0
:10a4ec00fe00900000804000e1f22b007afa02009e
:10a4fc00010000001e0f40001e007800fe009000be
:10a50c0080804000a0978000facc0200010000007f
:10a51c001e0f40001e0890006a0050009e0f500055
:10a52c004c0135001e007800fe00900000804000b9
:10a53c00e1f22b007afa0200010000001e0f40002d
:10a54c001e007800fe00900080804000c0778100e3
:10a55c00facc0200010000001e0f40001e08900003
:10a56c006a0050009e0f50003c0135001e00780020
:10a57c00fe00900000804000e1f22b007afa02000d
:10a58c00010000001e0f40001e007800fe0090002d
:10a59c0080804000d0778100facc020001000000de
:10a5ac001e0f40001e0890006a0050009e0f5000c5
:10a5bc002c0135001e007800fe0090000080400049
:10a5cc00e1f22b007afa0200010000001e0f40009d
:10a5dc001e007800fe009000008040008000780093
:10a5ec0040ce2000facc0200010000001e0f4000fb
:10a5fc001e0890006a0050009e0f50001b01350091
:10a60c001e007800fe00900000804000e1f22b005c
:10a61c007afa0200010000001e0f40001e007800b4
:10a62c00fe00900080804000f0778100facc0200a0
:10a63c00010000001e0f40001e0890006a00500030
:10a64c009e0f50000b0135001e007800fe0090009c
:10a65c0000804000e1f22b007afa020001000000b9
:10a66c001e0f40001e007800fe009000808040000d
:10a67c0010788100facc0200010000001e0f40008f
:10a68c001e0890006a0050009e0f5000fb00350021
:10a69c001e007800fe00900000804000e1f22b00cc
:10a6ac007afa0200010000001e0f40001e00780024
:10a6bc00fe0090008080400000788100facc0200ff
:10a6cc00010000001e0f40001e0890006a005000a0
:10a6dc009e0f5000eb0035001e007800fe0090002d
:10a6ec0000804000e1f62b007afa02000100000025
:10a6fc001e0f40001e007800fe00900000804000fd
:10a70c00e1f22b007afa0200010000001e0f40005b
:10a71c001e007800fe0090008080400020788100b0
:10a72c00facc0200010000001e0f40001e08900031
:10a73c006a0050009e0f5000d400350060f02200db
:10a74c0010407800e14f500008003a001e007800dd
:10a75c00fe0090000080400011f72b007afa0200f6
:10a76c00010000001e0f4000070037001e0078009b
:10a77c00fe00900000804000e1f62b007afa020007
:10a78c00010000001e0f4000d03380006400600008
:10a79c000000e000080032001e007800fe0090006f
:10a7ac0000804000b1d22b007afa020001000000b8
:10a7bc001e0f4000070037001e007800fe009000be
:10a7cc000080400091d22b007afa020001000000b8
:10a7dc001e0f4000d0338000680060000000e000d5
:10a7ec00080032001e007800fe009000008040003f
:10a7fc00b1d22b007afa0200010000001e0f4000bb
:10a80c00070037001e007800fe009000008040001a
:10a81c0091d22b007afa0200010000001e0f4000ba
:10a82c001e0890006a0050009e0f500099003500e1
:10a83c001e007800fe00900000804000e1f22b002a
:10a84c007afa0200010000001e0f4000b170800077
:10a85c000e80e800811f7800c1e52b00811f780075
:10a86c00bc04020000000000e48757001e007800c2
:10a87c00fe009000008040008e80e8007afa020012
:10a88c00010000001e0f40001e0890006a005000de
:10a89c009e0f5000810035001e007800fe009000d5
:10a8ac0000804000e1f22b007afa02000100000067
:10a8bc001e0f40001e007800fe00900080804000bb
:10a8cc0040798100facc0200010000001e0f40000c
:10a8dc001e0890006a0050009e0f50007100350059
:10a8ec001e007800fe00900000804000e1f22b007a
:10a8fc007afa0200010000001e0f40001e007800d2
:10a90c00fe0090008080400050798100facc02005b
:10a91c00010000001e0f40001e0890006a0050004d
:10a92c009e0f5000610035001e007800fe00900064
:10a93c0000804000e1f22b007afa020001000000d6
:10a94c001e0f40001e007800fe009000808040002a
:10a95c0060798100facc0200010000001e0f40005b
:10a96c001e0890006a0050009e0f500051003500e8
:10a97c001e007800fe00900000804000e1f22b00e9
:10a98c007afa0200010000001e0f40001e00780041
:10a99c00fe00900080804000e0f222001040780021
:10a9ac0012c0b300c8ce0200010000001e0f400010
:10a9bc001e0890006a0050009e0f50003f003500aa
:10a9cc001e007800fe00900000804000e1f22b0099
:10a9dc007afa0200010000001e0f40001e007800f1
:10a9ec00fe0090008080400030d72000104078009e
:10a9fc0022c0b300c8ce0200010000001e0f4000b0
:10aa0c001e0890006a0050009e0f50002d0035006b
:10aa1c001e007800fe00900000804000e1f22b0048
:10aa2c007afa0200010000001e0f40001e007800a0
:10aa3c00fe0090008080400020d72000104078005d
:10aa4c0022c0b300c8ce0200010000001e0f40005f
:10aa5c001d003700000000001b0037000000000044
:10aa6c00190037000000000017003700000000003c
:10aa7c001500370000000000130037000000000034
:10aa8c0011003700000000000f003700000000002c
:10aa9c000d003700000000000b0037000000000024
:10aaac00090037000000000007003700000000001c
:10aabc000500370000000000030037000000000014
:10aacc0001003700000000000080fa0000000600c2
:10aadc000600fa0010079800210798000040eb00d0
:10aaec00004f78001e0090009040780040c2b300e8
:10aafc0080cf500003003a0010c0b30010479800fc
:10ab0c000c0037000040eb0010479800090037009c
:10ab1c001e4090000080fb009e00900000804000d2
:10ab2c00104078001e4f68001e4090000040e80066
:10ab3c00104798001e4090000080fb009e00900083
:10ab4c0000804000104078000004e0000800320053
:10ab5c001e4090000080fb009e0090000080400092
:10ab6c0090407800a0c2b30080cf5000e8ff3a00bc
:10ab7c002e0090000000e0000f0032001e409000fc
:10ab8c000080fb009e009000008040009040780008
:10ab9c00a0c2b30080cf500004003a002e009000f9
:10abac009e40900001487800030037002e00900072
:10abbc008040eb00014878001e4078000080fa00cd
:10abcc00000006000800fa00300798000040eb0077
:10abdc00004f780065004700800078003e00900030
:10abec00bbff0700104798005e4090000004e00097
:10abfc00230032000e80e800800078001e40900098
:10ac0c004ed00200010000000040eb0040479800cd
:10ac1c005e4090000040e800504798002e409000a5
:10ac2c008000fb005e4090000080fb003e01900025
:10ac3c0000004100104078000080fb00808f500025
:10ac4c000f003a005e4090000040e800504798002a
:10ac5c003e4090008000fb005e4090000080fb00b6
:10ac6c003e01900000004100104078000080fb0085
:10ac7c00808f500002003a0010c0b300004f7800e3
:10ac8c001e4078000080fa00000006000200fa0066
:10ac9c00004f7800e0d82000104078000080fb00c6
:10acac00640060000000e0002300320040f222004b
:10acbc00104078008080fb000002200000806000c3
:10accc000000e00016003a003aff0200010000000c
:10acdc0000842c00d6fe02000100000032c0b3003c
:10acec00c1c820001e407800c8ce02000100000040
:10acfc00c0c82000d6fe02000100000030852c00e8
:10ad0c00d6fe02000100000040f222001040780044
:10ad1c00804078000154a00040f2220001487800e5
:10ad2c00c0d722009040780080d8220001487800db
:10ad3c0010c0b300010037000040eb000080fa00a7
:10ad4c00000006000800fa00100798002107980080
:10ad5c0062479800734798000040eb00004f780062
:10ad6c002e0190006000b8000089be001f00370063
:10ad7c006e4090009e40780080cf50001a00310049
:10ad8c002e0090001000be006a09b9000201780084
:10ad9c006002b9008401780003014100a300200087
:10adac000300b80001014100820078002e019000e0
:10adbc000089be002e0090001001be001e80fb001a
:10adcc009e00900000804000104078000000fb00c6
:10addc000003b100cf80de000200400083804800f9
:10adec002e0190000089be001e4fe8001e80fb0063
:10adfc009e0090000080400090407800f0c2b300ac
:10ae0c0080cf5000070034001e80fb009e00900095
:10ae1c00008040009040780090c3b30080cf500079
:10ae2c00d3ff34009e407800114798000e00370085
:10ae3c002e0090001000be006a09b90002017800d3
:10ae4c006002b9008401780003014100a3002000d6
:10ae5c000300b80001014100820078002e0190002f
:10ae6c000089be001e4fe8007e4090009e40780096
:10ae7c0080cf5000eeff39001e4090000080fa0099
:10ae8c00000006000800fa0020079800310798001f
:10ae9c002e009000be00900042062000030020000f
:10aeac004804020000000000008fbe009e009000cd
:10aebc00c00320000088b900000178001e00780053
:10aecc006000b90000007800000141009e0078008d
:10aedc00c00320000008b800010141008200780086
:10aeec00008fbe00008fbe002e009000be009000b0
:10aefc00420620000300200068040200000000004d
:10af0c001e0f40005e9748001e00be000080fa0035
:10af1c00000006000800fa00008fbe00220798000f
:10af2c00330798002e009000be0090001e01be005a
:10af3c00800f5100818f5900060036002e009000c2
:10af4c00be0090003e011000ae8118000200be0051
:10af5c00050037002e009000be0090003e0150000e
:10af6c00ae8158000200be000080fa00000006000e
:10af7c001200fa00889fbe004047980032079800e4
:10af8c0043079800540798006507980076079800c7
:10af9c00070f98006000b800008fbe004e40900074
:10afac000004e000620032003e019000ce019000ef
:10afbc005e009000ee009000800f5100818f5900d0
:10afcc000a003a006000b800e06a8900f16a890062
:10afdc007e0190008e0990003eb89700ceb8970085
:10afec00ccff0700008fbe00740037003e019000bc
:10affc00ce0190005e009000ee009000800f51009a
:10b00c00818f59001c0036003e009000ce0090004d
:10b01c009cff07000004be005e009000ee00900054
:10b02c0098ff07000000540081805c00e06a8900f2
:10b03c00f16a8900e06a8100f16a810061005000c8
:10b04c00e0805800e06a8900f16a89007e01900076
:10b05c008e0990003eb89700ceb8970000015100c1
:10b06c0081815900006a280011002000001f410056
:10b07c00019749001b0037005e009000ee00900025
:10b08c0080ff07000004be003e009000ce00900040
:10b09c007cff07000000540081805c00e06a89009e
:10b0ac00f16a8900e06a8100f16a81006100500058
:10b0bc00e0805800e06a8900f16a89003eb9970087
:10b0cc00ceb997007e0090008e08900000015100d0
:10b0dc0081815900006a280011002000001f4100e6
:10b0ec0001974900e06a8100f16a8100026a280038
:10b0fc000289b900020178006102b900840178006c
:10b10c0003014100036a28000300b800010141005b
:10b11c0082007800e06a8900f16a8900e06a8100a7
:10b12c00f16a81001e0f40005e9748002300370033
:10b13c003e009000ce00900052ff07000004be00bd
:10b14c005e009000ee0090004eff070008004000eb
:10b15c0089804800e06a8900f16a89003eb997004d
:10b16c00ceb997007e0090008e089000001f410021
:10b17c0001974900e06a8100f16a8100026a2800a7
:10b18c000289b900020178006102b90084017800db
:10b19c0003014100036a28000300b80001014100cb
:10b1ac0082007800e06a8900f16a8900e06a810017
:10b1bc00f16a81001e0f40005e9748001e00be0021
:10b1cc004f04be000080fa00000006004800fa00a0
:10b1dc00889fbe00302798006000b8002069890065
:10b1ec00316989006000b800606989007169890063
:10b1fc006000b80040698900516989006000b8009e
:10b20c0080698900916989000000eb002007980093
:10b21c0040f2220010407800804078000134a000f9
:10b22c0040f2220001487800be20900011079800df
:10b23c00030037001e0090000000e8001007980083
:10b24c001e009000104078000004e0000a0032005c
:10b25c001e0090009040780000c2b30080cf5000d8
:10b26c00050032001e00900090407800c0c2b30070
:10b27c0080cf5000efff3a001e0090009040780005
:10b28c0000c2b30080cf500026003a001e00900090
:10b29c000000e800100798000040eb00004f780019
:10b2ac000a0037001e80fb009e0090009140780041
:10b2bc000141780061d32200827078001e0090005a
:10b2cc000000e800100798001e4fe8001e407800b0
:10b2dc00e54f50000f003e001e009000904078009b
:10b2ec0000c2b30080cf50000a0032001e00900054
:10b2fc0090407800c0c2b30080cf500005003200ef
:10b30c001e00900090407800e0c2b30080cf500047
:10b31c00e4ff3a001e80fb0061d322000041eb00e9
:10b32c00827078001e00900090407800e0c2b3005c
:10b33c0080cf50000d003a00030037001e00900033
:10b34c000000e800100798001e00900010407800e4
:10b35c000004e000050032001e00900090407800d0
:10b36c00c0c2b30080cf5000f4ff3a001e00900022
:10b37c0090407800c0c2b30080cf5000d1033a0097
:10b38c001e0090000000e800100798008041eb00c0
:10b39c0052c0b30041d222001e00900069fe07008b
:10b3ac00030037001e0090000000e8001007980012
:10b3bc001e009000104078000004e0000a003200eb
:10b3cc001e00900090407800e0c2b30080cf500087
:10b3dc00050032001e00900090407800c0c2b300ff
:10b3ec0080cf5000efff3a001e0090009040780094
:10b3fc00e0c2b30080cf500024003a001e00900041
:10b40c000000e8001007980043c0b30042c0b3002e
:10b41c00c1d222001e0090004afe0700004f7800a7
:10b42c001e4078000004e0000e0032001e80fb007d
:10b43c009e00900000804000100798001e009000b5
:10b44c00104078008040780050d3220001487800ea
:10b45c00050037001e0090000000e800100798005f
:10b46c0001003700000000001e0090001040780022
:10b47c000004e000050032001e00900090407800af
:10b48c00c0c2b30080cf5000f2ff3a001e00900003
:10b49c0090407800c0c2b30080cf50008b033a00bc
:10b4ac001e0090000000e800100798008041eb009f
:10b4bc0052c0b30081d222001e00900021fe070072
:10b4cc00030037001e0090000000e80010079800f1
:10b4dc001e009000104078000004e0000a003200ca
:10b4ec001e00900090407800e0c2b30080cf500066
:10b4fc00050032001e00900090407800c0c2b300de
:10b50c0080cf5000efff3a001e0090009040780072
:10b51c00e0c2b30080cf500024003a001e0090001f
:10b52c000000e8001007980043c0b30042c0b3000d
:10b53c0001d322001e00900002fe0700004f78008d
:10b54c001e4078000004e0000e0032001e80fb005c
:10b55c009e00900000804000100798001e00900094
:10b56c00104078008040780040d3220001487800d9
:10b57c00050037001e0090000000e800100798003e
:10b58c0001003700000000001e0090001040780001
:10b59c000004e000050032001e009000904078008e
:10b5ac00c0c2b30080cf5000f2ff3a001e009000e2
:10b5bc0090407800c0c2b30080cf500045033a00e1
:10b5cc001e0090000000e8001007980003003700f0
:10b5dc001e0090000000e800100798001e0090006c
:10b5ec00104078000004e000050032001e009000be
:10b5fc0090407800c0c2b30080cf5000f4ff3a00f6
:10b60c001e00900090407800c0c2b30080cf500064
:10b61c0032033a001e0090000000e800100798006a
:10b62c000000eb00200798000e0037002e00900061
:10b63c006a00b90000007800200798001e009000f6
:10b64c00104078000000fb000003b100ae00900039
:10b65c0000804000200798001e0090000000e800c9
:10b66c00100798001e009000104078000004e000c5
:10b67c000a0032001e00900090407800c0c2b30057
:10b68c0080cf5000050032001e00900090407800e2
:10b69c00e0c2b30080cf5000e4ff3a001e009000df
:10b6ac0090407800e0c2b30080cf500010003a0008
:10b6bc001e0090000000e8001007980003003700ff
:10b6cc001e0090000000e800100798001e0090007b
:10b6dc00104078000004e000050032001e009000cd
:10b6ec0090407800c0c2b30080cf5000f4ff3a0005
:10b6fc001e00900090407800c0c2b30080cf500074
:10b70c00f8023a001e0090000000e80010079800b4
:10b71c00030037001e0090000000e800100798009e
:10b72c001e009000104078000004e000050032007c
:10b73c001e00900090407800c0c2b30080cf500033
:10b74c00f4ff3a001e00900090407800c0c2b30095
:10b75c0080cf5000e5023a001e0090000000e80087
:10b76c0010079800030037001e0090000000e8004e
:10b77c00100798001e009000104078000004e000b4
:10b78c00050032001e00900090407800c0c2b3004b
:10b79c0080cf5000f4ff3a001e00900090407800db
:10b7ac00c0c2b30080cf5000d2023a001e009000fd
:10b7bc000000e80010079800030037001e009000fe
:10b7cc000000e800100798001e0090001040780060
:10b7dc000004e000050032001e009000904078004c
:10b7ec00c0c2b30080cf5000f4ff3a001e0090009e
:10b7fc0090407800c0c2b30080cf5000bf023a0026
:10b80c001e0090000000e8001007980003003700ad
:10b81c001e0090000000e800100798001e00900029
:10b82c00104078000004e000050032001e0090007b
:10b83c0090407800c0c2b30080cf5000f4ff3a00b3
:10b84c001e00900090407800c0c2b30080cf500022
:10b85c00ac023a001e0090000000e80010079800af
:10b86c000040eb00004f78000a0037001e80fb0000
:10b87c009e0090009140780001417800d1d32200c5
:10b88c00827078001e0090000000e80010079800fd
:10b89c001e4fe8001e407800e54f500005003e00aa
:10b8ac001e00900090407800c0c2b30080cf5000c2
:10b8bc00eeff3a001e80fb00d1d322000041eb00ca
:10b8cc00827078001e00900090407800c0c2b300d7
:10b8dc0080cf50008d023a001e0090000000e8005e
:10b8ec00100798000000eb00300798000e0037009e
:10b8fc003e0090006a00b900000078003007980004
:10b90c001e009000104078000000fb000003b10006
:10b91c00be00900000804000300798001e00900090
:10b92c000000e800100798001e00900010407800fe
:10b93c000004e000050032001e00900090407800ea
:10b94c00c0c2b30080cf5000e9ff3a00a0fd200038
:10b95c008040eb000148780040f222001040780053
:10b96c000080fb0061006000004078000004e000f3
:10b97c000c00320040f22200104078008040780029
:10b98c000104a10040f222000148780090d8220066
:10b99c008040eb0001487800e0d722008040eb00ab
:10b9ac00014878002069810031698100e00f500066
:10b9bc00e08f580057023200606981007169810084
:10b9cc00e00f5000e08f58005402320040f2220089
:10b9dc0010407800804078000134a10040f2220031
:10b9ec000148780090d8220010407800e44f5000b5
:10b9fc000b003e0040f22200104078008080fb00db
:10ba0c0000022000008060000000e0000400320012
:10ba1c00d0d722009040780080d8220001487800ce
:10ba2c00e0d72200104078008040e800e0d72200e8
:10ba3c0001487800e0d7220010407800e14f500018
:10ba4c000e00360090d8220090407800d0d722000b
:10ba5c001040780080cf50000500310090d82200b3
:10ba6c00104078008040e80090d82200014878000f
:10ba7c00e0d722008040eb000148780090d82200eb
:10ba8c0090407800d0d722001040780080cf500032
:10ba9c0096013900400521009040780060d82200c2
:10baac0001487800200521009040780040d8220001
:10babc0001487800100521009040780030d8220011
:10bacc0001487800e00421009040780000d8220062
:10badc0001487800f00421009040780010d8220032
:10baec0001487800000521009040780020d8220001
:10bafc00014878002069810031698100406b890020
:10bb0c00516b89006069810071698100806b8900cb
:10bb1c00916b890050d3220090407800902821002e
:10bb2c00014878004069810051698100606b89008f
:10bb3c00716b89008069810091698100a06b89001b
:10bb4c00b16b890040d322009040780080282100fe
:10bb5c00014878003e0090008040780080d7220099
:10bb6c00014878002e009000d06b890040f2220032
:10bb7c0090407800f0ccb30080c0600040f222000e
:10bb8c000148780040f22200104078000080fb0051
:10bb9c00620060000000e0000e00320040f2220063
:10bbac0010407800804078000114a10040f222007f
:10bbbc000148780040f222008040eb0001487800f8
:10bbcc003aff02000100000050852c00d6fe020056
:10bbdc000100000040d42200104078000004e00076
:10bbec008800320040d4220010407800e24f500010
:10bbfc0014003a0022698100336981001000200092
:10bc0c0001002000800f5100818f59000700360081
:10bc1c00206981003169810061005000e08058008a
:10bc2c00206989003169890006003700206981008c
:10bc3c003169810061004000e08048002069890082
:10bc4c00316989003aff02000100000080862c0057
:10bc5c00d6fe02000100000040d2220085f1220035
:10bc6c00a4f122008001780042c0b300912d200085
:10bc7c0000cab3000eb7020001000000c0d22200bf
:10bc8c0085f12200a4f122008001780042c0b300ab
:10bc9c00d12d200000cab3000eb702000100000035
:10bcac0085f12200a4f1220053d3220012c0b3006c
:10bcbc00112e200000cab3000eb7020001000000d4
:10bccc0080d2220085f12200a4f1220080017800ac
:10bcdc0042c0b300212e200000cab3000eb70200f0
:10bcec000100000000d3220085f12200a4f1220003
:10bcfc008001780042c0b300612e200000cab3005e
:10bd0c000eb702000100000085f12200a4f1220010
:10bd1c0043d3220012c0b300a12e200000cab300ee
:10bd2c000eb702000100000060d4220085f1220051
:10bd3c00a4f122008001780042c0b300912d2000b4
:10bd4c0000cab3001eb8020001000000e0d42200bb
:10bd5c0085f12200a4f122008001780042c0b300da
:10bd6c00d12d200000cab3001eb802000100000053
:10bd7c0085f12200a4f1220073d5220012c0b30079
:10bd8c00112e200000cab3001eb8020001000000f2
:10bd9c00a0d4220085f12200a4f1220080017800b9
:10bdac0042c0b300212e200000cab3001eb802000e
:10bdbc000100000020d5220085f12200a4f1220010
:10bdcc008001780042c0b300612e200000cab3008d
:10bddc001eb802000100000085f12200a4f122002f
:10bdec0063d5220012c0b300a12e200000cab300fc
:10bdfc001eb802000100000040d422008040eb007d
:10be0c0001487800306a8100416a8100e00f5000df
:10be1c00e08f5800b5003200506a8100616a8100e1
:10be2c00e00f5000e08f5800b000320050d42200d8
:10be3c008040eb0001487800986a8100a96a810073
:10be4c008669810097698100546a8100656a810066
:10be5c00426981005369810040d3220090407800f0
:10be6c0060d522001040780000c068000080fb0004
:10be7c000000e9004f00de0000407800889fbe0003
:10be8c003bfc0700e4875700c06a8900d16a89002f
:10be9c0040f2220010407800804078000164a1003c
:10beac0040f2220001487800c26a8100d36a810006
:10bebc00206b8100316b8100800f5100818f590004
:10becc001400360050d4220011c0b3000148780091
:10bedc00206b8100316b81004209dd00ce01de0058
:10beec00830171004201dd00c06a8100d16a8100ca
:10befc00800f5100818f59000600360040f222005d
:10bf0c0010407800804078000164a00040f22200cc
:10bf1c0001487800786a8100896a8100666981002d
:10bf2c0077698100346a8100456a81002269810049
:10bf3c003369810050d322009040780070d52200e4
:10bf4c001040780000c068000080fb000000e90091
:10bf5c004f00de0000407800889fbe0004fc070004
:10bf6c00e4875700c06a8900d16a8900c26a8100df
:10bf7c00d36a8100006b8100116b8100800f51002e
:10bf8c00818f59001700360050d4220010407800e1
:10bf9c00804078000114a00050d4220001487800a1
:10bfac00006b8100116b81004209dd00ce01de00c7
:10bfbc00830171004201dd00c06a8100d16a8100f9
:10bfcc00800f5100818f59000600360040f222008c
:10bfdc0010407800804078000164a00040f22200fc
:10bfec000148780050d42200104078000004e00092
:10bffc003600320070d82200104078000004e000b7
:10c00c0015003a0040f22200104078008080fb00be
:10c01c0000042000008060000000e0000e003200f0
:10c02c0070d8220011c0b3000148780090d82200cb
:10c03c008040eb000148780030c8b30013fb0700c8
:10c04c003aff02000100000070872c00d6fe0200af
:10c05c00010000002500370070d8220011c0b30089
:10c06c000148780040f22200104078000080fb006c
:10c07c00640060000000e0001b003a00109b800090
:10c08c000000e0000a003a00409b80000000e00045
:10c09c0007003a00509a8000e10f500004003e0067
:10c0ac0011c0b30010c0b300640102000200000014
:10c0bc0040f2220010407800804078000124a0005b
:10c0cc0040f22200014878000800370040f22200bc
:10c0dc0010407800804078000124a10040f222003a
:10c0ec00014878000100370000000000e0d8200073
:10c0fc00104078000080fb00680060000000e00049
:10c10c00880032003aff02000100000050d32200e8
:10c11c00104078008082fb006269810073698100a5
:10c12c00206981003169810068024700851f780011
:10c13c00829fbe00809fbe0030892c00801f78003b
:10c14c0004007800a204020000000000ec875700f5
:10c15c0068004700d6fe02000100000040d3220018
:10c16c00104078008082fb00826981009369810015
:10c17c00406981005169810068024700851f780081
:10c18c00829fbe00809fbe00808a2c00801f78009a
:10c19c0004007800a204020000000000ec875700a5
:10c1ac0068004700d6fe020001000000680047004e
:10c1bc00ae009000811f7800918b2c00811f7800bd
:10c1cc00a204020000000000e4875700680047004a
:10c1dc00d6fe02000100000068004700be0090007f
:10c1ec00811f7800418c2c00811f7800a204020072
:10c1fc0000000000e487570068004700d6fe0200ec
:10c20c00010000006800470061d32200811f780004
:10c21c00d1d32200811f7800118d2c00811f780052
:10c22c00a204020000000000e687570068004700e7
:10c23c00d6fe020001000000d0d72200104078008a
:10c24c000081fb0090d82200104078008080fb0019
:10c25c0068004700821f7800811f7800d18d2c0068
:10c26c00811f7800a204020000000000e68757003e
:10c27c0068004700d6fe02000100000040f22200d8
:10c28c00104078000081fb0040f222001040780042
:10c29c008080fb0068004700821f7800811f7800b7
:10c2ac00f18e2c00811f7800a20402000000000017
:10c2bc00e687570068004700d6fe02000100000028
:10c2cc0019003700000000001700370000000000c4
:10c2dc0015003700000000001300370000000000bc
:10c2ec0011003700000000000f00370000000000b4
:10c2fc000d003700000000000b00370000000000ac
:10c30c0009003700000000000700370000000000a3
:10c31c00050037000000000003003700000000009b
:10c32c0001003700000000004f04be000080fa003e
:10c33c00000006000200fa0010c0b300004f7800a5
:10c34c003aff0200010000000040eb00004f7800b3
:10c35c00e0d82000104078000080fb0070006000e6
:10c36c000000e00026003a0040f222001040780065
:10c37c000080fb00640060000000e0000700320059
:10c38c0040f22200104078000080fb006100600049
:10c39c00004078000004e00012003200f08f2c0006
:10c3ac00d6fe02000100000090fd20008040eb0052
:10c3bc000148780040f2220010407800804078005c
:10c3cc00a140b30040f222000148780090d822002e
:10c3dc008040eb000148780010c0b300004f78009b
:10c3ec000d003700b0902c00d6fe020001000000ba
:10c3fc0090fd200011c0b300014878000600370002
:10c40c0050922c00d6fe02000100000090fd20008e
:10c41c0011c0b3000148780030942c00d6fe020005
:10c42c000100000040f222001040780032c0b3003e
:10c43c00c1c82000c8ce020001000000c0c8200006
:10c44c00d6fe02000100000030852c00d6fe020052
:10c45c000100000040002000b09a8800813e2000be
:10c46c00b0c0b3000e8f0200010000001e40780027
:10c47c000080fa00000006000200fa00b09a80006a
:10c48c00e20f5000b7003200e20f500005003e00f2
:10c49c000000e00008003200e10f500028003200dc
:10c4ac0031013700e30f5000b8003200e40f5000a8
:10c4bc00060132002c0137006000b80020698900a9
:10c4cc00316989006000b800606989007169890070
:10c4dc006000b80040698900516989006000b800ab
:10c4ec00806989009169890040d32200f1c3b300af
:10c4fc000148780050d32200f1c3b3000148780002
:10c50c0040c8b300e1f9070040f222001040780067
:10c51c0080407800a140b30040f22200014878002e
:10c52c0090d822008040eb0001487800a0fd20004c
:10c53c008040eb000148780010002000b09a880081
:10c54c00e0d82000104078000080fb006400600000
:10c55c000000e0007500320090fd200011c0b30017
:10c56c0001487800a0fd20008040eb0001487800d5
:10c57c00e0d722008040eb000148780040d4220034
:10c58c008040eb000148780000d6220085f12200a3
:10c59c00a4f122008001780042c0b300112d2000cc
:10c5ac0000cab3001eb802000100000040d62200f1
:10c5bc0085f12200a4f122008001780042c0b30072
:10c5cc00512d200000cab3001eb80200010000006b
:10c5dc0060d4220085f12200a4f1220080017800b1
:10c5ec0042c0b300912d200000cab3001eb8020057
:10c5fc0001000000e0d4220085f12200a4f1220009
:10c60c008001780042c0b300d12d200000cab300d5
:10c61c001eb802000100000085f12200a4f12200e6
:10c62c0073d5220012c0b300112e200000cab30033
:10c63c001eb8020001000000a0d4220085f12200e7
:10c64c00a4f122008001780042c0b300212e20000a
:10c65c0000cab3001eb802000100000020d5220061
:10c66c0085f12200a4f122008001780042c0b300c1
:10c67c00612e200000cab3001eb8020001000000a9
:10c68c0085f12200a4f1220063d5220012c0b30070
:10c69c00a12e200000cab3001eb802000100000049
:10c6ac0070d5220010407800e14f400012003a0093
:10c6bc006000b800306a8900416a89006000b800e7
:10c6cc00706a8900816a89006000b800506a89002c
:10c6dc00616a89006000b800906a8900a16a8900cb
:10c6ec0070d52200f1c3b3000148780060d5220058
:10c6fc00f1c3b3000148780040f2220010407800ea
:10c70c00804078000174a10040f2220001487800ba
:10c71c0020002000b09a8800813e2000b0c0b300f9
:10c72c000e8f02000100000095003700813e2000b2
:10c73c00b0c0b3000e8f02000100000090fd20007d
:10c74c008040eb000148780040f2220001c8b300a1
:10c75c000148780080d822008040eb000148780026
:10c76c008700370090fd200011c0b300014878000d
:10c77c0030002000b09a8800c15d2000b0c0b3002a
:10c78c000e8f0200010000007d00370090fd20009c
:10c79c0011c0b3000148780080fd20009040780063
:10c7ac0090fd20001040780080cf50002700320010
:10c7bc00411f2000b0c0b3000e8f0200010000002a
:10c7cc00a0fd200010407800e14f4000090032002d
:10c7dc00d198800080022000808f50000500360028
:10c7ec00a0fd2000104078008040e800a0fd200053
:10c7fc0001487800a0fd200010407800f34f500055
:10c80c001200360040f22200104078000080fb003d
:10c81c00610060000000e0000c003a0040f22200d1
:10c82c0010407800804078003140b30040f2220084
:10c83c000148780090d822008040eb000148780035
:10c84c00e0d722008040eb0001487800e0d82000bf
:10c85c00104078000080fb00640060000000e000e5
:10c86c0044003a0010002000b09a880090fd20008f
:10c87c008040eb00014878008fc6a900411f2000c2
:10c88c00b0c0b3000e8f02000100000040f2220085
:10c89c0010407800804078000114a00040f2220083
:10c8ac000148780090d822008040eb0001487800c5
:10c8bc0040f2220090407800b0cbb30080c0600002
:10c8cc0040f22200014878002d0037000040eb00b8
:10c8dc00004f7800e0d82000104078000080fb006a
:10c8ec00700060000000e00010003a0040f22200ee
:10c8fc00104078000080fb00640060000000e00045
:10c90c000700320040f22200104078000080fb004b
:10c91c0061006000004078000004e0000300320079
:10c92c0090fd20008040eb0001487800d09b8000f7
:10c93c00ed0f500011003200e0d8200010407800bc
:10c94c000080fb00700060000000e00003003a0073
:10c95c000000eb00b09a880009003700100020009e
:10c96c00b09a8800060037000000eb00b09a8800ef
:10c97c000300370000000000010037000000000039
:10c98c00e0ce2200104078000004e00004003a00e1
:10c99c0090d02200104078000004e0009a00320091
:10c9ac0040f22200104078008080fb000002200042
:10c9bc00008060000000e0000d003200e0d8200094
:10c9cc00104078000080fb00640060000000e00074
:10c9dc000700320040f22200104078000080fb007b
:10c9ec0061006000004078000004e0008600320026
:10c9fc00e0ce2200104078000004e000430032003a
:10ca0c0020598100610060000000e0003f003a0006
:10ca1c003aff02000100000040f2220010407800b2
:10ca2c000080fb00801f7800e0ce2200801f780081
:10ca3c0080942c00801f7800c0c82000a204020043
:10ca4c0000000000e6875700c0c82000d6fe020098
:10ca5c000100000080d02200104078000004e000ab
:10ca6c000c00320071962c00c0c820007afa02002b
:10ca7c0001000000e1ce2200c0c82000bcc00200b2
:10ca8c000000000080d022008040eb0001487800bc
:10ca9c0008003700e1962c00c0c820007afa02008a
:10caac0001000000e1ce2200c0c82000f6b902004f
:10cabc00000000000041eb00f1b32000e0ce2200aa
:10cacc009ed5020000000000f0b320008040eb0077
:10cadc0001487800e0ce22008040eb00014878004d
:10caec0090d02200104078000004e00004003200d6
:10cafc0080d82200f1c0b300014878000300370051
:10cb0c0080d8220031c0b3000148780090d02200b8
:10cb1c00104078000004e0003b00320020598100f6
:10cb2c00610060000000e00037003a003aff0200ac
:10cb3c000100000040f22200104078000080fb0051
:10cb4c00801f780090d02200801f780020972c0046
:10cb5c00801f7800c0c82000a20402000000000062
:10cb6c00e6875700c0c82000d6fe02000100000076
:10cb7c0030d22200104078000004e0000c0032009b
:10cb8c0071962c00c0c820007afa02000100000047
:10cb9c0091d02200c0c82000bcc0020000000000e0
:10cbac0030d222008040eb000148780008003700aa
:10cbbc00e1962c00c0c820007afa020001000000a7
:10cbcc0091d02200c0c82000f6b90200000000007d
:10cbdc000041eb00f1b3200090d022009ed5020062
:10cbec0000000000f0b320008040eb00014878000a
:10cbfc0090d022008040eb000148780080d82200c1
:10cc0c0031c0b300014878000080fa000000060033
:10cc1c000000fa006000b800c0dd8800d1dd88009b
:10cc2c000000eb00e0dd88006000b800f0dd88005b
:10cc3c0001de88000080eb008080eb0010de8800b5
:10cc4c0021de88000000eb0030de880040ea800026
:10cc5c000070a10040ea880040ea80000050a1006a
:10cc6c0040ea880040ea80000060a10040ea8800a9
:10cc7c0030dc21008040eb000148780030d82100e6
:10cc8c008040eb000148780040ea80000080a10061
:10cc9c0040ea880040ea80000090a10040ea880049
:10ccac000000eb00200289000000eb00400289002c
:10ccbc006000b8005002890061028900a0d42100f4
:10cccc008040eb00014878006000b80060ea880002
:10ccdc0071ea880000d521008040eb000148780003
:10ccec000080eb008080eb0050788900617889002f
:10ccfc00e00422008040eb0001487800c0072200cd
:10cd0c008040eb00014878006000b800f003890017
:10cd1c00010489006000b800100489002104890016
:10cd2c006000b8003004890041048900510481007e
:10cd3c00c0ff2f0000806000500489005004810067
:10cd4c000020a100500489000080fa0000000600b9
:10cd5c000000fa0040ea80000050a10040ea880080
:10cd6c0040ea80000060a10040ea880030dc21002d
:10cd7c008040eb000148780030d821008040eb0067
:10cd8c000148780040ea80000080a10040ea880059
:10cd9c0040ea80000090a10040ea88000000eb000f
:10cdac00200289000000eb00400289006000b800fe
:10cdbc0050028900610289006000b80030048900cb
:10cdcc004104890051048100c0ff2f0000806000e5
:10cddc000000a00050048900500481000020a10034
:10cdec00500489000080fa00000006000a00fa00d6
:10cdfc0010079800414798003207980043079800a5
:10ce0c00f2038100030481003e009000ce009000ec
:10ce1c00800f5100818f590024003100ce409000ca
:10ce2c00d0c2b30080cf500002003600d0c2b30095
:10ce3c00404798000040eb00004f78000900370095
:10ce4c001e81fb001e80fb009e00900000804000b5
:10ce5c0090407800e0042200000041000148780076
:10ce6c001e4fe8004e4090009e40780080cf50004e
:10ce7c00f3ff39004e4090008080fb00e00422005c
:10ce8c00008040008040eb0001487800c007220081
:10ce9c00ce409000014878003e019000ce019000f9
:10ceac00f203890003048900010037000000000030
:10cebc000080fa00000006000600fa001007980037
:10cecc0041479800c0072200104078000004e000a1
:10cedc0005003200c0072200904078004e409000c0
:10ceec0080cf5000020032000040eb0017003700ea
:10cefc000040eb00004f78000f0037001e80fb0055
:10cf0c009e00900000804000904078001e81fb0045
:10cf1c00604920000001410080bb2100000041005d
:10cf2c001040780080cf5000020032000040eb002f
:10cf3c00060037001e4fe8004e4090009e407800df
:10cf4c0080cf5000edff390010c0b3000080fa0014
:10cf5c00000006000600fa00008fbe0022079800b1
:10cf6c001e00be00c001dd00020020002e0090005b
:10cf7c008000eb0000007100818071000080fa00dd
:10cf8c00000006000200fa00004f7800f0c2b30067
:10cf9c009e40780080cf50000700360090c3b3004d
:10cfac009e40780080cf500003003e0000cdb300bf
:10cfbc001e4040001700370000c4b3009e407800ac
:10cfcc0080cf50000700360060c4b3009e4078004c
:10cfdc0080cf500003003e0090ccb3001e404000b8
:10cfec000c00370000c6b3009e40780080cf500084
:10cffc000700360060c6b3009e40780080cf50001a
:10d00c0003003e0090cab3001e40400001003700f0
:10d01c0000c0eb000080fa00000006000400fa00db
:10d02c00100798001e00900010407800d5ff0700f4
:10d03c00004f78001e0090000000e80010407800bf
:10d04c00d0ff0700104798001e407800e14f4000c9
:10d05c00030032001e409000e14f400002003a00f5
:10d06c0000c0eb00050037001e80fb004400dd0013
:10d07c00804078001e40900000c070000080fa00d4
:10d08c00000006000a00fa003007980041079800db
:10d09c003e029000ce02900000802f00f1ff2f0086
:10d0ac000403780005027800800278008100780083
:10d0bc0005006300810062008101780000017800a6
:10d0cc00028fbe0050788100617881001e01be0085
:10d0dc00800f5100818f590002003a000040eb0094
:10d0ec002d00370030002400003b88001e00780023
:10d0fc00103b88001e00be004008de008000780057
:10d10c00f007200000806000203b880011048000a4
:10d11c002107980083e0a900000000000000000037
:10d12c0050052000303b8800a00a2000303b8800ce
:10d13c0061e7a800000000000000000000000000f3
:10d14c00013b800000002800008060000000e0002f
:10d15c00fbff3a0083e0a800000000000000000084
:10d16c002e01900012048800013b80000000220078
:10d17c00008060000000e0000300320061a7a900fd
:10d18c0010c0b300040037001e01be0052788900a5
:10d19c00637889000040eb000080fa000000060074
:10d1ac001400fa00881f7800000f9800110f9800e7
:10d1bc000e0990009e099000028fbe00a302800011
:10d1cc002307980000002000f10720001e03be007a
:10d1dc00060478000703780080037800810078004b
:10d1ec00070064008100630081027800000278006f
:10d1fc000400be004008de0000007800a002880099
:10d20c009e007800310798003e0090001000ba0094
:10d21c00400798003e0090001080ba00500798001c
:10d22c002e019000a20288004e0090008000eb00be
:10d23c0060079800710798005e0090006102b800ca
:10d24c00f00f200001002000040378000502780094
:10d25c008002780081007800050063008100620084
:10d26c0081017800000178000200be00c000dd00e2
:10d27c00000020006e019000fe0190000000710083
:10d28c008180710060079800710798006e00900013
:10d29c00fe0090004f0478000080fa0000000600a9
:10d2ac004600fa00701f980001279800122798007a
:10d2bc00232798007e1990008e219000c0ff2f002c
:10d2cc00f1ff2f0002037800030178008001780041
:10d2dc008100780003006300810061008102780006
:10d2ec0000027800048fbe001e01be0022079800c9
:10d2fc003307980022002000030020003e0041006c
:10d30c00ae80490040079800510798002e0090000d
:10d31c00be009000a2ff07006007980071079800fc
:10d32c004e009000de0090009dff0700000f98005b
:10d33c00110f9800020220000e0141006e009000b7
:10d34c00fe009000809fbe0000942b00801f780090
:10d35c0002007800bc04020000000000e6875700c1
:10d36c00000220000e004000d6fe0200010000006a
:10d37c001e219000ae219000620798007307980060
:10d38c0010002400003b88001e007800103b880031
:10d39c001e00be004008de0080007800f007200070
:10d3ac0000806000203b8800a3028000230f9800bf
:10d3bc00a00f2000a0028800ee009000310f980012
:10d3cc006e009000fe0090004008de0080007800a7
:10d3dc00f00f200000806000400f98000000eb0070
:10d3ec00be0890000108bb000000eb00ce089000c6
:10d3fc000188bb000e099000320f98000e089000b7
:10d40c009e0890004008de0080007800f00f20009d
:10d41c0000806000400f980020002000be089000a3
:10d42c000108bb0020002000ce0890000188bb0042
:10d43c00ae099000a302880011048000510f9800df
:10d44c0083e0a9000000000000000000500520004f
:10d45c00303b8800a00a2000303b880061e7a80020
:10d46c00000000000000000000000000013b8000f4
:10d47c0000002800008060000000e000fbff3a0084
:10d48c0083e0a80000000000000000005e0990008e
:10d49c0012048800013b8000000022000080600024
:10d4ac000000e0000600320020952b00d6fe0200a2
:10d4bc000100000061a7a9000000eb001500370077
:10d4cc002e009000be00900035ff0700600f980002
:10d4dc00710f9800020220000e0141006e089000ae
:10d4ec00fe089000809fbe00e0952b00801f780006
:10d4fc0002007800bc04020000000000e687570020
:10d50c00000220000e004000d6fe020001000000c8
:10d51c00100020000080fa00000006001000fa0045
:10d52c0050079800610798007207980000d52100f9
:10d53c008040eb00014878007e0090000000e00085
:10d54c0005003a0000d5210011c0b3000148780055
:10d55c0010c0b3006e0037005e009000ee0090002b
:10d56c00c8fe07000004e0000500320000d52100d1
:10d57c0021c0b3000148780020c0b300640037001c
:10d58c0020002400003b8800a102800011079800b5
:10d59c00a00f2000a00288005e009000103b8800c5
:10d5ac005e009000ee0090004008de0080007800e5
:10d5bc00f007200000806000203b88000000eb009a
:10d5cc00000f7800260037001e0078006300b900b9
:10d5dc0000007800fe0090000080400010407800b1
:10d5ec000080fb00200798001e0078006300b90043
:10d5fc00000078000000e800fe0090000080400071
:10d60c00104078000080fb004800dd00ae00900068
:10d61c0001007000200798001e0078006300b9001c
:10d62c00000078000080e800fe00900000804000c0
:10d63c00104078000080fb00300798001e00780036
:10d64c0000004000ae0090000108bb001e007800f6
:10d65c0000004000be0090000188bb001e0fe800d7
:10d66c009e007800f0072000808f5000d6ff360017
:10d67c009e009000a10288001104800041079800d0
:10d68c0083e0a9000000000000000000500520000d
:10d69c00303b8800a00a2000303b880061e7a800de
:10d6ac00000000000000000000000000013b8000b2
:10d6bc0000002800008060000000e000fbff3a0042
:10d6cc0083e0a8000000000000000000ce009000e5
:10d6dc0011048800013b80000000220000806000e3
:10d6ec000000e0000600320061a7a90000d521006f
:10d6fc0031c0b3000148780030c0b30004003700db
:10d70c0000d521008040eb00014878000040eb0080
:10d71c000080fa00000006000a00fa00400798009a
:10d72c006000b800008fbe00ce009000f0ff20001b
:10d73c0000806000200798002e0090008080ea0096
:10d74c00f0ff200000806000300798002e00900051
:10d75c008000eb00008fbe003e0090006101b8001d
:10d76c004c18dd00c410de00810070004c10dd0090
:10d77c001e1f70001e9770001e00be000080fa0075
:10d78c00000006006e00fa00889fbe0040972b0038
:10d79c00d6fe020001000000013b8000004020008a
:10d7ac00008060000000e00004003200c0982b00f4
:10d7bc00d6fe02000100000003003700b0992b00d8
:10d7cc00d6fe020001000000c0ff25005100200021
:10d7dc001007980021079800c0ff25005104200075
:10d7ec0030079800410798000000eb00000f78000c
:10d7fc00340037001e0078008000400020cb2b0046
:10d80c0000804000100078006101b8000000250085
:10d81c00510020000200400083804800500798000f
:10d82c00610798001e0078008000400020cb2b0080
:10d83c0000804000100078006101b8000000250055
:10d84c0051042000020040008380480070079800bb
:10d85c00010f98007e0090008e08900050fe07008b
:10d86c000004be005e009000ee0090004cfe07002d
:10d87c00840220000e024200889fbe007e019000b0
:10d88c008e099000829fbe00809fbe005e009000bb
:10d89c00ee009000809fbe00a09a2b00801f7800a5
:10d8ac0004007800bc04020000000000f28757005e
:10d8bc00800220000e004000d6fe02000100000095
:10d8cc001e0fe8001e007800e90f5000c9ff36005b
:10d8dc0040f1250051002000100f9800210f9800f6
:10d8ec0040f1250051042000300f9800410f9800a2
:10d8fc001e089000ae08900029fe0700500f9800fb
:10d90c00610f9800820220000e0141003e08900039
:10d91c00ce089000809fbe005e089000ee0890003c
:10d92c00809fbe001e089000ae089000809fbe0035
:10d93c00209d2b00801f780002007800bc040200a0
:10d94c0000000000ee875700800220000e0040000f
:10d95c00d6fe0200010000005e099000ee09900066
:10d96c003e089000ce0890004dfe07000000e0003d
:10d97c0002003a000000eb001d0037001e00900072
:10d98c00ae00900006fe070080007800f0ff20003b
:10d99c0000806000700f98007e0890000000e90085
:10d9ac005dff070000179800111798001000200069
:10d9bc0059ff070020179800311798000e1190009e
:10d9cc009e1190003e009000ce00900034fe0700a7
:10d9dc000000e00002003a000000eb0004003700f9
:10d9ec00c09f2b00d6fe020001000000100020009a
:10d9fc004f04be000080fa00000006000400fa008c
:10da0c00008fbe001e00be00e5fd07000080fa007e
:10da1c00000006006200fa0000e7980030a12b001d
:10da2c00d6fe020001000000013b800000402000f7
:10da3c00008060000000e0000400320030a22b00e7
:10da4c00d6fe0200010000000300370020a32b00cb
:10da5c00d6fe02000100000010a42b00d6fe02002e
:10da6c00010000000000eb00000f78004f003700b1
:10da7c001e007800000040006101b80000f020009a
:10da8c00010020000200400083804800300798000d
:10da9c00410798003e019000ce0190000000250047
:10daac00510020000200400083804800bcfd0700ac
:10dabc0050079800610798003e019000ce0190003d
:10dacc000000250051042000020040008380480023
:10dadc00b3fd070070079800010f98005e019000dd
:10daec00ee019000f0ff2f00f10f2000800f51008d
:10dafc00818f590007003a007e0190008e0990003a
:10db0c00f0ff2f00f10f2000800f5100818f590082
:10db1c001e0032003e019000ce0190000000250056
:10db2c005104200002014000838148003e02900015
:10db3c00ce0290000000250051002000040040009f
:10db4c00858048007a0347007e0290008e0a900080
:10db5c00849fbe00829fbe005e019000ee0190008b
:10db6c00829fbe00809fbe0020a52b00801f7800e6
:10db7c0006007800bc04020000000000f287570089
:10db8c007a004700d6fe0200010000001e0078005b
:10db9c00c200dd00e0082200008040005e01900021
:10dbac00ee0190000288be001e0fe800f007200076
:10dbbc009e007800808f5000adff36000ee0900084
:10dbcc000004e00005003a0000a82b00d6fe02007d
:10dbdc000100000010002000cd00370040ab2b00ee
:10dbec00d6fe0200010000000080eb008080eb00fc
:10dbfc00507889006178890000802500510420004c
:10dc0c0020fd07000004e0000500320000ae2b00f0
:10dc1c00d6fe0200010000000000eb00bc00370043
:10dc2c0090af2b00d6fe020001000000e0b02b00ec
:10dc3c00d6fe0200010000000080eb008080eb00ab
:10dc4c0050788900617889000080250051002000ff
:10dc5c000cfd07000004e00005003200b0b32b00ff
:10dc6c00d6fe0200010000000000eb00a800370007
:10dc7c0020b52b00d6fe020001000000b0b72b002f
:10dc8c00d6fe0200010000000000eb00000f78003f
:10dc9c00420037001e007800000040006101b8000f
:10dcac0000f02000010020000200400083804800aa
:10dcbc0030079800410798001e007800c200dd0074
:10dccc00e0082200008040001001be0012079800fe
:10dcdc00230798003e019000ce019000c0ff200069
:10dcec0001002000800f5100818f590004003a0080
:10dcfc00e0ff200088fe070010079800210798001d
:10dd0c001e019000ae019000f0ff2f00f10f2000db
:10dd1c00800f5100818f59001e0032003e0190008f
:10dd2c00ce019000000025005100200002004000b0
:10dd3c00838048001e019000ae01900058fd070042
:10dd4c000000e00014003a003e019000ce0190006b
:10dd5c000000250051002000020040008380480094
:10dd6c007a014700809fbe0020ba2b00801f7800ec
:10dd7c0002007800bc04020000000000e687570097
:10dd8c007a004700d6fe0200010000000000eb0004
:10dd9c005f003700000000001e0fe800f0072000b5
:10ddac009e007800808f5000baff3600b0bb2b006d
:10ddbc00d6fe020001000000e0bc2b00d6fe0200e3
:10ddcc00010000000000eb00000f78004800370055
:10dddc001e007800000040006101b80000f0200037
:10ddec0001002000020040008380480030079800aa
:10ddfc00410798003e019000ce01900000002500e4
:10de0c00510020000200400083804800e4fc070021
:10de1c00100f9800210f98003e019000ce01900049
:10de2c0000002500510420000200400083804800bf
:10de3c00dbfc0700300f9800410f98001e09900082
:10de4c00ae099000f0ff2f00f10f2000800f510061
:10de5c00818f590007003a003e099000ce099000ce
:10de6c00f0ff2f00f10f2000800f5100818f59001f
:10de7c001e0032003e019000ce01900000002500f3
:10de8c005104200002014000838148003e029000b2
:10de9c00ce0290000000250051002000040040003c
:10deac00858048007a0347003e0a9000ce0a900015
:10debc00849fbe00829fbe001e099000ae09900098
:10decc00829fbe00809fbe0020a52b00801f780083
:10dedc0006007800bc04020000000000f287570026
:10deec007a004700d6fe0200010000001e0fe80079
:10defc00f00720009e007800808f5000b4ff3600a1
:10df0c00f0bd2b00d6fe0200010000001000200026
:10df1c000080fa00000006000600fa0020079800b6
:10df2c002e00900090407800a0c3b30080cf50002a
:10df3c000200320010c0b3002a003700100020008d
:10df4c00000f7800200037001e007800ae00900013
:10df5c00008040001040780020479800ae409000b0
:10df6c00f0c2b30080cf500004003400ae409000eb
:10df7c0090c3b30080cf500012003400ae4090002c
:10df8c0000c4b30080cf500004003400ae409000b9
:10df9c0060c4b30080cf50000a003400ae40900043
:10dfac0000c6b30080cf500004003400ae40900097
:10dfbc0060c6b30080cf50000200340010c0b30024
:10dfcc00080037001e0fe8001e007800ae0090001d
:10dfdc0000804000104078000004e000daff3a00b6
:10dfec000040eb000080fa00000006000e00fa0072
:10dffc00881f7800600798006e00900090407800b1
:10e00c00a0c3b30080cf50000200320010c0b30098
:10e01c007d0037006e0090000000e800fffb070059
:10e02c0040479800ce40900000c2b30080cf500013
:10e03c000200360010c0b300730037006e00900071
:10e04c0067004000f5fb0700504798005e409000c9
:10e05c00e54f50000200360010c0b3006a003700d4
:10e06c006e00900063004000ecfb07000080fb009a
:10e07c004804dd006e00900065004000e7fb0700df
:10e08c000080fb0008007000300798000040eb0097
:10e09c00004f78004e4090001e4f40003e00900014
:10e0ac004800de00004078001e4f40003e0090000b
:10e0bc00004078001e4f40005e4090001e4f400014
:10e0cc000000eb00100798001c0037001e009000a9
:10e0dc000000400069004000ee009000008040000d
:10e0ec00cefb0700004f98009e00900030002800e7
:10e0fc00008060000000e00004003d000000e9002a
:10e10c00c1ff2f00008070000000e800e30f5000fa
:10e11c0005003a000e4890000004e00002003200b6
:10e12c0010c0b300380037000e4890001e4f40005e
:10e13c001e0090000000e800100798004e40900070
:10e14c008080fb001e009000808f5000dfff3c00a1
:10e15c004e4090000080fb00000040006900400031
:10e16c00ee00900000804000acfb0700104f9800c0
:10e17c001e40ea00204f9800ae4890001e489000c8
:10e18c0080cf50000200320010c0b3001e003700d8
:10e19c004e4090000080fb00000040006b004000ef
:10e1ac00ee0090000080400010407800ea4f5000d4
:10e1bc00140032004e4090000080fb000000400034
:10e1cc006b004000ee009000008040001040780092
:10e1dc00ed4f50000b0032004e4090000080fb00d1
:10e1ec00000040006b004000ee00900000804000fa
:10e1fc00104078000004e0000200320010c0b300b0
:10e20c00010037000040eb004f0478000080fa005a
:10e21c00000006000800fa002007980061479800eb
:10e22c006e409000e24f5000280036002e00900007
:10e23c000000e80079fb0700004f780000c2b30033
:10e24c009e40780080cf50000200360010c0b30012
:10e25c001f0037001e407800004040006b4040001b
:10e26c0010479800ee4090001e40900080cf500068
:10e27c000e0039002e0090005cff07000004e00047
:10e28c000500320050bf2b00d6fe0200010000003a
:10e29c0020c0b3000e0037002e0090000e000700c7
:10e2ac00204798002e409000090037002e00900067
:10e2bc00d6fe02000100000050c02b00d6fe02006a
:10e2cc000100000010c0b3000100370010c0b30003
:10e2dc000080fa00000006007200fa00889fbe0061
:10e2ec008a9fbe008c9fbe00703798000040eb00e8
:10e2fc00604f98007e3090000000e80047fb07005c
:10e30c00704f98007e3090006300400043fb070084
:10e31c000080fb004800dd00003f98007e3090003c
:10e32c00650040003dfb07000080fb008e3890002c
:10e33c0001007000000f98007e30900067004000d4
:10e34c0036fb0700205798002e5090000004e00088
:10e35c002d013a0041ea8000000820000080600096
:10e36c000000e00028013a00f0dd800001de8000b2
:10e37c000e099000f7fa0700200f9800310f980053
:10e38c002e089000be0890008100d1000080d300c0
:10e39c00200f9800310f98002e099000be099000b4
:10e3ac00000020000104200002004000838048008f
:10e3bc00400f9800510f98004e099000de09900014
:10e3cc00f0ef250051042000800f5100818f59007f
:10e3dc001f00360030de80000000e0000c00320030
:10e3ec0010de800021de800082bc21004bfc070087
:10e3fc000004e0000400320090c0b300604f9800ad
:10e40c006e489000860137000000eb0030de88007b
:10e41c0040ea80000070a00040ea880000802500df
:10e42c0051042000600f9800710f98006e08900046
:10e43c00fe08900013fb07000004e000f10032001e
:10e44c00a0c0b300604f98006e4890007401370074
:10e45c0012de800023de80000080eb008080eb0069
:10e46c00800f5100818f59008100320062ea8000d8
:10e47c0073ea8000a0d42100104078000080fb00db
:10e48c000000d100004078000080fb008000eb0011
:10e49c0002014000838148004e089000de08900085
:10e4ac00800f5100818f59007100320040ea8000ca
:10e4bc004900de00614060008081fb0060ea800062
:10e4cc0071ea8000220320000e014100831f7800b6
:10e4dc00809fbe004e089000de089000809fbe001a
:10e4ec00f0c12b00801f780002007800bc040200f1
:10e4fc0000000000ec875700200320000e004000b5
:10e50c00d6fe02000100000030de80000000e000ba
:10e51c000c00320010de800021de800082bc210065
:10e52c00fefb07000004e0000400320090c0b300c2
:10e53c00604f98006e489000390137000000eb00e6
:10e54c0030de880041ea800000202000008060005e
:10e55c000000e00004003a0030c0b300604f9800a7
:10e56c006e4890002e01370040ea80000090a10018
:10e57c0040ea88000080200001002000001798006d
:10e58c001117980012de800023de800000802f001f
:10e59c00f1ff2f000202780003017800800178005f
:10e5ac008100780003006200810061008106780020
:10e5bc00000678000c00be00100798002107980098
:10e5cc004e099000de09900000802f00f1ff2f0013
:10e5dc000202780003017800800178008100780045
:10e5ec00030062008100610081057800000578005d
:10e5fc000a00be0020179800311798001100370050
:10e60c001e009000ae0090009efa07000004e0008f
:10e61c0004003200a0c0b300604f98006e48900018
:10e62c00ff0037001e019000ae0190000e1090000c
:10e63c009e10900002004000838048001007980054
:10e64c00210798001e019000ae0190002e10900042
:10e65c00be109000800f5100818f5900e8ff3600ea
:10e66c000080eb008080eb0010de880021de88004b
:10e67c004e099000de09900062ea880073ea880077
:10e68c00a0d42100fe4990000348780040ea8000a5
:10e69c000090a10040ea88000000eb00000f780019
:10e6ac00530037009e00780063806000e30f500039
:10e6bc004d00320030de80000000e0002c003a00fb
:10e6cc0012de800023de80000080eb008080eb00f7
:10e6dc00800f5100818f590010003a004e099000b4
:10e6ec00de09900000f02f00f1ff2f0002027800ed
:10e6fc00030178008001780081007800030062003b
:10e70c008100610081047800000478000800be00dc
:10e71c0010de880021de88000600370010de800045
:10e72c0021de80000010b0000180b00010de8800f7
:10e73c0021de88000000eb0030079800080037004d
:10e74c00be00900080bc21000080400080c0eb0027
:10e75c00014878003e0090000000e8003007980067
:10e76c00be009000f0172000808f5000f4ff3600a0
:10e77c003ade80001e007800000040006900400076
:10e78c00fe3090000080400024fa070081bc21007c
:10e79c00810045008048780030de80000000e800f1
:10e7ac0030de880031de800000182000808f5000a1
:10e7bc000e003a0010de800021de800082bc2100b9
:10e7cc0056fb07000004e0000400320080c0b300d8
:10e7dc00604f98006e489000910037000000eb00ed
:10e7ec0030de880001003700000000001e0fe8003a
:10e7fc007e4890000080fb009e0f5000a9ff3e0059
:10e80c0001003700000000002e5090000004e000d2
:10e81c0064003a0041ea800000082000008060009b
:10e82c000000e0005f0032007e489000e44f500092
:10e83c000500360060c52b00d6fe0200010000006a
:10e84c0030c0b30076003700f0dd800001de8000c0
:10e85c000e099000bff90700401798005117980057
:10e86c004e109000de1090008100d1000080d3008b
:10e87c0040179800511798004e119000de1190002f
:10e88c0000002000010420000200400083804800aa
:10e89c0060179800711798006e119000fe1190008f
:10e8ac00c0ff250051042000800f5100818f5900ba
:10e8bc00020036000040eb00590037006000b80041
:10e8cc0040079800510798000000eb006007980083
:10e8dc00140037006e0090000000400069004000fa
:10e8ec00fe30900000804000ccf907008080fb00d7
:10e8fc006e0090004300dd000008dd00cf80de00dc
:10e90c004e019000de0190000000710081807100ca
:10e91c0040079800510798006e0090000000e80036
:10e92c00600798007e4890008080fb006e0090008d
:10e93c00808f5000e7ff3c00220320000e014100b5
:10e94c004e009000de009000809fbe006e10900084
:10e95c00fe109000809fbe00d0c82b00801f780056
:10e96c0002007800bc04020000000000ea87570097
:10e97c00200320000e004000d6fe02000100000023
:10e98c004e019000de0190006e109000fe10900081
:10e99c0043fa07000000e0001f003a0010c0b3006b
:10e9ac001f0037002e509000e44f500013003a0027
:10e9bc007e3090006900400098f907000080fb0051
:10e9cc004804dd007e3090006b00400093f9070096
:10e9dc000080fb0008007000001f98000e189000cb
:10e9ec008000eb00f0dd880001de880040ea80004a
:10e9fc000090a00040ea8800080037002e509000dc
:10ea0c00e14f500005003a0040ea80000050a000a1
:10ea1c0040ea880001003700000000000040eb00d5
:10ea2c004f06be004f05be004f04be000080fa002a
:10ea3c00000006001600fa000e80e80021992c0058
:10ea4c007afa020001000000000f78001e00780026
:10ea5c008e80e80000804000e840020001000000c9
:10ea6c000080fb001e0f40001e0078008e80e80026
:10ea7c0000804000b1992c007afa020001000000dd
:10ea8c001e0f40000e80e800d6fe020001000000c0
:10ea9c000080fa00000006000200fa00e0042100e9
:10eaac0038ba02000100000030012000000f78008d
:10eabc001e0078000000e900c200dd0060ff2000ad
:10eacc00808040001e0078004201dd0060ff2000c5
:10eadc000000410042002000e4040200000000009d
:10eaec001e0fe9001e0078000000e000f0ff3c0063
:10eafc0010052100104078008040780090ff200025
:10eb0c0001487800e0042100104078008040780033
:10eb1c0060ff200001487800f004210010407800cc
:10eb2c008040780070ff200001487800000521002b
:10eb3c00104078008040780080ff20000148780069
:10eb4c000080fa00000006006800fa00509a80006d
:10eb5c008000eb00a20c200003002000820f50006c
:10eb6c00838f5800b3063e0000600100ca003700d6
:10eb7c000e013700ce013700040237006a0237005d
:10eb8c00ac063700ab063700aa063700a9063700db
:10eb9c00a8063700d6023700510337005f03370051
:10ebac00c303370001043700c8043700fb043700e7
:10ebbc00a0063700080537002b053700390537004c
:10ebcc00770537008f053700970537009906370012
:10ebdc0098063700970637009606370095063700db
:10ebec0094063700930637009206370091063700db
:10ebfc00900637008f063700400237008d0637002d
:10ec0c008c0637008b0637008a06370089063700da
:10ec1c0088063700870637008606370085063700da
:10ec2c0084063700830637008206370081063700da
:10ec3c00800637007f0637007e0637007d063700da
:10ec4c007c0637007b0637007a06370079063700da
:10ec5c0078063700770637007606370075063700da
:10ec6c0074063700730637007206370071063700da
:10ec7c00700637006f0637006e0637006d063700da
:10ec8c006c0637006b0637006a06370069063700da
:10ec9c0068063700670637006606370065063700da
:10ecac0064063700630637006206370061063700da
:10ecbc00600637005f0637005e0637005d063700da
:10eccc005c0637005b0637005a06370059063700da
:10ecdc0058063700670537005606370055063700cb
:10ecec0054063700530637005206370051063700da
:10ecfc00500637004f0637004e0637007d053700ab
:10ed0c00ae053700bc053700fe0537003706370067
:10ed1c0048063700470637004606370042063700dc
:10ed2c0044063700a7023700d102370041063700ee
:10ed3c00400637003f063700d40337000a0437007b
:10ed4c00180437004f0437003a06370039063700ed
:10ed5c0038063700370637003606370035063700d9
:10ed6c0034063700330637003206370031063700d9
:10ed7c00300637002f0637002e0637002d063700d9
:10ed8c002c0637002b0637002a06370029063700d9
:10ed9c0028063700270637002606370025063700d9
:10edac0024063700230637002206370021063700d9
:10edbc00200637001f0637001e0637001d063700d9
:10edcc001c0637001b0637001a06370019063700d9
:10eddc0018063700170637001606370015063700d9
:10edec0014063700130637001206370011063700d9
:10edfc00100637000f0637000e0637000d063700d9
:10ee0c000c0637000b0637000a06370009063700d8
:10ee1c0008063700070637000606370005063700d8
:10ee2c0004063700030637000206370001063700d8
:10ee3c0000063700ff053700fe053700fd053700db
:10ee4c00fc053700fb053700fa053700f9053700dc
:10ee5c00f8053700f7053700f6053700f5053700dc
:10ee6c00f4053700f3053700f2053700f1053700dc
:10ee7c00f0053700ef053700ee053700ed053700dc
:10ee8c00ec053700eb053700ea053700e9053700dc
:10ee9c001d02370029023700c0dc200085f122005a
:10eeac00a4f122008001780022c0b300b10120003f
:10eebc0000cab3001eb8020001000000e0dc200014
:10eecc008040eb0001487800c0a222008040eb009b
:10eedc0001487800d0a222008040eb000148780065
:10eeec003aff020001000000d0992c00d6fe02006f
:10eefc0001000000c0dc2000104078000041eb0055
:10ef0c00c1c82000c8ce020001000000c0c820000b
:10ef1c00d6fe020001000000a09a2c00d6fe0200d2
:10ef2c0001000000d0dc2000104078000041eb0014
:10ef3c00c1c82000c8ce020001000000c0c82000db
:10ef4c00d6fe020001000000b0992c00d6fe020093
:10ef5c000100000090052100104078000004e00042
:10ef6c000b003a00a0052100104078000004e000de
:10ef7c0007003a00c0052100104078000004e000b2
:10ef8c0003003a006005210038ba020001000000bd
:10ef9c0060052100104078008040780050a52200c8
:10efac000148780010002000509a8800e0042100ed
:10efbc0038ba02000100000050a522001040780071
:10efcc008080fb00e0042100104078000000fb0072
:10efdc00808f50000b003200e004210010407800bc
:10efec008040780050a5220001487800a09780004e
:10effc00e10f400003003200a09780000000e80001
:10f00c00a0978800e004210010407800e14f5000e8
:10f01c0039003c0040a52200104078000004e000bc
:10f02c0038003a00008922009040780010892200b4
:10f03c0001487800008922008040eb0001487800ec
:10f04c0040be22009040780050be2200014878005b
:10f05c0040be22008040eb000148780060be2200d8
:10f06c009040780070be22000148780060be2200fb
:10f07c008040eb000148780080be22009040780070
:10f08c0090be22000148780080be22008040eb0038
:10f09c0001487800a2012000212b2100c02c210066
:10f0ac00e404020000000000a20120008000eb003c
:10f0bc00202b2100f204020000000000f0ff2700ca
:10f0cc0020968800802c2100a1c5b300014878004f
:10f0dc00902c2100a1c5b30001487800a02c210080
:10f0ec00a1c5b3000148780040a5220011c0b300af
:10f0fc00014878000300370040a522008040eb0057
:10f10c0001487800002b2100104078000080fb00a3
:10f11c00620060000000e0001e003200d0dc200025
:10f12c00104078000002fb00c0dc2000104078008a
:10f13c008001fb00f0042100104078000001fb006e
:10f14c00e0042100104078008000fb000e80e800f5
:10f15c00841f7800831f7800821f7800811f78003d
:10f16c00c19a2c00811f7800919b2c00811f780084
:10f17c00410620006e04020000000000ec875700de
:10f18c000040eb0060e798000e80e800d6fe02001d
:10f19c0001000000e004210090407800c0dc200059
:10f1ac001040780080cf50001e003a00f00421007f
:10f1bc0090407800d0dc20001040780080cf5000c8
:10f1cc0018003500f0042100104078008000fb008e
:10f1dc00d0dc2000104078000000fb0063004000f1
:10f1ec00808f50000f003c00c0a22200104078001d
:10f1fc000004e0001e003a00e0dc20008040eb0040
:10f20c00014878003aff020001000000809d2c00ac
:10f21c00d6fe02000100000020002000509a880059
:10f22c0013003700c0a22200104078000004e00058
:10f23c000f003200c0a222008040eb000148780091
:10f24c00e0d82000104078000004e00008003d00e9
:10f25c00007b22009040780050c3b30080cf500058
:10f26c0003003a0010cd220021c0b3000148780001
:10f27c00e0dc2000104078000080fb0063006000a0
:10f28c000000e0000200320020002000509a8800ac
:10f29c00509a8000e10f5000ee043a00017d2000ee
:10f2ac0090c0b3000e8f0200010000002205370051
:10f2bc00e028220010407800e14f50002e003a0068
:10f2cc00d02a2100104078000004e0002a003a0007
:10f2dc00409b80000000e00027003a00109b80005b
:10f2ec000000e00024003a00709b80000000e00069
:10f2fc0021003a0050d72000104078000004e000b4
:10f30c001d003a0050d82000104078000004e000a6
:10f31c0019003a0040c5b3005edf02000100000096
:10f32c00108120008040eb0001487800c0a2220030
:10f33c0011c0b3000148780090d5200011c0b30073
:10f34c0001487800f080200001c6b3000148780025
:10f35c0040c5b300304d020001000000005f810089
:10f36c00115f81004051890051518900300020000b
:10f37c00509a8800f0043700813e200090c0b30002
:10f38c000e8f020001000000eb043700e028220081
:10f39c0010407800e14f500046003a00409b80003e
:10f3ac000000e00043003a00109b80000000e000e9
:10f3bc0040003a00709b80000000e0003d003a00e5
:10f3cc0050d72000104078000004e00039003a00cb
:10f3dc0050d82000104078000004e00035003a00be
:10f3ec00e08c220010007800610060000000e0005a
:10f3fc0030003a00e08c22001000780062006000bf
:10f40c000000e0002b003200e08c2200f040900065
:10f41c0040c5b30080cf500026003a0040c5b30071
:10f42c00304d020001000000d09e2c00d6fe0200e0
:10f43c000100000090d5200011c0b30001487800f5
:10f44c0000dd200011c0b3000148780010dd200061
:10f45c008040eb0001487800c05d2000906e880071
:10f46c00e0a422008040eb0001487800f0a42200c8
:10f47c008040eb0001487800106d800090528900ac
:10f48c00e0dc2000104078000080fb006800600089
:10f49c000000e0000100320066fd07003002200091
:10f4ac00509a8800c028210021c3b300014878007d
:10f4bc00a1043700c15d200090c0b3000e8f020084
:10f4cc0001000000e08c2200100078006100600058
:10f4dc000000e00061043a00e08c2200f040900053
:10f4ec0040c5b30080cf50005e04320040c5b3006d
:10f4fc005edf0200010000008f04370010dd2000e9
:10f50c00104078000004e00004003a00c0282100fc
:10f51c00104078000004e00054043a004000200041
:10f52c00509a880084043700e0a422001040780030
:10f53c008040e800e0a4220001487800210320006c
:10f54c0090c0b3000e8f020001000000b0358000a7
:10f55c00640060000000e00005003a00d0a4220026
:10f56c00104078008040e800d0a4220001487800c8
:10f57c00d0a4220010407800e94f500004003e0057
:10f58c00e0d6200010407800e14f50001a003a00fd
:10f59c00d0a422008040eb00014878003aff020022
:10f5ac0001000000c09f2c00d6fe020001000000ec
:10f5bc00a0002000509a880011c0b3000002200067
:10f5cc00f245020001000000f0802000104078009d
:10f5dc00804078000104a000f080200001487800f1
:10f5ec00f080200010407800804078000164a10079
:10f5fc00f080200001487800e0a422001040780040
:10f60c00e64f40001b043600c0a2220010407800d8
:10f61c00e24f50000c003e003aff020001000000d7
:10f62c0060a02c00d6fe020001000000017d20002d
:10f63c0090c0b3000e8f02000100000030002000cb
:10f64c00509a88002400370040a12c00d6fe0200fe
:10f65c0001000000e0d6200010407800e14f50007f
:10f66c0011003a0011c0b30000022000f245020064
:10f67c0001000000f08020001040780080407800ed
:10f68c000104a000f080200001487800f0802000e8
:10f69c0010407800804078000164a100f0802000c8
:10f6ac00014878000a00370011c0b30000022000a6
:10f6bc002446020001000000f08020001040780079
:10f6cc00804078000164a100f0802000014878009f
:10f6dc00a0002000509a8800c0a2220010407800a0
:10f6ec008040e800c0a222000148780012043700d4
:10f6fc00e0a12c00d6fe020001000000900c2000be
:10f70c00509a88000c043700309980000000e0000b
:10f71c000400320031998000900f2000808f50003f
:10f72c00d6033600a00c2000509a8800c0a22c00f2
:10f73c00d6fe020001000000ff03370020c5b30015
:10f74c00304d02000100000090d520008040eb00fd
:10f75c0001487800d0c3b3004c56020001000000f1
:10f76c00f080200010407800804078000174a000e8
:10f77c00f08020000148780020cd22001040780055
:10f78c000004e00006003200b0a32c00d6fe0200fc
:10f79c0001000000e0062000509a880005003700a8
:10f7ac00a0a42c00d6fe020001000000f0062000f0
:10f7bc00509a8800c028210021c3b300014878006a
:10f7cc00dd03370020598100610060000000e0007b
:10f7dc0020003a00d0ce2200104078000004e00057
:10f7ec000900320090a52c00d6fe0200010000009a
:10f7fc00106d80008000780020cd22008040020037
:10f80c00010000000c00370010a62c00d6fe0200f0
:10f81c0001000000c0ce220010407800804078002b
:10f82c00106d8000014178008000780020cd22000e
:10f83c009c40020001000000c20120008000eb008f
:10f84c0020cd2200f204020000000000f00620008f
:10f85c00509a8800c0282100104078000004e00075
:10f86c0088033a00f0062000509a8800b203370053
:10f87c00e0a222008040eb0001487800e0dc200090
:10f88c00104078000080fb00620060000000e00087
:10f89c000300320010002000509a88000500370049
:10f8ac00d0a62c00d6fe020001000000c0002000f3
:10f8bc00509a8800e0dc2000104078000080fb00ab
:10f8cc00680060000000e0000100320059fc0700f5
:10f8dc00e0dc20008040eb00014878009603370004
:10f8ec00e0a22200104078008040e800e0a2220054
:10f8fc0001487800e0a2220010407800e94f500047
:10f90c000300360020012000509a88008a0337003b
:10f91c00c0002000509a880087033700e0a2220024
:10f92c00104078000080fb0050528900505281003a
:10f93c004600dd0050528900505281001004b00086
:10f94c0050528900505281000080e80085f122005d
:10f95c00a4f1220013a5220012c0b300800078008d
:10f96c0000cab3001eb802000100000010a522005e
:10f97c009040780000c8b30080c06000c0a4220092
:10f98c0001487800b0002000509a880010a5220091
:10f99c00104078000080fb00700060000000e00068
:10f9ac003a033200920120008000eb00f0a222000a
:10f9bc00f204020000000000f1a22200505281006b
:10f9cc007200400084f12200a3f1220001017800b2
:10f9dc008000780000cab30012f902000100000098
:10f9ec0080a422008040eb0001487800f0a22200a5
:10f9fc00104078000004e00026033200f0a2220040
:10fa0c006cfb0200010000000000e0002303320048
:10fa1c00c028210021c3b30001487800116d80007b
:10fa2c0090528100808f50000b003200116d8000cd
:10fa3c0090528100808f50001a00320010a52200d5
:10fa4c00104078008080fb000004200000806000e3
:10fa5c000000e00013003a00d0cc220010407800e7
:10fa6c008080fb0030052100104078000000fb0076
:10fa7c000088de0061006000004078000004e000b7
:10fa8c000800320010c0b300f03902000100000081
:10fa9c000004e00003003200d0002000509a8800df
:10faac002503370030072000509a880022033700c6
:10fabc00f0a22200104078000004e0003200320076
:10facc0020598100610060000000e00030003a0025
:10fadc00d0cc2200104078008080fb003005210043
:10faec00104078000000fb000088de006100600020
:10fafc00004078000004e0000f003200c0a4220097
:10fb0c001040780080407800106d80000141780032
:10fb1c0080007800f0a222009c400200010000004e
:10fb2c00e0002000509a8800c028210021c3b300b7
:10fb3c000148780016003700c028210021c3b3000b
:10fb4c0001487800d0cc2200104078000004e0007e
:10fb5c0003003d0030072000509a88000c0037004d
:10fb6c00c0cc2200104078000004e00003003d00ef
:10fb7c0050072000509a880005003700f000200044
:10fb8c00509a880002003700b0002000509a88007c
:10fb9c00c0282100104078000004e000c1023a00a7
:10fbac00b0002000509a8800e302370020598100f1
:10fbbc00614060000080fb00610060000000e0001c
:10fbcc002b003a00c028210021c3b3000148780063
:10fbdc00c0a42200104078000004e0000a003a00a3
:10fbec00f0cc2200104078008080fb003005210012
:10fbfc00104078000000fb000088de00610060000f
:10fc0c000000e00003003a00b0002000509a880089
:10fc1c0017003700c028210021c3b3000148780029
:10fc2c00d0cc2200104078000004e00003003d001e
:10fc3c0030072000509a880009003700c0cc220001
:10fc4c00104078000004e00003003d005007200045
:10fc5c00509a880002003700f0002000509a88006b
:10fc6c00813e200090c0b3000e8f02000100000006
:10fc7c00c0282100104078000004e0008b023a00fc
:10fc8c00b0002000509a8800ab023700f0a222008e
:10fc9c00104078000004e0002a003200d0cc220092
:10fcac00104078000004e00026003d0010c0b300b6
:10fcbc00f0390200010000000004e00021003200d5
:10fccc0020598100610060000000e0001f003a0034
:10fcdc003aff02000100000090a72c00d6fe0200a3
:10fcec0001000000f0a22200d2400200010000003e
:10fcfc000004e0000600320040072000509a880003
:10fd0c00c028210021c3b300014878000f00370040
:10fd1c00c0cc2200104078000004e00003003d003d
:10fd2c0050072000509a880002003700f000200095
:10fd3c00509a8800c028210021c3b30001487800e4
:10fd4c000200370050072000509a8800c02821007c
:10fd5c00104078000004e00056023a0050072000e2
:10fd6c00509a88007402370020598100614060006d
:10fd7c000080fb00610060000000e00002003a001f
:10fd8c0050072000509a8800c028210010407800ad
:10fd9c000004e00049023a00b0002000509a8800ac
:10fdac0065023700f0a22200104078000004e00049
:10fdbc0025003200c0cc2200104078000004e00086
:10fdcc0021003d0010c0b300f0390200010000001a
:10fddc000004e0001c00320020598100610060002a
:10fdec000000e0001d003a003aff02000100000094
:10fdfc0020a82c00d6fe020001000000106d80002f
:10fe0c0080007800f0a22200804002000100000077
:10fe1c000004e0000600320060072000509a8800c1
:10fe2c00c028210021c3b300014878000b00370023
:10fe3c00f0002000509a8800c028210021c3b30094
:10fe4c000148780005003700f0002000509a880027
:10fe5c00c028210021c3b30001487800c02821002c
:10fe6c00104078000004e00016023a00f000200078
:10fe7c00509a8800c028210021c3b30001487800a3
:10fe8c002d02370020598100614060000080fb008a
:10fe9c00610060000000e00005003a00f000200066
:10feac00509a8800c028210021c3b3000148780073
:10febc00c0282100104078000004e00003023a0042
:10fecc00b0002000509a88001b023700f0a22200dc
:10fedc00104078000004e00027003200f0cc220033
:10feec00104078008080fb00300521001040780025
:10fefc000000fb000088de0061006000004078001c
:10ff0c000004e0001c00320010c0b300f039020005
:10ff1c00010000000004e0001700320020598100ad
:10ff2c00610060000000e00015003a003aff02009a
:10ff3c0001000000b0a82c00d6fe02000100000059
:10ff4c00f0a22200bc400200010000000004e0000e
:10ff5c000600320000012000509a8800c0282100c1
:10ff6c0021c3b3000148780005003700b000200021
:10ff7c00509a880002003700b0002000509a880088
:10ff8c00c0282100104078000004e000d1013a00a4
:10ff9c00b0002000509a8800e701370020598100fa
:10ffac00614060000080fb00610060000000e00028
:10ffbc0002003a00b0002000509a8800c0282100ae
:10ffcc00104078000004e000c4013a00b0002000aa
:10ffdc00509a8800d8013700320020008000eb00d6
:10ffec0080db2000f20402000000000080db200017
:10fffc0085f12200a4f122008001780032c0b30008
:020000040003f7
:10000c008101200000cab3001eb8020001000000ec
:10001c00b0db20008040eb000148780080db200042
:10002c0090407800f0c2b30080cf50000b00340039
:10003c0080db20009040780090c3b30080cf50004c
:10004c0006003c0040012000509a8800e0a22200eb
:10005c008040eb0001487800b7013700a005200074
:10006c00509a8800b4013700e0a2220010407800ba
:10007c008040e800e0a2220001487800e0a22200c3
:10008c0010407800e94f500003003600a005200016
:10009c00509a8800a801370040012000509a88002f
:1000ac00a5013700e0a22200104078000080fb0080
:1000bc0050528900505281004600dd005052890098
:1000cc00505281001004b0005052890050528100ef
:1000dc0085f12200a4f122008e01780012c0b30039
:1000ec008000780000cab3001eb8020001000000b6
:1000fc0030012000509a88001e4078000080fb00e0
:10010c0061006000004078000004e00075013200de
:10011c00920120008000eb00f0a22200f204020009
:10012c0000000000f1a22200505281006300400048
:10013c0084f12200a3f122000101780080007800f4
:10014c0000cab30012f902000100000080a42200d2
:10015c008040eb0001487800f0a222006cfb02000a
:10016c00010000000000e0006001320050528100ec
:10017c000000e80085f12200a4f1220003a5220072
:10018c0012c0b3008000780000cab3001eb8020091
:10019c000100000050012000509a880066013700d1
:1001ac0010d92000104078000080fb006100600036
:1001bc00004078000004e0004e013200e0a2220072
:1001cc00104078008040e80000a522001040780024
:1001dc008043eb0036c0b3008042eb000142780054
:1001ec008041eb000041780021c0b300f0a2220056
:1001fc00409102000100000060012000509a88002c
:10020c004d01370010d92000104078000080fb0011
:10021c00620060000000e000380132007001200034
:10022c00509a88004401370010d920001040780003
:10023c008080fb0000022000008060000000e000d5
:10024c000200320030012000509a880010d92000a2
:10025c00104078008080fb000004200000806000cb
:10026c000000e0002701320030012000509a880085
:10027c003101370040062000509a8800c0cc220083
:10028c00104078008080fb00300521001040780081
:10029c000000fb000088de00610060000040780078
:1002ac000004e0000d00320010c0b300f039020071
:1002bc00010000000004e0001401320010b3200023
:1002cc0021c0b30001487800419c200090c0b300cd
:1002dc000e8f020001000000170137003aff0200e8
:1002ec000100000050a92c00d6fe02000100000005
:1002fc0011013700e0d82000104078000080fb008e
:10030c00640060000000e0002900320080d8220068
:10031c00104078000004e00025003200e0cc220000
:10032c00104078008080fb003005210010407800e0
:10033c000000fb000088de006100600000407800d7
:10034c000004e0001a00320010c0b300f0390200c3
:10035c00010000000004e0001500320040f2220011
:10036c00104078008080fb000002200000806000bc
:10037c000000e0000700320040f22200104078003c
:10038c000080fb0061006000004078000004e00089
:10039c000500320060062000509a8800e0a222007e
:1003ac008040eb000148780000000000e2003700bc
:1003bc0010002000509a8800df003700e0a22200d5
:1003cc00104078008040e800e0a22200014878004c
:1003dc00e0a2220010407800e94f500003003600e4
:1003ec00c0062000509a8800d30037006006200019
:1003fc00509a8800d0003700e0a22200104078000c
:10040c000080fb0050528900505281004600dd00f4
:10041c0050528900505281001004b0005052890093
:10042c00505281000080e80085f12200a4f12200e6
:10043c0013a5220012c0b3008000780000cab300dc
:10044c001eb802000100000010a5220090407800a8
:10045c0000c8b30080c06000c0a42200014878002e
:10046c0050062000509a880010a5220010407800f9
:10047c000080fb00700060000000e000a50032006e
:10048c00920120008000eb00f0a22200f204020096
:10049c0000000000f1a222005052810072004000c6
:1004ac0084f12200a3f12200010178008000780081
:1004bc0000cab30012f902000100000080a422005f
:1004cc008040eb0001487800f0a222001040780038
:1004dc000004e00091003200f0a222006cfb02004c
:1004ec00010000000000e0008e003200c028210056
:1004fc0021c3b3000148780070062000509a880090
:10050c008d003700f0a22200104078000004e000bb
:10051c002d003200e0d82000104078000080fb0055
:10052c00640060000000e0002700320020598100c8
:10053c00610060000000e00025003a00c0a4220029
:10054c00104078000004e0000900320091aa2c0051
:10055c00c0c820007afa020001000000f1a22200bb
:10056c00c0c82000bcc0020000000000080037001a
:10057c0001ab2c00c0c820007afa02000100000078
:10058c00f1a22200c0c82000f6b902000000000051
:10059c0012c0b300f1b32000f0a222009ed50200dd
:1005ac0000000000c028210021c3b30001487800de
:1005bc00f0b320008040eb0001487800800620005a
:1005cc00509a88000200370050062000509a88008c
:1005dc00c0282100104078000004e00053003a00cd
:1005ec0050062000509a8800530037002059810093
:1005fc00614060000080fb00610060000000e000d2
:10060c0002003a0050062000509a8800c0282100b1
:10061c00104078000004e00046003a00500620002c
:10062c00509a88004400370010002000509a88002f
:10063c00410037003aff02000100000040ab2c00e3
:10064c00d6fe0200010000000000eb00509a88006a
:10065c0039003700000000003700370000000000b0
:10066c0035003700000000003300370000000000a8
:10067c0031003700000000002f00370000000000a0
:10068c002d003700000000002b0037000000000098
:10069c002900370000000000270037000000000090
:1006ac002500370000000000230037000000000088
:1006bc0021003700000000001f0037000000000080
:1006cc001d003700000000001b0037000000000078
:1006dc001900370000000000170037000000000070
:1006ec001500370000000000130037000000000068
:1006fc0011003700000000000f0037000000000060
:10070c000d003700000000000b0037000000000057
:10071c00090037000000000007003700000000004f
:10072c000500370000000000030037000000000047
:10073c000100370000000000e0dc200010407800d1
:10074c000080fb00680060000000e0001b0032002d
:10075c00b0358000640060000000e0000c003a003e
:10076c00e0dc2000104078000004e00013003500ad
:10077c00e0dc200010407800804078000174a0007c
:10078c00e0dc200001487800aaf807000b003700d5
:10079c00e0dc2000104078000004e00007003d0081
:1007ac00e0dc200010407800804078000174a1004b
:1007bc00e0dc2000014878009ef807000080fa0079
:1007cc00000006000200fa00004f78001e80fb00bb
:1007dc000000e00003003200e10f50000a0032007c
:1007ec0012003700a0358000620060000000e000bd
:1007fc000300320060ac2c00d6fe020001000000a9
:10080c00b426a90009003700a03580006200600002
:10081c000000e00003003a00f0ac2c00d6fe020011
:10082c0001000000b426a800000000000080fa00bf
:10083c00000006000000fa00501e80008040780086
:10084c00803a2100014878000080fa000000060080
:10085c000000fa0050912000104078000080fb004e
:10086c00a11d800001417800619120008270780008
:10087c0050912000104078008040e80050912000fa
:10088c0001487800801d8000620060000000e000dc
:10089c0001003200b023a900801d800064006000bc
:1008ac000000e00001003200b043a900801d800070
:1008bc00680060000000e00001003200b063a90095
:1008cc000080fa00000006000200fa00889fbe00bb
:1008dc008a9fbe00610507007a46a80080fd2000b3
:1008ec008040eb0001487800b0ff2f00b079890000
:1008fc00b0ff2f00e0798900c02a210080c0eb00f6
:10090c00014878000000eb00104088004080200077
:10091c008040eb00014878000000eb00e0598800b3
:10092c008080200011c0b300014878000000eb006b
:10093c00a0978800008020008040eb0001487800e0
:10094c00108020008040eb000148780030812000ae
:10095c008040eb0001487800208120008040eb00b3
:10096c0001487800822120008000eb000007210064
:10097c00f204020000000000620120008000eb0085
:10098c0020da2000f204020000000000620c2000bb
:10099c008000eb0040b22200f204020000000000d4
:1009ac00820d20008000eb00a07b2200f2040200ec
:1009bc0000000000720020008000eb0060052100a8
:1009cc00f204020000000000720020008000eb0026
:1009dc0060042100f20402000000000072002000fc
:1009ec008000eb0060062100f20402000000000011
:1009fc00720020008000eb00e0052100f2040200f0
:100a0c0000000000a20120008000eb0040d7200075
:100a1c00f204020000000000d20b20008000eb006a
:100a2c0000292200f20402000000000082002000d5
:100a3c008000eb00e08c2200f204020000000000b9
:100a4c00820320008000eb00a0dd2000f2040200f5
:100a5c0000000000a20120008000eb00202b2100f0
:100a6c00f204020000000000a20120008000eb0054
:100a7c00c02c2100f204020000000000c201200082
:100a8c008000eb0020cd2200f204020000000000e8
:100a9c00f0ff270020968800802c2100a1c5b30010
:100aac0001487800902c2100a1c5b30001487800c2
:100abc00a02c2100a1c5b30001487800202e2100f4
:100acc00a1c5b30001487800302e2100a1c5b300a8
:100adc0001487800402e2100a1c5b30001487800e0
:100aec00621020008000eb0020422200f204020081
:100afc00000000000000eb00000f78000900370038
:100b0c001e007800c200dd0060ff20000080400065
:100b1c00420020008000eb00f20402000000000004
:100b2c001e0fe8001e007800f30f5000f4ff340095
:100b3c0060d822008040eb000148780040d82200a9
:100b4c008040eb000148780030d822008040eb0058
:100b5c000148780000d822008040eb000148780062
:100b6c0010d822008040eb000148780020d82200e9
:100b7c008040eb00014878006000b800406b8900b1
:100b8c00516b89006000b800806b8900916b890003
:100b9c0090282100f1c3b300014878006000b80030
:100bac00606b8900716b89006000b800a06b8900d4
:100bbc00b16b890080282100f1c3b3000148780093
:100bcc0080d722008040eb00014878000000eb0049
:100bdc00d06b89006000b8002069890031698900f8
:100bec006000b80040698900516989006000b80054
:100bfc0060698900716989006000b80080698900aa
:100c0c009169890040d322008040eb0001487800b4
:100c1c0050d322008040eb0001487800e005210011
:100c2c0091c1b3000148780080d520008040eb00d2
:100c3c000148780090d520008040eb0001487800f6
:100c4c00a0d520008040eb0001487800e0d82000bf
:100c5c008040eb0001487800d02a21008040eb0056
:100c6c0001487800d08020008040eb0001487800db
:100c7c00bafe020001000000013b80000040200091
:100c8c00008060000000e0000400320000f22c0044
:100c9c00d6fe0200010000000300370060f32c00b8
:100cac00d6fe0200010000000000eb00000f7800ef
:100cbc000b00370040d920001e0040008040eb00a4
:100ccc000148780081d920001e0078000000400007
:100cdc00008040008000eb00010878001e0fe80047
:100cec001e007800e30f5000f2ff34006000b800e3
:100cfc00603d8900713d89000000eb005040880088
:100d0c000000eb00c07889000000eb00407e8800fa
:100d1c000000eb00507e88000000eb00a07e8800f5
:100d2c000000eb00607e88000000eb00907e8800e5
:100d3c00007d2000b07e8800602e21008040eb00fa
:100d4c00014878000000eb00707e88000000eb008a
:100d5c00807e8800008120008040eb0001487800f4
:100d6c00b6e6a800b6c6a800ca06a800ca26a800ff
:100d7c00208120008040eb00014878003081200069
:100d8c008040eb0001487800409120008040eb004f
:100d9c0001487800509120008040eb000148780019
:100dac0070b120008040eb000148780010b32000a7
:100dbc008040eb000148780000da20008040eb0016
:100dcc0001487800420020008000eb0000dd20008c
:100ddc00f204020000000000e20020008000eb00a2
:100dec00608d2200f204020000000000d20b2000f3
:100dfc008000eb0000292200f20402000000000039
:100e0c0090040700f9040700d9040700cab90200ce
:100e1c0001000000a0f122008040eb0001487800a6
:100e2c0040012000c0788900523a02000100000005
:100e3c000040eb00e883020001000000e08020008d
:100e4c0011c8b30001487800f0dc20008040eb00b2
:100e5c00014878000081200041c0b30001487800af
:100e6c000000eb00309d8800b0ef20008040eb00cc
:100e7c000148780050fc20008040eb0001487800cd
:100e8c00b606a90000ee22008040eb000148780075
:100e9c00e02a21008040eb0001487800002b210063
:100eac00104078008080fb00000220000080600071
:100ebc000000e000040032000040eb0022e10200e0
:100ecc00010000000300370010c0b30022e1020053
:100edc00010000005275020001000000f004210026
:100eec00104078000000fb00cf80de00c097880027
:100efc00d1978800c0978000d197800012072000fe
:100f0c000289b900020178006002b90084017800fe
:100f1c0003014100130720000300b8000101410048
:100f2c0082007800c0978800d197880010052100b6
:100f3c00104078000001fb00cf91de00c0978000cc
:100f4c00d19780000200400083804800c097880041
:100f5c00d1978800c0978000d197800002072000ad
:100f6c000289b900020178006002b900840178009e
:100f7c0003014100030720000300b80001014100f8
:100f8c0082007800c0978800d1978800e004210087
:100f9c00104078000001fb00cf91de00c09780006c
:100fac00d19780000200400083804800c0978800e1
:100fbc00d1978800c0978000d1978000f20620005e
:100fcc000289b900020178006002b900840178003e
:100fdc0003014100f30620000300b80001014100a9
:100fec0082007800c0978800d19788000005210006
:100ffc00104078000001fb00cf91de00c09780000c
:10100c00d19780000200400083804800c097880080
:10101c00d19788000700370000000000050037005a
:10102c000000000003003700000000000100370042
:10103c00000000000060fe00c02a21008040eb0090
:10104c000148780000312100104078000004e000d5
:10105c0002003a005eee020001000000c02a2100ee
:10106c0011c0b300014878006031210010407800b5
:10107c000004e00002003a0084ed020000000000d1
:10108c00c02a210021c0b30001487800c0312100e2
:10109c00104078000004e00002003a00f00002006a
:1010ac0002000000c02a210031c0b30001487800c2
:1010bc0020322100104078000004e00002003a00c9
:1010cc0024fd020001000000c02a210041c0b30031
:1010dc000148780080322100104078000004e000c4
:1010ec0002003a00f8d1020001000000c02a2100e1
:1010fc0051c0b30001487800e03221001040780064
:10110c000004e00002003a00d2db02000100000003
:10111c00c02a210071c0b30001487800c02a210008
:10112c0091c0b30001487800603421001040780071
:10113c000004e00002003a00aa7502000100000061
:10114c00c02a2100a1c0b30001487800c03421009e
:10115c00104078000004e00002003a00ca010200ce
:10116c0002000000c02a2100b1c0b3000148780081
:10117c0020352100104078000004e00002003a0005
:10118c004262020001000000c02a2100c1c0b3006d
:10119c000148780080352100104078000004e00000
:1011ac0002003a0094f1020001000000c02a210064
:1011bc00d1c0b30001487800e03521001040780020
:1011cc000004e00002003a0000920200010000005e
:1011dc00c02a2100e1c0b30001487800403621004c
:1011ec00104078000004e00002003a00a0ea02007f
:1011fc0001000000c02a2100f1c0b30001487800b2
:10120c00a0362100104078000004e00002003a00f3
:10121c00149e020001000000c02a210011c1b3007d
:10122c000148780060372100104078000004e0008d
:10123c0002003a00e4bd020001000000c02a2100b7
:10124c0021c1b30001487800c0372100104078005c
:10125c000004e00002003a0020e702000100000058
:10126c00c02a210031c1b300014878002038210088
:10127c00104078000004e00002003a0064f4020020
:10128c0001000000c02a210041c1b30001487800d0
:10129c0080382100104078000004e00002003a0081
:1012ac0064c5020001000000c02a210061c1b30026
:1012bc000148780040392100104078000004e0001b
:1012cc0002003a0010e20200010000001040800011
:1012dc000000e00071003200120037002081200075
:1012ec00104078000080fb004181200061407800b4
:1012fc000080fb00901d88002081200010407800a9
:10130c000080fb00418120000041eb0082707800de
:10131c0020812000104078008040e80020812000cf
:10132c0001487800811d80000010200000806000c2
:10133c000000e00035003200208120009040780051
:10134c00308120001040780080cf5000e3ff3a003d
:10135c002f00370040802000104078000080fb00f8
:10136c00e1e92200e1407800409120001040780033
:10137c000080fb00629120006240780080cf50001a
:10138c0012003a0040802000104078008040e800b5
:10139c0040802000014878004080200010407800f8
:1013ac000080fb00e1e92200614078000004e000cd
:1013bc0009003a00408020008040eb000148780092
:1013cc0010002000104088000300370040802000ef
:1013dc008040eb00014878004091200010407800dc
:1013ec000080fb0061912000614078000080fb00d0
:1013fc00e01c880040912000104078008040e800fc
:10140c0040912000014878000100370000000000e6
:10141c00d11c800000102000008060000000e00063
:10142c00380032004091200090407800509120000c
:10143c001040780080cf5000c6ff3a0031003700d2
:10144c0060802000104078000004e00007003a00a3
:10145c0020812000104078000080fb00418120009a
:10146c00614078009ede0200000000002081200018
:10147c00104078000080fb00418120000041eb000f
:10148c008270780020812000104078008040e800b5
:10149c002081200001487800010037000000000086
:1014ac00208120009040780030812000104078008e
:1014bc0080cf5000e2ff3a000c0037004091200032
:1014cc00104078000080fb006191200061407800a2
:1014dc0054fe0200010000004091200010407800f2
:1014ec008040e800409120000148780040912000a5
:1014fc0090407800509120001040780080cf500030
:10150c00eeff3a0080d52000104078000004e00087
:10151c0014003a0090d52000104078000004e00040
:10152c0010003a00a0d52000104078000004e00024
:10153c000c003a00b0358000610060000000e00053
:10154c000400320000ee220010407800e24f500000
:10155c000400320060d82000104078000004e00045
:10156c000400320010c0b300e88302000100000048
:10157c00030037000040eb00e8830200010000008c
:10158c00003a2100104078000004e000a2fe320076
:10159c00003a21008040eb0001487800603d81005a
:1015ac00713d8100e00f5000e08f580006003200c2
:1015bc00603d8100713d810061005000e080580069
:1015cc00603d8900713d8900504080000000e000c2
:1015dc0009003200504080000000e90050408800b3
:1015ec00504080000000e00003003a00c0f42c00e2
:1015fc00d6fe020001000000407e8000e10f40009a
:10160c0003003200407e80000000e800407e88002d
:10161c00507e8000e10f400003003200507e8000bd
:10162c000000e800507e8800607e8000e10f4000e2
:10163c0003003200607e80000000e800607e8800bd
:10164c00707e8000e10f400003003200707e80004d
:10165c000000e800707e8800807e8000e10f400072
:10166c0003003200807e80000000e800807e88004d
:10167c00907e8000e10f400003003200907e8000dd
:10168c000000e800907e8800a07e8000e10f400002
:10169c0003003200a07e80000000e800a07e8800dd
:1016ac00b07e80000000e00003003200b07e8000bd
:1016bc000000e900b07e8800e0dd80000000e00062
:1016cc0004003200e0dd80000000e900e0dd88006d
:1016dc0009003700e0dd8000e10f500006003a0001
:1016ec00e0dd80000000e900e0dd8800d0f62c0091
:1016fc00d6fe020001000000309d80000000e800d2
:10170c00309d8800319d800000192000808f500092
:10171c00520036000000eb00309d8800f0dc200009
:10172c00104078000004e0002c003200f0dc2000b7
:10173c008040eb0001487800e080200010407800e9
:10174c000004e00006003d00e0802000104078001e
:10175c00804078000174a100e080200001487800ee
:10176c00f0802000104078000004e0003b003d00b9
:10177c00f0802000104078008080fb0000062000e4
:10178c00008060000000e00034003a00f08020008f
:10179c0010407800e3406000f080200001487800a1
:1017ac00f0802000104078000004e00005003200ba
:1017bc00f0802000104078008040e800f08020008d
:1017cc0001487800f0802000104078008040e8004c
:1017dc00008120000148780020003700f0dc200058
:1017ec0011c0b30001487800e08020001040780060
:1017fc000004e00009003200e08020001040780076
:10180c000004e00005003500e08020001040780066
:10181c008040e900e080200001487800f080200042
:10182c00104078000004e0000c003200f080200032
:10183c00104078008080fb00000e200000806000cb
:10184c000000e00005003a00f08020001040780015
:10185c008040e900f080200001487800109d800055
:10186c000000e800109d8800119d8000803e200043
:10187c00808f5000eafd36000000eb00109d8800c0
:10188c0090958000a1958000000078006f006000aa
:10189c008004eb00000478000801be00c0978000b3
:1018ac00d197800002004000838048006300400014
:1018bc00e0804800c0978800d1978800403a21000a
:1018cc00104078000004e00004003200403a21008f
:1018dc008040eb00014878000c003700403a2100b2
:1018ec0011c0b3000148780080d822001040780065
:1018fc000004e0000500320080d82200104078007f
:10190c008040e90080d8220001487800a0d5200052
:10191c00104078000004e00005003200a0d5200043
:10192c00104078008040e900a0d5200001487800e4
:10193c0092958000a3958000e0ff2f00f1ff20001e
:10194c00800f5100818f590006003e009095800059
:10195c00a195800061004000e080480090958800cf
:10196c00a1958800d08a220010407800e34f5000e7
:10197c0006003a00b0958000e10f400003003200f1
:10198c00b09580000000e800b0958800b08c220073
:10199c0010407800e34f500006003a00c0958000dc
:1019ac00e10f400003003200c09580000000e80009
:1019bc00c0958800d08a220010407800e34f500078
:1019cc0003003a00704581000000e8007045890072
:1019dc00b08c220010407800e34f500003003a0016
:1019ec00604681000000e8006046890060d8200055
:1019fc00104078000004e0000e00320060d8200097
:101a0c00104078008040e90060d820000148780040
:101a1c0060d82000104078000004e00005003a0077
:101a2c00a20120008000eb0040d72000f20402004d
:101a3c0000000000c0d82000104078000004e00036
:101a4c0005003200c0d82000104078008040e9002a
:101a5c00c0d8200001487800d0db80000000e000f6
:101a6c0003003200d0db80000000e900d0db8800ee
:101a7c0030d9200010407800e14f400005003200c2
:101a8c0030d92000104078008040e80030d9200088
:101a9c000148780021598100000e20000080600070
:101aac000000e0000d003200205981004500de00ee
:101abc00674060000040e900674060000080fb0068
:101acc00670060004500dd0022598100f1f12f0014
:101adc00810061000100700020598900b070800005
:101aec000000e00003003400b07080000000e9004a
:101afc00b0708800b07080000000e00003003d0072
:101b0c00b07080000000e800b070880060b1200068
:101b1c00104078000004e0000500320060b12000a5
:101b2c00104078008040e90060b120000148780046
:101b3c00b0282100104078000004e00005003200bd
:101b4c00b0282100104078008040e900b028210026
:101b5c0001487800c0282100104078000004e00003
:101b6c0005003200c0282100104078008040e900b8
:101b7c00c028210001487800d028210010407800ae
:101b8c000004e00005003200d0282100104078004d
:101b9c008040e900d028210001487800e02821008d
:101bac00104078000004e00005003200e02821001d
:101bbc00104078008040e900e028210001487800be
:101bcc00f0282100104078000004e00005003200ed
:101bdc00f0282100104078008040e900f028210016
:101bec000148780000292100104078000004e00032
:101bfc000500320000292100104078008040e900e7
:101c0c00002921000148780010292100104078009b
:101c1c000004e0000500320010292100104078007b
:101c2c008040e9001029210001487800f03e220094
:101c3c00104078000004e00005003200f03e220065
:101c4c00104078008040e900f03e22000148780006
:101c5c0000812000104078000004e00005003200f4
:101c6c0000812000104078008040e90000812000b5
:101c7c0001487800104080000000e00003003200b2
:101c8c00104080000000e900104088009070800037
:101c9c000000e800907088009170800000e1200046
:101cac00808f500008003600d0f72c00d6fe0200c2
:101cbc000100000050e1200011c0b3000148780081
:101ccc000000eb009070880090958000a19580003a
:101cdc0000007800670060008005eb0000057800cc
:101cec000a00be00e00f5000e08f5800cefc3a0016
:101cfc0080802000104078000004e000ccfc320012
:101d0c0062002000b1f92c00c0c82000e4040200dd
:101d1c0000000000c1c82000c0c8200030a702008d
:101d2c0000000000f0b32000d6fe0200010000000d
:101d3c0010fa2c00d6fe0200010000003aff02004f
:101d4c000100000080fd2000104078008001fb00a5
:101d5c0090fd2000104078000001fb0040f22200b2
:101d6c00104078008080fb0080d822001040780062
:101d7c000080fb00831f7800821f7800811f780091
:101d8c00801f780030fa2c00801f7800c0c820001b
:101d9c00bc04020000000000ea875700c0c8200005
:101dac00d6fe020001000000f0b320008040eb00e2
:101dbc00014878009ffc37000200fa00004f7800c1
:101dcc001e80fb006600b900800078000031210005
:101ddc00008040008040eb00014878000080fa0051
:101dec00000006000200fa00004f78001e80fb0085
:101dfc006600b900800078000031210000804000ae
:101e0c0021c0b300014878000080fa0000000600f1
:101e1c000400fa00004f7800110798001e80fb00a8
:101e2c006600b9008000780020312100008040005d
:101e3c009e009000010878001e80fb006600b9002f
:101e4c0080007800003121000080400011c0b300f8
:101e5c00014878000080fa00000006000000fa003b
:101e6c0040002000d033880000002400703488002b
:101e7c00a226ef00c00c2000b035880030002000f6
:101e8c005036880000182000f0368800303f2400bf
:101e9c00b03388000000240050348800e023200078
:101eac00f03488004000200090358800c0072000e6
:101ebc0030368800c0342000d03688008826ef00e9
:101ecc009c26ef00b026ef00c426ef00d826ef00ca
:101edc00ec26ef008626ef009a26ef00ae26ef00e8
:101eec004000200010368800d626ef00ea26ef00ce
:101efc00002020005037880000042000b0368800f5
:101f0c007c26ef009026ef00a426ef00b826ef0009
:101f1c00cc26ef00e026ef00001f2000f0338800f5
:101f2c009226ef00a626ef00ba26ef00e226ef007d
:101f3c0001088000f00b200000816000600420008c
:101f4c007105200003102000804978008149780039
:101f5c0082497800813f8000f00f2800808060006b
:101f6c000050200001007000803f8800b13e8000ce
:101f7c0000f82f0000806000b000b300b03e880075
:101f8c00e13d800000fc2f00008060000020a000dc
:101f9c00e03d8800913d8000f00f2c0080806000b7
:101fac000050220001007000903d8800713f8000bd
:101fbc0000f82f00008060003000b300703f8800f4
:101fcc00a13d800000fc2f00008060003001b300b8
:101fdc00a03d8800b13e8000f00f2800808060009a
:101fec0000a0200001007000b03e8800f13e80008f
:101ffc00f00f28008080600000302100010070008c
:10200c00f03e8800b13d800000fc2f000080600095
:10201c00e000b300b03d88000008800000017800ab
:10202c000260a00060042000710520000310200055
:10203c008049780081497800824978000080fa0054
:10204c00000006000000fa0041058000f0ff2800a7
:10205c000080600000c0a000400588009021ef00c7
:10206c00f0e72300900c880000002800a00c8800ea
:10207c008860a9009860a80041068000f0f82f0045
:10208c00008060000040a0004006880071058000c0
:10209c0080ff2f00008060000000a0007005880009
:1020ac0061058000f0ff28000080600000c0a000e7
:1020bc006005880041068000f08f2f0000806000d2
:1020cc000080a00040068800b1058000f0ff2800c9
:1020dc000080600000c0a000b0058800b105800041
:1020ec00f08f2f00008060000080a000b0058800f9
:1020fc0081068000f0f82f00008060000040a000f6
:10210c008006880081068000f0ff280000806000b7
:10211c0000c0a0008006880081068000f08f2f0090
:10212c00008060000080a00080068800e726a800e0
:10213c00e926a900d2c6a800d4c6a900d446a90095
:10214c00d246a800d466a900d266a800d486a900fd
:10215c00d286a800d4a6a900d2a6a8005fe6a80043
:10216c008a60a9009a60a8000080fa0000000600ae
:10217c000200fa000000eb00000f78001600370098
:10218c001e0078006600b900800078000031210044
:10219c00008040008040eb00014878001e00780071
:1021ac006600b900800078002031210000804000da
:1021bc008000eb00010878001e0078006600b90072
:1021cc008000780040312100008040008000eb004e
:1021dc00010878001e0fe8001e007800f70f500071
:1021ec00e7ff34000080fa00000006000000fa004f
:1021fc0000072800303a88004827ef0000a3200091
:10220c00503a880060002000603a88004e27ef00aa
:10221c005027ef005627ef005a27ef00f422ef006b
:10222c000080fa00000006000200fa00004f78005f
:10223c001e80fb00603a88004627a8000080fa0048
:10224c00000006000200fa00010037000000000048
:10225c00303a8000610060000000e000fbff3200bb
:10226c0091388000010f78001e0078000080fa0081
:10227c00000006000e00fa00200798006147980045
:10228c0072479800034f9800144f9800254f980000
:10229c00364f9800474f98000040eb00004f7800f5
:1022ac007e4090000004e00002003a00c0c3b3007e
:1022bc00704798002e009000104078000004e00059
:1022cc0045003200f01f8100e30f500042003a003d
:1022dc0090de020001000000e14f500020003a00a7
:1022ec00109b80000000e0001d003a003aff020045
:1022fc0001000000ee40900020d920000148780039
:10230c00ae009000b0d822007afa02000100000062
:10231c0050da2200fe40900001487800f0dd2200e7
:10232c009e4890000148780000de2200ae489000e4
:10233c000148780010de2200be4890000148780069
:10234c0030de2200ce4890000148780010002000ba
:10235c00109b880010c0b300004f78001e0037009f
:10236c000e4890000004e0001b0032003aff02000f
:10237c0001000000e01d2c00d6fe02000100000050
:10238c0040df020001000000ee40900000dc220063
:10239c0001487800ae00900060da22007afa020060
:1023ac000100000010dc2200fe4090000148780083
:1023bc0030de22008040eb0001487800109b80004a
:1023cc000000e00002003a0000052000109b88008d
:1023dc0010c0b300004f7800c01e2c0010079800ee
:1023ec00201f2c00100798001e4078000080fa0077
:1023fc00000006000200fa00881f7800109b800085
:10240c008000eb006208200003002000820f5000c7
:10241c00838f5800bf053e00006001008600370026
:10242c00a7003700dd003700eb003700250137002f
:10243c0046013700b7053700b6053700b50537003c
:10244c00b4053700b305370049013700b105370033
:10245c007a01370065033700ae053700a603370055
:10246c00b0033700ca033700d5033700df0337004a
:10247c00a8053700a7053700a6053700a5053700c6
:10248c00a4053700a3053700a2053700a1053700c6
:10249c00a00537009f0537009e0537009d053700c6
:1024ac009c0537009b0537009a05370099053700c6
:1024bc00980537009705370096053700e603370077
:1024cc00fd0337000b043700470437006c0437005a
:1024dc00900537008f0537008e0537008d053700c6
:1024ec00700437008b0537008a05370089053700e3
:1024fc0088053700870537008605370085053700c6
:10250c0084053700830537008205370072043700d5
:10251c008604370094043700db0437001a053700b3
:10252c007c0537007b0537007a05370079053700c5
:10253c002405370077053700760537007505370019
:10254c0074053700730537007205370071053700c5
:10255c00700537006f0537006e0537002c05370006
:10256c00360537006b0537006a05370069053700fb
:10257c0068053700670537006605370065053700c5
:10258c0064053700630537006205370061053700c5
:10259c00600537005f0537005e0537005d053700c5
:1025ac005c0537005b0537005a05370059053700c5
:1025bc0058053700570537005605370055053700c5
:1025cc0054053700530537005205370051053700c5
:1025dc00500537004f0537004e0537004d053700c5
:1025ec004c0537004b0537004a05370049053700c5
:1025fc0048053700470537004605370045053700c5
:10260c0044053700430537004205370041053700c4
:10261c00400537003f0537003e0537003d053700c4
:10262c00c5013700de0137004f023700b602370014
:10263c00c0023700c7023700b0d822008040eb0040
:10264c000148780060da22008040eb0001487800f5
:10265c0020d920008040eb000148780010d92000e0
:10266c008040eb000148780090de02000100000081
:10267c00e14f500007003a0010d9200010407800bc
:10268c00804078000104a00010d920000148780097
:10269c000600370010d920001040780080407800e8
:1026ac000104a10010d9200001487800410120004c
:1026bc00d0c0b3000e8f0200010000004a053700a5
:1026cc0020de220011c0b3000148780050de220049
:1026dc0011c0b3000148780010d9200010407800d8
:1026ec00804078000104a10010d920000148780036
:1026fc0010d9200010407800804078000114a00010
:10270c0010d920000148780010d920001040780022
:10271c00804078000124a10010d9200001487800e5
:10272c0010d9200010407800804078000134a100be
:10273c0010d920000148780010d9200010407800f2
:10274c00804078000154a10010d920000148780085
:10275c0010d9200010407800804078000164a1005e
:10276c0010d9200001487800a0d822008040eb004e
:10277c000148780020d9200010407800e24f50002a
:10278c0003003a00b0002000109b880016053700ab
:10279c0030002000109b880013053700a0d82200c1
:1027ac00104078008040e800a0d822000148780052
:1027bc00a0d8220010407800e94f500003003600ea
:1027cc00b0002000109b8800070537003000200067
:1027dc00109b880004053700a0d822001040780018
:1027ec000080fb00e06e8900e06e81004600dd0099
:1027fc00e06e8900e06e81001004b000e06e89008c
:10280c0021dc2200e06e81000080e80085f12200ce
:10281c00a4f122008101780012c0b300800078007e
:10282c0000cab3001eb80200010000002000200006
:10283c00109b880020dc2200104078000000fb0078
:10284c0061006000004078000004e000b704320032
:10285c00920120008000eb0020dc2200f204020038
:10286c000000000021dc2200e06e810072004000bc
:10287c0084f12200a3f1220001017800800078008d
:10288c0000cab30012f9020001000000b0dd220002
:10289c008040eb000148780020dc22006cfb020039
:1028ac00010000000000e000a2043200e02821003a
:1028bc0041c1b3000148780040002000109b880003
:1028cc00c904370020dc2200104078000004e0002e
:1028dc001500320020598100610060000000e0000a
:1028ec0013003a00a0d8220010407800b2d8220081
:1028fc0021dc2200a2d80200000000000004e0004d
:10290c000600320050002000109b8800e0282100b7
:10291c00a1c0b3000148780005003700200020005a
:10292c00109b88000200370020002000109b8800bc
:10293c00e0282100104078000004e0007f043a00f9
:10294c0020002000109b8800a7043700205981002c
:10295c00614060000080fb00610060000000e0004e
:10296c0078043a0020002000109b88009e04370059
:10297c0090de020001000000e14f500027003a00f9
:10298c0010c4b300304d02000100000050da2200e8
:10299c001040780080407800b0d82200b2de0200ef
:1029ac0001000000e14f500014003a003aff020011
:1029bc0001000000301f2c00d6fe020001000000b8
:1029cc00f0202c00d6fe020001000000108b22002b
:1029dc00d6fe02000100000090212c00d6fe020061
:1029ec000100000030d920008040eb000148780045
:1029fc00d0002000109b88007b0437003aff0200b7
:102a0c0001000000b0212c00d6fe020001000000e5
:102a1c00c0032000109b8800730437003aff0200ab
:102a2c000100000090232c00d6fe020001000000e3
:102a3c00c0032000109b88006b04370020d92000b5
:102a4c0010407800e24f50001500320080458100a4
:102a5c00620060000000e0000800320092c0b30089
:102a6c00e1242c0050d7200044fa020001000000a1
:102a7c00804581000010a1008045890050de2200b5
:102a8c0011c0b3000148780010d920001040780024
:102a9c00804078000114a00010d920000148780073
:102aac0030d920009040780050da22001040780095
:102abc0080cf5000130039003aff020001000000e3
:102acc0080252c00d6fe02000100000020de220032
:102adc0021c0b3000148780040df02000100000073
:102aec0030012000109b880020d920001040780075
:102afc00e24f500003003200f0fd200011c0b30083
:102b0c0001487800b08c220010407800e14f500052
:102b1c000e043200b08c220010407800e34f5000bd
:102b2c0063003a0010d920001040780080407800f3
:102b3c000114a10010d920000148780010d9200000
:102b4c0010407800804078000124a00010d92000ab
:102b5c000148780020d92000104078000004e000e3
:102b6c0037003200320020008000eb0080db2000b8
:102b7c00f20402000000000080db200085f122003e
:102b8c00a4f122008001780032c0b3008101200042
:102b9c0000cab3001eb8020001000000b0db200028
:102bac008040eb000148780085f12200a4f122005e
:102bbc00e306210012c0b300c103200000cab30019
:102bcc001eb8020001000000e00621001040780051
:102bdc000004e00004003200e00621001040780000
:102bec00f44f500003003600e006210051c0b30042
:102bfc000148780085f12200a4f12200f30621009f
:102c0c0012c0b300d103200000cab3001eb80200ea
:102c1c0001000000f0062100104078000004e000e4
:102c2c0004003200f006210010407800e64f40000e
:102c3c0003003600f006210001c5b30001487800fe
:102c4c0020d92000104078000004e0000d00320074
:102c5c0080db2000104078000004e0000900320006
:102c6c0040c4b300304d02000100000020082000d9
:102c7c00109b880050da220031c0b3000148780064
:102c8c000b00370080d5200011c0b300014878003c
:102c9c0000c5b3005edf020001000000e000200070
:102cac00109b8800f0c4b300304d020001000000fe
:102cbc00b08c2200104078000004e00004003200c8
:102ccc00b08c220010407800e64f5000a1033a006f
:102cdc003aff020001000000b0262c00d6fe0200d4
:102cec0001000000b08c22001040780032c0b3000c
:102cfc00c1c82000c8ce020001000000c0c82000de
:102d0c00d6fe02000100000040282c00d6fe020076
:102d1c0001000000b0d82200d6fe02000100000025
:102d2c0090212c00d6fe020001000000c003200000
:102d3c00109b8800ac03370092c0b300e1242c0038
:102d4c0050d7200044fa0200010000000000e0000f
:102d5c0003003a0040c4b300304d020001000000f3
:102d6c0041012000d0c0b3000e8f02000100000012
:102d7c00e0dd2200104078008040e900e0dd220018
:102d8c0001487800e0dd2200104078000004e000eb
:102d9c0072033a0020082000109b88009203370031
:102dac0020d9200010407800e24f5000050032007e
:102dbc0092c0b300e1242c0050d7200044fa02004a
:102dcc000100000040c4b300304d020001000000bf
:102ddc0020d9200010407800e14f500026003a0026
:102dec0010d9200010407800804078000134a000f9
:102dfc0010d92000014878003aff020001000000c1
:102e0c0060282c00d6fe02000100000080db2000b0
:102e1c00d6fe02000100000030292c00d6fe020074
:102e2c0001000000e00621001044780080db200047
:102e3c00a4ce020001000000004078000841780098
:102e4c008040780080db200062e10200010000007d
:102e5c000004e00005003a003aff02000100000007
:102e6c0060292c00d6fe0200010000003008200072
:102e7c00109b88005c03370081db2000c0c8200059
:102e8c007afa020001000000000f7800c0c8200090
:102e9c001e004000a1c2b300014878001e0fe800dc
:102eac009e007800c0c8200080804000106d80001b
:102ebc000040780032c0b300c8ce02000100000010
:102ecc001e0f4000c0c820001e00400031c2b300dd
:102edc00014878001e0fe800c0c820001e0040000a
:102eec008040eb00014878003aff0200010000002e
:102efc00302a2c00d6fe020001000000c0c82000c1
:102f0c00d6fe02000100000030292c00d6fe020083
:102f1c0001000000e006210010447800c0c8200029
:102f2c00a4ce0200010000000040780008417800a7
:102f3c0080407800c0c8200062e10200010000005f
:102f4c000004e00005003a003aff02000100000016
:102f5c0060292c00d6fe0200010000004008200071
:102f6c00109b880020033700b04681006100600090
:102f7c000000e000fb023a0020d92000104078004d
:102f8c00e14f500031003a0050da22001040780036
:102f9c008040e90050da22000148780050da220023
:102fac00104078000004e0000b003200f006210015
:102fbc0090407800e0dd22000148780010082000e5
:102fcc00109b880041012000d0c0b3000e8f02007e
:102fdc000100000004033700102b2c00801f780028
:102fec00e02b2c00801f7800c0c82000d604020003
:102ffc0000000000e4875700c0c82000d6fe020085
:10300c000100000080d5200011c0b30001487800f9
:10301c0000c5b3005edf020001000000e0002000ec
:10302c00109b8800f0c4b300304d0200010000007a
:10303c0010d9200010407800804078000134a100a5
:10304c0010d9200001487800e7023700c0c82000e2
:10305c00a1c2b30001487800106d800000407800d8
:10306c0032c0b300d1c82000c8ce0200010000005d
:10307c0000c9200031c2b3000148780010c92000fb
:10308c008040eb00014878003aff0200010000008c
:10309c00002d2c00d6fe020001000000c0c820004c
:1030ac00d6fe02000100000090212c00d6fe02008a
:1030bc0001000000e006210010447800c0c8200088
:1030cc00a4ce020001000000004078000841780006
:1030dc0080407800c0c8200062e1020001000000be
:1030ec000004e00005003a003aff02000100000075
:1030fc0060292c00d6fe02000100000040082000d0
:10310c00109b8800b8023700b04681006100600057
:10311c000000e00095023a0050082000109b880047
:10312c0001fa2000d0c0b3000e8f02000100000095
:10313c00ad02370040df02000100000060082000f3
:10314c00109b8800e028210031c0b30001487800b2
:10315c00a5023700b08c2200104078000004e0007b
:10316c0018003a000000eb00109b880010d92000da
:10317c0010407800804078000154a00010d9200045
:10318c000148780010d92000104078008040780069
:10319c000114a10010d920000148780010d920009a
:1031ac0010407800804078000124a10010d9200044
:1031bc000148780020c5b300304d0200010000002a
:1031cc0089023700e0282100104078000004e0005c
:1031dc0068023a00e028210031c0b30001487800b1
:1031ec0040df0200010000007f023700f0c4b30092
:1031fc00304d020001000000f0fd20008040eb008b
:10320c0001487800b06a80000000e0000e00320037
:10321c005ae1020001000000b16a8000810f5000e9
:10322c00090036003aff020001000000102e2c00ad
:10323c00d6fe02000100000040df02000100000089
:10324c0000012000109b880060da220010407800fa
:10325c000004e000090032003aff02000100000007
:10326c00a02f2c00d6fe02000100000040df02005f
:10327c000100000000012000109b8800b08c22008f
:10328c00104078000004e0000d003a0020012000fe
:10329c00109b88003aff020001000000c0312c0096
:1032ac00d6fe020001000000a3242000d200200062
:1032bc008040eb00b0352c0060dc02000000000008
:1032cc0030de2200104078000004e0002b023200b7
:1032dc003aff02000100000050362c00d6fe02001e
:1032ec000100000040df020001000000000120008e
:1032fc00109b88003c023700e028210031c0b3004d
:10330c000148780050ff20008040eb000148780015
:10331c0040df02000100000010012000109b88001b
:10332c0031023700b08c2200104078000004e0001d
:10333c0008003a0020012000109b88003aff020090
:10334c0001000000d0382c00d6fe02000100000065
:10335c0025023700e0282100104078000004e0002e
:10336c0008023a00e028210031c0b300014878007f
:10337c0040df02000100000050ff200010407800e8
:10338c008040e80050ff200001487800160237000a
:10339c00d0c4b300304d02000100000080d52000e5
:1033ac008040eb000148780050ff20008040eb008b
:1033bc000148780080022000109b88000a02370028
:1033cc00e028210031c0b3000148780050ff2000f4
:1033dc008040eb000148780040df02000100000053
:1033ec0040012000109b8800ff013700b08c2200a8
:1033fc00104078000004e00008003a00c0032000f0
:10340c00109b88003aff020001000000803a2c005b
:10341c00d6fe020001000000f3013700e028210075
:10342c00104078000004e000d8013a00e0282100a8
:10343c0031c0b3000148780040df020001000000f9
:10344c0050ff2000104078008040e80050ff200022
:10345c0001487800e401370010d9200010407800b2
:10346c00804078000154a00010d920000148780059
:10347c0010d9200010407800804078000114a10081
:10348c0010d920000148780010d920001040780095
:10349c00804078000124a10010d920000148780058
:1034ac00a0d822008040eb0001487800a002200048
:1034bc00109b8800cc013700a0d822001040780067
:1034cc008040e800a0d8220001487800a0d8220053
:1034dc0010407800e94f5000030036001003200024
:1034ec00109b8800c0013700a0022000109b8800b0
:1034fc00bd013700d0c4b300304d02000100000004
:10350c00a0d82200104078000080fb00e06e8900fb
:10351c00e06e81004600dd00e06e8900e06e810007
:10352c001004b000e06e890021dc2200e06e810006
:10353c000080e80085f12200a4f1220081017800ce
:10354c0012c0b3008000780000cab3001eb802009d
:10355c000100000090022000109b880020dc22005b
:10356c00104078000000fb00620060000000e000ea
:10357c0088013200920120008000eb0020dc220048
:10358c00f20402000000000021dc2200e06e810049
:10359c007200400084f12200a3f1220001017800a6
:1035ac008000780000cab30012f90200010000008c
:1035bc00b0dd22008040eb000148780020dc2200c6
:1035cc006cfb0200010000000000e00073013200ff
:1035dc00b0022000109b8800e028210041c1b300fc
:1035ec00014878008001370020dc22001040780070
:1035fc000004e000190032002059810061006000d5
:10360c000000e00017003a005ae10200010000003f
:10361c0080007800a0d8220010407800810178004a
:10362c00b2d8220021dc2200ded70200000000000c
:10363c000004e00006003200c0022000109b88004d
:10364c00e0282100a1c0b300014878000500370034
:10365c0090022000109b880002003700900220008e
:10366c00109b8800e0282100104078000004e00046
:10367c004c013a0090022000109b88005a01370040
:10368c0020598100614060000080fb0061006000f7
:10369c000000e00045013a0090022000109b8800d9
:1036ac005101370060da2200104078000004e0007d
:1036bc000300320000052000109b88004a013700ef
:1036cc000000eb00109b880020c5b300304d0200b9
:1036dc000100000044013700f0fd200011c0b300d0
:1036ec000148780010d92000104078008040780004
:1036fc000114a10010d920000148780010d9200035
:10370c0010407800804078000124a10010d92000de
:10371c0001487800a0d822008040eb0001487800d6
:10372c00e0032000109b88002f013700a0d8220056
:10373c00104078008040e800a0d8220001487800b2
:10374c00a0d8220010407800e94f5000030036004a
:10375c0050042000109b880023013700e003200058
:10376c00109b880020013700d0c4b300304d0200fc
:10377c0001000000a0d82200104078000080fb005f
:10378c00e06e8900e06e81004600dd00e06e89008d
:10379c00e06e81001004b000e06e890021dc220094
:1037ac00e06e81000080e80085f12200a4f1220087
:1037bc008101780012c0b3008000780000cab30009
:1037cc001eb802000100000020dc2200104078002e
:1037dc008040780000c8b30080c0600040de22004a
:1037ec0001487800d0032000109b880020dc2200c8
:1037fc00104078000000fb00640060000000e00056
:10380c00ec003200920120008000eb0020dc220052
:10381c00f20402000000000021dc2200e06e8100b6
:10382c007200400084f12200a3f122000101780013
:10383c008000780000cab30012f9020001000000f9
:10384c00b0dd22008040eb000148780020dc220033
:10385c00104078000004e000d800320020dc220088
:10386c006cfb0200010000000000e000d5003200fb
:10387c00f0032000109b8800e028210041c1b30018
:10388c0001487800d800370020dc22001040780076
:10389c000004e00033003200205981006100600018
:1038ac000000e00031003a00f0dd2200904078008a
:1038bc0000de22001040780080cf500009003a0052
:1038cc00f0d8200090407800a0c5b30080cf500005
:1038dc000400320011c0b300000420002446020092
:1038ec000100000040de22009040780010de220033
:1038fc009042780020de22001042780000de220088
:10390c0090417800f0dd220010417800a0d8220010
:10391c001040780081437800054378008442780099
:10392c000342780082417800b2d8220021dc2200c8
:10393c0046d90200000000000004e000060032003e
:10394c0000042000109b8800e0282100a1c0b300d7
:10395c000148780005003700d0032000109b880038
:10396c0002003700d0032000109b8800e0282100c3
:10397c00104078000004e00094003a00d0032000ce
:10398c00109b88009800370020598100614060002e
:10399c000080fb00610060000000e00002003a00c3
:1039ac00d0032000109b880092c0b300e1242c00af
:1039bc0050d7200044fa0200010000000000e00093
:1039cc008400320010d9200010407800804078002c
:1039dc000164a00010d920000148780060da2200b0
:1039ec00104078000004e0000300320000052000c5
:1039fc00109b88007c0037000000eb00109b8800b7
:103a0c0020c5b300304d02000100000076003700e5
:103a1c0040df020001000000e028210031c0b300ab
:103a2c000148780050ff20008040eb0001487800ee
:103a3c0010052000109b88006b003700b08c220012
:103a4c00104078000004e00023003a0060da220005
:103a5c00104078000004e0001900320090de0200f3
:103a6c0001000000e14f50005c003a0000dc220035
:103a7c009040780020d920000148780030de2200e8
:103a8c008040eb000148780061da2200b0d82200b7
:103a9c007afa02000100000010dc2200904078004d
:103aac0050da22000148780010002000109b88009a
:103abc0060da22008040eb00014878004a003700b1
:103acc000000eb00109b880020c5b300304d0200b5
:103adc000100000044003700e0282100104078006d
:103aec000004e0003f003a00e028210031c0b300a0
:103afc000148780040df02000100000050ff200068
:103b0c00104078008040e80050ff20000148780009
:103b1c00350037000000eb00109b880020c5b30077
:103b2c00304d0200010000002f00370000000000a3
:103b3c002d003700000000002b00370000000000b3
:103b4c0029003700000000002700370000000000ab
:103b5c0025003700000000002300370000000000a3
:103b6c0021003700000000001f003700000000009b
:103b7c001d003700000000001b0037000000000093
:103b8c00190037000000000017003700000000008b
:103b9c001500370000000000130037000000000083
:103bac0011003700000000000f003700000000007b
:103bbc000d003700000000000b0037000000000073
:103bcc00090037000000000007003700000000006b
:103bdc000500370000000000030037000000000063
:103bec00010037000000000050ff2000104078005a
:103bfc00e34f5000060036003aff020001000000bf
:103c0c00303c2c00d6fe020001000000ffff370004
:103c1c004f0478000080fa00000006000000fa0053
:103c2c00403680004400de00614060000080fb00f4
:103c3c0061006000b16e80000100a1000100700005
:103c4c00b06e8800403680004500de0061406000a8
:103c5c000080fb006100600000004000b16e80003d
:103c6c000110a10001007000b06e88004036800089
:103c7c004300de00614060000080fb0061006000da
:103c8c004200dd00b16e80000120a1000100700037
:103c9c00b06e8800403680004200de00614060005b
:103cac000080fb00610060004300dd00b16e80000d
:103cbc000130a10001007000b06e8800a06e800081
:103ccc004800de0061406000804078000040eb005e
:103cdc00b2d9020001000000614060000080fb00ce
:103cec00610060004800dd00b16e80000180a10021
:103cfc0001007000b06e8800a06e80004900de00ec
:103d0c00614060008040780010c0b300b2d902005e
:103d1c0001000000614060000080fb006100600059
:103d2c004900dd00b16e80000190a100010070001f
:103d3c00b06e8800a06e80004a00de00614060001a
:103d4c008040780020c0b300b2d90200010000000e
:103d5c00614060000080fb00610060004a00dd00f3
:103d6c00b16e800001a0a10001007000b06e88004f
:103d7c00a06e80004b00de00614060008040780047
:103d8c0030c0b300b2d902000100000061406000f5
:103d9c000080fb00610060004b00dd00b16e800014
:103dac0001b0a10001007000b06e8800d1988000b5
:103dbc0000192000808f500004003200d198800040
:103dcc00a0112000808f50000f003a0090b320000b
:103ddc00104078006140600061406000614060000c
:103dec000080fb00610060004800dd00b16e8000c7
:103dfc000180a10001007000b06e880000812000dd
:103e0c0061c0b30001487800b06e80004800de004d
:103e1c00614060000080fb00610060004a00dd0032
:103e2c00d133800001a0a10001007000d0338800c4
:103e3c00b06e80004900de00614060000080fb0035
:103e4c00610060004b00dd00d133800001b0a100a7
:103e5c0001007000d0338800b06e80004a00de0094
:103e6c00614060000080fb00610060004c00dd00e0
:103e7c00d133800001c0a10001007000d033880054
:103e8c00b06e80004b00de00614060000080fb00e3
:103e9c00610060004d00dd00d133800001d0a10035
:103eac0001007000d0338800a06e8000e1406000fb
:103ebc00b06e80006140600080cf500038003a0046
:103ecc00a06e80000000d100e1406000b06e800068
:103edc000000d1006140600080cf500030003a00fb
:103eec00a06e80004200de00e1406000b06e8000f9
:103efc004200de006140600080cf500028003a0094
:103f0c00a06e80004300de00e1406000b06e8000d7
:103f1c004300de006140600080cf500020003a007a
:103f2c00a06e80004800de00e1406000b06e8000b2
:103f3c004800de006140600080cf500018003a005d
:103f4c00a06e80004900de00e1406000b06e800091
:103f5c004900de006140600080cf500010003a0044
:103f6c00a06e80004a00de00e1406000b06e800070
:103f7c004a00de006140600080cf500008003a002b
:103f8c00a06e80004b00de00e1406000b06e80004f
:103f9c004b00de006140600080cf50005e003200bc
:103fac0060b12000104078000004e00002003200f4
:103fbc00ce45020001000000b06e80006140600040
:103fcc000080fb0061006000a16e80000100a10078
:103fdc0001007000a06e8800b06e80000000d1005f
:103fec00614060000080fb00610060000000400048
:103ffc00a16e80000110a10001007000a06e88006d
:10400c00b06e80004200de00614060000080fb006a
:10401c00610060004200dd00a16e80000120a10063
:10402c0001007000a06e8800b06e80004300de00be
:10403c00614060000080fb00610060004300dd0017
:10404c00a16e80000130a10001007000a06e8800fc
:10405c00b06e80004400de00614060000080fb0018
:10406c00610060004400dd00a16e80000140a100f1
:10407c0001007000a06e8800b06e80004800de0069
:10408c00614060000080fb00610060004800dd00c2
:10409c00a16e80000180a10001007000a06e88005c
:1040ac00b06e80004900de00614060000080fb00c3
:1040bc00610060004900dd00a16e80000190a1004c
:1040cc0001007000a06e8800b06e80004a00de0017
:1040dc00614060000080fb00610060004a00dd0070
:1040ec00a16e800001a0a10001007000a06e8800ec
:1040fc00b06e80004b00de00614060000080fb0071
:10410c00610060004b00dd00a16e800001b0a100d9
:10411c0001007000a06e8800709b8000510620008a
:10412c00810f5000f302320051062000810f500025
:10413c001f003e00ea0f5000e4013200ea0f50006d
:10414c000c003e00e40f500030013200e40f500030
:10415c0003003e000000e0004300320099043700e9
:10416c00e50f50003b013200e60f5000ba0132005f
:10417c0094043700f40f500079023200f40f500011
:10418c0005003e00eb0f50002c023200ec0f5000eb
:10419c004e0232008b043700f50f50008b023200b8
:1041ac0041062000810f5000be023200850437000a
:1041bc00c1072000810f5000c9033200c107200045
:1041cc00810f500014003e0091072000810f500019
:1041dc002403320091072000810f500007003e009d
:1041ec0061062000810f5000e2023200810720009e
:1041fc00810f50000a03320072043700a10720001f
:10420c00810f500094033200b1072000810f500041
:10421c00a00332006b043700e10b2000810f50002b
:10422c0008043200e10b2000810f500007003e0013
:10423c00d1072000810f5000bb033200e1072000a2
:10424c00810f5000f50332005e043700f10b2000a3
:10425c00810f50000c043200a10f2000810f500080
:10426c0021043200570437000081200010407800f0
:10427c000004e0000700320040d920001040780014
:10428c00e24f500003003a001081200011c0b3002f
:10429c000148780048e10200010000000004e00041
:1042ac00c8003a00b08c2200104078000004e000f6
:1042bc00c4003a00e0b320008040eb0001487800d5
:1042cc0040d9200010407800e24f50000800320026
:1042dc0000da200010407800e14f500027003a002f
:1042ec0020598100610060000000e00023003a00ca
:1042fc0000812000104078000004e00019003a0012
:10430c00603f2c00d6fe020001000000e0b320004c
:10431c0010407800804078000114a000e0b3200029
:10432c000148780040d9200031c0b3000148780022
:10433c00002b2100104078008080fb00000420003e
:10434c00008060000000e0000c00320040402c00b7
:10435c00d6fe02000100000040062000709b880081
:10436c00060037001081200011c0b300014878000e
:10437c0040d9200041c0b3000148780050d920003a
:10438c0010407800e24f50000800320000da2000a4
:10439c0010407800e24f50000d003a002059810087
:1043ac00610060000000e00009003a00e0b320006a
:1043bc0010407800804078000124a000e0b3200079
:1043cc000148780050d9200031c0b3000148780072
:1043dc0060d9200010407800e24f500008003200f5
:1043ec0000da200010407800e34f50000d003a0036
:1043fc0020598100610060000000e00009003a00d3
:10440c00e0b3200010407800804078000134a00018
:10441c00e0b320000148780060d9200031c0b3001f
:10442c000148780070d9200010407800e24f50000d
:10443c000800320000da200010407800e44f5000f1
:10444c000d003a0020598100610060000000e0007e
:10445c0009003a00e0b3200010407800804078005a
:10446c000144a000e0b320000148780070d920007e
:10447c0031c0b3000148780000da20001040780009
:10448c000004e00007003200205981006100600048
:10449c000000e00003003a0000da20008040eb004e
:1044ac0001487800e0b32000104078000004e000e0
:1044bc0042003200f0fd200011c0b300014878002a
:1044cc00f0d8200090407800a0c5b30080cf5000f9
:1044dc0036003200007b22009040780010c3b300fd
:1044ec0080cf500005003200007b22009040780005
:1044fc0050c3b30080cf50002c003a0020e32200c0
:10450c008040eb0001487800b0e222008040eb00d4
:10451c000148780010e3220080c0eb0001487800cd
:10452c000029210081c2b30001487800002b210032
:10453c00104078008080fb000004200000806000a8
:10454c000000e00005003a0010412c00d6fe0200ed
:10455c000100000050002000709b8800e0802000cb
:10456c0011c8b3000148780040f2220010407800d6
:10457c000080fb00640060000000e0000f003200cf
:10458c00e0d82000104078000080fb006400600040
:10459c000000e0000800320011c0b30010c0b300ee
:1045ac00640102000200000004003700e00b200050
:1045bc00709b880001003700000000000000000024
:1045cc00a8033700d08a220010407800e24f500038
:1045dc007f033a0090448100620060000000e0001c
:1045ec007d03320040d9200010407800e24f50008b
:1045fc007b033a00f0412c00d6fe020001000000c3
:10460c0060002000709b88009603370020e3220096
:10461c00104078008040e80020e322000148780038
:10462c0020e3220010407800e94f500006003600cd
:10463c0040012000709b880020e322008040eb00aa
:10464c00014878008703370050002000709b8800d9
:10465c008403370020e32200104078000004e000bf
:10466c004d003a0000e022008040eb000148780049
:10467c000060fe0020e32200104078000080fb0068
:10468c0040718900407181004600dd004071890055
:10469c00407181001004b0004071890040718100ac
:1046ac0085f12200a4f12200d3e2220012c0b30053
:1046bc008000780000cab3001eb8020001000000a0
:1046cc00d0e2220090407800e0b320001040780047
:1046dc0000c060000004e0002300320092012000c2
:1046ec008000eb0060de2200f204020000000000fb
:1046fc0061de2200407181006300400084f12200e1
:10470c00a3f12200010178008000780000cab300f8
:10471c0012f9020001000000f0df22008040eb00e3
:10472c000148780060de2200104078000004e000b0
:10473c000d00320060de22006cfb02000100000064
:10474c000000e0000800320000e022001040780079
:10475c008040e80000e022000148780070442c0002
:10476c00d6fe02000100000020e322001040780079
:10477c008040e80020e322000148780020e322007a
:10478c0010407800e94f5000baff360020e32200b9
:10479c008040eb000148780000e0220010407800d7
:1047ac000004e0000c003200e0d82000104078003b
:1047bc000080fb00640060000000e0000600320096
:1047cc00c0e5220011c0b30001487800a0c5b300b9
:1047dc004c5602000100000020e32200104078003b
:1047ec000080fb0040718900407181004600dd00b3
:1047fc0040718900407181001004b0004071890043
:10480c004071810085f12200a4f12200d3e2220044
:10481c0012c0b3008000780000cab3001eb80200ba
:10482c0001000000d0e2220090407800e0b32000ac
:10483c001040780000c060000004e000030032006b
:10484c00a0002000709b8800060337004000200069
:10485c00709b88000303370040d92000104078007b
:10486c00e34f500003003a0040d9200041c0b30090
:10487c000148780040d9200010407800e24f5000e9
:10488c0003003a0040d9200031c0b3000148780041
:10489c0040d92000104078000004e000d2023a0019
:1048ac0080dd200011c0b30001487800ecdc020070
:1048bc0000000000a00f2000709b880050452c00c9
:1048cc00d6fe020001000000e60237009201200033
:1048dc008000eb0010e02200f20402000000000057
:1048ec0011e02200407181007200400084f122002e
:1048fc00a3f12200010178008000780000cab30007
:10490c0012f9020001000000a0e122008040eb003f
:10491c000148780010e02200104078000004e0000c
:10492c001d003200407181000080e80085f12200fa
:10493c00a4f12200a3e2220012c0b3008000780090
:10494c0000cab3001eb8020001000000c200200023
:10495c008000eb00b0e12200f20402000000000035
:10496c00b1e12200407181001002b00085f12200fb
:10497c00a4f1220081017800c2c0b300800078004d
:10498c0000cab3001eb802000100000070e2220051
:10499c008040eb000148780010e3220010407800c2
:1049ac00e14f40001f003a00920120008000eb0014
:1049bc0060de2200f20402000000000061de220032
:1049cc00407181006300400084f12200a3f12200b9
:1049dc00010178008000780000cab30012f90200cf
:1049ec0001000000f0df22008040eb00014878005d
:1049fc0060de2200104078000004e0000900320064
:104a0c0060de22006cfb0200010000000000e000f0
:104a1c000400320020e322009040780010e32200d2
:104a2c0001487800b0002000709b8800002921000c
:104a3c0041c1b300014878008a02370010e022001f
:104a4c00104078000004e00014003200b0e12200b5
:104a5c00104078000004e000100032002059810062
:104a6c00610060000000e0000e003a0020e322002c
:104a7c0010407800b2e1220011e02200f2d50200d1
:104a8c0000000000c0002000709b8800002921005d
:104a9c0041c1b3000148780002003700c00020007b
:104aac00709b880000292100104078000004e00071
:104abc004f023a00c0002000709b880000292100a2
:104acc0041c1b300014878006602370010e02200b3
:104adc00104078000004e00018003200a0e2220030
:104aec00104078008080fb000002200000806000f5
:104afc000000e000110032002059810061006000cc
:104b0c000000e0000f003a0020e322001040780083
:104b1c0011e02200c2da0200000000000004e000f4
:104b2c0003003200b0e2220011c0b300014878004b
:104b3c0040002000709b88000200370040002000dd
:104b4c00709b880000292100104078000004e000d0
:104b5c0029023a0040002000709b88004102370077
:104b6c00e0fd2000104078000004e00024023a0030
:104b7c00b0e22200104078000004e0000d0032008a
:104b8c0050012000709b880070c5b300304d0200ae
:104b9c0001000000c0e22200c1c3b300014878004c
:104bac00813e2000f0c0b3000e8f02000100000017
:104bbc002c02370070462c00d6fe020001000000cb
:104bcc0080072000709b88002602370070c5b30058
:104bdc00304d020001000000c0e2220010407800bd
:104bec008040e900c0e2220001487800c0e22200c7
:104bfc00104078000004e000160032003aff02007a
:104c0c0001000000b0472c00d6fe0200010000009d
:104c1c00c0e22200104078000041eb00c1c8200027
:104c2c00c8ce020001000000c0c82000d6fe020061
:104c3c000100000070482c00d6fe020001000000ac
:104c4c00813e2000f0c0b3000e8f02000100000076
:104c5c000700370080072000709b88003aff020095
:104c6c000100000090482c00d6fe0200010000005c
:104c7c0048e1020001000000e34f500008003a0038
:104c8c00a00f2000709b88003aff0200010000007a
:104c9c00804a2c00d6fe020001000000f101370012
:104cac00f001370000e8230050408800704b2c00c6
:104cbc00d6fe020001000000ecdc02000000000047
:104ccc0083192000120020008040eb00404e2c0085
:104cdc0060dc02000000000050062000709b880081
:104cec0001192000f0c0b3000e8f0200010000007b
:104cfc00dc013700504080000000e00005003a0065
:104d0c000000eb00709b8800004f2c00d6fe0200c8
:104d1c000100000040d9200010407800e34f500003
:104d2c0003003a0040d9200041c0b300014878008c
:104d3c0040d9200010407800e24f500003003a00a8
:104d4c0040d9200031c0b3000148780040d9200080
:104d5c00104078000004e000ab013a00600620002f
:104d6c00709b8800e0502c00d6fe02000100000071
:104d7c00bc013700504080000000e00005003a0004
:104d8c000000eb00709b880010522c00d6fe020035
:104d9c000100000040d9200010407800e34f500083
:104dac0003003a0040d9200041c0b300014878000c
:104dbc0040d9200010407800e24f500003003a0028
:104dcc0040d9200031c0b3000148780040d9200000
:104ddc0010407800e14f50008d01360020e3220096
:104dec008040eb0001487800e0b3200010407800d0
:104dfc00804078000114a000e0b320000148780046
:104e0c00ecdc02000000000050002000709b8800c9
:104e1c00f0532c00d6fe0200010000009101370077
:104e2c0010e322009040780020e322000148780033
:104e3c0010e3220010407800e14f400006003200e1
:104e4c0090072000709b880000292100e1c1b3006d
:104e5c000148780083013700a00f2000709b880068
:104e6c0080013700d08a2200104078000004e00056
:104e7c000b003a00b08c2200104078000004e000d7
:104e8c0007003a0080458100620060000000e000ed
:104e9c0003003200804581000010a100804589008c
:104eac0010d92000104078000080fb0061006000e9
:104ebc00004078000004e0006000320020e3220093
:104ecc00104078000080fb00407189004071810027
:104edc004600dd0040718900407181001004b00073
:104eec0040718900407181000000e80085f12200ca
:104efc00a4f12200e3e2220012c0b300800078008b
:104f0c0000cab3001eb802000100000020e322001a
:104f1c00104078000080fb004071890040718100d6
:104f2c004600dd0040718900407181001004b00022
:104f3c00407189004071810085f12200a4f12200aa
:104f4c00d3e2220012c0b3008000780000cab30084
:104f5c001eb8020001000000d0e2220010407800d0
:104f6c008080fb0000042000008060000000e00056
:104f7c000400320000e3220011c0b30001487800a5
:104f8c000300370000e322008040eb00014878006a
:104f9c00d0e22200104078008080fb00000220004c
:104fac00008060000000e00004003200f0e222000b
:104fbc0011c0b3000148780003003700f0e2220072
:104fcc008040eb000148780010552c00d6fe020002
:104fdc000100000000e322001042780000e02200f3
:104fec009041780020e32200104078000041e80056
:104ffc00e0e2220090407800f0e2220010407800bd
:10500c008043eb000443780083427800024278002e
:10501c008041eb00014178008040780060de220086
:10502c0040910200010000000029210041c1b300a1
:10503c0001487800a0072000709b880000292100ff
:10504c00104078000004e000f3003a00e00b200070
:10505c00709b88000301370010d9200010407800a5
:10506c000080fb00620060000000e00002003200e3
:10507c00b0072000709b88000029210010407800a8
:10508c000004e000e6003a00e00b2000709b880072
:10509c00f400370010d92000104078008080fb000d
:1050ac0000022000008060000000e00002003200de
:1050bc00a00f2000709b880010d9200010407800b1
:1050cc008080fb0000042000008060000000e000f5
:1050dc00d5003200c0072000709b8800e10037002b
:1050ec0020e32200104078008040e80020e32200fa
:1050fc000148780020e3220010407800e94f50006e
:10510c000600360050de22008040eb00014878009b
:10511c00e00b2000709b8800d2003700d0072000e5
:10512c00709b8800cf00370020e3220010407800ed
:10513c000080fb0040718900407181004600dd0059
:10514c0040718900407181001004b00040718900e9
:10515c004071810085f12200a4f12200d3e22200eb
:10516c0012c0b3008000780000cab3001eb8020061
:10517c0001000000c0072000709b8800d0e22200d4
:10518c0090407800e0b320001040780000c0600030
:10519c000004e000a6003200920120008000eb0029
:1051ac0060de2200f20402000000000061de22003a
:1051bc00407181006300400084f12200a3f12200c1
:1051cc00010178008000780000cab30012f90200d7
:1051dc0001000000f0df22008040eb000148780065
:1051ec0060de2200104078000004e00092003200e3
:1051fc0060de22006cfb0200010000000000e000f9
:10520c008f003200e0072000709b880000292100ed
:10521c0041c0b300014878009200370000292100fa
:10522c00104078000004e00087003a00900720004e
:10523c00709b88000029210021c3b300014878002d
:10524c0088003700f00b2000709b8800002921009b
:10525c0031c0b30001487800ecdc02000000000013
:10526c00f0d8200090407800a0c5b30080cf50004b
:10527c007700320011c0b300000420002446020065
:10528c000100000077003700002921001040780051
:10529c000004e0000400320050d8200010407800d8
:1052ac000004e0006c003a00a00f2000709b880006
:1052bc00f0fd2000104078000004e000680032008f
:1052cc0050de22008040eb00014878009321200042
:1052dc00f20020008040eb0000572c0060dc020044
:1052ec00000000005f00370040d92000104078001b
:1052fc00e34f500009003a00e0b320001040780062
:10530c000080fb00620060000000e000030032003f
:10531c0040d9200041c0b3000148780050d920008a
:10532c0010407800e34f500009003a00e0b3200031
:10533c00104078000080fb00640060000000e0007a
:10534c000300320050d9200041c0b300014878005e
:10535c0060d9200010407800e34f500009003a005b
:10536c00e0b32000104078000080fb006800600073
:10537c000000e0000300320060d9200041c0b300ff
:10538c000148780070d9200010407800e34f50009d
:10539c0009003a00e0b32000104078000080fb00c8
:1053ac00700060000000e0000300320070d92000a3
:1053bc0041c0b300014878000000eb00709b8800ee
:1053cc0028003700a00f2000709b880025003700b4
:1053dc00000000002300370000000000210037000f
:1053ec00000000001f003700000000001d00370007
:1053fc00000000001b0037000000000019003700ff
:10540c0000000000170037000000000015003700f6
:10541c0000000000130037000000000011003700ee
:10542c00000000000f003700000000000d003700e6
:10543c00000000000b0037000000000009003700de
:10544c0000000000070037000000000005003700d6
:10545c0000000000030037000000000001003700ce
:10546c00000000000080fa00000006006401fa0051
:10547c00889fbe008a9fbe008c9fbe00001f9900b3
:10548c00111f99006000b8000017980011179800c0
:10549c006000b80020179800311798005f003700a3
:1054ac00ae1090001e1891000100400010407800d2
:1054bc000081fb008001eb000e1090004200dd002b
:1054cc00000047000003b0000288be000e109000e0
:1054dc00c200dd00000320000e004000010040006f
:1054ec001000be004809dd00c801de008301710018
:1054fc004801dd002e1090008000e8001e1891007d
:10550c0001004000104078000080fb008000eb00a0
:10551c0000017100818171000e1090004200dd00cd
:10552c00000047000003b0000288be000e1090007f
:10553c00c200dd00000320000e004000010040000e
:10554c001000be004809dd00c801de0083017100b7
:10555c004801dd002e1090008080e8001e1891009c
:10556c0001004000104078000080fb008000eb0040
:10557c0000017100818171000e1090004200dd006d
:10558c00000047000003b0000288be000e1090001f
:10559c00c200dd00000320000e00400001004000ae
:1055ac001000be004809dd00c801de008301710057
:1055bc004801dd002e109000e30040001e18910001
:1055cc0001004000104078000080fb008000eb00e0
:1055dc0000017100818171000e1090004200dd000d
:1055ec00000047000003b0000288be000e109000bf
:1055fc009e10900061004000e08048000017980069
:10560c00111798002e109000be10900064004000fe
:10561c00e080480020179800311798000e11900078
:10562c009e119000f000200001002000800f51001e
:10563c00818f59009aff3600850037000e109000bc
:10564c009e10900062005000e0805800c200dd0007
:10565c00000320000e004000010040001000be00be
:10566c008001d1004f09dd00830371000101d100dd
:10567c004f00dd00020370000e1090009e10900091
:10568c0062005000e0805800c200dd0000032000e2
:10569c000e004000010040001000be00c301de00ff
:1056ac004d09dd00830471004309de004d00dd006f
:1056bc000204700008016b0089816b000e109000d1
:1056cc009e10900062005000e0805800c200dd0087
:1056dc00000320000e004000010040001000be003e
:1056ec00460add004a00de0000007200ca08de0037
:1056fc0000016900818169000e1090009e109000dd
:10570c0067005000e0805800c200dd00000320005c
:10571c000e004000010040001000be0002024000dc
:10572c00838248000e1090009e1090006f00500075
:10573c00e0805800c200dd00000320000e00400095
:10574c00010040001000be00c901dd004709de0069
:10575c00830571004909dd004700de000205700079
:10576c000e1090009e1090006f005000e0805800ca
:10577c00c200dd00000320000e00400001004000cc
:10578c001000be00c201de004e09dd008306710070
:10579c004209de004e00dd00020670000c016d00b7
:1057ac008d816d0002379900133799000e1090000f
:1057bc009e1090006f005000e0805800c200dd0089
:1057cc00000320000e004000010040001000be004d
:1057dc00cd09dd004300de0000807100c308de004f
:1057ec000e3191009e3191000000690081806900aa
:1057fc0004014000858148000e1090009e1090001e
:10580c0070005000e0805800c200dd000003200052
:10581c000e004000010040001000be0002014000dc
:10582c00838148000e1090004200dd00000047000c
:10583c000003b0000288be000e1090009e10900075
:10584c0061004000e0804800001798001117980094
:10585c000e1190009e119000f0032000010020001a
:10586c00800f5100818f590074ff36000e18910083
:10587c0060229000f0229000048fbe000e18910060
:10588c00002b9000902b900026079800370798006b
:10589c000e18910020299000b02990004207980022
:1058ac00530798000e189100402a9000d02a9000bf
:1058bc0064079800750798000e189100602b9000f3
:1058cc00f02b9000060f9800170f98000e189100ff
:1058dc000031900090319000220f9800330f980007
:1058ec000e18910020329000b0329000440f9800b6
:1058fc00550f98000e18910040339000d033900053
:10590c00660f9800770f98006000b8000017980099
:10591c0011179800ee0037000e089000ca00dd0049
:10592c001e0890004600de0001007000301f990038
:10593c001e089000ca00dd000e0890004600de0034
:10594c0001007000201f99000e089000c500dd00ba
:10595c001e0890004b00de0001007000501f9900e3
:10596c001e089000c500dd000e0890004b00de0004
:10597c0001007000401f99002e1a9100be1a910070
:10598c004e1b9100de1b910006016a0087816a00a4
:10599c000e089000c900de001e0890004700dd00d4
:1059ac0001007000701f99001e089000c900de00f5
:1059bc000e0890004700dd0001007000601f990088
:1059cc006e1a9100fe1a910004016900858169002c
:1059dc006e089000fe08900002044000838448008a
:1059ec000e0890009e0890002e099000be099000b1
:1059fc0080027800010278008200780003007800b1
:105a0c008180620000006200702799006127990074
:105a1c006e239100fe2391000e0890009e089000ca
:105a2c000080ea008180ea004e099000de099000b7
:105a3c008002780001027800820078000300780070
:105a4c008180620000006200102f9900012f9900e4
:105a5c000e2891009e28910000006b0081806b0045
:105a6c0008014000898148000e109000c200dd0042
:105a7c0080ad2c00008040001000be0002014000f0
:105a8c00838148000e109000c200dd00000320004e
:105a9c000e004000010040001000be00020040005b
:105aac008380480040179800511798001e0078001a
:105abc00ce00dd001e0090004200de0001007000f0
:105acc00102799001e009000ce00dd001e0078000b
:105adc004200de0001007000002799001e007800d3
:105aec00c300dd001e0090004d00de0001007000c0
:105afc00302799001e009000c300dd001e007800c6
:105b0c004d00de0001007000202799000e2391004b
:105b1c009e2391002e229100be22910004016b0065
:105b2c0085816b001e007800c600de001e00900010
:105b3c004a00dd0001007000502799001e00900003
:105b4c00c600de001e0078004a00dd000100700077
:105b5c00402799004e239100de2391000604690032
:105b6c00878469002e019000be0190001e00be00cb
:105b7c00800278000102780082007800030078002f
:105b8c008180620000006200302f9900212f990063
:105b9c002e2b9100be2b91004e019000de01900047
:105bac001e00be008002780001027800820078009e
:105bbc00030078008180620000006200502f990081
:105bcc00412f99004e289100de28910000036b00b4
:105bdc0081836b002e009000be0090004e0190005f
:105bec00de019000800278000102780082007800cb
:105bfc00030078008180620000006200702f990021
:105c0c00612f99006e289100fe28910000006b0016
:105c1c0081806b0008004000898048006017980064
:105c2c00711798004e099000de099000620f9800e1
:105c3c00730f98002e0a9000be0a9000440f980033
:105c4c00550f98000e0b90009e0b9000260f98009d
:105c5c00370f98006e019000fe0190004e109000de
:105c6c00de1090000200400083804800000f980076
:105c7c00110f98004e019000de0190006207980011
:105c8c00730798002e029000be0290004407980003
:105c9c00550798001e03be0026079800370798008a
:105cac004e119000de1190006e109000fe109000ce
:105cbc00001f4100019749000e1090009e109000ab
:105ccc0061004000e0804800001798001117980010
:105cdc000e1190009e119000f00320000100200096
:105cec00800f5100818f59000bff36000e18910068
:105cfc00f0209000602090003e014000ae814800f2
:105d0c000200be000e1991006021980071219800cc
:105d1c000e18910000299000902990002e00900000
:105d2c00be00900002004000838048000e199100d4
:105d3c0000299800112998000e1891002029900034
:105d4c00b02990004e009000de0090000200400050
:105d5c00838048000e199100202998003129980061
:105d6c000e18910040299000d02990006e009000f0
:105d7c00fe00900002004000838048000e19910044
:105d8c0040299800512998000e1891006029900024
:105d9c00f02990000e0890009e0890000200400030
:105dac00838048000e199100602998007129980091
:105dbc000e18910000319000903190002e08900048
:105dcc00be08900002004000838048000e1991002c
:105ddc0000319800113198000e189100203190007c
:105dec00b03190004e089000de0890000200400098
:105dfc00838048000e1991002031980031319800b1
:105e0c000e18910040319000d03190006e08900037
:105e1c00fe08900002004000838048000e1991009b
:105e2c0040319800513198004f06be004f05be001e
:105e3c004f04be000080fa00000006000200fa00c9
:105e4c00000f78001e0178006000b8000021980057
:105e5c00112198001e0278006000b8006011b80093
:105e6c002022980031229800422298005322980058
:105e7c001e01780070662e0091a02600602198000b
:105e8c00712198001e01780050e82a0071b62b0091
:105e9c0000299800112998001e01780020372f0046
:105eac00e1c6230020299800312998001e017800b2
:105ebc00a0532f00f1542a00402998005129980032
:105ecc001e017800f0272500e110250060299800bc
:105edc00712998001e017800c088260051b0290055
:105eec0000319800113198001e017800b09a2d00f5
:105efc0031f8210020319800313198001e017800d2
:105f0c0090d12c0001be25004031980051319800f1
:105f1c000080fa00000006000a00fa002007980032
:105f2c0031079800420798006000b800008fbe004f
:105f3c00370037002e009000902090000020900039
:105f4c001e017800be0190000281410012417800d0
:105f5c00ae01900000804100024878002e009000b5
:105f6c00902090000020900061004000e0804800ec
:105f7c002e01900000219800112198002e00900015
:105f8c0000219000902190000004200001002000ce
:105f9c00800f5100818f590019003a002e0090009b
:105fac00800078002e00900030fd07002e0090003d
:105fbc0020229000b022900040239000d02390002b
:105fcc0000202000010020006011b80000004200f9
:105fdc0081804a0002014b0083814b002e0290000d
:105fec0020229800312298004222980053229800d7
:105ffc002e0190006000b80000219800112198003b
:10600c0012002000030020001e0f41005e97490083
:10601c004e0090008000eb00be0f5000ae8f580079
:10602c00c4ff3e000080fa00000006000800fa00e1
:10603c0020079800310798002e0090000021900056
:10604c0090219000028fbe002e0090000021900045
:10605c00902190007003200001002000800f51005f
:10606c00818f590018003e002e0090001e00400049
:10607c0001c8b30001487800120020000300200082
:10608c001e0f41005e974900080037002e0090005b
:10609c001e0040008040eb000148780012002000f8
:1060ac00030020001e0f41005e9749007003200082
:1060bc00010020001e01be00800f5100818f59008d
:1060cc00f2ff3600200037002e0090001e0040002a
:1060dc0001c8b30001487800120020000300200022
:1060ec001e0f41005e974900080037002e009000fb
:1060fc001e0040008040eb00014878001200200098
:10610c00030020001e0f41005e974900f0032000a1
:10611c00010020001e01be00800f5100818f59002c
:10612c00f2ff36002e009000800078002e009000c8
:10613c00cefc07002e009000820320008000eb00b4
:10614c00f2040200000000002e00900020229000bb
:10615c00b022900040239000d02390002e0090009d
:10616c0000219000902190004318dd00cd10de003e
:10617c00810070004310dd006011b8000000420087
:10618c0081804a0002014b0083814b002e0290005b
:10619c002022980031229800422298005322980025
:1061ac002e009000b020900040219000d021900053
:1061bc0020209000804078002e009000717898008c
:1061cc002e009000b020900040219000d021900033
:1061dc00202090004800de00480add00000072001c
:1061ec00804078002e009000617898002e0090007e
:1061fc00b020900040219000d021900020209000f1
:10620c0001007800804078002e00900051789800b2
:10621c002e009000b020900040219000d0219000e2
:10622c00202090004808de004812dd0000007200bb
:10623c00804078002e009000417898002e0090004d
:10624c00b020900040219000d021900020209000a0
:10625c0002007800804078002e0090003178980081
:10626c002e009000b020900040219000d021900092
:10627c00202090004810de00481add00000072005b
:10628c00804078002e009000217898002e0090001d
:10629c00b020900040219000d02190002020900050
:1062ac0003007800804078002e0090001178980050
:1062bc002e009000b020900040219000d021900042
:1062cc00202090004818de00804078002e009000be
:1062dc00017898002e009000800078002e0090002d
:1062ec0062fc07006000b800008fbe00cb003700d6
:1062fc001e007800be009000008240002e0090002e
:10630c0060219000f02190009e00780080ff2f000b
:10631c000088b90000007800780040008002780006
:10632c007083120004003b000603ea000618de002e
:10633c008000eb0004003700061bdd000510de00ba
:10634c00000073008518de0000407800004a7800d9
:10635c001e00780064004000be00900000824000e7
:10636c002e00900000299000902990009e0078004b
:10637c0080ff2f000088b9000000780078004000f2
:10638c00800278007083120004003b000603ea00d0
:10639c000618de008000eb0004003700061bdd0051
:1063ac000510de00000073008518de000040780048
:1063bc00004a78001e00780068004000be00900083
:1063cc00008240002e00900020299000b0299000ff
:1063dc009e00780080ff2f000088b9000000780034
:1063ec0078004000800278007083120004003b00ab
:1063fc000603ea000618de008000eb0004003700fc
:10640c00061bdd000510de00000073008518de00a1
:10641c0000407800004a78001e0078006c004000b4
:10642c00be009000008240002e0090004029900099
:10643c00d02990009e00780080ff2f000088b900c2
:10644c000000780078004000800278007083120011
:10645c0004003b000603ea000618de008000eb0097
:10646c0004003700061bdd000510de000000730081
:10647c008518de0000407800004a78001e00780085
:10648c0070004000be009000008240002e00900082
:10649c0060299000f02990009e00780080ff2f006a
:1064ac000088b90000007800780040008002780075
:1064bc007083120004003b000603ea000618de009d
:1064cc008000eb0004003700061bdd000510de0029
:1064dc00000073008518de0000407800004a780048
:1064ec001e00780074004000be0090000082400046
:1064fc002e00900000319000903190009e007800aa
:10650c0080ff2f000088b900000078007800400060
:10651c00800278007083120004003b000603ea003e
:10652c000618de008000eb0004003700061bdd00bf
:10653c000510de00000073008518de0000407800b6
:10654c00004a78001e00780078004000be009000e1
:10655c00008240002e00900020319000b03190005d
:10656c009e00780080ff2f000088b90000007800a2
:10657c0078004000800278007083120004003b0019
:10658c000603ea000618de008000eb00040037006a
:10659c00061bdd000510de00000073008518de0010
:1065ac0000407800004a78001e0078007c00400013
:1065bc00be009000008240002e0090004031900000
:1065cc00d03190009e00780080ff2f000088b90029
:1065dc000000780078004000800278007083120080
:1065ec0004003b000603ea000618de008000eb0006
:1065fc0004003700061bdd000510de0000007300f0
:10660c008518de0000407800004a78001200200057
:10661c00030020001e0f41005e9749001e01be00c2
:10662c003000200001002000800f5100818f5900a4
:10663c002fff36000080fa00000006009600fa00da
:10664c00108f9800218f98000e80e800fbfd07004a
:10665c001e889000f205020000000000000f780078
:10666c001e0178009e8890000e80e8002afe07002c
:10667c00110720008e8040000e80e8006bfe0700a2
:10668c000000eb00000f78001b0037001007200003
:10669c000e0040001e004000104078008080fb007f
:1066ac00e00620000e004000811f780081bd2c0008
:1066bc00811f7800bc04020000000000e487570032
:1066cc001e00780000004000ae8890000080400062
:1066dc00eee89000014878001e00780000004000b1
:1066ec000000e800ae88900000804000fee89000ba
:1066fc00014878001e0fe8001e007800ff0f5000c4
:10670c00e2ff34002e8890000004b0008040eb00c3
:10671c00014878000080fa00000006006e00fa00c4
:10672c0050379800613798000000eb00000f78009c
:10673c000000eb00100798005e309000f20502009c
:10674c0000000000ec0f500073003a003c003700d2
:10675c001e007800de3090000080400090407800f1
:10676c0000c4b30080cf5000120034001e0078002b
:10677c00de309000008040009040780060c4b30090
:10678c0080cf50000b003c001e007800de309000e3
:10679c0000804000104078000042b000804078003b
:1067ac00640147001e009000000041000148780081
:1067bc00080037001e007800de309000008040009a
:1067cc0090407800640147001e00900000004100da
:1067dc00014878001e0090000000e80010079800a7
:1067ec001e0fe8001e009000e20f50000c0032005b
:1067fc001e009000e50f5000090032001e009000b2
:10680c00e80f5000060032001e009000eb0f500005
:10681c00030032001e009000ee0f500008003a00fa
:10682c00e40047001e00900000804000a1c3b300ac
:10683c00014878001e0090000000e8001007980046
:10684c001e007800de309000008040001040780080
:10685c000004e000040032009e009000300620008e
:10686c00808f5000baff3400e40047001e009000f7
:10687c00008040008040eb00014878003600370073
:10688c001e007800de3090000080400090407800c0
:10689c0000c4b30080cf5000120034001e007800fa
:1068ac00de309000008040009040780060c4b3005f
:1068bc0080cf50000b003c001e007800de309000b2
:1068cc0000804000104078000042b000804078000a
:1068dc00640147001e009000000041000148780050
:1068ec00080037001e007800de3090000080400069
:1068fc0090407800640147001e00900000004100a9
:10690c00014878001e0090000000e8001007980075
:10691c001e0fe80001003700000000001e00780088
:10692c00de30900000804000104078000004e00051
:10693c00040032009e00900030062000808f500032
:10694c00cfff3400e40047001e00900000804000a0
:10695c008040eb000148780064004700ee30900066
:10696c0036ff07000080fa00000006006800fa00fd
:10697c0060e7980071e79800f3778100d277810087
:10698c007ee090008000fb006ee090000000fb00b9
:10699c00831f7800821f7800811f7800801f780089
:1069ac0040f72b00801f78000e007800bc0402001a
:1069bc0000000000ea8757000e007800d6fe0200a7
:1069cc00010000000080fa00000006000200fa003e
:1069dc00000f78000a0037001e00780010007800c5
:1069ec000000e00006003a00d0f82b00d6fe0200b2
:1069fc00010000006402070010c0b3000a00370059
:106a0c00d02480007f0060000000e000f2ff3a001c
:106a1c00f124800000002400008060000000e000f1
:106a2c00edff3a000040eb000080fa000000060089
:106a3c000200fa00000f78001e007800e3ff070048
:106a4c00e14f500002003a0010c0b30011003700b3
:106a5c009a04a8000a0037001e0078001000780085
:106a6c000000e00006003a0070fa2b00d6fe02008f
:106a7c00010000004402070010c0b30005003700fd
:106a8c00d0248000610060000000e000f2ff3a00ba
:106a9c000040eb000080fa00000006000400fa0041
:106aac00004f7800110798001e009000c7ff0700e8
:106abc00e14f500002003a0010c0b3000b00370049
:106acc009e40780061c060000080fb0061006000a7
:106adc004500dd00d12480000150a10001007000b0
:106aec00d02488009a84a8000040eb000080fa00b3
:106afc00000006000200fa00000f78001e0078006b
:106b0c00b2ff0700e14f500002003a0010c0b30082
:106b1c00030037009aa4a8009a84a8000040eb0058
:106b2c000080fa00000006000200fa00000f780056
:106b3c001e007800a5ff0700e14f500002003a004c
:106b4c0010c0b300110037009a24a8000a003700c7
:106b5c001e007800100078000000e00006003a00eb
:106b6c0020fc2b00d6fe02000100000006020700ec
:106b7c0010c0b30005003700d02480006200600014
:106b8c000000e000f2ff3a000040eb000080fa0049
:106b9c00000006000600fa002047980031479800d4
:106bac00220798002e00900088ff0700e14f50004c
:106bbc0002003a0010c0b3001e0037003e409000a7
:106bcc00e14f500005003a002e4090000004a00058
:106bdc000080fb00b0248800030037002e4090009a
:106bec000080fb00b02488002e00900077ff070087
:106bfc00e14f500002003a0010c0b3000d00370006
:106c0c002e00900046000700004f78001e407800d0
:106c1c000004e00006003200f0fd2b00d6fe02005e
:106c2c0001000000d801070010c0b30001003700bc
:106c3c000040eb000080fa00000006000400fa009f
:106c4c00004f7800110798001e0090005fff0700ae
:106c5c00e14f500002003a0010c0b300130037009f
:106c6c001e80fb00b02488001e00900057ff070018
:106c7c00e14f500002003a0010c0b3000b00370087
:106c8c001e00900026000700e14f500006003a005d
:106c9c00c0ff2b00d6fe020001000000ba01070065
:106cac0010c0b300010037000040eb000080fa0078
:106cbc00000006000200fa00000f78001e007800a9
:106ccc0042ff0700e14f500002003a0010c0b30031
:106cdc00110037009a44a8000a0037001e00780003
:106cec00100078000000e00006003a0060012c0063
:106cfc00d6fe020001000000a301070010c0b30083
:106d0c0005003700d0248000640060000000e00023
:106d1c00f2ff3a000040eb000080fa000000060091
:106d2c000200fa00000f78001e00780027ff070011
:106d3c00e14f50000c003a0010c0b30011003700b6
:106d4c001e007800100078000000e00007003a00f8
:106d5c0000032c00d6fe0200010000008a0107008f
:106d6c0020c0b3000700370000000000f1248000b1
:106d7c0000002800008060000000e000f0ff3a00f6
:106d8c000040eb000080fa00000006000200fa0050
:106d9c00000f78001e0078000cff0700e14f500038
:106dac0002003a0010c0b300170037009a64a80024
:106dbc000a0037001e007800100078000000e00088
:106dcc0006003a0060052c00d6fe0200010000000f
:106ddc006d01070010c0b3000b003700d0248000f9
:106dec00680060000000e000f2ff3a001e0078002e
:106dfc00f6fe0700e14f500002003a0010c0b3004d
:106e0c00010037000040eb000080fa000000060093
:106e1c000e00fa002047980021079800624798005e
:106e2c00430798005407980065079800000000007d
:106e3c0030f22200104078000004e000fcff3a0021
:106e4c006e009000810c2000010878005e0090001c
:106e5c0011c0b300014878006e009000dbfe070003
:106e6c00e14f500006003a005e00900010407800a0
:106e7c008040780070c5b300bcfe07006a00370084
:106e8c005e00900021c0b300014878006e009000b5
:106e9c00e7fe0700e14f500006003a005e0090004c
:106eac00104078008040780070c5b300affe07003a
:106ebc005d0037005e00900031c0b30001487800df
:106ecc006e0190008040eb002e40900031ff0700d7
:106edc00e14f500006003a005e0090001040780030
:106eec008040780070c5b300a0fe07004e0037004c
:106efc005e00900041c0b300014878002e40900025
:106f0c008080fb00000a2000808f50000e003a00a9
:106f1c002e0090004800de00004f7800ee0090003c
:106f2c001e40780045ff0700e14f500006003a0074
:106f3c005e009000104078008040780070c5b3006f
:106f4c008afe0700380037002e00900000407800c1
:106f5c00ee00900039ff0700e14f500006003a00a8
:106f6c005e009000104078008040780070c5b3003f
:106f7c007efe07002c0037005e00900051c0b3006d
:106f8c00014878000040eb00004f78000f003700fc
:106f9c001e80fb00ce009000008040001040780066
:106fac00ee00900025ff0700e14f500006003a006c
:106fbc005e009000104078008040780070c5b300ef
:106fcc006afe0700180037001e4fe8006e40900064
:106fdc009e40780080cf5000edff39005e0090009d
:106fec0061c0b300014878006e00900031ff0700cb
:106ffc00e14f500006003a005e009000104078000f
:10700c008040780070c5b30058fe070006003700ba
:10701c005e0090008040eb000148780030f22200c6
:10702c0051c0b300014878000080fa00000006004f
:10703c000e00fa002047980021079800624798003c
:10704c004307980054079800650798006e0090005d
:10705c00810c2000010878005e00900011c0b30084
:10706c00014878000000000030f222001040780047
:10707c000004e000fcff3a006e00900053fe070095
:10708c00e14f500006003a005e009000104078007e
:10709c008040780020c5b30034fe0700a400370000
:1070ac005e00900021c0b300014878006e00900093
:1070bc005ffe0700e14f500006003a005e009000b2
:1070cc00104078008040780020c5b30027fe0700f0
:1070dc00970037005e00900031c0b3000148780083
:1070ec006e0190008040eb002e409000a9fe07003e
:1070fc00e14f500006003a005e009000104078000e
:10710c008040780020c5b30018fe070088003700c7
:10711c005e00900041c0b300014878002e40900002
:10712c008080fb00000a2000808f50000e003a0087
:10713c002e0090004800de00004f7800ee0090001a
:10714c001e407800bdfe0700e14f500006003a00db
:10715c005e009000104078008040780020c5b3009d
:10716c0002fe0700720037002e00900000407800ed
:10717c00ee009000b1fe0700e14f500006003a000f
:10718c005e009000104078008040780020c5b3006d
:10719c00f6fd0700660037005e00900071c0b3007a
:1071ac00014878006e0090005ffe0700e14f500030
:1071bc0006003a005e009000104078008040780095
:1071cc0020c5b300e9fd0700590037005e009000b0
:1071dc0081c0b300014878006e01900011c0b3006b
:1071ec002e4090006bfe0700e14f500006003a0065
:1071fc005e009000104078008040780020c5b300fd
:10720c00dafd07004a0037005e00900091c0b30021
:10721c00014878000040eb00004f78002d0037004b
:10722c006e009000d9fe0700e14f500006003a00b6
:10723c005e009000104078008040780020c5b300bc
:10724c00cafd07003a0037001e80fb00ce009000fc
:10725c0000804000a1248000814078000148780023
:10726c001e80fb008000e8006e4090000080fb0058
:10727c00808f50000b003a00ee00900010c0b3005d
:10728c0006fe0700e14f500011003a005e0090002e
:10729c00104078008040780020c5b300b3fd070093
:1072ac0023003700ee0090000040eb00fbfd0700d0
:1072bc00e14f500006003a005e009000104078004c
:1072cc008040780020c5b300a8fd070018003700e7
:1072dc001e4fe8006e4090009e40780080cf50001a
:1072ec00cfff39005e00900061c0b3000148780008
:1072fc006e0090006ffe0700e14f500006003a0050
:10730c005e009000104078008040780020c5b300eb
:10731c0096fd0700060037005e0090008040eb00f1
:10732c000148780030f2220051c0b30001487800c7
:10733c000080fa00000006000000fa00da46a900fe
:10734c000a003700de46a8000005200001002000de
:10735c00d001020002000000de46a900000520005a
:10736c0001002000d001020002000000e036800085
:10737c00680060000000e000f2ff3200da46a8006e
:10738c000080fa00000006000000fa009e24ef00c6
:10739c0000002800d0248800c0042000c0248800ed
:1073ac000080fa00000006000000fa009be4a9002f
:1073bc000080fa00000006000400fa002047980044
:1073cc00ae40900000cfb30000cf60001e80fb00e9
:1073dc004400de00004f78001e4078006a00b900bf
:1073ec0000007800004f78002e4090006f40600045
:1073fc00204798002e4090001e4f40001e40780001
:10740c000080fa00000006000800fa0020479800ef
:10741c002107980062479800a0f122008040eb0001
:10742c000148780020cab300004f78002e4090002d
:10743c000080fb0085f12200a4f12200ae01900037
:10744c006e419000800078001e407800f8fe070026
:10745c00a0f12200a800070010c0b3000080fa00c1
:10746c00000006000a00fa00400798007200200095
:10747c008000eb004e009000f204020000000000bf
:10748c000e00e80072c0b3008000780020c0b3008a
:10749c00ddff0700e14f500030003a003e40900005
:1074ac00f043b200c4ff0700804078004e0090000b
:1074bc00014878002e4090000074a100beff070028
:1074cc00804078004e009000114098001e409000c3
:1074dc000074a100b8ff0700804078004e009000b7
:1074ec00214098004e409000f043b200b2ff0700dc
:1074fc00804078004e009000314098005e40900033
:10750c00e74060004e009000514098006e409000a3
:10751c007f406000a8ff0700804078004e0090007c
:10752c00414098007e409000a3ff07008040780007
:10753c004e009000614098001e4090000004e00056
:10754c0003003d0020c0b300004f78000500370059
:10755c0010c0b300004f7800020037000040eb0071
:10756c00004f78001e4078000080fa0000000600f2
:10757c000800fa00204798002107980062479800fd
:10758c0020cab300004f78002e4090000080fb0012
:10759c0085f12200a4f12200ae0190006e41900012
:1075ac00800078001e40780019fe0700a0f1220030
:1075bc005100070010c0b3000080fa000000060064
:1075cc000a00fa00400798004e0090000000e0000e
:1075dc002d0032004e00900050409000e64f5000bd
:1075ec000800340072c0b3008e00780020c0b300d5
:1075fc0085ff07004e409000e74060004e00900071
:10760c00514098004e009000104078002100070077
:10761c00204798004e009000104090001d0007007d
:10762c00104798004e009000204090001900070071
:10763c00004f78004e00900030409000150007007d
:10764c00304798004e009000504090001100070009
:10765c00404798004e009000404090000d000700fd
:10766c00504798004e0090006040900009000700c1
:10767c006047980072c0b3008e00780020c0b30041
:10768c00bbff07000100370010c0b3000080fa00f8
:10769c00000006000400fa00204798002e409000dd
:1076ac008080fb00d0cc2c000008b8004308de0022
:1076bc00004f78001e4078004400dd00004f780039
:1076cc002e4090000081fb00d0cc2c000010b800a4
:1076dc004308de006a00b900000078000000510089
:1076ec00204798002e4090001e4f40001e4078000e
:1076fc000080fa00000006000200fa00000f78007b
:10770c001e007800104078000080fb00e50f500050
:10771c002b003200e50f50000c003c00e20f500033
:10772c0018003200e20f500003003c00e10f500043
:10773c000f0032003b003700e30f50001600320000
:10774c00e40f50001900320036003700e70f5000ec
:10775c0025003200e70f50001e003500e80f5000e6
:10776c0026003200e90f5000290032002d003700ae
:10777c0070082c00d6fe02000100000010c0b300ff
:10778c0029003700c0092c00d6fe020001000000c1
:10779c0020c0b30024003700200b2c00d6fe0200c2
:1077ac000100000030c0b3001f003700000d2c009a
:1077bc00d6fe02000100000040c0b3001a003700e2
:1077cc00900e2c00d6fe02000100000050c0b30049
:1077dc0015003700e00f2c00d6fe0200010000005f
:1077ec0060c0b3001000370030112c00d6fe020030
:1077fc000100000070c0b3000b003700b0122c0069
:10780c00d6fe02000100000080c0b3000600370065
:10781c0080142c00d6fe02000100000090c0b300c2
:10782c00010037000040eb000080fa000000060069
:10783c000c00fa0030079800410798005207980096
:10784c000e00e80042c0b3008000780090c0b30086
:10785c00edfe0700e14f500019003a001e40900069
:10786c000074a100d4fe0700ce0090008048780080
:10787c002e4090000074a100cffe0700be009000c7
:10788c00804878001e4090000004e00005003500a0
:10789c002e4090000004e000020035001000200093
:1078ac00010037000000eb00804078005e00900083
:1078bc000148780010c0b300004f78001400370066
:1078cc004e00900080c0eb00014878003e00900014
:1078dc0080c0eb00014878001e4090000004e000de
:1078ec00030035002e4090000004e00002003d0033
:1078fc0010002000010037000000eb0080407800f1
:10790c005e009000014878000040eb00004f7800ca
:10791c001e4078000080fa00000006000200fa0009
:10792c0085f12200a4f122008e01780012c0b30070
:10793c006103200000cab300bdfd07001e407800a3
:10794c00e44f500005003e001e4078000004e000ab
:10795c0002003200e0c1b300004f7800c0dc200010
:10796c0085f12200a4f122008001780022c0b3002e
:10797c00b101200000cab300adfd07001e41780024
:10798c00d0dc20001040780080407800c0dc200063
:10799c0010407800020007000080fa00000006008a
:1079ac001000fa00404f9800514f9800624f980019
:1079bc000040eb00004f78006e489000e14f500003
:1079cc0002003e00e0c1b300604f98006e0047001b
:1079dc0012c0b30080007800f0c0b300e4fe0700d2
:1079ec006e4890000004e0001b00320030c8b30069
:1079fc00204f98006a00470012c0b3008000780046
:107a0c00e0c0b300dafe07001e4078000004a000be
:107a1c00004f78003aff02000100000010162c0005
:107a2c00d6fe0200010000006e489000e500470001
:107a3c000041eb00c8ce02000100000065004700c9
:107a4c00d6fe02000100000020172c00d6fe02001a
:107a5c00010000000c00370030c8b300204f980024
:107a6c006a00470012c0b30080007800e0c0b30089
:107a7c00bffe07003aff020001000000c0172c00f7
:107a8c00d6fe020001000000de489000b0c3b30037
:107a9c0080cf50002a003e004e489000f74f500017
:107aac0027003e005e489000fafe07001047980041
:107abc004e489000f7fe0700204798001e407800c3
:107acc000014a000004f78003aff020001000000f3
:107adc00201a2c00d6fe02000100000065004700b1
:107aec0022c0b300800078004e489000c8ce02003f
:107afc000100000065004700d6fe020001000000f6
:107b0c00101b2c00d6fe020001000000650047008f
:107b1c0022c0b300800078005e489000c8ce0200fe
:107b2c000100000065004700d6fe020001000000c5
:107b3c00301b2c00d6fe02000100000009003700ab
:107b4c0000c8b3001047980000c8b3002047980045
:107b5c003aff020001000000f01b2c00d6fe0200d0
:107b6c000100000000c8b3003047980000c8b30003
:107b7c00404798000e00e80042c0b3008000780037
:107b8c0090c0b3007afe07000040eb00204f980035
:107b9c006a00470012c0b30080007800d0c0b30068
:107bac0073fe070012c0b3008e00780010c0b30043
:107bbc006ffe07000080fa00000006000200fa00c9
:107bcc00881f780012c0b3008e00780010c0b3007c
:107bdc000aba0200010000000004e00007003200b5
:107bec001e4078000080fb006c0060000000e0008c
:107bfc000200320094bc020001000000d09b800007
:107c0c00ec0f500004003e00411f200010c1b300d7
:107c1c000e8f020001000000d09b8000eb0f500083
:107c2c006a003200eb0f50000e003e00e50f5000d2
:107c3c003d003200e50f500005003e000000e00062
:107c4c001a003200e10f500021003200d40237003c
:107c5c00e60f50003a003200ea0f50004c003200a0
:107c6c00cf023700ee0f500084023200ee0f5000ae
:107c7c0005003e00ec0f5000b6003200ed0f500036
:107c8c00f9003200c602370041062000810f500077
:107c9c00ad023200810c2000810f5000b302320083
:107cac00ef0f500081023200bd023700e0f32200da
:107cbc0001c5b3000148780060a120008040eb00b2
:107ccc000148780010002000d09b8800c7023700c4
:107cdc00e0f32200104078000004e00005003200c0
:107cec00e0f32200104078008040e900e0f322002d
:107cfc0001487800e0f32200104078000004e00016
:107d0c0002003a00a0002000d09b880060a1200057
:107d1c00104078000004e000a5023200a000200012
:107d2c00d09b8800b1023700e0f3220081c2b3007f
:107d3c000148780060002000d09b8800ab0237001f
:107d4c00d08a2200104078000004e00009003a00bc
:107d5c00b08c2200104078000004e00005003a00ce
:107d6c00e0f32200104078008040e900e0f32200ac
:107d7c0001487800e0f32200104078000004e00095
:107d8c008d023a00a0002000d09b8800970237009b
:107d9c00990207000004e00006003200b000200049
:107dac00d09b8800e0f32200a1c0b300014878000a
:107dbc008e02370060002000d09b8800e0f3220088
:107dcc00a1c0b30001487800880237008a0207007e
:107ddc000004e00055003200e0f32200104078006f
:107dec000004e0004b003a0060b120001040780025
:107dfc000004e00072023a00b6e6a800b6c6a8007d
:107e0c00ca06a800ca26a8003aff0200010000001a
:107e1c00a0572c00d6fe02000100000010c0b300d9
:107e2c00e0dd020001000000aee3a8002047810065
:107e3c000000d100614060000080fb00801f7800d2
:107e4c00a0582c00801f7800c0c82000bc04020081
:107e5c0000000000e4875700c0c82000d6fe0200d6
:107e6c0001000000d03d81000000d10061406000a5
:107e7c008081fb00d03d8100614060000081fb00ef
:107e8c00b08c2200104078008080fb00d08a220049
:107e9c00104078000080fb00831f7800821f780060
:107eac00811f7800801f7800005a2c00801f7800fa
:107ebc00c0c82000bc04020000000000ea87570084
:107ecc00c0c82000d6fe02000100000062002000a5
:107edc00615c2c00c0c82000e4040200000000001b
:107eec00c1c82000c0c8200030a70200000000005c
:107efc00f0b32000d6fe020001000000c05c2c0094
:107f0c00d6fe020001000000c0002000d09b8800bb
:107f1c0036023700e0f32200104078008040e90080
:107f2c00e0f32200014878003002370050002000b6
:107f3c00d09b880020de0200010000000004e0005d
:107f4c00210232000040eb00e0dd020001000000e5
:107f5c0026023700280207000004e000040032006b
:107f6c0060b12000104078000004e0000f003200e7
:107f7c003aff020001000000e05c2c00d6fe02007b
:107f8c000100000020de0200010000000004e000ff
:107f9c00030032000040eb00e0dd020001000000b5
:107fac0050002000d09b88001002370020de020019
:107fbc0001000000e14f50000300320010c0b3007c
:107fcc00e0dd020001000000f01f81000000e00075
:107fdc0006003200f01f8100e50f50000300320054
:107fec00f01f8100e60f5000f9013a00e0f3220087
:107ffc0041c0b3000148780062002000615c2c0095
:10800c00c0c82000e404020000000000c1c8200029
:10801c00c0c8200030a7020000000000f0b3200010
:10802c00d6fe020001000000c05c2c00d6fe02004f
:10803c0001000000a06102000100000080407800f7
:10804c00f0f3220001487800d0002000d09b88007b
:10805c0060048100e60f5000df013a00800c200024
:10806c00d09b8800e1013700e30107000004e00029
:10807c000400320060b12000104078000004e000e1
:10808c000f0032003aff020001000000005e2c00dd
:10809c00d6fe02000100000020de020001000000fc
:1080ac000004e000030032000040eb00e0dd0200c1
:1080bc000100000050002000d09b8800cb0137004d
:1080cc00f01f81000000e00006003200f01f81006c
:1080dc00e50f500003003200f01f8100e60f500046
:1080ec00bf013a00e0f32200104078000004e000e9
:1080fc005c013a00e0002000d09b8800a0d5200055
:10810c008040eb000148780080d520008040eb00d7
:10811c000148780090d520008040eb0001487800a1
:10812c001c4a020001000000ce45020001000000c4
:10813c0094bc020001000000b6e6a800b6c6a80078
:10814c00ca06a800ca26a8001100200010c1b3005e
:10815c000e8f0200010000000000eb00707e880012
:10816c00a20120008000eb0040d72000f2040200a6
:10817c00000000000060fe008000eb00205f2c007f
:10818c0030a7020000000000f0b32000d6fe020071
:10819c0001000000f0b320008040eb0001487800a3
:1081ac00d02a210011c0b300014878000000eb0078
:1081bc00707e8800a0282100f1c3b300014878002c
:1081cc00008120008040eb00014878000000000096
:1081dc00d11c800000102000008060000000e00036
:1081ec00fbff3200811d8000001020000080600029
:1081fc000000e000f6ff32008fa6a800a2c6a8007f
:10820c00a2e6a90000192000e059880040d92000fe
:10821c008040eb0001487800e0b32000104078006b
:10822c00804078000114a100e0b3200001487800e0
:10823c00305f2c00d6fe02000100000000000000a0
:10824c00d11c800000102000008060000000e000c5
:10825c00fbff3200811d80000010200000806000b8
:10826c000000e000f6ff32000060fe000100370065
:10827c0000000000d11c8000001020000080600075
:10828c000000e000faff3200811d80000010200089
:10829c00008060000000e000f5ff32004104800027
:1082ac0000802000008060000000e000f0ff3a0039
:1082bc005104800000002400008060000000e000f9
:1082cc00ebff3a0050048000680060000000e00002
:1082dc00e7ff3a000000000098e3a800aee3a80016
:1082ec0000000000602f21008040eb000148780066
:1082fc00d11c800000102000008060000000e00015
:10830c0058003200811d80000010200000806000a9
:10831c000000e00053003200410480000080200087
:10832c00008060000000e0004e003a005104800024
:10833c0000002400008060000000e00049003a00ca
:10834c0050048000680060000000e00045003a0026
:10835c004137800000202000008060000000e00019
:10836c0040003a00a136800000042000008060002c
:10837c000000e0003b003a000040fe00602f2100ae
:10838c00104078000004fb00a03680004200de00a4
:10839c00614060008083fb00a03680004600de0058
:1083ac00614060000083fb00403780004900de0024
:1083bc00614060008082fb00500480004300de00be
:1083cc00614060000082fb00500480004e00de0023
:1083dc00614060008081fb00400480004b00de00a7
:1083ec00614060000081fb00801d80004800de00c1
:1083fc00614060008080fb00d01c80004800de00e3
:10840c00614060000080fb00881f7800871f7800a7
:10841c00861f7800851f7800841f7800831f7800e2
:10842c00821f7800811f7800801f780010602c005c
:10843c00801f7800c0c82000bc04020000000000af
:10844c00f4875700e0652c00d6fe02000100000006
:10845c0000000000c0c82000d6fe02000100000091
:10846c002f003700a03680004600de00614060001f
:10847c000083fb00403780004900de006140600053
:10848c008082fb00500480004300de0061406000ed
:10849c000082fb00500480004e00de006140600052
:1084ac008081fb00400480004b00de0061406000d6
:1084bc000081fb00801d80004800de0061406000f0
:1084cc008080fb00d01c80004800de006140600012
:1084dc000080fb00861f7800851f7800841f7800c1
:1084ec00831f7800821f7800811f7800801f78001e
:1084fc00d0662c00801f7800c0c82000bc0402008d
:10850c0000000000f0875700106b2c00d6fe020014
:10851c0001000000c0c82000d6fe020001000000cf
:10852c000060fe00fc90020001000000cab90200cd
:10853c0001000000d0958000e10f400003003200e4
:10854c00d09580000000e800d0958800d0338000e2
:10855c00680060000000e00006003200e09580003a
:10856c00e10f400003003200e09580000000e800bd
:10857c00e095880040368000700060000000e0004c
:10858c0006003a00f0958000e10f40000300320035
:10859c00f09580000000e800f095880041368000de
:1085ac0000022000008060000000e0000c0032009f
:1085bc0040368000680060000000e00008003200d7
:1085cc0040368000640060000000e00004003200cf
:1085dc00b0358000640060000000e00006003a0046
:1085ec0000968000e10f40000300320000968000ee
:1085fc000000e8000096880052750200010000009f
:10860c008000eb00205f2c0030a70200000000006f
:10861c00f0b32000d6fe020001000000c05c2c006c
:10862c00d6fe020001000000f0b320008040eb00f9
:10863c000148780050e1200011c0b30001487800d7
:10864c004006200060998800d1988000f00f20002f
:10865c00808f500064003a00e01f2000d098880002
:10866c0062003700e0f32200104078008040e900ff
:10867c00e0f32200014878005c00370020de0200a5
:10868c00010000000004e000030032000040eb0099
:10869c00e0dd0200010000000000eb00707e8800ad
:1086ac00f0002000d09b88005000370050e12000e3
:1086bc0011c0b300014878000000eb00707e880008
:1086cc00f0f32200104078000004e00003003200b8
:1086dc0070d822008040eb00014878003aff02007d
:1086ec0001000000d0988000801f7800006c2c00e6
:1086fc00801f7800c0c82000bc04020000000000ed
:10870c00e4875700c0c82000d6fe0200010000001c
:10871c00d1988000b00c2000808f500004003a00eb
:10872c00007d200001002000603d8900713d890022
:10873c00e004210038ba02000100000050002000c3
:10874c00d09b8800290037000000000000000000ca
:10875c00000000000000000000000000000000000d
:10876c000000eb00d09b880020003700c06d2c006f
:10877c00d6fe020001000000348f02000100000050
:10878c0083e0a900000000000000000000000000d1
:10879c0000000000000000000000fe001300370085
:1087ac000000eb00d09b8800000000000f00370099
:1087bc00000000000d003700000000000b00370027
:1087cc00000000000900370000000000070037001f
:1087dc000000000005003700000000000300370017
:1087ec000000000001003700000000004f0478007a
:1087fc000080fa00000006000200fa00600481000c
:10880c00e10f50000600320060048100e20f5000be
:10881c000300320060048100e30f500002003a00b4
:10882c000040eb00a3003700d1988000f00f20002f
:10883c00808f500002003a0010c0b3009d0037003a
:10884c00d1988000700e2000808f500006003600fa
:10885c00d1988000d00e2000808f500002003e0086
:10886c000040eb0093003700d1988000d01f20000f
:10887c00808f500006003600d19880000020200028
:10888c00808f500002003e000040eb008900370052
:10889c00d1988000100f2000808f500002003a0009
:1088ac000040eb0083003700d1988000b00320001b
:1088bc00808f500006003600d19880000004200004
:1088cc00808f500002003e000040eb007900370022
:1088dc0021598100000e2000008060000000e000a3
:1088ec00020032000040eb007200370010408000a4
:1088fc000000e000020032000040eb006d00370089
:10890c0060802000104078000004e000020032007b
:10891c000040eb0067003700002b2100104078006e
:10892c008080fb0000042000008060000000e0005c
:10893c000e003200719b800040062000808f50009a
:10894c0008003200719b800050062000808f500080
:10895c0004003200719b800060062000808f500064
:10896c0002003a000040eb005200370050d82000c3
:10897c00104078000004e000020032000040eb00e0
:10898c004c003700e0282200104078000004e00082
:10899c0002003a000040eb0046003700509a80007d
:1089ac00e20f5000020036000040eb00410037009f
:1089bc00e09a80000000e000020032000040eb0072
:1089cc003c003700109b80000000e00002003200e9
:1089dc000040eb0037003700409b80000000e000b7
:1089ec00020032000040eb0032003700709b800028
:1089fc000000e000020032000040eb002d003700c8
:108a0c00a09880000000e000020032000040eb0063
:108a1c0028003700009c8000e10f5000020032005b
:108a2c000040eb0023003700c09c80000000e000f9
:108a3c0005003200c09c8000e70f500002003e0091
:108a4c000040eb001b0037000040eb00004f7800ab
:108a5c00080037001e80fb0041d9200061407800df
:108a6c00e54f500002003a000040eb0011003700c7
:108a7c001e4fe8001e407800e34f5000f5ff360013
:108a8c0080d82200104078000004e000080032007a
:108a9c00e0d82000104078000080fb0064006000eb
:108aac000000e000020032000040eb000100370043
:108abc0010c0b3000080fa00000006000200fa00ab
:108acc00609c8000f00f500006023200f00f500046
:108adc0010003e00ec0f500007013200ec0f50006c
:108aec0007003e00e10f500048003200e10f50003b
:108afc0024003900eb0f5000f00032001603370051
:108b0c00ee0f5000a4013200ee0f5000be013e00eb
:108b1c006101370081062000810f500008003e00e3
:108b2c0041062000810f500030003100f40f50003e
:108b3c00f5013200f50f50004e02320006033700eb
:108b4c00a10c2000810f50009d023200a10c2000ce
:108b5c00810f500004003e00910c2000810f50004a
:108b6c004d023200fc023700b10c2000810f500086
:108b7c00dd023200a10f2000810f5000f302320001
:108b8c00f50237000080eb00a0728900f0d82000bd
:108b9c009040780090e522000148780000d9200030
:108bac0090407800b0e522000148780060f0220087
:108bbc0090407800a0e522000148780040f22200a5
:108bcc0010407800e540600080e522000148780004
:108bdc00813e200040c1b3000e8f02000100000056
:108bec0040062000609c8800f4023700017d2000c4
:108bfc0040c1b3000e8f020001000000609c800099
:108c0c000000e800609c8800ec023700f02a21008c
:108c1c00104078000004e00009003200f02a210026
:108c2c008040eb000148780040e322008040eb00dc
:108c3c0001487800900c2000609c8800df0237000f
:108c4c00d0e522008040eb000148780040f2220081
:108c5c0010407800654f600080e5220010407800dd
:108c6c009e4f50000b0032000040eb00f039020028
:108c7c0001000000e14f500006003a00d0e5220050
:108c8c0010407800804078000124a000d0e522003c
:108c9c0001487800c0e52200104078000004e00094
:108cac001c00320040f22200104078000080fb00d3
:108cbc00640060000000e0001600320040f2220068
:108ccc00104078008080fb000003200000806000d2
:108cdc000000e0000f003a00c0e522008040eb00ed
:108cec0001487800d0e522001040780080407800e0
:108cfc000124a000d0e5220001487800d0e5220034
:108d0c0010407800804078000134a000d0e52200ab
:108d1c000148780090e5220090407800f0d82000bf
:108d2c001040780080cf50000c003a00b0e52200d3
:108d3c009040780000d920001040780080cf50007f
:108d4c0006003a00116d8000506681008080600042
:108d5c00a0728100808f50000b0032000040eb00ad
:108d6c00f039020001000000e14f500006003a000b
:108d7c00d0e5220010407800804078000104a0006b
:108d8c00d0e5220001487800a0e522009040780050
:108d9c0060f022001040780080cf50000f003200ad
:108dac00f0cc2200104078000004e0000b003d00e5
:108dbc000040eb00f039020001000000e14f5000d0
:108dcc0006003a00d0e52200104078008040780080
:108ddc000114a000d0e5220001487800d0e5220063
:108dec00104078000004e0002f003200509a800000
:108dfc00e10f50002c003a00f01f8100e30f5000ef
:108e0c0029003a0060da2000104078000004e000ed
:108e1c002500340048e10200010000000004e000dd
:108e2c0021003a00b08c2200104078000004e000d1
:108e3c001d003a00106d8000b0728900b172810083
:108e4c005066810000806000a072890060f02200f2
:108e5c0090407800a0e522000148780000d920005d
:108e6c0090407800b0e5220001487800f0d820004e
:108e7c009040780090e522000148780040f22200f2
:108e8c0010407800e540600080e522000148780041
:108e9c00c0002000609c880040e322008040eb0072
:108eac000148780045023700a10f200040c1b300f3
:108ebc000e8f0200010000004002370040e3220048
:108ecc00104078008040e80040e322000148780020
:108edc0040e3220010407800e94f500003003600b8
:108eec00a00f2000609c880034023700c0002000d6
:108efc00609c88003102370040e32200104078006b
:108f0c000080fb0080728900807281004600dd00c9
:108f1c0080728900807281001004b0008072890018
:108f2c0051e32200807281000080e80085f122006c
:108f3c00a4f122008101780012c0b30080007800f7
:108f4c0000cab3001eb802000100000050e322006a
:108f5c00104078008040780020e52200014878001d
:108f6c00b0002000609c880020e5220010407800b2
:108f7c008080fb0000042000008060000000e00006
:108f8c0021003200920120008000eb0050e322000f
:108f9c00f20402000000000051e322008072810004
:108fac007200400084f12200a3f12200010178003c
:108fbc008000780000cab30012f902000100000022
:108fcc00e0e422008040eb000148780050e32200ee
:108fdc00104078000004e000e301320050e322006e
:108fec006cfb0200010000000000e000e001320018
:108ffc00d0002000609c88001029210041c1b300e2
:10900c0001487800ed013700d0e5220010407800cf
:10901c000080fb00680060000000e000d601320018
:10902c00920120008000eb0050e32200f2040200c9
:10903c000000000051e322008072810072004000a9
:10904c0084f12200a3f12200010178008000780055
:10905c0000cab30012f9020001000000e0e4220093
:10906c008040eb000148780050e32200104078006b
:10907c000004e000c201320050e322006cfb02004d
:10908c00010000000000e000bf01320040012000a0
:10909c00609c8800c901370050e322001040780022
:1090ac000004e000330032002059810061006000b0
:1090bc000000e00031003a00d08a22001040780015
:1090cc000004e00004003200d08a22001040780036
:1090dc00e34f500029003a00b08c22001040780079
:1090ec000004e00004003200b08c22001040780034
:1090fc00e34f500021003a00d0e5220010407800e8
:10910c000080fb0061006000004078000004e0007b
:10911c001500320020e522001040780080407800d5
:10912c0000c8b30080c06000b072810001417800bb
:10913c008000780050e322009c40020001000000f7
:10914c00411f200040c1b3000e8f0200010000003f
:10915c00e0002000609c880010292100a1c0b30011
:10916c000148780005003700f0002000609c880062
:10917c0002003700b0002000609c880010292100fc
:10918c00104078000004e00081013a00b00020009b
:10919c00609c880089013700205981006140600083
:1091ac000080fb00610060000000e00011003a004c
:1091bc001029210041c1b3000148780020e52200ac
:1091cc00104078000004e00003003d004001200046
:1091dc00609c880002003700f0002000609c880032
:1091ec00411f200040c1b3000e8f0200010000009f
:1091fc00720137002103200040c1b3000e8f020022
:10920c00010000006d01370050e32200104078008f
:10921c000004e0002a003200205981006100600047
:10922c000000e00028003a00d08a220010407800ac
:10923c000004e00004003200d08a220010407800c4
:10924c00e34f500020003a00b08c22001040780010
:10925c000004e00004003200b08c220010407800c2
:10926c00e34f500018003a00d0e52200104078007f
:10927c000080fb00620060000000e0000d00320086
:10928c0050e32200bc40020001000000411f2000fe
:10929c0040c1b3000e8f020001000000000120004d
:1092ac00609c880010292100a1c0b30001487800ff
:1092bc000500370040012000609c88000200370048
:1092cc00b0002000609c880010292100104078001c
:1092dc000004e00030013a00b0002000609c8800df
:1092ec003601370020598100614060000080fb008e
:1092fc00610060000000e00029013a0040012000fc
:10930c00609c88002d01370050e32200104078004b
:10931c000004e0004a003200e0d820001040780041
:10932c000080fb00640060000000e000440032009c
:10933c00d0e52200104078000080fb006c0060003b
:10934c000000e0003e00320040f2220010407800a5
:10935c000080fb00700060000000e00038003a0064
:10936c0020598100610060000000e0003a003a00e2
:10937c00d08a2200104078000004e0000400320083
:10938c00d08a220010407800e34f50002f003a00a2
:10939c00b08c2200104078000004e0000400320081
:1093ac00b08c220010407800e34f500029003a00a6
:1093bc0020e52200104078000004e00009003d0088
:1093cc0021182d00c0c820007afa0200010000000c
:1093dc0051e32200c0c82000bcc002000000000005
:1093ec000800370091182d00c0c820007afa02003e
:1093fc000100000051e32200c0c82000f6b90200b1
:10940c000000000012c0b300f1b3200050e32200b2
:10941c009ed5020000000000411f200040c1b30097
:10942c000e8f02000100000050012000609c88009b
:10943c0010292100a1c0b3000148780006003700b4
:10944c00b0002000609c8800030037000000000082
:10945c0001003700000000001029210010407800a6
:10946c000004e000d0003a00b0002000609c8800ae
:10947c00d200370020598100614060000080fb0061
:10948c00610060000000e000c9003a00b00020005c
:10949c00609c8800c900370040e32200104078002f
:1094ac000080fb0080728900807281004600dd0024
:1094bc0080728900807281001004b0008072890073
:1094cc0051e32200807281000080e80085f12200c7
:1094dc00a4f122008101780012c0b3008000780052
:1094ec0000cab3001eb802000100000050e32200c5
:1094fc00104078008040780020e522000148780078
:10950c00a00c2000609c880020e522001040780010
:10951c008080fb0000042000008060000000e00060
:10952c0023003200920120008000eb0050e3220067
:10953c00f20402000000000051e32200807281005e
:10954c007200400084f12200a3f122000101780096
:10955c008000780000cab30012f90200010000007c
:10956c00e0e422008040eb000148780050e3220048
:10957c00104078000004e0000900320050e32200a3
:10958c006cfb0200010000000000e000040032004f
:10959c001029210041c1b300014878008700370031
:1095ac0050e322008040eb00014878008300370034
:1095bc0050e322008040eb00014878007f00370028
:1095cc0050e32200104078000004e0003800320024
:1095dc0020598100610060000000e00022003a0088
:1095ec00d08a2200104078000004e0000400320011
:1095fc00d08a220010407800e34f50001a003a0045
:10960c00b08c2200104078000004e000040032000e
:10961c00b08c220010407800e34f500012003a004a
:10962c0051e32200d0182d0010c7020000000000ea
:10963c0012c0b300f1b3200050e322009ed502000b
:10964c0000000000411f200040c1b3000e8f02003b
:10965c0001000000b00c2000609c88001029210043
:10966c00a1c0b300014878001029210010407800f7
:10967c000004e00050003a0040e322001040780063
:10968c008040e80040e322000148780040e32200db
:10969c0010407800e94f500002003600a00f200067
:1096ac0001003700900c2000609c880043003700bc
:1096bc0040e32200104078008040e80040e32200a4
:1096cc000148780040e3220010407800e94f500038
:1096dc0002003600a00f200001003700900c200083
:1096ec00609c880035003700205981006140600083
:1096fc000080fb00610060000000e0000e003a00fa
:10970c0040e32200104078008040e80040e3220053
:10971c000148780040e3220010407800e94f5000e7
:10972c0002003600a00f200001003700900c200032
:10973c00609c8800210037002103200040c1b30049
:10974c000e8f0200010000001c00370010002000ea
:10975c00609c88001900370010002000609c880075
:10976c000000000015003700000000001300370057
:10977c000000000011003700000000000f0037004f
:10978c00000000000d003700000000000b00370047
:10979c00000000000900370000000000070037003f
:1097ac000000000005003700000000000300370037
:1097bc000000000001003700000000000080fa00eb
:1097cc00000006000600fa00200798000040eb009d
:1097dc0020479800ae009000010f78000d00370074
:1097ec002e4090006a00b9000000780020479800d5
:1097fc001e00780010407800804078002e409000c9
:10980c0080c0400000cdb30000c04000204798004d
:10981c001e0fe8001e00780090407800f0c2b300e4
:10982c0080cf5000050034001e0078009040780076
:10983c0090c3b30080cf5000e9ff34002e4090005d
:10984c000080fa00000006000800fa0030079800bb
:10985c00be009000110798001e0090009040780008
:10986c00d0c2b30080cf500006003a001e0090001a
:10987c000000e8001007980000c0eb00004f7800d3
:10988c000200370010c0b300004f78000040eb001e
:10989c0040479800100037004e4090006a00b90015
:1098ac000000780000407800404798001e009000af
:1098bc0010407800804078004e40900080c04000fe
:1098cc0000cdb30000c04000404798001e0090003f
:1098dc000000e800100798001e00900090407800ef
:1098ec00f0c2b30080cf5000050034001e00900081
:1098fc009040780090c3b30080cf5000e6ff340056
:10990c001e407800ce4090008180fb000088b9009a
:10991c0000007800004078000080fa00000006008b
:10992c000800fa00300798006000b8001007980093
:10993c0021079800be009000010f78001c00370032
:10994c002e0090006a00b900000178001e00900003
:10995c006000b90000007800000141009e009000fa
:10996c00a00020000008b80001014100820078002e
:10997c0010079800210798001007980021079800fd
:10998c001e007800104078000000fb000003b100be
:10999c00cf80de001e019000ae019000020040005e
:1099ac008380480010079800210798001e0fe800dc
:1099bc001e00780090407800f0c2b30080cf5000b9
:1099cc00050034001e0078009040780090c3b3006e
:1099dc0080cf5000daff34001e009000ae009000e3
:1099ec000080fa00000006000800fa00200798002a
:1099fc0031079800be009000010f7800ae00900077
:109a0c00f0702200808f5000170036002e0090005e
:109a1c00c400de00703420000008b8004308de00eb
:109a2c00004078000043b000804078003e00900079
:109a3c00014878003e0090000000e80030079800d4
:109a4c002e019000c410de00703420000008b80015
:109a5c00c308de00007122000088b9000000780005
:109a6c000000510020079800ae009000703e2000ce
:109a7c00808f5000180036002e009000c300de00ce
:109a8c00500c22000008b8004408de0000407800aa
:109a9c000043b000804078003e0090000148780000
:109aac003e0090000000e800300798002e01900066
:109abc00c310de00500c22000008b800c408de0001
:109acc00803e20000088b9000000780000005100a2
:109adc00200798000a0037003e0090009e00780096
:109aec00808f5000060032003e00900001c3b3008e
:109afc00014878003e0090000000e8003007980014
:109b0c00ae00900030062000808f50001800360008
:109b1c002e009000c200de00b04721000008b80003
:109b2c000100d100004078000043b0008040780074
:109b3c003e009000014878003e0090000000e800d4
:109b4c00300798002e019000c210de00b0472100b3
:109b5c000008b8008100d100400620000088b90040
:109b6c000000780000005100200798000a00370020
:109b7c003e0090009e007800808f5000060032005e
:109b8c003e00900001c3b300014878003e009000f5
:109b9c000000e800300798002e009000e90f5000fc
:109bac000d003600ae009000d0cc2c000008b800a0
:109bbc004308de00004078000043b000804078008d
:109bcc003e009000014878003e0090000000e80044
:109bdc00300798000a0037003e0090009e00780085
:109bec00808f5000060032003e00900001c3b3008d
:109bfc00014878003e0090000000e8003007980013
:109c0c002e019000d0cc2c000010b8004308de00d0
:109c1c006a00b9000000780000005100200798008d
:109c2c002e009000004078000043b0008040780087
:109c3c003e009000014878003e0090000000e800d3
:109c4c00300798003e0090008040eb0001487800ff
:109c5c00be0090001e007800008050001007980095
:109c6c001e0090000080fa00000006000200fa00be
:109c7c00004f7800f0c2b3009e40780080cf5000b7
:109c8c000800340090c3b3009e40780080cf500091
:109c9c0004003c009e40780000cdb30000c04000a2
:109cac000d00370000c4b3009e40780080cf5000f8
:109cbc000800340060c4b3009e40780080cf500090
:109ccc0004003c009e40780090ccb30000c04000e3
:109cdc00010037000040eb000080fa000000060095
:109cec000200fa00004f78001e4078000004e000eb
:109cfc00060035001e407800e94f500003003c0080
:109d0c001e4078000043b0000a0037001e40780067
:109d1c00e94f5000060034001e407800ef4f500011
:109d2c0003003c001e4078007043b0000100370077
:109d3c0000c3b3000080fa00000006000400fa0023
:109d4c00100798000000eb00000f78001e00900038
:109d5c000000e00008003200010037001e0fe80090
:109d6c001e0078009e00900000804000104078009b
:109d7c000004e000f9ff3a001e0078000080fa00b1
:109d8c00000006000a00fa004047980031079800ce
:109d9c00024f9800be009000010f7800ce4090005a
:109dac0030c6b30080cf500003003e000e48900038
:109dbc00e24f5000190036004e4090000080fb002e
:109dcc00c200de00b04721000008b8000100d1003d
:109ddc00004078000043b000804078003e009000c6
:109dec00014878003e0090000000e8003007980021
:109dfc004e4090000081fb00c210de00b0472100f5
:109e0c000008b8008100d100400620000088b9008d
:109e1c000000780000005100404798004e40900030
:109e2c00e94f50000e0036004e4090008080fb0041
:109e3c00d0cc2c000008b8004308de0000407800ad
:109e4c000043b000804078003e009000014878004c
:109e5c003e0090000000e800300798000d0037002d
:109e6c003e0090009e007800808f500003003a0066
:109e7c000e489000e14f5000060036003e00900066
:109e8c0001c3b300014878003e0090000000e800d8
:109e9c00300798004e4090000081fb00d0cc2c0085
:109eac000010b8004308de006a00b900000078001a
:109ebc0000005100404798004e4090000043b00015
:109ecc00804078003e009000014878003e009000f1
:109edc000000e800300798003e0090008040eb0046
:109eec00014878003e009000804078001e00780009
:109efc000040780000c05000204798002e40900091
:109f0c000080fb000080fa00000006000e00fa0042
:109f1c00300798004107980052079800434f98006b
:109f2c003e009000ce009000e00f5000e08f5800f3
:109f3c004d0032004e489000004fe9001e80fb009f
:109f4c00de009000008040008040eb00014878006b
:109f5c00180037001e4fe9003e009000ce00900024
:109f6c00a200200003002000680402000000000092
:109f7c0010079800210798001e80fb00de0090005f
:109f8c00008040009e009000814078000143b000aa
:109f9c00014878003e009000ce009000a200200006
:109fac000300200048040200000000003007980065
:109fbc00410798001e4078000004e00005003200c4
:109fcc003e009000ce009000e00f5000e08f580053
:109fdc00e0ff3a001e4078000004e0001f00320051
:109fec000040eb00104798000d0037001e40900019
:109ffc000080fb00de009000008040009e80fb0093
:10a00c005e01900081004100914078000148780089
:10a01c001e4090000040e800104798001e4fe800da
:10a02c001e80fb00de009000008040001040780095
:10a03c000004e000edff3a001e4090000080fb00a1
:10a04c00de009000008040008040eb00014878006a
:10a05c001e4090000080fb000b0037004e48900023
:10a06c000080fb00080037005e00900001c3b300c5
:10a07c00014878005e0090000000e8008040eb0092
:10a08c0001487800100020000080fa000000060053
:10a09c000600fa00881f78002047980021079800d6
:10a0ac002e4090006f4f6000ae40900000cfb30088
:10a0bc0000c06000104798001e4090000080fb001c
:10a0cc004400de00104798001e40900004ff07007b
:10a0dc00804078002e009000014878002e009000ff
:10a0ec000004e8001e407800fdfe0700004c7800dc
:10a0fc002e0090000080e8008040eb0001487800c2
:10a10c00200020004f0478000080fa0000000600b8
:10a11c000600fa00200798000000eb0010079800da
:10a12c00ae009000010f78000c0037001e0090006c
:10a13c006a00b90000007800100798001e00780033
:10a14c00104078008000fb001e0090000080400052
:10a15c000003b100100798001e0fe8001e007800e5
:10a16c0090407800f0c2b30080cf5000050034005e
:10a17c001e0078009040780090c3b30080cf500050
:10a18c00eaff34001e0090000080fa000000060078
:10a19c000800fa00604798006e4090008080fb0039
:10a1ac000e007800811f7800411a2d00811f780065
:10a1bc00bc04020000000000e48757000e00780089
:10a1cc0076390200010000000080fa000000060051
:10a1dc000c00fa0050079800de009000811f7800f8
:10a1ec00401a2d00801f78000e007800bc0402007d
:10a1fc0000000000e48757000e007800763902005a
:10a20c00010000000080fa00000006000600fa00c1
:10a21c0020079800ae00900011079800030037004b
:10a22c001e0090000000e800100798001e0090002f
:10a23c009040780000c2b30080cf5000f8ff32008d
:10a24c0022002000711a2d001e0090002206020030
:10a25c00000000000000e000150032002200200089
:10a26c00a11a2d001e009000220602000000000022
:10a27c000000e0000e0032001e00900090407800bc
:10a28c0080c7b30080cf5000090032001e00900040
:10a29c009040780080c5b30080cf5000040032009d
:10a2ac001e00900047fd0700004f78004a00370061
:10a2bc001e0090009040780080c7b30080cf500003
:10a2cc00050032001e0090009040780080c5b3005d
:10a2dc0080cf500004003a001e0090000000e800ff
:10a2ec0010079800030037001e0090000080e80063
:10a2fc00100798000040eb00004f78002d0037004d
:10a30c001e4078004400dd00004f78001e009000d5
:10a31c0090407800f0c2b30080cf50000b003400a6
:10a32c001e0090009040780090c3b30080cf500086
:10a33c0006003c001e009000104078009e4040003b
:10a34c0000cdb30000cf4000170037001e00900076
:10a35c009040780000c6b30080cf50000d00340050
:10a36c001e0090009040780060c6b30080cf500073
:10a37c0008003c001e0090001040780080407800df
:10a38c0000ceb30000c04000804078001e0090005a
:10a39c00014878001e009000104078009e4040005c
:10a3ac0090ccb30000cf40001e0090000000e800ed
:10a3bc00100798001e009000104078000004e00088
:10a3cc00050032001e0090009040780000c2b300df
:10a3dc0080cf5000caff3a001e4078000080fa007f
:10a3ec00000006000000fa007a46a8006099800080
:10a3fc008000eb004206200003002000820f50007a
:10a40c00838f5800d1023e000060010064003700c9
:10a41c00850037008e003700ab003700b4003700e2
:10a42c00d1003700df003700f8003700010137009a
:10a43c002a0137003301370097013700c302370078
:10a44c00c2023700c1023700c0023700bf0237001a
:10a45c00be023700bd023700bc023700bb0237001a
:10a46c00ba023700b9023700b8023700b70237001a
:10a47c00b6023700b5023700b4023700b30237001a
:10a48c00b2023700b1023700b0023700af0237001a
:10a49c00ae023700ad023700ac023700ab0237001a
:10a4ac00aa023700a9023700a8023700a70237001a
:10a4bc00a6023700a5023700a4023700a30237001a
:10a4cc00a2023700a1023700a00237009f0237001a
:10a4dc009e0237009d0237009c0237009b0237001a
:10a4ec009a0237009902370098023700970237001a
:10a4fc00960237009502370094023700930237001a
:10a50c009202370091023700900237008f02370019
:10a51c008e0237008d0237008c0237008b02370019
:10a52c008a02370089023700880237008702370019
:10a53c008602370085023700840237008302370019
:10a54c008202370081023700800237007f02370019
:10a55c007e0237007d0237007c0237007b02370019
:10a56c007a02370079023700780237007702370019
:10a57c007602370075023700740237007302370019
:10a58c007202370071023700700237006f02370019
:10a59c006e0237006d0237006c0237006402370020
:10a5ac0060ef22008040eb0001487800e2002000c0
:10a5bc008000eb0080ef2200f2040200000000009b
:10a5cc0040e120008040eb000148780060f0220060
:10a5dc008040eb000148780050e120008040eb0007
:10a5ec00014878000000eb00907088000000eb0040
:10a5fc00b070880080e120008040eb0001487800ba
:10a60c007a66a900b6e6a800b6c6a900411f2000cc
:10a61c0040c0b3000e8f02000100000010002000ab
:10a62c00609988004c02370060c0b3001a91020098
:10a63c00010000002000200060998800a10020008b
:10a64c0040c0b3000e8f0200010000004202370030
:10a65c0028910200010000004078890041788100b7
:10a66c00400220000088b90000007800c077890003
:10a67c00c177810080a92300808f500004003c002a
:10a68c00c177810030902200808f500004003c0084
:10a69c00b07781000000a100b0778900030037007b
:10a6ac00b07781000000a000b0778900a1002000e5
:10a6bc0040c0b3000e8f02000100000030002000eb
:10a6cc00609988002402370070c0b3001a91020010
:10a6dc00010000004000200060998800a1002000cb
:10a6ec0040c0b3000e8f0200010000001a023700b8
:10a6fc002891020001000000407889004178810017
:10a70c00400220000088b90000007800d077890052
:10a71c00d1778100c00c2100808f500004003c00d8
:10a72c00d177810070bb2000808f500004003c006a
:10a73c00b07781000010a100b077890003003700ca
:10a74c00b07781000010a000b0778900a100200034
:10a75c0040c0b3000e8f020001000000500020002a
:10a76c0060998800fc013700b07781000020a000c0
:10a77c00b077890030002000e077890080c0b300fa
:10a78c001a9102000100000060002000609988000e
:10a79c00a100200040c0b3000e8f02000100000099
:10a7ac00ed0137002891020001000000407889007b
:10a7bc0041788100400220000088b9000000780038
:10a7cc00f0778900f1778100c0762000808f5000ef
:10a7dc0004003c00f1778100306a2000808f50002b
:10a7ec0004003c00b07781000030a100b0778900f4
:10a7fc0003003700b07781000030a000b0778900eb
:10a80c007000200060998800d301370050c0b3005d
:10a81c001a9102000100000080002000609988005d
:10a82c00a100200040c0b3000e8f02000100000008
:10a83c00c90137002891020001000000407889000e
:10a84c0041788100400220000088b90000007800a7
:10a85c0000788900d0338000680060000000e000c0
:10a86c000b003a00007881002078890050e120002c
:10a87c0010407800e14f500003003a0050e12000f6
:10a88c0021c0b300014878000000eb0090708800f4
:10a89c003196800000788100808f500008003d00c8
:10a8ac000078810030968800e00421001040780088
:10a8bc0012c4b30082404000a02c21000148780053
:10a8cc009000200060998800a100200040c0b300d7
:10a8dc000e8f0200010000009f01370040c0b30042
:10a8ec001a91020001000000a0002000609988006d
:10a8fc00a100200040c0b3000e8f02000100000038
:10a90c009501370028910200010000004078890071
:10a91c0041788100400220000088b90000007800d6
:10a92c00107889001196800010788100808f50007b
:10a93c0008003d001078810010968800e00421008a
:10a94c001040780012c4b30082404000802c2100db
:10a95c00014878002196800010788100808f50008b
:10a96c00080034001078810020968800e004210053
:10a97c001040780012c4b30082404000902c21009b
:10a98c00014878001178810040902200808f50009f
:10a99c000500340011c0b30020002000f245020075
:10a9ac00010000000800370011788100f0702200cf
:10a9bc00808f500004003c0011c0b3002000200028
:10a9cc0024460200010000000178810080af2200c3
:10a9dc00808f50000500340011c0b30080002000af
:10a9ec00f2450200010000002400370001788100cc
:10a9fc00f07c2000808f500020003c00e0042100ff
:10aa0c00104078008000fb0020d720001040780018
:10aa1c000080fb00808f50000d003500e004210009
:10aa2c00104078008000fb0030d7200010407800e8
:10aa3c000080fb00808f500005003d0011c0b3006a
:10aa4c008000200024460200010000000b003700ab
:10aa5c00e0d82000104078008080fb00000420002b
:10aa6c00008060000000e0000400320011c0b30060
:10aa7c00800020002446020001000000b0002000ed
:10aa8c0060998800a100200040c0b3000e8f020026
:10aa9c00010000003001370050e120001040780028
:10aaac00e24f50001d00360050e120008040eb00ca
:10aabc00014878000000eb009070880080e12000d5
:10aacc00104078000004e000140032003aff02004d
:10aadc000100000040e62c00d6fe02000100000040
:10aaec0081e1200080e72c00b8b7020000000000d4
:10aafc000041eb00f1b3200080e120009ed5020064
:10ab0c0000000000f0b320008040eb00014878000a
:10ab1c0080e120008040eb000148780050e12000eb
:10ab2c0010407800e24f500003003a0050e1200042
:10ab3c0031c0b3000148780041798100507981001f
:10ab4c00808f500021003900400d2300407989008e
:10ab5c0080f2220085f12200a4f12200800178000d
:10ab6c0022c0b300f12e200000cab3000eb70200c1
:10ab7c0001000000006b230050798900a0f2220034
:10ab8c0085f12200a4f122008001780022c0b300dc
:10ab9c00112f200000cab3000eb702000100000004
:10abac00401f200060798900c0f2220085f122004c
:10abbc00a4f122008001780022c0b300312f2000c4
:10abcc0000cab3000eb702000100000040e12000f3
:10abdc00104078000080fb00e10f50004b00320069
:10abec00e20f5000a90032000000e000c0003a0063
:10abfc00107881008000780040798100808f5000af
:10ac0c000b00310000788100800078001078810002
:10ac1c00000178006079810000004100808f5000b5
:10ac2c0003003600b07080000000e00003003d001f
:10ac3c00b07080000000e0001b00340060f02200c7
:10ac4c0011c0b300014878007a66a800b6e6a900e6
:10ac5c00b6c6a80040e1200011c0b300014878003e
:10ac6c00e0f22200104078000081fb0001788100a6
:10ac7c0010788100821f7800811f7800801f780077
:10ac8c00d0e72c00801f7800c0c82000bc04020054
:10ac9c0000000000e8875700c0c82000d6fe020064
:10acac0001000000060037007a66a900b6e6a8008d
:10acbc00b6c6a90060f022008040eb000148780085
:10accc0050e12000104078000004e0008c003200bd
:10acdc007a66a900b6e6a800b6c6a90040e1200035
:10acec0021c0b30001487800b201200011ea2c0009
:10acfc00c0c82000e404020000000000c0c820000e
:10ad0c00d6fe020001000000820037007a66a8001f
:10ad1c00b6e6a900b6c6a800b07080000000e0003e
:10ad2c002b003500b07080000000e00044003a00b9
:10ad3c00e0f22200104078000080fb00610060000f
:10ad4c000000e0003e003a0010788100800078009e
:10ad5c0050798100808f500004003e000178810002
:10ad6c0010788100808f500006003c00e0f2220039
:10ad7c00104078000080fb00620060000000e000e2
:10ad8c001300320010788100800078005079810027
:10ad9c00808f500008003e002178810010788100df
:10adac00808f50000400340001788100803821002d
:10adbc00808f500022003c00e0f22200104078000e
:10adcc000080fb00620060000000e0001c0032000c
:10addc0060f022008040eb00014878007a66a90000
:10adec00b6e6a800b6c6a90040e120008040eb0002
:10adfc0001487800e0f22200104078008081fb00ce
:10ae0c00227881000178810010788100831f7800fe
:10ae1c00821f7800811f7800801f7800c0eb2c0007
:10ae2c00801f7800c0c82000bc0402000000000095
:10ae3c00ea875700c0c82000d6fe020001000000bf
:10ae4c0050e12000104078000004e0002e00320099
:10ae5c007a66a900b6e6a800b6c6a90040e12000b3
:10ae6c0021c0b30001487800b201200071ee2c0023
:10ae7c00c0c82000e404020000000000c0c820008c
:10ae8c00d6fe020001000000220037007a66a900fd
:10ae9c00b6e6a800b6c6a90050e120001040780024
:10aeac000004e0001a003a007a66a800b6e6a90091
:10aebc00b6c6a80040e120008040eb0001487800b5
:10aecc0020788100801f780020f02c00801f7800f3
:10aedc00c0c82000bc04020000000000e48757003a
:10aeec00c0c82000d6fe0200010000000900370097
:10aefc0040e120008040eb0001487800050037005d
:10af0c0000000000030037000000000001003700c3
:10af1c00000000001000200060998800813e200095
:10af2c0040c0b3000e8f0200010000000a00370081
:10af3c001000200060998800a100200040c0b300e0
:10af4c000e8f020001000000030037000000eb0030
:10af5c0060998800000000000080fa0000000600e4
:10af6c000200fa00004f7800114798001e80fb0089
:10af7c0041d92000614078000080fb00e40f5000b4
:10af8c005c003200e40f50000c003c00e10f50005c
:10af9c0028003200e10f500003003c000000e000ec
:10afac000f003200cc003700e20f500030003200ae
:10afbc00e30f500036003200c7003700e60f500098
:10afcc0093003200e60f500054003500e70f50009c
:10afdc009d003200e80f5000ad003200be0037007b
:10afec001e4090000004e00005003a001e80fb00ab
:10affc0041d9200012c0b30082707800d400370011
:10b00c001e407800e34f5000be003a00116d8000e6
:10b01c0000082000008060000000e000bb0032004f
:10b02c0011c0b30000082000f2450200010000002e
:10b03c00c70037001e4090000004e00004003a00f6
:10b04c001e80fb0041d9200022c0b3008270780022
:10b05c001e409000e14f5000ae003a001e80fb00f5
:10b06c0041d920000041eb0082707800b800370015
:10b07c001e409000e14f5000a8003a001e80fb00db
:10b08c0041d920000041eb0082707800b0003700fd
:10b09c001e407800e34f500009003a00116d80000b
:10b0ac0000082000008060000000e00004003a006e
:10b0bc0011c0b3000008200024460200010000006b
:10b0cc001e407800e24f500096003a00116d80004f
:10b0dc0000402000008060000000e00093003a0077
:10b0ec0011c0b30000402000244602000100000003
:10b0fc00970037001e80fb0081d920000000400023
:10b10c00008040008000eb00010878001e80fb00ee
:10b11c0041d9200052c0b300827078001e409000cc
:10b12c00e14f50000b003a001e80fb0041d920007b
:10b13c000041eb00827078001e80fb0081d920005a
:10b14c0000004000008040008000eb000108780007
:10b15c007f0037001e407800e34f500009003a0092
:10b16c0011c0b300000820002446020001000000ba
:10b17c001e80fb0041d9200072c0b30082707800a1
:10b18c00730037001e407800e24f500009003a006f
:10b19c0011c0b30000402000244602000100000052
:10b1ac001e80fb0041d9200082c0b3008270780061
:10b1bc00670037001e80fb0082d920008000400011
:10b1cc0081004100910078008100e80082d92000c4
:10b1dc000000400000004100010878001e80fb00c8
:10b1ec0081d92000000040000080400090007800d1
:10b1fc00007d2000808f50004e0036001e80fb002a
:10b20c0041d9200062c0b300827078005000370032
:10b21c001e409000e14f500048003a001e80fb0099
:10b22c0041d920000041eb00827078001e80fb00a9
:10b23c0081d9200000004000008040008000eb001d
:10b24c0001087800420037001e409000e14f50008a
:10b25c003c003a001e80fb0041d920000041eb006d
:10b26c00827078001e80fb0081d920000000400015
:10b27c00008040008000eb000108780011c0b30092
:10b28c0000082000f24502000100000030003700e9
:10b29c001e409000e14f50002c003a001e80fb0035
:10b2ac0041d920000041eb00827078001e80fb0029
:10b2bc0081d9200000004000008040008000eb009d
:10b2cc000108780011c0b30000402000f2450200d4
:10b2dc00010000001e0037001e80fb0041d9200039
:10b2ec000041eb00827078001e80fb0081d92000a9
:10b2fc0000004000008040008000eb000108780056
:10b30c00130037000000000011003700000000009f
:10b31c000f003700000000000d0037000000000097
:10b32c000b0037000000000009003700000000008f
:10b33c000700370000000000050037000000000087
:10b34c00030037000000000001003700000000007f
:10b35c000080fa00000006000400fa002047980064
:10b36c00314798000040eb00004f78002e409000d1
:10b37c00e34f500005013e0080f3220081c0b30072
:10b38c0001487800106d80000000e00007003a00d2
:10b39c0040f22200104078000080fb006100600049
:10b3ac00004078000004e0000600320080f3220028
:10b3bc0010407800804078000124a00080f3220027
:10b3cc000148780010d92000104078000080fb0064
:10b3dc006a0060000000e0000400320020d9200068
:10b3ec0010407800e24f50000a003a0050de220074
:10b3fc0010407800e14f500006003200409b800066
:10b40c000000e00016003200409b8000e80f500066
:10b41c0013003e0080f3220010407800804078003a
:10b42c000104a00080f322000148780000ee220005
:10b43c00104078000004e00009003a0050de2200c1
:10b44c0010407800e14f500005003a0000ee220059
:10b45c0021c0b3000148780010002000c09c880077
:10b46c0010d92000104078000080fb0064006000c0
:10b47c000000e0001000320010d9200010407800cd
:10b48c000080fb00680060000000e0000a003a0049
:10b49c0020d9200010407800e24f50000600320006
:10b4ac0080f3220010407800804078000114a00046
:10b4bc0080f3220001487800409b8000e60f50008a
:10b4cc0012003a0080f3220010407800804078008f
:10b4dc000114a00080f32200014878002e40900057
:10b4ec000080fb004200dd000080e800d1db200082
:10b4fc0061407800e14f500007003a0090f32200c1
:10b50c0011c0b300014878000300370090f322000b
:10b51c008040eb000148780040f222001040780097
:10b52c000080fb00640060000000e00006003200b8
:10b53c0080f3220010407800804078000144a00085
:10b54c0080f3220001487800309980000000e00070
:10b55c000900320030998000e30f500006003e00d5
:10b56c0080f3220010407800804078000154a00045
:10b57c0080f3220001487800509a8000e20f5000be
:10b58c000600360080f322001040780080407800de
:10b59c000174a00080f3220001487800f0802000a4
:10b5ac00104078000080fb00630060000000e000a9
:10b5bc000d003200f0802000104078008080fb00ed
:10b5cc00000e2000008060000000e00006003a0041
:10b5dc0080f3220010407800804078000164a000c5
:10b5ec0080f32200014878002e4090000080fb0080
:10b5fc004200dd00c1db2000e140780080f3220036
:10b60c001040780000c060000004e0001700320019
:10b61c0010c0b300004f780080f322001040780077
:10b62c008080fb0000022000008060000000e00031
:10b63c00270032002e4090000080fb004200dd000d
:10b64c00c1db2000614078008080fb0000022000fc
:10b65c00008060000000e0001d003200008120002e
:10b66c0061c0b3000148780019003700f0dc2000fd
:10b67c00104078000004e000150032002e409000cd
:10b68c000080fb004200dd00d1db2000e1407800af
:10b69c0080f322001040780000c060000004e0003d
:10b6ac000200320010c0b300004f78002e40900012
:10b6bc000004e00006003a00e08020001040780012
:10b6cc000004e0000200320010c0b300004f78000c
:10b6dc002e4090000080fb004200dd000080e8005e
:10b6ec00c1db2000614078000004e000080032005b
:10b6fc001e4078000004e000030032000040eb0024
:10b70c00004f78000200370010c0b300004f7800e3
:10b71c003e4090009e40780080cf50000d003200db
:10b72c002e4090000080fb004200dd00c1db2000b9
:10b73c00614078008080fb000002200000806000e7
:10b74c000000e000030032000081200071c0b30053
:10b75c00014878002e4090000080fb004200dd0084
:10b76c000080e800d1db2000614078000004e0009c
:10b77c000600320090f3220010407800e14f500098
:10b78c0002003a0010c0b300004f78001e40780051
:10b79c000080fa00000006009c00fa00889fbe00a2
:10b7ac008a1f7800102b2100104078000080fb00cd
:10b7bc00000f78001e007800e40f500002003e00dd
:10b7cc0050002000000f78009e00780050c0b3009d
:10b7dc000e8f020001000000e05980000000e00024
:10b7ec0029003a00403680004400de0061406000d1
:10b7fc00804078000040eb00d9fd07004036800007
:10b80c004500de00614060008040780010c0b3004d
:10b81c00d3fd0700403680004300de00614060002d
:10b82c008040780020c0b300cdfd0700403680007a
:10b83c004200de00614060008040780030c0b30000
:10b84c00c7fd070040d9200010407800e64f50009b
:10b85c000400320050d9200010407800e64f500010
:10b86c0005003a0011c0b30040002000244602003d
:10b87c00010000000400370011c0b300400020009c
:10b88c00f245020001000000909980000000e800e1
:10b89c0090998800002b2100104078000080fb005c
:10b8ac00620060000000e0006700320090998000a8
:10b8bc00e10f500003003200e40f50002100320071
:10b8cc0053003700d03d81000000d1006140600082
:10b8dc008082fb00d03d8100614060000082fb0053
:10b8ec00f31f810020598100614060000081fb0042
:10b8fc00d19880000e80e800851f7800841f7800a6
:10b90c00831f7800821f7800811f780001062d00ac
:10b91c00811f7800610920008804020000000000eb
:10b92c00ec8757000040eb00005f99003aff0200e3
:10b93c00010000000e80e800d6fe020001000000ad
:10b94c0041003700a0282100104078000085fb0042
:10b95c0039998000d8988000579a80004036800032
:10b96c004500de00614060000083fb004036800033
:10b97c004400de00614060008082fb0000812000fa
:10b98c00104078000082fb001081200010407800ed
:10b99c008081fb0050d92000104078000081fb0012
:10b9ac0040d92000104078008080fb000e80e80019
:10b9bc008a1f7800891f7800881f7800871f7800fd
:10b9cc00861f7800851f7800841f7800831f7800fd
:10b9dc00821f7800811f7800e1092d00811f7800fb
:10b9ec00610920008804020000000000f68757005f
:10b9fc000040eb00005f99003aff020001000000dc
:10ba0c000e80e800d6fe0200010000000e00370098
:10ba1c0091998000518f9800027d20001e007800c3
:10ba2c0080017800110009000381d800de889000a5
:10ba3c00808f5000030039000000eb0090998800c3
:10ba4c0001003700000000004f0578004f04be00d5
:10ba5c000080fa00000006000800fa0010079800a9
:10ba6c0021079800624798000000eb00000f780057
:10ba7c0020598100610060000000e00008003a00dd
:10ba8c001e009000104078000004e000040032001a
:10ba9c002e009000104078000004e00002003a00f4
:10baac000040eb00410037000000eb00000f780075
:10babc00080037001e0078009e00900000804000b7
:10bacc009040780060bc22001e00400001487800c5
:10badc001e0fe8001e0078009e00900000804000c1
:10baec00104078000004e000030032001e007800d3
:10bafc00f80f5000efff340060bc22001e00400025
:10bb0c008040eb00014878000000eb00000f78004b
:10bb1c00080037001e007800ae0090000080400046
:10bb2c009040780040b222001e0040001140980066
:10bb3c001e0fe8001e007800ae0090000080400050
:10bb4c00104078000004e00004003200f0092000ee
:10bb5c009e007800808f5000eeff340040b222002f
:10bb6c001e0040008040eb001140980020598100dd
:10bb7c000010a10020598900205981000000a0006c
:10bb8c00205989006e409000614060000080fb00ed
:10bb9c00610060004400dd00215981000140a100da
:10bbac00010070002059890010c0b3000080fa0019
:10bbbc00000006000200fa00004f78001e80fb0017
:10bbcc00e10f50000b003200e20f50001000320069
:10bbdc000000e00015003a00204781000010a10091
:10bbec0020478900204781000000a10020478900e0
:10bbfc000e003700204781000010a000204789006c
:10bc0c00204781000000a100204789000700370071
:10bc1c00204781000010a1002047890020478100a7
:10bc2c000000a00020478900000000000080fa00fe
:10bc3c00000006000000fa0020478100620060004e
:10bc4c000000e00006003a0020478100610060001f
:10bc5c000000e00002003a000040eb002100370039
:10bc6c0020478100620060000000e00006003a00fe
:10bc7c0020478100610060000000e00002003200fb
:10bc8c0020c0b3001700370020478100620060001d
:10bc9c000000e000060032002047810061006000d7
:10bcac000000e00002003a0010c0b3000d003700a5
:10bcbc0020478100620060000000e00008003200b4
:10bccc0020478100610060000000e00004003200a9
:10bcdc0010c0b300b7ff070010c0b300010037005d
:10bcec00c0c0b3000080fa00000006000000fa009b
:10bcfc00f01f8100004078000080fa000000060070
:10bd0c000000fa0030798100004078000080fa00d1
:10bd1c00000006000000fa00d08a220010407800d3
:10bd2c000004e00009003a00b08c220010407800ba
:10bd3c000004e00005003a00f01f8100e30f500002
:10bd4c0002003a0010c0b300010037000040eb00c5
:10bd5c000080fa00000006000800fa002007980096
:10bd6c00614798000000eb00000f78002e00900057
:10bd7c00a4ce02000100000010079800e5ff0700a8
:10bd8c000004e0000b0032001e009000f90f500080
:10bd9c0008003c001e0090000000e000050032008e
:10bdac002e0090006cfb0200010000000000e0007f
:10bdbc0002003a000040eb001e0037008045810075
:10bdcc000010a1008045890000fd2c00d6fe020069
:10bddc0001000000b08c220011c0b30001487800b3
:10bdec00920120008000eb00108b2200f204020074
:10bdfc00000000000000eb00000f78000800370086
:10be0c001e007800ae00900000804000904078004a
:10be1c00008b22001e004000114098001e0fe8000d
:10be2c001e0090009e007800808f5000f4ff3500bb
:10be3c0010c0b3000080fa00000006000000fa00f9
:10be4c00d08a2200104078000004e00004003a0080
:10be5c00b08c2200104078000004e0000200320098
:10be6c0010c0b300010037000040eb000080fa0066
:10be7c00000006000000fa006eff07000004e0005e
:10be8c0008003a00904481000000a0009044890012
:10be9c00804581000000a0008045890010c0b300df
:10beac00010037000040eb000080fa0000000600a3
:10bebc000e00fa00404f98003aff0200010000000b
:10becc0000002d00d6fe0200010000004e4890003c
:10bedc000080fb0001052000810f5000390032006a
:10beec0001052000810f500007003c004104200098
:10befc00810f50000b003200d1042000810f500044
:10bf0c0048003200a200370021052000810f5000ac
:10bf1c008300320041052000810f5000590032008f
:10bf2c009b00370050d6200090407800e08c220017
:10bf3c002140980010d6200090407800e08c220020
:10bf4c003140980090d6200090407800e08c220080
:10bf5c0041409800c0d5200090407800e08c220031
:10bf6c0051409800f0d5200090407800e08c2200e1
:10bf7c0011409800e0002d00d6fe020001000000e8
:10bf8c0040012d00d6fe020001000000e08c2200d2
:10bf9c00104090000080fb00801f780090012d0065
:10bfac00801f78000e007800bc0402000000000026
:10bfbc00e48757000e007800d6fe02000100000056
:10bfcc007800370060d6200090407800e08c22008a
:10bfdc002140980020d6200090407800e08c220070
:10bfec0031409800a0d6200090407800e08c2200d0
:10bffc0041409800c0d5200090407800e08c220091
:10c00c0051409800b0d5200090407800e08c220080
:10c01c0011409800d0012d00d6fe02000100000056
:10c02c006000370080d6200090407800e08c220021
:10c03c002140980020d6200090407800e08c22000f
:10c04c0031409800c0d6200090407800e08c22004f
:10c05c0041409800e0d5200090407800e08c220010
:10c06c0051409800d0d5200090407800e08c220000
:10c07c001140980020022d00d6fe020001000000a5
:10c08c004800370070d6200090407800e08c2200e9
:10c09c002140980030d6200090407800e08c22009f
:10c0ac0031409800b0d6200090407800e08c2200ff
:10c0bc0041409800d0d6200090407800e08c2200bf
:10c0cc005140980040d62000104078000004e00059
:10c0dc0008003a00e0d6200011c0b30001487800f7
:10c0ec0040d6200090407800e08c2200114098004f
:10c0fc0007003700e0d620008040eb0001487800b4
:10c10c0040d6200090407800e08c2200114098002e
:10c11c00a0022d00d6fe0200010000002100370015
:10c12c0050d6200090407800b0cdb30080c04000c5
:10c13c00e08c22002140980010d62000904078001e
:10c14c00b0cdb30080c04000e08c2200314098009c
:10c15c0090d6200090407800e08c2200414098005e
:10c16c00c0d5200090407800e08c2200514098000f
:10c17c00f0d5200090407800e08c2200114098000f
:10c18c0000032d00d6fe0200010000000500370060
:10c19c0080032d00d6fe0200010000000040eb00e1
:10c1ac0014003700e08c22009040900040c6b30091
:10c1bc0080cf500003003600e08c2200e1c0b300b9
:10c1cc0011409800e08c2200ce489000614098000d
:10c1dc00e08c2200900078000100a000010878009b
:10c1ec00e08c2200900078000110a100010878007a
:10c1fc0010c0b3000080fa00000006000000fa0036
:10c20c00d08a220010407800e24f500007003a001c
:10c21c0090448100620060000000e00003003200e6
:10c22c00904481000020a000904489000040eb0065
:10c23c000080fa00000006000200fa00004f7800af
:10c24c009e40780061c060000080fb0061006000cf
:10c25c0000004000914481000110a1000100700019
:10c26c00904489000080fa00000006000000fa00eb
:10c27c00904481000000d100614060000080fa0011
:10c28c00000006000000fa00d08a2200104078005e
:10c29c000080fa00000006000000fa0070458100e2
:10c2ac000080fa00000006000000fa0060468100e1
:10c2bc000080fa00000006000600fa001007980043
:10c2cc0041479800524798000040eb00004f78001f
:10c2dc004e409000ea4f500009003e004e40900046
:10c2ec000004e000060032005e409000f44f500065
:10c2fc0003003e005e4090000004e00002003a00a3
:10c30c000040eb00360037000040eb00004f780097
:10c31c00220037001e80fb009e0090000080400031
:10c32c00104078000000fb0091032000810f5000aa
:10c33c000a003c0001032000810f50000a003d0060
:10c34c0031022000810f500007003200a1022000b2
:10c35c00810f5000040032000e0037001004b100b1
:10c36c00e30f50000b003e001e81fb001e80fb0003
:10c37c009e009000008040001040780080407800c3
:10c38c00608d220000004100114098001e4fe80013
:10c39c00020037000040eb00110037004e409000c7
:10c3ac009e40780080cf5000daff3900308e22009a
:10c3bc00ce40900001487800208e2200de40900094
:10c3cc0001487800b04681000010a100b0468900f9
:10c3dc00b04681000000a000b046890010c0b30038
:10c3ec000080fa00000006000000fa00b046810050
:10c3fc00614060000080fa00000006000000fa00b6
:10c40c00b04681000000d100614060000080fa005d
:10c41c00000006003400fa00c09c80008000eb0095
:10c42c003206200003002000820f5000838f58003a
:10c43c009d013e00006001009b0137006200370047
:10c44c007d00370090003700ad003700bd0037008d
:10c45c00d7003700e7003700fb0037000d0137002d
:10c46c006d013700800137008f0137008e013700d6
:10c47c008d0137008c0137008b0137008a013700a2
:10c48c0089013700880137008701370086013700a2
:10c49c0085013700840137008301370082013700a2
:10c4ac0081013700800137007f0137007e013700a2
:10c4bc007d0137007c0137007b0137007a013700a2
:10c4cc0079013700780137007701370076013700a2
:10c4dc0075013700740137007301370072013700a2
:10c4ec0071013700700137006f0137006e013700a2
:10c4fc006d0137006c0137006b0137006a013700a2
:10c50c0069013700680137006701370066013700a1
:10c51c0065013700640137006301370062013700a1
:10c52c0061013700600137005f0137005e013700a1
:10c53c005d0137005c0137005b0137005a013700a1
:10c54c0059013700580137005701370056013700a1
:10c55c0055013700540137005301370052013700a1
:10c56c0051013700500137004f0137004e013700a1
:10c57c004d0137004c0137004b0137004a013700a1
:10c58c0049013700480137004701370046013700a1
:10c59c0045013700440137004301370042013700a1
:10c5ac0041013700400137003f0137003e013700a1
:10c5bc003d0137003c0137003b0137003a013700a1
:10c5cc0039013700e200370000d7200085f1220046
:10c5dc00a4f122008001780022c0b3009142200017
:10c5ec0000cab3001eb8020001000000806b80007e
:10c5fc00801f7800e0bd2c00801f78000e007800b2
:10c60c00bc04020000000000e48757000e00780014
:10c61c00d6fe02000100000044010700a10020002a
:10c62c0060c1b3000e8f020001000000200020004a
:10c63c00c09c88001c01370090bf2c00d6fe020065
:10c64c000100000060ee22008040eb000148780001
:10c65c0070ee220041c0b3000148780012ee2200b7
:10c66c002100200060ee22003d010700411f200048
:10c67c0060c1b3000e8f02000100000030002000ea
:10c68c00c09c88000801370000ee220010407800a2
:10c69c000080fb00e10f500003003200e20f50005d
:10c6ac00070032000c00370060c12c00d6fe0200df
:10c6bc000100000040002000c09c88000f003700e3
:10c6cc00c0c22c00d6fe0200010000008000200039
:10c6dc00c09c88000900370000ee22008040eb006f
:10c6ec000148780030c42c00d6fe02000100000086
:10c6fc0080002000c09c880000000000ea00370089
:10c70c0060ee22008040eb000148780070ee2200c1
:10c71c0041c0b3000148780012ee22002100200035
:10c72c0060ee22000e010700416a200060c1b300d8
:10c73c000e8f02000100000050002000c09c8800f9
:10c74c00d9003700c3122000320620008040eb00d5
:10c75c0050c52c0060dc02000000000060ee2200de
:10c76c008040eb000148780070ee220051c0b3000d
:10c77c000148780012ee22002100200060ee220019
:10c78c00f7000700816b8000803e20000088b90014
:10c79c00000078008000780060c1b3000e8f0200aa
:10c7ac000100000060002000c09c8800be00370023
:10c7bc0060ee22008040eb000148780070ee220011
:10c7cc00c1c0b3000148780012ee22002100200005
:10c7dc0060ee2200e20007002103200060c1b300dc
:10c7ec000e8f02000100000070002000c09c880029
:10c7fc00ad00370000ee22008040eb0001487800cd
:10c80c00f0c52c00d6fe020001000000ecdc02009a
:10c81c000000000060ee22008040eb000148780030
:10c82c0070ee22008040eb000148780012ee2200ee
:10c83c002100200060ee2200c90007000000eb0080
:10c84c00c09c8800980037000000eb00a07789009e
:10c85c0060ee22008040eb000148780070ee220070
:10c86c0041c0b3000148780012ee220021002000e4
:10c87c0060ee2200ba0007002103200060c1b30063
:10c88c000e8f02000100000090002000c09c880068
:10c89c0085003700b08c220010407800e34f500028
:10c8ac0008003200b08c220010407800e64f500097
:10c8bc0004003200b08c2200104078000004e0002c
:10c8cc0007003a0050de220010407800e14f500083
:10c8dc0003003200a0002000c09c880072003700ca
:10c8ec0000c82c00d6fe0200010000000000eb0086
:10c8fc00a077890060ee22008040eb0001487800b0
:10c90c0070ee220071c0b3000148780012ee2200d4
:10c91c002100200060ee220091000700a07781002a
:10c92c000000e800a077890030062000c09c880039
:10c93c0020ef22008040eb0001487800210320000a
:10c94c0060c1b3000e8f02000100000056003700da
:10c95c00b08c220010407800e34f500008003200e9
:10c96c00b08c220010407800e64f500004003200da
:10c97c00b08c2200104078000004e00007003a0060
:10c98c0050de220010407800e14f500003003200ce
:10c99c00a0002000c09c88004300370020ef22003c
:10c9ac00104078008040e80020ef22000148780019
:10c9bc0020ef220010407800f34f50001100360099
:10c9cc0020ef22008040eb0001487800a077810026
:10c9dc000000e800a0778900a1778100806b8000bf
:10c9ec00808f5000070035000000eb00a077890015
:10c9fc0090002000c09c880050c92c00d6fe02007c
:10ca0c00010000002103200060c1b3000e8f020062
:10ca1c00010000002400370060ee22008040eb0093
:10ca2c000148780070ee2200c1c0b30001487800c4
:10ca3c0012ee22002100200060ee220048000700c8
:10ca4c002103200060c1b3000e8f02000100000022
:10ca5c00d0ca2c00d6fe020001000000b00020005d
:10ca6c00c09c88001000370000ee22008040eb00d4
:10ca7c000148780060ee22008040eb00014878000d
:10ca8c0070ee22008040eb000148780012ee22008c
:10ca9c002100200060ee2200310007000000eb00b6
:10caac00c09c88000000000050de2200104078007e
:10cabc00e14f50000c00320000ee220010407800d4
:10cacc00e24f500008003200b08c22001040780079
:10cadc00e14f500004003200b08c2200104078006e
:10caec00e24f500002003a00b606a80001003700e1
:10cafc00b606a900b08c220010407800e34f50001d
:10cb0c0004003200b08c220010407800e64f500038
:10cb1c0004003a00b606a90050de22008040eb006b
:10cb2c00014878000080fa00000006000000fa00be
:10cb3c001224ef001424ef001824ef002024ef003f
:10cb4c002424ef002624ef002824ef002a24ef00f1
:10cb5c0000322800802088000080fa0000000600c7
:10cb6c001800fa00100f9800210f9800320f98004f
:10cb7c000000eb00000f78000000eb00100798009d
:10cb8c000000eb00700798000000eb00000f98000d
:10cb9c001000200060079800a366a9001e089000f2
:10cbac000000e00005003a000000eb005007980080
:10cbbc00700047002007980004003700ee0090003a
:10cbcc00510798009e089000210798003e0890009d
:10cbdc000000e00005003a000000eb004007980060
:10cbec006e0047003007980005003700ee009000fb
:10cbfc0041079800be089000310798000000000023
:10cc0c00c0208000680060000000e000fcff3200e3
:10cc1c001e00370000000000c0208000680060008b
:10cc2c000000e000fcff32002e0090001040780065
:10cc3c000080fb00e0208800ae0090005e009000b9
:10cc4c0000804000200798001e0fe8000000000044
:10cc5c00c0208000610060000000e000fcff32009a
:10cc6c00e0208000804078003e0090000148780071
:10cc7c00be0090004e0090000080400030079800ed
:10cc8c001e0090000000e800100798002e0890008d
:10cc9c009e007800808f5000deff3900a366a8004c
:10ccac001e0078000080fa00000006000200fa0066
:10ccbc000040eb00004f7800f0e0200010407800be
:10cccc000080fb00e10f500013003500e20f500014
:10ccdc0005003400e30f50000f003a0010c0b30001
:10ccec00004f78001200370020598100610060006d
:10ccfc000000e0000b003a0021598100000e2000da
:10cd0c00008060000000e00008003a0010c0b30092
:10cd1c00004f7800060037000000eb00009c8800f4
:10cd2c000300370000000000010037000000000085
:10cd3c001e4078000080fa00000006000200fa0095
:10cd4c00000f7800f0e02000104078000080fb001d
:10cd5c00e20f50001f003200e30f500003003200be
:10cd6c00e10f500008003200300037008001eb006a
:10cd7c000001eb008000eb001e007800a2cd020049
:10cd8c0000000000290037008001eb000001eb00df
:10cd9c00a1dd20001e007800a2cd020000000000e2
:10cdac00f0b32000104078000004e0001c003200ba
:10cdbc000041eb00f1b32000a0dd20009ed5020065
:10cdcc0000000000f0b320008040eb000148780028
:10cddc00160037008001eb000001eb0041df200062
:10cdec001e007800a2cd020000000000f0b320006d
:10cdfc00104078000004e0000b0032000041eb0012
:10ce0c00f1b3200040df20009ed50200000000009e
:10ce1c00f0b320008040eb0001487800030037009d
:10ce2c000000000001003700000000000080fa0044
:10ce3c00000006001600fa00009c8000e70f50006e
:10ce4c00f2003200e70f500010003e00e20f5000dd
:10ce5c0071003200e20f500005003e000000e000bf
:10ce6c001b003200e10f500028003200ac013700eb
:10ce7c00e50f50009a003200e50f5000b4003e0060
:10ce8c00e30f50007d003200a5013700ea0f50007f
:10ce9c003c013200ea0f500005003e00e80f500044
:10ceac0006013200e90f50001d0132009c013700d1
:10cebc00ec0f500065013200ec0f50004a013900b4
:10cecc00810c2000810f5000790132009401370051
:10cedc00e0e020008040eb0001487800f0e020000a
:10ceec008040eb0001487800a0dd20008040eb0082
:10cefc000148780040df20008040eb0001487800ba
:10cf0c0010002000009c880088013700e0e0200021
:10cf1c00104078000004e00008003a00a0dd20007a
:10cf2c00104078000004e00004003a0040df2000cc
:10cf3c00104078000004e00032003200e0e02000f5
:10cf4c00104078000004e0000c003200f0e02000fb
:10cf5c0031c0b30001487800e0e0200010407800b8
:10cf6c00e14f500003003a0020002000009c880094
:10cf7c000200370090002000009c8800a0dd2000fb
:10cf8c00104078000004e0000c003200f0e02000bb
:10cf9c0011c0b3000148780000e120001040780077
:10cfac00e14f500003003a0020002000009c880054
:10cfbc000200370090002000009c880040df200019
:10cfcc00104078000004e0000c003200f0e020007b
:10cfdc0021c0b3000148780010e120001040780017
:10cfec00e14f500003003a0020002000009c880014
:10cffc000200370090002000009c88000000000018
:10d00c004a013700411f200020c1b3000e8f0200df
:10d01c00010000004501370024ff07000004e00078
:10d02c00080032000e80e800a1142d007afa0200ec
:10d03c00010000000e80e80040ff070030002000d7
:10d04c00009c8800f0e0200010407800e34f500076
:10d05c0005003a00810c200020c1b3000e8f0200a5
:10d06c000100000031013700813e200020c1b300d7
:10d07c000e8f0200010000002c0137000bff07008f
:10d08c000004e000080032000e80e80001152d00bd
:10d09c007afa0200010000000e80e80027ff07006a
:10d0ac0050002000009c8800f0e020001040780028
:10d0bc00e34f500005003a00810c200020c1b30062
:10d0cc000e8f02000100000018013700813e200085
:10d0dc0020c1b3000e8f02000100000013013700c5
:10d0ec00f2fe07000004e0000b0032000e80e800a6
:10d0fc0061152d007afa0200010000000e80e80094
:10d10c000eff070000f422008040eb00014878007d
:10d11c0060002000009c8800f0e0200010407800a7
:10d12c00e34f500005003a00810c200020c1b300f1
:10d13c000e8f020001000000fc003700813e200031
:10d14c0020c1b3000e8f020001000000f700370071
:10d15c00d6fe07000004e0001e0032000e80e8003e
:10d16c00b1152d007afa020001000000000f7800c2
:10d17c001e0078008e80e8008080400000f42200c1
:10d18c00104078000041eb00c8ce02000100000006
:10d19c001e0f40000e80e800e8fe070000f422009d
:10d1ac00104078008040e80000f42200014878002c
:10d1bc0000f4220010407800e94f500005003600c2
:10d1cc0070002000009c880000f4220011c0b30005
:10d1dc0001487800f0e0200010407800e34f500048
:10d1ec0005003a00810c200020c1b3000e8f020014
:10d1fc0001000000cd003700813e200020c1b300ab
:10d20c000e8f020001000000c8003700a7fe0700c7
:10d21c000004e0001b0032000e80e80021162d00f7
:10d22c007afa020001000000000f78001e0078005e
:10d23c008e80e8008080400000f4220010407800ce
:10d24c000041eb00c8ce0200010000001e0f4000a0
:10d25c000e80e800b9fe070000f4220010407800b0
:10d26c008040e80000f422000148780000f422001d
:10d27c0010407800e44f500002003600800020007f
:10d28c00009c8800f0e0200010407800e34f500034
:10d29c0005003a00810c200020c1b3000e8f020063
:10d2ac0001000000a1003700813e200020c1b30026
:10d2bc000e8f0200010000009c0037007bfe07006f
:10d2cc000004e000080032000e80e80091162d00ea
:10d2dc007afa0200010000000e80e80097fe0700b9
:10d2ec0090002000009c8800f0e0200010407800a6
:10d2fc00e34f500005003a00810c200020c1b30020
:10d30c000e8f02000100000088003700813e2000d3
:10d31c0020c1b3000e8f0200010000008300370013
:10d32c0062fe07000004e000080032000e80e800f6
:10d33c0011172d007afa0200010000000e80e8009f
:10d34c007efe0700a0002000009c8800f0e020007a
:10d35c0010407800e34f500005003a00810c20008b
:10d36c0020c1b3000e8f0200010000006f003700d7
:10d37c00813e200020c1b3000e8f0200010000008e
:10d38c006a00370049fe07000004e0000800320084
:10d39c000e80e80041172d007afa0200010000000f
:10d3ac000e80e80065fe0700b0002000009c88009d
:10d3bc00f0e0200010407800e34f500005003a00e8
:10d3cc00810c200020c1b3000e8f02000100000070
:10d3dc0056003700813e200020c1b3000e8f0200a2
:10d3ec00010000005100370030fe07000004e0008f
:10d3fc00080032000e80e80091172d007afa020026
:10d40c00010000000e80e8004cfe0700c000200068
:10d41c00009c8800f0e0200010407800e34f5000a2
:10d42c0005003a00810c200020c1b3000e8f0200d1
:10d43c00010000003d003700813e200020c1b300f8
:10d44c000e8f0200010000003800370017fe0700a5
:10d45c000004e000080032000e80e800e1172d0007
:10d46c007afa0200010000000e80e80033fe07008b
:10d47c00800c2000009c8800f0e020001040780018
:10d48c00e34f500005003a00810c200020c1b3008e
:10d49c000e8f02000100000024003700813e2000a6
:10d4ac0020c1b3000e8f0200010000001f003700e6
:10d4bc00f0e02000104078000080fb00e20f5000ec
:10d4cc000d003200e30f500003003200e10f50005a
:10d4dc00050032000c003700e0e020008040eb003b
:10d4ec000148780008003700a0dd20008040eb00e8
:10d4fc00014878000400370040df20008040eb003a
:10d50c000148780000000000f0e020008040eb00b3
:10d51c000148780010002000009c880003003700b0
:10d52c000000eb00009c8800000000000080fa0066
:10d53c00000006000000fa00881f7800409b800065
:10d54c008000eb005201200003002000820f5000ed
:10d55c00838f5800d3013e00006001001500370096
:10d56c00d001370074003700ce013700cd013700f1
:10d57c00cc013700a8003700ca013700c5003700be
:10d58c00e8003700fd0037000201370010013700ba
:10d59c004f01370074013700c2013700c101370059
:10d5ac00c0013700bf013700be01370077013700db
:10d5bc00a101370048e1020001000000e34f5000d8
:10d5cc0031003a0050c4b300304d0200010000009d
:10d5dc003aff020001000000c06e2c00d6fe0200d3
:10d5ec000100000010722c00d6fe020001000000a9
:10d5fc0030892200d6fe020001000000b0722c001f
:10d60c00d6fe02000100000080d5200011c0b3003e
:10d61c0001487800f0db200010407800e14f50000a
:10d62c000c00320030dc200010407800e14f50003c
:10d63c000800320070dc200010407800e14f5000f0
:10d64c0004003200b0dc200010407800e14f5000a4
:10d65c0004003a00d0c4b3005edf020001000000f9
:10d66c000300370000c5b3005edf020001000000bc
:10d67c0011c0b30000042000f245020001000000bc
:10d68c0060002000409b880048e10200010000007f
:10d69c00e24f500074013a003ce10200010000002e
:10d6ac00e14f500072013a0050c4b300304d0200fb
:10d6bc00010000003aff020001000000d0722c00b3
:10d6cc00d6fe02000100000010722c00d6fe0200f3
:10d6dc000100000030892200d6fe0200010000008b
:10d6ec00b0722c00d6fe02000100000080dd20008c
:10d6fc008040eb000148780080d5200011c0b300b9
:10d70c000148780053062000e200200011c0b3004d
:10d71c00d0752c0060dc02000000000011c0b300ca
:10d72c0000042000f245020001000000200020004f
:10d73c00409b88005b01370050c4b300304d0200a1
:10d74c000100000080dd200010407800e14f500007
:10d75c0023003a00ecdc02000000000080dd200019
:10d76c008040eb000148780080d5200011c0b30048
:10d77c0001487800f0db200010407800e14f5000a9
:10d78c000c00320030dc200010407800e14f5000db
:10d79c000800320070dc200010407800e14f50008f
:10d7ac0004003200b0dc200010407800e14f500043
:10d7bc0004003a00d0c4b3005edf02000100000098
:10d7cc000300370000c5b3005edf0200010000005b
:10d7dc0060002000409b880004e102000100000072
:10d7ec0048e10200010000000004e00022013a00c0
:10d7fc00ecdc02000000000080002000409b880050
:10d80c003aff02000100000060762c00d6fe0200f8
:10d81c00010000002301370090c4b300304d02001a
:10d82c0001000000b06a80000000e0000d00320032
:10d83c0052e1020001000000b16a8000810f50002b
:10d84c000800360040df02000100000080002000cc
:10d85c00409b8800c15d2000e0c0b3000e8f020029
:10d86c000100000048e10200010000000004e0009b
:10d87c0003013a0080002000409b88003aff020020
:10d88c0001000000f0792c00d6fe0200010000001f
:10d89c000401370050ff20008040eb000148780065
:10d8ac0080d520008040eb000148780052e1020056
:10d8bc0001000000ee0f500014003600f0db2000d9
:10d8cc0010407800e14f50000c00320030dc20009a
:10d8dc0010407800e14f50000800320070dc20004e
:10d8ec0010407800e14f500004003200b0dc200002
:10d8fc0010407800e14f500007003a00d0c4b3004c
:10d90c005edf0200010000000300370000c5b30019
:10d91c005edf02000100000090002000409b8800a8
:10d92c00e0003700d0c4b300304d0200010000000d
:10d93c0048e10200010000000004e00003003a008e
:10d94c00a0002000409b8800d600370040df02007a
:10d95c000100000050ff2000104078008040e800db
:10d96c0050ff200001487800813e2000e0c0b30049
:10d97c000e8f020001000000ca003700e0e5220013
:10d98c008040eb0001487800c0002000409b8800dc
:10d99c00c4003700e0e52200104078008040e80029
:10d9ac00e0e5220001487800e0e522001040780014
:10d9bc00e94f50000300360040012000409b8800d6
:10d9cc00b8003700c0002000409b8800b50037002d
:10d9dc00e0e52200104078000080fb00d073890045
:10d9ec00d07381004600dd00d0738900d0738100b4
:10d9fc001004b000d0738900f1e52200d0738100cf
:10da0c000080e80085f12200a4f122008101780059
:10da1c0012c0b3008000780000cab3001eb8020028
:10da2c0001000000f0e522001040780080407800f2
:10da3c0000c8b30080c06000c0e722000148780035
:10da4c00b0002000409b8800f0e5220010407800d8
:10da5c000000fb00680060000000e0008a0032005b
:10da6c00920120008000eb00f0e52200f20402009d
:10da7c0000000000f1e52200d0738100720040002c
:10da8c0084f12200a3f122000101780080007800cb
:10da9c0000cab30012f902000100000080e7220066
:10daac008040eb0001487800f0e52200104078003f
:10dabc000004e00076003200d0002000409b88007b
:10dacc00f028210041c1b3000148780075003700ef
:10dadc00f0e52200104078000004e000190032004c
:10daec0020598100610060000000e00017003a003e
:10dafc00c0e722001044780052e10200010000004f
:10db0c0080007800e0e522001040780008427800a0
:10db1c008101780032892200f1e52200b4d602009e
:10db2c00000000000004e00003003200e0002000d0
:10db3c00409b880005003700b0002000409b880007
:10db4c0002003700b0002000409b8800f028210024
:10db5c00104078000004e0004f003a00b0002000b4
:10db6c00409b88004f0037002059810061406000c5
:10db7c000080fb00610060000000e00048003a00fb
:10db8c00b0002000409b8800460037000000eb00ee
:10db9c00409b880020c5b300304d020001000000fe
:10dbac00e0d82000104078008080fb0000022000ac
:10dbbc00008060000000e0001900320052e1020019
:10dbcc0001000000ee0f50000f003e003aff020073
:10dbdc0001000000807d2c00d6fe02000100000038
:10dbec00017d2000e0c0b3000e8f02000100000098
:10dbfc00b07e2c00d6fe0200010000005001200077
:10dc0c00409b8800270037003aff0200010000000b
:10dc1c00807f2c00d6fe020001000000210037009e
:10dc2c003aff02000100000070812c00d6fe0200b9
:10dc3c00010000001b0037000000eb00409b880037
:10dc4c003aff02000100000070832c00d6fe020097
:10dc5c0001000000e0dc200011c0b3000148780096
:10dc6c00000000000f003700000000000d0037001e
:10dc7c00000000000b003700000000000900370016
:10dc8c00000000000700370000000000050037000e
:10dc9c000000000003003700000000000100370006
:10dcac00000000004f0478000080fa00000006001d
:10dcbc000000fa00a0988000e30f5000ed00320045
:10dccc00e30f500005003e00e10f50006b003200e6
:10dcdc00e10f500094003e0007003700e90f5000a0
:10dcec0034013200ef0f500043013200e80f5000b6
:10dcfc00f500320070013700e02a21001040780056
:10dd0c000004e0002a0032000040eb00f039020071
:10dd1c00010000000004e00025003200a0282100d2
:10dd2c0090407800f0c3b30080cf50002000320048
:10dd3c00d02a2100104078000004e0001c003a00ba
:10dd4c00e028220010407800e14f500018003a0003
:10dd5c00007b22009040780010c3b30080cf5000ad
:10dd6c0005003200007b22009040780050c3b300c5
:10dd7c0080cf50000e003a003aff02000100000074
:10dd8c0020cc2c00d6fe020001000000e02a21006d
:10dd9c008040eb0001487800e0e722008040eb0077
:10ddac000148780020002000a0988800320037003d
:10ddbc0060048100e20f500012003a00a100200024
:10ddcc000040eb000e8f0200010000003aff020041
:10dddc000100000020cd2c00d6fe02000100000046
:10ddec00e0e722008040eb00014878008000200032
:10ddfc00a0988800b0282100e1c1b3000148780048
:10de0c004401370060048100e20f50001500360019
:10de1c0060048100e50f500012003e00a1002000bc
:10de2c000040eb000e8f0200010000003aff0200e0
:10de3c0001000000b0ce2c00d6fe02000100000054
:10de4c00e0e722008040eb0001487800f000200061
:10de5c00a0988800b0282100e1c1b30001487800e7
:10de6c0005003700017d20000040eb000e8f020002
:10de7c00010000002701370026013700e0e72200ef
:10de8c00104078008040e800e0e72200014878006c
:10de9c00e0e7220010407800e94f50000b003600fc
:10deac003aff02000100000070d02c00d6fe0200e8
:10debc0001000000e02a21008040eb0001487800be
:10decc000000eb00a0988800020037002000200022
:10dedc00a0988800007b22009040780010c3b3000b
:10deec0080cf5000f8003200007b22009040780078
:10defc0050c3b30080cf5000f50032003aff02004f
:10df0c0001000000e0d12c00d6fe02000100000050
:10df1c00e02a21008040eb00014878000000eb0073
:10df2c00a0988800fb003700e0e722001040780042
:10df3c000080fb00d0748900d07481004600dd00a5
:10df4c00d0748900d07481001004b000d0748900a2
:10df5c00f1e72200d07481000080e80085f12200f6
:10df6c00a4f122008101780012c0b3008000780077
:10df7c0000cab3001eb8020001000000f0e7220046
:10df8c001040780080407800c0e9220001487800f9
:10df9c0010002000a0988800c0e9220010407800f2
:10dfac008080fb0000042000008060000000e00086
:10dfbc00c9003200c0e92200104078000004e000e3
:10dfcc00c7003500920120008000eb00f0e7220032
:10dfdc00f204020000000000f1e72200d07481007e
:10dfec007200400084f12200a3f1220001017800ac
:10dffc008000780000cab30012f902000100000092
:10e00c0080e922008040eb0001487800f0e7220014
:10e01c00104078000004e000b3003200f0e722006a
:10e02c006cfb0200010000000000e000b0003200b8
:10e03c0030002000a0988800b0282100e1c1b30076
:10e04c00014878003aff02000100000010d42c00b7
:10e05c00d6fe020001000000f0e72200d6fe02000e
:10e06c000100000030d52c00d6fe0200010000009b
:10e07c00a800370020598100610060000000e0001a
:10e08c000a003a00f0b32000a05802000000000083
:10e09c000041eb00f1b32000f0e722009ed5020016
:10e0ac000000000010002000a0988800b02821007b
:10e0bc00104078000004e0008f003a0010002000af
:10e0cc00a0988800930037002059810061006000ff
:10e0dc000000e00027003a0070a12000fa4b02007b
:10e0ec0001000000e0502200104078000004e00025
:10e0fc000e003200e05022006cfb02000100000018
:10e10c000000e0000900320050d52c00d6fe0200c1
:10e11c000100000012c0b30071a12000e0502200e9
:10e12c009ed502000000000009003700c0d62c006c
:10e13c00d6fe02000100000070a12000d6fe0200f5
:10e14c000100000030d52c00d6fe020001000000ba
:10e15c0021288100f0ff2800008060002028890021
:10e16c0090002000a0988800b028210041c1b30085
:10e17c0001487800b0282100104078000004e0002d
:10e18c005f003a0021288100f0ff28000080600029
:10e19c002028890060048100e20f500002003a0040
:10e1ac0010002000600489000000eb00a09888009b
:10e1bc005800370020598100610060000000e00029
:10e1cc0004003a0010002000600489000000eb00fd
:10e1dc00a0988800b0282100104078000004e000ce
:10e1ec0049003a0010002000600489000000eb0098
:10e1fc00a09888004700370020598100610060001a
:10e20c000000e0001d003a0020d82c00d6fe0200d1
:10e21c000100000070a12000384a0200010000003b
:10e22c00e0502200104078000004e00006003200ac
:10e23c0012c0b30071a12000e05022009ed5020054
:10e24c00000000000300370070a12000d6fe020081
:10e25c000100000060048100e30f500003003a004d
:10e26c006000200060048900020037000000eb0011
:10e27c00600489000000eb00a0988800b028210001
:10e28c00104078000004e00021003a006004810096
:10e29c00e30f500003003a00600020006004890086
:10e2ac00020037000000eb00600489000000eb0066
:10e2bc00a0988800170037000000eb00a098880099
:10e2cc0000000000130037000000000011003700b0
:10e2dc00000000000f003700000000000d003700a8
:10e2ec00000000000b0037000000000009003700a0
:10e2fc000000000007003700000000000500370098
:10e30c00000000000300370000000000010037008f
:10e31c00000000000080fa00000006000400fa0073
:10e32c00e09a8000e10f500031013200e10f500003
:10e33c0003003900e20f500047013200560137004c
:10e34c0020598100610060000000e0003a003a00b2
:10e35c00d03d8100610060000000e00036003a0012
:10e36c00d03d8100620060000000e00032003a0005
:10e37c00d03d8100640060000000e0002e003a00f7
:10e38c0010cd2200104078000004e0002a0032007a
:10e39c0010cd2200104078000080fb00e10f5000ef
:10e3ac0003003200e20f5000070032001d0037005e
:10e3bc003aff020001000000a00e2d00d6fe020064
:10e3cc0001000000ffff3700b16d800000ff2f003f
:10e3dc0000806000b06d8800b06d80000050a1001e
:10e3ec00b06d880000772200f1c3b30001487800bb
:10e3fc00107722008040eb0001487800007b22005f
:10e40c00f1c3b30001487800007b220090407800f3
:10e41c00a028210001487800800e2000d0988800a8
:10e42c000000000010cd22008040eb000148780075
:10e43c00800e2000d0988800d03d810061406000a3
:10e44c000080fb0061006000004078000004e000e8
:10e45c00df003200d03d8100620060000000e0006f
:10e46c00db003a003aff020001000000a00f2d0073
:10e47c00d6fe020001000000c0852200d6fe02007c
:10e48c000100000080102d00d6fe020001000000eb
:10e49c0060872200d6fe020001000000f0102d0063
:10e4ac00d6fe020001000000f0872200d6fe02001a
:10e4bc000100000070112d00d6fe020001000000ca
:10e4cc0040448100801f7800d0112d00801f7800ff
:10e4dc00c0c82000bc04020000000000e487570004
:10e4ec00c0c82000d6fe02000100000000122d0062
:10e4fc00d6fe020001000000b07b2200d6fe020016
:10e50c000100000080122d00d6fe02000100000068
:10e51c00b1122d00f0b320007afa020001000000c5
:10e52c00100798009e009000f0b32000008040007f
:10e53c00618722007afa0200010000009e00900020
:10e54c0000804000100798009e009000f0b320005f
:10e55c0000804000f1122d007afa02000100000048
:10e56c009e00900000804000100798009e009000d4
:10e57c00f0b3200000804000f18722007afa0200fc
:10e58c00010000009e0090000080400010079800e1
:10e59c0012c0b3008000eb00f0b32000047902003d
:10e5ac00000000000000eb00000f780082c0b300f8
:10e5bc0011132d00b07b220044fa02000100000070
:10e5cc000000e0001d003a0017003700a07b22007d
:10e5dc001e0040009040900000c6b30080cf500059
:10e5ec0010003400a07b22001e00400090409000e0
:10e5fc00a0c7b30080cf50000a003c00a07b2200d3
:10e60c001e004000104090008040780000ceb30007
:10e61c0000c0400080407800a07b22001e0040001b
:10e62c00114098001e0fe800a07b22001e00400045
:10e63c00104090000004e000e4ff3a00d03d81005f
:10e64c000000a100d03d8900d03d81000010a00049
:10e65c00d03d8900b07b22009040780020c5b300eb
:10e66c0080cf500005003a00c07b2200904078001b
:10e67c0000c2b30080cf500014003200b07b2200e7
:10e68c009040780090c4b30080cf500017003a003f
:10e69c00c07b22009040780000c5b30080cf5000b2
:10e6ac0012003a00d07b22009040780010c4b300d6
:10e6bc0080cf50000d003a00e07b220090407800a3
:10e6cc0050c5b30080cf500008003a00f4872200f8
:10e6dc0063872200c2852200b17b2200a0132d008b
:10e6ec00125602000000000039003700f4872200a7
:10e6fc0063872200c2852200b17b220020142d00ea
:10e70c001256020000000000f0b320008040eb0025
:10e71c0001487800c08522006cfb0200010000005b
:10e72c000000e0002a003200f387220062872200fa
:10e73c00c1852200b07b2200a2cd020000000000a7
:10e74c00f0b32000104078000004e00020003200fc
:10e75c0020598100610060000000e00008003a00d0
:10e76c000041eb00f1b32000c08522009ed50200d1
:10e77c000000000020002000e09a88000a0037000a
:10e78c00f1b32000a0be22007afa020001000000c2
:10e79c00c1852200b0c822007afa020001000000f4
:10e7ac0010002000e09a8800d028210041c1b3005d
:10e7bc0001487800f0b320008040eb00014878005d
:10e7cc0011c0b30000012000f2450200010000005e
:10e7dc00e09a80000000e00033003a0021032000a2
:10e7ec00c0c0b3000e8f02000100000031003700e2
:10e7fc0020598100610060000000e0000b003a002d
:10e80c000041eb00a1be2200b0c822009ed5020040
:10e81c000000000020002000e09a8800d028210091
:10e82c0041c1b300014878000400370021032000e7
:10e83c00c0c0b3000e8f020001000000d0282100e0
:10e84c00104078000004e00019003a000000eb00d2
:10e85c00e09a8800170037002059810061006000a1
:10e86c000000e00004003200d028210010407800a5
:10e87c000004e00003003a000000eb00e09a88007e
:10e88c000c00370021032000c0c0b3000e8f020023
:10e89c0001000000070037000000eb00e09a880040
:10e8ac0000000000030037000000000001003700ea
:10e8bc00000000000080fa00000006002e00fa00a4
:10e8cc00309c8000e10f50001d003200e10f500021
:10e8dc0003003900e20f5000b70032004801370046
:10e8ec0010b3200010407800e14f500004003200bb
:10e8fc0010b3200010407800e24f50000b003a009b
:10e90c00d1988000f00f2000808f5000070032005b
:10e91c0010b320009040780020f4220001487800c9
:10e92c0010002000309c880041013700411f20005e
:10e93c0030c1b3000e8f0200010000003c01370013
:10e94c0020598100610060000000e00033013a00b2
:10e95c00e028220010407800e14f500031013a00cd
:10e96c00d02a2100104078000004e0002f013a006a
:10e97c000e80e800920120008000eb00f2040200ff
:10e98c00000000000e80e80084f12200a3f12200b8
:10e99c00000178006102200000cab30012f90200e5
:10e9ac00010000000040eb00305f98000e80e80092
:10e9bc006cfb0200010000000000e0006f00320060
:10e9cc00e0d92c00d6fe02000100000070022000ed
:10e9dc000e00400038ba0200010000000000eb00fd
:10e9ec00000f78009e00780020b32000808040004b
:10e9fc007e60900022c0b300c8ce0200010000006f
:10ea0c001e0f40009e00780020b320008080400044
:10ea1c000e68900022c0b300c8ce020001000000b6
:10ea2c001e0f40009e00780020b320008080400024
:10ea3c001e68900022c0b300c8ce02000100000086
:10ea4c001e0f400041da2c00f0b320007afa0200cd
:10ea5c0001000000000f78009e007800f0b3200049
:10ea6c000080400041db2c007afa0200010000001b
:10ea7c001e0f40009e007800f0b320000080400084
:10ea8c008e80e8007afa0200010000001e0f4000a0
:10ea9c009e007800f0b3200000804000a1db2c0029
:10eaac007afa0200010000001e0f40009e00780060
:10eabc00f0b320000080400021b320007afa02005d
:10eacc00010000001e0f40000e80e80012c0b300d1
:10eadc00f1b320009ed5020000000000f0b320002e
:10eaec008040eb000148780010b3200031c0b30027
:10eafc000148780020002000309c8800813e2000d6
:10eb0c0030c1b3000e8f02000100000030f422006f
:10eb1c008040eb000148780010b3200031c0b300f6
:10eb2c00014878003aff020001000000f0db2c00e5
:10eb3c00d6fe02000100000020f4220010407800f4
:10eb4c000080fb00e10f500003003200e20f500088
:10eb5c0005003200b600370000de2c00d6fe0200a5
:10eb6c000100000004003700b0de2c00d6fe0200cd
:10eb7c000100000000000000ad0037003aff020069
:10eb8c000100000060df2c00d6fe02000100000036
:10eb9c0010b320008040eb00014878008138210040
:10ebac0030c1b3000e8f0200010000000000eb002a
:10ebbc00309c88009e00370010b320001040780075
:10ebcc00e14f50000400320010b3200010407800d8
:10ebdc00e24f500002003a0010002000309c8800e8
:10ebec0010b3200010407800e44f500031003a0080
:10ebfc00500220000e004000220020008000eb009c
:10ec0c00f204020000000000500220000e00400040
:10ec1c0085f12200a4f122008001780012c0b3001b
:10ec2c005103200000cab3001eb80200010000000e
:10ec3c00de60900010c3b30080cf50000f00320094
:10ec4c00500220000e00400011e22c00b8fa020025
:10ec5c0001000000500220000e00400085f122004f
:10ec6c00a4f122008001780012c0b30051032000ef
:10ec7c0000cab3000eb702000100000010b3200060
:10ec8c008040eb000148780020b320008040eb006e
:10ec9c00014878000000eb00309c88003aff02002d
:10ecac000100000030e22c00d6fe02000100000042
:10ecbc005f00370030f42200104078008040e800fc
:10eccc0030f422000148780030f422001040780023
:10ecdc000004e00045003a0020f4220010407800c7
:10ecec000080fb00e10f500003003200e20f5000e7
:10ecfc002a00320035003700500220000e00400080
:10ed0c00220020008000eb00f20402000000000052
:10ed1c00500220000e00400085f12200a4f12200d8
:10ed2c008001780012c0b3005103200000cab30068
:10ed3c001eb8020001000000de60900000c3b300aa
:10ed4c0080cf50000f003200500220000e00400017
:10ed5c00d1e32c00b8fa02000100000050022000a0
:10ed6c000e00400085f12200a4f122008001780001
:10ed7c0012c0b3005103200000cab3000eb702004a
:10ed8c00010000003aff020001000000f0e32c003b
:10ed9c00d6fe0200010000000c003700025f81006b
:10edac00135f81004051810051518100800f51004f
:10edbc00818f590004003a00d08a22008040eb0079
:10edcc000148780001003700000000000000eb0053
:10eddc00309c880020b320008040eb000148780074
:10edec0010b320008040eb0001487800411f200048
:10edfc0030c1b3000e8f0200010000000c00370080
:10ee0c000000eb00309c880020b320008040eb0019
:10ee1c0001487800000000000500370000000000e9
:10ee2c000300370000000000010037000000000064
:10ee3c000080fa00000006000a00fa003007980073
:10ee4c00410798000000eb00000f78000201200041
:10ee5c00f10f20004e009000f204020000000000b0
:10ee6c003e009000104078008080fb00b002200033
:10ee7c00808f50000a003a004e009000b1cbb300d6
:10ee8c0001487800100020001007980010002000a6
:10ee9c002007980010002000000f780019003700a0
:10eeac003e00900090407800f0c2b30080cf50003c
:10eebc000f0036003e0090009040780090c3b300e5
:10eecc0080cf50000a003e004e009000a1cab30053
:10eedc00014878000000eb0010079800100020009b
:10eeec002007980010002000000f78000500370064
:10eefc004e009000c1cfb300014878000000eb0039
:10ef0c00000f78001e0078000000e0004e00320078
:10ef1c003c0037002e009000ce0090000080400096
:10ef2c009e0090003e01900081004100114178004c
:10ef3c0001cdb30081404100c408dd0001487800d8
:10ef4c001e0090000000e800100798001e009000c2
:10ef5c00be0090000080400090407800f0c2b300ea
:10ef6c0080cf50001b0036001e009000be009000a9
:10ef7c00008040009040780090c3b30080cf5000d8
:10ef8c0014003e002e009000ce0090000080400047
:10ef9c00ae0090004e01900081004100914078003d
:10efac00014178009e009000be01900081804100dc
:10efbc009141780001cdb30081c0410081407100c6
:10efcc00014878001e0090000000e800100798002f
:10efdc00090037002e009000ce0090000080400009
:10efec00ae0090004e0190008100410091407800ed
:10effc00f140b300014878002e0090000000e800ba
:10f00c00200798001e009000be0090000080400079
:10f01c0090407800f0c2b30080cf50000a00360058
:10f02c001e009000be0090000080400090407800d0
:10f03c0090c3b30080cf500003003e001e00900030
:10f04c00f80f5000b3ff34000080fa0000000600f7
:10f05c000c00fa0040079800510798000000eb00e4
:10f06c00000f7800a20120008000eb005e009000f1
:10f07c00f2040200000000004e00900010407800e6
:10f08c000080fb00a10a2000810f50000d0032000f
:10f09c00b10b2000810f500011003a005e0090006f
:10f0ac00b1c2b3000148780010002000100798008e
:10f0bc00100020002007980010002000000f78009e
:10f0cc000c0037000000eb00100798001000200027
:10f0dc002007980010002000000f78000500370072
:10f0ec005e009000a1c5b300014878000000eb0061
:10f0fc00000f78001e0078000000e0004300320092
:10f10c000040eb0060479800370037002e0090005d
:10f11c00ce00900000804000104078008080fb0002
:10f12c00000f200080806000000f2000808f5000b6
:10f13c002b0032001e009000de009000008040008a
:10f14c00ae0090004e01900081004100914078008b
:10f15c008180fb00c408de00814078000143b000d0
:10f16c00014878001e0090000000e800100798008d
:10f17c002e009000ce0090000080400010407800df
:10f18c000080fb006f006000ef0f50001100320098
:10f19c001e009000de00900000804000ae00900049
:10f1ac004e0190008100410091407800efc060005a
:10f1bc000143b000014878001e0090000000e800f8
:10f1cc00100798002e0090000000e800200798001f
:10f1dc000500370010c0b3006047980002003700ec
:10f1ec0010c0b300604798001e009000f80f50004c
:10f1fc0006003c002e009000ee0f500003003c0077
:10f20c006e4090000004e000c0ff32001e00780049
:10f21c000080fa00000006001a00fa00005798005f
:10f22c00110f9800220f9800330f9800440f98008c
:10f23c00ce0a90003e0a90008e017800f2c0b30016
:10f24c009e0890000e5090001eb8020001000000b5
:10f25c009e407800b0c2b30080cf500020003a002e
:10f26c009e409000f0c2b30080cf50001c003600ce
:10f27c009e40900090c3b30080cf500018003e0019
:10f28c00ae409000f0c2b30080cf500014003600a6
:10f29c00ae40900090c3b30080cf500010003e00f1
:10f2ac008e0078002e089000e20020004c06020030
:10f2bc00000000002e0890006f0040008040eb0022
:10f2cc00014878004e0a9000be0990002e0990006b
:10f2dc009e0890000e5090000600070003003700b7
:10f2ec00ae0890000e00780059ff07000080fa006d
:10f2fc00000006001a00fa0000579800110f980041
:10f30c00220f9800330f9800440f98008e0078005d
:10f31c002e089000c8fe0700ce0a90003e0a90000e
:10f32c008e017800f2c0b3009e0890000e50900041
:10f33c000eb70200010000000080fa000000060079
:10f34c000800fa0020079800310798000000eb0035
:10f35c00100798000000eb00000f78003e009000b2
:10f36c00a4ce020001000000100798000000eb0082
:10f37c00000f78000d0037001e007800ae009000e2
:10f38c0000804000904078001e0078003e01900004
:10f39c00000041001040780080cf50000200320085
:10f3ac000000eb00060037001e0fe8001e00900066
:10f3bc009e007800808f5000efff35001000200079
:10f3cc000080fa00000006000600fa001007980002
:10f3dc00210798000000eb00000f78000d003700ab
:10f3ec001e0078009e009000008040009040780045
:10f3fc001e0078002e0190000000410010407800a3
:10f40c0080cf5000020032000000eb0019003700e2
:10f41c001e0fe8001e0078009e0090000080400047
:10f42c00104078000004e000060032001e00780056
:10f43c00ae00900000804000104078000004e00016
:10f44c00e7ff3a001e0078009e009000008040000c
:10f45c00904078001e0078002e01900000004100c2
:10f46c001040780000c068000080fb000000e9003c
:10f47c004f00de000080fa00000006000800fa00d1
:10f48c001007980021079800624798000000eb00d5
:10f49c00000f78000d0037001e0078009e009000d1
:10f4ac0000804000904078001e0078002e019000f3
:10f4bc00000041001040780080cf50000200320064
:10f4cc000000eb00060037001e0fe8006e409000b5
:10f4dc000080fb009e0f5000efff3c00100020004e
:10f4ec000080fa00000006000a00fa0030079800bd
:10f4fc0041079800ce00900011079800be009000c4
:10f50c00010f78000000eb00200798000b0037007b
:10f51c001e009000904078001e0078000148780092
:10f52c001e0090000000e800100798001e0fe80075
:10f53c002e0090000000e800200798001e009000ac
:10f54c00104078000004e000f1ff3a001e00780043
:10f55c008040eb00014878002e0090000080fa00fb
:10f56c00000006000a00fa003007980041079800d6
:10f57c00ce00900011079800be009000010f78009b
:10f58c000000eb00200798000b0037001e009000d5
:10f59c00904078001e007800014878001e00900012
:10f5ac000000e800100798001e0fe8002e009000e5
:10f5bc000000e800200798001e0090001040780022
:10f5cc000004e000f1ff3a001e0078008040eb00e0
:10f5dc00014878002e0090000080fa000000060020
:10f5ec000e00fa004007980051079800424f98000f
:10f5fc00de00900011079800ce009000010f7800fb
:10f60c000000eb00200798000040eb0060479800da
:10f61c000e0037001e009000904078001e0078000d
:10f62c00014878001e0090000000e80010079800c8
:10f63c001e0fe8002e0090000000e8002007980044
:10f64c006e4090000040e800604798001e0090005b
:10f65c00104078000004e000070032006e4090007b
:10f66c008000fb004e4890000000fb000000e90009
:10f67c00808f5000e7ff35001e0078008040eb00c3
:10f68c00014878002e0090000080fa00000006006f
:10f69c000200fa00004f7800f0c2b3009e407800e0
:10f6ac0080cf50000600340090c3b3009e40780019
:10f6bc0080cf500002003c001000200001003700f9
:10f6cc000000eb000080fa00000006000400fa00c5
:10f6dc00100798000000eb00000f78001e0090004f
:10f6ec0090407800b0c2b30080cf500009003a00bf
:10f6fc001e0090000000e80010079800060037007c
:10f70c001e0090000000e800100798001e0fe80093
:10f71c0001003700000000001e009000104078002f
:10f72c00dbff07000000e000f5ff3a001e00900030
:10f73c00104078000004e000020032000000eb00f2
:10f74c00000f78001e0078000080fa000000060010
:10f75c000800fa00100798004147980032079800fb
:10f76c000040eb00004f78000f0037001e80fb00bc
:10f77c009e00900000804000104078008000fb004c
:10f78c004e4090000080fb00808f500005003a0036
:10f79c009e80fb003e0090000108780010002000c5
:10f7ac00080037001e4fe8001e80fb009e009000f2
:10f7bc0000804000104078000004e000ebff3a00ad
:10f7cc000000eb000080fa00000006000c00fa00bc
:10f7dc003007980041079800520798000000eb0092
:10f7ec00000f78000000eb00200798004e009000fe
:10f7fc0010407800204798001e007800be00900052
:10f80c0000804000e400470001017800ae40900009
:10f81c00cfff0700e10f50000f003a002e009000c0
:10f82c001e004000be00900000804000ce00900002
:10f83c00a6f9020001000000e10f500008003a0098
:10f84c002e0090009e0040005e00900001087800a1
:10f85c0010002000060037000000eb000400370009
:10f86c002e0090001e0f40001e0fe800e2ff370034
:10f87c000080fa00000006000a00fa003007980029
:10f88c0041079800be009000110798000300370054
:10f89c001e0090000000e800100798001e00900069
:10f8ac00104078000004e000f9ff3a00ce00900010
:10f8bc0021079800030037002e0090000000e8009c
:10f8cc00200798002e009000104078000004e00003
:10f8dc00f9ff3a000040eb00004f780007003700ba
:10f8ec001e4fe8001e0090000000e9001007980071
:10f8fc002e0090000000e900200798001e009000e8
:10f90c00904078002e0090001040780080cf50007e
:10f91c0008003a009e0090003e009000808f50003e
:10f92c0004003900ae0090004e009000808f500013
:10f93c00ebff31001e4078000080fa00000006004a
:10f94c000a00fa0010079800414798003207980007
:10f95c00430798003e0090008040eb00014878007f
:10f96c004e0090008040eb00014878001c003700ee
:10f97c003e009000104078006a00b900000078004a
:10f98c0000407800804078003e00900001487800ec
:10f99c003e00900010407800804078001e009000df
:10f9ac001040780080c0400000cdb30000c0400083
:10f9bc00804078003e009000014878001e009000c6
:10f9cc000000e800100798004e00900010407800ee
:10f9dc000040e800804078004e009000014878001c
:10f9ec001e009000104078004efb02000100000049
:10f9fc000000e000deff3a001e009000904078000e
:10fa0c004e40900080cf5000040032001e00900049
:10fa1c00104078000004e00003003a0010002000c1
:10fa2c00000f7800020037000000eb00000f780098
:10fa3c001e0078000080fa00000006000400fa00a6
:10fa4c0030998000e30f50004c003200e30f50005f
:10fa5c0005003e00e10f500016003200e10f50008f
:10fa6c003f003e0009003700a10f2000810f50001d
:10fa7c0060003200b10f2000810f50006500320091
:10fa8c00ea0f5000400032006e003700509a8000a0
:10fa9c00e20f500078003600519a8000b01220001e
:10faac00808f500076003e001000200030998800b6
:10fabc00780037000000eb00000f78000000eb002e
:10facc00100798000e0037001e0090004200dd0069
:10fadc00c1db2000614078008080fb000002200028
:10faec00008060000000e0000200320010002000e6
:10fafc00000f78001e0090000000e800100798002e
:10fb0c001e009000e30f5000efff34001e00780041
:10fb1c000000e0000b003a00017d200030c0b30073
:10fb2c000e8f020001000000a00f20003099880009
:10fb3c008040eb0000102000f245020001000000a4
:10fb4c0054003700017d200030c0b3000e8f02003e
:10fb5c000100000020002000309988004d00370083
:10fb6c00017d200030c0b3000e8f020001000000a8
:10fb7c00300020003099880046003700a00020009b
:10fb8c003099880043003700108120001040780025
:10fb9c000004e0000c0032008040eb00001020005c
:10fbac00f245020001000000f080200010407800b7
:10fbbc00804078000114a000f080200001487800fb
:10fbcc00a00f2000309988000081200010407800a0
:10fbdc000004e0002c003a008040eb0000102000f4
:10fbec002446020001000000a00f2000309988007c
:10fbfc0028003700f080200010407800804078000a
:10fc0c000154a100f080200001487800b00f2000c2
:10fc1c0030998800509a8000e10f50001c003e0083
:10fc2c00f080200010407800804078000154a10042
:10fc3c00f0802000014878000000eb00309988002b
:10fc4c00140037000000eb0030998800f080200091
:10fc5c0010407800804078000154a100f080200012
:10fc6c0001487800e01a2d00d6fe020001000000c9
:10fc7c0000000000070037000000000005003700fe
:10fc8c0000000000030037000000000001003700f6
:10fc9c00000000000080fa00000006000200fa00dc
:10fcac00004f780060a22200104078009e4f500058
:10fcbc0003003a00305181000090a00030518900bf
:10fccc001e407800ea4f5000030032001e407800be
:10fcdc00ed4f500014003a00409222001040780082
:10fcec000004e0001e003200409222001040780018
:10fcfc000080fb00519222000041eb0082707800e2
:10fd0c008001eb000001eb008000eb005092220020
:10fd1c00a2cd020000000000409222008040eb00c7
:10fd2c00014878000e0037001e407800ed4f50005f
:10fd3c000b00320040922200104078000080fb0043
:10fd4c001e4178005192220082707800409222006d
:10fd5c00104078008040e800409222000148780072
:10fd6c000080fa00000006000000fa00800020006d
:10fd7c00701d8800b023ef0020022000b01d880009
:10fd8c00b823ef009bc0a800afe3a800b143a800c4
:10fd9c00b183a800b686a8000080fa000000060017
:10fdac000200fa00000f78001e0078001040780066
:10fdbc000004e000110032000000000001003700d8
:10fdcc0000000000811d80000010200000806000f9
:10fddc000000e000fbff32001e00780010407800ad
:10fdec000000fb00901d88001e0fe8001e0078002c
:10fdfc00104078000004e000f1ff3a000080fa00a7
:10fe0c00000006000200fa00000f78001e007800c7
:10fe1c00104078000004e0001100320000000000e7
:10fe2c000100370000000000811d80000010200040
:10fe3c00008060000000e000fbff32001e00780034
:10fe4c00104078000080fb00901d88001e0fe80019
:10fe5c001e007800104078000004e000f1ff3a002a
:10fe6c000080fa00000006000000fa0060192d0066
:0cfe7c00cbff07000080fa000000060029
:020000040000fa
:020000040003f7
:10fe88009e2e00001e000000820000002346230072
:10fe980049234e002354230052234100234e2300bc
:10fea800532350002341230052234500234e2300af
:10feb8005400000000080000aa0b000080000000a9
:10fec800f62e00001400000080000000382f00000b
:10fed8000400000080000000182f00000c00000043
:10fee80080000000242900000401000080000000b8
:10fef800282a0000f6000000800000001e2b0000e9
:10ff0800cc00000080000000242d000066000000e6
:10ff180080000000ea2b0000bc0000008000000008
:10ff28008a2d00005c000000800000005e2e0000aa
:10ff38002000000080000000e62d00004e000000b8
:10ff480080000000aa1300000e08000080000000d6
:10ff58003c2f00000200000082000000feff0000ad
:10ff68003e2f00000200000080000000402f00002b
:10ff78000200000080000000422f00000200000084
:10ff880080000000342e00002a00000080000000dd
:10ff9800302f00000800000082000000010001006e
:10ffa80000ff0000feff00008e2200009606000001
:10ffb80080000000da2e00001c0000008000000015
:10ffc8007e2e00002000000080000000a62c00000b
:10ffd8007e00000080000000242f00000c000000bc
:10ffe800800000000a2f00000e00000082000000c0
:10fff800ffffff00ff64000060ea00000019000036
:020000040004f6
:1000080005000000b81b0000d606000080000000b4
:10001800bc2e00001e00000082000000286e69004f
:100028006c29000025006800076c09004c836a00f1
:100038009074a0007ac000008068880000846c007a
:1000480082008100442f00000200000080000000b0
:0400580000000000a4
:020000040000fa
:020000040004f6
:10005c000000fa000080fa00000006000200fa001e
:10006c00004f78001e80fb00e10f500003003200af
:10007c00e20f5000250032005100370030372200cb
:10008c0085f12200a4f1220080017800e2c1b300c6
:10009c001130200000cab3001eb80200010000009d
:1000ac00003f220085f12200a4f12200800178009b
:1000bc0022c0b3001134200000cab3001eb80200e5
:1000cc0001000000003b220085f12200a4f1220077
:1000dc0080017800e2c1b3004134200000cab300b3
:1000ec001eb8020001000000f03c220085f1220045
:1000fc00a4f1220080017800e2c1b3002136200077
:10010c0000cab3001eb80200010000003037220004
:10011c0085f12200a4f1220080017800e2c1b30035
:10012c001138200000cab3001eb802000100000004
:10013c00003f220085f12200a4f12200800178000a
:10014c0022c0b300113c200000cab3001eb802004c
:10015c0001000000003b220085f12200a4f12200e6
:10016c0080017800e2c1b300413c200000cab3001a
:10017c001eb8020001000000f03c220085f12200b4
:10018c00a4f1220080017800e2c1b300213e2000de
:10019c0000cab3001eb8020001000000e03e2200bd
:1001ac0085f12200a4f122008001780012c0b30076
:1001bc002141200000cab3001eb80200010000005b
:1001cc00f03e22008040eb00014878000080fa00ed
:1001dc00000006000000fa0000998000e10f5000ba
:1001ec001e003200e10f500003003900e20f5000f6
:1001fc00240032002c003700ca06a900ca26a80029
:10020c00007b22009040780010c3b30080cf5000d8
:10021c0005003200007b22009040780050c3b300f0
:10022c0080cf500005003a00419c200020c0b30054
:10023c000e8f02000100000004003700411f200057
:10024c0020c0b3000e8f0200010000000099800056
:10025c000000e8000099880016003700ca06a900c3
:10026c00ca26a900411f200020c0b3000e8f020037
:10027c0001000000009980000000e800009988004f
:10028c000c003700ca06a800ca26a900411f20008e
:10029c0020c0b3000e8f0200010000000000eb0034
:1002ac0000998800030037000000eb0000998800db
:1002bc00000000000080fa00000006000200fa00b6
:1002cc00004f7800114798001e407800e54f500011
:1002dc000200360050c0b300004f78001059810066
:1002ec000000e00024003a00109b80000000e000b9
:1002fc0021003a00409b80000000e0001e003a0004
:10030c00509a8000e10f50001b003a001e80fb0049
:10031c00105989001e409000614060000080fb0075
:10032c0061006000f15881000100a1000100700023
:10033c00f0588900f05881000010a000f058890096
:10034c001e4090000004e00003003a00800c2000e6
:10035c000059890002003700401f20000059890015
:10036c0090d5200011c0b3000148780040c5b300ff
:10037c005edf02000100000010598100004078008f
:10038c000080fa00000006000000fa000080fa006d
:04039c000000060057
:020000040000fa
:020000040004f6
:1003a000f03fb1000180b10006003500ee03090006
:1003b00000000000403fb1000180b100fbff3d00a4
:1003c0001000b000203fb00002003500008009009e
:0803d00000000000000006001f
:020000040000fa
:02000004000af0
:04be0000ffffff0041
:020000040000fa
:02000004000af0
:04be2000ff1f000000
:020000040000fa
:02000004000af0
:04be300009ffff0007
:020000040000fa
:02000004000af0
:04be380047ffff00c1
:020000040000fa
:02000004000af0
:04be4000bbffff0045
:020000040000fa
:02000004000af0
:04be4800ffffff00f9
:020000040000fa
:02000004000af0
:04be5000df7fff0091
:020000040000fa
:02000004000af0
:04be5800ffffff00e9
:020000040000fa
:020000040100f9
:04300000feffff00d0
:00000001FF