:020000040000fa
:080000000001040000000000f3
:020000040000fa
:0400080018040000d8
:020000040000fa
:04000c0018040000d4
:020000040000fa
:0400100018040000d0
:020000040000fa
:0400140018040000cc
:020000040000fa
:0400180018040000c8
:020000040000fa
:04001c0018040000c4
:020000040000fa
:0400200018040000c0
:020000040000fa
:0400240018040000bc
:020000040000fa
:0400280004020000ce
:020000040000fa
:04002c0018040000b4
:020000040000fa
:0400300018040000b0
:020000040000fa
:040034006202000064
:020000040000fa
:0400380018040000a8
:020000040000fa
:04003c0018040000a4
:020000040000fa
:0400400018040000a0
:020000040000fa
:040044005202000064
:020000040000fa
:040048005a02000058
:020000040000fa
:04004c001804000094
:020000040000fa
:040050001804000090
:020000040000fa
:040054005403000051
:020000040000fa
:040058001804000088
:020000040000fa
:04005c001804000084
:020000040000fa
:040060001804000080
:020000040000fa
:04006400180400007c
:020000040000fa
:040068001804000078
:020000040000fa
:04006c001804000074
:020000040000fa
:040070001804000070
:020000040000fa
:040074008a030000fb
:020000040000fa
:040078001e02000064
:020000040000fa
:04007c001804000064
:020000040000fa
:040080001804000060
:020000040000fa
:04008400180400005c
:020000040000fa
:040088001804000058
:020000040000fa
:04008c001804000054
:020000040000fa
:040090001804000050
:020000040000fa
:04009400180400004c
:020000040000fa
:040098001804000048
:020000040000fa
:04009c003802000026
:020000040000fa
:0400a0001e0300003b
:020000040000fa
:0400a400180400003c
:020000040000fa
:0400a8001804000038
:020000040000fa
:0400ac001804000034
:020000040000fa
:0400b0001804000030
:020000040000fa
:0400b400180400002c
:020000040000fa
:0400b8001804000028
:020000040000fa
:0400bc001804000024
:020000040000fa
:0400c0001804000020
:020000040000fa
:0400c400180400001c
:020000040000fa
:0400c8001804000018
:020000040000fa
:0400cc001804000014
:020000040000fa
:0400d0001804000010
:020000040000fa
:0400d400180400000c
:020000040000fa
:0400d8001804000008
:020000040000fa
:0400dc001804000004
:020000040000fa
:0400e0001804000000
:020000040000fa
:0400e40018040000fc
:020000040000fa
:0400e80018040000f8
:020000040000fa
:0400ec0018040000f4
:020000040000fa
:0400f00018040000f0
:020000040000fa
:0400f40018040000ec
:020000040000fa
:0400f80018040000e8
:020000040000fa
:0400fc0018040000e4
:020000040000fa
:0401000018040000df
:020000040000fa
:0401040018040000db
:020000040000fa
:0401080018040000d7
:020000040000fa
:04010c0018040000d3
:020000040000fa
:0401100018040000cf
:020000040000fa
:0401140018040000cb
:020000040000fa
:0401180018040000c7
:020000040000fa
:04011c0018040000c3
:020000040000fa
:0401200018040000bf
:020000040000fa
:0401240018040000bb
:020000040000fa
:0401280018040000b7
:020000040000fa
:04012c0018040000b3
:020000040000fa
:0401300018040000af
:020000040000fa
:0401340018040000ab
:020000040000fa
:0401380018040000a7
:020000040000fa
:04013c0018040000a3
:020000040000fa
:04014000180400009f
:020000040000fa
:04014400180400009b
:020000040000fa
:040148001804000097
:020000040000fa
:04014c001804000093
:020000040000fa
:04015000180400008f
:020000040000fa
:04015400180400008b
:020000040000fa
:040158001804000087
:020000040000fa
:04015c001804000083
:020000040000fa
:04016000180400007f
:020000040000fa
:04016400180400007b
:020000040000fa
:040168001804000077
:020000040000fa
:04016c001804000073
:020000040000fa
:04017000180400006f
:020000040000fa
:04017400180400006b
:020000040000fa
:040178001804000067
:020000040000fa
:04017c001804000063
:020000040000fa
:04018000180400005f
:020000040000fa
:04018400180400005b
:020000040000fa
:040188001804000057
:020000040000fa
:04018c001804000053
:020000040000fa
:04019000180400004f
:020000040000fa
:04019400180400004b
:020000040000fa
:040198001804000047
:020000040000fa
:04019c001804000043
:020000040000fa
:0401a000180400003f
:020000040000fa
:0401a400180400003b
:020000040000fa
:0401a8001804000037
:020000040000fa
:0401ac001804000033
:020000040000fa
:0401b000180400002f
:020000040000fa
:0401b400180400002b
:020000040000fa
:0401b8001804000027
:020000040000fa
:0401bc001804000023
:020000040000fa
:0401c000180400001f
:020000040000fa
:0401c400180400001b
:020000040000fa
:0401c8001804000017
:020000040000fa
:0401cc001804000013
:020000040000fa
:0401d000180400000f
:020000040000fa
:0401d400180400000b
:020000040000fa
:0401d8001804000007
:020000040000fa
:0401dc001804000003
:020000040000fa
:0401e00018040000ff
:020000040000fa
:0401e40018040000fb
:020000040000fa
:0401e80018040000f7
:020000040000fa
:0401ec0018040000f3
:020000040000fa
:0401f00018040000ef
:020000040000fa
:0401f40018040000eb
:020000040000fa
:0401f80018040000e7
:020000040000fa
:0401fc0018040000e3
:020000040000fa
:10020000cfcd22000eff27000e0188000000000065
:10021000000020000000e000020032000001200089
:100220002002880014000700830107000000e0009e
:1002300003003a00004c2d0011002000020037009e
:100240000000200001002000810f7000010032003a
:1002500014000700000020000000e000020032004f
:100260000000020000000000285d02000100000004
:100270000040da000000fe004440a900207b23007b
:100280000000e00003003200002020009001880000
:100290004440a800000006008a1f78008b1f7800e9
:1002a00000000600a1028800800478000000eb0036
:1002b0001f003700e284440054a0b4009905ba003e
:1002c000e284440054a0b4009906ba00e2844400d9
:1002d00054a0b4000006eb00476fde00fd07b2003b
:1002e000ae018800636ce10003003a00eaff0700fa
:1002f0000000eb000e003700606ce10008003a00df
:10030000004deb000a05e800020039003420ec0043
:100310000af0a0008b05e900f9ff3e000400370059
:100320006168e100010032000086eb000b0007006d
:1003300019c7ba001905ba000e04e00003003a001c
:100340000a00e000dbff3a0000000600fe07b200f2
:10035000ae0288008a047800f5ff37000cd0a300b5
:10036000e20f4d001c00390089027800354dba00bb
:100370000a05e800020039003420ec000af0a00071
:100380008b05e9000f003200254dba000a05e80090
:10039000020039003420ec000af0a0008b05e900cf
:1003a000080032000c00e0000600320015cdba0053
:1003b0000a05e800020039003420ec000af0a00031
:1003c0008b05e9008984e80054a0b4000b00e0002c
:1003d000e2ff3a00000006009902ba00055d7800cd
:1003e0008b05e900f7ff3200c82ade00055d7800c2
:1003f0008b05e900f3ff32000c00e000f1ff320052
:1004000019ddba00eeff37003200f8003400f800c2
:10041000881f780018002000a8018800082020000c
:10042000980188004f0478000000fa000080fa006c
:100430003400f9003200f900004006003200f800f4
:100440003400f800881f780018002000a8018800f8
:1004500008202000980188004f0478000000fa006e
:100460000080fa003400f9003200f9000040060074
:100470003200f8003400f800881f780018002000cf
:10048000a801880008202000980188004f04780007
:100490000000fa000080fa003400f9003200f90090
:1004a000004006000000fa0088e0a9000080fa0081
:1004b000004006000000fa008900a9000080fa0050
:1004c00000400600809fbe00829fbe000200fa002e
:1004d000c0048000680060000000e00052003200ac
:1004e00040048000680060000000e0004e00320020
:1004f000003a210011c0b300014878002065810056
:100500000000e00003003200206581000000e900e7
:1005100020658900f0ca2200104078000004e00045
:1005200005003200f0ca2200104078008040e90047
:10053000f0ca220001487800e05980000000e00085
:1005400003003200e05980000000e900e059880013
:100550000040eb00004f7800300037001e80fb00a9
:100560006600b90080007800003121000080400062
:1005700010407800e14f500027003a001e80fb0039
:100580006600b900000078008080e800003121009a
:1005900000804000100078000000e0000e003200f3
:1005a0009e81fb001e80fb006600b9000000780001
:1005b0008080e800003121000080400010007800b9
:1005c0000001e9006618b9008000780020312100a0
:1005d00000804000020878001e80fb006600b90021
:1005e000000078008080e800003121000080400099
:1005f000100078000000e00007003a001e80fb00b9
:100600006600b900800078000031210000804000c1
:100610008040eb00014878001e4fe8001e40780043
:10062000f74f5000cdff36008860a9000080fa0027
:100630004f01be004f00be00004006003600f8002b
:10064000809fbe00829fbe00849fbe00869fbe002a
:100650000000fa0002003700ec5c0200010000001c
:10066000801d8000610060000000e000faff3a0099
:100670008bc0a900602f21001040780080407800d6
:100680000144a000602f2100014878000080fa009a
:100690004f03be004f02be004f01be004f00be0020
:1006a0003600f900004006003600f800809fbe00ca
:1006b000829fbe00849fbe00869fbe000000fa009d
:1006c00002003700f425020001000000d01c800069
:1006d000610060000000e000faff3a008960a900b4
:1006e000602f210010407800804078000154a00065
:1006f000602f2100014878000080fa004f03be00ff
:100700004f02be004f01be004f00be003600f90090
:1007100000400600809fbe000000fa00d004800068
:10072000680060000000e0003e00320050048000dd
:10073000680060000000e0003a00320041378000ad
:1007400000202000008060000000e0000700320070
:10075000e926a900602f2100104078008040780031
:100760000124a000602f210001487800a1368000fc
:1007700000042000008060000000e000070032005c
:10078000d4c6a900602f2100104078008040780076
:100790000114a000602f210001487800a0368000dd
:1007a000640060000000e00007003200d446a900a9
:1007b000602f210010407800804078000104a000e4
:1007c000602f210001487800a0368000680060009a
:1007d0000000e00001003200d466a900a1368000cc
:1007e00000022000008060000000e00001003200f4
:1007f000d4a6a900a0368000700060000000e000d0
:1008000001003200d486a9008a60a900602f21006f
:1008100010407800804078000134a000602f210053
:10082000014878000080fa004f00be00004006003a
:100830000040da000000fe00000005006022b80061
:10084000060220000000d0008180d2000482d20085
:100850008582d2000000a0000202520083825a006a
:10086000030031000202420083824a000000a1001e
:100870000603e900f3ff3a0000000600efff07005f
:100880000400be00000006000000fa00e8815700e6
:100890004fb99700cb0207000080fa000000060065
:1008a000ef000700470107007b010700f701070081
:1008b0001f02070040030700eb0237000000fa00a8
:1008c000e88157004fb99700be0207000080fa0088
:1008d00000000600e20007003a010700eb010700f4
:1008e000130207006c01070033030700de02370024
:1008f0000000fa0068815700cfb89700d6020700c1
:100900000080fa0000000600d50007002d01070056
:1009100061010700dd01070005020700260307004b
:10092000d10237000000fa0068815700cfb8970065
:10093000c90207000080fa0000000600c800070096
:1009400020010700d1010700f9010700520107004b
:1009500019030700c40237000000fa00688157003d
:10096000cfb89700bc0207000080fa000000060024
:10097000490137008001780002003700b159780042
:100980000201e9000200e000fcff3a00000006005e
:10099000889fbe008a9fbe00800478000200e000ad
:1009a0005b00320001407800814c78008281440075
:1009b000f1f99f00e20f5100550036009144980074
:1009c000a1449800e1f99f00d1f99f00e60f510082
:1009d0004f003600b1449800c1f99f00e80f510064
:1009e0004b0036000905ea00630565000a844400ef
:1009f0000a055100c1ff2f00010565000080fb00c2
:100a00008000eb00121020001310200008060700e1
:100a1000008cbe000a01440060b99f0071b99f00bc
:100a2000e80f55003a003600200498003104980081
:100a3000400498005104980020b99f0031b99f00ec
:100a400040b99f0051b99f00f80f550030003600a3
:100a50006004980071049800000c9800110c980034
:100a6000200c9800310c9800400c9800510c980014
:100a700020b19f0031b19f0040b19f0051b19f0054
:100a800060b19f0071b19f0000b99f0011b99f0034
:100a9000640164007801410002044400020555002d
:100aa0006011b8000203be000002be000403be00d5
:100ab0006022b800000072008180720002017300a1
:100ac0008381730010003700009cbe000294be00ba
:100ad0004004980051049800620498007304980040
:100ae000000c9800110c9800220c9800330c980010
:100af000400c9800510c9800620c9800730c980000
:100b00000a02b1000802b000ff0f5500eeff3e00e0
:100b1000090078004f05be004f04be00000006002b
:100b2000889fbe000004be0008007800180007007f
:100b300000004400890078000e00070008007800db
:100b40004f04be000000060081017800000278001a
:100b500030417800b14f510002003a000204e00039
:100b6000f9ff3a009480fb001380fb0000805000e6
:100b700000000600881f7800000478000800780054
:100b8000e7040700080078004f0478000000060022
:100b900080007800040037003104e00002003a00d1
:100ba0000000510000000600010178000108a300c8
:100bb000f9ff3a008101780031017800f4ef2f004d
:100bc000020242000281ea000201620004082800d9
:100bd00004016100f7ff3200830078000101780012
:100be0003104e000fdff3a00000051000000060063
:100bf0008001eb000200e0001000320000027800eb
:100c000001037800b44178000304e00008003200da
:100c1000b14278000504e000050032008203400084
:100c2000848f53000200320085cf5100f4ff320060
:100c30008381fb001680fb00808151000300780057
:100c400000000600881f7800000478000800780083
:100c5000d3040700080078004f0478000000060065
:100c6000ec874700889fbe008a9fbe008c9fbe0015
:100c70008e1f7800000678000104780018079000a5
:100c80002805900098067800cdb79f00b805900021
:100c90003202be002203be000400be000601be00f8
:100ca0004f18de006011b8008000eb00d0b79f0045
:100cb000e1b79f00f2b79f0083bf9f0080047800d8
:100cc0000900e000060032006000b8006011b800c2
:100cd000040250008582580006035900878359009a
:100ce0000e00e000020035000d10a100cdb79f00fe
:100cf0000900e00005003a004fb097000028a3006b
:100d000002003a000038a300020032008a00e90025
:100d1000010037008a007800f8815700a200200007
:100d200008007800860007000900e00003003a0090
:100d3000cfb097000128a300080032000000e900ae
:100d400000814500b1c2b3000900e000010032009b
:100d5000d1c2b30001497800050037000138a30073
:100d6000030032000000e90001c2b3008175780081
:100d7000480190000201e900000151008080450017
:100d80004fb297008a0178000c00780055020700e6
:100d90009c0090000188a30004003200980090009d
:100da000810f500001003d00010078004f077800de
:100db0004f06be004f05be004f04be00cf00b1007d
:100dc000000006000200fa00889fbe008a9fbe0055
:100dd0008005780001047800020078001801900076
:100de0002805900098007800b1bf9f00b8049000db
:100df0000200e000020035000110a100b1bf9f0019
:100e0000ea815700820020008a0078003002be008c
:100e10002003be0008007800490007003fb9970092
:100e2000f0006100030032000000e90001c3b300dc
:100e3000817478003fb99700e80061000300320038
:100e40000000e90001c2b3008174780048019000fd
:100e50000201e90000015100808044003fba970080
:100e60008a0178000b0078001e0207009b009000aa
:100e70000188a3000400320098009000810f500008
:100e800001003d00010078004f05be004f04be0088
:100e90000080fa0000000600ea874700889fbe0035
:100ea0008a9fbe008e1f780000047800030078003f
:100eb0007287570084e2260055c72600049fbe00b3
:100ec000c3962200030f78006c875700004feb0099
:100ed00011059000a1049000910578000200e00047
:100ee00002003200020778000100370072875700c5
:100ef0000000e00002003a000e00780024ff070026
:100f00000a00e000030035008a0f5000010036009f
:100f10000a0078000b02780089017800000178004f
:100f20008e00780008007800ee0107004f07780077
:100f30004f05be004f04be00af00b1000000060028
:100f4000f4874700889fbe008a9fbe008c9fbe002a
:100f50008e1f78000605be000404be0081bf9f00fe
:100f600082b79f00f3b79f00b0009000e1b79f00e9
:100f70001301780092b79f00900690004000900007
:100f80000000e900000678000d00e00001003d00cf
:100f90001d0020008040eb00efb1970081717800c8
:100fa0001e0020001f0037000c06e9000fb097005c
:100fb000cf80de006109b900a0b79f00b1b79f00e4
:100fc000c2b79f00d3b79f000203be000002be005d
:100fd0000800be000a01be003b05070000077800bc
:100fe0000e4078000043b000efb0970080707e00a4
:100ff0008d06e9000fb997000201e90082bf9f004a
:101000002fb29700bfb297004fb39700dfb397009e
:101010000800be000a01be00240507000205be004c
:101020000004be000c00e0000d003400e00f54008e
:10103000e08f5c00e00f5d00e08f5d00daff3a00ba
:101040000d00e000d8ff3c008fb997000300e000de
:10105000030034001fb097000018a300d2ff3a002d
:101060000e00e00002003a00ffb097001140a1001e
:101070000c0078004f0778004f06be004f05be00f9
:101080004f04be004f01b100000006000200fa004c
:10109000889fbe008a9fbe0000057800010478008a
:1010a0000200780018019000a804900098007800d1
:1010b000b1bf9f00b80590000200e00002003500bb
:1010c0000110a100b1bf9f00ea815700a2002000db
:1010d000890078003002be002003be0008007800be
:1010e00097ff0700480190000201e900000151004c
:1010f000808045003fba9700890178000a00780097
:10110000780107009a0090000188a30004003200d3
:1011100098009000810f500001003d000100780010
:101120004f05be004f04be000080fa00000006001c
:10113000fa874700889fbe008a9fbe008c9fbe0032
:101140008e1f780080047800010478008205780002
:10115000180190002805900018077800b80090004a
:101160000200e000020035000e10a100010037006f
:101170001200200070006700e0b79f0009003200f5
:101180003b02be002b03be00e00f5200e08f5a006e
:10119000e00f5b00e08f5b00020032008a86e9000e
:1011a000010037008a067800e8026700f5b79f0063
:1011b000010032008d06e9003b02be002b03be0099
:1011c000e4af9f00f5af9f0086b79f0097b79f00e1
:1011d000480690000c06e9000040eb0080707e009d
:1011e000efb297007fb297008903780081047800fe
:1011f000d8af9f00020478008bbf9f008a0578005b
:10120000034578002a0037000c06e9006fab970011
:101210006f006300e90f500002003c000003b000c3
:10122000010037007005b0000a03fb001604b1008e
:10123000f90f53000c003e00000378000650a00098
:101240001606b100f90f530007003e00b4b79f0027
:10125000a5b79f00c7b79f008d030700cfb39700c6
:10126000afb297003fb2970080747e000804e90097
:101270008d06e9006fa89700ffa897000fb19700af
:101280009fb19700460020008301d1000281d30066
:101290008180d3000080d3000603e900faff3a0002
:1012a000e0af9f00f1af9f0082b79f0093b79f0010
:1012b000e10f56000f0034006fa89700ffa89700b9
:1012c0000fb197009fb19700e00f5000e08f5800da
:1012d000e00f5900e08f5900cbff3a000800e00012
:1012e000c9ff3c000d00e000020034000e18a3000e
:1012f000c5ff3a0089007800f4b79f0087047800a2
:101300005fac97008a4178000b0578008fbd97008d
:101310000500e000100032003b02be002b03be00bf
:10132000e4af9f00f5af9f0086b79f0097b79f007f
:10133000e00f5200e08f5a00e00f5b00e08f5b008f
:10134000050032000c06e90083707e000c06e900ff
:1013500000c3b30080707e00ffb297000500e0007c
:10136000030032000c06e90000c2b30080707e006a
:10137000480190000201e9000c0151008c804000fe
:101380000e0278008a01780009007800d500070075
:10139000990090000188a30004003200980090009a
:1013a000810f500001003d00010078004f077800d8
:1013b0004f06be004f05be004f04be00af01b10096
:1013c00000000600f28747008e1f780002027800b6
:1013d000030178000000e0000200320000077800fe
:1013e00001003700728757008002eb000100e00027
:1013f000010032008102e9007080570006000900f8
:101400000018eb000080eb0080bf9f00231020003d
:1014100093bf9f00aebf9f00b1bf9f00c5bf9f009d
:101420000100e00003003d00b1042000d166890006
:1014300006003700004feb00eebf9f00debf9f00ad
:101440008400780070805700180307004f07780069
:101450002f01b10000000600820178000101780030
:10146000f1ff2700d7ff370084082000848f500049
:101470001d0032000d003c0014082000848f500035
:101480002700320002003c0004082000040037005e
:1014900024082000848f50003400320044082000cb
:1014a000848f500043003a0036003700040a2000c1
:1014b000848f50002700320004003c000409200003
:1014c000848f50003b003a0028003700020c2000b7
:1014d000828f50002f003200020f2000828f5000b8
:1014e00034003a002b0037009380e9000200e0004e
:1014f00005003200810978001102fb00cfa2de0056
:10150000612bb9002800370081097800114278006a
:101510000482fb008002eb006033b8002200370039
:1015200013027800e40052000200e00005003200df
:10153000810978001102be004fabde0086037800ff
:1015400019003700810978001102be006033b8002d
:10155000150037009380e9008109780011027800b6
:10156000cfa2de00612bb9000f0037009302780094
:10157000e8805200810978003102be002103be00dc
:10158000090037009380e9000200e0000200320009
:10159000f1ff37009380e90081097800110278009b
:1015a0008002eb006033b8000498be000690be00d5
:1015b000100005000000050044082000848f500042
:1015c0002500320008003c0014082000848f5000e1
:1015d0001400320024082000848f500024003200c0
:1015e000040820000c00370004092000848f5000fc
:1015f0001f00320004003c0084082000848f50004b
:1016000024003a000e003700040a2000848f5000a6
:1016100011003200040c2000848f50001d003a009d
:101620000d0037009380e90081097800910078006f
:1016300001087800cf91de008288be0014003700d8
:101640009380e90081097800910078000108780012
:10165000824878000e0037009380e9008109780005
:1016600091007800010878008208780008003700af
:101670009380e900810978009100780001087800e2
:101680006112b900612bb9008498be008690be003b
:101690001000050000000500889fbe0000047800cf
:1016a0004800900082047800808f540001003600ca
:1016b000800478000901780058009000adfc070014
:1016c000580090000900400050049800c8009000a5
:1016d00089845000490498000048eb004f04be0084
:1016e00000000600f2874700889fbe008a9fbe0068
:1016f0008c9fbe008e1f7800800478000105780062
:1017000002047800830578006107620002003a0055
:101710008b0f540008003900080178008a00780017
:1017200009007800dcff07008b0f5400020039002d
:10173000880578001e003700088655000c017800e7
:10174000f00f5600010036000201200001022000c7
:101750007e8057008efc07008c067800050037005d
:1017600002012000fe80570009007800caff070030
:10177000f0865600ef8f5600f9ff3e004461de0010
:1017800000ff2f000091b90002014600fe805700c3
:1017900009007800c0ff07000e00e00004003a00d6
:1017a000080178008a00780009007800baff070075
:1017b0000b0078004f0778004f06be004f05be00b3
:1017c0004f04be002f01b10000000600000005001c
:1017d0000000050000000500000178000040eb005b
:1017e0008080fb0081804000e3c5220063c2780056
:1017f0000404e00003003a00f0c5220060c0780055
:101800000000060092017800934f520004003a0055
:10181000f0c5220060c078000309e800010037002d
:101820000040e800ea4f5000edff360000000600df
:10183000f6874700889fbe008a9fbe008c9fbe002f
:101840008e1f780000057800010478008305780079
:10185000040678000000eb00c0b79f008080eb001a
:10186000d1b79f00e0b79f00f2b79f0000082000ab
:1018700080bf9f0098007800010078008004eb0092
:10188000010037008904e800304178000204e000dc
:101890000300320053c2b300834f5100f9ff3a00f6
:1018a0000900e00004003200090178000a00780015
:1018b00079ff0700188c44001807780050c2b30065
:1018c0009e4f10003f013a000e07e8000e0c780012
:1018d00010003700cfb097000100a0000b003700c8
:1018e000cfb097000110a00008003700cfb09700dc
:1018f0000120a00005003700cfb097000130a00004
:1019000002003700cfb097000140a000c1b79f0090
:10191000000ce8001800780090407800b2c2b300d4
:1019200082cf5000f1ff320007003c0002c2b3003a
:1019300082cf5000f0ff320032c2b30082cf50009d
:1019400007003a00efff3700d2c2b30082cf500049
:10195000e0ff320002c3b30082cf5000e0ff32004c
:10196000a2c2b30082cf50000d003a00000ce80084
:101970001c80e900000e780010007800e0b79f009e
:101980000000e0000f003d00cfb097000100a20072
:10199000c1b79f000000ea00e0b79f0009003700d0
:1019a00039010700e0b79f0001003700000ce80094
:1019b000180078009000fb000103b100e98f50008f
:1019c000faff36004fb097000008a3000200320073
:1019d0000010a100c0b79f0018007800e1c2b3005a
:1019e00090cf100016003a008000eb00d1b79f00a6
:1019f0000000e800000c7800a1c2b30090cf1000f6
:101a000006003a00000ce8001c80e900000e780097
:101a100010007800d0b79f00090037001a010700b6
:101a2000d0b79f0001003700000ce80018007800d4
:101a30009000fb000103b100e98f5000faff36006f
:101a40000800780064ff07008046780018007800de
:101a50001000fb008701070091062000810f500055
:101a60003800320012003c0041062000810f500077
:101a7000340032000a003c0011062000810f5000a3
:101a80002000320031062000810f5000a0003200fb
:101a900051022000810f5000bc003a00b400370012
:101aa00071062000810f5000b8003c00880037000c
:101ab00001072000810f50005c00320007003c004d
:101ac000e1062000810f50007a003200f10620006c
:101ad000810f5000ad003a00390037005107200057
:101ae000810f50002700320081072000810f500035
:101af0004200320031072000810f5000a3003a005d
:101b00008f0037008d80fb000c01780000fe2f0055
:101b10000f004000730107000000e000a800320041
:101b200018007800000ce8009041780002fe2f00b9
:101b30000f014100f88057000a00780024ff0700d9
:101b40000e0037008d80fb008c0178001200200011
:101b500000fe2f000f00400043fe07000000e000e1
:101b600097003200180ce80002fe2f000f01410020
:101b7000f88057000a00780039fc07008084440090
:101b8000900037008d80fb008c0178000001eb0095
:101b900000fe2f000f00400033fe07000000e000b1
:101ba00087003200180ce80002fe2f000f014100f0
:101bb000f88057000a00780034fd0700efff370077
:101bc0008d80fb008c0178000001eb0000fe2f00ef
:101bd0000f00400024fe07000000e0007800320003
:101be000180ce80002fe2f000f014100f88057009a
:101bf0000a00780073fc0700e0ff37008d80fb00cf
:101c00008c0178000001eb0000fe2f000f00400067
:101c100015fe07000000e00069003200180078009f
:101c2000000ce800904178001c0037008c0178001f
:101c30000001eb00010f200000fe2f000f0040000c
:101c400009fe07000000e0005d003200180ce8000b
:101c50000fb097009fb097002fb19700bfb19700ca
:101c6000e00f5000e08f5800e00f5900e08f59005e
:101c700009003a00cfb597006fb4970060c5220005
:101c8000c3fb07000b027800880178000001780090
:101c900061c522004700370083c7b30002fe2f0052
:101ca0000f014100f88057000a00780020fd07006e
:101cb000b2ff37000b8144008d80fb008c0178005f
:101cc00000fe2f000f0040003bfe07003c003700e5
:101cd0008d80fb000c01780000fe2f000f004000fb
:101ce000000107000000e000350032001800780015
:101cf000000ce8009041780002fe2f000f01410027
:101d0000f88057000a007800b1fe07009bff3700fb
:101d100000c8b30080cf560029003a00180ce80034
:101d20001c80e900000e780010407800e0df9f0082
:101d300013002000e2fd2f000f01410008003700d2
:101d400000c8b30080cf56001d003a00180ce80010
:101d50001c80e900000e78008001eb001001780083
:101d6000f88057000a0078004bfc070083ff37001b
:101d700000c8b30080cf560011003a00180ce800ec
:101d80004fb29700efb19700080037000e0c7800b3
:101d90000000eb00c0b79f00e0b79f000080eb00a1
:101da000d0b79f000002eb008401780012002000f1
:101db000c1c522000a0078004afe07006fff370005
:101dc000180ce800090078004f0778004f06be00a5
:101dd0004f05be004f04be006f01b10000000600b9
:101de0008200fa00889fbe008a1f780000057800f4
:101df00082047800c13f9f000004eb001000370010
:101e00000902780088017800a2f72f000f01410035
:101e100081f72f008f8040000a00780084fe0700c1
:101e200008004000880f500004003d00b00420006e
:101e3000d06689000084eb000400370000047800bd
:101e40004f3897001004e000edff3a0008007800da
:101e50004f0578004f04be000080fa000000060025
:101e6000800078001000200002022000828f5000c5
:101e700004003200e9805000e48f50000100360079
:101e80000000eb0000000600889fbe008a1f78005b
:101e9000000578000a047800984478000805e800f6
:101ea0000900fb00eeff07000000e000f9ff3a0028
:101eb000b0c2b30080cf540005003200d0c2b300de
:101ec0008000eb0080cf540005003a00020037008c
:101ed0008000eb0001003700110020000804e8003a
:101ee0000000eb00030037006a02b9000200520054
:101ef0000003b0003801fb0003fd2f008281410088
:101f0000e98f5100f8ff36000100e00001003a00bf
:101f10000000ea004f0578004f04be0000000600f4
:101f20000101780080017800008268000408a300a5
:101f300005003200130037003240780080597800e5
:101f40000004e00014003200030278000208a3003d
:101f5000f9ff3a0003007800010037000318780009
:101f600082007800b2017800f5ef2f0083824200f2
:101f70000382ea000482620005082800050262006c
:101f8000f6ff3200000278003141780002587800f4
:101f90000204e000fbff3a000400780000000600a5
:101fa000881f780081017800000278008082680034
:101fb0000508a30002003200210037000201e900f9
:101fc00003007800040478000308a300070032002f
:101fd0000200e00021003200b3407800015a78008e
:101fe0000104e000f5ff3a00020037000200e000c3
:101ff0001a0032001004e00003003a001700370016
:10200000031c78000281e90080007800e10f510094
:1020100008003600b0017800f5ef2f0083824200ff
:102020000382ea00048262000508280005026200bb
:10203000f3ff320008007800010037000201e900d8
:10204000000478000200e00004003200b141780092
:10205000035878000304e000f8ff3a008000eb002a
:10206000080078004afa0700080078004f0478005a
:1020700000000600f1fb2f0080804000f98f500027
:1020800001003e000050a00000000600f9ff3700ec
:10209000f1f92f0080804000f98f500001003e00d0
:1020a000f005b20000000600f9ff37000200fa0058
:1020b000881f780000047800e2bf9f006481570009
:1020c0000800780046ff0700980090000148a30030
:1020d000010032000080eb004f0478000080fa001d
:1020e00000000600881f7800000478000008200027
:1020f000808f50001700350010082000808f50009e
:102100000b00340030082000808f500011003a008e
:102110009200780068805000000978003002be000c
:102120002003be00049cbe000694be0007003700da
:102130009202780064805200000978001000be000e
:1021400007000700009cbe000294be0010002000a3
:10215000010037000000eb004f047800000006008b
:10216000810378001d0007000001be006000b80078
:102170000478a30013003a006220e10015003e003d
:102180000d0039008301d1000281d3008180d3008a
:102190008301d1000281d3008180d3008301d1006b
:1021a0000281d3008180d3000538b000c42add004d
:1021b000f300b2008381720007f0a70003f0a000d3
:1021c0000000060083ff2700020020006110b90014
:1021d000f9ff370003ff2700f7ff3700c70ade00cb
:1021e000f107b200f50fb20008003200e1cf420063
:1021f000020032000170a00024000500810f700071
:10220000010032000408050044000500810f700041
:1022100002003a00140005008502e90000004000b9
:1022200081c04800fcff3b000170a00024000500b5
:10223000020ab900001bb9000200b8008100420088
:102240008100430000000600889fbe008a9fbe00f8
:1022500030044200b0844a0030054b0090854b00aa
:102260006000b1000898be000a90be000440e10082
:1022700005c8e10006d0e10007d8e1000200310006
:10228000680040001008e8004f05be004f04be0083
:1022900000000600889fbe008a9fbe003004be007a
:1022a0002005be000418540005985c0006185d0067
:1022b00007985d00110020000440e10005c8e1001e
:1022c00006d0e10007d8e100010039008000eb00f2
:1022d000108810004f05be004f04be00000006002d
:1022e0001200fa00889fbe008a9fbe008c9fbe002d
:1022f000e0b79f00f1b79f0082bf9f0093bf9f0090
:102300000605be000404be000000eb00d0b79f002d
:10231000c0b79f00b0b79f00a0b79f0090b79f00c5
:10232000000678005fb19700cfb0970082014100ae
:102330003fb097000200e00004003d0037000700b6
:102340007e805700c0ff07000300370033000700fe
:102350007e805700cfff0700dfb697000d00e0003a
:102360000c0035006fb29700ffb297000fbb9700cb
:102370009fbb970010002000010020006011b800f2
:102380000002720081827200020373008383730073
:102390001b0007000c06e80001042000810f560016
:1023a000e0ff3a000d00e00004003d000802be001e
:1023b0000a03be007e805700a3ff07005fa89700b6
:1023c0000000e00005003a001fb29700afb297008e
:1023d0003fb39700cfb39700090007006fb0970095
:1023e000ffb097000fb997009fb997004f06be0046
:1023f0004f05be004f04be000080fa00000006003a
:102400000100070000000600a4b79f00b5b79f00b9
:10241000c6b79f00d7b79f00000006004f09de0037
:1024200082817100b3b79f004f01de0081804000c0
:1024300082807000a1b79f008fb097004f09de0027
:10244000000040000200700090b79f007fa8970036
:102450004f01de00818040008280700081b79f00c4
:102460000d0007004f3ade0000004000040070003d
:10247000f0af9f00080007000402420085824a0076
:1024800006034b0087834b00dfff07000802be00f6
:102490000a03be00000006002fb29700bfb29700eb
:1024a0004fb39700dfb3970000000600881f780045
:1024b00018002000881f780089ff07008f87e90037
:1024c0004f04780000000600801feb0084ff070027
:1024d0008f87e90000000600889fbe008a9fbe002b
:1024e000e00f5000e08f5800e00f5900e08f5900d6
:1024f0000c003d006044b8006055b8000000540076
:1025000081805c0002015d0083815d001800200075
:102510001500070008003d00180007000004eb004c
:10252000050037000004eb000f00070002003d002b
:102530001200070018002000dcff07000800e00080
:10254000060032006022b8006033b800000052007c
:1025500081805a0002015b0083815b004f05be0051
:102560004f04be0000000600e00f5200e08f5a004a
:10257000e00f5b00e08f5b00000006006044b800e5
:102580006055b8000402540085825c0006035d00bb
:1025900087835d0000000600889fbe008a9fbe0002
:1025a0008c1f7800e00f5000e08f5800e00f5900ba
:1025b000e08f59000d003d006044b8006055b80040
:1025c0000000540081805c0002015d0083815d0099
:1025d0001c0020000820e10009a8e1000ab0e10089
:1025e0000bb8e1000d003d00080037000006eb00cd
:1025f000e00f5200e08f5a00e00f5b00e08f5b00bd
:1026000006003d006044b8006055b8000402540064
:1026100085825c0006035d0087835d00aaff0700da
:102620000c00e000060032006022b8006033b80001
:102630000000520081805a0002015b0083815b0030
:102640004f0678004f05be004f04be000000060094
:020000040000fa
:1026500030300000303000003030000031300000f9
:1026600039450000334600003234000030300000ad
:1026700030300000253000003258000025300000c6
:10268000325800002530000032580000253000008c
:102690003258000030300000253000003258000071
:1026a0002530000032580000384100000041000091
:1026b00055440000494f0000204300004f440000f3
:1026c0004543000020520000313400003d25000049
:1026d000642000002830000078250000303200001f
:1026e0005829000020520000313500003d2500002f
:1026f00064200000283000007825000030320000ff
:1027000058290000523900003d25000064200000d7
:1027100028300000782500003032000058290000e1
:1027200020520000313000003d25000064200000f0
:1027300028300000782500003032000058290000c1
:1027400020520000313100003d25000064200000cf
:1027500028300000782500003032000058290000a1
:1027600020520000313200003d25000064200000ae
:102770002830000078250000303200005829000081
:10278000204900003d250000630a000000250000ec
:102790007320000046690000633d000025730000bf
:1027a00020640000656d00003d25000064200000ed
:1027b00065740000617400003d2500006420000085
:1027c00065750000723d00002564000020250000b2
:1027d000640a0000003100006b350000687a0000d8
:1027e0002e7700006176000000310000356b00009c
:1027f000687a00002e770000617600000044000037
:10280000656d0000616e000064650000000d000051
:102810000a5400005241000043450000494e0000a8
:10282000464f0000200000002573000020440000f7
:10283000656d0000616e000064650000417200007b
:1028400072650000744c0000656300007475000040
:1028500072650000536f00006e2800002920000000
:1028600045740000617400003d250000640a00000a
:10287000000d00000a52000020520000584d0000d8
:102880004f440000200000000d0a0000000d000071
:102890000a52000020540000584d00004f44000030
:1028a000200000000a0000003c3c00003c45000005
:1028b000636800006f20000064650000746500001c
:1028c00063740000653e00003e3e00000a00000008
:1028d0002b4300004d4700004c3a00002000000050
:1028e00045520000524f0000520000002b430000f0
:1028f0004d53000020450000525200004f5200008e
:10290000002b0000434d0000452000004552000010
:10291000524f00005200000023410000504c0000c4
:1029200041590000455600003a20000030000000e8
:1029300052450000432b0000756600000023000094
:102940004854000054500000524900004e47000017
:102950003a200000004d0000414a00003a200000eb
:102960005552000043200000696700006e6f0000b0
:102970007265000020700000656e00006461000058
:102980006e74000020720000656300006570000036
:10299000746900006f6e0000203a000020250000de
:1029a0002e340000307300000a0000004f4b00007e
:1029b000004d0000414a00003a200000726500000e
:1029c000636100006c610000676500002073000017
:1029d00075720000206400006562000075740000dc
:1029e00020640000652000006c690000676e000034
:1029f000652000004f4b00000a0000002b43000040
:102a00004c430000433a00002000000041700000e9
:102a1000706500006c200000656e0000747200009c
:102a2000616e0000742000003e2000004947000055
:102a30004e4f00005245000020420000500a0000a6
:102a40000041000070700000656c00002073000001
:102a50006f720000746100006e7400002065000059
:102a60006e200000636f000075720000732c000080
:102a700020690000676e00006f7200006520000092
:102a8000656e000074720000616e0000740a000040
:102a900000300000303000003030000030300000e6
:102aa00030300000303000003030000030000000d6
:102ab00041700000706500006c200000656e000031
:102ac00074720000616e0000742000002d3e000052
:102ad0002041000050500000454c00005f410000c4
:102ae0004c450000525400000a000000524900000a
:102af0004e47000000520000494e000047200000f1
:102b00006c750000205300007461000074750000b3
:102b1000733d000041500000504500004c5f000034
:102b20005452000041490000544500004d4500004a
:102b30004e54000020200000437000007453000039
:102b400065630000496700006e6f00007265000059
:102b500041700000706500006c3d0000350a000007
:102b600000520000494e0000472000006c75000034
:102b700020690000676e00006f7200006520000091
:102b80000020000041450000533d000000200000ef
:102b900041530000533d0000002d00002d2d00008a
:102ba0002d2d00002d2d00002d2d00002d2d0000bd
:102bb000544900004d450000204f000055540000ce
:102bc000202d00002043000041530000452000005c
:102bd00000250000640000002d2d00002d2d0000b8
:102be0002d2d00002d2d00002d2d00000d000000ca
:102bf0003230000038300000310000003230000078
:102c000038300000320000006f720000616e00007a
:102c100067650000003200003038000031300000ed
:102c20000032000030380000313100000032000076
:102c3000303800003133000000770000656200008a
:102c4000736600007200000032300000383100006e
:102c5000350000003230000038310000360000003e
:102c60006672000065650000003200003038000028
:102c700032300000003200003038000032310000f5
:102c8000003200003038000038380000006d0000cd
:102c90006d730000626f00007579000067740000ba
:102ca000656c00002e6300006f6d000000320000b4
:102cb00037320000303100000069000073700000fe
:102cc0002e7600006f640000616600006f6e0000e9
:102cd000652e0000696500000032000037320000f8
:102ce0003032000000320000373200003035000082
:102cf0000074000068720000656500002e69000025
:102d00006500000032370000323000003300000060
:102d100069730000702e000065690000722e0000cb
:102d200069650000003200003732000030370000d3
:102d30000074000065730000636f00006d6f000099
:102d4000626900006c6500002e69000065000000eb
:102d50003233000034310000300000003233000014
:102d60003430000032000000323300003431000003
:102d7000310000006d6f0000626900006c650000aa
:102d80002e6f0000322e0000636f00002e750000d1
:102d90006b000000323300003431000035000000c9
:102da000323300003439000031000000696e000049
:102db00074650000726e000065740000003200004f
:102dc00033340000333000000032000033340000a0
:102dd000333300000032000033340000333400008d
:102de00000650000766500007279000077680000d9
:102df00065720000650000003233000034320000cc
:102e0000300000007468000072650000652e00004c
:102e1000636f00002e7500006b0000003230000070
:102e2000323000003100000032300000323000004b
:102e30003200000032300000323000003500000067
:102e4000696e000074650000726e00006574000019
:102e50002e7600006f640000616600006f6e000057
:102e6000652e000067720000003200003032000062
:102e700030390000003200003032000031300000f4
:102e800000670000696e0000742e0000622d0000d3
:102e90006f6e00006c6900006e6500002e67000018
:102ea000720000005b470000313d00002564000017
:102eb000203c00003c200000256400000a000000c7
:102ec000473100002e2500006420000073740000cc
:102ed00061720000742000000a000000494e0000ea
:102ee000495400002047000031200000312000003c
:102ef0003120000031000000473100002e25000085
:102f0000642000005254000053200000657400004b
:102f10002043000054530000203d00002025000005
:102f2000642000000a00000057610000697400007e
:102f3000696e00006720000025640000200d00007d
:102f40000041000054260000460d00000041000032
:102f5000542600004b3000000d0000002d2d000015
:102f60002d2d00002d610000707700004b4f0000f8
:102f7000666600002d2d00002d2d00005449000034
:102f80004d450000204f000055540000202d00004a
:102f90002043000041530000452000000041000094
:102fa00054450000300d000000410000542b00008b
:102fb00049500000523d0000313100003532000020
:102fc000303000000d000000415400002b4900008b
:102fd00043430000494400000d0000002b4900005d
:102fe00043430000494400003a2000000043000031
:102ff000434900004420000045720000726f000049
:10300000720a000000410000542b000043470000fa
:10301000534e00000d0000004154000023530000f7
:10302000575000004b470000560d000000490000bb
:103030004d450000493a0000200000002f0000002c
:103040000d000000415400002b430000474d0000dc
:103050004d0d0000004100005423000049530000c2
:103060004d53000043460000473f00000d000000a4
:1030700023490000534d0000534300004647000021
:103080003a2000003100000023490000534d0000a9
:1030900053430000464700003a2000003000000083
:1030a0004154000023490000534d000053430000e9
:1030b000464700003d3000000d0000000a200000df
:1030c00072650000626f00006f740000206d0000e8
:1030d0006f640000656d0000207000006f750000d7
:1030e000722000004154000023490000534d0000ad
:1030f00053430000464700003d300000200a000016
:1031000000410000542b000043500000494e0000d5
:103110003f0d0000002b000043500000494e00000e
:103120003a200000524500004144000059000000d0
:103130002b430000504900004e3a0000205300008d
:10314000494d000020500000494e0000002b0000b7
:1031500043500000494e00003a200000534900004f
:103160004d200000505500004b0000002b43000094
:10317000504900004e3a0000204e00004f5400001d
:10318000204900004e530000455200005445000005
:1031900044000000415400002b430000504900004f
:1031a0004e3d000022000000220d00000043000000
:1031b0006f64000065200000504900004e200000b0
:1031c00070610000732000007061000072610000f7
:1031d0006d65000074720000652c00002076000010
:1031e0006f69000072200000434600005049000053
:1031f0004e0a000000570000415200004e490000f6
:103200004e4700003a2000004f4e00004c5900008d
:10321000204f00004e4500002041000054540000a3
:10322000454d000050540000204600004f52000061
:1032300020500000494e0000204c00004546000090
:10324000542c00002043000048450000434b000080
:10325000205200004547000049530000544500003b
:103260005245000044200000504900004e0000007c
:10327000436c00006967000020320000205000000d
:10328000696e0000206f00006b0a00000041000022
:10329000542b000043530000510d0000002b000090
:1032a00043530000513a0000200000004731000065
:1032b0002e2500006420000045630000686f0000b8
:1032c000446500007465000063740000653e000002
:1032d0003e20000035310000302000000d000000cd
:1032e000415400002b4300004d450000453d0000c7
:1032f000320d000000410000542b00004946000040
:10330000433d0000302c0000300d00000041000063
:10331000542b0000434d0000474600003d310000a3
:103320000d00000041540000533000003d3000000b
:103330003b530000373d000032350000350d0000e2
:1033400000410000542b0000435200003d300000bb
:103350000d000000415400002b43000052430000c8
:103360003d3000000d000000415400002b430000e0
:10337000525300004c3d0000300d000000410000a1
:10338000542b000043460000554e00003d31000024
:103390000d000000415400002b4300004c49000088
:1033a000503d0000300d000000410000542b000093
:1033b000434c0000495200003d3000000d00000069
:1033c000415400002b4300004f4c0000503d0000d2
:1033d000300d000000410000542b0000435300005a
:1033e000494c00003d3100003b2b0000434c0000e5
:1033f000564c00003d3000000d000000415400001c
:103400002353000047410000435400003d310000b9
:103410002c3000000d00000045520000524f00000b
:10342000522000002b43000047410000435400009d
:103430003d3100002c300000202d00002043000012
:103440006f6e0000746900006e750000650a000070
:1034500000410000542b000043470000444300009b
:103460004f4e0000543d0000312c00002249000066
:10347000502200002c220000002200002c2200001c
:10348000302e0000302e0000302e000030220000d0
:103490002c2c00002c0d000000410000542b0000db
:1034a00043470000444300004f4e0000543d0000dd
:1034b000312c000022490000502200002c22000084
:1034c000220d00000041000054230000534700007b
:1034d00041430000543d0000312c0000310d00003c
:1034e000002d00002d2d00002d2d00002d2d0000a1
:1034f0002d2d00002d2d0000496700006e6f00008b
:1035000072650000206500007272000065750000a1
:1035100072200000737500007220000063730000c9
:10352000696c0000200000004154000023490000a5
:1035300032430000575200003d3400002c37000099
:103540002c320000302c0000303000002c31000004
:10355000370d000000700000617500006f6b000007
:103560002e7700006176000000690000736f000094
:103570006c6500002e7700006176000000520000ac
:10358000656200006f6f0000742000006475000029
:10359000206d00006f640000656d00002041000098
:1035a00075630000756e0000205300004d5300004d
:1035b0000a00000052650000626f00006f74000096
:1035c000206d00006f640000656d00002065000044
:1035d000746100007065000020320000303000008f
:1035e0002c20000065740000617400002069000058
:1035f0006e6300006f72000072650000637400006b
:103600000a000000504400005020000044ef000079
:10361000bfbd00006aef0000bfbd0000206f0000ca
:103620007576000065720000742000002d200000f7
:10363000446500006d6100006e64000065200000bc
:103640004f7500007665000072740000757200000e
:103650006520000050440000500a000000470000b0
:103660007261000066200000475300004d200000fa
:10367000736c000065650000700a000000410000e6
:103680005424000047500000535000003d3000001b
:103690000d000000415400002b430000465500007f
:1036a0004e3d0000300d000000470000312e0000ac
:1036b0002564000020540000494d00004520000012
:1036c0004f550000540d000000470000312e00004f
:1036d0002564000020450000727200006f72000037
:1036e0005265000063750000204500007272000002
:1036f0006f7200005265000063750000202000001a
:103700000d0000003c3c00003c3c00003c3c000044
:103710003c3c0000473100002e25000064200000e2
:1037200045630000686f0000446500007465000098
:1037300063740000652000003e2000003531000069
:10374000302000003e3e00003e3e00003e3e0000b5
:103750003e3e00003e3e00003e3e000020350000a0
:1037600031300000200d00000052000065700000a4
:10377000726900007365000020470000312e0000d0
:103780002564000020470000313700003d2500007f
:1037900064000000473100002e320000313000008c
:1037a000205000006f730000485000003d000000f2
:1037b000256400000a000000415400002b43000073
:1037c000534900004c3d0000300d00000053000044
:1037d0006f6e00006e6500007269000065200000d9
:1037e0005061000073200000646500002066000046
:1037f0006963000068690000657200000a0000004b
:103800004154000023410000504c00004159000089
:103810003d3000002c3000002c220000220d000062
:103820000041000054230000415000004c410000c2
:10383000593d0000312c0000302c00002200000017
:1038400022000000473100002e320000313100001c
:10385000206c000069740000200000002a45000070
:1038600052520000455500005200000064650000ff
:103870006d6100006e640000652000006669000054
:10388000632000007465000073740000206f000066
:103890006c6400000a000000415400002341000055
:1038a000504c0000415900003d3000002c30000019
:1038b0002c22000000450000525200004f52000030
:1038c000204900004e5300004552000054200000e3
:1038d000504900004e20000057480000454e0000af
:1038e00020430000415200004420000049530000e2
:1038f000205500004e5000004f5700004552000078
:103900004544000020540000484500004e200000bf
:103910005452000059200000414700004149000076
:103920004e0a000000450000525200004f520000b5
:10393000205400004f4f0000204d0000414e000079
:10394000592000005452000049450000533a00003d
:1039500020530000494d0000204200004c4f000061
:10396000434b000045440000204300004f4400004a
:1039700045200000505500004b2000004e4500003f
:1039800045440000454400000a0000004154000086
:103990002b4300004e4d0000493d0000312c00003b
:1039a000312c0000302c0000302c0000300d0000c5
:1039b00000410000542b0000434d0000474c000024
:1039c0003d220000414c00004c2200000d00000090
:1039d000415400002b4300004d470000443d0000cf
:1039e000002c0000300d000000410000542b0000ae
:1039f000434d0000474400003d3100002c340000de
:103a000000410000542b00004352000045470000d5
:103a10003f0d0000002b000043520000454700000e
:103a20003a200000302c0000310000002b43000041
:103a300052450000473a0000203000002c350000bd
:103a4000002b000043520000454700003a200000d0
:103a5000312c0000310000002b43000052450000d3
:103a6000473a0000203100002c350000002b0000f8
:103a700043520000454700003a200000302c00006f
:103a8000330000002b43000052450000473a00007d
:103a9000203100002c330000005200006567000058
:103aa000697300007472000061740000696f0000a7
:103ab0006e200000646500006e690000656400000f
:103ac000206f00006e20000072650000636f000030
:103ad0006d6d0000656e0000636500000a00000067
:103ae0002b43000052450000473a00002030000000
:103af0002c300000002b000043520000454700001e
:103b00003a200000302c0000340000002b4300005d
:103b100052450000473a0000203100002c300000e0
:103b2000002b000043520000454700003a200000ef
:103b3000312c00003400000053650000756900005e
:103b40006c20000070720000656300006564000076
:103b5000656e00007420000064650000666100006e
:103b6000757400002072000065730000656100003c
:103b7000750a000000520000656c0000616e0000d4
:103b80006365000020740000616300006865000048
:103b9000206d00006f640000656d00002063000070
:103ba000617200002064000065660000617500001d
:103bb00074200000696e00007363000072690000e9
:103bc00070740000696f00006e0a0000002b000096
:103bd00043520000454700003a2000003200000038
:103be000415400002b43000052450000473d0000b7
:103bf000310d0000004c000065630000747500008a
:103c00007265000020430000535100000a000000cc
:103c10004c650000637400007572000065200000b0
:103c20003c72000073730000693e0000203a0000ff
:103c300020250000640a0000004c000065630000bd
:103c40007475000072650000203c00007371000074
:103c50003e2000003a200000256400000a00000019
:103c6000415400002b43000045530000510d00005b
:103c7000002b000043450000535100003a20000093
:103c8000002b000043450000535100003a20000083
:103c9000393900002c390000392c0000002b0000bd
:103ca00043450000535100003a200000393900001c
:103cb0002c390000392c000032350000352c000072
:103cc00032350000352c0000004c00006563000018
:103cd0007475000072650000203c000072730000e3
:103ce000727100003e2000003a20000025640000b0
:103cf0000a0000004c65000063740000757200004b
:103d0000652000003c72000073720000703e0000ed
:103d1000203a000020250000640a0000004c00004a
:103d2000656300007475000072650000203c0000af
:103d300072730000637000003e2000003a20000013
:103d4000256400000a0000004c6500006374000058
:103d500075720000652000003c650000636e000085
:103d60006f3e0000203a000020250000640a000099
:103d700000410000542b0000434d00004753000059
:103d80003d22000000540000696d0000654f0000f6
:103d90007574000031200000656e0000766f000031
:103da00069200000534d0000530a00000025000068
:103db00063000000534d0000534500004e560000c4
:103dc00020000000546900006d6500004f75000080
:103dd00074320000206500006e7600006f690000fc
:103de000205300004d5300000a00000045720000ff
:103df000726500007572000020470000312e00003f
:103e000036320000206500006e7600006f69000009
:103e1000205300004d5300000a000000534d0000e5
:103e200053450000525200002000000041540000a1
:103e30002b4300004c430000430d000000410000f4
:103e4000544100000d0000004154000023520000c6
:103e500046530000545300000d0000004154000080
:103e6000533700003d3000000d00000041540000b9
:103e7000440000003b0d00000041000054480000d9
:103e80000d0000004e4f00004b2d00003e320000a0
:103e900033320000204d00006c3d00000043000064
:103ea000504900004e200000546900006d6500007c
:103eb0004f550000542d00003e3200003332000008
:103ec0000a0000003f000000415400002b430000a6
:103ed0004f500000533f00000d0000002b43000036
:103ee0004f500000533a000000410000542b0000e6
:103ef000434f0000505300003d3300002c320000bf
:103f00000d000000415400002b4300004f50000002
:103f1000533d0000332c0000300d00000041000034
:103f2000504e0000206f00007065000072610000bc
:103f30007465000075720000206d00006973000058
:103f400020610000206a00006f75000072200000f0
:103f50002d3e0000207200006570000061720000bc
:103f6000616d00006574000072610000676500000b
:103f700020500000445000000a000000415400009e
:103f80002b430000534900004c3d0000310d000060
:103f900000470000312e00003131000034200000c5
:103fa000506f000073480000503d000000470000c3
:103fb000312e000031310000352000004761000043
:103fc000696e0000732000006f6b00000a000000a3
:103fd000476500006e460000717400002067000015
:103fe000313d00003136000030200000706f0000cd
:103ff00073680000703d0000004300007472000010
:104000006c470000656e000046710000742e0000d1
:104010004c6100006e630000656500003d310000ea
:104020000a000000415400002b56000054440000d8
:104030003d000000415400002b5600005453000086
:104040003d000000736900002070000061730000f3
:10405000206d00006172000063680000652c0000a4
:104060002074000065730000746500007220000079
:104070006176000065630000202c000020650000d0
:104080006e74000072650000206300006172000021
:1040900020640000746d00006600000041540000c0
:1040a0002b43000052450000473d0000320d000048
:1040b000004100005423000053480000444e00001b
:1040c0000d00000052450000424f00004f54000018
:1040d000205300006f660000742000004d6f000048
:1040e000646500006d0a0000002d000046690000b4
:1040f0006e200000746500006d7000006f200000ed
:10410000473100002e250000642d00000d00000046
:1041100052450000424f00004f540000206500004f
:104120006c65000063740000726900007175000026
:10413000652000004d6f0000646500006d0a0000fe
:104140000052000020000000415400002b570000e6
:1041500053340000363f00000d0000002b570000d4
:1041600053340000363a00002000000041540000a3
:104170002b57000053340000363d0000256400003a
:104180000d000000232300002344000045420000ee
:104190005547000020420000617300006375000075
:1041a0006c6500002076000065720000732000003e
:1041b000334700000a0000002323000023440000ce
:1041c0004542000055470000204200006173000096
:1041d000637500006c6500002076000065720000c9
:1041e00073200000344700000a0000004154000022
:1041f0002447000050530000503f00000d00000015
:104200002447000050530000503a000020000000f6
:10421000415400002447000050530000503d00006e
:10422000310d000000410000542400004750000000
:1042300053410000435000000d0000002d2d0000f0
:104240002d2d00002d2d00002d2d00002d2d000006
:104250002d540000494d0000452000004f5500003e
:10426000542000002d2000003330000031000000f9
:104270000a2300002323000054520000414e000096
:104280005350000041520000454e000054200000f1
:1042900043500000543d0000302000002323000064
:1042a000230a0000000a000023230000234400002a
:1042b000424700004d4f0000444500004d3d0000c6
:1042c00030200000286d00006f640000656d000064
:1042d0002065000074610000697400002070000017
:1042e00072650000742900002023000023230000d1
:1042f0000a0000000a2300002323000044420000bb
:10430000474d00004f440000454d00003d30000087
:10431000202800006d6f0000646500006d20000023
:10432000706100007320000070720000657400006e
:104330002c20000072650000696e000069740000a6
:104340002920000023230000230a00000041000070
:10435000545a00000d000000485400005450000062
:104360003a20000061620000616e0000646f00008e
:104370006e200000284e0000625400007279000098
:104380002065000070750000697300006529000059
:104390000a0000004154000023480000545400006b
:1043a00050430000464700003d3000002c22000032
:1043b00025730000222c0000256400002c30000032
:1043c0002c220000222c0000222200002c310000b0
:1043d0002c310000323000002c3100000d000000b4
:1043e0004154000023480000545400005051000084
:1043f000525900003d3000002c3000002c220000fb
:1044000025730000220d00000048000054540000f5
:10441000503a0000206500006368000065630000fa
:10442000204800005454000050430000464700005c
:10443000202d0000207200006574000072790000d9
:104440000a00000048540000545000003a200000c8
:1044500070610000732000006465000020230000ec
:104460004854000054500000524900004e470000dc
:10447000202d000020720000657400007279000099
:104480000a00000048540000545000005249000047
:104490004e47000020730000746100007475000036
:1044a000733d00002575000020730000697a00004c
:1044b000653d0000256c0000750a00000048000002
:1044c00054540000503a0000207300007461000052
:1044d0007475000074200000213d000020320000af
:1044e000303000000a000000415400002b4300005f
:1044f0004e4d0000493d0000302c0000302c0000e3
:10450000302c0000302c0000300d0000004d000069
:10451000414a00003a20000052450000505200007d
:10452000495300004520000052410000504900005e
:1045300044450000202d0000207300006b6900003e
:10454000702000007e2500006c750000206f0000c8
:104550006374000065740000732000007075000033
:10456000697300002072000065730000796e00001e
:104570006320000073750000722000006c69000069
:10458000676e0000650a000000410000542300002f
:10459000485400005450000052430000563d0000b3
:1045a000302c0000256400000d0000004d4100008b
:1045b0004a3a000020740000616900006c6c000041
:1045c000652000006e7500006c6c0000650a00003c
:1045d000004d0000414a00003a200000736b0000cb
:1045e0006970000020740000657200006d690000b1
:1045f0006e65000020280000256c0000752000007a
:104600006f63000074290000202d00003e20000090
:104610007265000063680000657200006368000056
:10462000652000006c690000676e000065200000d6
:10463000646500002072000065730000796e000060
:10464000630a0000000a00003d3d00002042000017
:104650004c4f000043200000626c00006f630000bc
:104660005f6c0000656e00003d25000075200000b5
:1046700072610000773d0000256c0000752000008d
:1046800066720000616700005f6c0000656e0000ec
:104690003d25000075200000466900006c650000a3
:1046a00041640000643d0000256c0000752f00008f
:1046b000256c0000752000003d3d00000a00000050
:1046c00066720000616700003d5b0000005d000055
:1046d0000a0000004d4100004a3a0000206c000032
:1046e000696700006e65000020640000652000001e
:1046f00072650000737900006e6300002072000094
:1047000065740000726f000075760000656500003a
:10471000202d00003e200000726500007072000035
:1047200069730000652000006475000020740000bb
:104730007261000069740000656d0000656e000024
:10474000740a0000004d0000414a00003a200000b9
:104750006c690000676e000065200000636f000058
:10476000727200006f6d000070750000652000001f
:104770003a200000000a00004d4100004a3a0000c3
:10478000206c0000696700006e6500002069000071
:104790006e760000616c0000696400006520000016
:1047a00028650000727200003d2500007529000098
:1047b00020460000696c0000654100006464000050
:1047c0003d2500006c750000203a0000200000002c
:1047d0004d4100004a3a0000206c0000696700006b
:1047e0006e65000020640000652000007265000016
:1047f000737900006e630000206900006e74000091
:10480000726f000075760000616200006c65000048
:10481000202d00003e20000061620000616e00005b
:10482000646f00006e20000072650000707200006e
:10483000697300006520000072610000706900006b
:10484000646500000a00000020200000636800008a
:1048500065720000636800006565000020280000a4
:104860006c6500006e3d0000257500002c200000e6
:1048700062650000737400003d2500006c75000047
:10488000292000003d2000005b0000005d0a0000c0
:10489000202000006172000072650000742000009a
:1048a00061200000466900006c6500004164000062
:1048b000643d0000256c0000752000002873000096
:1048c0006b69000070200000666900006e690000de
:1048d00020610000202500006c750000290a0000fe
:1048e000004d0000414a00003a2000006c690000c1
:1048f000676e000065200000636f000072720000a8
:104900006f6d000070750000652f0000696e00007b
:10491000766100006c69000064650000202d0000d5
:104920003e200000726500006c6100006e630000b4
:104930006520000063790000636c000065200000c2
:10494000636f00006d7000006c650000740a000069
:10495000004d0000414a00003a200000256c000094
:1049600075250000252000004f560000523d000034
:10497000257500000a0000004d4100004a3a000081
:1049800020660000696e0000206c00006563000076
:1049900074750000726500000a0000004d410000bf
:1049a0004a3a000020660000696e000020650000a1
:1049b000727200006f7200003d250000752000003b
:1049c000656f0000663d0000257500002072000044
:1049d000617700003d2500006c7500002044000058
:1049e0006174000061530000697a0000653d0000b9
:1049f000256c0000752000006563000061720000f6
:104a0000743d0000256c0000640a0000004d0000a9
:104a1000414a00003a200000666900006368000017
:104a20006965000072200000696e0000636f00007d
:104a30006d7000006c650000742f0000657200004e
:104a400072650000757200000a0000004d41000010
:104a50004a3a0000206c0000656300007475000095
:104a600072650000206300006f6d0000706c000034
:104a700065740000652000004f4b00000a00000034
:104a80005377000061700000205000006172000048
:104a900074690000746900006f6e0000204f000010
:104aa0004b0a0000005300007761000070200000f6
:104ab000506100007274000069740000696f0000aa
:104ac0006e20000046610000696c00000a000000d2
:104ad0004154000023410000534500004e440000b3
:104ae0003d22000074650000737400002e77000002
:104af00061760000222c000033300000300d0000f1
:104b0000000a00004d4100004a2000002b43000035
:104b10004d45000020450000525200004f52000059
:104b200020610000202500006c7500002f2500008a
:104b30006c750000202800006573000073610000a0
:104b40006920000025750000292000002d3e00008e
:104b500020720000656c0000616e0000636500005b
:104b600020630000796300006c6500002063000092
:104b70006f6d0000706c0000657400000a0000009a
:104b80000a4d0000414a000020540000494d000039
:104b9000454f0000555400002028000073650000b8
:104ba00073730000696f00006e20000076690000da
:104bb000766100006e74000065290000206100002d
:104bc000202500006c7500002f2500006c7500008a
:104bd000203a000020720000652d000023480000ec
:104be000545400005052000043560000207300004f
:104bf00075720000207000006c61000063650000a9
:104c00000a0000004d4100004a3a000020720000f6
:104c1000657000007269000073650000207200007a
:104c2000617000006964000065200000617200008e
:104c30006d65000065200000286d000065690000ba
:104c40006c6c00006575000072200000706f000041
:104c5000696e000074200000256c000075200000c3
:104c60002d3e0000207300006b69000070200000e2
:104c7000256c0000752000006f6300007465000063
:104c800074730000290a0000004d0000414a000032
:104c90003a2000006c690000676e0000652000008b
:104ca000646500002072000065730000796e0000ea
:104cb00063200000726500006368000065720000f8
:104cc0006368000065650000203d0000205b000077
:104cd000004500006e7600006f6900002053000060
:104ce0004f460000544d0000414a00002052000091
:104cf000455400005259000020500000415500006a
:104d00000a000000456d000065740000205300009b
:104d10004f460000544d0000414a00002052000060
:104d20004554000052590000205000004155000039
:104d30000a0000003f3f00003f3f00003f2000000e
:104d400047310000206500007461000070650000bc
:104d5000206900006e6300006f6e00006e75000039
:104d6000652000002d3e00002032000030300000a1
:104d7000200a0000004d0000617800002053000070
:104d80004d530000206a00006f7500007220000083
:104d900061750000746f00007269000073650000a7
:104da00020640000657000006173000073650000fe
:104db0000a00000043540000524c0000524500001d
:104dc00053450000415500002053000051330000be
:104dd000473d0000393900002053000051340000e5
:104de000473d0000393900002052000053520000b6
:104df000503d00003020000052530000435000009e
:104e00003d30000020450000434e00004f3d0000b3
:104e10003020000052530000525100003d3000008d
:104e200000410000504e0000204e00004f4d000099
:104e30003d5a0000000000005b0d00005c0d00000a
:104e40005d0d00005e0d00006d0d00005f0d0000a7
:104e5000650d0000660d0000670d0000680d000084
:104e6000610d0000620d0000630d0000690d00007f
:104e70006a0d00006b0d00006c0d0000640d000059
:104e80005220000043460000412000004c3d00003d
:104e900000200000453d000000200000443d0000cf
:104ea00000200000433d000000200000583d0000ad
:104eb00000200000563d0000005a000000200000c5
:104ec000533d000000200000493d0000002000008c
:104ed0004d3d000000200000543d00000052000045
:104ee000205300004d530000204e0000554d00009f
:104ef0003d00000020450000503d00000031000052
:104f000000300000002000004c4e0000473d000033
:104f10000020000043500000453d0000002000003c
:104f200043500000533d0000000a00000020000034
:104f30004e5500004d3d000000200000445400008c
:104f4000453d00000020000044540000453d0000a5
:104f50003000000020480000524500003d000000e5
:104f600020480000524500003d30000000200000b5
:104f7000545300004d5300003d0000004255000016
:104f8000473d000000520000204d0000415000004d
:104f9000504900004e47000000200000470000007c
:104fa0003d000000205300000020000044000000ed
:104fb0002f0000005f0000003a00000052200000b7
:104fc000494e0000464f000020480000423d0000ce
:104fd00000200000484300003d0000002048000081
:104fe000524f00004b3d00000020000048520000de
:104ff0004b4f00003d000000204d0000453d0000eb
:10500000002000004e5400004f3d00000020000032
:10501000444500004e490000454400003d000000aa
:1050200020540000523d000000200000484c0000c9
:10503000453d000000460000494300003d000000df
:105040006761000072640000652e00007761000057
:105050007600000066690000706800006f2e000096
:10506000776100007600000070610000756f00003d
:105070006b2e00007761000076000000697300006d
:105080006f6c0000652e0000776100007600000064
:10509000316b0000356800007a2e00007761000057
:1050a00076000000313500006b6800007a2e0000a9
:1050b0007761000076000000636f00006e660000fc
:1050c000697200006d2e000077610000760000001c
:1050d000522000004d53000047540000455300008b
:1050e00054200000444500004d3d000000540000e5
:1050f0004f3d00000049000043520000413d0000c8
:10510000004300004d4400003d000000436d0000de
:10511000642000006d6f0000646500006d200000d9
:105120003a000000464f000052430000454700008f
:1051300052410000463d00000047000031200000c1
:105140003e3e00003e200000256400000a000000f2
:1051500052450000424f00004f5400003d00000047
:1051600052650000626f00006f7400002073000041
:105170006f66000074200000696d00006d6500001e
:105180006469000061740000206400007520000064
:105190006d6f0000646500006d0a000000520000a1
:1051a000656200006f6f00007420000064750000ed
:1051b000206d00006f640000656d0000206100003c
:1051c0007072000065730000205300004d53000012
:1051d0002045000072610000736500000a000000b5
:1051e00052650000626f00006f74000020650000cf
:1051f0006c65000063740000726900007175000046
:1052000065200000696d00006d65000064690000a4
:105210006174000020640000752000006d6f0000c4
:10522000646500006d0a0000005200006562000025
:105230006f6f000074200000656c00006563000063
:105240007472000069710000756500002064000040
:10525000752000006d6f0000646500006d20000087
:10526000617000007265000073200000534d000063
:10527000532000004572000061730000650a0000c1
:1052800000520000656200006f6f00007420000093
:105290007061000072200000415400005a2000009c
:1052a000696d00006d6500006469000061740000b4
:1052b000206e000000520000656200006f6f000069
:1052c00074200000415400005a2000006475000062
:1052d000206d00006f640000656d0000206100001b
:1052e0007072000065730000205300004d530000f1
:1052f0002045000072610000736500000a00000094
:105300005453000054500000494e00003d0000007e
:1053100044430000443d00000044000049540000a4
:105320003d000000445400004d4600003d000000d8
:1053300044420000473d0000004900004e46000086
:105340004f3d000000520000204d00004f4400007f
:10535000454d00002052000065710000754f0000af
:10536000666600003d0000002052000065710000ec
:10537000755300006c650000657000003d00000082
:1053800020470000534d00005f530000746500008b
:105390003d00000050570000525f00004f460000e3
:1053a00046000000505700005f4f00004e00000014
:1053b000434f00004e4600004947000000500000e7
:1053c00052450000540000004e4f00005f530000a3
:1053d000494700004e4100004c000000534c0000c3
:1053e000454500005000000045520000524f0000ab
:1053f000520000003f3f00003f000000205400002a
:1054000028200000706900006e3d000000200000b0
:105410002072000073730000693d0000002000004e
:1054200020630000616c00006c3d00000020000063
:10543000207300006d7300003d0000002029000073
:1054400020000000202000004e620000746f000069
:105450003d00000045460000464100004345000075
:10546000525300004d5300003d0000002054000046
:1054700052410000434500003d0000005220000062
:105480004d4f0000444500004d20000054520000e4
:1054900041430000453d000000200000444300005f
:1054a000443d00000020000044490000543d00003d
:1054b0000020000044420000473d00000052000070
:1054c000205000004320000050520000453d0000e5
:1054d00000520000204f00005045000052410000e3
:1054e000544500005552000020520000454700007e
:1054f0003d000000204e00004f4d00003d22000006
:1055000000220000004f0000505400003d00000049
:1055100054500000464500003d0000005245000088
:10552000505f000041550000544f00003d00000056
:10553000434f00004e4600005f4100005050000005
:10554000454c00003d000000522000004f5000007c
:10555000544900004f4e000020000000204f000082
:10556000505400003d000000205400005046000050
:10557000453d00000020000052450000505f000043
:1055800041550000544f00003d3100000020000054
:1055900052450000505f000041550000544f00008c
:1055a0003d30000000200000434f00004e46000048
:1055b0005f41000050500000454c00003d310000ac
:1055c00000200000434f00004e4600005f410000f5
:1055d00050500000454c00003d30000000530000da
:1055e00051330000473d00000053000051340000db
:1055f000473d00000052000053520000503d0000a3
:105600000052000053520000513d000000450000d0
:10561000434e00004f3d0000005200005343000085
:10562000503d000000520000205200004553000091
:10563000454100005520000057530000343600005b
:105640003d25000064200000545900005045000032
:105650003d250000642000004c4100005354000030
:105660005f340000475f0000535100003d250000fb
:10567000642000004c410000535400005f340000df
:10568000475f000052530000525000003d250000cb
:10569000642000004c410000535400005f340000bf
:1056a000475f000052530000515000003d250000ac
:1056b000642000002d2d0000205300005133000015
:1056c000473d0000256400002053000051340000d5
:1056d000473d0000256400002052000053520000a6
:1056e000503d00002564000020520000535200008d
:1056f000513d00002564000020450000434e00009d
:105700004f3d00002564000020520000534300007c
:10571000503d0000256400002000000041430000cf
:10572000543d000000520000204100004d50000098
:105730004c49000020410000435400003d0000009f
:105740004e4f00004d3d000000520000204100007f
:10575000504e0000204e00004f4d00003d00000064
:10576000434f000055520000543d0000310000003e
:1057700054500000413d0000005500005247000019
:105780003d0000004e5500004d3d0000005200005d
:105790002041000050500000454c0000204e000009
:1057a000554d00003d000000205400005041000015
:1057b0003d00000020550000524700003d00000061
:1057c000204300004f550000525400003d000000ef
:1057d00020440000454d00003d310000004c000019
:1057e0003d0000004e3d000000520000204200003d
:1057f00049500000204e00003d000000204c0000f9
:105800003d000000454600004641000043450000c1
:105810003d000000444d0000433d000000520000e8
:10582000545200003d00000054410000433d000080
:10583000004d000044530000433d000000570000ad
:1058400044530000563d0000005700004453000040
:10585000543d00000057000044530000473d000045
:105860000057000044560000413d00000044000085
:10587000533d000000480000544a00003d00000075
:10588000484d0000415800003d000000484d000018
:10589000494e00003d000000544500004c3d000012
:1058a0000052000020430000465000004155000017
:1058b000204e00004f4d00003d000000204400003d
:1058c000544d0000463d00000020000048540000f8
:1058d0004a3d000000200000444d0000433d000010
:1058e00000200000544500004c3d00000020000056
:1058f000445300003d00000020560000543d0000cd
:10590000002000004d440000534300003d00000013
:1059100020520000545200003d00000020570000bb
:1059200044530000563d0000002000005744000092
:10593000535400003d000000205700004453000075
:10594000473d000000200000574400005641000081
:105950003d00000020540000414300003d000000d5
:10596000204800004d410000583d0000002000008c
:10597000484d0000494e00003d0000005049000025
:105980004e3d000000520000204300004650000041
:10599000494e000020500000494e00003d0000002c
:1059a00020430000563d000000520000204300004c
:1059b00046530000205300003d0000002046000038
:1059c0003d000000524100005a3d0000004d000023
:1059d0004a4100003d0000005220000043500000fa
:1059e0005420000043500000453d0000002000000e
:1059f000454a00003d00000020450000483d0000f1
:105a000000200000534a00003d0000002053000029
:105a1000483d000000200000534a0000413d0000c6
:105a20000020000053480000413d0000002000001d
:105a3000534a0000453d000000200000534800008c
:105a4000453d0000002000004d4a0000413d00009f
:105a500000200000454100003d00000052200000f1
:105a60004455000052450000452000000020000081
:105a70004e530000564a00003d0000002053000035
:105a8000524500004a3d0000002000005350000035
:105a9000484900004a3d000000200000535000002b
:105aa000484f00004a3d000000200000204e00004a
:105ab00053560000483d00000020000053520000f3
:105ac000454800003d000000205300005048000001
:105ad000494800003d0000002053000050480000ed
:105ae0004f4800003d0000005220000044450000e7
:105af0004255000047200000002000004d6f0000cc
:105b0000646500006d4f00006b3d00000020000048
:105b1000546f0000473100003d000000205300009a
:105b20006d730000547000003d000000204c000028
:105b3000536f00006e2e0000457400006174000079
:105b40003d000000202e0000466900006330000088
:105b5000213d000030000000202e000046690000ba
:105b6000633000003d3d0000300000002041000097
:105b7000432e00004154000072610000697400006f
:105b8000657200003d000000202e0000506f0000f4
:105b900073690000746900006f6e00006e6500009c
:105ba0003d000000202e00005479000070500000dd
:105bb0006f7300003d00000020570000443d0000ce
:105bc000005200002044000054200000002000008b
:105bd000286d0000737100003d00000029000000e6
:105be00052200000465200004551000020410000b4
:105bf000435400003d00000055530000494e000092
:105c0000453d000000520000313400003d0000001e
:105c100052310000353d000000480000504e0000a9
:105c20003d000000485000004d4500003d000000d0
:105c300048500000443d000000480000505400005f
:105c40003d00000047460000543d000000520000a7
:105c5000394400003d00000052390000503d000072
:105c600000520000395400003d000000523900008d
:105c70004d4500003d00000052310000314400005d
:105c80003d00000052310000315000003d00000096
:105c900052310000315400003d000000523100003c
:105ca000314d0000453d000000520000313200003f
:105cb000503d000000520000313200004d45000010
:105cc0003d00000052310000325400003d00000051
:105cd0005220000047410000494e000020560000bd
:105ce0003d35000020480000504e00003d000000ff
:105cf00020480000504d0000453d000000200000fd
:105d000048500000443d00000020000048500000c2
:105d1000543d00000020000047460000543d0000b4
:105d20000020000052390000443d000000580000ef
:105d30000020000052390000503d0000002000000b
:105d400052390000543d000000200000523900008c
:105d50004d4500003d0000002052000031310000a0
:105d6000443d00000020000052310000315000008e
:105d70003d0000002052000031310000543d000081
:105d80000020000052310000314d0000453d000070
:105d90000030000058000000202a00004d4900009b
:105da000430000002052000031320000503d00004e
:105db0000020000052310000324d0000453d00003f
:105dc0000020000052310000325400003d0000006d
:105dd00047410000494e000020480000504e00009e
:105de0003d35000035200000485000004d450000c2
:105df0003d3500003020000048500000443d0000c8
:105e00003435000020480000505400003d360000aa
:105e10003520000047460000543d000033350000a7
:105e200020520000394400003d5800003045000079
:105e300020520000395000003d5800003041000061
:105e400020520000395400003d580000303000005e
:105e500020520000394d0000453d00005830000040
:105e60004120000052310000314400003d58000044
:105e7000303000002052000031310000503d000061
:105e80005830000030200000523100003154000032
:105e90003d58000036300000205200003131000033
:105ea0004d4500003d300000583200003020000019
:105eb0002a4d00004943000020520000313200000a
:105ec000503d0000583200003320000052310000e5
:105ed000324d0000453d00005832000035200000e2
:105ee00052310000325400003d58000032350000ad
:105ef00020000000522000004752000041460000f0
:105f000000200000474300003d0000004654000010
:105f10005020000041430000543d000030200000ac
:105f200054590000504500003d500000415500000c
:105f300020490000503d0000302e0000302e0000af
:105f4000302e000030200000504f0000525400005e
:105f50003d32000031200000494400003d5a00005d
:105f600020500000573d00005a000000435400003c
:105f7000524c0000524500005345000041550000be
:105f80002053000051330000473d00003939000024
:105f900020450000434e00004f3d0000302000002f
:105fa00052530000435000003d30000020530000d9
:105fb00051340000473d00003939000020520000f4
:105fc00053520000513d00003020000052530000a9
:105fd000525000003d3000000043000046500000d9
:105fe00041550000204e00004f4d00003d5500007f
:105ff000534900004e45000020440000544d00006d
:10600000463d0000313200003320000048540000bb
:106010004a3d0000323400003a30000030200000d9
:10602000444d0000433d0000313000002048000096
:106030004d410000583d000031360000204800006e
:106040004d4900004e3d000031300000204400006a
:10605000533d000000430000465000004155000041
:106060002057000044530000563d0000313200002c
:106070003720000057440000535400003d31000019
:10608000323700002057000044530000473d000015
:106090003132000037200000574400005641000014
:1060a0003d31000032370000204d00004453000015
:1060b000433d000000470000414900004e20000021
:1060c00055530000494e0000453d000031000000de
:1060d00043460000412000004c3d0000002000002d
:1060e0004546000046410000434500003d310000a8
:1060f0000043000046530000205300003d310000e3
:10610000204600003d33000034200000433d0000e5
:1061100036350000204900003d30000020440000da
:106120003d300000004300004653000020530000b3
:106130003d000000204600003d30000020430000ec
:106140003d300000204900003d30000020440000a8
:106150003d30000000520000204700005553000071
:10616000494e00004500000052200000494d00004b
:106170004f440000205600003d00000020000000b9
:1061800052440000523d000000440000454e000013
:1061900049450000443d0000005300004d530000fd
:1061a0003d00000052200000495300004420000040
:1061b00041550000444900004f20000000540000f9
:1061c000505300003d000000522000004c450000ec
:1061d000525200004f520000204800004c45000081
:1061e0003d00000020470000313d0000002000007d
:1061f000543d00002700000027000000204500005b
:10620000313c0000204800004c4500003d000000eb
:10621000273e000000520000204c0000434f0000c9
:106220004e460000204300004f4e0000533d00004a
:1062300000200000534d0000533100003d000000dd
:10624000205300004d530000323d000000200000ac
:1062500049440000583d0000005200002052000058
:1062600041430000435200004f43000048450000f6
:1062700020410000435400003d0000005220000077
:1062800052450000424f00004f54000000520000f1
:1062900020520000455000004f4e000044520000c4
:1062a0004520000041430000543d00000050000024
:1062b000524900004f3d00000052000045500000d0
:1062c0004c4900003d0000004241000053430000e3
:1062d0003d000000522000005245000053450000e0
:1062e0004155000020430000555200003d000000d1
:1062f00020500000524900004f3d000000200000e7
:1063000052450000504c0000493d000000200000b4
:1063100042410000534300003d0000004e45000094
:106320003d00000052200000534900004d55000080
:106330004c450000204e0000453d00000047000095
:10634000534d00003d00000052200000534c00005f
:106350004545000050200000475300004d3d00001f
:106360005300000052200000534c0000454500003f
:1063700050200000475300004d3d00004e0000003b
:10638000574400003d00000052440000503d000012
:1063900000520000444100003d0000005352000044
:1063a000563d0000004f0000504500003d00000039
:1063b00041550000545200003d00000052200000f2
:1063c000534d000053460000414900004c2000009e
:1063d0004e4200003d000000205300004d530000dd
:1063e0003d00000020480000523d00000020000059
:1063f00041550000545200003d00000020520000b2
:10640000415a00003d31000000430000505400009c
:106410003d0000005220000054520000414e000098
:106420005350000041520000454e0000542000002f
:1064300043500000543d0000002000004649000089
:106440004e3d000000200000504500003d3100009e
:1064500000530000593d00003100000052200000b0
:1064600054450000535400004155000044490000c9
:106470004f20000041430000543d00000067000031
:10648000736d00007374000061740000653d0000ce
:106490002569000020410000535300003d25000005
:1064a0006920000041450000533d000025690000bf
:1064b000200a000000440000454300003d000000a9
:1064c000464f000052430000453d000000530000cd
:1064d000424300003d00000053480000433d0000df
:1064e0000044000050420000433d0000004d000009
:1064f000433d0000005200002048000048520000c8
:10650000204800003d0000005220000048540000d8
:106510005450000053470000455400000020000084
:10652000555200004c3d000000550000524c000048
:106530003d0000006874000074700000733a0000b1
:106540002f2f000000200000504f00005254000088
:106550003d000000504f0000525400003d0000007c
:1065600020540000595000003d0000005459000024
:10657000503d000000630000615f000063650000a3
:10658000727400002e700000656d00000063000052
:106590006c5f000063650000727400005f740000af
:1065a000776f00002e700000656d00000063000032
:1065b0006c5f00006b650000795f0000747700007d
:1065c0006f2e0000706500006d0000007570000007
:1065d000647400005f7300006f6600007477000051
:1065e00061720000652e0000686500007800000000
:1065f00041550000443d0000006e00006f6e000039
:10660000616200002e7700006176000000720000d9
:10661000696e0000672e00007761000076000000c0
:10662000544500004d5000004f3d00000020000088
:10663000544500004d5000004f3d00000054000044
:10664000494d0000454f0000555400003d0000003a
:1066500020540000494d0000454f000055540000f3
:106660003d0000004e42000054520000593d000021
:10667000002000004e42000054520000593d00002e
:106680000020000052450000515500004554000014
:1066900045200000454e0000204300004f550000fb
:1066a0005253000000430000553d0000004400002c
:1066b0005420000000520000205600004552000007
:1066c000494600004e5500004d540000454c000066
:1066d0005041000055200000564e0000503d000083
:1066e00000520000205600004552000053490000af
:1066f0004f4e000020470000454e00003d000000c6
:106700004d540000475300004d5600003500000076
:1067100020550000433d00000032000036300000ec
:106720003831000037000000204e0000533d0000cb
:1067300000560000553d00000020000056550000a6
:106740003d0000002043000043490000443d00009c
:106750000020000043430000494400003d5a00006f
:1067600000200000494d0000454900003d000000a8
:10677000204900004d450000493d00005a0000003e
:10678000204d00004f4400003d0000004152000039
:106790004e5300003d0000004e5300003d0000003d
:1067a00052200000465400005020000041430000e9
:1067b000543d0000302000004445000046490000e0
:1067c0004e4500003d300000200000005220000037
:1067d00044450000464900004e45000020000000ee
:1067e00020440000554100004c5f0000455400006b
:1067f0004f4e00003d300000002000004c4f0000d4
:10680000524100003d300000002000004c490000d3
:10681000545f000041520000523d00003000000073
:10682000256c0000582500006c580000256c000005
:1068300058000000256c0000640000005220000099
:106840005245000047200000564100004c3d00002a
:1068500000200000434100003d00000020520000e5
:10686000455300003d00000020530000493d00005a
:106870003100000041500000504500004c00000075
:10688000414d0000504c0000490000004150000004
:106890004e00000042490000500000004346000046
:1068a0004100000043460000504100005500000038
:1068b00043460000504900004e00000043460000df
:1068c00053000000435000005400000043540000f7
:1068d000524c000052450000534500004155000055
:1068e0000044000045460000494e000045000000fd
:1068f0004454000000440000454200005547000099
:1069000000440000555200004545000000440000ce
:106910004f4400004f000000465200004551000067
:1069200000460000545000000046000043540000a0
:1069300000470000414900004e000000475200009f
:10694000414600000047000055530000494e00003a
:106950004500000048480000520000004854000074
:106960005450000053470000455400000049000007
:106970004d4f000044000000494e0000464f00000b
:10698000004900005344000052450000434f0000fe
:1069900052440000004c0000434f00004e460000ef
:1069a000004c000045520000524f00005200000011
:1069b0004c450000525200004555000052000000b6
:1069c0004c4f0000524100004e5500004d000000a9
:1069d0004d53000047540000455300005400000090
:1069e0004d4f0000444500004d0000004d410000a7
:1069f00050500000494e0000470000004f5000007a
:106a0000455200004154000045550000520000006e
:106a10004f500000544900004f4e0000005000004d
:106a20004300000050410000555300005441000055
:106a30000050000041550000545300005400000075
:106a40005241000043430000524f00004348000001
:106a50004500000052450000504f00004e44000029
:106a60005245000000520000454200004f4f000018
:106a7000540000005245000047000000524500004d
:106a80005345000041550000005300005400000031
:106a9000534d00005300000053200000005300003d
:106aa000494d0000554c000045000000534d0000ca
:106ab00053460000414900004c00000053590000bb
:106ac0004e00000054520000414300004500000009
:106ad00052200000545200004143000045200000b5
:106ae000435900003d000000545700004447000097
:106af00000540000455300005400000054450000bd
:106b00005354000041550000444900004f0000006c
:106b100054520000414e000053500000415200000a
:106b2000454e000054000000564100004e41000058
:106b300000560000414c000043500000540000008b
:106b40005645000052530000494f00004e0000001f
:106b50005645000052490000464e0000554d0000c9
:106b6000544500004c500000415500000052000008
:106b700020460000414900004c2000000050000069
:106b80006173000020640000652000007265000051
:106b9000706f00006e7300006520000066610000e9
:106ba000696c000020610000203a00002000000015
:106bb000534d0000534100005454000020000000d9
:106bc000534d0000534400004e54000020000000cc
:106bd00049500000415500004d530000472000007f
:106be0004e4f00004d3d0000002000004d530000be
:106bf000473d000000200000494e00003d0000001d
:106c00005220000050410000554100005544000052
:106c1000494f000020500000415500003d22000077
:106c2000004900005041000055520000414500005d
:106c3000204e00004f4d00003d00000022200000cb
:106c4000544500004c3d000000200000535400005b
:106c500050410000553d000000200000434f00005f
:106c60004d3d000000490000504100005552000019
:106c700041530000204e00004f4d00003d00000039
:106c800049500000415500004141000053200000e0
:106c90004e4f00004d3d000000520000204100001a
:106ca000505000004b4f00002050000041550000a4
:106cb0003d22000000490000504100005545000001
:106cc00041530000204e00004f4d00003d000000e9
:106cd000204e00004f3d00000020000045580000fd
:106ce0003d00000020450000525200003d00000021
:106cf0004950000041550000444d00005220000062
:106d00004e4f00004d3d00000000000052200000ea
:106d10005041000055530000544100002050000035
:106d2000415500003d2200000022000020530000d9
:106d300054500000415500003d0000002053000069
:106d400054470000505300003d0000005220000056
:106d500053540000204d0000453d0000002000007d
:106d60004e3d0000002000004e3d00005a00000093
:106d7000204700004d3d0000002000004753000068
:106d80003d00000020470000453d000000200000bd
:106d9000515300003d00000020510000534d000001
:106da0003d000000204900004e3d00000020000092
:106db0004f550000543d00000020000047500000e7
:106dc000533d00000020000053520000563d0000db
:106dd0000030000000310000002000004f50000093
:106de000453d000000200000574400003d00000029
:106df00020530000483d00000020000053480000e0
:106e0000413d000000200000545200003d00000001
:106e100020450000453d00000020000041470000e3
:106e20003d0000000a00000020480000583d00001e
:106e30002563000025630000256300002f25000066
:106e4000632500006325000063000000522000005d
:106e50004643000054200000435600003d780000e7
:106e6000257800002f2500007820000053520000f4
:106e7000453d0000782500006c7800002f250000bb
:106e80006c78000020530000504900003d7800005d
:106e9000257800002f2500007820000053500000c6
:106ea0004f3d000078250000782f00002578000075
:106eb00020530000493d000078250000782f000095
:106ec00025780000205300004f3d00007825000089
:106ed000782f00002578000020530000453d000079
:106ee00078250000782f000025780000205600004b
:106ef000433d000078250000782f00002578000031
:106f000020520000425000003d780000257800002b
:106f10002f2500007820000052450000413d000070
:106f200078250000782f000025780000205600000a
:106f3000583d000078250000783a000025780000d0
:106f40003a250000782f0000257800003a2500003f
:106f5000783a0000257800002048000042520000e6
:106f60003d25000030320000642500003032000072
:106f7000642500003032000064250000303200003b
:106f8000642000006a3d00002530000032640000eb
:106f900025300000326400002f680000005200001d
:106fa00020560000414e00004120000056310000f4
:106fb000323d000000200000563400002e32000058
:106fc0003d00000020560000332e0000333d00003d
:106fd0000020000056450000343d00000020000065
:106fe00056450000333d00000020000056450000db
:106ff000323d00000020000056450000313d0000f9
:107000003000000020560000505600003d000000f7
:1070100020430000423d00003100000020430000fa
:10702000423d000030000000204600004f520000aa
:10703000434500003d0000002564000000200000e2
:1070400053420000433d0000002000005348000070
:10705000433d000000200000445000004243000077
:107060003d000000204d0000433d000000200000d6
:1070700028200000484d0000415800003d0000005d
:10708000204800004d4900004e3d00000020000057
:107090002900000052200000534f00004654000019
:1070a0004d4100004a000000204e00004f4d0000fe
:1070b0003d00000020530000554300004345000000
:1070c000535300000020000045520000524f0000c2
:1070d00052000000205200004554000052590000a8
:1070e000200000002f000000204d0000414a000059
:1070f000200000002500000052200000485400003d
:107100005450000053200000005000004f53000076
:1071100054200000004700004554000020000000fb
:107120005355000043430000455300005300000046
:1071300045520000524f0000523d000053450000f0
:107140004e440000494e0000470000004552000038
:10715000524f0000523d00005345000052560000bf
:107160004552000000450000525200004f520000fe
:107170003d45000058540000455200004e410000bb
:107180004c00000045520000524f0000523d0000ec
:10719000494e000054450000524e0000414c000092
:1071a00000450000525200004f5200003d460000d2
:1071b0004f5200004d41000054000000200000002c
:1071c00020550000524c00003d680000747400001f
:1071d000707300003a2f00002f0000003a000000fa
:1071e000457200007265000075720000203a0000d0
:1071f000207000006173000020640000276100001f
:107200006e740000656e00006e6500002064000072
:10721000efbf0000bd740000efbf0000bd630000c1
:1072200074ef0000bfbd000065000000436c00006b
:1072300069670000203300002052000073730000d3
:10724000696f00006b0a000000520000205300002c
:1072500059350000200000005a0000003a300000bc
:10726000003a000031000000457200007249000041
:10727000326300002025000063200000653d00000f
:107280002564000020250000642000002564000023
:1072900020200000200a000000450000525200009b
:1072a0004f52000020490000326300003a200000e5
:1072b000544900004d450000204f00005554000087
:1072c00020490000444c0000450a00000045000031
:1072d000525200004f52000020490000324300008b
:1072e0003a200000544900004d450000204f0000a6
:1072f0005554000020530000544100005254000037
:107300000a00000045520000524f000052200000c9
:1073100049320000433a000020540000494d00006b
:10732000452000004f550000542000005245000049
:107330005354000041520000540a00000045000070
:10734000525200004f52000020490000324300001a
:107350003a200000544900004d450000204f000035
:1073600055540000204100004444000052450000f4
:10737000535300000a00000045520000524f000025
:107380005220000049320000433a0000205400001f
:10739000494d0000452000004f55000054200000da
:1073a00044410000544100000a0000004552000022
:1073b000524f00005220000049320000433a0000c2
:1073c00020540000494d0000452000004f550000aa
:1073d00054200000535400004f5000000a000000e9
:1073e00045520000524f0000522000004932000078
:1073f000433a000020540000494d000045200000a1
:107400004f55000054200000414300004b20000075
:107410004e4f00005420000052450000434500003c
:1074200049560000454400000a0000004552000093
:10743000524f00005220000049320000433a000041
:1074400020540000494d0000452000004f55000029
:10745000542000004d4100005354000045520000ec
:10746000204e00004f540000205200004541000013
:1074700044590000205400004f20000052450000f5
:107480004345000049560000450a00000045000041
:10749000525200004f5200003a20000042550000b6
:1074a000532000004e4f00005420000052450000c1
:1074b000414400005900000045520000524f0000b6
:1074c000523a000020530000544100005254000082
:1074d000204e00004f54000020530000454e000095
:1074e0004400000045520000524f0000523a000094
:1074f0002041000044440000524500005353000066
:10750000205700005249000054450000204e000062
:107510004f54000020530000454e0000440000007e
:1075200045520000524f0000523a00002052000025
:107530004547000049530000544500005220000018
:107540004e4f000054200000534500004e44000000
:1075500000450000525200004f5200003a20000047
:107560004441000054410000204e00004f540000f0
:1075700020530000454e000044000000455200002a
:10758000524f0000523a000020530000544f0000b8
:10759000502000004e4f00005420000053450000d2
:1075a0004e44000000450000525200004f520000bf
:1075b0003a200000524500005354000041520000a0
:1075c000542000004e4f000054200000534500009e
:1075d0004e44000000450000525200004f5200008f
:1075e0003a2000004144000044520000455300008e
:1075f000532000005245000041440000204e00008e
:107600004f54000020530000454e0000440000008d
:1076100045520000524f0000523a00002044000042
:1076200041540000412000004e4f00005420000053
:107630005245000043450000495600004544000003
:10764000003800003536000033200000736f000062
:107650006d6d0000656900006c200000646500002d
:1076600020000000206d0000696e000075740000ad
:10767000657300000a000000383500003633000052
:1076800020500000617300002064000065200000ad
:107690006475000072e9000065200000736f00004f
:1076a0006d6d0000656900006c20000070720000c4
:1076b0006f670000726100006d6d0000e9650000f9
:1076c0000a00000038350000363300002052000068
:1076d00065760000656900006c20000061200000f4
:1076e0000048000000200000706f0000757200006c
:1076f0002074000065730000740a00000038000068
:107700003536000033200000506100007320000077
:107710006465000020720000657600006569000065
:107720006c200000706f0000757200002074000073
:1077300065730000740a0000000000004170000042
:10774000706500006c200000757200006765000025
:107750006e7400000a000000686500006c6c000098
:107760006f00000000440000454d0000414e000045
:107770004445000020440000274100005050000014
:10778000454c0000205300004f52000054410000bf
:107790004e540000202d00003e200000004e00004e
:1077a000b0200000544500004c2000003a200000aa
:1077b000000a0000004900004d5000004f53000037
:1077c00053490000424c00004520000044450000a1
:1077d000205000004153000053450000522000009b
:1077e0004c27000041500000504500004c0a0000aa
:1077f00000490000735600006f69000063650000d7
:10780000436100006c6c0000526500006164000080
:10781000793d00003d3000000a0000006761000073
:1078200072640000652e00007761000076000000a1
:10783000466900006e200000617000007065000065
:107840006c200000706100007220000054500000a5
:10785000410a0000004c0000276100007070000029
:10786000656c00002061000020e9000063680000f2
:107870006f750000e920000073740000617400005f
:10788000757300003d0000002000000073650000db
:107890006e640000445400004d4600002d7000004e
:1078a0002d200000000d00000a000000736500009c
:1078b0006e640000445400004d4600003d3d000051
:1078c000300a000000730000656e00006444000090
:1078d000544d0000462d0000743100002d200000a2
:1078e000000d00000a540000524100004345000012
:1078f000494e0000464f00002000000025730000a4
:1079000020470000313300004531000033310000d2
:10791000202d00003e200000313400000a0000004d
:10792000736500006e640000445400004d46000082
:107930002d740000322d0000204d0000453d000058
:107940000041000050500000454c00002054000051
:10795000455200004d4900004e45000020700000d7
:107960006172000020740000656d0000706f0000ff
:107970000a00000041500000504500004c2000006b
:1079800054450000524d0000494e000045200000c3
:1079900063610000757300006520000061700000e5
:1079a000706500006c2000007572000067650000c3
:1079b0006e7400000a0000004150000050450000b5
:1079c0004c200000534f000052540000414e000074
:1079d0005420000054450000524d0000494e000064
:1079e000452000002d2000006c6500002063000091
:1079f0006f72000065730000706f00006e6400001d
:107a0000616e000074200000e0200000636f000041
:107a100075700000e92000006c6100002063000028
:107a20006f6e00006e65000063740000696f0000f7
:107a30006e0a00000066000069700000686f0000b8
:107a40002e770000617600000041000050500000d9
:107a5000454c0000205300004f52000054410000ec
:107a60004e540000204300004f55000052540000c7
:107a700020540000455200004d4900004e450000d2
:107a8000207000006172000020700000686f00002c
:107a90006e690000650a000000410000707000007f
:107aa000656c000020740000657200006d690000c4
:107ab0006ee9000020610000766500006320000090
:107ac0007375000063630000657300000a00000026
:107ad00041700000706500006c200000656e0000c1
:107ae0002045000063680000656300002067000017
:107af0003133000020320000303e0000203600000c
:107b0000300a000000530000616200006f72000044
:107b10006461000067650000207000006172000071
:107b2000205700004154000043480000444f00002b
:107b30004720000073750000697400006520000094
:107b400061620000736500006e6300006520000044
:107b50006465000020720000616300006372000031
:107b60006f63000068e900000a0000004967000038
:107b70006e6f000072650000204100007070000010
:107b8000656c00000a000000204900004d50000014
:107b9000554c000053450000203100002d0a000024
:107ba00000530000696d0000706c0000652000004b
:107bb0004170000070750000690a0000002000009c
:107bc000494d0000505500004c5300004520000076
:107bd000312000002d20000052ef0000bfbd00004a
:107be0006365000070740000696f00006e20000083
:107bf00041700000706500006c200000456e0000c0
:107c000074720000616e0000740a0000004c0000f5
:107c1000696700006e65000020560000616c00007e
:107c200069640000650a0000002d00004270000039
:107c300020720000656c0000616300006865000050
:107c40002d3e000032350000300a000000430000e5
:107c50006173000065200000417000007065000045
:107c60006c200000536f000072740000616e000011
:107c7000740a00000041000054540000205200002b
:107c800041500000504500004c200000000a000058
:107c90000050000041530000204400004520000037
:107ca0005241000050500000454c0000205200009e
:107cb00045430000552000004f4e000020410000c9
:107cc00050500000454c00004c4500000a000000e8
:107cd00041500000504500004c200000454e00007f
:107ce00054520000414e0000540a0000002d0000d4
:107cf0004152000045200000594f0000552000006f
:107d00005355000052450000205400004f20000051
:107d10004d4100004b450000204100002043000081
:107d2000414c00004c2000003f2d00002d4700007a
:107d300031350000203e00003e20000031300000c0
:107d4000352000000a000000636f00006e6600002e
:107d5000697200006d2e000077610000760000005f
:107d60002d660000696e000020740000656d000043
:107d7000706f000020610000626100006e6400000e
:107d80006f6e00002061000070700000656c0000e4
:107d90002d310000303100000a0000002d420000ab
:107da00070200000726500006c61000063680000d4
:107db000652d00003e20000031300000320a000036
:107dc000002d0000666900006e2000007465000050
:107dd0006d7000006f20000061620000616e0000a5
:107de000646f00006e20000061700000706500008c
:107df0006c2d000031300000320a0000002d000020
:107e000042700000203e0000206100007070000001
:107e1000656c0000202d00003e200000350a0000a7
:107e200000230000232300004445000042550000c9
:107e3000472000002d3e000020440000656d00003a
:107e4000616e000064650000204100007070000059
:107e5000656c0000205600006f690000780000008b
:107e6000697300006f6c0000652e000077610000f0
:107e7000760000004172000072650000742000006e
:107e8000656e0000206300006f75000072730000d3
:107e90000a00000047310000372000006465000040
:107ea0006d200000534c00004545000050200000ac
:107eb000727300003d250000642000000a000000ed
:107ec0002020000041650000733d00002564000093
:107ed00020410000737300003d2500006420000075
:107ee0007365000061740000723d000025640000ad
:107ef00020200000736500006165000066660000d8
:107f00003d250000642000000a00000047520000e8
:107f1000414600000a0000000a0000004162000023
:107f2000616e0000646f00006e200000617200004e
:107f30007265000074200000313200000a00000069
:107f400041620000616e0000646f00006e2000005e
:107f5000617200007265000074200000313300007f
:107f60000a000000000a00000a4700006f2000001d
:107f7000536c00006565000070280000290a0000ad
:107f800000540000524d0000543100003d25000017
:107f900064200000545200004d540000323d0000a7
:107fa00025640000205500003152000058490000af
:107fb000463d0000256400002055000032520000bc
:107fc00058490000463d000025640000204900009b
:107fd0004f430000494600003d250000642000009a
:107fe000494f000043460000473900003d2500008e
:107ff00064200000494f0000434600004636000060
:108000003d25000064200000494f00004346000069
:10801000463200003d250000642000004974000045
:108020005265000076650000696c00003d78000034
:1080300025300000325800000a0000000a0a000043
:10804000466900006e200000736c0000656500004a
:1080500070280000293a000000540000524d000032
:10806000543100003d2500006420000054520000ff
:108070004d540000323d00002564000020550000f2
:108080003152000058490000463d000025640000c0
:10809000205500003252000058490000463d0000c3
:1080a00025640000204900004f43000049460000bd
:1080b0003d25000064200000494f000043460000b9
:1080c000473900003d25000064200000494f0000b2
:1080d00043460000463600003d250000640a0000cb
:1080e000000a00000a4e00004f200000736c0000e0
:1080f0006565000070280000292000003a0000009b
:10810000536f000072740000696500002064000075
:1081100065200000736f00006d6d00006569000050
:108120006c2000003135000020470000313d000088
:10813000256400000a00000053750000636300001e
:108140006573000073200000526500007365000035
:10815000740a00000000000041500000504500007b
:108160004c200000454e000054520000414e0000db
:1081700054200000444500005445000043540000d2
:10818000452000002d3e0000204d00004f4400001f
:1081900045200000444500002052000045500000ea
:1081a0004f4e000053450000204100005554000090
:1081b0004f4d00004154000049510000554500005a
:1081c000004e0000b0200000544500004c2000008c
:1081d0003a200000000a000000410000505000005a
:1081e000454c0000204500004e5400005241000064
:1081f0004e54000020440000455400004543000058
:1082000054450000202d00003e2000004d4f00008e
:108210004445000020440000452000005245000075
:10822000504f00004e530000452000004d4100001b
:108230004e550000454c000000720000696e0000c1
:10824000672e0000776100007600000041500000ba
:10825000504500004c200000454e000054520000e4
:10826000414e00005420000054450000524d0000d3
:10827000494e000045200000322000003d3e000035
:10828000204c000065200000636f00007272000047
:1082900065730000706f00006e640000616e000086
:1082a00074200000e02000007261000063630000a1
:1082b000726f000063680000e90a000000410000de
:1082c00050500000454c0000204500004e54000076
:1082d000524100004e54000020540000455200005e
:1082e0004d4900004e45000020360000203d0000b2
:1082f0003e2000004c650000206300006f7200000b
:1083000072650000737000006f6e00006461000011
:108310006e74000020e00000207200006163000025
:10832000637200006f63000068e900000a0000004b
:10833000747300007420000061700000706500001c
:108340006c200000656e000074720000616e000019
:10835000740a000000740000656d0000706f00007a
:108360002064000065200000327300000a00000055
:108370005073000020640000652000007465000058
:10838000737400002061000070700000656c0000d4
:10839000206500006e740000726100006e740000c1
:1083a000206c00006f6e0000670a000000500000a3
:1083b00073200000646500002074000065730000f5
:1083c0007420000061700000706500006c200000e7
:1083d000656e000074720000616e00007420000081
:1083e00054410000433d0000300a000000730000cb
:1083f0007465000070200000323100000a000000a7
:108400005220000053540000204900004e3d00005f
:10841000000a0000004900004e49000054200000fe
:1084200047390000204800004d5400003d00000086
:108430003a0000000d0a00005452000041430000c1
:10844000454900004e4600004f2000000025000076
:1084500073200000473900002e3100002025000065
:1084600030320000643a0000253000003264000021
:10847000205400003d25000030320000643a000026
:1084800025300000326400000a000000432700008d
:1084900045530000542000004c27000048450000d0
:1084a0005552000045200000544500005354000080
:1084b0000d0a0000004400006562000075740000b1
:1084c0002074000065730000743300003e34000027
:1084d0000a00000041550000444900004f20000000
:1084e0004f4b00000a000000524500004c410000c4
:1084f0004e43000045200000544500005354000046
:108500000a000000464900004e20000054450000cb
:10851000535400000a0000004739000020310000d9
:10852000302000003e3e00002032000030310000cc
:108530000a000000473900002032000030310000fe
:10854000203e00003e20000032300000320a0000d1
:1085500000470000392000003230000032200000c7
:108560003e3e000020310000313000000a000000d3
:10857000473900002032000030320000203e000069
:108580003e20000031310000310a0000007300007d
:108590006d73000020530000590a000000730000b2
:1085a0006d7300002053000054410000545500003a
:1085b000530a0000004700006f20000053540000e1
:1085c0004550000020310000320a00000073000016
:1085d0006d73000020460000435400000a000000b4
:1085e000736d000073200000535900004e0a000014
:1085f000007300006d73000020560000414e000023
:10860000410a0000004a00006f750000722000005f
:10861000736100006e730000205600004552000098
:10862000494600004e5500004d0a0000004700007a
:108630007261000066200000392000002d2000003b
:108640006465000066610000756c0000740a00003b
:10865000004100006d700000204f000066660000c1
:108660000d000000416d0000702000004f6e000002
:108670000d000000576f0000726400002030000001
:10868000203d00002030000078250000303600003a
:108690006c5800000a000000577200006974000066
:1086a0006520000046610000696c00000a000000bf
:1086b0004e65000077200000576f000072640000d4
:1086c00020300000203d0000203000007825000010
:1086d000303600006c5800000a00000053650000ae
:1086e00074200000496e000061630000746900009e
:1086f000766500002050000061720000746900007f
:10870000746900006f6e00000a00000053770000db
:108710006170000020410000637400006976000071
:1087200065200000320a000000530000776100005d
:10873000702000004163000074690000766500004d
:10874000203100000a00000045720000726f000036
:1087500072200000566100006c690000646900002e
:10876000747900000a000000202d0000204e000057
:108770006f740000206300006f6d0000706c0000db
:108780006574000065200000486500007820000046
:108790004c6900006e6500000a00000048450000ba
:1087a000583a00002073000061750000742000003a
:1087b0006164000072200000696e000061630000c7
:1087c000743d00003078000025300000386c000057
:1087d000582000006c6100007374000041640000c8
:1087e000647200003d300000782500003038000041
:1087f0006c5800002072000065640000656600008f
:108800003d250000750a0000004300006f6e000067
:10881000667700006f720000643a0000206c000070
:10882000696700006e650000203a000031300000ea
:10883000206100006e6f0000726d0000616c00002e
:1088400065200000286400006174000061200000c1
:10885000706500007264000075650000292000004a
:108860002d3e000020610000626100006e64000087
:108870006f6e00000a000000434600004720000021
:108880005752000049540000452000006164000078
:10889000647200003d300000782500003038000090
:1088a0006c58000020760000616c00003d30000034
:1088b00078250000303600006c5800000a000000e7
:1088c000982f00008a420000914400003771000098
:1088d000cffb0000c0b50000a5db0000b5e900003b
:1088e0005bc2000056390000f1110000f159000090
:1088f000a48200003f920000d55e00001cab000087
:1089000098aa000007d80000015b00008312000055
:10891000be85000031240000c37d00000c5500001e
:10892000745d0000be720000feb10000de80000039
:10893000a7060000dc9b000074f100009bc1000052
:10894000c16900009be4000086470000beef000004
:10895000c69d0000c10f0000cca100000c24000047
:108960006f2c0000e92d0000aa840000744a00006a
:10897000dca90000b05c0000da880000f976000095
:10898000525100003e9800006dc6000031a8000062
:10899000c827000003b00000c77f000059bf0000d7
:1089a000f30b0000e0c6000047910000a7d50000cf
:1089b00051630000ca060000672900002914000066
:1089c000850a0000b7270000382100001b2e000098
:1089d000fc6d00002c4d0000130d0000385300000a
:1089e000547300000a650000bb0a00006a760000ac
:1089f0002ec90000c2810000852c00007292000088
:108a0000a1e80000bfa200004b6600001aa8000009
:108a1000708b00004bc20000a35100006cc7000027
:108a200019e8000092d100002406000099d6000049
:108a3000853500000ef4000070a000006a100000f0
:108a400016c10000a4190000086c0000371e0000c9
:108a50004c77000048270000b5bc0000b03400008f
:108a6000b30c00001c3900004aaa0000d84e0000d8
:108a70004fca00009c5b0000f36f00002e680000ee
:108a8000ee8200008f7400006f630000a578000084
:108a900014780000c884000008020000c78c0000a1
:108aa000faff0000be900000eb6c000050a4000034
:108ab000f7a30000f9be0000f278000071c60000c4
:108ac000253000003278000000000000495300000b
:108ad00044200000312000003d200000494e0000ed
:108ae00049540000204400007572000065650000d4
:108af000206d0000736700003d250000640a00003f
:108b0000002d00002d2d00002d20000049530000f5
:108b100044200000322000003d200000504f0000a3
:108b200057450000522d000055500000202d000038
:108b30002d2d00002d2000000a0000002d2d00002a
:108b40002d2d00002049000053440000203d00006e
:108b50002052000045430000202d00002d2d000074
:108b60002d2000000a0000002d2d00002d2d0000fa
:108b70002049000053440000203d00002050000028
:108b80004c410000592000002d2d00002d2d00002b
:108b9000200a0000002d000064650000662000002f
:108ba00049530000442000003d2000007374000081
:108bb0006f700000200a0000006700006172000072
:108bc000646500002e77000061760000002d000033
:108bd000466900006e200000656e000072650000ae
:108be0006769000073740000726500006d65000025
:108bf0006e7400002049000053440000203d000036
:108c000020730000746f0000702000000a00000054
:108c10002d2d00002d2d0000205000004c410000a3
:108c20005920000049530000442000002d2d000071
:108c30002d2d0000200a0000002d00002d2d000029
:108c40002d200000504c0000415900002049000038
:108c50005420000041470000414900004e20000020
:108c60002d2d00002d2d0000002d00002d2d0000c9
:108c70002d200000535400004f50000020490000f8
:108c800053440000202d00002d2d00002d20000059
:108c90000a000000456e0000766f000069200000a9
:108ca000534d000053200000494e0000464f000085
:108cb0000a000000456e0000766f00006920000089
:108cc000485400005450000053200000537400002a
:108cd0006174000075730000204900006e6600009a
:108ce0006f0a0000004500006e7600006f6900000a
:108cf000205300006f660000742000004d610000ea
:108d00006a20000053740000617400007573000055
:108d1000204900006e6600006f0a00000046000057
:108d2000494e0000204f00004b200000456e00001f
:108d3000766f000069200000534d000053200000b2
:108d4000494e0000464f00000a000000464900005e
:108d50004e200000456e0000766f00006920000084
:108d6000534d000053200000494e0000464f0000c4
:108d70002073000075720000206500007272000010
:108d800020760000616c000072650000670a000038
:108d9000005300004d530000204900004e460000e3
:108da0004f200000322000003e330000203e000033
:108db0003e200000000a0000004500006e76000022
:108dc0006f6900002048000054540000502000004b
:108dd000535400004154000055530000205000003f
:108de000415500000a000000456d00006574000058
:108df000204800005454000050200000535400004c
:108e0000415400005553000020500000415500001f
:108e10000a000000456e0000766f00006920000027
:108e2000534f000046540000204d0000414a00000e
:108e3000205300005441000054550000532000000e
:108e400050410000550a0000000000005456000088
:108e50003d3100000a000000564500005249000064
:108e6000464e0000554d0000544500004c50000097
:108e70004155000020000000204e0000554d00002c
:108e80003d00000020430000553d0000004500006b
:108e90006d69000073730000696f00006e200000b0
:108ea00064750000205300004d5300002064000052
:108eb00065200000766500007269000066690000a8
:108ec00063610000746900006f6e00002000000004
:108ed00064750000206e0000756d00006572000072
:108ee0006f0a000000640000752000007265000039
:108ef00073650000617500000a0000004175000004
:108f0000637500006e200000534d000053200000e8
:108f1000766500007269000066200000656d000043
:108f2000697300002c2000004346000050410000ff
:108f300055200000544500004c200000696e0000e0
:108f4000636f00007272000065630000740a000025
:108f500000310000005300004d5300002064000069
:108f600065200000766500007269000066690000f7
:108f700063610000746900006f6e000020720000e1
:108f800065630000750a0000003000000053000017
:108f90004d5300002064000065200000766500004d
:108fa0007269000066690000636100007469000076
:108fb0006f6e0000204e00004f4e00002072000037
:108fc00065630000752c000020560000543d000031
:108fd000300a000000000000456e0000766f0000bf
:108fe00069200000534d000053200000766100000e
:108ff0006e61000020640000656300000a0000004c
:10900000564100004e410000000a000052200000be
:109010004348000041520000474500002073000013
:10902000746100007274000020620000617400002e
:109030003d25000064200000707300003d25000005
:10904000642000004d4300003d250000640a00003c
:10905000000a000052200000434800004152000076
:109060004745000020300000203e00003e20000068
:109070004d65000073750000726500002056000009
:10908000505600000a0000000a5200002043000071
:1090900048410000524700004520000041520000b6
:1090a000524500005420000062610000743d000041
:1090b0002564000020700000733d0000256400005e
:1090c00020200000707600003d2500006420000094
:1090d0004d4300003d250000640a0000000a000026
:1090e0005220000043480000415200004745000064
:1090f00020310000203e00003e2000004d650000b1
:109100007375000072650000205600005056000084
:109110000a0000000a5200002043000048410000fd
:10912000524700004520000052650000746f0000a7
:109130007572000020610000757400006f2000004f
:1091400056500000563d0000256400000a00000053
:109150002d2d00002d2d00002d2d0000434100007d
:109160005345000020320000303000002041000054
:1091700050500000454c0000205300004f520000aa
:10918000544100004e5400002d2d00002d4d0000d4
:10919000414b0000455600004f4900004345000088
:1091a000434100004c4c00002d2d00000a0000003f
:1091b000446500006d6100006e64000065200000e1
:1091c00067610000696e0000200000004469000033
:1091d000666600000a0000002a480000503d0000ba
:1091e00000250000640a000000500000686f0000c5
:1091f0000a000000506800006f2000004d4500008c
:109200000a00000054650000737400000a000000aa
:1092100052650000636f0000726400000a000000e5
:10922000204d000061750000766100006973000048
:109230002070000061720000616d00002074000069
:1092400079700000655300006574000041750000ee
:10925000646900006f430000686100006e6e0000ea
:10926000656c000020280000290a000000000000b2
:10927000473100003d25000064200000534d0000f0
:10928000535300006f720000742e00004154000020
:109290003d25000064200000477300006d5300006e
:1092a00074610000746500003d250000642000002a
:1092b000534d0000534500006e7400002e41000025
:1092c000543d000025640000205300004d53000071
:1092d000456e0000742e00004166000061630000ce
:1092e0003d250000642000000a00000047660000e1
:1092f000303d00002564000020470000663100007a
:109300003d2500006420000042700000543d000034
:1093100025640000205300006563000049670000d9
:10932000417000003d250000642000004531000030
:109330003d25000064200000453200003d2500006e
:1093400064200000473900003d2500006420000033
:10935000473100003d250000642000004733000035
:109360003d250000642000004465000072560000a6
:10937000616c000052650000673d0000256300003d
:109380000a00000052650000626f00006f74000068
:1093900020640000656d0000616e000064650000df
:1093a0000a000000534d0000532000005245000009
:1093b00043550000204e0000544500003d000000d1
:1093c0002044000041540000453d00000020000002
:1093d0004845000055520000453d000000200000b7
:1093e00049440000583d00000025000064000000d2
:1093f0002054000045580000544500003d00000086
:109400000d0a00000044000054200000002000006d
:10941000004800005454000050530000474500002d
:1094200054000000534d000053520000455000000e
:1094300020000000534d0000534300004d44000045
:10944000200000002d2d00002d2d00002d540000c7
:10945000454d0000504f000020320000656d0000b7
:1094600065200000415000005055000049200000d8
:10947000464900004e490000452d00002d2d0000fa
:109480002d0a000000550000706700002e540000f7
:10949000656d0000706f0000203d00003d20000061
:1094a000300a0000005200002073000065630000d5
:1094b0007520000064650000636f00006e6e0000a0
:1094c000656300007465000072630000686100005d
:1094d0007267000065750000723d0000310a0000ef
:1094e0000047000052410000460a0000000a000048
:1094f00000000000434600005041000055000000fd
:1095000043460000504900004e0000004741000063
:10951000494e00000043000046410000204c00007e
:109520003d0000004346000053200000533d000072
:109530000056000045520000534900004f4e000005
:109540000053000054000000564100004e4100004e
:10955000004900004d4f000044000000475000004b
:10956000530000000d0a0000545200004143000067
:10957000454900004e4600004f200000000000005a
:109580002564000000300000780000003058000022
:109590000000000064650000666100007574000052
:1095a0000a0000005645000052530000494f0000d9
:0495b0004e00000069
:020000040000fa
:1095b4000400fa002047980031479800e0d82000c2
:1095c400104f78003e4090000004e0000e0032008e
:1095d400e0d82000904078002e40900080c06000c9
:1095e4002e40900080cf500016003200e0d82000ba
:1095f400904078002e40900080c07000e0d8200099
:10960400014878000f003700e0d82000904078002f
:109614002e40900080c060002e40900080cf50000b
:1096240008003a002e40900080c0ea00e0d82000f4
:109634001040780000c0600080407800e0d820002e
:1096440001487800e0d82000104078009e4078005f
:1096540080cf50001000320045ca220064ca2200a4
:10966400e3d8200012c0b300a103200000cab30055
:109674009a8d02000100000045ca220064ca22003b
:10968400e3d8200012c0b300a103200000cab30035
:10969400aa8e020001000000e0d8200010407800eb
:1096a4001e4068000080fa00000006002400fa0052
:1096b400206798002e609000e94f50007f013e0023
:1096c4002e6090000080fb00100798001e009000a0
:1096d4004600dd00100798001e0090001004b00042
:1096e4001007980001742a00f0b32000f6cf02009e
:1096f4000100000020079800ae009000f0b32000a5
:10970400008040000041eb00800078002e60900053
:10971400a09e020001000000ae0090000080400006
:1097240020079800000220000e00400045ca2200d5
:1097340064ca22008001780012c0b3009e00900029
:1097440000cab300aa8e020001000000ae0090001f
:10975400f0b320000080400091742a00f6cf02008c
:1097640001000000ae009000008040002007980037
:109774000000eb00000f7800120037000e6090002c
:109784008080fb00220020001e0078000010dd0015
:10979400008060000000e000050032006600470021
:1097a4001e00400011c3b3000148780004003700d4
:1097b400660047001e00400001c3b3000148780062
:1097c4001e0fe8001e007800e30f5000ebff34008a
:1097d400660047001e0040008040eb00014878000e
:1097e400ae009000f0b3200000804000e600470087
:1097f400f6cf020001000000ae009000008040009f
:1098040020079800ae009000f0b3200000804000d4
:10981400d1742a00f6cf020001000000ae009000cf
:1098240000804000200798000e6090008080fb00bc
:1098340000022000008060000000e000030032000d
:1098440010c3b300604798000200370000c3b300a0
:10985400604798000040eb0070479800ae0090000d
:10986400f0b3200000804000e6004700f6cf02007d
:1098740001000000ae009000008040002007980026
:10988400ae009000f0b320000080400011752a0063
:10989400f6cf020001000000ae00900000804000fe
:1098a400200798000e6090000080fb0061006000bb
:1098b400004078000004e0000300320010c3b3004d
:1098c400604798000200370000c3b3006047980067
:1098d4000040eb0070479800ae009000f0b3200009
:1098e40000804000e6004700f6cf020001000000bf
:1098f400ae0090000080400020079800ae00900069
:10990400f0b320000080400051752a00f6cf020019
:1099140001000000ae009000008040002007980085
:109924000e6090008080fb00000420000080600036
:109934000000e0000300320010c3b3006047980049
:109944000200370000c3b300604798000040eb00fa
:1099540070479800ae009000f0b3200000804000f3
:10996400e6004700f6cf020001000000ae009000c0
:109974000080400020079800ae009000f0b3200063
:109984000080400091752a00f6cf0200010000001b
:10999400ae00900000804000200798006600470059
:1099a400920120008000eb00c804020000000000c7
:1099b400e60047001e0090006300400044ca2200f5
:1099c40063ca2200010178008000780000cab30055
:1099d4008ece0200010000000040eb00705f980092
:1099e4006e4090000004e00004003a006600470066
:1099f400d1752a00f6cf020001000000ae009000ed
:109a0400f0b3200000804000e6004700f6cf0200db
:109a140001000000ae009000008040002007980084
:109a2400ae009000f0b3200000804000f1752a00e1
:109a3400f6cf020001000000ae009000008040005c
:109a44002007980066004700920120008000eb0088
:109a5400c804020000000000e60047001e00900059
:109a64007200400044ca220063ca22000101780047
:109a74008000780000cab3008ece0200010000000e
:109a84000040eb00705f98006e4090000004e0001e
:109a940004003a0066004700d1752a00f6cf0200a0
:109aa40001000000ae009000f0b3200000804000f0
:109ab400e6004700f6cf020001000000ae0090006f
:109ac4000080400020079800ae009000f0b3200012
:109ad4000080400031762a00f6cf02000100000029
:109ae400ae00900000804000200798000002200093
:109af4000e004000220020008000eb00c804020099
:109b0400000000001e0090000080e8000102200018
:109b14008e80400045ca220064ca22008101780078
:109b240012c0b3008000780000cab300aa8e0200fd
:109b3400010000000e609000e60047000041eb00c9
:109b4400a09e020001000000ae009000f0b32000cf
:109b540000804000e6004700f6cf0200010000004c
:109b6400ae0090000080400020079800ae009000f6
:109b7400f0b320000080400071762a00f6cf020086
:109b840001000000ae009000008040002007980013
:109b940066004700920120008000eb00c804020028
:109ba40000000000e60047001e0090001002b00014
:109bb40045ca220064ca220081017800c2c0b300f1
:109bc4008000780000cab300aa8e020001000000e1
:109bd4000040eb00205798006e4090000004e00025
:109be40004003a0066004700d1752a00f6cf02004f
:109bf40001000000ae009000f0b32000008040009f
:109c0400e6004700f6cf020001000000ae0090001d
:109c14000080400020079800ae009000f0b32000c0
:109c240000804000b1762a00f6cf02000100000057
:109c3400ae00900000804000200798000002200041
:109c44000e004000220020008000eb00c804020047
:109c5400000000001e0090000000e8000102200047
:109c64008e80400045ca220064ca22008101780027
:109c740012c0b3008000780000cab300aa8e0200ac
:109c8400010000000e609000e60047000041eb0078
:109c9400a09e020001000000ae009000f0b320007e
:109ca40000804000e6004700f6cf020001000000fb
:109cb400ae00900000804000200798000080fa0069
:109cc400000006000400fa0010079800f1762a004c
:109cd4001e009000f6cf020001000000000f780083
:109ce40070b12000104078000004e0000800320049
:109cf4001e0078009e0090000080400071b120009a
:109d0400f6cf0200010000001e0f400007003700dc
:109d14001e0078009e00900000804000d1752a004b
:109d2400f6cf0200010000001e0f40001e00780064
:109d34009e00900000804000a1772a00f6cf020028
:109d4400010000001e0f40002049810061006000f6
:109d54000000e0000b003a0040e98000e30f5000ef
:109d640008003a001e0078009e0090000080400029
:109d7400f1772a00f6cf0200010000001e0f400018
:109d8400070037001e0078009e009000008040000d
:109d940011782a00f6cf0200010000001e0f4000d7
:109da4001e0078009e0090000080400031782a0058
:109db400f6cf0200010000001e0f40009e00780054
:109dc400f0b32000008040000041eb0080007800e8
:109dd40000cab300a09e0200010000001e0f400054
:109de4001e0078009e0090000080400091782a00b8
:109df400f6cf0200010000001e0f40009e00780014
:109e0400f0b3200000814000b00d8100c10d81003d
:109e1400c3c0b300649f0200010000001e0f400095
:109e24001e0078009e00900000804000f1782a0017
:109e3400f6cf0200010000001e0f40009e007800d3
:109e4400f0b3200000814000004f8100114f8100d9
:109e5400c3c0b300649f0200010000001e0f400055
:109e64000080fa00000006000a00fa00000f7800e3
:109e740011079800220798003307980044079800b8
:109e840050792a0052d40200010000001e0078001c
:109e940052d402000100000070792a0052d402005a
:109ea400010000002e00900052d4020001000000c6
:109eb4003e0090000000e00007003200d0792a0044
:109ec40052d40200010000003e00900052d402006f
:109ed4000100000003003700307a2a0052d4020047
:109ee400010000004e0090000000e0000700320076
:109ef400a07a2a0052d40200010000004e00900013
:109f040052d402000100000003003700007b2a0045
:109f140052d4020001000000707b2a0052d40200d7
:109f2400010000001e00900052d402000100000055
:109f340050792a0052d40200010000000080fa0087
:109f4400000006000e00fa00500798006107980010
:109f5400640047003300200000017800e17b2a0000
:109f64005e009000ae3907000000e0000b003200f4
:109f7400ce40900010c3b30080cf500004003a00dc
:109f84008032210051c0b30001487800030037003b
:109f94008032210011c0b300014878000000eb00ba
:109fa400100798008b003700317c2a00f0b32000a2
:109fb400f6cf020001000000000f78009e00780038
:109fc400f0b3200000804000d17c2a00f6cf0200cc
:109fd400010000001e0f40009e007800f0b3200036
:109fe400808040001e0090000040780022c0b30032
:109ff400a09e0200010000001e0f40009e00780099
:10a00400f0b3200000804000017d2a00f6cf02005a
:10a01400010000001e0f40009e007800f0b32000f5
:10a02400808140001e0090006600b90000007800a6
:10a03400e40040000031210000804000100078005e
:10a044000040780032c0b30083007800a09e020074
:10a05400010000001e0f40009e007800f0b32000b5
:10a0640000804000217d2a00f6cf0200010000009c
:10a074001e0f40009e007800f0b320008080400056
:10a084001e0090000040780022c0b300a09e020091
:10a09400010000001e0f40009e007800f0b3200075
:10a0a40000804000017d2a00f6cf0200010000007c
:10a0b4001e0f40009e007800f0b320008081400015
:10a0c4001e0090006600b900800078000031210075
:10a0d40000804000104078000041eb0083007800cd
:10a0e400a09e0200010000001e0f40001e00900010
:10a0f4006600b90080007800003121000080400033
:10a1040010407800e24f500025003a009e0078008d
:10a11400f0b3200000804000517d2a00f6cf0200f9
:10a12400010000001e0f40009e007800f0b32000e4
:10a13400808040001e009000004078000041eb0049
:10a14400a09e0200010000001e0f40009e00780047
:10a15400f0b3200000804000017d2a00f6cf020009
:10a16400010000001e0f40009e007800f0b32000a4
:10a17400008140001e0090006600b90000007800d5
:10a184008080e80000312100008040001000780049
:10a1940082007800d29c0200010000001e0f4000e3
:10a1a4009e007800f0b320000080400051792a001e
:10a1b400f6cf0200010000001e0f4000f0b32000a3
:10a1c40052d40200010000001e0090000000e800cc
:10a1d400100798001e009000f70f500072ff340023
:10a1e4000080fa00000006000600fa00100798003c
:10a1f400210798001e0090003040900022c0b30058
:10a20400ae009000a09e020001000000004f780004
:10a214001e80fb00ae00900000804000817d2a007b
:10a22400f6cf020001000000004078001e4f4000fd
:10a234001e80fb00ae009000808040001e00900055
:10a244004040900022c0b300a09e02000100000024
:10a25400004078001e4f40001e80fb00ae009000be
:10a2640000804000817d2a00f6cf0200010000003a
:10a27400004078001e4f40001e80fb00ae0090009e
:10a28400808040001e0090006040900022c0b30017
:10a29400a09e020001000000004078001e4f400014
:10a2a4001e80fb00ae00900000804000a17d2a00cb
:10a2b400f6cf020001000000004078001e4f40006d
:10a2c4001e80fb00ae009000808040001e009000c5
:10a2d4001040780022c0b300a09e020001000000dc
:10a2e400004078001e4f40001e80fb00ae0090002e
:10a2f40000804000c17d2a00f6cf0200010000006a
:10a30400004078001e4f40001e80fb00ae0090000d
:10a31400808040001e0090001040900022c0b300d6
:10a32400a09e020001000000004078001e4f400083
:10a334001e80fb00ae00900000804000c17d2a001a
:10a34400f6cf020001000000004078001e4f4000dc
:10a354001e80fb00ae009000808040001e00900034
:10a364002040900022c0b300a09e02000100000023
:10a37400004078001e4f40001e4078000080fa0024
:10a38400000006000400fa0010079800e004210011
:10a39400c490020001000000e17d2a001e0090002c
:10a3a400f6cf020001000000000f78001e007800c4
:10a3b4009e0090000080400080007800600521002d
:10a3c40089ff07000080fb001e0f40001e0078007c
:10a3d4009e00900000804000917e2a00f6cf02008b
:10a3e400010000001e0f40001e0078009e00900037
:10a3f4000080400080007800e00421007aff07001c
:10a404000080fb001e0f40001e0078009e0090009c
:10a4140000804000e17e2a00f6cf02000100000027
:10a424001e0f40001e0078009e0090000080400037
:10a4340080007800e00521006bff07000080fb002e
:10a444001e0f40001e0078009e0090000080400017
:10a45400517f2a00f6cf0200010000001e0f4000c9
:10a464001e0078009e00900000804000800078006c
:10a47400600621005cff07000080fb001e0f400007
:10a484001e0078009e00900000804000c17f2a00da
:10a49400f6cf0200010000001e0f40001e007800ed
:10a4a4009e00900080804000106d8000d29c0200cd
:10a4b400010000001e0f40001e0078009e00900066
:10a4c4000080400011802a00f6cf02000100000045
:10a4d4001e0f40001e0078009e0090008080400007
:10a4e400d0062100104078000041eb00a09e02003d
:10a4f400010000001e0f40001e0078009e00900026
:10a504000080400071802a00f6cf020001000000a4
:10a514001e0f40001e0078009e00900080804000c6
:10a52400c0802000104078000041eb00a09e020093
:10a53400010000001e0f40001e0078009e009000e5
:10a544000080400001812a00f6cf020001000000d3
:10a554001e0f40001e0078009e0090008080400086
:10a5640050da2000104078000041eb00a09e020069
:10a57400010000001e0f40001e0078009e009000a5
:10a584000080400051812a00f6cf02000100000043
:10a594001e0f40001e0078009e00900000804000c6
:10a5a40080007800001721000fff07000080fb00e7
:10a5b4001e0f40001e0090000080fa0000000600fc
:10a5c4001200fa0070079800010f98000040eb0099
:10a5d400004f7800a0c5b300004f78006400470026
:10a5e4003300200000017800b1812a007e00900031
:10a5f4000b3807000000e000600032004e4090007d
:10a604000000fb006101b900f0fb2f00f1ff2f00f7
:10a614000200400083804800320120000300200033
:10a62400820f5000838f580054003e0000600100e8
:10a63400130037003f003700470037004f00370052
:10a644002a003700170037000d0037004b00370091
:10a65400260037004900370048003700470037001c
:10a664004600370045003700170037001600370052
:10a674004200370041003700400037002400370013
:10a68400c3122000320620008040eb0000822a0022
:10a6940048cb020000000000ce409000014f78003b
:10a6a40036003700c3122000320620008040eb0041
:10a6b400a0822a0048cb020000000000ce40900097
:10a6c400014f78002d003700c3122000320620000d
:10a6d4008040eb0040832a0048cb020000000000c9
:10a6e400ce409000014f780024003700c3122000b0
:10a6f400320620008040eb00e0832a0048cb0200b1
:10a7040000000000ce409000014f78001b0037008d
:10a71400c3122000320620008040eb0080842a000f
:10a7240048cb020000000000ce409000014f7800aa
:10a7340012003700c3122000320620008040eb00d4
:10a7440020852a0048cb020000000000ce40900083
:10a75400014f780009003700c312200032062000a0
:10a764008040eb00c0852a0048cb020000000000b6
:10a77400ce409000014f78000000000081862a003e
:10a78400f0b32000f6cf020001000000100798008b
:10a79400f1b320001e009000008040001e487800a5
:10a7a4001e0090000000e80010079800f1b320009c
:10a7b4001e009000008040008040eb0001487800bb
:10a7c4000080fa00000006001e00fa00881f7800ce
:10a7d400500f9800610f9800640047003300200078
:10a7e4000001780071872a005e0890008c3707000a
:10a7f4000000e0000600320064004700c09b020035
:10a8040001000000e10722008048780003003700bf
:10a81400e007220021c0b30001487800e0072200cd
:10a8240090407800c0c3b30080cf500003003600ce
:10a83400e0072200a1c0b30001487800640047008b
:10a844003300200000017800b1872a005e089000e0
:10a85400733707000000e000050032004e4090000e
:10a8640080407800f0072200014878000300370098
:10a87400f00722008040eb00014878007800470090
:10a884000001780011882a005e08900068d1020057
:10a89400010000000000e000490032004e08900072
:10a8a40064004000400f98000000eb00100798007f
:10a8b4000f0037004e089000de0890000080400032
:10a8c4001040780080407800520522001e0090005d
:10a8d40000004100014878004e0890000000e800a4
:10a8e400400f98001e0090000000e8001007980038
:10a8f4009e00900070022000808f500012003c00e7
:10a904004e089000de08900000804000104078005f
:10a91400ea4f50000c0032004e089000de08900010
:10a924000080400010407800ed4f500006003200d7
:10a934004e089000de08900000804000104078002f
:10a944000004e000dbff3a00510522001e009000e5
:10a95400008040008040eb00014878001e00900019
:10a964000000e0000b003200b6d402000100000039
:10a9740060882a0052d40200010000005005220021
:10a9840084d402000100000050792a0052d402004d
:10a99400010000006e0890000000e00004003a008e
:10a9a400000822008040eb000148780004003700d2
:10a9b400ee08900000082200ba0502000000000022
:10a9c40064004700430020000001780021892a0028
:10a9d4005e089000123707000000e0001400320007
:10a9e4006e0890000000e00011003a006400470087
:10a9f40066a0020001000000d0988800b6d40200ce
:10aa040001000000d198800064004700811f780095
:10aa1400d1892a00811f78009204020000000000fe
:10aa2400e48757006400470052d40200010000008c
:10aa3400640047003300200000017800818a2a0066
:10aa44005e089000f63607000000e0004600320081
:10aa5400ce40900010c3b30080cf500013003a00e2
:10aa64006e0890000000e00008003a00b6d402002e
:10aa740001000000008b2a0052d4020001000000f3
:10aa8400b00e2000d09888000800370090bb210049
:10aa940011c0b30001487800b6d4020001000000e0
:10aaa400f08c2a0052d4020001000000ce40900035
:10aab40020c3b30080cf500013003a006e0890000a
:10aac4000000e00008003a00b6d4020001000000d3
:10aad400008f2a0052d402000100000080112000df
:10aae400d09888000800370090bb210021c0b30033
:10aaf40001487800b6d402000100000050912a00f9
:10ab040052d4020001000000ce409000a0c5b30062
:10ab140080cf500014003a006e0890000000e0005e
:10ab240009003a00b6d402000100000010942a0083
:10ab340052d40200010000005080200011c0b30074
:10ab4400014878000800370090bb2100a1c5b3007c
:10ab540001487800b6d4020001000000b0952a0034
:10ab640052d40200010000006400470033002000ba
:10ab74000001780001982a005e089000a8360700ba
:10ab84000000e00009003200ce40900010c3b30082
:10ab940080cf500005003a00d02a210011c0b30034
:10aba40001487800b0762100707e88006400470078
:10abb400330020000001780081982a005e0890008c
:10abc400973607000000e0001800320064004700d8
:10abd400c09b020001000000e106210080487800cb
:10abe400e0062100104078000004e0000400320078
:10abf400e006210010407800f44f500003003600b6
:10ac0400e006210051c0b3000148780045ca220083
:10ac140064ca2200e306210012c0b300c10320006d
:10ac240000cab3009a8d02000100000064004700ce
:10ac34003300200000017800d1982a005e089000bb
:10ac4400773607000000e000180032006400470077
:10ac5400c09b020001000000f1062100804878003a
:10ac6400f0062100104078000004e00004003200e7
:10ac7400f006210010407800e64f40000300360043
:10ac8400f006210001c5b3000148780045ca22003e
:10ac940064ca2200f306210012c0b300d1032000cd
:10aca40000cab3009a8d02000100000045ca2200c8
:10acb40064ca2200e306210012c0b300c1032000cd
:10acc40000cab300aa8e02000100000045ca220097
:10acd40064ca2200f306210012c0b300d10320008d
:10ace40000cab300aa8e02000100000064004700fd
:10acf400930020000001780021992a005e0890004a
:10ad0400473607000000e0000a003200e006210098
:10ad140010447800640047007c9e0200010000009b
:10ad2400804078006400470008417800deb60200e5
:10ad340001000000640047001300200000017800b7
:10ad440081992a005e089000353607000000e00073
:10ad54001a003200ce40900010c3b30080cf5000e0
:10ad64000f003a00d1988000800c20000080680019
:10ad740000f0a7000000ea000000e9004f00de0038
:10ad840080407800708020000148780060802000b6
:10ad940011c0b30001487800501f2000d0988800eb
:10ada400ce40900000c3b30080cf500003003a00af
:10adb400608020008040eb0001487800f0b3200060
:10adc4008040eb0001487800640047003300200015
:10add40000017800d1992a005e089000103607001f
:10ade4000000e000dd003200ce40900010c3b3004c
:10adf40080cf5000d9003a00319a2a00f0b32000e5
:10ae0400f6cf020001000000000f780070108100ee
:10ae1400610060000000e000080032009e0078003d
:10ae2400f0b3200000804000f1772a00f6cf020042
:10ae3400010000001e0f4000070037009e0078004c
:10ae4400f0b320000080400011782a00f6cf020001
:10ae5400010000001e0f40009e007800f0b32000a7
:10ae640000804000419b2a00f6cf02000100000050
:10ae74001e0f400070108100620060000000e000be
:10ae8400080032009e007800f0b3200000804000eb
:10ae9400f1772a00f6cf0200010000001e0f4000e7
:10aea400070037009e007800f0b3200000804000c7
:10aeb40011782a00f6cf0200010000001e0f4000a6
:10aec4009e007800f0b3200000804000019c2a001e
:10aed400f6cf0200010000001e0f400040e9800090
:10aee400e30f500026003200e30f500005003e003f
:10aef400e10f500012003200e10f500018003e0034
:10af040007003700e50f50002d003200e50f500018
:10af140023003900e60f50003100320038003700ba
:10af24009e007800f0b3200000804000a19c2a001d
:10af3400f6cf0200010000001e0f40003800370069
:10af44009e007800f0b3200000804000219d2a007c
:10af5400f6cf0200010000001e0f40003000370051
:10af64009e007800f0b3200000804000819d2a00fc
:10af7400f6cf0200010000001e0f40002800370039
:10af84009e007800f0b3200000804000f19d2a006c
:10af9400f6cf0200010000001e0f40002000370021
:10afa4009e007800f0b3200000804000419e2a00fb
:10afb400f6cf0200010000001e0f40001800370009
:10afc4009e007800f0b3200000804000e19e2a003b
:10afd400f6cf0200010000001e0f400010003700f1
:10afe4009e007800f0b3200000804000419f2a00ba
:10aff400f6cf0200010000001e0f400008003700d9
:10b004009e007800f0b3200000804000a19f2a0039
:10b01400f6cf0200010000001e0f400000000000f7
:10b024009e007800f0b3200000804000e19f2a00d9
:10b03400f6cf0200010000001e0f40009e007800c1
:10b04400f0b3200080804000707e8000d29c02001b
:10b05400010000001e0f40009e007800f0b32000a5
:10b064000080400071a02a00f6cf02000100000019
:10b074001e0f40009e007800f0b320008080400046
:10b08400507e8000d29c0200010000001e0f400090
:10b094009e007800f0b3200000804000f1a02a0058
:10b0a400f6cf0200010000001e0f40009e00780051
:10b0b400f0b3200080804000607e8000d29c0200bb
:10b0c400010000001e0f40009e007800f0b3200035
:10b0d4000080400071a12a00f6cf020001000000a8
:10b0e4001e0f40009e007800f0b3200080804000d6
:10b0f400407e8000d29c0200010000001e0f400030
:10b104009e007800f0b3200000804000e1a12a00f6
:10b11400f6cf0200010000001e0f40009e007800e0
:10b12400f0b320000080400021a22a00f6cf0200e4
:10b13400010000001e0f40009e007800f0b32000c4
:10b144008080400060fc2000104078000041eb004b
:10b15400a09e0200010000001e0f40006400470092
:10b164003300200000017800a1a22a005e089000ac
:10b174002b3507000000e00007003200ce409000ad
:10b1840010c3b30080cf500003003a0020078100b1
:10b194000020a0002007890064004700330020003d
:10b1a4000001780061a32a005e0890001c350700a6
:10b1b4000000e00011003200ce40900010c3b30044
:10b1c40080cf50000a003a0011c0b30010c0b30091
:10b1d400f7f80700b0ef20008040eb00014878004a
:10b1e40050fc20008040eb00014878000300370049
:10b1f4008040eb0010c0b300edf80700f0b320006e
:10b20400104078000004e0004b003a00e1a32a005b
:10b21400f0b32000f6cf020001000000000f780018
:10b22400e0d82000104078000080fb00610060003e
:10b23400004078000004e000080032009e0078001e
:10b24400f0b3200000804000f1772a00f6cf02001e
:10b25400010000001e0f4000070037009e00780028
:10b26400f0b320000080400011782a00f6cf0200dd
:10b27400010000001e0f40009e007800f0b3200083
:10b2840000804000d1a42a00f6cf02000100000093
:10b294001e0f40009e007800f0b320008080400024
:10b2a400e00621001040780012c0b300a09e020006
:10b2b400010000001e0f40009e007800f0b3200043
:10b2c4000080400031a52a00f6cf020001000000f2
:10b2d4001e0f40009e007800f0b3200080804000e4
:10b2e400f00621001040780012c0b300a09e0200b6
:10b2f400010000001e0f40009e007800f0b3200003
:10b304000080400091a52a00f6cf02000100000051
:10b314001e0f40009e007800f0b3200080804000a3
:10b32400608020001040780012c0b300a09e02008c
:10b33400010000001e0f40004f0478000080fa0056
:10b34400000006000600fa00100798002107980084
:10b35400f1a52a00f0b32000f6cf0200010000009e
:10b36400000f78009e007800f0b320008080400039
:10b3740060b120001040780012c0b300a09e02000b
:10b38400010000001e0f40000080fa0000000600cb
:10b394000600fa00100798002107980091a62a00d9
:10b3a400f0b32000f6cf020001000000000f780087
:10b3b400a00d22001040780080407800f0b32000f7
:10b3c4001e004000014878001e0fe8009e0078002f
:10b3d400f0b3200000804000a1a72a00f6cf0200ad
:10b3e400010000001e0f4000a10922001e01780088
:10b3f400f0b3200000004100f6cf0200010000007d
:10b404001e0f40009e007800f0b320000080400032
:10b4140011a82a00f6cf0200010000001e0f400010
:10b424009e007800f0b320000080400001812a00d3
:10b43400f6cf0200010000001e0f40009e007800bd
:10b44400f0b320008080400050da200010407800e3
:10b454000041eb00a09e0200010000001e0f40000e
:10b464000080fa00000006001c00fa00400f98005b
:10b47400510f98006300470033002000000178005a
:10b4840031a82a004e089000653407000000e0004f
:10b494002600320063004700c09b02000100000048
:10b4a40020479800002b210010407800ae40900007
:10b4b40080cf50001d003200002b2100ae409000d0
:10b4c4000148780045ca220064ca2200032b2100e7
:10b4d40012c0b300e103200000cab3009a8d020039
:10b4e4000100000045ca220064ca2200032b210087
:10b4f40012c0b300e103200000cab300aa8e020008
:10b5040001000000002b2100104078000080fb00a7
:10b51400610060000000e00004003a0011c0b300c4
:10b5240000012000d4310200010000006300470044
:10b53400330020000001780081a82a004e08900002
:10b54400373407000000e0002400320063004700a5
:10b55400c09b02000100000020479800102b21002e
:10b5640010407800ae40900080cf50001b003200a5
:10b57400102b2100ae40900001487800102b2100d0
:10b584009040780040c6b30080cf500003003600de
:10b59400102b2100c1c3b3000148780045ca220022
:10b5a40064ca2200132b210012c0b300f10320004f
:10b5b40000cab3009a8d02000100000045ca2200af
:10b5c40064ca2200132b210012c0b300f10320002f
:10b5d40000cab300aa8e0200010000006300470005
:10b5e4002300200000017800e1a82a004e08900002
:10b5f4000b3407000000e0002a003200630047001b
:10b60400c09b020001000000204798002e409000db
:10b61400e14f50000a003a00002b2100104078004e
:10b62400804078000154a000002b210001487800dc
:10b634000040eb009eb60200010000000900370044
:10b64400002b210010407800804078000154a100b4
:10b65400002b21000148780010c0b3009eb6020000
:10b664000100000045ca220064ca2200032b210005
:10b6740012c0b300e103200000cab3009a8d020097
:10b684000100000045ca220064ca2200032b2100e5
:10b6940012c0b300e103200000cab300aa8e020066
:10b6a400010000006300470023002000000178002f
:10b6b40081a92a004e089000d93307000000e00059
:10b6c4002400320063004700c09b02000100000018
:10b6d400204798002e409000e14f500007003a00a8
:10b6e400002b210010407800804078000164a00005
:10b6f400002b21000148780006003700002b2100b0
:10b7040010407800804078000164a100002b2100e3
:10b714000148780045ca220064ca2200032b210094
:10b7240012c0b300e103200000cab3009a8d0200e6
:10b734000100000045ca220064ca2200032b210034
:10b7440012c0b300e103200000cab300aa8e0200b5
:10b754000100000041aa2a00f0b32000f6cf020045
:10b7640001000000000f78009e007800f0b3200074
:10b7740000804000e1aa2a00f6cf02000100000088
:10b784001e0f40009e007800f0b32000808040002f
:10b79400002b21001040780012c0b300a09e0200cc
:10b7a400010000001e0f40009e007800f0b320004e
:10b7b4000080400041ab2a00f6cf020001000000e7
:10b7c4001e0f40009e007800f0b3200080804000ef
:10b7d400102b21001040780012c0b300a09e02007c
:10b7e400010000001e0f4000002b210010407800d3
:10b7f4008080fb0000022000008060000000e00068
:10b80400080032009e007800f0b320000080400061
:10b81400b1ab2a00f6cf0200010000001e0f400069
:10b82400070037009e007800f0b32000008040003d
:10b8340071ac2a00f6cf0200010000001e0f400088
:10b84400002b2100104078008080fb0000042000c1
:10b85400008060000000e000080032009e007800d4
:10b86400f0b320000080400031ad2a00f6cf020082
:10b87400010000001e0f4000070037009e00780002
:10b88400f0b320000080400011ae2a00f6cf020081
:10b89400010000001e0f4000f0b320001e00400015
:10b8a4008040eb00014878000080fa0000000600a8
:10b8b4008000fa00889fbe008a9fbe00603f980007
:10b8c400713f98000e80e8003300200000017800ea
:10b8d400f1ae2a006e389000513307000000e000fa
:10b8e4000e0032000e80e80066a002000100000095
:10b8f40080407800b02e21000148780045ca22001b
:10b9040064ca2200b32e210012c0b3000138200003
:10b9140000cab3009a8d02000100000045ca22004b
:10b9240064ca2200b32e210012c0b30001382000e3
:10b9340000cab300aa8e0200010000000e80e800d5
:10b94400330020000001780051af2a006e389000c7
:10b95400333307000000e0000e0032000e80e800e0
:10b9640066a002000100000080407800a02e2100a3
:10b974000148780045ca220064ca2200a32e21008f
:10b9840012c0b3001138200000cab3009a8d02001f
:10b994000100000045ca220064ca2200a32e21002f
:10b9a40012c0b3001138200000cab300aa8e0200ee
:10b9b400010000000e80e800430020000001780030
:10b9c400b1af2a006e389000153307000000e00084
:10b9d4000e0032000e80e80066a0020001000000a4
:10b9e40080407800c02e21000148780045ca22001a
:10b9f40064ca2200c32e210012c0b30021382000e3
:10ba040000cab3009a8d02000100000045ca22005a
:10ba140064ca2200c32e210012c0b30021382000c2
:10ba240000cab300aa8e0200010000000e80e800e4
:10ba3400430020000001780011b02a006e38900005
:10ba4400f73207000000e0000e0032000e80e8002c
:10ba540066a002000100000080407800d02e210082
:10ba64000148780045ca220064ca2200d32e21006e
:10ba740012c0b3003138200000cab3009a8d02000e
:10ba84000100000045ca220064ca2200d32e21000e
:10ba940012c0b3003138200000cab300aa8e0200dd
:10baa400010000000e80e80043002000000178003f
:10bab40071b02a006e389000d93207000000e0000f
:10bac4000e0032000e80e80066a0020001000000b3
:10bad40080407800e02e21000148780045ca220009
:10bae40064ca2200e32e210012c0b30041382000b2
:10baf40000cab3009a8d02000100000045ca22006a
:10bb040064ca2200e32e210012c0b3004138200091
:10bb140000cab300aa8e0200010000000e80e800f3
:10bb24004300200000017800d1b02a006e38900054
:10bb3400bb3207000000e0000e0032000e80e80077
:10bb440066a002000100000080407800f02e210071
:10bb54000148780045ca220064ca2200f32e21005d
:10bb640012c0b3005138200000cab3009a8d0200fd
:10bb74000100000045ca220064ca2200f32e2100fd
:10bb840012c0b3005138200000cab300aa8e0200cc
:10bb940001000000f02e2100104078008085fb0099
:10bba400e02e2100104078000085fb00d02e2100fb
:10bbb400104078008084fb00c02e210010407800e3
:10bbc4000084fb00a02e2100104078008083fb003d
:10bbd400b02e2100104078000083fb00202f2100ac
:10bbe400104078008082fb00102f21001040780064
:10bbf4000082fb00002f2100104078008081fb00b0
:10bc040050da2000104078000001fb00602e210073
:10bc1400104078008080fb000e80e8008b1f7800c5
:10bc24008a1f7800891f7800881f7800871f780092
:10bc3400861f7800851f7800841f7800831f780092
:10bc4400821f7800811f780031b12a00811f78009b
:10bc54009204020000000000f88757000e80e800fc
:10bc640080007800f0b32000f6cf0200010000004d
:10bc7400000f7800f0b320001e0040008040eb006d
:10bc8400014878004f05be004f04be000080fa0052
:10bc9400000006000800fa00200798003107980009
:10bca4000e80e8001300200000017800e1b82a00ab
:10bcb4002e0090005a3207000000e0000b00320012
:10bcc400ae40900000c3b30080cf500004003a009f
:10bcd400a0d520008040eb00014878000300370025
:10bce400a0d52000e1c1b3000148780031b92a0091
:10bcf400f0b32000f6cf020001000000000f78002e
:10bd0400a0358000620060000000e0000500320001
:10bd1400f0b320001e00400011c3b30001487800b6
:10bd240004003700f0b320001e00400001c3b3003c
:10bd3400014878001e0fe800f0b320001e00400008
:10bd44008040eb00014878000080fa000000060003
:10bd54000800fa0020079800310798000000eb0063
:10bd640010079800f3012000a2d2210001ba2a0092
:10bd74002e0090002a3207000000e0001600320076
:10bd8400a0d221007c9e020001000000000f780078
:10bd940005003700a0d221001e0040008040eb00c7
:10bda400014878001e0fe8001e007800ff0f5000c5
:10bdb400f8ff3400a0d2210045ca220064ca220040
:10bdc4008001780002c2b300414c200000cab300d5
:10bdd4009a8d020001000000a0d2210045ca220071
:10bde40064ca22008001780002c2b300414c2000e2
:10bdf40000cab300aa8e02000100000090d4210002
:10be04008040eb000148780051ba2a00f0b32000ca
:10be1400f6cf0200010000009e0090000080400068
:10be2400100798009e009000f0b3200000804000ae
:10be3400a1d22100f6cf0200010000009e00900074
:10be440000804000100798001e0090000000e800e9
:10be540010079800f1b320001e00900000804000fd
:10be64008040eb00014878000080fa0000000600e2
:10be74002400fa0000179800111798000040eb0006
:10be8400004f78007e0047000001780001bb2a00c3
:10be94000e10900068d10200010000000000e000d4
:10bea4000300320010c0b30020479800020037009e
:10beb4000040eb0020479800630047003300200057
:10bec4000001780081bb2a000e109000d4310700d5
:10bed4000000e0000500320063004700c09b020040
:10bee40001000000004f780002003700c0c3b30017
:10bef400004f780063004700130020000001780021
:10bf0400d1bb2a000e109000c53107000000e000ec
:10bf14000500320063004700c09b020001000000de
:10bf240010479800020037000040eb0010479800cb
:10bf340063004700930120000001780021bc2a001f
:10bf44000e109000b63107000000e00065003200da
:10bf540063004700ae43900026c0b3008042eb006c
:10bf64000042eb009e4190001e4178008040eb00af
:10bf7400185002000100000071bc2a00f0b3200038
:10bf8400f6cf020001000000700f98007e089000b8
:10bf940080007800f0b3200000804000e3004700f8
:10bfa400f6cf020001000000fe08900001004000ee
:10bfb400700f98007e08900080007800f0b3200095
:10bfc4000080400041bd2a00f6cf020001000000bd
:10bfd400fe08900001004000700f98007e08900059
:10bfe40080007800f0b320000080400012c0b3004d
:10bff400800078001e407800a09e0200010000002e
:10c00400fe08900001004000700f98007e08900028
:10c0140080007800f0b3200000804000a1bd2a0019
:10c02400f6cf020001000000fe089000010040006d
:10c03400700f98007e08900080007800f0b3200014
:10c044000080400012c0b300800078001e409000c1
:10c05400a09e020001000000fe08900001004000c4
:10c06400700f98007e08900080007800f0b32000e4
:10c074000080400001be2a00f6cf0200010000004b
:10c08400fe08900001004000700f98007e089000a8
:10c0940080007800f0b320000080400012c0b3009c
:10c0a400800078002e409000a09e02000100000055
:10c0b400fe08900001004000700f98007e08900078
:10c0c40080007800f0b320000080400081be2a0088
:10c0d400f6cf020001000000fe08900001004000bd
:10c0e400700f98000080fa00000006000c00fa00af
:10c0f40040079800510798000040eb00004f78007b
:10c104000040eb0010479800640047002300200023
:10c1140000017800f1be2a004e0090004031070073
:10c124000000e00006003200ce40900010c3b300cf
:10c1340080cf500002003a0010c0b30010479800ae
:10c1440064004700230020000001780021bf2a007a
:10c154004e009000323107000000e0000900320078
:10c1640064004700c09b020001000000004f7800fb
:10c174009e4090001e407800d6d6020001000000c8
:10c18400004f780051bf2a00f0b32000f6cf020020
:10c1940001000000100798009e009000f0b32000fa
:10c1a400008040000041eb00800078001e407800d1
:10c1b400a09e0200010000009e009000008040004c
:10c1c400100798000080fa00000006002600fa001c
:10c1d40010179800211798006600470023002000dc
:10c1e40000017800e1bf2a001e1090000c31070006
:10c1f4000000e0008e01320066004700c09b020090
:10c2040001000000304798003e409000e94f500084
:10c2140087013e003e4090000080fb00200798000c
:10c224002e0090004600dd00200798002e009000ac
:10c234001004b00020079800660047001300200097
:10c244000001780021c02a001e109000f43007007d
:10c254000000e0004e003200ee40900010c3b30036
:10c2640080cf50004a003a0066004700a201200037
:10c274008000eb00c804020000000000e600470054
:10c284002e0090006300400045ca220064ca2200c8
:10c2940081017800f2c0b3008000780000cab300c6
:10c2a4009a8d020001000000e60047002e00900075
:10c2b4007200400045ca220064ca2200810178004d
:10c2c400f2c0b3008000780000cab3009a8d020067
:10c2d4000100000066004700a20120008000eb007e
:10c2e400c804020000000000e60047002e00900091
:10c2f4000000e80045ca220064ca220081017800d7
:10c3040012c0b3008000780000cab3009a8d020006
:10c3140001000000e60047002e0090001002b0006b
:10c3240045ca220064ca220081017800c2c0b30059
:10c334008000780000cab3009a8d0200010000005a
:10c34400e60047002e0090000080e80045ca220065
:10c3540064ca22008101780012c0b3008000780012
:10c3640000cab3009a8d0200010000006600470075
:10c3740045ca220064ca22008001780012c0b300ba
:10c38400ae00900000cab3009a8d020001000000c4
:10c3940066004700930120000001780091752a008f
:10c3a4001e1090009e3007000000e00013003200d1
:10c3b400ee409000a0c5b30080cf500005003a00c5
:10c3c40066004700a20120008000eb00c8040200c0
:10c3d40000000000e60047002e00900063004000cb
:10c3e40044ca220063ca2200010178008000780058
:10c3f40000cab300fcce0200010000006600470042
:10c404009301200000017800f1752a001e109000ad
:10c41400833007000000e00013003200ee4090007b
:10c42400a0c5b30080cf500005003a006600470065
:10c43400a20120008000eb00c804020000000000fc
:10c44400e60047002e0090007200400044ca22001b
:10c4540063ca2200010178008000780000cab3009a
:10c46400fcce0200010000006600470033002000fb
:10c4740000017800b1762a001e1090006830070091
:10c484000000e0001000320066004700c09b02007c
:10c4940001000000006798002e0090000000e800f2
:10c4a400010220008e80400045ca220064ca220096
:10c4b4008101780012c0b3008000780000cab30084
:10c4c4009a8d02000100000066004700c3002000ae
:10c4d4000001780071762a001e1090005030070089
:10c4e4000000e00014003200ee409000a0c5b3004c
:10c4f40080cf500005003a0066004700a2012000ea
:10c504008000eb00c804020000000000e6004700c1
:10c514002e0090001002b00045ca220064ca220016
:10c5240081017800c2c0b3008000780000cab30063
:10c534009a8d0200010000006600470033002000cd
:10c544000001780031762a001e1090003430070074
:10c554000000e0001000320066004700c09b0200ab
:10c5640001000000006798002e0090000080e800a1
:10c57400010220008e80400045ca220064ca2200c5
:10c584008101780012c0b3008000780000cab300b3
:10c594009a8d0200010000000040eb00004f78007b
:10c5a4000040eb001047980066004700430020005d
:10c5b4000001780091742a001e10900018300700c2
:10c5c4000000e0002c0032000040eb0020479800ff
:10c5d400260037002e4090000080fb00000047003a
:10c5e400604090000000fb0001032000810f500018
:10c5f4000600320011032000810f50000c003200ad
:10c604000000e00013003200150037002e409000b7
:10c614000080fb00210020000008dd00804078003d
:10c624001e40900000c07000104798000c003700b6
:10c634002e4090000080fb00210020000008dd0057
:10c64400804078001e40780000c07000004f7800e1
:10c654000300370040c0b3002047980000000000ea
:10c664002e4090000040e800204798002e409000a3
:10c67400e34f5000d7ff3600660047001300200048
:10c6840000017800d1742a001e109000e42f0700e6
:10c694000000e0000f0032006e4090000000fb003c
:10c6a40001032000810f5000040032001103200018
:10c6b400810f500005003200060037001e40900034
:10c6c4000054a00010479800020037001e54a00038
:10c6d40000000000660047001300200000017800fd
:10c6e40011752a001e109000cd2f07000000e000f5
:10c6f4000f0032006e4090000000fb000103200098
:10c70400810f50000400320011032000810f5000fb
:10c7140005003200060037001e4090000004a0000f
:10c7240010479800020037001e04a000000000001b
:10c7340066004700130020000001780051752a00ac
:10c744001e109000b62f07000000e0000f0032001a
:10c754006e4090000000fb0001032000810f500098
:10c764000400320011032000810f50000500320044
:10c77400060037001e4090000064a0001047980097
:10c78400020037001e64a000000000001e40780074
:10c794000004e00003003a001e4090000004e000a2
:10c7a400210032006600470045ca220064ca220004
:10c7b4008001780012c0b300ae00900000cab3003c
:10c7c400aa8e0200010000006e409000704798009d
:10c7d400ee4090001e40780000c070006047980052
:10c7e400ee4090001e40900000c0ea0000c06000cf
:10c7f40060479800fe4090006e40900080cf50004b
:10c80400090032006600470045ca220064ca2200bb
:10c814008001780012c0b300ae00900000cab300db
:10c824009a8d0200010000003e4090009ff3070033
:10c834000080fa00000006005000fa00602798000b
:10c84400712798004300200002fe2000a1c02a00a6
:10c854006e209000722f07000000e0000e003200ee
:10c8640000fe2000c09b02000100000020cf9800c1
:10c87400a00420000e00400045ca220064ca220021
:10c884008001780012c0b300d101200000cab300b7
:10c894009a8d020001000000a00420000e00400058
:10c8a40045ca220064ca22008001780012c0b30085
:10c8b400d101200000cab300aa8e020001000000ca
:10c8c4002ec890000080fb00b06a8800b16a800026
:10c8d400c00320000088b90000007800b06a880016
:10c8e4003300200002fe2000f1c02a006e209000d8
:10c8f4004b2f07000000e0000b00320000fe200078
:10c904009040780010c3b30000c068000080fb00b2
:10c914000000e9004f00de0000407800804078000d
:10c9240000c8b30022f307003300200002fe2000f9
:10c9340041c12a006e209000392f07000000e0005a
:10c944000b00320000fe20009040780010c3b300ba
:10c9540000c068000080fb000000e9004f00de001a
:10c96400004078008040780000c2b30010f3070054
:10c974005300200002fe200091c12a006e20900086
:10c98400272f07000000e0001b00320000fe2000fb
:10c9940066a002000100000040279800ce2090000d
:10c9a40050568100808f5000130032008004200014
:10c9b4000e00400045ca220064ca220080017800ab
:10c9c40022c0b300512f200000cab3009a8d020088
:10c9d40001000000a0ac220045ca220064ca220063
:10c9e4008001780022c0b300512f200000cab30098
:10c9f400aa8e0200010000003300200002fe200085
:10ca0400f1c12a006e209000052f07000000e0000d
:10ca14001500320000fe2000c09b0200010000004f
:10ca2400c1ac22008048780045ca220064ca2200b2
:10ca3400c3ac220012c0b300712f200000cab3009f
:10ca44009a8d02000100000045ca220064ca220037
:10ca5400c3ac220012c0b300712f200000cab3007f
:10ca6400aa8e0200010000003300200002fe200014
:10ca740051c22a006e209000e92e07000000e00059
:10ca84001500320000fe2000c09b020001000000df
:10ca9400d1ac22008048780045ca220064ca220032
:10caa400d3ac220012c0b300812f200000cab3000f
:10cab4009a8d02000100000045ca220064ca2200c7
:10cac400d3ac220012c0b300812f200000cab300ef
:10cad400aa8e0200010000003300200002fe2000a4
:10cae400b1c22a006e209000cd2e07000000e000a5
:10caf4001500320000fe2000c09b0200010000006f
:10cb0400e1ac22008048780045ca220064ca2200b1
:10cb1400e3ac220012c0b300912f200000cab3007e
:10cb24009a8d02000100000045ca220064ca220056
:10cb3400e3ac220012c0b300912f200000cab3005e
:10cb4400aa8e0200010000003300200002fe200033
:10cb540011c32a006e209000b12e07000000e000ef
:10cb64001500320000fe2000c09b020001000000fe
:10cb7400f1ac22008048780045ca220064ca220031
:10cb8400f3ac220012c0b300a12f200000cab300ee
:10cb94009a8d02000100000045ca220064ca2200e6
:10cba400f3ac220012c0b300a12f200000cab300ce
:10cbb400aa8e0200010000003300200002fe2000c3
:10cbc40071c32a006e209000952e07000000e0003b
:10cbd4001300320000fe2000c09b02000100000090
:10cbe40070c798007ec09000e44f500002003e00e1
:10cbf400e0c1b30070c79800700420000e0040002c
:10cc040045ca220064ca22008001780012c0b30021
:10cc14006103200000cab3009a8d020001000000e5
:10cc2400e00320000e0040005300200000017800c3
:10cc3400b1c32a006e209000792e07000000e000a6
:10cc440028003200e00320000e0040001007980086
:10cc54000040eb0060c79800600420000e00400014
:10cc640080017800c2dc2000a1c3b3001e00900044
:10cc740022d20200010000000000e000190032008e
:10cc84006ec090000000fb000000e8009e009000d1
:10cc94000080400010079800600420000e0040004f
:10cca40080017800d2dc200001c2b3001e00900095
:10ccb40022d20200010000000000e000090032005e
:10ccc400c0dc200045ca220064ca2200800178002a
:10ccd40022c0b300b101200000cab3009a8d020043
:10cce400010000000000eb00200798003300200042
:10ccf40002fe200001c42a006e209000482e070086
:10cd04000000e0001600320000fe2000c09b02007c
:10cd14000100000031d720008048780030d720007f
:10cd24009040780020d720001040780080cf500039
:10cd34000300310030d7200001c1b300014878005e
:10cd440045ca220064ca220033d7200012c0b300af
:10cd54004141200000cab3009a8d02000100000086
:10cd640045ca220064ca220033d7200012c0b3008f
:10cd74004141200000cab300aa8e02000100000055
:10cd84003300200002fe200061c42a006e209000bf
:10cd9400232e07000000e0001600320000fe2000f1
:10cda400c09b02000100000021d7200080487800c9
:10cdb40020d720009040780030d720001040780021
:10cdc40080cf50000300360020d72000a1c0b3005c
:10cdd4000148780045ca220064ca220023d72000f3
:10cde40012c0b3003141200000cab3009a8d020082
:10cdf4000100000045ca220064ca220023d7200093
:10ce040012c0b3003141200000cab300aa8e020050
:10ce140001000000c0dc200045ca220064ca2200d0
:10ce24008001780022c0b300b101200000cab30021
:10ce3400aa8e0200010000004301200002fe20002f
:10ce440001ba2a006e209000f52d07000000e000d2
:10ce54000900320000fe200045ca220064ca2200f4
:10ce64008001780042c1b3004100200000cab30031
:10ce74009a8d020001000000420120008000eb00b6
:10ce840000fe2000c80402000000000000fe200094
:10ce940045ca220064ca22008001780042c1b3005e
:10cea4004100200000cab300aa8e02000100000065
:10ceb40040ff20008040eb0001487800a0032000e0
:10cec4000e004000330020000001780021992a0060
:10ced4006e209000d22d07000000e0000a0032000e
:10cee400a00320000e00400045ca220064ca2200ac
:10cef4008001780032c0b3008101200000cab30071
:10cf04009a8d020001000000a00320000e004000e2
:10cf1400320020008000eb00c80402000000000082
:10cf2400a00320000e00400045ca220064ca22006b
:10cf34008001780032c0b3008101200000cab30030
:10cf4400aa8e0200010000000040eb00507f980010
:10cf5400660047009301200000017800c1c42a0044
:10cf64006e209000ae2d07000000e0003200320079
:10cf7400000220000e004000920120008000eb001f
:10cf8400c804020000000000000220000e0040005f
:10cf940044ca220063ca2200000178006102200012
:10cfa40000cab3008ece0200010000000040eb0076
:10cfb400107f9800e6004700000220000e004000a9
:10cfc400a4050200000000000000e0001a00320086
:10cfd4006600470044ca220063ca220000017800a8
:10cfe4006102200000cab300fcce02000100000070
:10cff40010b3200011c0b3000148780040042000a1
:10d004000e00400011782a00f6cf02000100000053
:10d01400400420000e00400045ca220064ca2200d9
:10d024008001780012c0b3005103200000cab3008d
:10d034009a8d020001000000660047009201200062
:10d044008000eb00c80402000000000066004700f6
:10d0540044ca220063ca2200000178006102200051
:10d0640000cab3008ece0200010000000040eb00b5
:10d07400705f9800400420000e0040002200200051
:10d084008000eb00c80402000000000040042000ff
:10d094000e00400045ca220064ca220080017800c4
:10d0a40012c0b3005103200000cab300aa8e0200cc
:10d0b400010000000040eb0050c7980070042000fd
:10d0c4000e00400045ca220064ca22008001780094
:10d0d40012c0b3006103200000cab300aa8e02008c
:10d0e4000100000045ca220064ca220033d7200090
:10d0f40012c0b3004141200000cab300aa8e02004e
:10d104000100000045ca220064ca220023d720007f
:10d1140012c0b3003141200000cab300aa8e02003d
:10d124000100000011c52a00f0b32000f6cf020070
:10d1340001000000000f78009e007800f0b320008a
:10d144000080400001fe2000f6cf02000100000034
:10d154001e0f40009e007800f0b3200000804000c5
:10d16400e1c52a00f6cf0200010000001e0f4000b6
:10d174009e007800f0b3200000804000a10320004e
:10d184008e804000f6cf0200010000001e0f400018
:10d194009e007800f0b320000080400051c62a00b1
:10d1a400f6cf0200010000001e0f40009e00780030
:10d1b400f0b3200080804000c0dc200010407800e4
:10d1c40022c0b300a09e0200010000001e0f400018
:10d1d4009e007800f0b3200000804000c17d2a004a
:10d1e400f6cf0200010000001e0f40009e007800f0
:10d1f400f0b3200080804000d0dc20001040780094
:10d2040022c0b300a09e0200010000001e0f4000d7
:10d214009e007800f0b3200000804000b1c62a00d0
:10d22400f6cf0200010000001e0f40009e007800af
:10d23400f0b32000808040002ec8900022c0b300cc
:10d24400a09e0200010000001e0f40009e00780016
:10d25400f0b320000080400011c72a00f6cf02007e
:10d26400010000001e0f40009e007800f0b3200073
:10d2740000804000e6004700f6cf020001000000f5
:10d284001e0f40009e007800f0b320000080400094
:10d2940071c72a00f6cf0200010000001e0f4000f3
:10d2a4009e007800f0b32000808040007ec0900093
:10d2b4000041eb00a09e0200010000001e0f400090
:10d2c4009e007800f0b3200000804000c1c72a000f
:10d2d400f6cf0200010000001e0f40009e007800ff
:10d2e400f0b3200000804000410420008e80400004
:10d2f400f6cf0200010000001e0f40009e007800df
:10d30400f0b320000080400011c82a00f6cf0200cc
:10d31400010000001e0f40009e007800f0b32000c2
:10d324008080400050568100d29c02000100000021
:10d334001e0f40009e007800f0b3200000804000e3
:10d3440081c82a00f6cf0200010000001e0f400031
:10d35400e0d82000104078000004e00008003d0000
:10d364009e007800f0b3200000804000f1772a008e
:10d37400f6cf0200010000001e0f40000700370036
:10d384009e007800f0b320000080400011782a004d
:10d39400f6cf0200010000001e0f40009e0078003e
:10d3a400f0b3200000804000e1c82a00f6cf02005c
:10d3b400010000001e0f40009e007800f0b3200022
:10d3c40080804000c0ac2200104078000041eb0097
:10d3d400a09e0200010000001e0f40009e00780085
:10d3e400f0b320000080400051c92a00f6cf0200ab
:10d3f400010000001e0f40009e007800f0b32000e2
:10d4040080804000d0ac2200104078000041eb0046
:10d41400a09e0200010000001e0f40009e00780044
:10d42400f0b3200000804000c1c92a00f6cf0200fa
:10d43400010000001e0f40009e007800f0b32000a1
:10d4440080804000e0ac2200104078000041eb00f6
:10d45400a09e0200010000001e0f40009e00780004
:10d46400f0b320000080400031ca2a00f6cf020049
:10d47400010000001e0f40009e007800f0b3200061
:10d4840080804000f0ac2200104078000041eb00a6
:10d49400a09e0200010000001e0f40009e007800c4
:10d4a400f0b3200000804000a1ca2a00f6cf020099
:10d4b400010000001e0f4000e0d82000104078005a
:10d4c4008080fb0000022000008060000000e0007b
:10d4d400080032009e007800f0b320000080400075
:10d4e400f1772a00f6cf0200010000001e0f400071
:10d4f400070037009e007800f0b320000080400051
:10d5040011782a00f6cf0200010000001e0f40002f
:10d514009e007800f0b320000080400001cb2a0078
:10d52400f6cf0200010000001e0f40009e007800ac
:10d53400f0b320008080400030d7200010407800f5
:10d5440022c0b300a09e0200010000001e0f400094
:10d554009e007800f0b320000080400071cb2a00c8
:10d56400f6cf0200010000001e0f40009e0078006c
:10d57400f0b320008080400020d7200010407800c5
:10d5840022c0b300a09e0200010000001e0f400054
:10d594000080fa00000006000e00fa005007980010
:10d5a400610798006e0090000000e00013003a004c
:10d5b400640047004300200000017800e1cb2a000a
:10d5c4005e009000162c07000000e0000b00320003
:10d5d4000040eb00004f98006400470045ca220059
:10d5e40064ca22008001780042c0b3008000eb00ce
:10d5f40000cab3009a8d02000100000064004700d5
:10d60400420020008000eb00c8040200000000007b
:10d614006400470045ca220064ca220080017800e1
:10d6240042c0b3008000eb0000cab300aa8e02001f
:10d63400010000000040eb00004f98006400470028
:10d64400972c0700004f780031cc2a00f0b320005b
:10d65400f6cf020001000000100798009e00900021
:10d66400f0b3200000804000e4004700f6cf020041
:10d67400010000009e009000008040001007980008
:10d684009e009000f0b320000080400001cd2a00ed
:10d69400f6cf0200010000009e00900000804000d0
:10d6a400100798009e009000f0b320000080400016
:10d6b4000041eb00800078001e407800a09e02002c
:10d6c400010000009e0090000080400010079800b8
:10d6d4000080fa00000006000a00fa00004f9800db
:10d6e4000e489000e34f500030003e000e4890007a
:10d6f4000080fb00000f78001e0078006500b90070
:10d7040000007800000f7800504120001e0f4000f8
:10d714000e80e80045ca220064ca22008001780015
:10d7240052c0b3009e00780000cab300aa8e020063
:10d73400010000000e4890000080fb00ae40900005
:10d74400c2db20004200dd000000410001487800f7
:10d754000e4890000080fb00be409000d2db200009
:10d764004200dd0000004100014878000e489000ae
:10d774000080fb00ce409000c2db20004200dd00b0
:10d78400000041000080e800014878000e48900045
:10d794000080fb00de409000d2db20004200dd0070
:10d7a400000041000080e800014878000080fa0091
:10d7b400000006000400fa00204798002e40900064
:10d7c400e34f50005e003e002e409000c2ff070071
:10d7d40051cd2a00f0b32000f6cf02000100000072
:10d7e400000f78009e007800f0b320008080400095
:10d7f4002e4090000040e8000041eb00a09e020093
:10d80400010000001e0f40009e007800f0b32000cd
:10d8140000804000e1cd2a00f6cf020001000000a4
:10d824001e0f40009e007800f0b32000808040006e
:10d834002e4090000080fb004200dd00c2db20008f
:10d84400624078000041eb00a09e0200010000004d
:10d854001e0f40009e007800f0b3200000804000be
:10d8640011752a00f6cf0200010000001e0f4000cf
:10d874009e007800f0b32000808040002e4090008d
:10d884000080fb004200dd00d2db20006240780013
:10d894000041eb00a09e0200010000001e0f4000aa
:10d8a4009e007800f0b320000080400031762a000a
:10d8b400f6cf0200010000001e0f40009e00780019
:10d8c400f0b32000808040002e4090000080fb00d8
:10d8d4004200dd000080e800c2db200062407800e6
:10d8e4000041eb00a09e0200010000001e0f40005a
:10d8f4009e007800f0b3200000804000d1742a001c
:10d90400f6cf0200010000001e0f40009e007800c8
:10d91400f0b32000808040002e4090000080fb0087
:10d924004200dd000080e800d2db20006240780085
:10d934000041eb00a09e0200010000001e0f400009
:10d944000080fa00000006000e00fa00500798005c
:10d95400610798006400470023002000000178005c
:10d96400f1752a005e0090002d2b07000000e000f6
:10d974008b00320064004700c09b020001000000dd
:10d98400004f78001e4078000004e000840032005c
:10d994001e407800e44f500081003e001e4fe90015
:10d9a4001e80fb00100798001e0090006500b9005f
:10d9b40000007800100798009e009000504120005d
:10d9c40000804000100798006400470033002000e6
:10d9d40000017800e1cd2a005e009000102b0700c2
:10d9e4000000e0000d00320064004700c09b02000c
:10d9f40001000000004f98006800470045ca22005b
:10da040064ca22008001780012c0b3009e00900016
:10da140000cab3009a8d02000100000064004700b0
:10da2400330020000001780011752a005e00900088
:10da3400fb2a07000000e0000f00320064004700ea
:10da4400c09b020001000000004f98001e009000df
:10da54000000e800e800470045ca220064ca22002a
:10da64008101780012c0b3008000780000cab300be
:10da74009a8d02000100000064004700330020007a
:10da84000001780031762a005e009000e42a070045
:10da94000000e0000f00320064004700c09b020059
:10daa40001000000004f98001e0090000080e80074
:10dab400e800470045ca220064ca220081017800b8
:10dac40012c0b3008000780000cab3009a8d02002f
:10dad40001000000640047003300200000017800ca
:10dae400d1742a005e009000cd2a07000000e000f7
:10daf4002900320064004700c09b020001000000be
:10db0400004f98000e489000e14f500010003a007a
:10db140064004700c09b020001000000004f980011
:10db24001e00900063004000e800470045ca220040
:10db340064ca22008101780012c0b300800078001a
:10db440000cab3009a8d02000100000012003700e1
:10db54000e4890000004e0000f003a006400470003
:10db6400c09b020001000000004f98001e009000be
:10db740063004000e800470045ca220064ca22004e
:10db84008101780012c0b3008000780000cab3009d
:10db94009a8d0200010000001e40780005ff070076
:10dba4000080fa00000006000c00fa00400798000c
:10dbb400510798000e80e80013002000000178004f
:10dbc40021ce2a004e009000952a07000000e000b4
:10dbd400140032000e80e800c09b02000100000027
:10dbe4000080fb00000f78009e00780061806000d8
:10dbf400004078000004e000030032006000b80038
:10dc0400b00d8900c10d89009e007800628060001b
:10dc14000000e000030032006000b800004f8900fb
:10dc2400114f89000e80e8003300200000017800c5
:10dc340071ce2a004e009000792a07000000e0000f
:10dc44001a0032000e80e800c09b020001000000b0
:10dc540060479800ee40900000ad2200104078002c
:10dc640080cf5000110032006600470045ca2200f0
:10dc740064ca22008001780012c0b300b12f2000d2
:10dc840000cab3009a8d02000100000045ca2200b8
:10dc940064ca220003ad220012c0b300b12f2000d9
:10dca40000cab300aa8e020001000000c1ce2a00ff
:10dcb400f0b32000f6cf020001000000000f78004e
:10dcc4009e007800f0b3200000814000b00d810078
:10dcd400c10d8100c3c0b300649f020001000000b5
:10dce4001e0f40009e007800f0b32000008040002a
:10dcf400f1782a00f6cf0200010000001e0f400058
:10dd04009e007800f0b3200000814000004f8100a5
:10dd1400114f8100c3c0b300649f020001000000e2
:10dd24001e0f40009e007800f0b3200000804000e9
:10dd340071cf2a00f6cf0200010000001e0f400040
:10dd44009e007800f0b3200080804000a01b2200d9
:10dd5400104078000041eb00a09e0200010000008a
:10dd64001e0f40009e007800f0b3200000804000a9
:10dd7400c1cf2a00f6cf0200010000001e0f4000b0
:10dd84009e007800f0b3200080804000b01b220089
:10dd9400104078000041eb00a09e0200010000004a
:10dda4001e0f40009e007800f0b320000080400069
:10ddb40011d02a00f6cf0200010000001e0f40001f
:10ddc4009e007800f0b3200080804000409e220036
:10ddd400104078000041eb00a09e0200010000000a
:10dde4001e0f40009e007800f0b320000080400029
:10ddf40061d02a00f6cf0200010000001e0f40008f
:10de04009e007800f0b3200080804000509e2200e5
:10de1400104078000041eb00a09e020001000000c9
:10de24001e0f40009e007800f0b3200000804000e8
:10de3400b1d02a00f6cf0200010000001e0f4000fe
:10de44009e007800f0b3200080804000609e220095
:10de5400104078000041eb00a09e02000100000089
:10de64001e0f40009e007800f0b3200000804000a8
:10de740011d12a00f6cf0200010000001e0f40005d
:10de84009e007800f0b3200080804000709e220045
:10de9400104078000041eb00a09e02000100000049
:10dea4001e0f40009e007800f0b320000080400068
:10deb40071d12a00f6cf0200010000001e0f4000bd
:10dec4009e007800f0b3200080804000809e2200f5
:10ded400104078000041eb00a09e02000100000009
:10dee4001e0f40009e007800f0b320000080400028
:10def400d1d12a00f6cf0200010000001e0f40001d
:10df04009e007800f0b3200080804000909e2200a4
:10df1400104078000041eb00a09e020001000000c8
:10df24001e0f40009e007800f0b3200000804000e7
:10df340031d22a00f6cf0200010000001e0f40007b
:10df44009e007800f0b320008080400000ad2200e5
:10df5400104078000041eb00a09e02000100000088
:10df64001e0f40000040eb00cc2602000100000020
:10df7400204798009e007800f0b320000080400005
:10df840091d22a00f6cf0200010000001e0f4000cb
:10df94009e007800f0b32000808040002e40900066
:10dfa4000041eb00a09e0200010000001e0f400093
:10dfb4000080fa00000006000600fa00100798002e
:10dfc40021079800e1d22a00f0b32000f6cf020026
:10dfd40001000000000f78009e007800f0b32000dc
:10dfe4000080400071d32a00f6cf02000100000037
:10dff4001e0f40009e007800f0b320008080400097
:10e00400d0958000d29c0200010000001e0f400049
:10e014009e007800f0b3200000804000e1d32a0085
:10e02400f6cf0200010000001e0f40009e007800a1
:10e03400f0b320000081400090958000a1958000fd
:10e044000000780082007800d29c020001000000e9
:10e054001e0f40009e007800f0b3200000804000b6
:10e0640051d42a00f6cf0200010000001e0f400028
:10e074009e007800f0b3200080804000b0958000be
:10e08400d29c0200010000001e0f40009e00780098
:10e09400f0b3200000804000d1d42a00f6cf020063
:10e0a400010000001e0f40009e007800f0b3200025
:10e0b40080804000c0958000d29c020001000000d6
:10e0c4001e0f40009e007800f0b320000080400046
:10e0d40051d52a00f6cf0200010000001e0f4000b7
:10e0e4009e007800f0b3200080804000a09680005d
:10e0f400d29c0200010000001e0f40009e00780028
:10e10400f0b3200000804000d1d52a00f6cf0200f1
:10e11400010000001e0f40009e007800f0b32000b4
:10e1240000814000609680007196800000007800b5
:10e1340082007800d29c0200010000001e0f400003
:10e144009e007800f0b320000080400041d62a00f1
:10e15400f6cf0200010000001e0f40009e00780070
:10e16400f0b320008080400080968000d29c0200a2
:10e17400010000001e0f40009e007800f0b3200054
:10e1840000804000c1d62a00f6cf02000100000042
:10e194001e0f40009e007800f0b3200080804000f5
:10e1a40090968000d29c0200010000001e0f4000e7
:10e1b4000080fa00000006000400fa00000f780056
:10e1c40011079800f0b3200038320200010000006b
:10e1d4000080fa00000006000600fa00100798000c
:10e1e4002107980041d72a00f0b32000f6cf02009f
:10e1f40001000000000f78009e007800f0b32000ba
:10e2040000804000d1d72a00f6cf020001000000b0
:10e214001e0f40009e007800f0b320008080400074
:10e2240080bb21001040780012c0b300a09e020001
:10e23400010000001e0f40009e007800f0b3200093
:10e244000080400071d82a00f6cf020001000000cf
:10e254001e0f40009e007800f0b3200000814000b3
:10e26400b0068100c10681000000780082007800b9
:10e27400d29c0200010000001e0f40009e007800a6
:10e28400f0b3200000804000e1d82a00f6cf02005d
:10e29400010000001e0f40009e007800f0b3200033
:10e2a40080804000204981004500de006740600016
:10e2b40012c0b300a09e0200010000001e0f400027
:10e2c4009e007800f0b320000080400061d92a004d
:10e2d400f6cf0200010000001e0f40009e007800ef
:10e2e400f0b320008080400050d820001040780017
:10e2f40012c0b300a09e0200010000001e0f4000e7
:10e3040050d72000104078000004e00008003200dc
:10e314009e007800f0b320000080400021da2a003b
:10e32400f6cf0200010000001e0f40000700370076
:10e334009e007800f0b3200000804000c1da2a007b
:10e34400f6cf0200010000001e0f40009e0078007e
:10e35400f0b320000080400061db2a00f6cf020009
:10e36400010000001e0f40009e007800f0b3200062
:10e3740080804000801f220010007800614060000f
:10e3840012c0b300a09e0200010000001e0f400056
:10e394009e007800f0b320000080400041dc2a0099
:10e3a400f6cf0200010000001e0f40009e0078001e
:10e3b400f0b3200080804000801f2200100078000d
:10e3c4000000d1006140600012c0b300a09e0200b2
:10e3d400010000001e0f40009e007800f0b32000f2
:10e3e4000080400021dd2a00f6cf02000100000079
:10e3f4001e0f4000801f2200704090000004e000c7
:10e4040007003200801f2200704090008040780096
:10e41400f0b320001e0040000148780004003700db
:10e42400f0b320001e004000a1c7b30001487800eb
:10e434001e0fe800f0b320001e0040008040eb00f7
:10e44400014878000080fa00000006001400fa0079
:10e4540070079800010f98002257980003003700b6
:10e464007e0090000000e800700798007e00900095
:10e47400104078000004e0000a0032007e009000a2
:10e484009040780000c2b30080cf5000f4ff3a00ff
:10e49400050037007e0090000000e8007007980037
:10e4a40001003700000000007e00900090407800da
:10e4b40000c2b30080cf5000f6ff32007e0090000f
:10e4c400104078000004e000900032000e80e80064
:10e4d400720020008000eb00c8040200000000006d
:10e4e4000040eb00104f9800e90047000e80e80060
:10e4f400630040008101780000017800f1c2b3009c
:10e504007e00900022d20200010000000000e00022
:10e514007e0032001e4890000000fb000000e8006e
:10e52400fe0090000080400070079800e90047005a
:10e534006a0047008101780000017800f1c2b3004d
:10e544007e00900022d20200010000000000e000e2
:10e554006e0032002e489000604798001e489000dc
:10e564000000fb000000e800fe0090000080400076
:10e5740070079800e90047000e80e800660040003c
:10e58400810178000001780001c2b3007e00900090
:10e5940022d20200010000000000e0005b00320013
:10e5a4001e4890000000fb00fe0090000080400028
:10e5b40070079800030037007e0090000000e80018
:10e5c400700798007e0090009040780000c2b3006d
:10e5d40080cf5000f8ff3200e90047000e80e800c9
:10e5e4008101780000017800a1c3b3007e0090008f
:10e5f40022d20200010000000000e00043003200cb
:10e604001e4890000000fb000000e800fe0090009f
:10e614000080400070079800e90047000e80e80081
:10e624000000e8008101780000017800a1c3b30074
:10e634007e00900022d20200010000000000e000f1
:10e64400320032001e4890000000fb000000e80089
:10e65400fe0090000080400070079800e900470029
:10e664000e80e8000080e800810178000001780055
:10e6740001c2b3007e00900022d20200010000001b
:10e684000000e000210032002e5090000004e00061
:10e69400060032005e409000204f98000e48900023
:10e6a400504798002e489000004f98006b00470098
:10e6b4001300200000017800c1dd2a007e009000d4
:10e6c400d72707000000e000060032003e48900013
:10e6d4008040780000cdb30000c04000204f980077
:10e6e4000200370000c0eb00204f98002e48900035
:10e6f400704798000e80e80072910200010000004b
:10e70400e0042100c4900200010000002e5090009b
:10e714000004e0003f003a0060aa220010407800a4
:10e724000004e0003b003a00e0042100c490020031
:10e734000100000011de2a00f0b32000f6cf020031
:10e7440001000000000f78009e007800f0b3200064
:10e754000080400080007800e0042100a2ee070061
:10e764000080fb001e0f40009e007800f0b32000e4
:10e7740000804000c1dd2a00f6cf02000100000045
:10e784001e0f40009e007800f0b3200080804000ff
:10e79400300521001040780012c0b300a09e020092
:10e7a400010000001e0f40009e007800f0b320001e
:10e7b4000080400071de2a00f6cf02000100000054
:10e7c4001e0f40009e007800f0b3200080804000bf
:10e7d40030052100104078000000fb0012002000ea
:10e7e4000010dd000040780012c0b300a09e0200bb
:10e7f400010000001e0f40009e007800f0b32000ce
:10e8040000804000e1de2a00f6cf02000100000093
:10e814001e0f40000080fa00000006001000fa00fd
:10e8240060079800710798006400470013002000f7
:10e8340000017800e1b82a006e00900078270700f4
:10e844000000e0000500320064004700c09b0200a5
:10e8540001000000004f7800020037000040eb0088
:10e86400004f780001df2a00f0b32000f6cf020049
:10e8740001000000100798009e009000f0b32000f3
:10e88400008040000041eb00800078001e407800ca
:10e89400a09e0200010000009e0090000080400045
:10e8a400100798001e4078000004e00007003200c2
:10e8b400a0d52000e1c1b3000148780000c5b30031
:10e8c400dab402000100000003003700a0d52000e4
:10e8d4008040eb00014878000080fa000000060048
:10e8e400ca00fa0030a7980041a798000040eb0046
:10e8f400104798000040eb0040c7990069004700aa
:10e904003300200000017800c1df2a003ea09000ff
:10e91400432707000000e000080032009e489000f2
:10e9240010c3b30080cf500004003a006f004700ca
:10e93400cea09000cf150700cc1537006900470022
:10e94400430020000001780031e02a003ea090003e
:10e95400332707000000e000080032006900470088
:10e96400e4a002000100000001802000804878003b
:10e9740000c5b300dab402000100000069004700da
:10e98400430020000001780081e02a003ea09000ae
:10e99400232707000000e000080032006900470058
:10e9a400e4a00200010000001180200080487800eb
:10e9b40000c5b300dab40200010000000040eb001f
:10e9c400004f780069004700330020000001780000
:10e9d400d1e02a003ea09000112707000000e000cb
:10e9e4008903320069004700c09b02000100000057
:10e9f400004f9800b0d52000104078000080fb0044
:10ea04000000e8000000e00022003500b0d520003e
:10ea1400104078000080fb008000e80040062000e1
:10ea2400808f50001b003c009e489000b0c2b30091
:10ea340080cf500017003a00b0d520001040780075
:10ea44008040e800b0d520000148780045ca220083
:10ea540064ca2200b3d5200012c0b300f101200023
:10ea640000cab3009a8d02000100000045ca2200ca
:10ea740064ca2200b3d5200012c0b300f101200003
:10ea840000cab300aa8e02000100000010c0b30047
:10ea9400004f7800b0d52000104078000080fb00c3
:10eaa4000000e9000000e00022003500b0d520009d
:10eab400104078000080fb008000e9004006200040
:10eac400808f50001b003c009e489000d0c2b300d1
:10ead40080cf500017003a00b0d5200010407800d5
:10eae4008040e900b0d520000148780045ca2200e2
:10eaf40064ca2200b3d5200012c0b300f101200083
:10eb040000cab3009a8d02000100000045ca220029
:10eb140064ca2200b3d5200012c0b300f101200062
:10eb240000cab300aa8e02000100000010c0b300a6
:10eb3400004f78008e48900040c6b30080cf50004c
:10eb440039033e00b0d52000904078000e48900074
:10eb540080cf5000340332009e489000b0c2b3000e
:10eb640080cf5000300332009e489000d0c2b300e2
:10eb740080cf50002c0332008e489000b0d5200086
:10eb84000148780045ca220064ca2200b3d5200097
:10eb940012c0b300f101200000cab3009a8d020034
:10eba4000100000045ca220064ca2200b3d5200037
:10ebb40012c0b300f101200000cab300aa8e020003
:10ebc4000100000010c0b300004f78000040eb00cb
:10ebd400204798008e48900021479800ae4090004e
:10ebe40020c5b30080cf5000fe013e002e409000af
:10ebf4000004e00002003a00a0cbb30030c7990043
:10ec04002e409000e14f500002003a0020cab300a9
:10ec140030c799002e409000e24f500002003a00a5
:10ec240000cab30030c799002e409000e34f500053
:10ec340002003a00e0c9b30030c799002e409000aa
:10ec4400e44f500002003a00c0c9b30030c7990035
:10ec54002e409000e54f500002003a00a0c9b300d6
:10ec640030c799002e409000e64f500002003a0051
:10ec740080c9b30030c799002e409000e74f500080
:10ec840002003a0060c9b30030c799002e409000da
:10ec9400e84f500002003a0040c9b30030c7990061
:10eca4002e409000e94f500002003a0020c9b30002
:10ecb40030c799002e409000ea4f500002003a00fd
:10ecc40000c9b30030c799002e409000eb4f5000ac
:10ecd40002003a00e0c8b30030c799002e4090000b
:10ece400ec4f500002003a00c0c8b30030c799008e
:10ecf4002e409000ed4f500002003a00a0c8b3002f
:10ed040030c799002e409000ee4f500002003a00a8
:10ed140080c8b30030c799002e409000ef4f5000d8
:10ed240002003a0060c8b30030c799002e4090003a
:10ed3400f04f500002003a0040c8b30030c79900b9
:10ed44002e409000f14f500002003a0020c8b3005a
:10ed540030c799002e409000f24f500002003a0054
:10ed640000c8b30030c799002e409000f34f500004
:10ed740002003a00e0c7b30030c799002e4090006b
:10ed8400f44f500002003a00c0c7b30030c79900e6
:10ed94002e409000f54f500002003a00a0c7b30087
:10eda40030c799002e409000f64f500002003a0000
:10edb40080c7b30030c799002e409000f74f500031
:10edc40002003a0060c7b30030c799002e4090009b
:10edd400f84f500002003a0040c7b30030c7990012
:10ede4002e409000f94f500002003a0020c7b300b3
:10edf40030c799002e409000fa4f500002003a00ac
:10ee040000c7b30030c799002e409000fb4f50005c
:10ee140002003a00e0c6b30030c799002e409000cb
:10ee2400fc4f500002003a00c0c6b30030c799003e
:10ee34002e409000fd4f500002003a00a0c6b300df
:10ee440030c799002e409000fe4f500002003a0057
:10ee540080c6b30030c799002e409000ff4f500089
:10ee640002003a0060c6b30030c79900ae4090007b
:10ee740000c2b30080cf500002003a0040c6b30085
:10ee840030c79900ae40900010c2b30080cf50004c
:10ee940002003a0020c6b30030c79900ae4090008b
:10eea40020c2b30080cf500002003a0000c6b30075
:10eeb40030c79900ae40900030c2b30080cf5000fc
:10eec40002003a00e0c5b30030c79900ae4090009c
:10eed40040c2b30080cf500002003a00c0c5b30066
:10eee40030c79900ae40900050c2b30080cf5000ac
:10eef40002003a00a0c5b30030c79900ae409000ac
:10ef040060c2b30080cf500002003a0080c5b30055
:10ef140030c79900ae40900070c2b30080cf50005b
:10ef240002003a0060c5b30030c79900ae409000bb
:10ef340080c2b30080cf500002003a0040c5b30045
:10ef440030c79900ae40900090c2b30080cf50000b
:10ef540002003a0020c5b30030c79900ae409000cb
:10ef6400a0c2b30080cf500002003a0000c5b30035
:10ef740030c79900ae409000b0c2b30080cf5000bb
:10ef840002003a00e0c4b30030c79900ae409000dc
:10ef9400c0c2b30080cf500002003a00c0c4b30026
:10efa40030c79900ae409000d0c2b30080cf50006b
:10efb40002003a00a0c4b30030c79900ae409000ec
:10efc400e0c2b30080cf500002003a0080c4b30016
:10efd40030c79900ae409000f0c2b30080cf50001b
:10efe40002003a0060c4b30030c79900ae409000fc
:10eff40000c3b30080cf500002003a0040c4b30005
:10f0040030c79900ae40900010c3b30080cf5000c9
:10f0140002003a0020c4b30030c79900ae4090000b
:10f0240020c3b30080cf500002003a0000c4b300f4
:10f0340030c79900ae40900030c3b30080cf500079
:10f0440002003a00e0c3b30030c79900ae4090001c
:10f0540040c3b30080cf500002003a00c0c3b300e5
:10f0640030c79900ae40900050c3b30080cf500029
:10f0740002003a00a0c3b30030c79900ae4090002c
:10f0840060c3b30080cf500002003a0080c3b300d5
:10f0940030c79900ae40900070c3b30080cf5000d9
:10f0a40002003a0060c3b30030c79900ae4090003c
:10f0b40080c3b30080cf500002003a0040c3b300c5
:10f0c40030c79900ae40900090c3b30080cf500089
:10f0d40002003a0020c3b30030c79900ae4090004c
:10f0e400a0c3b30080cf500002003a0000c3b300b5
:10f0f40030c79900ae409000b0c3b30080cf500039
:10f1040002003a00e0c2b30030c79900ae4090005c
:10f11400c0c3b30080cf500002003a00c0c2b300a5
:10f1240030c79900ae409000d0c3b30080cf5000e8
:10f1340002003a00a0c2b30030c79900ae4090006c
:10f14400e0c3b30080cf500002003a0080c2b30095
:10f1540030c79900ae409000f0c3b30080cf500098
:10f1640002003a0060c2b30030c79900ae4090007c
:10f1740000c4b30080cf500002003a0040c2b30084
:10f1840030c79900ae40900010c4b30080cf500047
:10f1940002003a0020c2b30030c79900ae4090008c
:10f1a40020c4b30080cf500002003a0000c2b30074
:10f1b40030c79900ae40900030c4b30080cf5000f7
:10f1c40002003a00e0c1b30030c79900ae4090009d
:10f1d40040c4b30080cf500002003a00c0c1b30065
:10f1e40030c79900ae40900050c4b30080cf5000a7
:10f1f40002003a00a0c1b30030c79900ae409000ad
:10f2040060c4b30080cf500002003a0080c1b30054
:10f2140030c79900ae40900070c4b30080cf500056
:10f2240002003a0060c1b30030c79900ae409000bc
:10f2340080c4b30080cf500002003a0040c1b30044
:10f2440030c79900ae40900090c4b30080cf500006
:10f2540002003a0020c1b30030c79900ae409000cc
:10f26400a0c4b30080cf500002003a0000c1b30034
:10f2740030c79900ae409000b0c4b30080cf5000b6
:10f2840002003a00e0c0b30030c79900ae409000dd
:10f29400c0c4b30080cf500002003a00c0c0b30025
:10f2a40030c79900ae409000d0c4b30080cf500066
:10f2b40002003a00a0c0b30030c79900ae409000ed
:10f2c400e0c4b30080cf500002003a0080c0b30015
:10f2d40030c79900ae409000f0c4b30080cf500016
:10f2e40002003a0060c0b30030c79900ae409000fd
:10f2f40000c5b30080cf500002003a0040c0b30004
:10f3040030c79900ae40900010c5b30080cf5000c4
:10f3140002003a0020c0b30030c79900ae4090000c
:10f3240020c5b30080cf500002003a000040eb003b
:10f3340030c799003ec091004e9e020001000000bb
:10f34400104798000040eb0040c79900300c2000a3
:10f354000e00400045ca220064ca220080017800e1
:10f3640012c0b300a140200000cab3009a8d02006d
:10f374000100000045ca220064ca220063d62000ae
:10f3840012c0b300a140200000cab300aa8e02003c
:10f3940001000000400c20000e00400045ca22007d
:10f3a40064ca22008001780012c0b300e14020004a
:10f3b40000cab3009a8d02000100000045ca220071
:10f3c40064ca2200a3d6200012c0b300e14020008a
:10f3d40000cab300aa8e02000100000010c0b300ee
:10f3e400004f7800ae40900020c5b30080cf50009d
:10f3f40054003600ae40900080c5b30080cf50006a
:10f4040050003e00ae40900030c5b30080cf5000a5
:10f4140002003a00a0c0b30030c79900ae4090008b
:10f4240040c5b30080cf500002003a0080c0b30052
:10f4340030c79900ae40900050c5b30080cf500053
:10f4440002003a0060c0b30030c79900ae4090009b
:10f4540060c5b30080cf500002003a0040c0b30042
:10f4640030c79900ae40900070c5b30080cf500003
:10f4740002003a0020c0b30030c79900ae409000ab
:10f4840080c5b30080cf500002003a000040eb007a
:10f4940030c799003ec091004e9e0200010000005a
:10f4a4001047980000c2b30040c79900300c2000f8
:10f4b4000e00400045ca220064ca22008001780080
:10f4c40012c0b300a140200000cab3009a8d02000c
:10f4d4000100000045ca220064ca220063d620004d
:10f4e40012c0b300a140200000cab300aa8e0200db
:10f4f40001000000400c20000e00400045ca22001c
:10f5040064ca22008001780012c0b300e1402000e8
:10f5140000cab3009a8d02000100000045ca22000f
:10f5240064ca2200a3d6200012c0b300e140200028
:10f5340000cab300aa8e02000100000010c0b3008c
:10f54400004f7800ae40900080c5b30080cf5000db
:10f5540054003600ae409000e0c5b30080cf5000a8
:10f5640050003e00ae40900090c5b30080cf5000e4
:10f5740002003a00a0c0b30030c79900ae4090002a
:10f58400a0c5b30080cf500002003a0080c0b30091
:10f5940030c79900ae409000b0c5b30080cf500092
:10f5a40002003a0060c0b30030c79900ae4090003a
:10f5b400c0c5b30080cf500002003a0040c0b30081
:10f5c40030c79900ae409000d0c5b30080cf500042
:10f5d40002003a0020c0b30030c79900ae4090004a
:10f5e400e0c5b30080cf500002003a000040eb00b9
:10f5f40030c799003ec091004e9e020001000000f9
:10f604001047980000c4b30040c79900300c200094
:10f614000e00400045ca220064ca2200800178001e
:10f6240012c0b300a140200000cab3009a8d0200aa
:10f634000100000045ca220064ca220063d62000eb
:10f6440012c0b300a140200000cab300aa8e020079
:10f6540001000000400c20000e00400045ca2200ba
:10f6640064ca22008001780012c0b300e140200087
:10f6740000cab3009a8d02000100000045ca2200ae
:10f6840064ca2200a3d6200012c0b300e1402000c7
:10f6940000cab300aa8e02000100000010c0b3002b
:10f6a400004f7800ae409000e0c5b30080cf50001a
:10f6b4005d003600ae40900040c6b30080cf5000dd
:10f6c40059003e00ae409000f0c5b30080cf50001a
:10f6d40002003a00a0c0b30030c79900ae409000c9
:10f6e40000c6b30080cf500002003a0080c0b300cf
:10f6f40030c79900ae40900010c6b30080cf5000d0
:10f7040002003a0060c0b30030c79900ae409000d8
:10f7140020c6b30080cf500002003a0040c0b300be
:10f7240030c79900ae40900030c6b30080cf50007f
:10f7340002003a0020c0b30030c79900ae409000e8
:10f7440040c6b30080cf500002003a000040eb00f6
:10f7540030c799003ec091004e9e02000100000097
:10f764001047980000c6b30040c79900300c200031
:10f774000e00400045ca220064ca220080017800bd
:10f7840012c0b300a140200000cab3009a8d020049
:10f794000100000045ca220064ca220063d620008a
:10f7a40012c0b300a140200000cab300aa8e020018
:10f7b40001000000400c20000e00400045ca220059
:10f7c40064ca22008001780012c0b300e140200026
:10f7d40000cab3009a8d02000100000045ca22004d
:10f7e40064ca2200a3d6200012c0b300e140200066
:10f7f40000cab300aa8e02000100000010c0b300ca
:10f80400004f78000800370045ca220064ca22006d
:10f81400b3d5200012c0b300f101200000cab30028
:10f82400aa8e020001000000690047003300200096
:10f834000001780021e12a003ea09000782307000f
:10f844000000e0008903320069004700c09b020009
:10f8540001000000004f9800d0d52000104078002f
:10f864000080fb000000e8000000e00022003500fa
:10f87400d0d52000104078000080fb008000e80014
:10f8840040062000808f50001b003c009e489000e2
:10f89400b0c2b30080cf500017003a00d0d520008a
:10f8a400104078008040e800d0d52000014878005e
:10f8b40045ca220064ca2200d3d5200012c0b30076
:10f8c4001102200000cab3009a8d0200010000005a
:10f8d40045ca220064ca2200d3d5200012c0b30056
:10f8e4001102200000cab300aa8e02000100000029
:10f8f40010c0b300004f7800d0d52000104078002d
:10f904000080fb000000e9000000e0002200350058
:10f91400d0d52000104078000080fb008000e90072
:10f9240040062000808f50001b003c009e48900041
:10f93400d0c2b30080cf500017003a00d0d52000c9
:10f94400104078008040e900d0d5200001487800bc
:10f9540045ca220064ca2200d3d5200012c0b300d5
:10f964001102200000cab3009a8d020001000000b9
:10f9740045ca220064ca2200d3d5200012c0b300b5
:10f984001102200000cab300aa8e02000100000088
:10f9940010c0b300004f78008e48900040c6b300fa
:10f9a40080cf500039033e00d0d52000904078002d
:10f9b4000e48900080cf5000340332009e489000df
:10f9c400b0c2b30080cf5000300332009e48900094
:10f9d400d0c2b30080cf50002c0332008e48900078
:10f9e400d0d520000148780045ca220064ca22000c
:10f9f400d3d5200012c0b3001102200000cab30006
:10fa04009a8d02000100000045ca220064ca220047
:10fa1400d3d5200012c0b3001102200000cab300e5
:10fa2400aa8e02000100000010c0b300004f78004d
:10fa34000040eb00304798008e4890003147980012
:10fa4400be40900020c5b30080cf5000fe013e00b0
:10fa54003e4090000004e00002003a00a0cbb30056
:10fa640030c799003e409000e14f500002003a0038
:10fa740020cab30030c799003e409000e24f5000c6
:10fa840002003a0000cab30030c799003e4090001b
:10fa9400e34f500002003a00e0c9b30030c79900b8
:10faa4003e409000e44f500002003a00c0c9b30049
:10fab40030c799003e409000e54f500002003a00e4
:10fac400a0c9b30030c799003e409000e64f5000f3
:10fad40002003a0080c9b30030c799003e4090004c
:10fae400e74f500002003a0060c9b30030c79900e4
:10faf4003e409000e84f500002003a0040c9b30075
:10fb040030c799003e409000e94f500002003a008f
:10fb140020c9b30030c799003e409000ea4f50001e
:10fb240002003a0000c9b30030c799003e4090007b
:10fb3400eb4f500002003a00e0c8b30030c7990010
:10fb44003e409000ec4f500002003a00c0c8b300a1
:10fb540030c799003e409000ed4f500002003a003b
:10fb6400a0c8b30030c799003e409000ee4f50004b
:10fb740002003a0080c8b30030c799003e409000ac
:10fb8400ef4f500002003a0060c8b30030c799003c
:10fb94003e409000f04f500002003a0040c8b300cd
:10fba40030c799003e409000f14f500002003a00e7
:10fbb40020c8b30030c799003e409000f24f500077
:10fbc40002003a0000c8b30030c799003e409000dc
:10fbd400f34f500002003a00e0c7b30030c7990069
:10fbe4003e409000f44f500002003a00c0c7b300fa
:10fbf40030c799003e409000f54f500002003a0093
:10fc0400a0c7b30030c799003e409000f64f5000a3
:10fc140002003a0080c7b30030c799003e4090000c
:10fc2400f74f500002003a0060c7b30030c7990094
:10fc34003e409000f84f500002003a0040c7b30025
:10fc440030c799003e409000f94f500002003a003e
:10fc540020c7b30030c799003e409000fa4f5000cf
:10fc640002003a0000c7b30030c799003e4090003c
:10fc7400fb4f500002003a00e0c6b30030c79900c1
:10fc84003e409000fc4f500002003a00c0c6b30052
:10fc940030c799003e409000fd4f500002003a00ea
:10fca400a0c6b30030c799003e409000fe4f5000fc
:10fcb40002003a0080c6b30030c799003e4090006d
:10fcc400ff4f500002003a0060c6b30030c79900ed
:10fcd400be40900000c2b30080cf500002003a0042
:10fce40040c6b30030c79900be40900010c2b300b4
:10fcf40080cf500002003a0020c6b30030c79900fc
:10fd0400be40900020c2b30080cf500002003a00f1
:10fd140000c6b30030c79900be40900030c2b300a3
:10fd240080cf500002003a00e0c5b30030c799000c
:10fd3400be40900040c2b30080cf500002003a00a1
:10fd4400c0c5b30030c79900be40900050c2b30094
:10fd540080cf500002003a00a0c5b30030c799001c
:10fd6400be40900060c2b30080cf500002003a0051
:10fd740080c5b30030c79900be40900070c2b30084
:10fd840080cf500002003a0060c5b30030c799002c
:10fd9400be40900080c2b30080cf500002003a0001
:10fda40040c5b30030c79900be40900090c2b30074
:10fdb40080cf500002003a0020c5b30030c799003c
:10fdc400be409000a0c2b30080cf500002003a00b1
:10fdd40000c5b30030c79900be409000b0c2b30064
:10fde40080cf500002003a00e0c4b30030c799004d
:10fdf400be409000c0c2b30080cf500002003a0061
:10fe0400c0c4b30030c79900be409000d0c2b30054
:10fe140080cf500002003a00a0c4b30030c799005c
:10fe2400be409000e0c2b30080cf500002003a0010
:10fe340080c4b30030c79900be409000f0c2b30044
:10fe440080cf500002003a0060c4b30030c799006c
:10fe5400be40900000c3b30080cf500002003a00bf
:10fe640040c4b30030c79900be40900010c3b30033
:10fe740080cf500002003a0020c4b30030c799007c
:10fe8400be40900020c3b30080cf500002003a006f
:10fe940000c4b30030c79900be40900030c3b30023
:10fea40080cf500002003a00e0c3b30030c799008d
:10feb400be40900040c3b30080cf500002003a001f
:10fec400c0c3b30030c79900be40900050c3b30014
:10fed40080cf500002003a00a0c3b30030c799009d
:10fee400be40900060c3b30080cf500002003a00cf
:10fef40080c3b30030c79900be40900070c3b30004
:10ff040080cf500002003a0060c3b30030c79900ac
:10ff1400be40900080c3b30080cf500002003a007e
:10ff240040c3b30030c79900be40900090c3b300f3
:10ff340080cf500002003a0020c3b30030c79900bc
:10ff4400be409000a0c3b30080cf500002003a002e
:10ff540000c3b30030c79900be409000b0c3b300e3
:10ff640080cf500002003a00e0c2b30030c79900cd
:10ff7400be409000c0c3b30080cf500002003a00de
:10ff8400c0c2b30030c79900be409000d0c3b300d4
:10ff940080cf500002003a00a0c2b30030c79900dd
:10ffa400be409000e0c3b30080cf500002003a008e
:10ffb40080c2b30030c79900be409000f0c3b300c4
:10ffc40080cf500002003a0060c2b30030c79900ed
:10ffd400be40900000c4b30080cf500002003a003d
:10ffe40040c2b30030c79900be40900010c4b300b3
:10fff40080cf500002003a0020c2b30030c79900fd
:020000040001f9
:10000400be40900020c4b30080cf500002003a00ec
:1000140000c2b30030c79900be40900030c4b300a2
:1000240080cf500002003a00e0c1b30030c799000d
:10003400be40900040c4b30080cf500002003a009c
:10004400c0c1b30030c79900be40900050c4b30093
:1000540080cf500002003a00a0c1b30030c799001d
:10006400be40900060c4b30080cf500002003a004c
:1000740080c1b30030c79900be40900070c4b30083
:1000840080cf500002003a0060c1b30030c799002d
:10009400be40900080c4b30080cf500002003a00fc
:1000a40040c1b30030c79900be40900090c4b30073
:1000b40080cf500002003a0020c1b30030c799003d
:1000c400be409000a0c4b30080cf500002003a00ac
:1000d40000c1b30030c79900be409000b0c4b30063
:1000e40080cf500002003a00e0c0b30030c799004e
:1000f400be409000c0c4b30080cf500002003a005c
:10010400c0c0b30030c79900be409000d0c4b30053
:1001140080cf500002003a00a0c0b30030c799005d
:10012400be409000e0c4b30080cf500002003a000b
:1001340080c0b30030c79900be409000f0c4b30043
:1001440080cf500002003a0060c0b30030c799006d
:10015400be40900000c5b30080cf500002003a00ba
:1001640040c0b30030c79900be40900010c5b30032
:1001740080cf500002003a0020c0b30030c799007d
:10018400be40900020c5b30080cf500002003a006a
:100194000040eb0030c799003ec091004e9e020023
:1001a40001000000104798000040eb0040c7990090
:1001b400300c20000e00400045ca220064ca220010
:1001c4008001780012c0b300c140200000cab3000f
:1001d4009a8d02000100000045ca220064ca220070
:1001e40083d6200012c0b300c140200000cab3006f
:1001f400aa8e020001000000400c20000e00400006
:1002040045ca220064ca22008001780012c0b300eb
:100214000141200000cab3009a8d020001000000d1
:1002240045ca220064ca2200c3d6200012c0b3000b
:100234000141200000cab300aa8e020001000000a0
:1002440010c0b300004f7800be40900020c5b3003a
:1002540080cf500054003600be40900080c5b300eb
:1002640080cf500050003e00be40900030c5b30027
:1002740080cf500002003a00a0c0b30030c79900fc
:10028400be40900040c5b30080cf500002003a0049
:1002940080c0b30030c79900be40900050c5b30081
:1002a40080cf500002003a0060c0b30030c799000c
:1002b400be40900060c5b30080cf500002003a00f9
:1002c40040c0b30030c79900be40900070c5b30071
:1002d40080cf500002003a0020c0b30030c799001c
:1002e400be40900080c5b30080cf500002003a00a9
:1002f4000040eb0030c799003ec091004e9e0200c2
:10030400010000001047980000c2b30040c79900e4
:10031400300c20000e00400045ca220064ca2200ae
:100324008001780012c0b300c140200000cab300ad
:100334009a8d02000100000045ca220064ca22000e
:1003440083d6200012c0b300c140200000cab3000d
:10035400aa8e020001000000400c20000e004000a4
:1003640045ca220064ca22008001780012c0b3008a
:100374000141200000cab3009a8d02000100000070
:1003840045ca220064ca2200c3d6200012c0b300aa
:100394000141200000cab300aa8e0200010000003f
:1003a40010c0b300004f7800be40900080c5b30079
:1003b40080cf500054003600be409000e0c5b3002a
:1003c40080cf500050003e00be40900090c5b30066
:1003d40080cf500002003a00a0c0b30030c799009b
:1003e400be409000a0c5b30080cf500002003a0088
:1003f40080c0b30030c79900be409000b0c5b300c0
:1004040080cf500002003a0060c0b30030c79900aa
:10041400be409000c0c5b30080cf500002003a0037
:1004240040c0b30030c79900be409000d0c5b300af
:1004340080cf500002003a0020c0b30030c79900ba
:10044400be409000e0c5b30080cf500002003a00e7
:100454000040eb0030c799003ec091004e9e020060
:10046400010000001047980000c4b30040c7990081
:10047400300c20000e00400045ca220064ca22004d
:100484008001780012c0b300c140200000cab3004c
:100494009a8d02000100000045ca220064ca2200ad
:1004a40083d6200012c0b300c140200000cab300ac
:1004b400aa8e020001000000400c20000e00400043
:1004c40045ca220064ca22008001780012c0b30029
:1004d4000141200000cab3009a8d0200010000000f
:1004e40045ca220064ca2200c3d6200012c0b30049
:1004f4000141200000cab300aa8e020001000000de
:1005040010c0b300004f7800be409000e0c5b300b7
:1005140080cf50005d003600be40900040c6b3005e
:1005240080cf500059003e00be409000f0c5b3009b
:1005340080cf500002003a00a0c0b30030c7990039
:10054400be40900000c6b30080cf500002003a00c5
:1005540080c0b30030c79900be40900010c6b300fd
:1005640080cf500002003a0060c0b30030c7990049
:10057400be40900020c6b30080cf500002003a0075
:1005840040c0b30030c79900be40900030c6b300ed
:1005940080cf500002003a0020c0b30030c7990059
:1005a400be40900040c6b30080cf500002003a0025
:1005b4000040eb0030c799003ec091004e9e0200ff
:1005c400010000001047980000c6b30040c799001e
:1005d400300c20000e00400045ca220064ca2200ec
:1005e4008001780012c0b300c140200000cab300eb
:1005f4009a8d02000100000045ca220064ca22004c
:1006040083d6200012c0b300c140200000cab3004a
:10061400aa8e020001000000400c20000e004000e1
:1006240045ca220064ca22008001780012c0b300c7
:100634000141200000cab3009a8d020001000000ad
:1006440045ca220064ca2200c3d6200012c0b300e7
:100654000141200000cab300aa8e0200010000007c
:1006640010c0b300004f78000800370045ca2200cc
:1006740064ca2200d3d5200012c0b30011022000a6
:1006840000cab300aa8e02000100000069004700fe
:10069400330020000001780081e12a003ea0900090
:1006a400df1f07000000e0007c0332006900470000
:1006b400c09b020001000000004f9800f0d520000c
:1006c400104078000080fb000000e8000000e0001b
:1006d40022003500f0d52000104078000080fb0097
:1006e4008000e80040062000808f50001b003c0082
:1006f4009e489000b0c2b30080cf500017003a006b
:10070400f0d52000104078008040e800f0d52000ab
:100714000148780045ca220064ca2200f3d52000ab
:1007240012c0b3003102200000cab3009a8d020047
:100734000100000045ca220064ca2200f3d520004b
:1007440012c0b3003102200000cab300aa8e020016
:100754000100000010c0b300004f7800f0d5200065
:10076400104078000080fb000000e9000000e00079
:1007740022003500f0d52000104078000080fb00f6
:100784008000e90040062000808f50001b003c00e0
:100794009e489000d0c2b30080cf500017003a00aa
:1007a400f0d52000104078008040e900f0d520000a
:1007b4000148780045ca220064ca2200f3d520000b
:1007c40012c0b3003102200000cab3009a8d0200a7
:1007d4000100000045ca220064ca2200f3d52000ab
:1007e40012c0b3003102200000cab300aa8e020076
:1007f4000100000010c0b300004f7800f0d52000c5
:10080400904078000e48900080cf500023033200bf
:100814009e489000b0c2b30080cf50001f03320046
:100824009e489000d0c2b30080cf50001b0332001a
:100834008e489000f0d520000148780045ca220077
:1008440064ca2200f3d5200012c0b3003102200094
:1008540000cab3009a8d02000100000010c0b3006a
:10086400004f78000040eb00404798008e4890000d
:1008740041479800ce40900020c5b30080cf50007f
:10088400fe013e004e4090000004e00002003a00e9
:10089400a0cbb30030c799004e409000e14f500008
:1008a40002003a0020cab30030c799004e409000bd
:1008b400e24f500002003a0000cab30030c799006a
:1008c4004e409000e34f500002003a00e0c9b300ec
:1008d40030c799004e409000e44f500002003a00a7
:1008e400c0c9b30030c799004e409000e54f500096
:1008f40002003a00a0c9b30030c799004e409000ee
:10090400e64f500002003a0080c9b30030c7990096
:100914004e409000e74f500002003a0060c9b30017
:1009240030c799004e409000e84f500002003a0052
:1009340040c9b30030c799004e409000e94f5000c1
:1009440002003a0020c9b30030c799004e4090001d
:10095400ea4f500002003a0000c9b30030c79900c2
:100964004e409000eb4f500002003a00e0c8b30044
:1009740030c799004e409000ec4f500002003a00fe
:10098400c0c8b30030c799004e409000ed4f5000ee
:1009940002003a00a0c8b30030c799004e4090004e
:1009a400ee4f500002003a0080c8b30030c79900ef
:1009b4004e409000ef4f500002003a0060c8b30070
:1009c40030c799004e409000f04f500002003a00aa
:1009d40040c8b30030c799004e409000f14f50001a
:1009e40002003a0020c8b30030c799004e4090007e
:1009f400f24f500002003a0000c8b30030c799001b
:100a04004e409000f34f500002003a00e0c7b3009c
:100a140030c799004e409000f44f500002003a0055
:100a2400c0c7b30030c799004e409000f54f500046
:100a340002003a00a0c7b30030c799004e409000ae
:100a4400f64f500002003a0080c7b30030c7990047
:100a54004e409000f74f500002003a0060c7b300c8
:100a640030c799004e409000f84f500002003a0001
:100a740040c7b30030c799004e409000f94f500072
:100a840002003a0020c7b30030c799004e409000de
:100a9400fa4f500002003a0000c7b30030c7990073
:100aa4004e409000fb4f500002003a00e0c6b300f5
:100ab40030c799004e409000fc4f500002003a00ad
:100ac400c0c6b30030c799004e409000fd4f50009f
:100ad40002003a00a0c6b30030c799004e4090000f
:100ae400fe4f500002003a0080c6b30030c79900a0
:100af4004e409000ff4f500002003a0060c6b30021
:100b040030c79900ce40900000c2b30080cf50009f
:100b140002003a0040c6b30030c79900ce409000ae
:100b240010c2b30080cf500002003a0020c6b300c8
:100b340030c79900ce40900020c2b30080cf50004f
:100b440002003a0000c6b30030c79900ce409000be
:100b540030c2b30080cf500002003a00e0c5b300b9
:100b640030c79900ce40900040c2b30080cf5000ff
:100b740002003a00c0c5b30030c79900ce409000cf
:100b840050c2b30080cf500002003a00a0c5b300a9
:100b940030c79900ce40900060c2b30080cf5000af
:100ba40002003a0080c5b30030c79900ce409000df
:100bb40070c2b30080cf500002003a0060c5b30099
:100bc40030c79900ce40900080c2b30080cf50005f
:100bd40002003a0040c5b30030c79900ce409000ef
:100be40090c2b30080cf500002003a0020c5b30089
:100bf40030c79900ce409000a0c2b30080cf50000f
:100c040002003a0000c5b30030c79900ce409000fe
:100c1400b0c2b30080cf500002003a00e0c4b30079
:100c240030c79900ce409000c0c2b30080cf5000be
:100c340002003a00c0c4b30030c79900ce4090000f
:100c4400d0c2b30080cf500002003a00a0c4b30069
:100c540030c79900ce409000e0c2b30080cf50006e
:100c640002003a0080c4b30030c79900ce4090001f
:100c7400f0c2b30080cf500002003a0060c4b30059
:100c840030c79900ce40900000c3b30080cf50001d
:100c940002003a0040c4b30030c79900ce4090002f
:100ca40010c3b30080cf500002003a0020c4b30048
:100cb40030c79900ce40900020c3b30080cf5000cd
:100cc40002003a0000c4b30030c79900ce4090003f
:100cd40030c3b30080cf500002003a00e0c3b30039
:100ce40030c79900ce40900040c3b30080cf50007d
:100cf40002003a00c0c3b30030c79900ce40900050
:100d040050c3b30080cf500002003a00a0c3b30028
:100d140030c79900ce40900060c3b30080cf50002c
:100d240002003a0080c3b30030c79900ce4090005f
:100d340070c3b30080cf500002003a0060c3b30018
:100d440030c79900ce40900080c3b30080cf5000dc
:100d540002003a0040c3b30030c79900ce4090006f
:100d640090c3b30080cf500002003a0020c3b30008
:100d740030c79900ce409000a0c3b30080cf50008c
:100d840002003a0000c3b30030c79900ce4090007f
:100d9400b0c3b30080cf500002003a00e0c2b300f9
:100da40030c79900ce409000c0c3b30080cf50003c
:100db40002003a00c0c2b30030c79900ce40900090
:100dc400d0c3b30080cf500002003a00a0c2b300e9
:100dd40030c79900ce409000e0c3b30080cf5000ec
:100de40002003a0080c2b30030c79900ce409000a0
:100df400f0c3b30080cf500002003a0060c2b300d9
:100e040030c79900ce40900000c4b30080cf50009a
:100e140002003a0040c2b30030c79900ce409000af
:100e240010c4b30080cf500002003a0020c2b300c7
:100e340030c79900ce40900020c4b30080cf50004a
:100e440002003a0000c2b30030c79900ce409000bf
:100e540030c4b30080cf500002003a00e0c1b300b8
:100e640030c79900ce40900040c4b30080cf5000fa
:100e740002003a00c0c1b30030c79900ce409000d0
:100e840050c4b30080cf500002003a00a0c1b300a8
:100e940030c79900ce40900060c4b30080cf5000aa
:100ea40002003a0080c1b30030c79900ce409000e0
:100eb40070c4b30080cf500002003a0060c1b30098
:100ec40030c79900ce40900080c4b30080cf50005a
:100ed40002003a0040c1b30030c79900ce409000f0
:100ee40090c4b30080cf500002003a0020c1b30088
:100ef40030c79900ce409000a0c4b30080cf50000a
:100f040002003a0000c1b30030c79900ce409000ff
:100f1400b0c4b30080cf500002003a00e0c0b30078
:100f240030c79900ce409000c0c4b30080cf5000b9
:100f340002003a00c0c0b30030c79900ce40900010
:100f4400d0c4b30080cf500002003a00a0c0b30068
:100f540030c79900ce409000e0c4b30080cf500069
:100f640002003a0080c0b30030c79900ce40900020
:100f7400f0c4b30080cf500002003a0060c0b30058
:100f840030c79900ce40900000c5b30080cf500018
:100f940002003a0040c0b30030c79900ce40900030
:100fa40010c5b30080cf500002003a0020c0b30047
:100fb40030c79900ce40900020c5b30080cf5000c8
:100fc40002003a000040eb0030c799003ec0910097
:100fd4004e9e020001000000104798000040eb0004
:100fe40040c79900300c20000e00400045ca220082
:100ff40064ca22008001780012c0b300914020002e
:1010040000cab3009a8d02000100000045ca220004
:1010140064ca220053d6200012c0b30091402000bd
:1010240000cab300aa8e020001000000400c200098
:101034000e00400045ca220064ca220080017800e4
:1010440012c0b300d140200000cab3009a8d020040
:101054000100000045ca220064ca220093d6200081
:1010640012c0b300d140200000cab300aa8e02000f
:101074000100000010c0b300004f7800ce40900083
:1010840020c5b30080cf500054003600ce409000fd
:1010940080c5b30080cf500050003e00ce40900089
:1010a40030c5b30080cf500002003a00a0c0b300a6
:1010b40030c79900ce40900040c5b30080cf5000a7
:1010c40002003a0080c0b30030c79900ce409000bf
:1010d40050c5b30080cf500002003a0060c0b30096
:1010e40030c79900ce40900060c5b30080cf500057
:1010f40002003a0040c0b30030c79900ce409000cf
:1011040070c5b30080cf500002003a0020c0b30085
:1011140030c79900ce40900080c5b30080cf500006
:1011240002003a000040eb0030c799003ec0910035
:101134004e9e0200010000001047980000c2b30058
:1011440040c79900300c20000e00400045ca220020
:1011540064ca22008001780012c0b30091402000cc
:1011640000cab3009a8d02000100000045ca2200a3
:1011740064ca220053d6200012c0b300914020005c
:1011840000cab300aa8e020001000000400c200037
:101194000e00400045ca220064ca22008001780083
:1011a40012c0b300d140200000cab3009a8d0200df
:1011b4000100000045ca220064ca220093d6200020
:1011c40012c0b300d140200000cab300aa8e0200ae
:1011d4000100000010c0b300004f7800ce40900022
:1011e40080c5b30080cf500054003600ce4090003c
:1011f400e0c5b30080cf500050003e00ce409000c8
:1012040090c5b30080cf500002003a00a0c0b300e4
:1012140030c79900ce409000a0c5b30080cf5000e5
:1012240002003a0080c0b30030c79900ce4090005d
:10123400b0c5b30080cf500002003a0060c0b300d4
:1012440030c79900ce409000c0c5b30080cf500095
:1012540002003a0040c0b30030c79900ce4090006d
:10126400d0c5b30080cf500002003a0020c0b300c4
:1012740030c79900ce409000e0c5b30080cf500045
:1012840002003a000040eb0030c799003ec09100d4
:101294004e9e0200010000001047980000c4b300f5
:1012a40040c79900300c20000e00400045ca2200bf
:1012b40064ca22008001780012c0b300914020006b
:1012c40000cab3009a8d02000100000045ca220042
:1012d40064ca220053d6200012c0b30091402000fb
:1012e40000cab300aa8e020001000000400c2000d6
:1012f4000e00400045ca220064ca22008001780022
:1013040012c0b300d140200000cab3009a8d02007d
:101314000100000045ca220064ca220093d62000be
:1013240012c0b300d140200000cab300aa8e02004c
:101334000100000010c0b300004f7800ce409000c0
:10134400e0c5b30080cf500054003600ce4090007a
:1013540040c6b30080cf500050003e00ce40900005
:10136400f0c5b30080cf500002003a00a0c0b30023
:1013740030c79900ce40900000c6b30080cf500023
:1013840002003a0080c0b30030c79900ce409000fc
:1013940010c6b30080cf500002003a0060c0b30012
:1013a40030c79900ce40900020c6b30080cf5000d3
:1013b40002003a0040c0b30030c79900ce4090000c
:1013c40030c6b30080cf500002003a0020c0b30002
:1013d40030c79900ce40900040c6b30080cf500083
:1013e40002003a000040eb0030c799003ec0910073
:1013f4004e9e0200010000001047980000c6b30092
:1014040040c79900300c20000e00400045ca22005d
:1014140064ca22008001780012c0b3009140200009
:1014240000cab3009a8d02000100000045ca2200e0
:1014340064ca220053d6200012c0b3009140200099
:1014440000cab300aa8e020001000000400c200074
:101454000e00400045ca220064ca220080017800c0
:1014640012c0b300d140200000cab3009a8d02001c
:101474000100000045ca220064ca220093d620005d
:1014840012c0b300d140200000cab300aa8e0200eb
:101494000100000010c0b300004f780045ca2200cc
:1014a40064ca2200f3d5200012c0b3003102200028
:1014b40000cab300aa8e02000100000069004700c0
:1014c4003300200000017800d1e12a003ea0900002
:1014d400531c07000000e000840332006900470049
:1014e400c09b020001000000004f980040d620007d
:1014f400104078000080fb000000e8000000e000dd
:101504002200350040d62000104078000080fb0007
:101514008000e80040062000808f50001b003c0043
:101524009e489000b0c2b30080cf500017003a002c
:1015340040d62000104078008040e80040d62000cb
:101544000148780045ca220064ca220043d620001c
:1015540012c0b3008140200000cab3009a8d02007b
:101564000100000045ca220064ca220043d62000bc
:1015740012c0b3008140200000cab300aa8e02004a
:101584000100000010c0b300004f780040d62000d6
:10159400104078000080fb000000e9000000e0003b
:1015a4002200350040d62000104078000080fb0067
:1015b4008000e90040062000808f50001b003c00a2
:1015c4009e489000d0c2b30080cf500017003a006c
:1015d40040d62000104078008040e90040d620002a
:1015e4000148780045ca220064ca220043d620007c
:1015f40012c0b3008140200000cab3009a8d0200db
:101604000100000045ca220064ca220043d620001b
:1016140012c0b3008140200000cab300aa8e0200a9
:101624000100000010c0b300004f780040d6200035
:10163400904078000e48900080cf50002b03320079
:101644009e489000b0c2b30080cf50002703320000
:101654009e489000d0c2b30080cf500023033200d4
:101664008e48900040d620000148780045ca2200e8
:1016740064ca220043d6200012c0b3008140200077
:1016840000cab3009a8d02000100000045ca22007e
:1016940064ca220043d6200012c0b3008140200057
:1016a40000cab300aa8e02000100000010c0b300fb
:1016b400004f78000040eb00504798008e4890009f
:1016c40051479800de40900020c5b30080cf500001
:1016d400fe013e005e4090000004e00002003a007b
:1016e400a0cbb30030c799005e409000e14f50009a
:1016f40002003a0020cab30030c799005e4090004f
:10170400e24f500002003a0000cab30030c799000b
:101714005e409000e34f500002003a00e0c9b3007d
:1017240030c799005e409000e44f500002003a0038
:10173400c0c9b30030c799005e409000e54f500027
:1017440002003a00a0c9b30030c799005e4090007f
:10175400e64f500002003a0080c9b30030c7990038
:101764005e409000e74f500002003a0060c9b300a9
:1017740030c799005e409000e84f500002003a00e4
:1017840040c9b30030c799005e409000e94f500053
:1017940002003a0020c9b30030c799005e409000af
:1017a400ea4f500002003a0000c9b30030c7990064
:1017b4005e409000eb4f500002003a00e0c8b300d6
:1017c40030c799005e409000ec4f500002003a0090
:1017d400c0c8b30030c799005e409000ed4f500080
:1017e40002003a00a0c8b30030c799005e409000e0
:1017f400ee4f500002003a0080c8b30030c7990091
:101804005e409000ef4f500002003a0060c8b30001
:1018140030c799005e409000f04f500002003a003b
:1018240040c8b30030c799005e409000f14f5000ab
:1018340002003a0020c8b30030c799005e4090000f
:10184400f24f500002003a0000c8b30030c79900bc
:101854005e409000f34f500002003a00e0c7b3002e
:1018640030c799005e409000f44f500002003a00e7
:10187400c0c7b30030c799005e409000f54f5000d8
:1018840002003a00a0c7b30030c799005e40900040
:10189400f64f500002003a0080c7b30030c79900e9
:1018a4005e409000f74f500002003a0060c7b3005a
:1018b40030c799005e409000f84f500002003a0093
:1018c40040c7b30030c799005e409000f94f500004
:1018d40002003a0020c7b30030c799005e40900070
:1018e400fa4f500002003a0000c7b30030c7990015
:1018f4005e409000fb4f500002003a00e0c6b30087
:1019040030c799005e409000fc4f500002003a003e
:10191400c0c6b30030c799005e409000fd4f500030
:1019240002003a00a0c6b30030c799005e409000a0
:10193400fe4f500002003a0080c6b30030c7990041
:101944005e409000ff4f500002003a0060c6b300b2
:1019540030c79900de40900000c2b30080cf500031
:1019640002003a0040c6b30030c79900de40900040
:1019740010c2b30080cf500002003a0020c6b3006a
:1019840030c79900de40900020c2b30080cf5000e1
:1019940002003a0000c6b30030c79900de40900050
:1019a40030c2b30080cf500002003a00e0c5b3005b
:1019b40030c79900de40900040c2b30080cf500091
:1019c40002003a00c0c5b30030c79900de40900061
:1019d40050c2b30080cf500002003a00a0c5b3004b
:1019e40030c79900de40900060c2b30080cf500041
:1019f40002003a0080c5b30030c79900de40900071
:101a040070c2b30080cf500002003a0060c5b3003a
:101a140030c79900de40900080c2b30080cf5000f0
:101a240002003a0040c5b30030c79900de40900080
:101a340090c2b30080cf500002003a0020c5b3002a
:101a440030c79900de409000a0c2b30080cf5000a0
:101a540002003a0000c5b30030c79900de40900090
:101a6400b0c2b30080cf500002003a00e0c4b3001b
:101a740030c79900de409000c0c2b30080cf500050
:101a840002003a00c0c4b30030c79900de409000a1
:101a9400d0c2b30080cf500002003a00a0c4b3000b
:101aa40030c79900de409000e0c2b30080cf500000
:101ab40002003a0080c4b30030c79900de409000b1
:101ac400f0c2b30080cf500002003a0060c4b300fb
:101ad40030c79900de40900000c3b30080cf5000af
:101ae40002003a0040c4b30030c79900de409000c1
:101af40010c3b30080cf500002003a0020c4b300ea
:101b040030c79900de40900020c3b30080cf50005e
:101b140002003a0000c4b30030c79900de409000d0
:101b240030c3b30080cf500002003a00e0c3b300da
:101b340030c79900de40900040c3b30080cf50000e
:101b440002003a00c0c3b30030c79900de409000e1
:101b540050c3b30080cf500002003a00a0c3b300ca
:101b640030c79900de40900060c3b30080cf5000be
:101b740002003a0080c3b30030c79900de409000f1
:101b840070c3b30080cf500002003a0060c3b300ba
:101b940030c79900de40900080c3b30080cf50006e
:101ba40002003a0040c3b30030c79900de40900001
:101bb40090c3b30080cf500002003a0020c3b300aa
:101bc40030c79900de409000a0c3b30080cf50001e
:101bd40002003a0000c3b30030c79900de40900011
:101be400b0c3b30080cf500002003a00e0c2b3009b
:101bf40030c79900de409000c0c3b30080cf5000ce
:101c040002003a00c0c2b30030c79900de40900021
:101c1400d0c3b30080cf500002003a00a0c2b3008a
:101c240030c79900de409000e0c3b30080cf50007d
:101c340002003a0080c2b30030c79900de40900031
:101c4400f0c3b30080cf500002003a0060c2b3007a
:101c540030c79900de40900000c4b30080cf50002c
:101c640002003a0040c2b30030c79900de40900041
:101c740010c4b30080cf500002003a0020c2b30069
:101c840030c79900de40900020c4b30080cf5000dc
:101c940002003a0000c2b30030c79900de40900051
:101ca40030c4b30080cf500002003a00e0c1b3005a
:101cb40030c79900de40900040c4b30080cf50008c
:101cc40002003a00c0c1b30030c79900de40900062
:101cd40050c4b30080cf500002003a00a0c1b3004a
:101ce40030c79900de40900060c4b30080cf50003c
:101cf40002003a0080c1b30030c79900de40900072
:101d040070c4b30080cf500002003a0060c1b30039
:101d140030c79900de40900080c4b30080cf5000eb
:101d240002003a0040c1b30030c79900de40900081
:101d340090c4b30080cf500002003a0020c1b30029
:101d440030c79900de409000a0c4b30080cf50009b
:101d540002003a0000c1b30030c79900de40900091
:101d6400b0c4b30080cf500002003a00e0c0b3001a
:101d740030c79900de409000c0c4b30080cf50004b
:101d840002003a00c0c0b30030c79900de409000a2
:101d9400d0c4b30080cf500002003a00a0c0b3000a
:101da40030c79900de409000e0c4b30080cf5000fb
:101db40002003a0080c0b30030c79900de409000b2
:101dc400f0c4b30080cf500002003a0060c0b300fa
:101dd40030c79900de40900000c5b30080cf5000aa
:101de40002003a0040c0b30030c79900de409000c2
:101df40010c5b30080cf500002003a0020c0b300e9
:101e040030c79900de40900020c5b30080cf500059
:101e140002003a000040eb0030c799003ec0910038
:101e24004e9e020001000000104798000040eb00a5
:101e340040c79900300c20000e00400045ca220023
:101e440064ca22008001780012c0b300b1402000af
:101e540000cab3009a8d02000100000045ca2200a6
:101e640064ca220073d6200012c0b300b14020001f
:101e740000cab300aa8e020001000000400c20003a
:101e84000e00400045ca220064ca22008001780086
:101e940012c0b300f140200000cab3009a8d0200c2
:101ea4000100000045ca220064ca2200b3d6200003
:101eb40012c0b300f140200000cab300aa8e020091
:101ec4000100000010c0b300004f7800de40900015
:101ed40020c5b30080cf500054003600de4090008f
:101ee40080c5b30080cf500050003e00de4090001b
:101ef40030c5b30080cf500002003a00a0c0b30048
:101f040030c79900de40900040c5b30080cf500038
:101f140002003a0080c0b30030c79900de40900050
:101f240050c5b30080cf500002003a0060c0b30037
:101f340030c79900de40900060c5b30080cf5000e8
:101f440002003a0040c0b30030c79900de40900060
:101f540070c5b30080cf500002003a0020c0b30027
:101f640030c79900de40900080c5b30080cf500098
:101f740002003a000040eb0030c799003ec09100d7
:101f84004e9e0200010000001047980000c2b300fa
:101f940040c79900300c20000e00400045ca2200c2
:101fa40064ca22008001780012c0b300b14020004e
:101fb40000cab3009a8d02000100000045ca220045
:101fc40064ca220073d6200012c0b300b1402000be
:101fd40000cab300aa8e020001000000400c2000d9
:101fe4000e00400045ca220064ca22008001780025
:101ff40012c0b300f140200000cab3009a8d020061
:102004000100000045ca220064ca2200b3d62000a1
:1020140012c0b300f140200000cab300aa8e02002f
:102024000100000010c0b300004f7800de409000b3
:1020340080c5b30080cf500054003600de409000cd
:10204400e0c5b30080cf500050003e00de40900059
:1020540090c5b30080cf500002003a00a0c0b30086
:1020640030c79900de409000a0c5b30080cf500077
:1020740002003a0080c0b30030c79900de409000ef
:10208400b0c5b30080cf500002003a0060c0b30076
:1020940030c79900de409000c0c5b30080cf500027
:1020a40002003a0040c0b30030c79900de409000ff
:1020b400d0c5b30080cf500002003a0020c0b30066
:1020c40030c79900de409000e0c5b30080cf5000d7
:1020d40002003a000040eb0030c799003ec0910076
:1020e4004e9e0200010000001047980000c4b30097
:1020f40040c79900300c20000e00400045ca220061
:1021040064ca22008001780012c0b300b1402000ec
:1021140000cab3009a8d02000100000045ca2200e3
:1021240064ca220073d6200012c0b300b14020005c
:1021340000cab300aa8e020001000000400c200077
:102144000e00400045ca220064ca220080017800c3
:1021540012c0b300f140200000cab3009a8d0200ff
:102164000100000045ca220064ca2200b3d6200040
:1021740012c0b300f140200000cab300aa8e0200ce
:102184000100000010c0b300004f7800de40900052
:10219400e0c5b30080cf500054003600de4090000c
:1021a40040c6b30080cf500050003e00de40900097
:1021b400f0c5b30080cf500002003a00a0c0b300c5
:1021c40030c79900de40900000c6b30080cf5000b5
:1021d40002003a0080c0b30030c79900de4090008e
:1021e40010c6b30080cf500002003a0060c0b300b4
:1021f40030c79900de40900020c6b30080cf500065
:1022040002003a0040c0b30030c79900de4090009d
:1022140030c6b30080cf500002003a0020c0b300a3
:1022240030c79900de40900040c6b30080cf500014
:1022340002003a000040eb0030c799003ec0910014
:102244004e9e0200010000001047980000c6b30033
:1022540040c79900300c20000e00400045ca2200ff
:1022640064ca22008001780012c0b300b14020008b
:1022740000cab3009a8d02000100000045ca220082
:1022840064ca220073d6200012c0b300b1402000fb
:1022940000cab300aa8e020001000000400c200016
:1022a4000e00400045ca220064ca22008001780062
:1022b40012c0b300f140200000cab3009a8d02009e
:1022c4000100000045ca220064ca2200b3d62000df
:1022d40012c0b300f140200000cab300aa8e02006d
:1022e4000100000010c0b300004f780069004700ef
:1022f400330020000001780021e22a003ea0900073
:10230400c71807000000e0002600320069004700fb
:10231400c09b020001000000004f98000e4890008e
:102324000004e0001f0032000e489000ee4f500001
:102334001c003e0000d62000904078000e4890001b
:1023440080cf50001700320069004700c09b020094
:102354000100000001d620008048780045ca220010
:1023640064ca220003d6200012c0b3005102200028
:1023740000cab3009a8d02000100000045ca220081
:1023840064ca220003d6200012c0b3005102200008
:1023940000cab300aa8e02000100000010c0b300fe
:1023a400004f7800690047004300200000017800d6
:1023b40071e22a003ea09000991807000000e00096
:1023c4000400320069004700e4a00200010000009c
:1023d400004f980069004700430020000001780086
:1023e400c1e22a003ea090008d1807000000e00022
:1023f4000400320069004700e4a00200010000006c
:10240400004f980069004700430020000001780055
:1024140011e32a003ea09000811807000000e000ac
:102424000400320069004700e4a00200010000003b
:10243400004f980069004700430020000001780025
:1024440061e32a003ea09000751807000000e00038
:102454000400320069004700e4a00200010000000b
:10246400004f9800690047004300200000017800f5
:10247400c1e32a003ea09000691807000000e000b4
:102484000400320069004700e4a0020001000000db
:10249400004f9800690047004300200000017800c5
:1024a40021e42a003ea090005d1807000000e0002f
:1024b4000400320069004700e4a0020001000000ab
:1024c400004f980069004700430020000001780095
:1024d40081e42a003ea09000511807000000e000ab
:1024e4000400320069004700e4a00200010000007b
:1024f400004f980069004700430020000001780065
:10250400e1e42a003ea09000451807000000e00026
:102514000400320069004700e4a00200010000004a
:10252400004f980069004700430020000001780034
:1025340051e52a003ea09000391807000000e00091
:10254400a701320069004700e4a002000100000076
:10255400004f98009e489000b0c2b30080cf500056
:10256400bd003a00c0d520009040780040c3b300bd
:1025740080cf50003a003e00c0d520009040780043
:1025840000c2b30080cf5000350036001e407800f2
:102594000004e00032003a00c0d5200090407800ea
:1025a40010c2b30080cf500016003a00c0d52000fe
:1025b40041c5b3000148780045ca220064ca22001c
:1025c400c3d5200012c0b3000102200000cab3002a
:1025d4009a8d02000100000045ca220064ca22004c
:1025e400c3d5200012c0b3000102200000cab3000a
:1025f400aa8e02000100000010c0b300004f780052
:1026040017003700c0d52000104078008040e90052
:10261400c0d520000148780045ca220064ca2200bf
:10262400c3d5200012c0b3000102200000cab300c9
:102634009a8d02000100000045ca220064ca2200eb
:10264400c3d5200012c0b3000102200000cab300a9
:10265400aa8e02000100000010c0b300004f7800f1
:10266400c0d520009040780040c5b30080cf500012
:102674003a003e00c0d5200090407800a0c4b300ca
:1026840080cf5000350036001e4078000004e00082
:1026940032003a00c0d5200090407800b0c4b300a6
:1026a40080cf500016003a00c0d5200041c7b300c7
:1026b4000148780045ca220064ca2200c3d520001c
:1026c40012c0b3000102200000cab3009a8d0200b8
:1026d4000100000045ca220064ca2200c3d52000bc
:1026e40012c0b3000102200000cab300aa8e020087
:1026f4000100000010c0b300004f7800170037003d
:10270400c0d52000104078008040e900c0d52000ea
:102714000148780045ca220064ca2200c3d52000bb
:1027240012c0b3000102200000cab3009a8d020057
:102734000100000045ca220064ca2200c3d520005b
:1027440012c0b3000102200000cab300aa8e020026
:102754000100000010c0b300004f7800c0d5200075
:102764009040780040c7b30080cf50003a003e004c
:10277400c0d5200090407800f0c5b30080cf500051
:10278400350036001e4078000004e00032003a00b4
:10279400c0d520009040780000c6b30080cf500020
:1027a40016003a00c0d5200001c6b30001487800e5
:1027b40045ca220064ca2200c3d5200012c0b30057
:1027c4000102200000cab3009a8d0200010000003b
:1027d40045ca220064ca2200c3d5200012c0b30037
:1027e4000102200000cab300aa8e0200010000000a
:1027f40010c0b300004f780017003700c0d5200088
:10280400104078008040e900c0d5200001487800dd
:1028140045ca220064ca2200c3d5200012c0b300f6
:102824000102200000cab3009a8d020001000000da
:1028340045ca220064ca2200c3d5200012c0b300d6
:102844000102200000cab300aa8e020001000000a9
:1028540010c0b300004f78009e489000d0c2b3006f
:1028640080cf5000bd003a00c0d5200090407800d1
:1028740040c3b30080cf50003a003e00c0d52000d2
:102884009040780000c2b30080cf5000350036007d
:102894001e4078000004e00032003a00c0d5200059
:1028a4009040780040c3b30080cf500016003a0037
:1028b400c0d5200041c3b3000148780045ca2200b6
:1028c40064ca2200c3d5200012c0b3000102200054
:1028d40000cab3009a8d02000100000045ca22001c
:1028e40064ca2200c3d5200012c0b3000102200034
:1028f40000cab300aa8e02000100000010c0b30099
:10290400004f780017003700c0d520001040780031
:102914008040e800c0d520000148780045ca220064
:1029240064ca2200c3d5200012c0b30001022000f3
:1029340000cab3009a8d02000100000045ca2200bb
:1029440064ca2200c3d5200012c0b30001022000d3
:1029540000cab300aa8e02000100000010c0b30038
:10296400004f7800c0d520009040780040c5b300e7
:1029740080cf50003a003e00c0d52000904078003f
:10298400a0c4b30080cf5000350036001e4078004c
:102994000004e00032003a00c0d5200090407800e6
:1029a40040c5b30080cf500016003a00c0d52000c7
:1029b40011c2b3000148780045ca220064ca22004b
:1029c400c3d5200012c0b3000102200000cab30026
:1029d4009a8d02000100000045ca220064ca220048
:1029e400c3d5200012c0b3000102200000cab30006
:1029f400aa8e02000100000010c0b300004f78004e
:102a040017003700c0d52000104078008040e8004f
:102a1400c0d520000148780045ca220064ca2200bb
:102a2400c3d5200012c0b3000102200000cab300c5
:102a34009a8d02000100000045ca220064ca2200e7
:102a4400c3d5200012c0b3000102200000cab300a5
:102a5400aa8e02000100000010c0b300004f7800ed
:102a6400c0d520009040780040c7b30080cf50000c
:102a74003a003e00c0d5200090407800f0c5b30075
:102a840080cf5000350036001e4078000004e0007e
:102a940032003a00c0d520009040780040c7b3000f
:102aa40080cf500016003a00c0d52000b1c4b30056
:102ab4000148780045ca220064ca2200c3d5200018
:102ac40012c0b3000102200000cab3009a8d0200b4
:102ad4000100000045ca220064ca2200c3d52000b8
:102ae40012c0b3000102200000cab300aa8e020083
:102af4000100000010c0b300004f78001700370039
:102b0400c0d52000104078008040e800c0d52000e7
:102b14000148780045ca220064ca2200c3d52000b7
:102b240012c0b3000102200000cab3009a8d020053
:102b34000100000045ca220064ca2200c3d5200057
:102b440012c0b3000102200000cab300aa8e020022
:102b54000100000010c0b300004f78008e489000c0
:102b6400c0d520001040780080cf500024003200ef
:102b74009e489000b0c2b30080cf500020003200c5
:102b84009e489000d0c2b30080cf50001c00320099
:102b94006800470045ca220064ca22008001780008
:102ba40012c0b3000102200000cab3009a8d0200d3
:102bb4000100000045ca220064ca2200c3d52000d7
:102bc40012c0b3000102200000cab300aa8e0200a2
:102bd4000100000010c0b300004f78000800370067
:102be40045ca220064ca2200c3d5200012c0b30023
:102bf4000102200000cab300aa8e020001000000f6
:102c0400690047004300200000017800b1e52a0074
:102c14003ea09000821607000000e000a7013200e9
:102c240069004700e4a0020001000000004f980082
:102c34009e489000b0c2b30080cf5000bd003a005f
:102c4400e0d520009040780040c3b30080cf50000e
:102c54003a003e00e0d520009040780000c2b30066
:102c640080cf5000350036001e4078000004e0009c
:102c740032003a00e0d520009040780010c2b30042
:102c840080cf500016003a00e0d5200041c5b300c3
:102c94000148780045ca220064ca2200e3d5200016
:102ca40012c0b3002102200000cab3009a8d0200b2
:102cb4000100000045ca220064ca2200e3d52000b6
:102cc40012c0b3002102200000cab300aa8e020081
:102cd4000100000010c0b300004f78001700370057
:102ce400e0d52000104078008040e900e0d52000c5
:102cf4000148780045ca220064ca2200e3d52000b6
:102d040012c0b3002102200000cab3009a8d020051
:102d14000100000045ca220064ca2200e3d5200055
:102d240012c0b3002102200000cab300aa8e020020
:102d34000100000010c0b300004f7800e0d520006f
:102d44009040780040c5b30080cf50003a003e0068
:102d5400e0d5200090407800a0c4b30080cf50009c
:102d6400350036001e4078000004e00032003a00ce
:102d7400e0d5200090407800b0c4b30080cf50006c
:102d840016003a00e0d5200041c7b300014878009e
:102d940045ca220064ca2200e3d5200012c0b30051
:102da4002102200000cab3009a8d02000100000035
:102db40045ca220064ca2200e3d5200012c0b30031
:102dc4002102200000cab300aa8e02000100000004
:102dd40010c0b300004f780017003700e0d5200082
:102de400104078008040e900e0d5200001487800d8
:102df40045ca220064ca2200e3d5200012c0b300f1
:102e04002102200000cab3009a8d020001000000d4
:102e140045ca220064ca2200e3d5200012c0b300d0
:102e24002102200000cab300aa8e020001000000a3
:102e340010c0b300004f7800e0d520009040780027
:102e440040c7b30080cf50003a003e00e0d52000d8
:102e540090407800f0c5b30080cf500035003600b4
:102e64001e4078000004e00032003a00e0d5200063
:102e74009040780000c6b30080cf500016003a009e
:102e8400e0d5200001c6b3000148780045ca2200fd
:102e940064ca2200e3d5200012c0b300210220003e
:102ea40000cab3009a8d02000100000045ca220046
:102eb40064ca2200e3d5200012c0b300210220001e
:102ec40000cab300aa8e02000100000010c0b300c3
:102ed400004f780017003700e0d52000104078003c
:102ee4008040e900e0d520000148780045ca22006e
:102ef40064ca2200e3d5200012c0b30021022000de
:102f040000cab3009a8d02000100000045ca2200e5
:102f140064ca2200e3d5200012c0b30021022000bd
:102f240000cab300aa8e02000100000010c0b30062
:102f3400004f78009e489000d0c2b30080cf50006c
:102f4400bd003a00e0d520009040780040c3b300b3
:102f540080cf50003a003e00e0d520009040780039
:102f640000c2b30080cf5000350036001e40780008
:102f74000004e00032003a00e0d5200090407800e0
:102f840040c3b30080cf500016003a00e0d52000c3
:102f940041c3b3000148780045ca220064ca220034
:102fa400e3d5200012c0b3002102200000cab30000
:102fb4009a8d02000100000045ca220064ca220062
:102fc400e3d5200012c0b3002102200000cab300e0
:102fd400aa8e02000100000010c0b300004f780068
:102fe40017003700e0d52000104078008040e8004a
:102ff400e0d520000148780045ca220064ca2200b6
:10300400e3d5200012c0b3002102200000cab3009f
:103014009a8d02000100000045ca220064ca220001
:10302400e3d5200012c0b3002102200000cab3007f
:10303400aa8e02000100000010c0b300004f780007
:10304400e0d520009040780040c5b30080cf500008
:103054003a003e00e0d5200090407800a0c4b300c0
:1030640080cf5000350036001e4078000004e00098
:1030740032003a00e0d520009040780040c5b3000b
:1030840080cf500016003a00e0d5200011c2b300f2
:103094000148780045ca220064ca2200e3d5200012
:1030a40012c0b3002102200000cab3009a8d0200ae
:1030b4000100000045ca220064ca2200e3d52000b2
:1030c40012c0b3002102200000cab300aa8e02007d
:1030d4000100000010c0b300004f78001700370053
:1030e400e0d52000104078008040e800e0d52000c2
:1030f4000148780045ca220064ca2200e3d52000b2
:1031040012c0b3002102200000cab3009a8d02004d
:103114000100000045ca220064ca2200e3d5200051
:1031240012c0b3002102200000cab300aa8e02001c
:103134000100000010c0b300004f7800e0d520006b
:103144009040780040c7b30080cf50003a003e0062
:10315400e0d5200090407800f0c5b30080cf500047
:10316400350036001e4078000004e00032003a00ca
:10317400e0d520009040780040c7b30080cf5000d5
:1031840016003a00e0d52000b1c4b300014878002d
:1031940045ca220064ca2200e3d5200012c0b3004d
:1031a4002102200000cab3009a8d02000100000031
:1031b40045ca220064ca2200e3d5200012c0b3002d
:1031c4002102200000cab300aa8e02000100000000
:1031d40010c0b300004f780017003700e0d520007e
:1031e400104078008040e800e0d5200001487800d5
:1031f40045ca220064ca2200e3d5200012c0b300ed
:103204002102200000cab3009a8d020001000000d0
:1032140045ca220064ca2200e3d5200012c0b300cc
:103224002102200000cab300aa8e0200010000009f
:1032340010c0b300004f78008e489000e0d5200005
:103244001040780080cf5000240032009e48900047
:10325400b0c2b30080cf5000200032009e489000de
:10326400d0c2b30080cf50001c0032006800470079
:1032740045ca220064ca22008001780012c0b3004b
:103284002102200000cab3009a8d02000100000050
:1032940045ca220064ca2200e3d5200012c0b3004c
:1032a4002102200000cab300aa8e0200010000001f
:1032b40010c0b300004f78000800370045ca220050
:1032c40064ca2200e3d5200012c0b300210220000a
:1032d40000cab300aa8e0200010000006900470082
:1032e400430020000001780021e62a003ea090005f
:1032f400cb1407000000e000a7013200690047007a
:10330400e4a0020001000000004f98009e489000d5
:10331400b0c2b30080cf5000bd003a00d0d6200028
:103324009040780040c3b30080cf50003a003e0084
:10333400d0d620009040780000c2b30080cf500067
:10334400350036001e4078000004e00032003a00e8
:10335400d0d620009040780010c2b30080cf500037
:1033640016003a00d0d6200041c5b30001487800c9
:1033740045ca220064ca2200d3d6200012c0b3007a
:103384001141200000cab3009a8d02000100000020
:1033940045ca220064ca2200d3d6200012c0b3005a
:1033a4001141200000cab300aa8e020001000000ef
:1033b40010c0b300004f780017003700d0d62000ab
:1033c400104078008040e900d0d620000148780001
:1033d40045ca220064ca2200d3d6200012c0b3001a
:1033e4001141200000cab3009a8d020001000000c0
:1033f40045ca220064ca2200d3d6200012c0b300fa
:103404001141200000cab300aa8e0200010000008e
:1034140010c0b300004f7800d0d620009040780050
:1034240040c5b30080cf50003a003e00d0d6200003
:1034340090407800a0c4b30080cf5000350036001f
:103444001e4078000004e00032003a00d0d620008c
:1034540090407800b0c4b30080cf500016003a000a
:10346400d0d6200041c7b3000148780045ca2200e5
:1034740064ca2200d3d6200012c0b3001141200038
:1034840000cab3009a8d02000100000045ca220060
:1034940064ca2200d3d6200012c0b3001141200018
:1034a40000cab300aa8e02000100000010c0b300dd
:1034b400004f780017003700d0d620001040780065
:1034c4008040e900d0d620000148780045ca220097
:1034d40064ca2200d3d6200012c0b30011412000d8
:1034e40000cab3009a8d02000100000045ca220000
:1034f40064ca2200d3d6200012c0b30011412000b8
:1035040000cab300aa8e02000100000010c0b3007c
:10351400004f7800d0d620009040780040c7b30018
:1035240080cf50003a003e00d0d620009040780072
:10353400f0c5b30080cf5000350036001e4078003f
:103544000004e00032003a00d0d620009040780019
:1035540000c6b30080cf500016003a00d0d6200039
:1035640001c6b3000148780045ca220064ca22009b
:10357400d3d6200012c0b3001141200000cab3000a
:103584009a8d02000100000045ca220064ca22008c
:10359400d3d6200012c0b3001141200000cab300ea
:1035a400aa8e02000100000010c0b300004f780092
:1035b40017003700d0d62000104078008040e90082
:1035c400d0d620000148780045ca220064ca2200ef
:1035d400d3d6200012c0b3001141200000cab300aa
:1035e4009a8d02000100000045ca220064ca22002c
:1035f400d3d6200012c0b3001141200000cab3008a
:10360400aa8e02000100000010c0b300004f780031
:103614009e489000d0c2b30080cf5000bd003a0055
:10362400d0d620009040780040c3b30080cf500033
:103634003a003e00d0d620009040780000c2b3008b
:1036440080cf5000350036001e4078000004e000b2
:1036540032003a00d0d620009040780040c3b30036
:1036640080cf500016003a00d0d6200041c3b300ea
:103674000148780045ca220064ca2200d3d620003b
:1036840012c0b3001141200000cab3009a8d020099
:103694000100000045ca220064ca2200d3d62000db
:1036a40012c0b3001141200000cab300aa8e020068
:1036b4000100000010c0b300004f7800170037006d
:1036c400d0d62000104078008040e800d0d62000fa
:1036d4000148780045ca220064ca2200d3d62000db
:1036e40012c0b3001141200000cab3009a8d020039
:1036f4000100000045ca220064ca2200d3d620007b
:1037040012c0b3001141200000cab300aa8e020007
:103714000100000010c0b300004f7800d0d6200094
:103724009040780040c5b30080cf50003a003e007e
:10373400d0d6200090407800a0c4b30080cf5000c1
:10374400350036001e4078000004e00032003a00e4
:10375400d0d620009040780040c5b30080cf500000
:1037640016003a00d0d6200011c2b30001487800f8
:1037740045ca220064ca2200d3d6200012c0b30076
:103784001141200000cab3009a8d0200010000001c
:1037940045ca220064ca2200d3d6200012c0b30056
:1037a4001141200000cab300aa8e020001000000eb
:1037b40010c0b300004f780017003700d0d62000a7
:1037c400104078008040e800d0d6200001487800fe
:1037d40045ca220064ca2200d3d6200012c0b30016
:1037e4001141200000cab3009a8d020001000000bc
:1037f40045ca220064ca2200d3d6200012c0b300f6
:103804001141200000cab300aa8e0200010000008a
:1038140010c0b300004f7800d0d62000904078004c
:1038240040c7b30080cf50003a003e00d0d62000fd
:1038340090407800f0c5b30080cf500035003600ca
:103844001e4078000004e00032003a00d0d6200088
:103854009040780040c7b30080cf500016003a0073
:10386400d0d62000b1c4b3000148780045ca220074
:1038740064ca2200d3d6200012c0b3001141200034
:1038840000cab3009a8d02000100000045ca22005c
:1038940064ca2200d3d6200012c0b3001141200014
:1038a40000cab300aa8e02000100000010c0b300d9
:1038b400004f780017003700d0d620001040780061
:1038c4008040e800d0d620000148780045ca220094
:1038d40064ca2200d3d6200012c0b30011412000d4
:1038e40000cab3009a8d02000100000045ca2200fc
:1038f40064ca2200d3d6200012c0b30011412000b4
:1039040000cab300aa8e02000100000010c0b30078
:10391400004f78008e489000d0d6200010407800e8
:1039240080cf5000240032009e489000b0c2b30003
:1039340080cf5000200032009e489000d0c2b300d7
:1039440080cf50001c0032006800470045ca2200a6
:1039540064ca22008001780012c0b3001141200023
:1039640000cab3009a8d02000100000045ca22007b
:1039740064ca2200d3d6200012c0b3001141200033
:1039840000cab300aa8e02000100000010c0b300f8
:10399400004f78000800370045ca220064ca22009c
:1039a400d3d6200012c0b3001141200000cab300d6
:1039b400aa8e02000100000081e62a00f0b3200074
:1039c400f6cf02000100000030079800be0090000e
:1039d400f0b3200080804000b0d520001040780073
:1039e4000041eb00a09e020001000000be00900018
:1039f4000080400030079800be009000f0b3200023
:103a04000080400081e72a00f6cf02000100000098
:103a1400be0090000080400030079800be00900077
:103a2400f0b3200080804000d0d520001040780002
:103a34000041eb00a09e020001000000be009000c7
:103a44000080400030079800be009000f0b32000d2
:103a540000804000f1e72a00f6cf020001000000d8
:103a6400be0090000080400030079800be00900027
:103a7400f0b3200080804000f0d520001040780092
:103a84000041eb00a09e020001000000be00900077
:103a94000080400030079800be009000f0b3200082
:103aa4000080400051e82a00f6cf02000100000027
:103ab400be0090000080400030079800be009000d7
:103ac400f0b320008080400040d6200010407800f1
:103ad4000041eb00a09e020001000000be00900027
:103ae4000080400030079800be009000f0b3200032
:103af40000804000b1e82a00f6cf02000100000077
:103b0400be0090000080400030079800be00900086
:103b1400f0b320008080400000d6200010407800e0
:103b24000041eb00a09e020001000000be009000d6
:103b34000080400030079800be009000f0b32000e1
:103b44000080400011e92a00f6cf020001000000c5
:103b5400be0090000080400030079800be00900036
:103b6400f0b320000080400071e92a00f6cf020083
:103b740001000000be009000008040003007980063
:103b8400be009000f0b320008080400050d620009a
:103b94001040780026a00200010000003e009000c2
:103ba4000080e80030079800be009000f0b32000c9
:103bb4000080400091e92a00f6cf020001000000d5
:103bc400be0090000080400030079800be009000c6
:103bd400f0b320000080400071e92a00f6cf020013
:103be40001000000be0090000080400030079800f3
:103bf400be009000f0b320008080400060d620001a
:103c04001040780026a00200010000003e00900051
:103c14000080e80030079800be009000f0b3200058
:103c240000804000f1e92a00f6cf02000100000004
:103c3400be0090000080400030079800be00900055
:103c4400f0b320000080400071e92a00f6cf0200a2
:103c540001000000be009000008040003007980082
:103c6400be009000f0b320008080400070d6200099
:103c74001040780026a00200010000003e009000e1
:103c84000080e80030079800be009000f0b32000e8
:103c94000080400051ea2a00f6cf02000100000033
:103ca400be0090000080400030079800be009000e5
:103cb400f0b320000080400071e92a00f6cf020032
:103cc40001000000be009000008040003007980012
:103cd400be009000f0b320008080400080d6200019
:103ce4001040780026a00200010000003e00900071
:103cf4000080e80030079800be009000f0b3200078
:103d040000804000c1ea2a00f6cf02000100000052
:103d1400be0090000080400030079800be00900074
:103d2400f0b320000080400071e92a00f6cf0200c1
:103d340001000000be0090000080400030079800a1
:103d4400be009000f0b320008080400090d6200098
:103d54001040780026a00200010000003e00900000
:103d64000080e80030079800be009000f0b3200007
:103d74000080400031eb2a00f6cf02000100000071
:103d8400be0090000080400030079800be00900004
:103d9400f0b320000080400071e92a00f6cf020051
:103da40001000000be009000008040003007980031
:103db400be009000f0b3200080804000a0d6200018
:103dc4001040780026a00200010000003e00900090
:103dd4000080e80030079800be009000f0b3200097
:103de40000804000a1eb2a00f6cf02000100000091
:103df400be0090000080400030079800be00900094
:103e0400f0b320000080400071e92a00f6cf0200e0
:103e140001000000be0090000080400030079800c0
:103e2400be009000f0b3200080804000b0d6200097
:103e34001040780026a00200010000003e0090001f
:103e44000080e80030079800be009000f0b3200026
:103e54000080400011ec2a00f6cf020001000000af
:103e6400be0090000080400030079800be00900023
:103e7400f0b320000080400091ec2a00f6cf02004d
:103e840001000000be009000008040003007980050
:103e9400be009000f0b3200080804000c0d6200017
:103ea4001040780026a00200010000003e009000af
:103eb4000080e80030079800be009000f0b32000b6
:103ec40000804000c1ec2a00f6cf0200010000008f
:103ed400be0090000080400030079800be009000b3
:103ee400f0b320000080400021ed2a00f6cf02004c
:103ef40001000000be0090000080400030079800e0
:103f0400be009000f0b320000080400071e92a0058
:103f1400f6cf020001000000be00900000804000c7
:103f240030079800be009000f0b32000808040006d
:103f3400c0d520001040780026a002000100000037
:103f44003e0090000080e80030079800be0090001a
:103f5400f0b320000080400091ed2a00f6cf02006b
:103f640001000000be00900000804000300798006f
:103f7400be009000f0b320000080400071e92a00e8
:103f8400f6cf020001000000be0090000080400057
:103f940030079800be009000f0b3200080804000fd
:103fa400e0d520001040780026a0020001000000a7
:103fb4003e0090000080e80030079800be009000aa
:103fc400f0b320000080400011ee2a00f6cf02007a
:103fd40001000000be0090000080400030079800ff
:103fe400be009000f0b320000080400071e92a0078
:103ff400f6cf020001000000be00900000804000e7
:1040040030079800be009000f0b32000808040008c
:10401400d0d620001040780026a002000100000045
:104024003e0090000080e800300798001e407800b1
:10403400e14f50000d003a00801f220070409000b4
:104044000004e00009003200801f22001000780004
:10405400610060000000e00004003a00801f2200bc
:1040640070409000dab40200010000000080fa0001
:1040740000000600b800fa00209f9800319f9800c5
:1040840081ee2a000e007800f6cf02000100000045
:10409400be9890000e00780011ea07000080fa0034
:1040a400000006000800fa00200798003107980075
:1040b400a1f72a00f0b32000f6cf020001000000af
:1040c400000f78000000eb00100798003a0037005a
:1040d4001e009000f50f5000340032001e009000c6
:1040e400e40f5000310032001e009000e50f500034
:1040f4002e0032001e009000e60f50002b0032000c
:104104001e009000e70f5000280032001e009000af
:10411400f00f5000250032009e007800f0b320001c
:1041240000804000d17c2a00f6cf0200010000008c
:104134001e0f40009e007800f0b3200080804000f5
:104144001e009000004078000041eb00a09e020099
:10415400010000001e0f40009e007800f0b3200014
:1041640000804000017d2a00f6cf0200010000001b
:104174001e0f40009e007800f0b320000081400034
:104184001e0090006600b90000007800e4004000c2
:104194000031210000804000100078008200780087
:1041a400d29c0200010000001e0f40001e0090007f
:1041b4000000e800100798001e009000f70f500060
:1041c400c3ff34009e007800f0b32000008040005c
:1041d40011f82a00f6cf0200010000001e0f400073
:1041e4009e007800f0b320008080400040e1200071
:1041f400104078000041eb00a09e02000100000086
:104204001e0f40000080fa0000000600aa00fa0019
:1042140030979800419798000040eb004047980081
:104224006600470061f82a00f6cf02000100000092
:104234001007980066004700310c07000060fe007c
:104244006600470061fb2a00f6cf0200010000006f
:104254001007980066004700ce90900094dd070098
:104264000060fe0066004700d1fe2a00f6cf02007f
:1042740001000000100798001e009000e6004700af
:10428400008040000041eb0080007800e0c1b300f2
:10429400a09e0200010000009e00900000804000eb
:1042a40010079800e40047006600470062e1070039
:1042b4000060fe0066004700b1022b00f6cf02004a
:1042c40001000000100798001e009000e60047005f
:1042d4000080400080007800e07f2000d29c020033
:1042e400010000009e00900000804000100798002c
:1042f400e4004700660047004fe107000060fe004d
:1043040066004700b1052b00f6cf02000100000053
:1043140010079800e40047006600470055ff0700b7
:104324000060fe000000eb00000f78001e00370064
:104334006600470081062b00f6cf02000100000052
:10434400100798001e009000e6004700808040009f
:104354001e007800004078000041eb00a09e02009f
:10436400010000009e0090000080400010079800ab
:104374001e009000e600470000804000f1062b007c
:10438400f6cf0200010000009e0090000080400073
:1043940010079800e4004700660047008bdf070021
:1043a4000060fe001e0fe8001e007800e90f5000b8
:1043b400dfff36006600470091072b00f6cf0200ae
:1043c4000100000010079800e40047006600470061
:1043d4005de5070020002000000f78001e00370074
:1043e4006600470031092b00f6cf020001000000ef
:1043f400100798001e009000e600470080804000ef
:104404001e007800004078000041eb00a09e0200ee
:10441400010000009e0090000080400010079800fa
:104424001e009000e600470000804000a1092b0018
:10443400f6cf0200010000009e00900000804000c2
:1044440010079800e4004700660047003ee50700b7
:104454000060fe001e0fe8001e007800e40f50000c
:10446400dfff3400e0d8200001cab300014878001f
:1044740045ca220064ca2200e3d8200012c0b30057
:10448400a103200000cab3009a8d020001000000bd
:1044940045ca220064ca2200e3d8200012c0b30037
:1044a400a103200000cab300aa8e0200010000008c
:1044b400e006210051c0b3000148780045ca22003b
:1044c40064ca2200e306210012c0b300c103200025
:1044d40000cab3009a8d020001000000f00621001a
:1044e40001c5b3000148780045ca220064ca22000d
:1044f400f306210012c0b300d103200000cab300a8
:104504009a8d020001000000f0d8200051cab300c7
:104514000148780045ca220064ca2200f3d820006a
:1045240012c0b300b12e200000cab3009a8d02005d
:104534000100000045ca220064ca2200f3d820000a
:1045440012c0b300b12e200000cab300aa8e02002c
:1045540001000000400d2300a065890040cb22002b
:1045640045ca220064ca22008001780022c0b30038
:10457400f12e200000cab3009a8d02000100000051
:104584000000eb00a065890040cb220045ca220050
:1045940064ca22008001780022c0b300f12e2000fa
:1045a40000cab300aa8e020001000000006b2300c1
:1045b400b065890060cb220045ca220064ca22008b
:1045c4008001780022c0b300112f200000cab3007c
:1045d4009a8d0200010000000000eb00b065890024
:1045e40060cb220045ca220064ca22008001780000
:1045f40022c0b300112f200000cab300aa8e02000b
:1046040001000000401f2000c065890080cb22000b
:1046140045ca220064ca22008001780022c0b30087
:10462400312f200000cab3009a8d0200010000005f
:104634000000eb00c065890080cb220045ca22003f
:1046440064ca22008001780022c0b300312f200008
:1046540000cab300aa8e020001000000a0cb220011
:104664008040eb000148780045ca220064ca220059
:10467400a3cb220012c0b3004102200000cab30041
:104684009a8d02000100000045ca220064ca22007b
:10469400a3cb220012c0b3004102200000cab30021
:1046a400aa8e02000100000000ad220021c3b30065
:1046b4000148780045ca220064ca220003ad2200e2
:1046c40012c0b300b12f200000cab3009a8d0200bb
:1046d4000100000045ca220064ca220003ad220082
:1046e40012c0b300b12f200000cab300aa8e02008a
:1046f4000100000040012000806b880000d72000ea
:1047040045ca220064ca22008001780022c0b30096
:104714009142200000cab3009a8d020001000000fb
:1047240000d7200045ca220064ca22008001780014
:1047340022c0b3009142200000cab300aa8e020036
:1047440001000000002b2100d1c2b3000148780011
:1047540045ca220064ca2200032b210012c0b30000
:10476400e103200000cab3009a8d0200010000009a
:1047740045ca220064ca2200032b210012c0b300e0
:10478400e103200000cab300aa8e02000100000069
:10479400102b2100c1c3b3000148780045ca220090
:1047a40064ca2200132b210012c0b300f1032000bd
:1047b40000cab3009a8d02000100000045ca22001d
:1047c40064ca2200132b210012c0b300f10320009d
:1047d40000cab300aa8e020001000000702e21005e
:1047e40061c1b3000148780045ca220064ca2200ae
:1047f400732e210012c0b300c12f200000cab300e1
:104804009a8d02000100000045ca220064ca2200f9
:10481400732e210012c0b300c12f200000cab300c0
:10482400aa8e020001000000802e210091c1b30075
:104834000148780045ca220064ca2200832e210060
:1048440012c0b300d12f200000cab3009a8d020019
:104854000100000045ca220064ca2200832e210000
:1048640012c0b300d12f200000cab300aa8e0200e8
:1048740001000000902e2100e1c4b300014878003b
:1048840045ca220064ca2200932e210012c0b3003c
:10489400e12f200000cab3009a8d0200010000003d
:1048a40045ca220064ca2200932e210012c0b3001c
:1048b400e12f200000cab300aa8e0200010000000c
:1048c400b10a2b00f0b32000f6cf02000100000073
:1048d400100798000080fa00000006000800fa00a3
:1048e4002007980031079800410b2b00f0b32000fb
:1048f400f6cf020001000000000f78000000eb007a
:1049040010079800180037001e0090000000e00017
:10491400070034009e007800f0b3200000804000bf
:10492400817d2a00f6cf0200010000001e0f400026
:10493400f2bc21001e0090007f00b9000000780046
:10494400800041001e017800f0b320000000410007
:10495400f6cf0200010000001e0f40001e00900070
:104964000000e800100798001e009000e30f5000bc
:10497400e5ff34009e007800f0b320000080400082
:10498400e10b2b00f6cf0200010000001e0f4000d7
:10499400b1c421001e017800f0b3200000004100e2
:1049a400f6cf0200010000001e0f40000080fa0054
:1049b400000006000600fa0010079800210798007e
:1049c400130020000e017800010c2b001e00900043
:1049d400130f07000000e0000f0032009e40780033
:1049e40010c3b30080cf500004003a0011c0b300dc
:1049f40000012000d4310200010000009e40780034
:104a040020c3b30080cf500003003a00d006210039
:104a14008040eb0001487800130020000e0178006c
:104a2400510c2b001e009000fd0e07000000e0005a
:104a3400070032009e40780010c3b30080cf5000be
:104a440003003a00c08020008040eb000148780059
:104a5400130020000e017800d10c2b001e009000e2
:104a6400ef0e07000000e000070032009e407800cf
:104a740010c3b30080cf500003003a00e02a2100a5
:104a840011c0b30001487800f0b320003dd6070000
:104a94000080fa00000006000c00fa0040079800ad
:104aa400510798000e80e8003300200000017800d0
:104ab400e1b82a004e009000d90e07000000e00083
:104ac40038003200ae40900010c3b30080cf5000d5
:104ad40034003a00a0c72200104078000004e0002f
:104ae40030003a00a0c7220011c0b300014878008a
:104af40010002000c09c8800210d2b00f0b3200082
:104b0400f6cf020001000000000f78009e0078003c
:104b1400f0b3200000804000800078006005210090
:104b2400b1d507000080fb001e0f40000e80e80096
:104b34003300200000017800f10d2b004e0090009e
:104b4400b70e07000000e000160032000e80e800f7
:104b540066a0020001000000806b880000d72000de
:104b640045ca220064ca22008001780022c0b30032
:104b74009142200000cab3009a8d02000100000097
:104b840000d7200045ca220064ca220080017800b0
:104b940022c0b3009142200000cab300aa8e0200d2
:104ba400010000000080fa00000006000a00fa007c
:104bb4003007980041079800410e2b00f0b3200005
:104bc400f6cf020001000000000f78009e0078007c
:104bd400f0b320000080400080007800001721001e
:104be40081d507000080fb001e0f40009e00780066
:104bf400f0b3200000804000210f2b00f6cf02000c
:104c0400010000001e0f40009e007800f0b3200059
:104c140080804000c08b8000d29c02000100000014
:104c24001e0f40009e007800f0b32000008040007a
:104c340001812a00f6cf0200010000001e0f40008f
:104c44009e007800f0b3200080804000a01721006f
:104c5400104078000041eb00a09e0200010000001b
:104c64001e0f40009e007800f0b32000008040003a
:104c7400710f2b00f6cf0200010000001e0f400050
:104c8400e00920001e005000100798001e0090004c
:104c94000000e000150034009e009000f0092000a0
:104ca400808f500011003c009e00900000072100fe
:104cb400008040009040780041479800010721009f
:104cc4001e017800f0b3200000004100f6cf02007e
:104cd400010000001e0f40009e009000000721000c
:104ce40000804000ce409000014878009e0078008b
:104cf400f0b3200000804000c10f2b00f6cf02006b
:104d0400010000001e0f4000f00420009e00780007
:104d1400808f500058003c009e007800f0b32000c3
:104d240000804000e10f2b00f6cf020001000000dc
:104d34001e0f40009e007800f0b320000080400069
:104d440080007800c027210027d507000080fb00e1
:104d54001e0f40009e007800f0b320000080400049
:104d6400210f2b00f6cf0200010000001e0f4000af
:104d74009e007800f0b320008080400020948000e2
:104d8400d29c0200010000001e0f40009e0078002b
:104d9400f0b320000080400001812a00f6cf020019
:104da400010000001e0f40009e007800f0b32000b8
:104db4008080400060282100104078000041eb0012
:104dc400a09e0200010000001e0f40009e0078001b
:104dd400f0b3200000804000710f2b00f6cf0200da
:104de400010000001e0f4000e00920001e005000da
:104df400100798001e0090000000e0001700340027
:104e04009e009000f0092000808f500013003c00a9
:104e14001e009000c1102000808040000007210087
:104e2400008040009040780041479800c11721005d
:104e34001e017800f0b3200000004100f6cf02000c
:104e4400010000001e0f40009e009000c0172100ca
:104e540000804000ce409000014878009e00780019
:104e6400f0b320000080400081102b00f6cf020038
:104e7400010000001e0f40000080fa000000060040
:104e84000800fa0020079800310798000e80e80017
:104e94001300200000017800e1b82a002e009000e1
:104ea400df0d07000000e0003a003200ae40900041
:104eb40010c3b30080cf500004003200ae40900015
:104ec40020c3b30080cf500032003a003e0090006f
:104ed4000000e00007003a002e4090008040780077
:104ee40000cdb30080c04000e0e02000014878001d
:104ef400280037003e009000e8d0020001000000c6
:104f04000000e00023003200a0dd20001040780003
:104f14000004e0000e003a00be009000a0dd200076
:104f2400f6cf0200010000002e409000804078007f
:104f340000cdb30080c0400000e1200001487800ab
:104f440060aa220011c0b3000148780011003700a4
:104f540040df2000104078000004e0000d003a001b
:104f6400be00900040df2000f6cf020001000000e8
:104f74002e4090008040780000cdb30080c04000f7
:104f840010e120000148780060aa220011c0b3009b
:104f94000148780060aa2200104078000004e00074
:104fa40052003a00b1102b00f0b32000f6cf0200fb
:104fb40001000000000f78009e007800f0b320008c
:104fc40080804000e0e02000104078000041eb00c9
:104fd400a09e0200010000001e0f40009e00780009
:104fe400f0b320000080400091112b00f6cf0200a6
:104ff400010000001e0f4000a0dd200010407800da
:105004000004e000080032009e007800f0b32000a5
:1050140000804000a1dd2000f6cf02000100000066
:105024001e0f4000070037009e007800f0b32000f8
:1050340000804000d1752a00f6cf02000100000074
:105044001e0f40009e007800f0b320000080400056
:1050540001122b00f6cf0200010000001e0f4000d9
:1050640040df2000104078000004e0000800320017
:105074009e007800f0b320000080400041df200053
:10508400f6cf0200010000001e0f400007003700a9
:105094009e007800f0b3200000804000d1752a0003
:1050a400f6cf0200010000001e0f40009e007800b1
:1050b400f0b320000080400071122b00f6cf0200f4
:1050c400010000001e0f40009e007800f0b3200095
:1050d40080804000f0e02000104078000041eb00a8
:1050e400a09e0200010000001e0f40000080fa0094
:1050f400000006000800fa00200798003107980015
:10510400d1122b00f0b32000f6cf02000100000002
:10511400000f78000e80e8001300200000017800e2
:10512400e1b82a002e0090003d0d07000000e000c9
:105134000a003200ae40900010c3b30080cf50008c
:1051440003003a00bcb4020001000000050037006f
:1051540000c3b300204798000200370000c3b30027
:1051640020479800ae409000f0b320001e0040009d
:10517400014878001e0fe800f0b320001e00400034
:105184008040eb00014878000080fa00000006002f
:105194000600fa0010079800210798001300200069
:1051a4000e017800e1b82a001e0090001c0d0700d3
:1051b4000000e0000e0032009e407800d0c4b3002e
:1051c40080cf500003003a0010ad220021c0b3008c
:1051d400014878009e40780000c5b30080cf50009d
:1051e40003003a0010ad220011c0b300014878005a
:1051f40010ad2200104078000004e00004003200ea
:10520400e1132b00f0b32000f6cf020001000000f0
:105214000080fa00000006000800fa002007980049
:10522400310798000e80e800130020000001780088
:10523400e1b82a002e009000f90c07000000e000fd
:105244001c003200ae40900010c3b30080cf500069
:1052540007003a00409b8000e20f500004003a002f
:1052640080dd200011c0b30001487800030037003e
:1052740080dd20008040eb000148780071142b0091
:10528400f0b32000f6cf020001000000000f780008
:105294009e007800f0b320008080400080dd200074
:1052a400104078000041eb00a09e020001000000c5
:1052b4001e0f40000080fa00000006000c00fa00f7
:1052c40040079800510798000e80e8003300200042
:1052d4000001780071152b004e009000d00c0700df
:1052e4000000e0001a0032000e80e800c09b0200bb
:1052f4000100000060479800ee409000702e2100ed
:105304001040780080cf5000110032006600470042
:1053140045ca220064ca22008001780012c0b3008a
:10532400c12f200000cab3009a8d020001000000c2
:1053340045ca220064ca2200732e210012c0b300a1
:10534400c12f200000cab300aa8e02000100000091
:105354000e80e8003300200000017800d1152b00f6
:105364004e009000ae0c07000000e0001a0032006e
:105374000e80e800c09b0200010000006047980016
:10538400ee409000802e21001040780080cf500025
:10539400110032006600470045ca220064ca220098
:1053a4008001780012c0b300d12f200000cab300de
:1053b4009a8d02000100000045ca220064ca22003e
:1053c400832e210012c0b300d12f200000cab300e5
:1053d400aa8e0200010000000e80e80033002000c5
:1053e4000001780041162b004e0090008c0c070041
:1053f4000000e0001d0032000e80e800c09b0200a7
:105404000100000060479800ae409000e0c4b30083
:1054140080cf500004003200ae40900010c4b300ae
:1054240080cf500011003a000e80e80045ca2200e7
:1054340064ca22008001780012c0b300e12f20006a
:1054440000cab3009a8d02000100000045ca220080
:1054540064ca2200932e210012c0b300e12f200061
:1054640000cab300aa8e020001000000a1162b009e
:10547400f0b32000f6cf020001000000000f780016
:105484009e007800f0b3200080804000602e210050
:10549400104078000041eb00a09e020001000000d3
:1054a4001e0f40009e007800f0b3200000804000f2
:1054b40081172b00f6cf0200010000001e0f4000f0
:1054c4009e007800f0b3200080804000702e210000
:1054d400104078000080fb00d29c02000100000014
:1054e4001e0f40009e007800f0b3200000804000b2
:1054f400f1172b00f6cf0200010000001e0f400040
:105504009e007800f0b3200080804000802e2100af
:10551400104078000080fb00d29c020001000000d3
:105524001e0f40009e007800f0b320000080400071
:1055340071182b00f6cf0200010000001e0f40007e
:10554400902e21001040780080407800f0b32000b5
:105554001e004000014878001e0fe800f0b3200050
:105564001e0040008040eb00014878000080fa00f3
:10557400000006000200fa00000f780070b120005d
:10558400104078000004e0001c00320001003700e5
:105594001e0fe8001e0078009040780000c2b3009f
:1055a40080cf5000070032001e00780010407800c1
:1055b4000004e000f6ff3a00030037001e0fe80085
:1055c40001003700000000001e00780090407800c1
:1055d40000c2b30080cf5000f8ff32001e007800f4
:1055e400104078000004e000040032000041eb00a9
:1055f4009e00780070b12000c30c0700f0b32000b7
:10560400b0d107000080fa00000006001c00fa0078
:10561400500f9800930120000e01780021bc2a004d
:105624005e089000fe0b07000000e0000c00320052
:105634009e407800a0c5b30080cf500004003a001b
:1056440070b120008040eb0001487800040037006e
:105654008e00780070b12000f6cf02000100000037
:10566400f0b3200097d107000080fa000000060084
:105674000a00fa0030079800410798000e80e800fd
:105684002300200000017800e1182b003e00900068
:10569400e30b07000000e000200032002e409000e1
:1056a4008040780000cdb30080c0400000da2000c4
:1056b4000148780000da2000104078000004e0007f
:1056c4001300320000da200010407800e44f50004c
:1056d4000f003e0021192b00f0b32000f6cf02008a
:1056e40001000000000f78009e007800f0b3200055
:1056f4008080400000da2000104078000041eb0078
:10570400a09e0200010000001e0f400003003700ad
:1057140000da20008040eb00014878000080fa00a5
:10572400000006001200fa0070079800010f9800ac
:105734000e80e8001300200000017800f1192b000e
:105744007e009000b60b07000000e0001500320058
:10575400ae40900030c5b30080cf500005003a0041
:10576400411a2b00f0b32000f6cf02000100000024
:10577400000f7800ae409000e0c4b30080cf50002a
:1057840008003a00211b2b00f0b32000f6cf0200e2
:1057940001000000000f78000040eb005cb3020041
:1057a400010000000080fa00000006000400fa0076
:1057b400000f780011079800106d8000520a200035
:1057c40080007800f0b320001e3b020001000000be
:1057d4000080fa00000006000c00fa003007980070
:1057e40041079800224f98000e00e80013002000a3
:1057f40000017800011c2b003e009000880b07007c
:105804000000e000110032001e409000804078004b
:1058140000cdb30000c04000104798001e40900027
:10582400e64f500009003c009e40900030052100e6
:1058340001487800e0042100729102000100000098
:10584400e0042100c4900200010000000e00e80002
:105854003300200000017800411c2b003e00900022
:105864006f0b07000000e000080032009e4090002b
:1058740010c3b30080cf500004003a0011c0b3003d
:1058840000022000d4310200010000000e00e800f4
:105894003300200000017800911c2b003e00900092
:1058a4005f0b07000000e000080032009e409000fb
:1058b40010c3b30080cf500004003a0011c0b300fd
:1058c40000042000d4310200010000000e00e800b2
:1058d4003300200000017800e11c2b003e00900002
:1058e4004f0b07000000e000310032009e409000a2
:1058f40010c3b30080cf500011003a00f0d820004c
:1059040090407800a0c5b30080cf50000c003a004e
:10591400f0d8200051cab3000148780045ca2200db
:1059240064ca2200f3d8200012c0b300b12e2000b4
:1059340000cab3009a8d0200010000001400370071
:105944009e40900000c3b30080cf500010003a0086
:10595400f0d8200090407800a0c5b30080cf50005c
:105964000b003200f0d82000a1c5b3000148780034
:1059740045ca220064ca2200f3d8200012c0b30032
:10598400b12e200000cab3009a8d0200010000006d
:1059940045ca220064ca2200f3d8200012c0b30012
:1059a400b12e200000cab300aa8e0200010000003c
:1059b4000e00e8003300200000017800311d2b00a8
:1059c4003e009000160b07000000e0001a003200b1
:1059d4000e00e800c09b020001000000004f7800a8
:1059e40000d92000104078009e4f50000a00320079
:1059f40000d920001e48780045ca220064ca22004b
:105a040003d9200012c0b300e12e200000cab30065
:105a14009a8d02000100000045ca220064ca2200d7
:105a240003d9200012c0b300e12e200000cab30045
:105a3400aa8e020001000000106d8000530a2000ad
:105a44002e49900080007800f0b32000ca2d020097
:105a5400010000000080fa00000006000a00fa00bd
:105a640030079800410798000e80e80013002000da
:105a740000017800811d2b003e009000e80a070019
:105a84000000e0000b003200ae40900010c3b300f1
:105a940080cf500004003a0011c0b30020c0b3000e
:105aa400c3ce0700030037008040eb0020c0b300e2
:105ab400bfce0700e11d2b00f0b32000f6cf02009b
:105ac40001000000000f78009e007800f0b3200071
:105ad4008080400020ac22001040780012c0b30047
:105ae400a09e0200010000001e0f40009e007800ee
:105af400f0b3200000804000c11e2b00f6cf02004e
:105b0400010000001e0f400080aa2200104078000f
:105b14000004e000080032009e007800f0b320008a
:105b24000080400081aa2200f6cf0200010000009c
:105b34001e0f4000070037009e007800f0b32000dd
:105b440000804000d1752a00f6cf02000100000059
:105b54001e0f40009e007800f0b32000008040003b
:105b6400211f2b00f6cf0200010000001e0f400091
:105b74009e007800f0b32000008040008000780090
:105b840030ac220098d107000080fb001e0f4000bb
:105b94009e007800f0b3200000804000711f2b00ad
:105ba400f6cf0200010000001e0f4000e0d82000e4
:105bb400104078000080fb00620060000000e000fc
:105bc400080032009e007800f0b3200000804000fe
:105bd400f1772a00f6cf0200010000001e0f4000fa
:105be400070037009e007800f0b3200000804000da
:105bf40011782a00f6cf0200010000001e0f4000b9
:105c04000e80e800130020000001780021ce2a0055
:105c14003e009000820a07000000e0000e003200ff
:105c2400ae40900010c3b30080cf50000a003a0089
:105c340020ac22008040eb00014878009e007800f0
:105c4400f0b3200000804000e11f2b00f6cf0200db
:105c5400010000001e0f40000080fa000000060052
:105c64000800fa00300798000e80e8003300200096
:105c74000001780051202b003e009000680a0700c4
:105c84000000e000090032000e80e80066a0020077
:105c94000100000010408800408020008040eb009c
:105ca40001487800401f2000d0988800a1202b00d4
:105cb400f0b32000f6cf020001000000000f7800ce
:105cc4009e007800f0b320008080400010408000e7
:105cd4000040780032c0b300a09e02000100000022
:105ce4001e0f40009e007800f0b3200000804000aa
:105cf400d1212b00f6cf0200010000001e0f40004e
:105d040081c322001e017800f0b32000000041008e
:105d1400f6cf0200010000001e0f40000080fa00d0
:105d2400000006000a00fa003007980041079800b6
:105d3400130020000e017800e1b82a003e00900014
:105d4400370a07000000e0003b0032009e40780064
:105d540010c3b30080cf5000040032009e4078008e
:105d640020c3b30080cf500015003a001e407800d5
:105d74008040780000cdb30080c04000e0dc20000b
:105d840001487800640047000001780031222b00ac
:105d94003e00900068d10200010000000000e00015
:105da4000a003200e0dc20001040780080407800d7
:105db4000134a000e0dc2000014878000300370033
:105dc400e0dc20008040eb00014878004e009000a9
:105dd4000000e0001800320020ad220010407800de
:105de4000004e00014003a00c20120008000eb002f
:105df40020ad2200c804020000000000ce00900084
:105e040020ad2200f6cf020001000000640047002c
:105e14000001780091222b003e00900068d102001e
:105e2400010000000000e00003003200d0ae2200b8
:105e340011c0b30001487800e0dc20001040780075
:105e44000004e00007003200f0b320008040eb00c3
:105e54000148780060aa220011c0b300014878000c
:105e640011003700e1222b00f0b32000f6cf02002e
:105e740001000000200798002e00900080007800a8
:105e8400f0b3200080804000e0dc20001040780067
:105e940012c0b300a09e020001000000ae009000fa
:105ea40001004000200798000080fa00000006006e
:105eb4000200fa00000f7800701d220010407800e4
:105ec4000081fb00501f2200104078008080fb00fe
:105ed40040e98000821f7800811f7800801f7800cd
:105ee400f0232b00801f7800f0b3200092040200fe
:105ef40000000000e88757000080fa000000060058
:105f04000400fa00000f780011079800e0dc20007c
:105f140011c0b3000148780060aa220011c0b30088
:105f2400014878001e0090000000e0000e003200de
:105f340020ad2200104078000004e0000a003a007e
:105f44009e00900020ad2200f6cf02000100000068
:105f5400c0ae220011c0b30001487800d0ae2200c8
:105f64008040eb00014878000080fa000000060041
:105f74000e00fa0050079800610798000e80e800b0
:105f84001300200000017800b1252b005e00900072
:105f9400a30907000000e0001c003200ae4090009e
:105fa40010c3b30080cf500018003a0050e1200025
:105fb40011c0b300014878006e0090000000e000ba
:105fc400120032006e009000104078000004e000df
:105fd4000e003200ee00900080e12000f6cf0200b7
:105fe400010000006e0090008040eb000148780042
:105ff40060b1200010407800e94f500003003e00db
:1060040060b12000a1c0b300014878000e80e80010
:10601400330020000001780001262b005e00900070
:106024007f0907000000e0000b0032000e80e8004a
:10603400029c0200010000000000fb00b070880018
:10604400b07080000000e0000300320050e1200046
:106054008040eb00014878000e80e80053002000e7
:106064000001780071262b005e0090006c09070087
:106074000000e000220032000e80e80066a002006a
:1060840001000000000f7800a06581009e007800e8
:10609400808f50001a00320000e823009e00780030
:1060a400808f500016003e009e007800a165890094
:1060b40040cb220045ca220064ca22008001780035
:1060c40022c0b300f12e200000cab3009a8d020052
:1060d400010000000000eb00a065890040cb220015
:1060e40045ca220064ca22008001780022c0b3009d
:1060f400f12e200000cab300aa8e020001000000a5
:106104000e80e8005300200000017800c1262b0017
:106114005e009000420907000000e0002200320007
:106124000e80e80066a0020001000000000f780065
:10613400b06581009e007800808f50001a00320004
:10614400400125009e007800808f500016003e001c
:106154009e007800b165890060cb220045ca220008
:1061640064ca22008001780022c0b300112f2000ed
:1061740000cab3009a8d0200010000000000eb0089
:10618400b065890060cb220045ca220064ca22009f
:106194008001780022c0b300112f200000cab30090
:1061a400aa8e0200010000000e80e80053002000c7
:1061b4000001780011272b005e00900018090700e9
:1061c4000000e000220032000e80e80066a0020019
:1061d40001000000000f7800c06581009e00780077
:1061e400808f50001a003200007721009e00780052
:1061f400808f500016003e009e007800c165890023
:1062040080cb220045ca220064ca220080017800a3
:1062140022c0b300312f200000cab3009a8d0200bf
:10622400010000000000eb00c065890080cb220063
:1062340045ca220064ca22008001780022c0b3004b
:10624400312f200000cab300aa8e02000100000012
:106254000e80e800330020000001780071272b0035
:106264005e009000ee0807000000e0001a00320013
:106274000e80e800c09b020001000000004f98005f
:106284008e489000a0cb22001040780080cf5000b0
:10629400110032006800470045ca220064ca220087
:1062a4008001780012c0b3004102200000cab3008c
:1062b4009a8d02000100000045ca220064ca22002f
:1062c400a3cb220012c0b3004102200000cab300d5
:1062d400aa8e020001000000f0b32000be330200c9
:1062e400010000000080fa00000006000800fa0027
:1062f4002007980031079800b1272b00f0b3200045
:10630400f6cf020001000000000f78000000eb004f
:10631400100798009e007800f0b3200080804000b1
:106324001e0090004200dd000080e80072ff2000a3
:106334006240780022c0b300a09e02000100000069
:106344001e0f40009e007800f0b3200080804000c3
:106354001e0090004200dd0062ff200062407800d1
:1063640022c0b300a09e0200010000001e0f4000e6
:106374009e007800f0b32000808040001e00900052
:106384004200dd0072ff20006240780022c0b300aa
:10639400a09e0200010000001e0f40009e00780035
:1063a400f0b32000808040001e0090004200dd0019
:1063b4000080e80062ff20006240780022c0b30041
:1063c400a09e0200010000001e0f40009e00780005
:1063d400f0b3200000804000c17d2a00f6cf020007
:1063e400010000001e0f40001e0090000000e800a5
:1063f400100798001e009000f30f500004003c00aa
:10640400500920009e007800808f5000c1ff3400a6
:106414000080fa0000000600cc00fa0040a79800b3
:1064240051a7980041282b00f0b32000f6cf0200ba
:1064340001000000000f780071f1800000202000ae
:10644400008060000000e00079013a00103981000a
:106454000000e00076013a00e0d421008040eb0027
:1064640001487800e0d821008040eb000148780022
:106474009e007800f0b3200000804000f1282b003b
:10648400f6cf0200010000001e0f40006700470025
:10649400030c20000001780051292b004ea090002d
:1064a4005f0807000000e0002b003200670047008f
:1064b40003042000e2d42100a1292b00580807007e
:1064c4000000eb0010079800030037001e00900046
:1064d4000000e800100798009e009000f0032000e0
:1064e400808f50000f003c001e0090008080e80068
:1064f400c0d4210000804000104078000004e00077
:10650400080032001e0090008080e800c0d4210002
:106514000080400090407800f0c2b30080cf50006b
:10652400eaff3a009e009000e0d421000080400081
:106534008040eb00014878001e0090006900400094
:10654400e70047000080400080007800e0d8210088
:10655400f6cf0200010000009e007800f0b3200096
:1065640000804000a1292b00f6cf020001000000aa
:106574001e0f40009e007800f0b320000080400011
:10658400e1d42100f6cf0200010000001e0f4000fc
:106594009e007800f0b3200000804000817d2a0036
:1065a400f6cf0200010000001e0f40009e0078009c
:1065b400f0b3200000804000e1d82100f6cf0200b3
:1065c400010000001e0f40009e007800f0b3200080
:1065d40000804000312a2b00f6cf020001000000a9
:1065e4001e0f4000670047005300200000017800a0
:1065f400a12a2b004ea09000090807000000e0002b
:10660400050032006700470066a002000100000098
:1066140060ea880002003700b01b200060ea8800ae
:106624009e007800f0b320008080400060ea800083
:10663400d29c0200010000001e0f40009e00780062
:10664400f0b3200000804000012b2b00f6cf0200a5
:10665400010000001e0f40006700470013002000e7
:1066640000017800612b2b004ea09000ec0707007e
:106674000000e0007700320067004700c09b020082
:1066840001000000e1e2210080487800e0e22100fe
:10669400104078000004e00005003a00b12b2b0004
:1066a400e0e02100f6cf020001000000690037009d
:1066b400e0e2210010407800e14f500005003a006c
:1066c400712c2b00e0e02100f6cf02000100000055
:1066d40060003700e0e2210010407800e24f5000f3
:1066e40005003a00712d2b00e0e02100f6cf0200f6
:1066f4000100000057003700e0e22100104078005c
:10670400e34f500005003a00612e2b00e0e0210029
:10671400f6cf0200010000004e003700e0e2210045
:1067240010407800e44f50004a003a0067004700e8
:106734001300200000017800812f2b004ea0900050
:10674400b70707000000e00042003200670047007e
:10675400c09b020001000000604798006e4090005a
:106764000080fb00e30f500021003200e30f5000d3
:1067740007003c00e10f500013003200e10f50000d
:1067840016003c000000e0000a003200310037002f
:10679400e50f500020003200e50f500019003500cd
:1067a400e60f500021003200e70f500024003200b1
:1067b4002800370001822a00e0e02100f6cf020021
:1067c4000100000023003700a1822a00e0e021003c
:1067d400f6cf0200010000001e003700d12f2b006d
:1067e400e0e02100f6cf02000100000019003700ac
:1067f40071302b00e0e02100f6cf02000100000020
:1068040014003700c1852a00e0e02100f6cf020021
:10681400010000000f00370041832a00e0e021005e
:10682400f6cf0200010000000a003700e1832a00cd
:10683400e0e02100f6cf020001000000050037006f
:1068440081842a00e0e02100f6cf0200010000006c
:10685400000000006700470063002000000178008a
:1068640001312b004ea090006d0707000000e000ee
:10687400120032006700470066a002000100000019
:10688400006689009e007800f0b32000008040007c
:1068940071312b00f6cf0200010000001e0f4000f2
:1068a4009e007800f0b320008080400000668100e4
:1068b400d29c0200010000001e0f40006700470048
:1068c4006300200000017800f1312b004ea09000fd
:1068d400530707000000e00015003200670047007e
:1068e4006e9c020001000000106689002166890088
:1068f4009e007800f0b320000080400081322b001d
:10690400f6cf0200010000001e0f40009e00780038
:10691400f0b32000008140001066810021668100f0
:1069240063c0b300649f0200010000001e0f40001a
:1069340067004700430020000001780021332b004a
:106944004ea09000360707000000e0001f00320050
:106954006700470066a002000100000020079800bd
:106964002e009000e20f500002003e003000200094
:1069740020079800ae009000f00f2000808f500098
:1069840002003600f00f200020079800ae009000af
:10699400316689009e007800f0b32000008040003a
:1069a40091332b00f6cf0200010000001e0f4000bf
:1069b4009e007800f0b320008080400030668100a3
:1069c400d29c0200010000001e0f4000e0d4210010
:1069d400104078000004e0001e003200e0d82100de
:1069e400104078000004e000190032005ea090001e
:1069f4000000e00005003200dea0900080e32100ea
:106a0400f6cf0200010000000300370080e32100fc
:106a14008040eb000148780070f180000090a000f5
:106a240070f188000000eb0080f188000900370055
:106a34009e007800f0b320000080400011342b0049
:106a4400f6cf0200010000001e0f400001003700d5
:106a540000000000f0b320001e0040008040eb0066
:106a6400014878000080fa00000006005e00fa0089
:106a7400302f9800412f9800522f9800632f9800d0
:106a84000e80e800930120000001780021bc2a0058
:106a94003e289000e20607000000e0005e0032009d
:106aa4007c004700630020000001780031352b0092
:106ab4003e289000da0607000000e0006c00320077
:106ac4007c0047008000780020b32000a405020069
:106ad400000000000000e00065003a0030022000e1
:106ae4000e004000920120008000eb00c804020068
:106af40000000000300220000e00400044ca2200c2
:106b040063ca2200000178006102200000cab300b9
:106b14008ece0200010000000040eb00407f980090
:106b24008e80e800300220000e004000bed102003a
:106b340001000000e54f50004d00360010b3200066
:106b440010407800e34f500049003a0010b3200091
:106b540041c0b300014878004e2890000000e000d6
:106b6400290032005e2890000000e0002600320078
:106b74006e2890000000e00023003200d0032000c3
:106b84000e00400071352b00f6cf0200010000001a
:106b9400000f78001e007800d10320008e80400092
:106ba40000804000de289000f6cf020001000000c3
:106bb4001e0f40001e007800d10320008e8040008c
:106bc40000804000e10b2b00f6cf02000100000022
:106bd4001e0f40001e007800d10320008e8040006c
:106be40000804000ee289000f6cf02000100000073
:106bf4001e0f4000d00320000e00400012c0b3005e
:106c04008000eb0011de070060aa220011c0b3006f
:106c140001487800160037000e80e8009301200038
:106c240000017800f1192b003e2890007c06070033
:106c34000000e00007003200ae40900010c3b30033
:106c440080cf500003003a0010b3200021c0b300ed
:106c54000148780010b32000104078000004e000e0
:106c640003003a0010b3200011c0b30001487800bb
:106c7400b1352b00f0b32000f6cf02000100000074
:106c8400000f78009e007800f0b320008080400060
:106c940010b32000104078000041eb00a09e0200d9
:106ca400010000001e0f40000080fa0000000600f2
:106cb4001a00fa00889fbe00300f9800410f980018
:106cc40011372b00f0b32000f6cf020001000000c2
:106cd400100798009e009000f0b320000080400050
:106ce40001382b00f6cf0200010000009e00900046
:106cf40000804000100798009e009000f0b3200030
:106d04000080400081382b00f6cf02000100000013
:106d14009e00900000804000100798009e009000a4
:106d2400f0b3200000804000d1382b00f6cf0200e1
:106d3400010000009e0090000080400010079800b1
:106d44006500470045ca220064ca22008001780019
:106d540032c0b3007103200000cab300aa8e02003f
:106d6400010000009e009000f0b32000008040006d
:106d740041392b00f6cf0200010000009e00900074
:106d840000804000100798005e409000e14f4000f2
:106d940003003a0010c0b300004f7800020037002f
:106da4000040eb00004f78009e009000f0b32000fc
:106db400808040005e40900026a002000100000098
:106dc4009e009000008040001007980010c0b3009f
:106dd40040479800200037009e009000f0b3200048
:106de40000804000c17d2a00f6cf020001000000af
:106df4009e00900000804000100798009e009000c4
:106e0400f0b32000808040004e4090000080fb00e2
:106e1400000047005040900026a00200010000003e
:106e24009e00900000804000100798004e409000a3
:106e34000080fb000000470050409000e14f4000fc
:106e4400020032000040eb00004f78004e409000fa
:106e54000040e800404798004e409000e24f500048
:106e6400ddff3600730047001300200000017800a6
:106e740091392b003e089000e90507000000e0006e
:106e8400180032000040eb0040579800be509000bc
:106e9400f0c2b30080cf500007003600be5090000f
:106ea40090c3b30080cf500003003e001e40780022
:106eb400e14f500002003a0000c3b300305798007d
:106ec4007300470045ca220064ca2200800178008a
:106ed40012c0b300e101200000cab3009a8d020081
:106ee400010000009e009000f0b3200000804000ec
:106ef400d1392b00f6cf0200010000009e00900063
:106f040000804000100798007300470045ca220023
:106f140064ca22008001780012c0b300e10120009d
:106f240000cab300aa8e0200010000000040eb007a
:106f340040579800be509000f0c2b30080cf50007c
:106f44000b003600be50900090c3b30080cf5000b9
:106f540007003e00be50900000c3b30080cf500035
:106f6400100032001e407800e14f50000d003a003e
:106f740000c3b300305798000040eb00405798001e
:106f84007300470045ca220064ca220080017800c9
:106f940012c0b300e101200000cab3009a8d0200c0
:106fa40001000000f30047001e019000f0b3200030
:106fb40000004100f6cf0200010000009e00900096
:106fc400008040001007980000c62100104078009f
:106fd4000004e000130032009e009000f0b3200093
:106fe40000804000213a2b00f6cf0200010000008f
:106ff4009e009000008040001007980001c6210008
:107004001e019000f0b3200000004100f6cf020002
:10701400010000009e0090000080400010079800ce
:10702400090037009e009000f0b32000008040006b
:10703400913a2b00f6cf0200010000009e00900060
:107044000080400010079800a0bb21001040780089
:107054000004e000130032009e009000f0b3200012
:1070640000804000113b2b00f6cf0200010000001d
:107074009e0090000080400010079800a1bb2100f2
:107084001e019000f0b3200000004100f6cf020082
:10709400010000009e00900000804000100798004e
:1070a400090037009e009000f0b3200000804000eb
:1070b400813b2b00f6cf0200010000009e009000ef
:1070c40000804000100798009e009000f0b320005c
:1070d40000804000013c2b00f6cf020001000000bc
:1070e4009e0090000080400010079800f1bc210031
:1070f4001e019000f0b3200000004100f6cf020012
:10710400010000009e0090000080400010079800dd
:10711400690047009300200000017800613c2b00c7
:107124003e0890003e0507000000e0000600320023
:107134009e48900010c3b30080cf500002003a0074
:1071440010c0b300004f78001e407800e14f50009b
:1071540068003a00690047009300200000017800ad
:10716400c13c2b003e0890002d0507000000e00004
:10717400600032000040eb004047980008003700f0
:107184004e4090000080fb00000047008040eb0070
:10719400514098004e4090000040e800404798005d
:1071a4004e409000e24f5000f5ff36000040eb00e7
:1071b400404798000000eb001007980026003700b5
:1071c400e90047001e0090000080400090407800d5
:1071d400a0c3b30080cf500004003a004e4090009a
:1071e4000040e80040479800180037004e409000e7
:1071f4000080fb00ce4090008180fb0081004700ae
:10720400d1409000c408dd000000470051409800c0
:107214004e4090000084fb004e4090000080fb0034
:1072240000004700d0449000e90047001e00900091
:107234000080400010407800149e0200010000000d
:1072440080c0740008004700514098001e00900060
:107254000000e80010079800e90047001e009000b5
:1072640000804000104078000004e0000300320079
:107274004e409000e24f5000d1ff36004e40900047
:10728400e24f50001b003a006500470045ca220047
:1072940064ca22008001780032c0b3007103200068
:1072a40000cab3009a8d02000100000000c3b300bd
:1072b400305798000040eb00405798007300470097
:1072c40045ca220064ca22008001780012c0b300bb
:1072d400e101200000cab3009a8d02000100000001
:1072e4000040eb003057980073004700ce08900030
:1072f4006ffe07004f04be000080fa000000060085
:107304000200fa00000f7800013d2b00f0b32000ca
:10731400f6cf0200010000000080fa000000060021
:107324000600fa001007980021079800613e2b0020
:10733400f0b32000f6cf020001000000000f780037
:107344009e007800f0b3200000804000013f2b0035
:10735400f6cf0200010000001e0f40009e007800de
:10736400f0b3200000804000d13f2b00f6cf020094
:10737400010000001e0f40009e007800f0b32000c2
:107384000080400051402b00f6cf020001000000b5
:107394001e0f40000080fa00000006000400fa00fe
:1073a400100798000040eb00004f78001e0090008a
:1073b4000000e00003003a0010c0b300004f780062
:1073c40024003700e0d82000104078000080fb0043
:1073d400620060000000e000170032001e00900010
:1073e40090407800b0c2b30080cf500012003a0041
:1073f40020ac220010407800e14f500007003e000e
:1074040020ac2200104078008040e80020ac22002c
:107414000148780010c0b300004f78009e0090002f
:1074240080aa2200f6cf02000100000030ac220046
:10743400c4900200010000009e00900080aa220077
:10744400f6cf02000100000030ac2200c49002001c
:10745400010000001e4078000080fa0000000600d1
:107464002800fa002017980031179800c29780006e
:10747400d39780007094230051af27000002690065
:1074840081826900c2978000d397800080e72d0035
:1074940031af25000001690081816900c697800031
:1074a400d797800060ae27004163220000006b0084
:1074b40081806b0064034700849fbe00829fbe00ee
:1074c400809fbe0000412b00801f780006007800da
:1074d4009204020000000000ee8757000000eb0059
:1074e400100798000000eb00000f7800df00370061
:1074f4001e007800ae109000008040009e007800ce
:107504002e119000810041009140780001417800e3
:1075140001052100914178009e00780081407800a7
:1075240081c0610081417800640247009e009000a0
:10753400810042009140780081c141009e0090008a
:107544008100e80081004700c140900081c14100f2
:107554009e0090008180e80081004700c1409000b7
:1075640081c0410081404100014878001e00900024
:107574000000e80010079800e40047001e00900097
:1075840000804000104078000004e00002003a004f
:107594000000eb00100798001e007800ae10900069
:1075a4000080400090407800f0c2b30080cf5000cb
:1075b400070034001e007800ae10900000804000e8
:1075c4009040780090c3b30080cf5000a6003400f0
:1075d4001e007800ae1090000080400090407800bb
:1075e40000c6b30080cf5000070034001e007800ae
:1075f400ae1090000080400090407800a0c7b30017
:1076040080cf5000980034001e007800ae10900027
:10761400008040009040780000c4b30080cf500048
:10762400070034001e007800ae1090000080400077
:1076340090407800a0c5b30080cf50008a00340089
:107644001e007800ae10900000804000904078004a
:10765400a0c2b30080cf5000830032001e00780027
:10766400ae109000008040009040780030c2b3001b
:1076740080cf50007c0032001e007800ae109000d5
:107684000080400090407800d0c2b30080cf50000a
:10769400750032001e007800ae109000008040009b
:1076a40090407800b0c2b30080cf50006e0032002a
:1076b4001e007800ae1090000080400090407800da
:1076c40010c2b30080cf5000670032001e00780063
:1076d400ae109000008040009040780060c2b3007b
:1076e40080cf5000600032001e007800ae10900081
:1076f4000080400090407800c0c7b30080cf5000a5
:10770400590032001e007800ae1090000080400046
:107714009040780000c4b30080cf50005200320083
:107724001e007800ae109000008040009040780069
:10773400d0c3b30080cf50004b0032001e0078004d
:10774400ae109000008040009e0078002e11900042
:107754008100410091407800f143b2000148780073
:107764001e007800ae1090000080400010407800a9
:10777400e94f50000a003c001e007800ae10900053
:10778400008040009e0078002e119000810041008e
:10779400914078000143b000014878002700370089
:1077a4001e007800ae1090000080400090407800e9
:1077b40030c2b30080cf50000a003c001e007800a5
:1077c400ae109000008040009e0078002e119000c2
:1077d40081004100914078007145b0000148780073
:1077e400160037001e007800ae10900000804000a4
:1077f40090407800d0c3b30080cf50000a003c0012
:107804001e007800ae109000008040009e007800ba
:107814002e1190008100410091407800fdc040008d
:1078240001487800050037001e007800ae10900073
:1078340000804000a1c2b300014878001e00780017
:10784400ae10900000804000104078000004e0007a
:1078540005003a001e007800ae1090000080400041
:10786400a1c5b300014878001e0fe8003e10900047
:107874009e007800808f50001dff35003e10900060
:10788400ae109000008040008040eb00014878007a
:107894002e1090000080fa00000006006c00fa0030
:1078a4004037980051379800c0978000d1978000e6
:1078b40061004000e0804800c0978800d1978800ac
:1078c400c0978000d1978000320220000e01410051
:1078d400809fbe00a0412b00801f7800020078002a
:1078e4009204020000000000e6875700e1412b00eb
:1078f400f0b32000f6cf020001000000000f780072
:107904009e007800f0b32000008040003102200087
:107914008e804000f6cf0200010000001e0f4000e0
:107924009e007800f0b320000080400091422b00bc
:10793400f6cf0200010000001e0f40000040eb00e3
:10794400206798000e80e80001022000c4fe0700b2
:107954009e007800f0b32000008040008e80e80094
:10796400f6cf0200010000001e0f4000310220008b
:107974008e8040000e80e800b08902000100000003
:107984009e007800f0b3200000804000e1422b000c
:10799400f6cf0200010000001e0f40009e00780098
:1079a400f0b3200000804000310220008e804000af
:1079b400f6cf0200010000001e0f4000f0b32000cb
:1079c4001e0040008040eb00014878000080fa006f
:1079d400000006000e00fa003007980041079800e6
:1079e4005207980063079800f0b320008040eb0032
:1079f40001487800640047000001780041432b00ef
:107a04003e00900068d10200010000000000e00088
:107a14000400320060aa220011c0b30001487800bb
:107a24000300370060aa22008040eb000148780080
:107a34003e009000104078000000fb006101b90096
:107a4400f0fb2f00f1ff2f0002004000838048006c
:107a54005201200003002000820f5000838f580041
:107a64008b023e0000600100150037003000370033
:107a7400390037006f003700850237009c0037005b
:107a8400b9003700d4003700e60037008002370021
:107a94007f023700fe0037001a0137007c023700ee
:107aa4003701370049013700790237006401370094
:107ab40097013700dc0137007502370033023700c5
:107ac400a1432b003e00900022cf020001000000e1
:107ad4000000e00003003200ce0090003e00900061
:107ae400e3d0070001442b003e00900022cf0200a7
:107af400010000000000e00003003200ce0090000e
:107b04003e00900063d0070061442b003e009000cb
:107b140022cf0200010000000000e0003d0232001c
:107b2400ce0090003e00900089d007005802370034
:107b3400a1442b003e00900022cf0200010000006f
:107b44000000e00035023200ce0090003e009000bc
:107b540066d107004e023700e1442b003e0090003e
:107b640022cf0200010000000000e0000300320008
:107b7400ce0090003e00900094d1070021452b00d8
:107b84003e00900022cf0200010000000000e0004f
:107b940003003200ce0090003e00900026d3070080
:107ba40081452b003e00900022cf0200010000001e
:107bb4000000e00003003200ce0090003e00900080
:107bc40075d60700e1452b003e00900022cf02004d
:107bd400010000000000e00003003200ce0090002d
:107be4003e00900058d7070021462b003e0090002d
:107bf40022cf0200010000000000e0000300320078
:107c0400ce0090003e009000e7d7070061462b00ad
:107c14003e00900022cf0200010000000000e000be
:107c240000023200ce0090003e00900020cf0700fa
:107c34001702370011472b003e00900022cf0200ac
:107c4400010000000000e00003003200ce009000bc
:107c54003e009000b2fd070081472b003e009000db
:107c640022cf0200010000000000e0000400320006
:107c74000041eb00ce0090003e009000f3d90700d5
:107c8400b1472b003e00900022cf0200010000000b
:107c94000000e00003003200ce0090003e0090009f
:107ca4004dd9070011482b003e00900022cf02005e
:107cb400010000000000e00003003200ce0090004c
:107cc4003e009000bcd8070071482b003e00900095
:107cd40022cf0200010000000000e000d3013200c6
:107ce40060a1200011c0b30001487800e80137000a
:107cf400c1482b003e00900022cf0200010000008a
:107d04000000e000060032004e0090000000e00099
:107d140003003a00ce0090003e009000bfda070056
:107d240011492b003e00900022cf02000100000008
:107d34000000e000020032003e00900070fd0700e9
:107d440051492b003e00900022cf020001000000a8
:107d54000000e000b7013200ce0090003e00900029
:107d640015d90700ca01370091492b003e00900045
:107d740022cf0200010000000000e00003003200f6
:107d8400ce0090003e009000d5da0700e1492b00b8
:107d94003e00900022cf0200010000000000e0003d
:107da40003003200ce0090003e009000bdf00700ba
:107db400314a2b003e00900022cf02000100000057
:107dc4000000e0009d013200ce0090003e009000d3
:107dd4000ef10700ae013700a14a2b003e009000cf
:107de40022cf0200010000000000e0000300320086
:107df400ce0090003e0090003cf90700e14a2b00c1
:107e04003e00900022cf0200010000000000e000cc
:107e14008c013200ce0090003e0090007ef90700f5
:107e24009b013700714b2b003e00900022cf0200d3
:107e3400010000000000e00003003200ce009000ca
:107e44003e009000a5f20700c14b2b003e009000bd
:107e540022cf0200010000000000e0000300320015
:107e6400ce0090003e009000d2f20700114c2b008f
:107e74003e00900022cf0200010000000000e0005c
:107e840003003200ce0090003e00900002f3070091
:107e9400b14c2b003e00900022cf020001000000f4
:107ea4000000e00003003200ce0090003e0090008d
:107eb400f3f30700114d2b003e00900022cf020087
:107ec400010000000000e00006003a00814d2b0094
:107ed4003e00900022cf0200010000000000e000fc
:107ee40003003200ce0090003e0090002ff3070004
:107ef400014e2b003e00900022cf02000100000042
:107f040063013700814e2b003e00900022cf020017
:107f1400010000000000e00003003200ce009000e9
:107f24003e009000a6c90700014f2b003e009000c0
:107f340022cf0200010000000000e0000300320034
:107f4400ce0090003e0090001fca0700614f2b0036
:107f54003e00900022cf0200010000000000e0007b
:107f64003a0132004e0090000000e00039013a006e
:107f7400ce0090003e009000f2c707004401370095
:107f8400e14f2b003e00900022cf020001000000d0
:107f94000000e00003003200ce0090003e0090009c
:107fa400fbcc070081502b003e00900022cf020042
:107fb400010000000000e00028013200ce00900023
:107fc4003e00900028cd070031013700f1502b000e
:107fd4003e00900022cf0200010000000000e000fb
:107fe40003003200ce0090003e009000d5cc070084
:107ff40021512b003e00900022cf0200010000001e
:108004000000e0000400320012c0b300ce00900073
:108014003e009000f0f5070091512b003e009000c7
:1080240022cf0200010000000000e0000d01320038
:10803400ce0090003e009000b1f707001401370015
:1080440001522b003e00900022cf020001000000ec
:108054000000e000060032004e0090000000e00046
:1080640003003a00ce0090003e00900021f4070087
:10807400a1522b003e00900022cf0200010000001c
:108084000000e000060032004e0090000000e00016
:1080940003003a00ce0090003e0090005ef407001a
:1080a40031532b003e00900022cf0200010000005b
:1080b4000000e00003003200ce0090003e0090007b
:1080c40033f40700a1532b003e00900022cf02009e
:1080d400010000000000e00003003200ce00900028
:1080e4003e009000edfd0700e1532b003e009000a0
:1080f40022cf0200010000000000e000db0032009b
:10810400ce0090003e0090006cf40700e0003700c1
:1081140051542b003e00900022cf020001000000c9
:108124000000e000050032000041eb00ce009000aa
:108134003e009000a8f50700d500370081542b00bd
:108144003e00900022cf0200010000000000e00089
:10815400050032004e0090000000e00002003a00ea
:108164003e00900029f50700c1542b003e0090000a
:1081740022cf0200010000000000e00005003200f0
:108184004e0090000000e00002003a003e00900023
:10819400f8f40700f1542b003e00900022cf0200b7
:1081a400010000000000e00003003200ce00900057
:1081b4003e0090002ef50700e19e2a003e0090004c
:1081c40022cf0200010000000000e00003003200a2
:1081d400ce0090003e00900052f5070061552b0040
:1081e4003e00900022cf0200010000000000e000e9
:1081f40003003200ce0090003e00900017f6070006
:10820400e1552b003e00900022cf02000100000047
:108214000000e00097003200ce0090003e00900085
:1082240062f507009a00370021562b003e009000ab
:1082340022cf0200010000000000e000290032000b
:108244004e0090000000e00026003a0080802000ec
:10825400104078000004e000040032008080200018
:108264008040eb0001487800030037008080200044
:1082740011c0b3000148780081562b00f0b32000f0
:10828400f6cf020001000000200798002e009000a5
:1082940080007800f0b320008080400080802000bf
:1082a400104078000041eb00a09e02000100000095
:1082b400ae00900001004000200798002e009000be
:1082c40080007800f0b320000080400051792a003b
:1082d400f6cf020001000000ae0090000100400053
:1082e4002007980041572b003e00900022cf020047
:1082f400010000000000e000040032004e00900085
:108304000000e00001003a00ffff370091572b0006
:108314003e00900022cf0200010000000000e000b7
:10832400050032004e0090000000e00002003a0018
:108334003e009000def60700e1572b003e0090005f
:1083440022cf0200010000000000e0000300320020
:10835400ce0090003e00900072f6070081582b007a
:108364003e00900022cf0200010000000000e00067
:10837400420032004e0090000000e00041003a004c
:108384003e00900036f607004100370041592b00ab
:108394003e00900022cf0200010000000000e00037
:1083a40003003200ce0090003e009000f0f607007b
:1083b40091592b003e00900022cf020001000000e2
:1083c400015a2b003e00900022cf02000100000061
:1083d4000000e00003003200ce0090003e00900058
:1083e40033fa0700815a2b003e00900022cf02008e
:1083f400010000000000e00024003200ee019000c3
:108404005e019000ce0090003e00900097f90700b6
:108414001f003700000000001d00370000000000ae
:108424001b003700000000001900370000000000a6
:10843400170037000000000015003700000000009e
:108444001300370000000000110037000000000096
:108454000f003700000000000d003700000000008e
:108464000b00370000000000090037000000000086
:10847400070037000000000005003700000000007e
:108484000300370000000000010037000000000076
:1084940060aa2200104078000004e00007003200c7
:1084a400f0b320008040eb000148780060b1200068
:1084b400e1c1b3000148780057003700f0b3200051
:1084c400104078000004e00034003a004e009000b0
:1084d400b2fb0700204798002e4090000004e00003
:1084e40022003200715b2b00f0b32000f6cf0200b3
:1084f40001000000200798000000eb00000f780046
:108504000b0037002e0090009e0078003e01900082
:108514008100410011417800f1b32000827078009d
:108524002e0090000000e800200798001e0fe800cd
:10853400ae009000400a2000808f500006003c00ee
:108544001e007800be0090000080400010407800bb
:108554000004e000ebff3a002e009000f1b320008d
:108564000041eb00827078001b003700b6d4020093
:1085740001000000f05b2b0052d402000100000057
:108584004e00900052d402000100000050792a00ed
:1085940052d40200010000000f0037004e0090008a
:1085a4000000e00009003200ce00900080aa220002
:1085b400a4050200000000000000e00003003a00ef
:1085c40020ac22008040eb000148780060b120001c
:1085d400e1c1b300014878004e0090000000e000c3
:1085e4000d003a00f0b32000104078000004e000d1
:1085f40009003200f0b3200052d402000100000050
:1086040050792a0052d4020001000000f0b3200087
:108614008040eb00014878000080fa00000006006a
:108624000e00fa003007980041079800520798009e
:10863400630798000000eb00000f78003e009000f4
:108644000000e000430032006400470000017800ad
:10865400ce0090003e00900068d1020001000000ae
:108664000000e0003b0032004e0090007c9e0200bf
:1086740001000000ae0090000100400020079800b7
:108684000000eb00100798000e0037001e00900059
:10869400de00900000804000ae0090003e0190009b
:1086a4008100410091407800014878002e0090003c
:1086b4000000e800200798001e0090000000e80079
:1086c400100798009e0090006e009000808f50006c
:1086d40019003d002e009000be0090000080400074
:1086e4009040780000c2b30080cf500012003200e6
:1086f4002e009000be0090000080400010407800e2
:10870400ea4f50000c0032002e009000be00900092
:108714000080400010407800ed4f50000600320009
:108724002e009000be0090000080400010407800b1
:108734000004e000d5ff3a001e009000de00900027
:10874400008040008040eb000148780010002000c9
:10875400000f78001e0078000080fa000000060078
:108764000e00fa003007980041079800520798005d
:10877400630798000000eb00000f78003e009000b3
:108784000000e0004300320064004700000178006c
:10879400ce0090003e00900068d10200010000006d
:1087a4000000e0003b0032004e0090007c9e02007e
:1087b40001000000ae009000010040002007980076
:1087c4000000eb00100798000e0037001e00900018
:1087d400de00900000804000ae0090003e0190005a
:1087e4008100410091407800014878002e009000fb
:1087f4000000e800200798001e0090000000e80038
:10880400100798009e0090006e009000808f50002a
:1088140019003d002e009000be0090000080400032
:108824009040780000c2b30080cf500012003200a4
:108834002e009000be0090000080400010407800a0
:10884400ea4f50000c0032002e009000be00900051
:108854000080400010407800ed4f500006003200c8
:108864002e009000be009000008040001040780070
:108874000004e000d5ff3a001e009000de009000e6
:10888400008040008040eb00014878001000200088
:10889400000f78001e0078000080fa000000060037
:1088a4000400fa00100798000040eb00004f780025
:1088b400040037001e0090000000e8001007980034
:1088c4001e4fe8001e00900010407800cad002003d
:1088d400010000000000e000f6ff3a001e407800ae
:1088e400e44f500003003a0010c0b300004f78007a
:1088f400020037000040eb00004f78001e40780073
:108904000080fa00000006000800fa001007980032
:1089140021079800624798006e4090000080fb0099
:1089240061006000004078000004e00007003200ad
:1089340012c0b300ae0090001e009000aeb2020060
:1089440001000000004f7800060037000041eb00f2
:10895400ae0090001e009000aeb2020001000000c4
:10896400004f78001e407800e14f500007003a00a5
:108974000002eb008001eb00629c22005192220075
:10898400805d2b0038c50700060037000002eb00ad
:108994008001eb001e019000ae009000005e2b00f1
:1089a40031c507001e4078000080fa000000060070
:1089b4000800fa0020479800210798003207980021
:1089c400815e2b0070a12000f6cf020001000000a0
:1089d400000f7800420120008000eb0000fe200020
:1089e400c80402000000000000fe200045ca220066
:1089f40064ca22008001780042c1b3004100200013
:108a040000cab300aa8e02000100000040ff20004b
:108a14008040eb00014878009e00780070a120009f
:108a24000080400001fe2000f6cf0200010000009b
:108a34001e0f40009e00780070a1200000804000be
:108a4400515f2b00f6cf0200010000001e0f400012
:108a54009e00780070a1200000804000be009000bd
:108a6400f6cf0200010000001e0f40009e007800b7
:108a740070a1200000804000e1bf2a00f6cf020070
:108a8400010000001e0f40009e00780070a120002d
:108a9400008040000041eb00800078002e409000f0
:108aa400a09e0200010000001e0f40009e007800fe
:108ab40070a1200000804000c17f2a00f6cf020090
:108ac400010000001e0f40009e00780070a12000ed
:108ad40080804000106d8000d29c020001000000e4
:108ae4001e0f40009e00780070a12000008040000e
:108af400b15f2b00f6cf0200010000001e0f400002
:108b04009e00780070a1200000804000ca2c020062
:108b1400010000000080fb001e0f400012c0b300e3
:108b240071a120002e00900077ff07000080fa005a
:108b3400000006000c00fa00204798002107980066
:108b44003207980043079800244f98002e4890005d
:108b54000004e0000600320001602b0070a1200038
:108b6400f6cf020001000000000f78000500370076
:108b740011612b0070a12000f6cf0200010000005b
:108b8400000f7800420120008000eb0000fe20006e
:108b9400c80402000000000000fe200045ca2200b4
:108ba40064ca22008001780042c1b3004100200061
:108bb40000cab300aa8e02000100000040ff20009a
:108bc4008040eb00014878009e00780070a12000ee
:108bd4000080400001fe2000f6cf020001000000ea
:108be4001e0f40002e4890000004e00008003200f0
:108bf4009e00780070a1200000804000e1612b00fd
:108c0400f6cf0200010000001e0f400007003700ed
:108c14009e00780070a120000080400091752a0019
:108c2400f6cf0200010000001e0f40009e007800f5
:108c340070a1200000804000be009000f6cf02002a
:108c4400010000001e0f40002e4890000004e000c8
:108c54001f003a009e00780070a1200000804000b0
:108c6400e1bf2a00f6cf0200010000001e0f400001
:108c74009e00780070a12000008040000041eb00bd
:108c8400800078002e409000a09e020001000000a9
:108c94001e0f40009e00780070a12000008040005c
:108ca400c17f2a00f6cf0200010000001e0f400021
:108cb4009e00780070a1200080804000106d80002c
:108cc400d29c0200010000001e0f40000e0037007d
:108cd4009e00780070a120000080400051622b00ab
:108ce400f6cf0200010000001e0f40009e00780035
:108cf40070a1200080804000106d8000d29c020092
:108d0400010000001e0f40002e4890000004e00007
:108d1400080032009e00780070a12000008040000e
:108d2400d1622b00f6cf0200010000001e0f4000ac
:108d3400070037009e00780070a1200000804000ea
:108d4400d1742a00f6cf0200010000001e0f40007b
:108d54009e00780070a12000008040008000780010
:108d64004e009000d29c0200010000001e0f400043
:108d740012c0b30071a120002e009000e2fe070093
:108d84000080fa00000006000a00fa00204798005c
:108d940021079800320798004307980031632b009d
:108da40070a12000f6cf020001000000000f78003f
:108db400420120008000eb0000fe2000c8040200f5
:108dc4000000000000fe200045ca220064ca220000
:108dd4008001780042c1b3004100200000cab30002
:108de400aa8e02000100000040ff20008040eb003a
:108df400014878009e00780070a1200000804000a7
:108e040001fe2000f6cf0200010000001e0f40000a
:108e14009e00780070a120000080400091752a0017
:108e2400f6cf0200010000001e0f40009e007800f3
:108e340070a1200000804000be009000f6cf020028
:108e4400010000001e0f40009e00780070a1200069
:108e540000804000e1bf2a00f6cf020001000000bc
:108e64001e0f40009e00780070a12000008040008a
:108e74000041eb00800078002e409000a09e02008c
:108e8400010000001e0f40009e00780070a1200029
:108e940000804000d1742a00f6cf020001000000d7
:108ea4001e0f40009e00780070a12000008040004a
:108eb400800078004e009000d29c02000100000067
:108ec4001e0f40009e00780070a12000008040002a
:108ed400c17f2a00f6cf0200010000001e0f4000ef
:108ee4009e00780070a1200080804000106d8000fa
:108ef400d29c02000100000012c0b30071a1200046
:108f04002e00900080fe07000080fa00000006009a
:108f14000800fa00204798002107980032079800bb
:108f240001642b0070a12000f6cf020001000000b4
:108f3400000f7800420120008000eb0000fe2000ba
:108f4400c80402000000000000fe200045ca220000
:108f540064ca22008001780042c1b30041002000ad
:108f640000cab300aa8e02000100000040ff2000e6
:108f74008040eb00014878009e00780070a120003a
:108f84000080400001fe2000f6cf02000100000036
:108f94001e0f40009e00780070a120000080400059
:108fa40091752a00f6cf0200010000001e0f400058
:108fb4009e00780070a1200000804000be00900058
:108fc400f6cf0200010000001e0f40009e00780052
:108fd40070a1200000804000e1bf2a00f6cf02000b
:108fe400010000001e0f40009e00780070a12000c8
:108ff400008040000041eb00800078002e4090008b
:10900400a09e0200010000001e0f40009e00780098
:1090140070a1200000804000c17f2a00f6cf02002a
:10902400010000001e0f40009e00780070a1200087
:1090340080804000106d8000d29c0200010000007e
:1090440012c0b30071a120002e0090002efe070074
:109054000080fa00000006000e00fa002047980085
:109064002107980032079800034f9800144f980086
:10907400254f9800364f9800474f98004e4890006f
:109084000004e00006003200d1642b0070a120002f
:10909400f6cf020001000000000f78000500370041
:1090a400b1652b0070a12000f6cf02000100000082
:1090b400000f7800420120008000eb0000fe200039
:1090c400c80402000000000000fe200045ca22007f
:1090d40064ca22008001780042c1b300410020002c
:1090e40000cab300aa8e02000100000040ff200065
:1090f4008040eb00014878009e00780070a12000b9
:109104000080400001fe2000f6cf020001000000b4
:109114001e0f40004e4890000004e000080032009a
:109124009e00780070a1200000804000e1612b00c7
:10913400f6cf0200010000001e0f400007003700b8
:109144009e00780070a120000080400091752a00e4
:10915400f6cf0200010000001e0f40009e007800c0
:1091640070a1200000804000be009000f6cf0200f5
:10917400010000001e0f40004e4890000004e00073
:109184004f0032009e00780070a120000080400053
:1091940051622b00f6cf0200010000001e0f4000b8
:1091a4009e00780070a1200080804000106d800037
:1091b400d29c0200010000001e0f40009e007800b7
:1091c40070a120000080400081662b00f6cf0200d1
:1091d400010000001e0f40009e00780070a12000d6
:1091e400008040000041eb00800078000e489000b1
:1091f400a09e0200010000001e0f40009e007800a7
:1092040070a1200000804000817d2a00f6cf02007a
:10921400010000001e0f40009e00780070a1200095
:10922400008040000041eb00800078001e48900060
:10923400a09e0200010000001e0f40009e00780066
:1092440070a1200000804000d1662b00f6cf020000
:10925400010000001e0f40009e00780070a1200055
:10926400008040000041eb00800078003e48900000
:10927400a09e0200010000001e0f40009e00780026
:1092840070a120000080400021672b00f6cf02006f
:10929400010000001e0f40009e00780070a1200015
:1092a400008040000041eb00800078002e489000d0
:1092b400a09e0200010000001e0f40001e003700a7
:1092c4009e00780070a1200000804000e1bf2a00c9
:1092d400f6cf0200010000001e0f40009e0078003f
:1092e40070a12000008040000041eb008000780065
:1092f4002e409000a09e0200010000001e0f4000be
:109304009e00780070a1200000804000c17f2a00e8
:10931400f6cf0200010000001e0f40009e007800fe
:1093240070a1200080804000106d8000d29c02005b
:10933400010000001e0f400012c0b30071a1200004
:109344002e00900070fd07000080fa000000060067
:109354000600fa00204798002107980081672b0037
:1093640070a12000f6cf020001000000000f780079
:10937400420120008000eb0000fe2000c80402002f
:109384000000000000fe200045ca220064ca22003a
:109394008001780042c1b3004100200000cab3003c
:1093a400aa8e02000100000040ff20008040eb0074
:1093b400014878009e00780070a1200000804000e1
:1093c40001fe2000f6cf0200010000001e0f400045
:1093d4009e00780070a1200000804000e1bf2a00b8
:1093e400f6cf0200010000001e0f40009e0078002e
:1093f40070a12000008040000041eb008000780054
:109404002e409000a09e0200010000001e0f4000ac
:109414009e00780070a1200000804000c17f2a00d7
:10942400f6cf0200010000001e0f40009e007800ed
:1094340070a1200080804000106d8000d29c02004a
:109444000100000022c0b30071a120002e00900092
:109454002dfd07000080fa00000006000201fa005a
:10946400889fbe008a9fbe008c9fbe0040ff99006b
:1094740051ff990062ff990073ff990004479a0015
:1094840030c3b300004f78001080200010407800f3
:109494000083fb0000802000104078008082fb00e5
:1094a4007ef891000082fb006ef891008081fb0041
:1094b4001e81fb004ef891008080fb008009200093
:1094c4000e004000861f7800851f7800841f7800f6
:1094d400831f7800821f7800811f78008132290061
:1094e400811f78009204020000000000ee875700fc
:1094f400800920000e004000e92d0700a0c1b30040
:10950400005f99000040eb00105f99008009200083
:109514000e004000e22d0700d0c0b3003601070062
:10952400b6d40200010000000e4092008086fb00c9
:109534007ef891000086fb007ef891008085fb0098
:109544006ef891000085fb006ef891008084fb00aa
:109554001e84fb009e83fb004ef891000083fb00f9
:109564004ef891008082fb001080200010407800ab
:109574000082fb0010802000104078008081fb00f6
:1095840000802000104078000081fb000080200053
:10959400104078008080fb000e00e8008d1f7800ea
:1095a4008c1f78008b1f78008a1f7800891f780031
:1095b400881f7800871f7800861f7800851f780031
:1095c400841f7800831f7800821f7800811f780031
:1095d40071352900811f7800610920005e040200b2
:1095e40000000000fc8757000040eb007057990012
:1095f4000e00e80052d40200010000004f06be0035
:109604004f05be004f04be000080fa0000000600b3
:109614009a00fa00408f9800536c8000426c8000de
:1096240050d82000104078008080fb0040d72000f4
:10963400104078000080fb00831f7800821f7800b0
:10964400811f7800801f780050d72000801f780089
:10965400ce889000811f7800703c2900801f78001c
:109664000e0078007804020000000000ee87570026
:109674000040eb00605799000e00780052d40200bd
:10968400010000000080fa00000006000800fa0053
:10969400000f7800214798002207980033079800ac
:1096a400a20120008000eb0040d72000c804020083
:1096b4000000000040d7200011c0b300014878002a
:1096c4002e4090000004e0000600320040d7200045
:1096d40010407800804078000114a00040d720009a
:1096e40001487800f20020009e00780050d7200046
:1096f400220602000000000040d820008040eb0059
:109704000148780060d82000e1c1b3000148780026
:10971400ae009000416c8800be009000516c88003f
:10972400a0c7220010407800e14f500004003a0026
:1097340020c5b300dab402000100000015003700b0
:10974400920020009e007800b03e2900f805020037
:10975400000000000000e00007003200920020003a
:109764009e007800503f2900f80502000000000028
:109774000000e00004003a0040c5b300dab402007f
:10978400010000000300370040c4b300dab4020053
:1097940001000000f03f29009dff07000080fa004f
:1097a400000006009800fa0050d82000104078000d
:1097b4000080fb00801f780070402900801f780023
:1097c40040412900801f78000e00780078040200d0
:1097d40000000000e68757000040eb006057990046
:1097e4000e00780052d402000100000050d820007e
:1097f400104078000080fb006100600000407800a9
:109804000004e0000700320040d7200041c0b3004c
:109814000148780060d8200031c0b30001487800c6
:1098240005003700a20120008000eb0040d7200093
:10983400c8040200000000000080fa0000000600d6
:109844000400fa00204798000040eb00004f780025
:109854002e4090000004e0001300320060fc200061
:10986400104078008040e80060fc20000148780047
:1098740060fc200010407800ea4f50000d003600d4
:10988400800e2000d0988800d00621001040780077
:109894008040e800d00621000148780010c0b300e1
:1098a400004f78000300370060fc20008040eb008c
:1098b400014878001e4078000080fa00000006008d
:1098c4000200fa00004f7800003981006300600054
:1098d400e10f500045003200e0d82000104078002d
:1098e4000080fb0061006000004078000004e0009c
:1098f4003f0032001e407800ed4f5000030032005c
:109904001e407800ea4f50001c003a0050fc200032
:10991400104078000004e0001400320050fc2000e5
:109924009040780070ccb30080cf50000f003e0010
:1099340050fc2000104078000080fb00c1ef2000a4
:109944000041eb00827078009043290052d4020059
:1099540001000000c0ef200052d40200010000000a
:109964004044290052d402000100000050fc2000b1
:109974008040eb00014878001d00370050fc2000b7
:109984009040780070ccb30080cf500018003e00a7
:1099940050fc2000104078000080fb001e4178003d
:1099a400c1ef20008270780050fc20001040780045
:1099b4008040e80050fc200001487800f0072200b5
:1099c400104078009e40780080cf500008003a0094
:1099d400f0072200104078000004e0000400320088
:1099e400a0c0b300b6ff070001003700000000006c
:1099f4000080fa00000006000200fa00004f780020
:109a0400e0d82000104078000080fb006100600076
:109a1400004078000004e000390032001e40780065
:109a2400ed4f5000030032001e407800ea4f500012
:109a340021003a00b0ef2000104078000004e0005c
:109a44002f003200b0ef20009040780080ccb300ab
:109a540080cf500029003e00b0ef20001040780075
:109a64000080fb0021e320000041eb0082707800bd
:109a74007044290052d402000100000020e32000b9
:109a840052d40200010000002045290052d40200f3
:109a940001000000b0ef20008040eb000148780096
:109aa400820c20008000eb0020e32000c8040200a8
:109ab4000000000012003700b0ef20009040780052
:109ac40070ccb30080cf50000d003e00b0ef2000fa
:109ad400104078000080fb001e41780021e3200044
:109ae40082707800b0ef2000104078008040e800d9
:109af400b0ef2000014878000100370000000000aa
:109b04000080fa00000006005400fa00881f780064
:109b140020d798002ed0900069ff0700e00d2200a6
:109b2400904078002ed0900080cf50000b003a0077
:109b3400f00681000090a000f006890080c2b30006
:109b44005fff070010c3b3005dff070090c2b300be
:109b54005bff0700d0c0b30059ff0700000e2200ce
:109b6400904078002ed0900080cf500013003a002f
:109b7400f106810000202000008060000000e00069
:109b84000e003200000e22008040eb0001487800f5
:109b9400000781000090a0000007890080c2b30084
:109ba40047ff070020c3b30045ff070090c2b3007e
:109bb40043ff0700d0c0b30041ff07001107810035
:109bc40000102000008060000000e0005800320017
:109bd4002ed090000080fb00ed0f500023003200d7
:109be400ed0f500003003c00ea0f5000310032003a
:109bf4004f003700b1042000810f50000f003200e5
:109c0400f1042000810f500049003a00200e220088
:109c140010407800e24f500004003a00200e220069
:109c240031c0b3000148780041003700200e220003
:109c34008040eb00014878003d003700200e2200f0
:109c440010407800e34f500004003a00200e220038
:109c540041c0b3000148780035003700200e2200cf
:109c64008040eb000148780031003700200e2200cc
:109c7400104078000004e00004003200200e2200ae
:109c840010407800e44f500006003a00200e2200f5
:109c9400104078008040e800200e2200014878003f
:109ca40023003700200e220011c0b30001487800c1
:109cb4001f003700200e220010407800e14f5000b2
:109cc40004003200200e220010407800e54f5000be
:109cd40013003a00200e2200104078008040e80073
:109ce400200e220001487800200e22001040780047
:109cf400e64f500008003a00100781000090a000d1
:109d040010078900100781000080a1001007890056
:109d14000040eb00cafe070000000000040037000a
:109d2400200e22008040eb00014878000000000073
:109d34002ed09000ea4f50007a053a0040212200cc
:109d440010407800e14f50003a003a0011078100ba
:109d540000202000008060000000e0003500320098
:109d6400200781000000a00020078900200781004f
:109d74000010a00020078900b00d8100c10d8100f2
:109d840061004000e0804800b00d8900c10d8900e9
:109d9400a01b220010407800e14f40000500320073
:109da400a01b2200104078008040e800a01b220085
:109db40001487800402122008040eb0001487800ef
:109dc400200781000030a10020078900401b2200e9
:109dd40010407800e14f500016003600401b22006e
:109de400104078000080fb008000e900400e220053
:109df4000080400090409000c0c7b30080cf500066
:109e04000c003a00401b2200104078008040e9001a
:109e1400401b220001487800401b220010407800bb
:109e24008080fb00400e2200008040008040eb0058
:109e34001140980090f280000000e00047053200d5
:109e440090f2800041e521000041eb00827078002f
:109e54004021220010407800e14f50000f003a00ea
:109e640090f2800041e52100c2c7b30082707800ff
:109e740091f28000d00f2000808f500003003e003c
:109e840090f280000000e80090f2880090f28000d8
:109e940041e521000041eb00827078000000eb00f6
:109ea40020079800200e220010407800e54f500053
:109eb40025003200200e220010407800e64f5000aa
:109ec4002100320041e5210040f52100f6cf0200d7
:109ed40001000000d0212200104078000004e000be
:109ee4001900320040f52100c805020000000000fe
:109ef4000040780000417800d121220040f5210083
:109f0400c0cf0200010000000000e0000e0032009b
:109f14004201200041452900c0c82000ba040200c3
:109f240000000000c0c8200052d40200010000005c
:109f3400c021220011c0b30001487800d0212200c2
:109f44008040eb0001487800506480000000e0008d
:109f54001100350050648000e30f50000e003c00f7
:109f640020f721008040eb0001487800f2bc21007a
:109f7400506480007f00b9000000780000004100b8
:109f840041f5210034d0020001000000506480003b
:109f94000000e80050648800200781006100600030
:109fa4000000e000ff013a00200781006200600029
:109fb4000000e000fb013a0090f28000e70f50003f
:109fc4007f01360072c0b3008146290040e52100bc
:109fd400c0cf0200010000000000e0007801320060
:109fe40010c0b300004f78005e2b07004021220010
:109ff400104078000004e000a2013a004021220051
:10a0040011c0b30001487800200781000020a0009f
:10a014002007890070c0b300104798000000eb00cf
:10a02400900d89001f0037001e4090000080fb0047
:10a0340041e52100e1407800f0c2b30080cf500038
:10a04400150034001e4090000080fb0041e5210013
:10a05400e140780090c3b30080cf50000e003c0074
:10a06400900d81006a00b90000007800900d89000d
:10a07400980d81001e4090000080fb0041e5210006
:10a0840061407800149e0200010000000080fb0083
:10a0940000004400900d89001e4090000040e8003c
:10a0a400104798001e4090008080fb0090f28000d2
:10a0b400808f50000d0031001e4090000080fb0096
:10a0c40041e52100614078000004e000070032000f
:10a0d4001e4090000080fb0041e52100e140780033
:10a0e400c0c2b30080cf5000cfff3a001e409000a2
:10a0f4008080fb0090f28000808f500027013100a7
:10a104001e4090000080fb0041e52100e140780002
:10a11400c0c2b30080cf500020013a001e4090001e
:10a124000040e800104798001e4090000080fb00ab
:10a1340041e52100614078000004e000070032009e
:10a144001e4090000080fb0041e52100e1407800c2
:10a15400c0c2b30080cf5000f0ff3a001e40900010
:10a164000080fb0041e52100e1407800c0c2b3005b
:10a1740080cf500009013a001e4090000040e800e2
:10a18400104798001e4090000080fb0041e521002c
:10a19400e140780020c2b30080cf5000ff003a00b5
:10a1a4000000eb00100798001e4090000040e800fb
:10a1b400104798000e0037001e4090000080fb00fe
:10a1c40041e52100e14078001e0190006018220062
:10a1d40000004100014878001e4090000040e80063
:10a1e400104798001e0090000000e8001007980037
:10a1f4001e4090008080fb0090f28000808f500011
:10a20400100031001e4090000080fb0041e5210059
:10a21400614078000004e0000a0032001e40900013
:10a224000080fb0041e52100e140780020c2b3003a
:10a2340080cf5000030032001e009000f80f500041
:10a24400ddff34009e009000601822000080400072
:10a254008040eb00014878001e4090008080fb00a5
:10a2640090f28000808f5000cc0031001e4090009e
:10a274000080fb0041e52100614078000004e0001b
:10a28400c60032001e4090000040e80010479800cd
:10a294001e4090000080fb0041e5210061407800f1
:10a2a4000004e000070032001e4090000080fb0024
:10a2b40041e52100e1407800c0c2b30080cf5000e6
:10a2c400f0ff3a001e4090000080fb0041e52100b1
:10a2d400e1407800c0c2b30080cf5000af003a0024
:10a2e4001e4090000040e800104798001e40900077
:10a2f4000080fb0041e52100614078000004e0009b
:10a30400070032001e4090000080fb0041e5210060
:10a31400e1407800c0c2b30080cf5000f0ff3a00a3
:10a324001e4090000080fb0041e52100e1407800e0
:10a33400c0c2b30080cf500098003a001e40900085
:10a344000040e800104798001e4090000080fb0089
:10a3540041e52100e140780020c2b30080cf5000e5
:10a364008e003a001e4090000040e800104798001c
:10a37400401b22008040eb000148780015003700a4
:10a38400401b2200104078000081fb001e4090001a
:10a394000080fb0041e52100e1407800001a220022
:10a3a40000004100014878001e4090000040e80091
:10a3b40010479800401b2200104078008040e800bd
:10a3c400401b2200014878002e0090000000e800a5
:10a3d400200798001e4090008080fb0090f28000cf
:10a3e400808f5000110031001e4090000080fb005f
:10a3f40041e52100614078000004e0000b003200d8
:10a404001e4090000080fb0041e52100e1407800ff
:10a41400c0c2b30080cf500004003200401b2200b1
:10a4240010407800e74f5000d5ff3600ae00900092
:10a43400f0092000808f500058003c00401b22008f
:10a44400104078008080fb00001a22000080400049
:10a454008040eb0001487800030037001e40900064
:10a464000040e800104798001e4090000080fb0068
:10a4740041e52100614078000004e000070032005b
:10a484001e4090000080fb0041e52100e14078007f
:10a49400c0c2b30080cf5000f0ff3a001e409000cd
:10a4a4000080fb0041e52100e1407800c0c2b30018
:10a4b40080cf500039003a001e4090000040e80070
:10a4c40010479800401b22008040eb0001487800b0
:10a4d40012003700401b2200104078000081fb006e
:10a4e4001e4090000080fb0041e52100e14078001f
:10a4f400801a220000004100114098001e40900084
:10a504000040e80010479800401b220010407800eb
:10a514008040e800401b2200014878001e40900063
:10a524008080fb0090f28000808f50001100310089
:10a534001e4090000080fb0041e52100614078004e
:10a544000004e0000b0032001e4090000080fb007d
:10a5540041e52100e1407800b0c2b30080cf500053
:10a5640004003200401b220010407800e74f5000e6
:10a57400d8ff3600401b2200104078008080fb008a
:10a58400801a2200008040008040eb0011409800b7
:10a59400200781000020a10020078900401b220021
:10a5a4008040eb0001487800500e22008040eb0010
:10a5b4000148780020c0b300004f78003100370014
:10a5c4000040eb00004f78001107810000202000bc
:10a5d400008060000000e0002a003a0040212200d0
:10a5e40010407800e14f500026003a000040eb0094
:10a5f4001047980012003700401b220010407800da
:10a604000081fb001e4090000080fb0041e521001a
:10a61400e1407800400e2200000041001140980003
:10a624001e4090000040e80010479800401b2200a4
:10a63400104078008040e800401b22000148780068
:10a644001e4090008080fb0090f28000808f5000bc
:10a6540005003100401b220090407800f0c9b3008f
:10a6640080cf5000e4ff3600401b220010407800e9
:10a674008080fb00400e2200008040008040eb0000
:10a68400114098004021220010407800e14f500012
:10a6940044003a001e407800e14f500005003200ab
:10a6a4001107810000202000008060000000e0000d
:10a6b4003c003200200781000000a0002007890030
:10a6c400200781000010a00020078900b00d810040
:10a6d400c10d810061004000e0804800b00d890098
:10a6e400c10d8900402122008040eb000148780020
:10a6f400a01b220010407800e14f4000050032000a
:10a70400a01b2200104078008040e800a01b22001b
:10a71400014878001e4078000004e0000400320084
:10a72400200781000030a0002007890003003700c3
:10a73400200781000030a10020078900401b22006f
:10a7440010407800e14f500016003600401b2200f4
:10a75400104078000080fb008000e900400e2200d9
:10a764000080400090409000c0c7b30080cf5000ec
:10a774000c003a00401b2200104078008040e900a1
:10a78400401b220001487800401b22001040780042
:10a794008080fb00400e2200008040008040eb00df
:10a7a4001140980040212200104078000004e0008d
:10a7b400d9023a0052c0b3000147290040e5210004
:10a7c400c0cf0200010000000000e0000e003a00cb
:10a7d400a2c0b3006147290040e52100c0cf0200b8
:10a7e400010000000000e00007003a00a2c0b3002e
:10a7f4001148290040e52100c0cf020001000000fb
:10a804000000e0001a003200c0172100c21020002e
:10a8140001072100ba04020000000000e004210046
:10a82400c49002000100000072002000e104210035
:10a8340000172100ba0402000000000041e52100d5
:10a844000007210034d0020001000000d0988000ed
:10a85400c08b880050da200090407800a0172100b7
:10a8640001487800b021220011c0b30001487800eb
:10a87400b2c0b300c148290040e52100c0cf0200a6
:10a88400010000000000e0001d00320050d820004c
:10a89400104078000080fb00680060000000e000c9
:10a8a4001000320050d820008040eb0001487800ae
:10a8b40040d7200021c0b3000148780040d72000d1
:10a8c40010407800804078000104a00040d72000a8
:10a8d40001487800c0d8200031c0b3000148780096
:10a8e40005003700a20120008000eb0040d72000c3
:10a8f400c8040200000000008049290044fb07004e
:10a90400f01e8100700060000000e00094003a0036
:10a91400b2c0b300f149290040e52100c0cf0200d4
:10a92400010000000000e0008d003200b0c0b30060
:10a9340060479800030037006e4090000040e80034
:10a94400604798006e4090000080fb0041e52100c4
:10a95400614078000004e000070032006e4090007f
:10a964000080fb0041e52100e1407800c0c2b30053
:10a9740080cf5000f0ff3a006e4090000080fb0052
:10a9840041e52100e1407800c0c2b30080cf50000f
:10a9940003003a006e4090000040e80060479800d1
:10a9a4006e4090008080fb0040e521000080400064
:10a9b4006e9c0200010000000000780090f1880005
:10a9c400030037006e4090000040e80060479800a4
:10a9d4006e4090000080fb0041e52100614078005a
:10a9e4000004e000070032006e4090000080fb008d
:10a9f40041e52100e1407800c0c2b30080cf50009f
:10aa0400f0ff3a006e4090000080fb0041e5210019
:10aa1400e1407800c0c2b30080cf500003003a0088
:10aa24006e4090000040e800604798006e4090003f
:10aa34000080fb0041e52100e140780020c2b30022
:10aa440080cf500023003a006e4090000040e800a0
:10aa540060479800030037006e4090000040e80013
:10aa6400604798006e4090000080fb0041e52100a3
:10aa7400614078000004e000070032006e4090005e
:10aa84000080fb0041e52100e140780020c2b300d2
:10aa940080cf5000f0ff3a006e4090000080fb0031
:10aaa40041e52100e140780020c2b30080cf50008e
:10aab40016003a006e4090000040e800604798009d
:10aac400120037006e4090000040e8006047980094
:10aad40001003700000000006e4090000080fb0081
:10aae40041e52100614078000004e00007003200e5
:10aaf4006e4090000080fb0041e52100e1407800b9
:10ab0400c0c2b30080cf5000eeff3a006e40900008
:10ab14000080fb0041e52100e1407800c0c2b300a1
:10ab240080cf500003003a006e4090000040e800df
:10ab3400604798006e4090008080fb0040e5210053
:10ab4400008040006e9c020001000000a0f188001b
:10ab5400b1f1880070f1800000f0a00070f188006d
:10ab6400f01e8100700060000000e0009f003200d1
:10ab740040e52100400798004e0090009040780086
:10ab8400c0c3b30080cf50000f003a004e009000c5
:10ab94000000e80090407800c0c3b30080cf5000ac
:10aba40009003a004e0090000080e80090407800d0
:10abb400c0c3b30080cf500003003a004e009000a1
:10abc40063004000400798004e00900090407800d9
:10abd40030c2b30080cf5000050032004e00900018
:10abe40090407800b0c2b30080cf50000c003a000f
:10abf400ce0090006b004700811f7800b14a290005
:10ac0400811f78007804020000000000e4875700e8
:10ac14006b00470052d402000100000073003700ab
:10ac24004e00900022c0b300614d2900c0cf020045
:10ac3400010000000000e0006c003a0000398100cf
:10ac440063006000e10f50006800320000398100a9
:10ac5400640060000000e000380032004e00900004
:10ac640090407800a0c3b30080cf50005f003a004a
:10ac7400003981000020a10000398900904d29008d
:10ac840052d40200010000000040eb00204f980065
:10ac94000e003700d0368100ae4890008180fb0062
:10aca4004e0190008100410011417800a14522002d
:10acb40081004000824878000000e800d036890016
:10acc4002e4890000040e800204f98002e48900045
:10acd4000080fb00ce00900000804000104078000f
:10ace4000004e00004003200d1368100e027200097
:10acf400808f5000e7ff3600d1368100e027200026
:10ad0400808f500007003e00d0368100a14522000c
:10ad140081004000a2c0b300824878000000e8002f
:10ad2400d0368900d1368100a04522000080400041
:10ad34008040eb00014878002c0037000040eb0015
:10ad4400204f98000e003700d0368100ae489000a6
:10ad54008180fb004e019000810041001141780088
:10ad6400a145220081004000824878000000e800ec
:10ad7400d03689002e4890000040e800204f98000b
:10ad84002e4890000080fb00ce0090000080400020
:10ad9400104078000004e00004003200d136810045
:10ada400e0272000808f5000e7ff3600d136810075
:10adb400e0272000808f500007003e00d03681003d
:10adc400a145220081004000a2c0b300824878005f
:10add4000000e800d0368900d1368100a045220069
:10ade400008040008040eb000148780072c0b3004e
:10adf400e14f290040e52100c0cf0200010000001e
:10ae04000000e000ea00320040e52100c80502002d
:10ae140000000000eb0f5000e50036004005220062
:10ae2400104078008040e800400522000148780086
:10ae3400d0e521009040780010c3b30080cf5000cb
:10ae440085003a00701d2200104078000080fb004d
:10ae5400e10f500020003200e10f500003003c00dd
:10ae64000000e0000600320078003700e20f5000d6
:10ae7400c6003200e30f50006b003200730037004d
:10ae840000812000104078000004e00008003a002f
:10ae94000081200051c0b30001487800b6d40200fc
:10aea400010000006050290052d40200010000009b
:10aeb400501f2200104078000004e000b50032006a
:10aec400b6d40200010000001052290052d402003e
:10aed40001000000b600370090c0b300104798008e
:10aee4000000eb0010079800030037001e4090009c
:10aef4000040e800104798001e4090008080fb004e
:10af040090f28000808f5000070031001e409000b6
:10af14000080fb0041e52100e140780020c2b3003d
:10af240080cf5000f1ff3a001e4090000080fb00eb
:10af340041e52100e140780020c2b30080cf5000f9
:10af440023003a001e4090000040e800104798009b
:10af54000000eb00100798000e0037001e40900020
:10af64000080fb0041e52100e14078001e019000d3
:10af7400c01b220000004100114098001e009000f8
:10af84000000e800100798001e4090000040e80010
:10af9400104798001e4090008080fb0090f28000d3
:10afa400808f50000a0031001e4090000080fb009a
:10afb40041e52100e140780020c2b30080cf500079
:10afc400030032001e009000f80f5000e3ff34002d
:10afd4001e0090000000e00005003a009154290092
:10afe400d01b2200f6cf02000100000010079800d9
:10aff4009e009000c01b2200008040008040eb00b7
:10b0040011409800701d220021c0b300014878004f
:10b01400b6d40200010000008055290052d4020079
:10b024000100000062003700f0e521009040780044
:10b0340000c3b30080cf500058003200b606a90008
:10b0440040062000d09888005900370040062000b0
:10b05400d098880056003700d0e521009040780051
:10b0640000c3b30080cf500051003a00501f2200ab
:10b07400104078000080fb00e10f500040003500d4
:10b08400e20f500003003400e30f5000340032009c
:10b094003b003700f0e521009040780020c3b30066
:10b0a40080cf500005003200f0e521009040780088
:10b0b40030c3b30080cf500003003a00501f220079
:10b0c40021c0b30001487800f0e5210090407800e9
:10b0d40000c3b30080cf500018003a00501f220074
:10b0e40031c0b30001487800f0b722008040eb0083
:10b0f40001487800801f2200f040900000c5b30092
:10b1040080cf50000d003200801f22001000780014
:10b11400610060000000e00005003200801f220092
:10b12400e040900000c5b30080cf5000030032001f
:10b1340000c5b300dab4020001000000f0e521000c
:10b144009040780060c3b30080cf500015003a00ef
:10b15400501f220061c0b30001487800140037007a
:10b16400f0e521009040780000c3b30080cf500088
:10b174000e00320040062000d09888000c003700f2
:10b1840040062000d0988800090037000000000025
:10b194000700370000000000050037000000000031
:10b1a4000300370000000000010037000000000029
:10b1b40042c0b3006157290040e52100c0cf02001e
:10b1c400010000000000e00053003200701d220066
:10b1d400104078000004e00021003a00501f2200d3
:10b1e400104078000004e0001d003a0040e98000af
:10b1f400e50f500005003a000040eb005cb302008c
:10b20400010000003000200040e98800701d220089
:10b2140011c0b30001487800b6d402000100000058
:10b22400b057290052d40200010000000081200020
:10b2340011c0b300014878000000eb00707e880064
:10b24400007d2000607e88000000eb00407e8800c6
:10b25400d02a21008040eb00014878002e003700fe
:10b26400b6d4020001000000105b290052d4020091
:10b2740001000000115c2900c0c82000f6cf0200c4
:10b2840001000000100798009e009000c0c8200034
:10b2940080804000701d2200104078000041eb00c7
:10b2a400a09e0200010000009e009000008040006b
:10b2b40010079800c0c8200052d40200010000000a
:10b2c400715c2900c0c82000f6cf02000100000014
:10b2d400100798009e009000c0c8200080804000a5
:10b2e400501f2200104078000041eb00a09e020095
:10b2f400010000009e0090000080400010079800ac
:10b30400c0c8200052d402000100000020452900da
:10b3140052d40200010000000000eb0090f288000b
:10b324000e0037002ed09000ed4f50000b0032007d
:10b3340091f28000f0092000808f500007003e0049
:10b3440090f280002ed1900041e5210082707800b7
:10b3540090f280000000e80090f288004f0478002a
:10b364000080fa00000006001600fa00200f980082
:10b37400d05c290052d4020001000000d098800063
:10b38400801f7800905e2900801f78000e007800ee
:10b394007804020000000000e48757000e007800e3
:10b3a40052d4020001000000c05e290052d4020001
:10b3b400010000002e089000d0988800100781003a
:10b3c4000090a000100789006000200040e9880078
:10b3d40010c0b3001af907000080fa00000006004c
:10b3e4000200fa00000f7800a0d2210090407800fb
:10b3f400a0c5b30080cf500006003200a1d22100c6
:10b404001e007800f6cf02000100000010c0b30057
:10b4140010013700f00a2200104078000004e00018
:10b4240008013200815f2900f00a220066cf020081
:10b43400010000000000e00006003a00e15f29007e
:10b44400f00a220066cf0200010000000000e000c4
:10b4540006003200416029001e007800f6cf020089
:10b464000100000010c0b300fa003700b1602900e9
:10b47400f00a220066cf0200010000000000e00094
:10b484000c003a0011612900f00a220066cf020084
:10b49400010000000000e00006003a00716129008c
:10b4a400f00a220066cf0200010000000000e00064
:10b4b40006003200d16129001e007800f6cf020098
:10b4c4000100000010c0b300e2003700416229000f
:10b4d400f00a220066cf0200010000000000e00034
:10b4e40006003a00a1622900f00a220066cf020099
:10b4f400010000000000e0000600320001632900a2
:10b504001e007800f6cf02000100000010c0b30056
:10b51400d000370051632900f00a220066cf0200f0
:10b52400010000000000e0000c003a00b1632900b3
:10b53400f00a220066cf0200010000000000e000d3
:10b5440006003a0011642900f00a220066cf0200c6
:10b55400010000000000e0000600320071642900d0
:10b564001e007800f6cf02000100000010c0b300f6
:10b57400b800370071652900f00a220066cf020086
:10b58400010000000000e00006003200d16529003f
:10b594001e007800f6cf02000100000010c0b300c6
:10b5a400ac003700d1662900f00a220066cf020001
:10b5b400010000000000e00006003a0031672900a5
:10b5c400f00a220066cf0200010000000000e00043
:10b5d40006003200916729001e007800f6cf0200b1
:10b5e4000100000010c0b3009a0037002168290050
:10b5f400f00a220066cf0200010000000000e00013
:10b6040006003200816829001e007800f6cf02008f
:10b614000100000010c0b3008e003700316929001a
:10b62400f00a220066cf0200010000000000e000e2
:10b6340006003200916929001e007800f6cf02004e
:10b644000100000010c0b30082003700816a2900a5
:10b65400f00a220066cf0200010000000000e000b2
:10b664000c003a00e16a2900f00a220066cf0200c9
:10b67400010000000000e00006003a00416b2900d0
:10b68400f00a220066cf0200010000000000e00082
:10b6940006003200a16b29001e007800f6cf0200dc
:10b6a4000100000010c0b3006a003700a16c29003b
:10b6b400f00a220066cf0200010000000000e00052
:10b6c40006003a00016d2900f00a220066cf02004c
:10b6d400010000000000e00006003200616d290056
:10b6e4001e007800f6cf02000100000010c0b30075
:10b6f40058003700f16d2900f00a220066cf0200dd
:10b70400010000000000e0000c003a00516e290026
:10b71400f00a220066cf0200010000000000e000f1
:10b7240006003a00b16e2900f00a220066cf02003a
:10b73400010000000000e00006003200116f290043
:10b744001e007800f6cf02000100000010c0b30014
:10b7540040003700c16f2900f00a220066cf0200c2
:10b76400010000000000e000060032002170290002
:10b774001e007800f6cf02000100000010c0b300e4
:10b7840034003700e1702900f00a220066cf02007d
:10b79400010000000000e00006003a0041712900a9
:10b7a400f00a220066cf0200010000000000e00061
:10b7b40006003200616d29001e007800f6cf0200f9
:10b7c4000100000010c0b30022003700a17129005d
:10b7d400f00a220066cf0200010000000000e00031
:10b7e40006003200017229001e007800f6cf020024
:10b7f4000100000010c0b300160037005173290087
:10b80400f00a220066cf0200010000000000e00000
:10b8140006003a00b1732900f00a220066cf020044
:10b82400010000000000e00006003200117429004d
:10b834001e007800f6cf02000100000010c0b30023
:10b84400040037001e0078008040eb0001487800b7
:10b854000040eb000080fa00000006001a06fa001f
:10b86400889fbe00e0d82000104078000080fb00d4
:10b8740061006000004078000004e00004003a0029
:10b8840080802000104078000004e00013003200a3
:10b89400d198800060668100808f50000f003200d4
:10b8a40061668100d0988000811f7800801f780035
:10b8b40020752900801f7800c0c820007804020089
:10b8c40000000000e6875700c0c8200052d40200e0
:10b8d40001000000d098800060668900d098800044
:10b8e4008000eb000220200003002000820f5000a3
:10b8f400838f58001f243e000060010000023700bf
:10b90400d3023700e802370018033700500337002a
:10b9140086033700bf033700260437005f0437006f
:10b924009c043700e90437004005370079053700e7
:10b934005906370092063700f70637003c073700f0
:10b9440087073700eb07370018083700092437004a
:10b954004e0837007f083700b0083700e108370089
:10b96400120937004309370074093700a509370065
:10b97400d6093700070a3700380a3700fd23370095
:10b98400770a37009a0a3700c10a3700f9233700cb
:10b99400e80a37002c0b37006b0b370037113700e0
:10b9a4005e113700f32337008a1137009c113700ea
:10b9b400d1113700eb1137009b0b3700d90b37003f
:10b9c400ec233700f6113700021237002713370033
:10b9d40033133700f2133700fe133700e523370023
:10b9e400e4233700e3233700e223370060153700f0
:10b9f4007a153700a1153700b6153700c81537007a
:10ba0400301637003c163700da233700d9233700c5
:10ba1400d8233700d7233700d6233700d523370060
:10ba2400d4233700d3233700d2233700d123370060
:10ba3400d0233700cf233700ce2337004e163700ec
:10ba440061163700b6163700d9163700c9233700f8
:10ba5400fe1637000b173700c6233700c5233700ff
:10ba6400c4233700161737002a173700501737003a
:10ba740062173700bf233700be233700bd233700ca
:10ba8400bc233700bb233700ba23370082173700a3
:10ba940097173700bd173700c9173700b52337008c
:10baa400b4233700b3233700b2233700b123370060
:10bab400b023370071193700ae233700ad233700a8
:10bac4007819370088193700d3193700a9233700ac
:10bad400a8233700a7233700a6233700a523370060
:10bae400a4233700f71737000818370088183700e1
:10baf400a1183700c0183700231937009d233700d9
:10bb04009c2337009b2337009a233700992337005f
:10bb1400982337009723370096233700952337005f
:10bb2400942337009323370092233700912337005f
:10bb3400902337008f2337008e2337008d2337005f
:10bb44008c2337008b2337008a233700892337005f
:10bb5400882337008723370086233700852337005f
:10bb6400842337008323370082233700812337005f
:10bb7400802337007f2337007e233700de19370008
:10bb8400051a37003f1a37007a2337007923370024
:10bb9400782337007723370076233700752337005f
:10bba40074233700441a3700641a37009b1a37008d
:10bbb400702337006f2337006e2337006d2337005f
:10bbc4006c2337006b2337006a233700692337005f
:10bbd400682337006723370066233700652337005f
:10bbe400642337006323370062233700612337005f
:10bbf400602337005f2337005e2337005d2337005f
:10bc04005c2337005b2337005a233700592337005e
:10bc14005823370057233700562337007e0b37004d
:10bc2400360e37005c0e3700b70e3700ec0e3700c7
:10bc3400030f37000b0f37004e233700540f370024
:10bc4400780f3700210f3700970f3700d50f3700d3
:10bc5400311037003f1037004623370049103700b2
:10bc64004e10370043233700422337004123370067
:10bc7400402337003f2337003e2337003d2337005e
:10bc84003c2337003b2337003a233700392337005e
:10bc9400382337003723370036233700991a370003
:10bca400a51a3700bb1a3700c71a3700d31a370052
:10bcb400ed1a3700011b3700081b3700521b3700f1
:10bcc4006c1b37002b2337002a2337002923370026
:10bcd400282337002723370026233700252337005e
:10bce4002423370033103700431037002123370053
:10bcf400202337001f2337008b1b37001d233700f9
:10bd04001c2337001b2337001a233700901b3700ee
:10bd1400a01b3700e81b37001a1c37001523370017
:10bd2400142337001323370012233700112337005d
:10bd3400102337000f2337000e2337000d2337005d
:10bd44000c2337000b2337000a233700092337005d
:10bd5400082337000723370006233700e31a370088
:10bd6400ed1a3700f71a37001b1b3700221b370068
:10bd740000233700ff223700fe223700fd22370060
:10bd8400fc223700fb223700fa223700f922370061
:10bd9400f8223700f7223700f6223700f522370061
:10bda400f4223700f3223700f2223700171c370041
:10bdb4002f1c3700991c3700ee223700ed22370084
:10bdc400ec223700eb223700ea223700e922370061
:10bdd400e8223700e7223700e6223700e522370061
:10bde400e4223700e3223700e2223700e122370061
:10bdf400e0223700df223700de223700dd22370061
:10be0400dc223700db223700da223700d922370060
:10be1400d8223700d7223700d6223700d522370060
:10be2400d4223700d3223700d2223700d122370060
:10be3400d0223700cf223700ce223700cd22370060
:10be4400cc223700cb223700ca223700c922370060
:10be5400c8223700c7223700c6223700c522370060
:10be6400c4223700c3223700c2223700c122370060
:10be7400c0223700bf223700be223700bd22370060
:10be8400bc223700bb223700ba223700b922370060
:10be9400b8223700b7223700b6223700b522370060
:10bea400b4223700b3223700b2223700b122370060
:10beb400b0223700af223700ae223700ad22370060
:10bec400ac223700ab223700b4093700a92237006f
:10bed400a8223700a7223700a6223700a522370060
:10bee400a4223700a3223700a2223700a122370060
:10bef400a02237009f2237009e2237009d22370060
:10bf04009c2237009b2237009a223700992237005f
:10bf1400982237009722370096223700952237005f
:10bf2400942237009322370092223700912237005f
:10bf3400902237008f2237008e2237001e013700ef
:10bf4400340437006d043700b2043700be043700f0
:10bf5400882237008722370086223700852237005f
:10bf6400842237008322370082223700812237005f
:10bf7400802237007f2237007e2237007d2237005f
:10bf84007c2237007b2237007a223700792237005f
:10bf9400782237007722370076223700752237005f
:10bfa400742237007322370072223700712237005f
:10bfb400702237006f2237006e2237006d2237005f
:10bfc4006c2237006b2237006a223700692237005f
:10bfd400682237006722370066223700652237005f
:10bfe400642237006322370062223700612237005f
:10bff400602237005f2237005e2237005d2237005f
:10c004005c2237005b2237005a223700592237005e
:10c01400582237005722370056223700552237005e
:10c02400542237005322370052223700541c370061
:10c034009f1c3700d31c3700531d37004c1d37009d
:10c04400ab2137004b2237004a2237004922370000
:10c05400482237006d1d370046223700452237003d
:10c06400442237004322370042223700412237005e
:10c07400402237003f2237003e2237003d2237005e
:10c084003c2237003b2237003a223700392237005e
:10c09400382237003722370036223700352237005e
:10c0a400342237003322370032223700312237005e
:10c0b400302237002f2237002e2237002d2237005e
:10c0c4002c2237002b2237002a223700e01b3700ae
:10c0d400e81b3700272237002622370025223700a5
:10c0e400242237002322370022223700212237005e
:10c0f40020223700f31b3700021c3700181c3700be
:10c10400002f210080c0eb0001487800002f21009f
:10c1140080c0eb0001487800b666a900508020007a
:10c124008040eb0001487800a12207000a230700a1
:10c1340090b32000c1c0b3000148780060ca220057
:10c144008040eb0001487800400120002065890010
:10c1540080bb21008040eb0001487800902322003e
:10c164008040eb000148780090bb21008040eb0048
:10c1740001487800b0ef20008040eb0001487800cf
:10c1840050fc20008040eb0001487800500522005c
:10c194008040eb0001487800000822008040eb005a
:10c1a40001487800f00722008040eb000148780045
:10c1b4000000eb0010408800408020008040eb002d
:10c1c40001487800b6d4020001000000d098800035
:10c1d400801f780000762900801f7800c0c82000e6
:10c1e4007804020000000000e4875700c0c8200063
:10c1f40052d4020001000000b6d402000100000085
:10c20400e076290052d402000100000020452900f4
:10c2140052d4020001000000419c200010c0b30071
:10c22400ee6602000100000000192000d09888008a
:10c234000040eb005cb30200010000000000eb00d2
:10c24400407e88000000eb00507e88000000eb0078
:10c25400607e88000000eb00907e8800007d200056
:10c26400b07e8800a0fd20008040eb0001487800eb
:10c274000000eb00707e88000000eb00807e8800e8
:10c284000000eb00a07e8800802322008040eb00a9
:10c2940001487800400522008040eb000148780006
:10c2a400e0d620008040eb0001487800a00d220079
:10c2b400f1c3b30001487800a00d2200904078003b
:10c2c400a028210001487800a0092200f1c3b3008e
:10c2d40001487800b00922008040eb000148780052
:10c2e4000000eb00506488000c00370050648000ac
:10c2f4007f00b90080007800f0bc2100008040007d
:10c30400e20120008000eb00c804020000000000ed
:10c31400506480000000e80050648800506480008d
:10c32400e30f5000f1ff34000080eb0050648800fc
:10c33400000e22008040eb0001487800e00d22004e
:10c344008040eb0001487800d02122008040eb00bf
:10c3540001487800c02122008040eb0001487800a9
:10c36400dcc6a800b6a6a800b6d4020001000000ee
:10c37400d098800011002000811f7800801f780071
:10c38400c0772900801f7800c0c82000780402000c
:10c3940000000000e6875700c0c8200052d4020005
:10c3a40001000000f11e810000ff2f0000806000ea
:10c3b400f01e8900fb21370090b320001040780064
:10c3c4000004e0001900320090b32000104078000f
:10c3d4008040e90090b3200001487800419c20008f
:10c3e40010c0b300ee66020001000000b6d40200e3
:10c3f4000100000090b32000104078000080fb0092
:10c40400801f780040792900801f7800c0c8200070
:10c414007804020000000000e4875700c0c8200030
:10c4240052d4020001000000050037001000200073
:10c43400d09888003021220061c9b30001487800f7
:10c44400a0fd20008040eb0001487800d521370092
:10c45400d00d22008040eb0001487800d0802000fd
:10c46400104078008040e800d08020000148780027
:10c474003c220700107a29000922070000e2240068
:10c4840001002000b0068900c106890020002000b8
:10c49400d0988800411f200010c0b300ee6602004f
:10c4a40001000000bf213700110781000020200097
:10c4b400008060000000e0000b003200100020004b
:10c4c40040e988002722070000e224000100200040
:10c4d400b0068900c1068900707a2900f02107009e
:10c4e40030002000d0988800b0068100c106810089
:10c4f400e00f5000e08f580025213a00e07a29002f
:10c5040052d4020001000000d198800000042000f1
:10c514000e004000811f7800915e2900811f780081
:10c524007804020000000000e487570000042000a3
:10c534000e00400052d4020001000000c05e290039
:10c5440052d402000100000001fa200010c0b30020
:10c55400ee6602000100000010c0b300b8f407004a
:10c5640080112000d09888008e21370011078100a7
:10c5740000202000008060000000e0000e00320077
:10c58400f8210700f07c2900c521070000e22400ff
:10c5940001002000b0068900c10689000000eb00fc
:10c5a400d011890040c4b300dab4020001000000d5
:10c5b40070022000d0988800b0068100c106810076
:10c5c400e00f5000e08f58001c003a00d05c2900b6
:10c5d40052d4020001000000d198800040052000e0
:10c5e4000e004000811f7800915e2900811f7800b1
:10c5f4007804020000000000e48757004005200092
:10c604000e00400052d4020001000000c05e290068
:10c6140052d402000100000020002000d0988800bd
:10c62400100781000090a00010078900600020001e
:10c6340040e9880010c0b30081f40700411f2000c6
:10c6440010c0b300ee66020001000000552137005f
:10c654001107810000202000008060000000e0003d
:10c6640009003200bf210700507d29008c210700fa
:10c6740000e2240001002000b0068900c106890000
:10c6840050002000d0988800b0068100c1068100c7
:10c69400e00f5000e08f58001c003a00d05c2900e5
:10c6a40052d4020001000000d198800080062000ce
:10c6b4000e004000811f7800915e2900811f7800e0
:10c6c4007804020000000000e48757008006200080
:10c6d4000e00400052d4020001000000c05e290098
:10c6e40052d402000100000030002000d0988800dd
:10c6f4006000200040e98800100781000090a0003d
:10c704001007890010c0b3004df40700411f20003a
:10c7140010c0b300ee66020001000000a0fd20007e
:10c724008040eb00014878001e213700110781008a
:10c7340000202000008060000000e0000f003200b4
:10c744008821070040f521008040eb000148780073
:10c75400407e290052210700b02122008040eb00d6
:10c764000148780000e2240001002000b00689009e
:10c77400c106890060002000d0988800b0068100be
:10c78400c1068100e00f5000e08f58001c003a0001
:10c79400d05c290052d4020001000000d19880002e
:10c7a400c00720000e004000811f7800915e290020
:10c7b400811f78007804020000000000e48757001d
:10c7c400c00720000e00400052d402000100000007
:10c7d400c05e290052d4020001000000100781004d
:10c7e4000090a0001007890040002000d098880025
:10c7f4006000200040e9880010c0b30010f4070076
:10c80400411f200010c0b300ee66020001000000ca
:10c81400e420370040f52100104078000004e000d7
:10c824003e00320082c0b300e17e290040f52100c1
:10c83400c0cf0200010000000000e000140032003c
:10c84400c0f52100104078000004e0001000320020
:10c85400f0f621008040eb0001487800c1f521008a
:10c8640000c6210034d00200010000007000200046
:10c87400d098880000e2240001002000b00689005e
:10c88400c1068900802322008040eb000148780023
:10c89400b0212200104078000004e0001f003200a4
:10c8a40080f621008040eb000148780041f521002a
:10c8b40000c6210034d00200010000005000200016
:10c8c400d09888006000200040e98800802322007e
:10c8d400104078008040e80080232200014878005e
:10c8e400b6d4020001000000707f290052d4020077
:10c8f40001000000100781000090a00010078900cb
:10c904008023220010407800e44f5000222036009b
:10c91400f00f2000d0988800a2203700b0068100d4
:10c92400c1068100e00f5000e08f58001c003a005f
:10c93400d05c290052d4020001000000d19880008c
:10c94400000920000e004000811f7800915e29003c
:10c95400811f78007804020000000000e48757007b
:10c96400000920000e00400052d402000100000023
:10c97400c05e290052d402000100000050002000d3
:10c98400d0988800100781000090a000100789004b
:10c994006000200040e9880010c0b300a8f307003d
:10c9a400411f200010c0b300ee6602000100000029
:10c9b4007c203700110781000020200000806000e7
:10c9c4000000e0000f003200e620070040f52100df
:10c9d4008040eb000148780030802900b020070037
:10c9e40000e2240001002000b0068900c10689008d
:10c9f40080002000d0988800b02122008040eb0005
:10ca040001487800b0068100c1068100e00f5000a3
:10ca1400e08f58001c003a00d05c290052d4020078
:10ca240001000000d1988000400a20000e00400060
:10ca3400811f7800915e2900811f7800780402002c
:10ca440000000000e4875700400a20000e00400068
:10ca540052d4020001000000c05e290052d402003a
:10ca64000100000050002000d098880010078100c9
:10ca74000090a000100789006000200040e98800b1
:10ca840010c0b3006ef30700411f200010c0b300b4
:10ca9400ee660200010000004220370040f521004c
:10caa400104078000004e0001400320080f62100f9
:10cab4008040eb000148780041f52100a0bb210033
:10cac40034d0020001000000b021220010407800a0
:10cad4000004e000030032006000200040e9880008
:10cae4000600370090002000d098880000e224005f
:10caf40001002000b0068900c1068900b00681004b
:10cb0400c1068100e00f5000e08f58001c003a007d
:10cb1400d05c290052d4020001000000d1988000aa
:10cb2400800b20000e004000811f7800915e2900d8
:10cb3400811f78007804020000000000e487570099
:10cb4400800b20000e00400052d4020001000000bf
:10cb5400c05e290052d402000100000070002000d1
:10cb6400d0988800100781000090a0001007890069
:10cb74006000200040e9880010c0b30030f30700d3
:10cb8400411f200010c0b300ee6602000100000047
:10cb9400042037001107810000202000008060007d
:10cba4000000e000230032006e20070040f5210061
:10cbb4008040eb0001487800c0802900382007003d
:10cbc40000e2240001002000b0068900c1068900ab
:10cbd400a0002000d0988800b02122008040eb0003
:10cbe400014878000000eb00506488000c00370016
:10cbf400506480007f00b90080007800f0bc210000
:10cc040000804000e20120008000eb00c804020024
:10cc140000000000506480000000e80050648800b8
:10cc240050648000e30f5000f1ff34000000eb007b
:10cc340050648800b0068100c1068100e00f5000f6
:10cc4400e08f58001c003a00d05c290052d4020046
:10cc540001000000d1988000c00c20000e004000ac
:10cc6400811f7800915e2900811f780078040200fa
:10cc740000000000e4875700c00c20000e004000b4
:10cc840052d4020001000000c05e290052d4020008
:10cc94000100000070002000d09888001007810077
:10cca4000090a000100789006000200040e988007f
:10ccb40010c0b300e2f20700411f200010c0b3000f
:10ccc400ee66020001000000b61f370040f52100a7
:10ccd400104078000004e00008003200b021220077
:10cce400104078000004e00004003200400d2000f1
:10ccf400d09888006000200040e988001107810076
:10cd040000202000008060000000e0001f003200ce
:10cd1400b0002000d0988800b6d4020001000000c2
:10cd24007081290052d40200010000000000eb00d1
:10cd3400506488000d003700f2bc2100506480006c
:10cd44007f00b900000078000000410052d40200c6
:10cd540001000000e081290052d40200010000001b
:10cd6400506480000000e800506488005064800033
:10cd7400e30f5000f0ff34000082290052d4020077
:10cd8400010000000080eb0050648800b0068100c0
:10cd9400c1068100e00f5000e08f58001e003a00e9
:10cda400d05c290052d4020001000000d198800018
:10cdb400000e20000e004000811f7800915e2900c3
:10cdc400811f78007804020000000000e487570007
:10cdd400000e20000e00400052d4020001000000aa
:10cde400c05e290052d4020001000000900020001f
:10cdf400d0988800100781000090a00010078900d7
:10ce04006000200040e9880010c0b3008cf20700e5
:10ce14000080eb0050648800411f200010c0b30064
:10ce2400ee660200010000005e1f3700110781005a
:10ce340000202000008060000000e0000f003200ad
:10ce4400c81f070040f521008040eb00014878002e
:10ce540020822900921f070000e224000100200024
:10ce6400b0068900c1068900b02122008040eb0091
:10ce740001487800c0002000d0988800b0068100e6
:10ce8400c1068100e00f5000e08f58001c003a00fa
:10ce9400d05c290052d4020001000000d198800027
:10cea400400f20000e004000811f7800915e290091
:10ceb400811f78007804020000000000e487570016
:10cec400400f20000e00400052d402000100000078
:10ced400c05e290052d4020001000000900020002e
:10cee400d0988800100781000090a00010078900e6
:10cef4006000200040e9880010c0b30050f2070031
:10cf0400411f200010c0b300ee66020001000000c3
:10cf1400241f370040f52100104078000004e00091
:10cf24001600320080f621008040eb0001487800b2
:10cf340041f52100b0c4210034d0020001000000fa
:10cf4400b0212200104078000004e0000500320007
:10cf5400000d2000d09888006000200040e988007f
:10cf64000600370000e2240001002000b00689001a
:10cf7400c106890010192000d0988800b0068100ed
:10cf8400c1068100e00f5000e08f58001c003a00f9
:10cf9400d05c290052d4020001000000d198800026
:10cfa400801020000e004000811f7800915e29004f
:10cfb400811f78007804020000000000e487570015
:10cfc400801020000e00400052d402000100000036
:10cfd400c05e290052d4020001000000b00020000d
:10cfe400d0988800100781000090a00010078900e5
:10cff4006000200040e9880010c0b30010f2070070
:10d00400411f200010c0b300ee66020001000000c2
:10d01400e41e37001107810000202000008060001a
:10d024000000e0000f003200a02122008040eb004d
:10d03400014878004b1f070040f521008040eb00b9
:10d0440001487800b0822900151f070000e224007f
:10d0540001002000b0068900c106890020192000c3
:10d06400d0988800b0068100c1068100e00f50000e
:10d07400e08f58001c003a00d05c290052d4020012
:10d0840001000000d1988000c01120000e00400073
:10d09400811f7800915e2900811f780078040200c6
:10d0a40000000000e4875700c01120000e0040007b
:10d0b40052d4020001000000c05e290052d40200d4
:10d0c40001000000b0002000d09888001007810003
:10d0d4000090a000100789006000200040e988004b
:10d0e40010c0b300d6f10700411f200010c0b300e8
:10d0f400ee66020001000000aa1e3700110781003d
:10d1040000202000008060000000e0001b003200ce
:10d11400a02122008040eb0001487800d0002000cc
:10d12400d098880040f52100104078000004e00009
:10d1340012003200b2c0b3008183290040f52100ff
:10d14400c0cf0200010000000000e0000200320035
:10d1540030192000d0988800b2c0b300418429005f
:10d1640040f52100c0cf0200010000000000e000f3
:10d1740002003200d0002000d0988800b006810060
:10d18400c1068100e00f5000e08f58001c003a00f7
:10d19400d05c290052d4020001000000d198800024
:10d1a400001320000e004000811f7800915e2900ca
:10d1b400811f78007804020000000000e487570013
:10d1c400001320000e00400052d4020001000000b1
:10d1d400c05e290052d4020001000000b00020000b
:10d1e400d0988800100781000090a00010078900e3
:10d1f4006000200040e9880010c0b30090f10700ef
:10d20400411f200010c0b300ee66020001000000c0
:10d21400641e3700d31e070040f521008040eb0058
:10d2240001487800008529009d1e070000e22400c3
:10d2340001002000b0068900c106890040192000c1
:10d24400d0988800571e3700110781000020200065
:10d25400008060000000e00005003a00b006810094
:10d26400c1068100e00f5000e08f580005003a002d
:10d27400e085290052d4020001000000b00e200015
:10d28400d0988800411f200010c0b300ee66020051
:10d2940001000000431e3700110781000020200018
:10d2a400008060000000e0000f003200a021220096
:10d2b4008040eb0001487800aa1e070040f52100d9
:10d2c4008040eb000148780010882900741e070094
:10d2d40000e2240001002000b0068900c106890094
:10d2e400e0002000d0988800b0068100c1068100cb
:10d2f400e00f5000e08f58001c003a00d05c290079
:10d3040052d4020001000000d19880004014200093
:10d314000e004000811f7800915e2900811f780073
:10d324007804020000000000e48757004014200045
:10d334000e00400052d4020001000000c05e29002b
:10d3440052d4020001000000b0002000d0988800f0
:10d35400100781000090a0001007890060002000e1
:10d3640040e9880010c0b30035f10700411f2000d8
:10d3740010c0b300ee66020001000000091e370071
:10d3840040f52100104078000004e0003c00320029
:10d39400c2c0b300b188290040f52100c0cf02000b
:10d3a400010000000000e00009003200200020001d
:10d3b40040e9880020012000d098880000e2240081
:10d3c40001002000b0068900c10689002c00370046
:10d3d400e2c0b3008189290040f52100c0cf0200da
:10d3e400010000000000e0000a003200f00020000c
:10d3f400d0988800802322008040eb000148780008
:10d4040000e2240001002000b0068900c106890062
:10d414001b003700e2c0b300718a290040f52100e7
:10d42400c0cf0200010000000000e000090032004b
:10d43400900d2000d098880011c0b3001000200087
:10d4440006320200010000006000200040e988006c
:10d454000b00370032c1b300618b290040f5210075
:10d46400c0cf0200010000000000e0000200320012
:10d47400800d2000d09888006000200040e98800da
:10d48400b0068100c1068100e00f5000e08f580013
:10d494001c003a00d05c290052d4020001000000b4
:10d4a400d1988000801520000e004000811f780074
:10d4b400915e2900811f78007804020000000000ba
:10d4c400e4875700801520000e00400052d402006b
:10d4d40001000000c05e290052d4020001000000d7
:10d4e400d0002000d0988800100781000090a00090
:10d4f4001007890010c0b300d1f0070060002000bd
:10d5040040e98800411f200010c0b300ee6602000d
:10d5140001000000a31d3700420020008000eb0042
:10d5240050212200c8040200000000005021220003
:10d5340045ca220064ca22008001780042c0b300b8
:10d544008000eb0000cab300aa8e020001000000b4
:10d55400902122008040eb000148780050212200f5
:10d5640052c40200000000000004e0001500320074
:10d57400fc1d0700a08c2900c91d070050212200b2
:10d58400c71d0700408d2900c51d070000e22400c7
:10d5940001002000b0068900c106890000012000b6
:10d5a400d0988800411f200010c0b300ee6602002e
:10d5b40001000000802322008040eb000148780035
:10d5c400781d370080232200104078008040e80056
:10d5d4008023220001487800b6d402000100000034
:10d5e400708d290052d40200010000000171220054
:10d5f40010c0b300ee6602000100000010078100b5
:10d604000090a000100789008023220010407800b9
:10d61400e24f5000e21c3600b08f290052d40200c1
:10d6240001000000f00f2000d09888005d1d370035
:10d634001107810000202000008060000000e0004d
:10d6440021003200e080200021c8b30001487800a6
:10d654000081200021c0b30001487800b6d4020044
:10d66400010000008093290052d402000100000050
:10d6740090232200104078000004e00006003a00e5
:10d684009023220011c0b30001487800f02a210041
:10d6940011c0b30001487800b21d0700709429003e
:10d6a400711d070000e2240001002000b00689007b
:10d6b400c106890010012000d098880040f521009f
:10d6c4008040eb0001487800b0068100c10681006b
:10d6d400e00f5000e08f58001c003a00d05c290095
:10d6e40052d4020001000000d1988000c01620002e
:10d6f4000e004000811f7800915e2900811f780090
:10d704007804020000000000e4875700c0162000df
:10d714000e00400052d4020001000000c05e290047
:10d7240052d4020001000000d0002000d0988800ec
:10d73400100781000090a0001007890060002000fd
:10d7440040e9880010c0b3003df00700411f2000ed
:10d7540010c0b300ee66020001000000111d370086
:10d764001107810000202000008060000000e0001c
:10d774002b00320062c0b300f194290040f521006f
:10d78400c0cf0200010000000000e00020003200d1
:10d79400a0f5210010407800149e02000100000052
:10d7a4000080fb0010079800b0f52100904078003d
:10d7b400f0c2b30080cf500011003400b0f5210056
:10d7c4009040780090c3b30080cf50000c003c0020
:10d7d4001e0090006a00b90000007800100798004d
:10d7e400b0f5210010407800149e020001000000f2
:10d7f4000080fb009e00900000804000100798000d
:10d804001e0090000040780028390200010000004a
:10d814000000eb00507e880020012000d098880092
:10d82400b0068100c1068100e00f5000e08f58006f
:10d834001a003a00d05c290052d402000100000012
:10d84400d1988000001820000e004000811f78004d
:10d85400915e2900811f7800780402000000000016
:10d86400e4875700001820000e00400052d4020044
:10d8740001000000c05e290052d402000100000033
:10d88400100781000090a00010078900000120000b
:10d89400d098880010c0b300e9ef0700c02122002f
:10d8a400104078000004e0003f1c3200d098800053
:10d8b400801f780060952900801f7800c0c8200070
:10d8c4007804020000000000e4875700c0c820006c
:10d8d40052d4020001000000411f200010c0b30018
:10d8e400ee66020001000000e01f2000d0988800ce
:10d8f400ac1c3700d08020008040eb000148780049
:10d904001107810000202000008060000000e0007a
:10d9140009003200131d070000972900e01c0700ce
:10d9240000e2240001002000b0068900c10689003d
:10d9340030012000d0988800b0068100c106810023
:10d94400e00f5000e08f580013003a00d05c29002b
:10d9540052d4020001000000401920000e004000d3
:10d9640052d4020001000000c05e290052d402001b
:10d974000100000000012000d098880010078100f9
:10d984000090a000100789006000200040e9880092
:10d9940010c0b300aaef0700411f200010c0b3005d
:10d9a400ee660200010000007e1c370011078100b2
:10d9b40000202000008060000000e0001100320020
:10d9c400e81c070000e2240001002000b0068900e2
:10d9d400c1068900b0972900b11c0700500120003e
:10d9e400d098880000e2240001002000b0068900dd
:10d9f400c1068900411f200010c0b300ee6602007a
:10da040001000000b0068100c1068100e00f500053
:10da1400e08f5800e61b3a00d05c290052d4020083
:10da240001000000d1988000801a20000e00400000
:10da3400811f7800915e2900811f7800780402001c
:10da440000000000e4875700801a20000e00400008
:10da540052d4020001000000c05e290052d402002a
:10da64000100000020012000d098880010078100e8
:10da74000090a000100789006000200040e98800a1
:10da840010c0b3006eef0700461c37001107810079
:10da940000202000008060000000e0000900320047
:10daa400b01c070000e2240001002000b006890039
:10dab400c106890070982900791c070060012000c4
:10dac400d0988800b0068100c1068100e00f5000a4
:10dad400e08f58001a003a00d05c290052d40200aa
:10dae40001000000d1988000c01b20000e004000ff
:10daf400811f7800915e2900811f7800780402005c
:10db040000000000e4875700c01b20000e00400006
:10db140052d4020001000000c05e290052d4020069
:10db24000100000020012000d09888001007810027
:10db34000090a0001007890010c0b30040ef070058
:10db4400411f200010c0b300ee6602000100000077
:10db5400141c3700110781000020200000806000a1
:10db64000000e000090032007e1c070000e22400ef
:10db740001002000b0068900c1068900209929000f
:10db8400471c070070012000d0988800b00681006f
:10db9400c1068100e00f5000e08f58001a003a00df
:10dba400d05c290052d4020001000000d19880000a
:10dbb400001d20000e004000811f7800915e2900a6
:10dbc400811f78007804020000000000e4875700f9
:10dbd400001d20000e00400052d40200010000008d
:10dbe400c05e290052d40200010000002001200080
:10dbf400d0988800100781000090a00010078900c9
:10dc040010c0b3000eef0700411f200010c0b30086
:10dc1400ee66020001000000e21b370011078100dc
:10dc240000202000008060000000e00009003200b5
:10dc34004c1c070000e2240001002000b00689000b
:10dc4400c1068900109a2900151c070080012000d4
:10dc5400d0988800b0068100c1068100e00f500012
:10dc6400e08f58001a003a00d05c290052d4020018
:10dc740001000000d1988000401e20000e004000ea
:10dc8400811f7800915e2900811f780078040200ca
:10dc940000000000e4875700401e20000e004000f2
:10dca40052d4020001000000c05e290052d40200d8
:10dcb4000100000020012000d09888001007810096
:10dcc4000090a0001007890010c0b300dcee07002c
:10dcd400411f200010c0b300ee66020001000000e6
:10dce400b01b370011078100002020000080600075
:10dcf4000000e000090032001a1c070000e22400c2
:10dd040001002000b0068900c1068900a09a2900fc
:10dd1400e31b070090012000d0988800b006810022
:10dd2400c1068100e00f5000e08f58001a003a004d
:10dd3400d05c290052d4020001000000d198800078
:10dd4400801f20000e004000811f7800915e290092
:10dd5400811f78007804020000000000e487570067
:10dd6400801f20000e00400052d402000100000079
:10dd7400c05e290052d402000100000020012000ee
:10dd8400d0988800100781000090a0001007890037
:10dd940010c0b300aaee0700411f200010c0b3005a
:10dda400ee660200010000007e1b370011078100af
:10ddb40000202000008060000000e0000900320024
:10ddc400e81b070000e2240001002000b0068900df
:10ddd400c1068900409b2900b11b0700a001200057
:10dde400d0988800b0068100c1068100e00f500081
:10ddf400e08f58001a003a00d05c290052d4020087
:10de040001000000d1988000c02020000e004000d6
:10de1400811f7800915e2900811f78007804020038
:10de240000000000e4875700c02020000e004000de
:10de340052d4020001000000c05e290052d4020046
:10de44000100000020012000d09888001007810004
:10de54000090a0001007890010c0b30078ee0700fe
:10de6400411f200010c0b300ee6602000100000054
:10de74004c1b370011078100002020000080600047
:10de84000000e00009003200b61b070000e2240095
:10de940001002000b0068900c1068900f09b29001a
:10dea4007f1b0700b0012000d0988800b0068100d5
:10deb400c1068100e00f5000e08f58001a003a00bc
:10dec400d05c290052d4020001000000d1988000e7
:10ded400002220000e004000811f7800915e29007e
:10dee400811f78007804020000000000e4875700d6
:10def400002220000e00400052d402000100000065
:10df0400c05e290052d4020001000000200120005c
:10df1400d0988800100781000090a00010078900a5
:10df240010c0b30046ee0700411f200010c0b3002c
:10df3400ee660200010000001a1b37001107810081
:10df440000202000008060000000e0000900320092
:10df5400841b070000e2240001002000b0068900b1
:10df6400c1068900a09c29004d1b0700c0012000a8
:10df7400d0988800b0068100c1068100e00f5000ef
:10df8400e08f58001a003a00d05c290052d40200f5
:10df940001000000d1988000402320000e004000c2
:10dfa400811f7800915e2900811f780078040200a7
:10dfb40000000000e4875700402320000e004000ca
:10dfc40052d4020001000000c05e290052d40200b5
:10dfd4000100000020012000d09888001007810073
:10dfe4000090a0001007890010c0b30014ee0700d1
:10dff400411f200010c0b300ee66020001000000c3
:10e00400e81a37001107810000202000008060001a
:10e014000000e00009003200521b070000e2240067
:10e0240001002000b0068900c1068900509d290026
:10e034001b1b0700d0012000d0988800b006810087
:10e04400c1068100e00f5000e08f58001a003a002a
:10e05400d05c290052d4020001000000d198800055
:10e06400802420000e004000811f7800915e29006a
:10e07400811f78007804020000000000e487570044
:10e08400802420000e00400052d402000100000051
:10e09400c05e290052d402000100000020012000cb
:10e0a400d0988800100781000090a0001007890014
:10e0b40010c0b300e2ed0700411f200010c0b30000
:10e0c400ee66020001000000b61a37001107810055
:10e0d40000202000008060000000e0000900320001
:10e0e400201b070000e2240001002000b006890084
:10e0f400c1068900009e2900e91a0700e0012000fa
:10e10400d0988800b0068100c1068100e00f50005d
:10e11400e08f58001a003a00d05c290052d4020063
:10e1240001000000d1988000c02520000e004000ae
:10e13400811f7800915e2900811f78007804020015
:10e1440000000000e4875700c02520000e004000b6
:10e1540052d4020001000000c05e290052d4020023
:10e164000100000020012000d098880010078100e1
:10e174000090a0001007890010c0b300b0ed0700a4
:10e18400411f200010c0b300ee6602000100000031
:10e19400841a3700110781000020200000806000ed
:10e1a4000000e00009003200ee1a070000e224003b
:10e1b40001002000b0068900c1068900409b2900a7
:10e1c400b71a0700f0012000d0988800b00681003b
:10e1d400c1068100e00f5000e08f58001a003a0099
:10e1e400d05c290052d4020001000000d1988000c4
:10e1f400002720000e004000811f7800915e290056
:10e20400811f78007804020000000000e4875700b2
:10e21400002720000e00400052d40200010000003c
:10e22400c05e290052d40200010000002001200039
:10e23400d0988800100781000090a0001007890082
:10e2440010c0b3007eed0700411f200010c0b300d2
:10e25400ee66020001000000521a37001107810027
:10e2640000202000008060000000e0001800320060
:10e27400f0d5200090407800801f220011409800c3
:10e28400801f22009040900040c6b30080cf500011
:10e2940003003600801f2200e1c0b3001140980043
:10e2a40000e2240001002000b0068900c1068900b4
:10e2b400ac1a0700b02122008040eb00014878002e
:10e2c400b09e2900761a070020022000d09888000a
:10e2d400b0068100c1068100e00f5000e08f5800b5
:10e2e4001a003a00d05c290052d402000100000058
:10e2f400d1988000402820000e004000811f780043
:10e30400915e2900811f780078040200000000005b
:10e31400e4875700402820000e00400052d4020039
:10e3240001000000c05e290052d402000100000078
:10e3340020012000d0988800100781000090a000e0
:10e344001007890010c0b3003ded0700411f2000f5
:10e3540010c0b300ee66020001000000111a37007d
:10e364001107810000202000008060000000e00010
:10e374001300320050ea8000610060000000e000f9
:10e384000d003200771a0700e09f2900441a0700a5
:10e3940050ea80000000a10050ea88008038210083
:10e3a40001002000b0068900c10689002002200077
:10e3b400d09888000200370030022000d0988800ee
:10e3c400b0068100c1068100e00f5000e08f5800c4
:10e3d40002003a00800c2000e3f30700813e200095
:10e3e40010c0b300ee66020001000000ed19370012
:10e3f4001107810000202000008060000000e00080
:10e404000200320030022000d0988800b02122009f
:10e41400104078000004e0000e003200c0a0290083
:10e4240052d4020001000000b02122008040eb0021
:10e4340001487800100781000090a00010078900af
:10e44400100781000080a10010078900300220001d
:10e45400d0988800b0068100c1068100e00f50000a
:10e46400e08f580005003a00100781000090a000da
:10e474001007890030022000d0988800410620004f
:10e4840010c0b300ee66020001000000c519370099
:10e494001107810000202000008060000000e000df
:10e4a40018003200500b2200cdf307002d1a07008c
:10e4b400500b2200104078000004e00009003200f4
:10e4c40090a22900f6190700500b2200f419070046
:10e4d400d0a32900f219070050022000d098880028
:10e4e40004003700d0a42900ed19070050022000d1
:10e4f400d098880000e2240001002000b0068900c2
:10e50400c1068900b0068100c1068100e00f5000f9
:10e51400e08f580002003a00f001200092f3070057
:10e52400017d200010c0b300ee660200010000006f
:10e534009c19370011078100002020000080600032
:10e544000000e00009003200061a070030a6290086
:10e55400d319070000e2240001002000b00689005e
:10e56400c106890030172000d0988800b0068100c9
:10e57400c1068100e00f5000e08f580002003a000d
:10e58400f001200078f307004106200010c0b3001a
:10e59400ee660200010000008219370011078100b5
:10e5a40000202000008060000000e0000500320030
:10e5b40050ea80000000a00050ea880060022000b9
:10e5c400d0988800b0212200104078000004e000b8
:10e5d4000e003200b02122008040eb000148780098
:10e5e40050ea80000000a10050ea88001007810072
:10e5f4000090a00010078900100781000080a1008e
:10e604001007890060022000d0988800b0068100bd
:10e61400c1068100e00f5000e08f580005003a0069
:10e6240050ea80000000a10050ea88006002200047
:10e634004df307004106200010c0b300ee6602004f
:10e644000100000057193700110781000020200045
:10e65400008060000000e0000800320000e22400b6
:10e6640001002000b0068900c106890030002000a6
:10e6740040e98800800c2000d0988800b021220056
:10e68400104078000004e0000b00320000e2240097
:10e6940001002000b0068900c106890010a72900e6
:10e6a40052d40200010000003000200040e988003c
:10e6b400800c2000d0988800b0068100c10681003b
:10e6c400e00f5000e08f58001a003a00d05c290097
:10e6d40052d4020001000000d1988000802920005b
:10e6e4000e004000811f7800915e2900811f780090
:10e6f4007804020000000000e4875700802920000d
:10e704000e00400052d4020001000000c05e290047
:10e7140052d402000100000020012000d09888009b
:10e72400100781000090a0001007890010c0b300fa
:10e7340043ec0700411f200010c0b300ee66020046
:10e744000100000017193700110781000020200084
:10e75400008060000000e0001300320000e22400aa
:10e7640001002000b0068900c10689007800470036
:10e774007201200041a92900ba040200000000002f
:10e784007800470046190700e0c3b3009a19070050
:10e79400f0022000d09888002103200010c0b300ac
:10e7a400ee66020001000000b0068100c10681008f
:10e7b400e00f5000e08f58007f183a00d05c290029
:10e7c40052d4020001000000d1988000c02a200029
:10e7d4000e004000811f7800915e2900811f78009f
:10e7e4007804020000000000e4875700c02a2000db
:10e7f4000e00400052d4020001000000c05e290057
:10e8040052d402000100000030002000d09888009b
:10e81400100781000090a0001007890010c0b30009
:10e8240007ec0700df183700f10681000020200004
:10e83400008060000000e00016003200801f22000b
:10e8440060429000801f2200d0419000801f22006f
:10e8540040419000801f2200b0409000801f2200a1
:10e8640020409000fdea07003e1907000003200045
:10e87400d098880000fa200001002000b00689002a
:10e88400c1068900a10f200010c0b300ee6602008b
:10e8940001000000b0068100c1068100e00f5000b5
:10e8a400e08f580046183a00d05c290052d4020088
:10e8b40001000000d1988000002c20000e004000d0
:10e8c400811f7800915e2900811f7800780402007e
:10e8d40000000000e4875700002c20000e004000d8
:10e8e40052d4020001000000c05e290052d402008c
:10e8f4000100000010c0b300d1eb07001007810035
:10e904000090a0001007890070022000d0988800b1
:10e914006109200010c0b300ee660200010000008f
:10e92400a01837001107810000202000008060003b
:10e934000000e00012003200d01181000000e0006d
:10e9440009003a0010002000d01189004000200086
:10e95400d0988800e115200010c0b300ee660200d4
:10e96400010000000600370010072000d09888003e
:10e97400e115200010c0b300ee66020001000000a3
:10e98400b0068100c1068100e00f5000e08f5800fe
:10e994000d183a00d05c290052d402000100000096
:10e9a400d1988000402d20000e004000811f780087
:10e9b400915e2900811f78007804020000000000a5
:10e9c400e4875700402d20000e00400052d402007e
:10e9d40001000000c05e290052d4020001000000c2
:10e9e400100781000090a00010078900d011810059
:10e9f4000000e00005003a0010002000d01189005a
:10ea040040002000d09888006618370010072000c6
:10ea1400d0988800631837003000200040e988004f
:10ea240010398100e10f500012003a00f11e8100fc
:10ea340000102000008060000000e0000a003200a6
:10ea440020498100610060000000e0000300320002
:10ea5400c0032000d098880052183700101d2000f1
:10ea6400d09888004f183700001d2000d0988800e7
:10ea74004c183700b16d8000000820000080600051
:10ea84000000e00013003200701d220010407800e6
:10ea94000004e0000f003a00501f220010407800ec
:10eaa4000004e0000b003a002007810061006000d0
:10eab4000000e00007003a002007810062006000c7
:10eac4000000e00003003a0060102000d0988800a5
:10ead4003418370070108100620060000000e0000c
:10eae40014003200701d2200104078000004e00081
:10eaf40010003a00501f2200104078000004e0008b
:10eb04000c003a00b16d8000000820000080600015
:10eb14000000e00007003a00900c2000d098880024
:10eb2400e115200010c0b300ee66020001000000f1
:10eb34001c18370050802000104078000004e000ca
:10eb440003003200e01f2000d09888001518370019
:10eb540080bb2100104078000004e0002100320056
:10eb640080bb210010407800e14f50000f003a00b4
:10eb7400a00d22009040780010c3b30080cf500055
:10eb84000a003200a00d22009040780050c3b30068
:10eb940080cf500005003200a00d22009040780084
:10eba400f0c3b30080cf50000e003a0080bb2100b8
:10ebb40010407800e24f500046003a00a00d2200b9
:10ebc4009040780010c3b30080cf5000050032009d
:10ebd400a00d22009040780050c3b30080cf5000b5
:10ebe4003c003a00a00d22009040780010c3b3000e
:10ebf40080cf500005003200a00d22009040780024
:10ec040050c3b30080cf500018003a00002b2100fd
:10ec1400104078000080fb00680060000000e00005
:10ec24000e003200109b80000000e0000b003a0050
:10ec3400409b80000000e00008003a00709b8000c8
:10ec44000000e00005003a003369200012002000b3
:10ec54008040eb00b0aa29008cea070080bb2100a9
:10ec640011c0b300014878001a003700002b2100be
:10ec7400104078000080fb00680060000000e000a5
:10ec840011003200109b80000000e0000e003a00ea
:10ec9400409b80000000e0000b003a00709b800065
:10eca4000000e00008003a00f0b722008040eb00ca
:10ecb4000148780053692000120020008040eb00d6
:10ecc40050ab290071ea070080bb210021c0b300ca
:10ecd40001487800f0488100620060000000e00014
:10ece40023003200104981000000e00020003200bf
:10ecf400801f220010007800610060000000e00026
:10ed04001b003a00801f220010007800620060009f
:10ed14000000e0001600320040d7200010407800c8
:10ed24000080fb00610060000000e00010003a0079
:10ed340023e92000120020008040eb00503f29000e
:10ed440052ea0700104981000000e90010498900d7
:10ed5400104981000000e00005003a006200200034
:10ed64008000eb00e0912200c804020000000000d3
:10ed740040d72000104078000080fb006100600054
:10ed8400004078000004e0001800320050d8200051
:10ed9400104078000080fb00610060000000e0008b
:10eda40012003a00c0d82000104078000004e000af
:10edb4000e003a00801f22001000780061006000fd
:10edc4000000e00009003a0040d72000104078001d
:10edd4000080fb00640060000000e00003003a00d3
:10ede400200d2000d09888006e17370040d72000ef
:10edf400104078000080fb00640060000000e00028
:10ee040003003200500d2000d098880065173700a9
:10ee1400701d220010407800e34f500003003a00b8
:10ee2400e00d81000020a100e00d8900701d22008a
:10ee340010407800e24f50000e003a00e00d8100cf
:10ee4400620060000000e00004003200e00d810078
:10ee5400640060000000e00006003200e00d810064
:10ee64000020a100e00d890020052000d098880032
:10ee74004c173700517e800070382100808f50007d
:10ee84000300360020032000d0988800451737007f
:10ee9400617e8000f07c2000808f50000d003600e1
:10eea400a00d22009040780010c3b30080cf500022
:10eeb40005003200a00d22009040780050c3b3003a
:10eec40080cf500003003a0000052000d09888004d
:10eed40034173700917e8000f0e12400808f5000c9
:10eee4000300360040102000d09888002d1737000a
:10eef400b07e80000000e00003003a00c012200051
:10ef0400d098880027173700801f2200100078004f
:10ef1400610060000000e00003003200e006200011
:10ef2400d09888001f17370000dd200010407800bb
:10ef34000004e00003003200000a2000d09888009a
:10ef440018173700a009220090407800f0c3b300de
:10ef540080cf50001a003a00b00922001040780017
:10ef64000004e00016003a0040e98000e30f50007e
:10ef740013003a0060da200010407800e54f50009a
:10ef84000f00340060da200010407800ff4f50007a
:10ef94000b003c0050da2000104078000004e00030
:10efa40007003200817e800080b52100808f5000f0
:10efb40003003600a0072000d0988800f916370017
:10efc400701d2200104078000004e0000a003a009e
:10efd400e00d81000020a100e00d8900501f2200f7
:10efe40010407800e14f500003003a00a0052000d3
:10eff400d0988800eb163700001081006100600093
:10f004000000e00003003200a00a2000d09888002d
:10f01400e4163700d02a2100104078000004e000f4
:10f0240013003200717e800000772100808f500031
:10f034000f003600701d2200104078000004e0002c
:10f044000b003a00501f2200104078000004e0003a
:10f0540007003a0020078100610060000000e00022
:10f0640003003a0060062000d0988800cd163700cf
:10f07400a17e800080b52100808f50000f003600f3
:10f08400701d2200104078000004e0000b003a00dc
:10f09400501f2200104078000004e00007003a00ee
:10f0a40020078100610060000000e00003003a00d6
:10f0b40050052000d0988800ba1637002007810038
:10f0c400640060000000e00003003200d002200071
:10f0d400d0988800b31637002007810062006000d2
:10f0e4000000e00003003200b0022000d098880045
:10f0f400ac16370020498100610060000000e00088
:10f104002f003200d02a2100104078000004e000d3
:10f114002b003a00a028210090407800f0c3b300ef
:10f1240080cf500026003200a00d220090407800cd
:10f1340010c3b30080cf500005003200a00d2200a0
:10f144009040780050c3b30080cf50001c003a00b8
:10f15400609c2200e8d00200010000000000e000f2
:10f164000e003200609c2200104078000004e00091
:10f174000a00320021498100000e20000080600056
:10f184000000e0000e003a00c0032000d098880080
:10f194000000eb00407e8800821637002049810081
:10f1a4000000a10020498900204981000040a100fd
:10f1b40020498900609c22008040eb0001487800cf
:10f1c40020078100610060000000e00047003a0071
:10f1d40020078100620060000000e00043003a0064
:10f1e40020498100610060000000e0003f003a0017
:10f1f400417e800070bb2000808f50003b003600b1
:10f2040090bb2100104078000004e0001d00320093
:10f2140090bb2100104078000000fb00e20f50007a
:10f2240008003200a1052000810f500008003200c0
:10f23400e10f50000a003a00b00e2000d098880078
:10f244000700370080112000d098880004003700a0
:10f254005080200011c0b300014878000000000075
:10f2640090bb21008040eb0001487800b6d4020036
:10f2740001000000f0ab290052d40200010000009c
:10f284004816370080022000d0988800d00d220054
:10f29400104078000004e00014003a00a028210087
:10f2a40090407800f0c3b30080cf50000f003200cc
:10f2b400a00d22009040780010c3b30080cf50000e
:10f2c40005003200a00d22009040780050c3b30026
:10f2d40080cf500005003a00a00f2000d09888008d
:10f2e4000000eb00407e88002e163700701d2200bf
:10f2f400104078000004e00007003200501f220094
:10f30400104078000004e0000300320040062000b2
:10f31400d098880023163700e00d8100610060005a
:10f324000000e00004003a00d00e8100610060009b
:10f334000000e0000300320040062000d09888005e
:10f344001816370040e98000e30f50000d0032002a
:10f3540040e98000e40f50000a00320040e98000d8
:10f36400e50f500007003200b6d40200010000008f
:10f37400a0ad290052d4020001000000800e20003c
:10f38400d098880070108100620060000000e000e6
:10f3940013003200701d2200104078000004e000c9
:10f3a4000f003a00501f2200104078000004e000d3
:10f3b4000b003a0020078100610060000000e000bb
:10f3c40007003a0020078100620060000000e000ae
:10f3d40003003a00900c2000d0988800f115370003
:10f3e40050052200104078000004e0000b003200b9
:10f3f40020498100610060000000e0000400320048
:10f4040000082200104078000004e00003003a00e5
:10f41400000f2000d0988800e215370050ea8000e1
:10f42400640060000000e0001400320050ea800034
:10f43400610060000000e0000700320020b02900f5
:10f4440052d402000100000050ea80000020a10014
:10f4540050ea88000900370050ea8000610060002b
:10f464000000e00005003a00100781000090a000b1
:10f474001007890020022000d098880071f18000d4
:10f4840000202000008060000000e0000e00320038
:10f4940050ea8000610060000000e00003003200d8
:10f4a400c01c2000d0988800be15370050ea8000a8
:10f4b400610060000000e00003003a0050ea8000b0
:10f4c4000020a00050ea8800d1988000800c200021
:10f4d400808f50003e153a006031210010407800c2
:10f4e4000004e0003c153a002103200010c0b300e2
:10f4f400ee66020001000000aa153700f0b22900f0
:10f5040052d4020001000000e0d82000104078002e
:10f514000080fb00700060000000e0000e003a0074
:10f5240080fd200010407800e14f50000a003a00ae
:10f5340080fd20008040eb0001487800f0b32900f2
:10f54400d7150700411f200010c0b300ee6602006b
:10f554000100000093153700a0b42900d01507005e
:10f5640000e2240001002000b0068900c1068900e1
:10f57400b02122008040eb0001487800a00c20005c
:10f58400d0988800e115200010c0b300ee66020098
:10f5940001000000831537001107810000202000be
:10f5a400008060000000e0001c0032007010810048
:10f5b4000010a100701089005000200040e988006c
:10f5c40080a9230001002000b0068900c10689003b
:10f5d400b00c2000d0988800dcc6a900b6a6a9000b
:10f5e400b6d4020001000000d09880008000eb0037
:10f5f400811f7800801f7800c0772900801f780061
:10f60400c0c820007804020000000000e68757000c
:10f61400c0c8200052d4020001000000b0068100de
:10f62400c1068100e00f5000e08f58000f003a003f
:10f63400d0988000801f780050b52900801f780082
:10f64400c0c820007804020000000000e4875700ce
:10f65400c0c8200052d4020001000000800c200029
:10f66400d098880010c0b30075e80700b0212200cc
:10f67400104078000004e0000d003200d0988000b3
:10f68400801f780050b62900801f7800c0c8200071
:10f694007804020000000000e4875700c0c820007e
:10f6a40052d4020001000000800c2000d098880091
:10f6b400c0212200104078000004e000c814320089
:10f6c400d0988000801f780020b82900801f78001f
:10f6d400c0c820007804020000000000e48757003e
:10f6e400c0c8200052d4020001000000411f2000c5
:10f6f40010c0b300ee66020001000000e01f20000d
:10f70400d098880027153700b0068100c106810013
:10f71400e00f5000e08f58002c003a00d19b80008d
:10f72400d0988000811f7800801f780050bb29008a
:10f73400801f7800c0c82000780402000000000088
:10f74400e6875700c0c8200052d402000100000020
:10f754000082290052d40200010000000000eb00e6
:10f76400407e880021498100000e200001007000c5
:10f7740020498900d00d22008040eb000148780028
:10f78400a00d2200f1c3b30001487800a00d2200af
:10f7940090407800a028210001487800001321003f
:10f7a400507e8800701081000010a1007010890044
:10f7b4005000200040e98800800c2000d098880088
:10f7c400c00c2000d0988800f614370021032000d4
:10f7d40010c0b300ee66020001000000f11437000f
:10f7e400dcc6a800b6a6a800b6d40200010000003a
:10f7f400d098800011002000811f7800801f7800bd
:10f80400c0772900801f7800c0c820007804020057
:10f8140000000000e6875700c0c8200052d4020050
:10f8240001000000813e200010c0b300ee6602001b
:10f8340001000000d00c2000d0988800d9143700b3
:10f84400f09b2900161507008038210001002000d4
:10f85400b0068900c1068900e00c2000d098880019
:10f86400d0143700b0068100c1068100e00f5000bb
:10f87400e08f5800050032001107810000202000ad
:10f88400008060000000e0005714320050da2000cd
:10f8940010407800e34f500007003a00602e21002a
:10f8a40010407800f94f500003003200b06d800022
:10f8b4000070a000b06d880000132100507e880005
:10f8c400800c2000d0988800b6143700f0d52000b2
:10f8d40090407800801f220011409800801f220071
:10f8e4009040900040c6b30080cf50000300360023
:10f8f400801f2200e1c0b3001140980019150700d1
:10f90400b6d4020001000000a0bc290052d40200b9
:10f9140001000000f0d52000104078000080fb00ba
:10f92400801f780080bd2900801f780020232200da
:10f934007804020000000000e4875700202322001e
:10f9440052d4020001000000c0bd2900d4140700f5
:10f95400803e200001002000b0068900c106890015
:10f96400100d2000d098880050d720001040780057
:10f974000004e0001e143a0070be290052d40200b4
:10f9840001000000000d2000d09888008514370085
:10f994001107810000202000008060000000e000ca
:10f9a40005003a00b0068100c1068100e00f500056
:10f9b400e08f580010143a0040d72000104078001f
:10f9c400804078000104a10040d72000014878005d
:10f9d40050d8200010407800804078000104a00036
:10f9e40050d820000148780040d72000104078000b
:10f9f4000080fb00620060000000e00006003200ae
:10fa040050d8200010407800804078000134a000d5
:10fa140050d8200001487800800c2000d09888003d
:10fa2400601437001107810000202000008060006e
:10fa34000000e00005003a00b0068100c106810024
:10fa4400e00f5000e08f5800ed133a00c514070092
:10fa540000c0290092140700a0c7220010407800bb
:10fa6400e14f500005003a004106200010c0b300e9
:10fa7400ee6602000100000004003700813e200011
:10fa840010c0b300ee6602000100000080382100bf
:10fa940001002000b0068900c1068900300d200055
:10faa400d09888003f1437001107810000202000ff
:10fab400008060000000e00005003a00b00681000c
:10fac400c1068100e00f5000e08f5800ce133a00c9
:10fad40040d7200010407800804078000104a10045
:10fae40040d72000014878009e140700b02122006e
:10faf4008040eb0001487800a0c722001040780045
:10fb0400e14f500005003a00813e200010c0b300d0
:10fb1400ee6602000100000004003700813e200070
:10fb240010c0b300ee6602000100000010c12900fd
:10fb34005b14070050d720005914070000c22900a5
:10fb4400571407000082290055140700b6d4020098
:10fb54000100000020c2290052d40200010000006c
:10fb640050d7200052d40200010000002045290093
:10fb740052d4020001000000400d2000d0988800fb
:10fb8400810c200010c0b300ee66020001000000ea
:10fb94008038210001002000b0068900c1068900d8
:10fba40000143700b0212200104078000004e00067
:10fbb40005003a00b0068100c1068100e00f500044
:10fbc400e08f580032003a00e0c2290090e60700b6
:10fbd40050d8200010407800804078000124a00014
:10fbe40050d820000148780092c0b300b13e2900eb
:10fbf40050d72000c0cf0200010000000000e00048
:10fc04001d00320057140700b02122008040eb0091
:10fc1400014878008038210001002000b0068900e6
:10fc2400c106890060c3290052d40200010000000b
:10fc340092002000513f290050d72000ba0402004e
:10fc44000000000010c1290015140700503f2900ce
:10fc54001314070000c229001114070000822900b0
:10fc64000f140700411f200010c0b300ee6602000d
:10fc740001000000cb133700800c2000d0988800ce
:10fc8400419c200010c0b300ee6602000100000099
:10fc94001107810000202000008060000000e000c7
:10fca4005b13320000e2240001002000b00689004a
:10fcb400c106890050d820001040780080407800a8
:10fcc4000104a00050d820000148780040d720004b
:10fcd400104078000080fb00620060000000e0003b
:10fce4000600320050d82000104078008040780090
:10fcf4000134a00050d8200001487800800c200076
:10fd0400d0988800810c200010c0b300ee66020079
:10fd140001000000a3133700c0c42900e01307004a
:10fd240050d72000de13070000c22900dc130700af
:10fd340000822900da13070000e2240001002000f9
:10fd4400b0068900c1068900600d2000d0988800a3
:10fd54009413370050d82000104078000004e000cd
:10fd640005003200b0068100c1068100e00f50009a
:10fd7400e08f580028133a00800c2000d0988800a7
:10fd840088133700b0c5290052d4020001000000d6
:10fd9400f00f2000d09888008213370030c9290062
:10fda40052d4020001000000f00f2000d098880017
:10fdb4007c133700eb130700b02122008040eb00d6
:10fdc4000148780000e2240001002000b006890008
:10fdd400c106890060cc2900b1130700b00f2000d0
:10fde400d09888004106200010c0b300ee660200df
:10fdf400010000006b133700110781000020200070
:10fe0400008060000000e00009003200803821001a
:10fe140001002000b0068900c1068900c01220003c
:10fe2400d0988800d00d220011c0b300014878009a
:10fe3400b0212200104078000004e00005003a00e0
:10fe4400b0068100c1068100e00f5000e08f580029
:10fe540005003a00d00d22008040eb0001487800f4
:10fe6400c0122000d09888004106200010c0b300c2
:10fe7400ee660200010000004a133700a00d2200c4
:10fe84009040780010c3b30080cf500005003200ca
:10fe9400a00d22009040780050c3b30080cf5000e2
:10fea40019003a0011078100002020000080600042
:10feb4000000e00005003a00b0068100c1068100a0
:10fec400e00f5000e08f58000d003a00a513070022
:10fed40090cd29006413070040192100010020007f
:10fee400b0068900c1068900810c200010c0b3004f
:10fef400ee6602000100000090022000d098880005
:10ff04000000000027133700800c2000d0988800e0
:10ff14000000eb00407e88002213370011078100a7
:10ff240000202000008060000000e00005003a008e
:10ff3400b0068100c1068100e00f5000e08f580038
:10ff44000e003a00800c2000d09888000000eb00de
:10ff5400407e880020078100620060000000e0000d
:10ff640006003200b0022000d0988800410620002c
:10ff740010c0b300ee66020001000000c0212200a0
:10ff8400104078000004e000a5123200d0988000f0
:10ff9400801f780060952900801f7800c0c8200069
:10ffa4007804020000000000e4875700c0c8200065
:10ffb40052d4020001000000411f200010c0b30011
:10ffc400ee66020001000000e01f2000d0988800c7
:10ffd400f41237006313070000e22400010020003c
:10ffe400b0068900c106890080ce29002c130700c1
:10fff400900d8100c6a002000100000010cf29006e
:020000040002f8
:1000040027130700c0022000d09888004106200072
:1000140010c0b300ee66020001000000e1123700d8
:100024001107810000202000008060000000e00033
:1000340005003a00b0068100c1068100e00f5000bf
:10004400e08f580078123a00200781000010a100c8
:1000540020078900800c2000d098880020078100a8
:10006400680060000000e000050032002007810005
:100074000030a1002007890080ab2000407e88006a
:10008400b0068100c1068100e00f5000e08f5800e7
:1000940067123a00200781000020a0002007890091
:1000a400d05c290052d4020001000000d1988000e5
:1000b400802e20000e004000811f7800915e2900f0
:1000c400811f78007804020000000000e4875700d4
:1000d400802e20000e00400052d4020001000000d7
:1000e400c05e290052d402000100000010c0b30019
:1000f400d3e50700ab1237001a13070000e224000f
:1001040001002000b0068900c106890050cf2900f3
:10011400e312070000822900e11207002007810092
:100124000010a10020078900200781000000a10021
:1001340020078900200781000020a10020078900f2
:100144000000eb00407e8800e0022000d098880088
:100154004106200010c0b300ee660200010000005a
:1001640090123700110781000020200000806000f9
:100174000000e00005003a00b0068100c1068100dd
:10018400e00f5000e08f58002b123a00800c200042
:10019400d098880010c0b300a9e507008112370089
:1001a400f012070040f521008040eb000148780080
:1001b40010d02900ac120700801a2600010020008c
:1001c400b0068900c106890030032000d098880059
:1001d400741237000000eb00507e88001107810084
:1001e40000202000008060000000e000ed003200ec
:1001f40060032000d0988800a2c0b300b1d02900c9
:1002040040f52100c0cf0200010000000000e00022
:1002140015003a00a2c0b30061d1290040f52100c5
:10022400c0cf0200010000000000e0000e003a0010
:10023400a2c0b30011d2290040f52100c0cf0200b2
:10024400010000000000e00007003a00a2c0b30073
:10025400c1d2290040f52100c0cf020001000000f6
:100264000000e0002b0032003000200040e988004c
:10027400e005210010407800f94f500004003200de
:10028400b00d2200104078000004e00003003200aa
:10029400e0052100c490020001000000b00d22001e
:1002a4008040eb0001487800c00d22008040eb0044
:1002b40001487800d0f52100104078008040780093
:1002c400a00d220001487800a00d22009040780083
:1002d400a028210001487800a00d22009040780059
:1002e40050c3b30080cf500005003a008040eb00bb
:1002f4000020200006320200010000002d0037001b
:100304008040eb0000202000d431020001000000f6
:1003140028003700a2c0b30071d3290040f52100a2
:10032400c0cf0200010000000000e00007003a0016
:10033400a2c0b30021d4290040f52100c0cf02009f
:10034400010000000000e0001a003200b6d40200f0
:1003540001000000d0d4290052d4020001000000a2
:10036400e01f2000d0988800d0f5210010407800cc
:1003740080407800a00d220001487800a00d2200e2
:1003840090407800a028210001487800c080200017
:1003940010407800e34f4000a9113e00c0802000c7
:1003a400104078008040e800c080200001487800b8
:1003b400fc113700a2c0b30001d7290040f5210089
:1003c400c0cf0200010000000000e00015003a0068
:1003d400a2c0b300b1d7290040f52100c0cf02006c
:1003e400010000000000e0000e003a00a2c0b300cb
:1003f40061d8290040f52100c0cf020001000000af
:100404000000e00007003a00a2c0b30011d929009f
:1004140040f52100c0cf0200010000000000e00010
:1004240047003200c00d2200104078008040e800f0
:10043400c00d220001487800c00d22001040780051
:10044400e84f500005003a00b6d402000100000055
:10045400c0d9290052d4020001000000c00d2200be
:1004640010407800f44f50002b003600c00d2200dd
:100474008040eb0001487800b00d22001040780065
:100484000004e0001c003a00b00d220011c0b300cb
:100494000148780060062100c490020001000000b9
:1004a400b6d4020001000000002b210010407800a7
:1004b4000080fb0061006000004078000004e00060
:1004c4000400320011c0b300000120000632020013
:1004d40001000000002b2100104078000080fb0088
:1004e400640060000000e00003003200e02a210004
:1004f40011c0b30001487800b0db290052d40200d7
:1005040001000000e01f2000d09888004000200077
:1005140040e98800a3113700d0f52100104078008d
:1005240080407800a00d220001487800a00d220030
:1005340090407800a028210001487800020037008c
:100544003000200040e9880082c0b30071de290039
:1005540040f52100c0cf0200010000000000e000cf
:100564001000320000df2900cd110700fd11070043
:1005740040f521008040eb000148780080382100dc
:1005840001002000b0068900c1068900800c20000b
:10059400d098880081bb200010c0b300ee66020032
:1005a40001000000b0068100c1068100e00f500088
:1005b400e08f580017003a00d05c290052d40200a2
:1005c40001000000d1988000c02f20000e004000e0
:1005d400811f7800915e2900811f78007804020051
:1005e40000000000e4875700c02f20000e004000e8
:1005f40052d4020001000000c05e290052d402005f
:1006040001000000800c2000d098880010c0b300c6
:100614008be40700c0212200104078000004e000b1
:1006240009113200d0988000801f7800609529005d
:10063400801f7800c0c82000780402000000000079
:10064400e4875700c0c8200052d402000100000013
:10065400411f200010c0b300ee660200010000003c
:10066400e01f2000d09888004e11370070942900b4
:100674007d110700bb11070040f521008040eb000d
:100684000148780000fa200001002000b00689002b
:10069400c106890050032000d0988800411137001a
:1006a4000000eb00507e880011078100002020002c
:1006b400008060000000e0008700320062c0b300e8
:1006c400f194290040f52100c0cf02000100000090
:1006d4000000e0008000320060c0b3004047980092
:1006e400b0df290052d40200010000004e40900007
:1006f4000080fb0041f52100e1407800f0c2b30026
:1007040080cf5000420034004e4090000080fb0037
:1007140041f52100e140780090c3b30080cf500040
:100724003b003c004e4090000080fb0041f521005e
:1007340061407800149e0200010000000080fb006c
:10074400100798004e4090000040e8004047980091
:100754004e4090000080fb0041f52100e14078000c
:10076400f0c2b30080cf5000180034004e40900017
:100774000080fb0041f52100e140780090c3b30004
:1007840080cf500011003c001e0090006a00b900a8
:1007940000007800100798004e4090000080fb0095
:1007a40041f5210061407800149e02000100000020
:1007b4000080fb009e00900000804000100798001d
:1007c4004e4090000040e800404798001e00900012
:1007d40000407800283902000100000000312000a8
:1007e4000e0040009e009000811f780081e02900e7
:1007f400811f78007804020000000000e48757009d
:10080400003120000e00400052d40200010000001c
:100814004e4090000040e800404798004e40900051
:100824000080fb0041f52100e1407800f0c2b300f4
:1008340080cf5000200034004e4090000080fb0028
:1008440041f52100e140780090c3b30080cf50000f
:1008540019003c004e4090000080fb0041f521004f
:1008640061407800149e0200010000000080fb003b
:10087400100798001e009000004078006c3a0200b7
:1008840001000000e03220000e0040009e009000b5
:10089400811f7800d1e12900811f780078040200cb
:1008a40000000000e4875700e03220000e00400002
:1008b40052d40200010000000000eb00507e8800ca
:1008c400007d200001002000b0068900c1068900d7
:1008d400800c2000d0988800b0068100c1068100f9
:1008e400e00f5000e08f580017003a00d05c290058
:1008f40052d4020001000000d1988000c0342000ce
:100904000e004000811f7800915e2900811f78004d
:100914007804020000000000e4875700c03420007f
:100924000e00400052d4020001000000c05e290005
:1009340052d4020001000000800c2000d0988800ee
:1009440010c0b300bee30700c021220010407800ad
:100954000004e0003e103200d0988000801f780030
:1009640060952900801f7800c0c820007804020028
:1009740000000000e4875700c0c8200052d40200e1
:1009840001000000411f200010c0b300ee66020009
:1009940001000000e01f2000d0988800811037007b
:1009a400f010070040f521008040eb00014878007a
:1009b40000e32900ba100700803e20000100200057
:1009c400b0068900c106890070032000d098880011
:1009d400741037001107810000202000008060009f
:1009e4000000e000560132000000eb00507e880059
:1009f40072c0b30091e3290040f52100c0cf02008a
:100a0400010000000000e0004d013200d2c0b3003c
:100a140011e4290040f52100c0cf020001000000cc
:100a24000000e0004101320052c1b300f1e42900aa
:100a340040f52100c0cf0200010000000000e000ea
:100a44009a00320050da200041c0b3000148780017
:100a540050c1b300504798005e4090000080fb00f6
:100a640041f52100e1407800f0c2b30080cf50008e
:100a7400420034005e4090000080fb0041f52100fc
:100a8400e140780090c3b30080cf50003b003c00ad
:100a94005e4090000080fb0041f521006140780039
:100aa400149e0200010000000080fb001007980063
:100ab4005e4090000040e800504798005e4090007f
:100ac4000080fb0041f52100e1407800f0c2b30052
:100ad40080cf5000180034005e4090000080fb007e
:100ae40041f52100e140780090c3b30080cf50006d
:100af40011003c001e0090006a00b900000078005c
:100b0400100798005e4090000080fb0041f5210032
:100b140061407800149e0200010000000080fb0088
:100b24009e00900000804000100798005e409000f6
:100b34000040e800504798001e00900000407800f4
:100b4400d83a020001000000003620000e004000e8
:100b54009e009000811f780051e62900811f7800d3
:100b64007804020000000000e487570000362000eb
:100b74000e00400052d40200010000005e409000cc
:100b84000040e800504798005e4090000080fb0061
:100b940041f52100e1407800f0c2b30080cf50005d
:100ba4003f0034005e4090000080fb0041f52100ce
:100bb400e140780090c3b30080cf500038003c007f
:100bc4005e4090000080fb0041f521006140780008
:100bd400149e0200010000000080fb001007980032
:100be4005e4090000040e800504798005e4090004e
:100bf4000080fb0041f52100e1407800f0c2b30021
:100c040080cf5000150034005e4090000080fb004f
:100c140041f52100e140780090c3b30080cf50003b
:100c24000e003c001e0090006a00b900000078002d
:100c3400100798005e4090000080fb0041f5210001
:100c440061407800149e0200010000000080fb0057
:100c54009e00900000804000100798001e00900045
:100c640000407800ae3a020001000000e0372000a6
:100c74000e0040009e009000811f7800a1e729002b
:100c8400811f78007804020000000000e487570008
:100c9400e03720000e00400052d4020001000000a2
:100ca40040032000d0988800a500370050da2000c7
:100cb40031c0b30001487800d0c0b3006047980049
:100cc4006e4090000080fb0041f52100e140780077
:100cd400f0c2b30080cf5000420034006e40900058
:100ce4000080fb0041f52100e140780090c3b3008f
:100cf40080cf50003b003c006e4090000080fb0021
:100d040041f5210061407800149e020001000000ba
:100d14000080fb00100798006e4090000040e8003f
:100d2400604798006e4090000080fb0041f5210070
:100d3400e1407800f0c2b30080cf500018003400c6
:100d44006e4090000080fb0041f52100e1407800f6
:100d540090c3b30080cf500011003c001e009000ef
:100d64006a00b90000007800100798006e409000f7
:100d74000080fb0041f5210061407800149e0200d0
:100d8400010000000080fb009e00900000804000f5
:100d9400100798006e4090000040e80060479800fb
:100da4001e00900000407800123b02000100000089
:100db400c03920000e0040009e009000811f780082
:100dc400f1e82900811f7800780402000000000087
:100dd400e4875700c03920000e00400052d40200be
:100de400010000006e4090000040e8006047980059
:100df4006e4090000080fb0041f52100e140780046
:100e0400f0c2b30080cf50003f0034006e40900029
:100e14000080fb0041f52100e140780090c3b3005d
:100e240080cf500038003c006e4090000080fb00f2
:100e340041f5210061407800149e02000100000089
:100e44000080fb00100798006e4090000040e8000e
:100e5400604798006e4090000080fb0041f521003f
:100e6400e1407800f0c2b30080cf50001500340098
:100e74006e4090000080fb0041f52100e1407800c5
:100e840090c3b30080cf50000e003c001e009000c1
:100e94006a00b90000007800100798006e409000c6
:100ea4000080fb0041f5210061407800149e02009f
:100eb400010000000080fb009e00900000804000c4
:100ec400100798001e00900000407800023b0200ca
:100ed40001000000a03b20000e0040009e00900096
:100ee400811f780041ea2900811f780078040200fc
:100ef40000000000e4875700a03b20000e004000e3
:100f040052d402000100000020db20008040eb00ee
:100f14000148780010db20008040eb000148780095
:100f240040032000d09888000500370050da2000e4
:100f340021c0b3000148780040032000d098880005
:100f4400b0068100c1068100e00f5000e08f580018
:100f5400c10e3a000000eb00507e8800800c200097
:100f6400d098880010c0b30035e207000d0f370099
:100f740020812000904078003081200010407800cb
:100f840080cf5000b60e3a00e0c3b3009a0f0700ba
:100f940000c2b300a40f070090eb2900400f070024
:100fa400609c22003e0f0700408d29003c0f070083
:100fb400d0032000d09888004106200010c0b30060
:100fc400ee6602000100000080a923000100200059
:100fd400b0068900c1068900f20e3700f1068100cf
:100fe40000202000008060000000e0000b003200c0
:100ff4000107810000202000008060000000e00064
:1010040006003200411f200010c0b300ee6602004b
:1010140001000000e0032000d0988800b0068100a1
:10102400c1068100e00f5000e08f58008e0e3a0098
:10103400b6d402000100000030ec290052d40200b2
:1010440001000000470f0700b0012000140f070043
:1010540080a9230001002000b0068900c106890090
:10106400810c200010c0b300ee66020001000000f5
:1010740010042000d0988800ca0e3700b021220046
:101084008040eb0001487800021020008000eb0053
:1010940040f52100c804020000000000310f0700e1
:1010a40050922200fe0e070000232f0001002000b2
:1010b400b0068900c1068900810c200010c0b3006d
:1010c400ee66020001000000f0032000d0988800c2
:1010d400b40e3700a0012000801f780070ed2900b5
:1010e400801f780000212200780402000000000024
:1010f400e487570000212200e90e0700d0c0b300a6
:101104003de20700810c200010c0b300ee6602002f
:101114000100000000042000d0988800a10e3700d0
:101124001107810000202000008060000000e00022
:10113400310032000002eb008001eb00629c2200cf
:1011440051922200a0ed2900364f02000000000059
:10115400004f8100114f810061004000e080480091
:10116400004f8900114f8900409e220010407800f2
:10117400e14f400005003200409e220010407800fc
:101184008040e800409e2200014878002049810008
:10119400700060000000e00009003200609e220040
:1011a40010407800e14f400005003200609e2200ac
:1011b400104078008040e800609e220001487800da
:1011c400204981000000a1002049890020498100b4
:1011d4000040a1002049890021498100f0f12f003d
:1011e4008080600000062000010070002049890012
:1011f400800c2000d0988800b0068100c1068100d0
:10120400e00f5000e08f58001e003a00d05c290027
:1012140052d4020001000000b0012000a00e07001b
:10122400d1988000803d20000e004000811f78008e
:10123400915e2900811f78007804020000000000fc
:10124400e4875700803d20000e00400052d4020085
:1012540001000000c05e290052d402000100000019
:10126400b6d402000100000020ee290052d402008e
:101274000100000020042000d098880010c0b300b2
:101284006fe10700b0212200104078000004e00064
:10129400f70d3200b6d402000100000060ef29000f
:1012a40052d402000100000020042000d0988800dd
:1012b400a000200001002000b0068900c1068900ba
:1012c400380e3700b0068100c1068100e00f5000df
:1012d400e08f580005003200110781000020200033
:1012e400008060000000e000e30d320020042000d4
:1012f400d09888002b0e37000002eb008001eb0031
:10130400629c220051922200e0f02900364f020034
:1013140000000000204981000010a000204989003d
:10132400204981000000a100204989002049810052
:101334000040a1002049890021498100000e2000bd
:101344000100700020498900809e2200104078002e
:10135400e14f400005003200809e220010407800da
:101364008040e800809e220001487800800c200024
:10137400d09888000b0e3700b02122008040eb008b
:1013840001487800400522008040eb0001487800c5
:10139400740e070080a9230001002000b006890014
:1013a400c106890060f129002f0e070010052000f6
:1013b400d0988800411f200010c0b300ee660200e0
:1013c40001000000f70d3700110781000020200004
:1013d400008060000000e000190032004005220097
:1013e400104078000004e00013003a00501f22006f
:1013f40010407800e14f500003003200501f2200db
:101404008040eb0001487800d00e81000000a1006c
:10141400d00e8900701d22008040eb000148780046
:10142400e00d81000000a100e00d890050ff2000c4
:101434008040eb0001487800800c2000d0988800a0
:10144400b0212200104078000004e00002003200c5
:10145400800c2000d0988800b0068100c10681006d
:10146400e00f5000e08f580015003a00d05c2900ce
:1014740052d4020001000000d0988000801f780040
:10148400905e2900801f7800c0c820007804020004
:1014940000000000e4875700c0c8200052d40200b6
:1014a40001000000c05e290052d4020001000000c7
:1014b400800c2000d098880010c0b300e0e0070042
:1014c4000000eb00607e8800c021220010407800fc
:1014d4000004e0006a0d3200d0988000801f78007c
:1014e40060952900801f7800c0c82000780402009d
:1014f40000000000e4875700c0c8200052d4020056
:1015040001000000411f200010c0b300ee6602007d
:1015140001000000e01f2000d0988800a10d3700d2
:10152400f0f12900de0d07000e0e0700007d2000fb
:1015340001002000b0068900c10689000000eb000c
:10154400c00e8900701d220031c0b300014878002c
:10155400f0b722008040eb0001487800801f220091
:10156400f040900000c5b30080cf50000d00320061
:10157400801f220010007800610060000000e0007d
:1015840005003200801f2200e040900000c5b30037
:1015940080cf50000300320000c5b300dab402006b
:1015a4000100000030052000d09888007d0d370030
:1015b4001107810000202000008060000000e0008e
:1015c40005003a00b0068100c1068100e00f50001a
:1015d400e08f58002c0d3a00800c2000d098880031
:1015e400b0068100c1068100e00f5000e08f580072
:1015f400270d3a00d05c290052d4020001000000fb
:10160400d1988000c03e20000e004000811f780069
:10161400915e2900811f7800780402000000000018
:10162400e4875700c03e20000e00400052d4020060
:1016340001000000c05e290052d402000100000035
:1016440010c0b3007ee00700560d3700c50d07003b
:1016540080a9230001002000b0068900c10689008a
:1016640040f22900800d070060052000d098880012
:10167400411f200010c0b300ee660200010000000c
:10168400480d370011078100002020000080600011
:101694000000e00005003a00b0068100c1068100a8
:1016a400e00f5000e08f5800fb0c3a00800c200043
:1016b400d09888000000eb00a07e8800390d370028
:1016c400e00d8100610060000000e00004003a00c9
:1016d400d00e8100610060000000e00003003200d1
:1016e40040062000d09888002e0d37009d0d07007d
:1016f400007d200001002000b0068900c106890099
:10170400e0f22900660d0700b0052000d09888009b
:10171400240d3700110781000020200000806000a4
:101724000000e00005003a00b0068100c106810017
:10173400e00f5000e08f5800d90c3a00c00520009b
:10174400d0988800b0068100c1068100e00f5000e7
:10175400e08f5800d40c3a00d05c290052d4020027
:1017640001000000d19880000040200000004700e4
:10177400811f7800915e2900811f7800780402009f
:1017840000000000e48757000040200000004700ec
:1017940052d4020001000000c05e290052d40200ad
:1017a4000100000010c0b30025e00700fd0c370065
:1017b4006c0d070000e2240001002000b00689003f
:1017c400c1068900501f220021c0b30001487800df
:1017d4000000eb00b00f890060f32900300d070012
:1017e400b01d22002e0d0700a0f329002c0d0700c8
:1017f400d0052000d0988800ea0c3700110781003a
:1018040000202000008060000000e000050032009d
:10181400d00e81000010a000d00e89000005200029
:10182400d0988800b0068100c1068100e00f500006
:10183400e08f58009e0c3a00d05c290052d402007c
:1018440001000000d19880004041200000004700c2
:10185400811f7800915e2900811f780078040200be
:1018640000000000e48757004041200000004700ca
:1018740052d4020001000000c05e290052d40200cc
:1018840001000000800c2000d098880010c0b30034
:10189400ebdf0700c30c3700d0f32900000d07006d
:1018a400701d22008040eb0001487800501f220088
:1018b4008040eb0001487800bcb402000100000045
:1018c400280d0700007d200001002000b0068900db
:1018d400c10689000119200010c0b300ee660200a1
:1018e4000100000050062000d0988800ad0c37009d
:1018f4001107810000202000008060000000e0004b
:1019040005003a00b0068100c1068100e00f5000d6
:10191400e08f5800680c3a0000052000d098880039
:10192400b0068100c1068100e00f5000e08f58002e
:10193400630c3a00d05c290052d40200010000007c
:10194400d19880008042200000004700811f780069
:10195400915e2900811f78007804020000000000d5
:10196400e4875700804220000000470052d4020060
:1019740001000000c05e290052d4020001000000f2
:1019840010c0b300aedf0700860c3700f50c07006b
:1019940040f521008040eb000148780010882900c0
:1019a400bf0c07008038210001002000b006890028
:1019b400c106890070062000d0988800790c370091
:1019c4001107810000202000008060000000e0007a
:1019d4002f00320040f52100104078000004e000a0
:1019e4002b003200c2c0b300b188290040f52100a9
:1019f400c0cf0200010000000000e0000900320036
:101a0400800c2000d0988800a02122008040eb00a8
:101a140001487800d02a21008040eb00014878007a
:101a240019003700a0212200104078008040e8000f
:101a3400a021220001487800a02122001040780053
:101a4400e14f50000e003600b6d402000100000041
:101a540020f4290052d402000100000040f52100c6
:101a640052d40200010000002045290052d4020093
:101a740001000000800e2000d0988800020037008a
:101a8400800c2000d09888000000eb00707e880055
:101a9400b0068100c1068100e00f5000e08f5800bd
:101aa400090c3a00b6d4020001000000f0f4290049
:101ab40052d4020001000000e01f2000d0988800ea
:101ac400380c370040f521008040eb0001487800d5
:101ad400a00922002200200021f62900ba040200f5
:101ae400000000009f0c070040f629006c0c070062
:101af4008038210001002000b0068900c106890059
:101b0400b0072000d0988800260c37001107810008
:101b140000202000008060000000e000720032001d
:101b240040f52100104078000004e0006e0032000f
:101b340062c0b300e1f6290040f52100c0cf0200e5
:101b4400010000000000e000670032006000200097
:101b540010079800030037001e0090000000e80002
:101b64001007980041f521001e00900000804000fd
:101b7400104078000004e0000700320041f5210025
:101b84001e009000008040009040780020c2b30006
:101b940080cf5000f0ff3a0041f521001e00900074
:101ba400008040009040780020c2b30080cf5000f5
:101bb40032003a001e0090000000e8001007980070
:101bc4000000eb00000f78000c00370041f5210005
:101bd4001e00900000804000104078008040780093
:101be400a00922001e004000014878001e0fe800f2
:101bf4001e0090000000e8001007980041f5210045
:101c04001e00900000804000104078000004e000b6
:101c14001600320041f521001e00900000804000b3
:101c24009040780020c2b30080cf50000f003200f3
:101c340041f521001e009000008040001040780013
:101c4400ed4f50000900320041f521001e009000c4
:101c54000080400010407800ea4f5000030032003a
:101c64001e007800f30f5000d8ff3400a0092200b2
:101c74001e0040008040eb00014878000000eb00ab
:101c8400807e8800800c2000d0988800a0d221009b
:101c940090407800a0c5b30080cf500012003a00f5
:101ca400a009220090407800f0c3b30080cf500018
:101cb40004003a00b0092200104078000004e0005b
:101cc40009003200100781000090a000100789006d
:101cd4008038210001002000b0068900c106890077
:101ce400c0072000d0988800b0068100c10681009a
:101cf400e00f5000e08f5800750b3a00800c200074
:101d040099e507000000eb00807e8800a50b3700f2
:101d14001107810000202000008060000000e00026
:101d2400090032000f0c070050f72900dc0b0700f4
:101d34008038210001002000b0068900c106890016
:101d4400d0072000d0988800b0068100c106810029
:101d5400e00f5000e08f580002003a00e007200036
:101d6400d09888004106200010c0b300ee6602003f
:101d7400010000008b0b37001107810000202000b8
:101d8400008060000000e0000f00320040f52100f8
:101d94008040eb0001487800f00a22008040eb000c
:101da40001487800ef0b070040f62900bc0b070040
:101db4008038210001002000b0068900c106890096
:101dc400e0072000d0988800b0068100c106810099
:101dd400e00f5000e08f580002003a00e0072000b6
:101de400d09888004106200010c0b300ee660200bf
:101df400010000006b0b370040f521001040780013
:101e04000004e0005200320062c0b300e1f6290091
:101e140040f52100c0cf0200010000000000e000f6
:101e24004b003200600020001007980003003700c8
:101e34001e0090000000e8001007980041f5210002
:101e44001e00900000804000104078000004e00074
:101e54000700320041f521001e0090000080400080
:101e64009040780020c2b30080cf5000f0ff3a00c9
:101e740041f521001e009000008040009040780051
:101e840020c2b30080cf500031003a001e00900001
:101e94000000e800100798000000eb00000f780035
:101ea4000b00370041f521001e0090000080400027
:101eb40090407800f00a22001e004000014878009b
:101ec4001e0fe8001e0090000000e80010079800b4
:101ed40041f521001e009000008040001040780071
:101ee4000004e0001600320041f521001e009000bd
:101ef400008040009040780020c2b30080cf5000a2
:101f04000f00320041f521001e00900000804000c7
:101f140010407800ed4f50000900320041f52100d7
:101f24001e0090000080400010407800ea4f5000ee
:101f3400030032001e007800e40f5000d9ff340083
:101f4400f00a22001e0040008040eb0001487800a7
:101f5400840b070020f82900510b0700803821006a
:101f640001002000b0068900c1068900f0072000a6
:101f7400d09888004106200010c0b300ee6602002d
:101f840001000000070b370011078100002020002a
:101f9400008060000000e00009003a00b021220047
:101fa400104078000004e00005003a00b00681000b
:101fb400c1068100e00f5000e08f58002a003a006b
:101fc400b02122008040eb0001487800c05220007c
:101fd4000000470002e50700c0522000000047004f
:101fe400510b220022cf0200010000000000e0009b
:101ff40009003200500b2200104078000004e00079
:1020040017003a00c052200000004700104078003a
:102014000004e00012003200b6d402000100000007
:10202400f0f8290052d402000100000010078100da
:102034000090a00010078900100781000080a10013
:102044001007890000e2240001002000b006890086
:10205400c106890010022000d098880002003700d1
:10206400800c2000d09888004106200010c0b300e6
:10207400ee66020001000000ca0a37001007810062
:102084000090a0001007890070022000d0988800fa
:102094004101200010c0b300ee6602000100000000
:1020a400c00a370011078100002020000080600072
:1020b4000000e00005003a00b0068100c10681007e
:1020c400e00f5000e08f5800830a3a00803e200061
:1020d40001002000b0068900c10689002007200005
:1020e400d0988800af0a3700110781000020200033
:1020f400008060000000e00005003a00b0068100a6
:10210400c1068100e00f5000e08f5800740a3a00c5
:10211400f0d5200090407800801f220011409800e4
:10212400801f22009040900040c6b30080cf500032
:1021340003003600801f2200e1c0b3001140980064
:10214400080b070000fa200001002000b0068900f7
:10215400c1068900e0fb2900d10a0700b6d40200b9
:102164000100000090fc290052d40200010000008c
:10217400801f2200104090000080fb00801f780028
:1021840080bd2900801f78002023220078040200eb
:1021940000000000e48757002023220052d40200ec
:1021a4000100000030072000d0988800b0068100ac
:1021b400c1068100e00f5000e08f58004a0a3a003f
:1021c400d05c290052d4020001000000d1988000a4
:1021d400c043200000004700811f7800915e290061
:1021e400811f78007804020000000000e487570093
:1021f400c04320000000470052d402000100000048
:10220400c05e290052d402000100000010c0b300d7
:102214008bdd0700630a37001107810000202000ce
:10222400008060000000e00005003a00b006810074
:10223400c1068100e00f5000e08f58002c0a3a00dc
:10224400801f2200900078000100a100010878009e
:10225400801f2200e0409000801f220071409800ff
:10226400801f2200900078000110a000010878006f
:10227400800c2000d0988800b6d402000100000031
:1022840070fd290052d4020001000000b006810054
:10229400c1068100e00f5000e08f5800160a3a0092
:1022a400d05c290052d4020001000000d1988000c3
:1022b4000045200000004700811f7800915e29003e
:1022c400811f78007804020000000000e4875700b2
:1022d400004520000000470052d402000100000025
:1022e400c05e290052d402000100000010c0b300f7
:1022f40053dd07002b0a3700f0d52000904078000a
:10230400801f220011409800801f220090409000fe
:1023140040c6b30080cf500003003600801f220067
:10232400e1c0b30011409800b6d4020001000000df
:1023340080fe290052d4020001000000801f220008
:10234400104090000080fb00801f780080bd2900b1
:10235400801f78002023220078040200000000007f
:10236400e48757002023220052d402000100000019
:102374007c0a0700c0bd2900490a0700803e2000ee
:1023840001002000b0068900c1068900100a20005f
:10239400d0988800030a370011078100002020002c
:1023a400008060000000e00005003a00b0068100f3
:1023b400c1068100e00f5000e08f5800d0093a00b8
:1023c40000dd20008040eb000148780010dd200093
:1023d40011c0b30001487800b6d402000100000027
:1023e400d0ff290052d4020001000000916e800049
:1023f40010032000808f500004003600916e80008e
:1024040080b52100808f500002003600c05d20009e
:10241400906e880000d62000104078000004e00090
:102424000400320000d6200010407800ee4f500027
:102434000300360000d62000e1c0b3000148780054
:10244400480a070003e22000120020008040eb004d
:10245400b03e29008ddc0700803e200001002000f2
:10246400b0068900c1068900200a2000d09888009f
:10247400810c200010c0b300ee66020001000000d1
:10248400c809370011078100002020000080600087
:102494000000e00005003a00b0068100c10681009a
:1024a400e00f5000e08f580097093a00800c20009c
:1024b400d0988800bb093700501f220010407800d4
:1024c400e34f50000d003200701d220010407800d0
:1024d400e34f500009003200001081000000a10009
:1024e40000108900001081000010a0000010890075
:1024f400800c2000d0988800aa093700190a070028
:1025040000e2240001002000b0068900c106890011
:1025140020012a00e2090700c020220010407800b0
:10252400a6a002000100000000822900dc090700c7
:10253400b00a2000d09888009a093700110781005a
:1025440000202000008060000000e00005003a0048
:10255400b0068100c1068100e00f5000e08f5800f2
:102564006b093a00b02122008040eb00014878005a
:10257400fc09070000c4290001002000b0068900fe
:10258400c1068900a0012a00c50907001020220005
:10259400c309070000822900c1090700c00a2000fe
:1025a400d0988800b0068100c1068100e00f500079
:1025b400e08f580058093a00d05c290052d4020038
:1025c40001000000d1988000404620000000470030
:1025d400811f7800915e2900811f78007804020031
:1025e40000000000e4875700404620000000470038
:1025f40052d4020001000000c05e290052d402003f
:102604000100000010c0b3008ddc070020022a0086
:1026140052d4020001000000620937001107810052
:1026240000202000008060000000e000050032006f
:10263400001081000000a10000108900800c20001f
:10264400d0988800b0068100c1068100e00f5000d8
:10265400e08f580004003200b021220010407800be
:102664000004e0002e093200d05c290052d402009c
:1026740001000000d198800080472000000047003e
:10268400811f7800915e2900811f78007804020080
:1026940000000000e4875700804720000000470046
:1026a40052d4020001000000c05e290052d402008e
:1026b40001000000001081000000a100001089004a
:1026c400001081000010a00000108900800c200080
:1026d400d0988800419c200010c0b300ee66020030
:1026e40001000000b0068100c1068100e00f500027
:1026f400e08f58000c093a0010c0b30050dc07000a
:1027040028093700e0042a00650907009509070035
:1027140040f521008040eb000148780000fa2000d9
:1027240001002000b0068900c1068900900e200037
:10273400d09888001b093700b0068100c1068100cb
:10274400e00f5000e08f58000500320011078100af
:1027540000202000008060000000e000f408320047
:102764008009070040f521008040eb000148780013
:1027740010d029004a09070000fa200001002000b7
:10278400b0068900c1068900a00e2000d0988800f8
:1027940004093700b0068100c1068100e00f500033
:1027a400e08f58000500320011078100002020004e
:1027b400008060000000e000df083200b00e20005e
:1027c400d0988800f708370080a923000100200072
:1027d400b0068900c1068900c00e2000d098880088
:1027e40090052a002e09070020062a0052d4020070
:1027f400010000000000eb0040e98800b006810001
:10280400c1068100e00f5000e08f5800cc083a0068
:10281400d1988000c048200000004700811f780044
:1028240051072a00811f780078040200000000008c
:10283400e4875700c04820000000470052d402003b
:10284400010000000000eb0040e98800d00e2000e9
:10285400d0988800014b200010c0b300ee6602003f
:1028640001000000cf0837000000eb0040e98800b9
:1028740060fc200010407800ea4f5000050036004c
:1028840001f4210010c0b300ee6602000100000054
:102894000400370081bb200010c0b300ee660200c4
:1028a40001000000e00e2000d098880060fc2000a9
:1028b4008040eb0001487800ba083700b666a800eb
:1028c4008157200010c0b300ee6602000100000032
:1028d400f00e2000d0988800b2083700b666a90030
:1028e4000000eb00d0988800ae083700b666a80058
:1028f40080082a0052d4020001000000419c2000fc
:1029040010c0b300ee660200010000009011200028
:10291400d0988800a3083700b666a900a01120004b
:10292400d0988800017d200010c0b300ee6602003c
:102934000100000090b32000b1c0b300014878004a
:102944009808370090b32000104078000004e0009d
:102954001b00320090b32000104078008040e90052
:1029640090b3200001487800017d200010c0b3001e
:10297400ee66020001000000b6d40200010000006f
:1029840090b32000104078008080fb00004a2000b3
:1029940000004700811f780041792900811f7800d9
:1029a4007804020000000000e4875700004a200079
:1029b4000000470052d402000100000079083700eb
:1029c400b0112000d09888003021220061c9b300e2
:1029d4000148780073083700b666a80081572000c4
:1029e40010c0b300ee66020001000000c011200018
:1029f400d09888006b083700b666a9000000eb0089
:102a0400d098880067083700d6080700b021220054
:102a14008040eb000148780050052200a008070020
:102a2400008229009e080700500522008040eb0028
:102a340001487800100f2000d0988800c15d200064
:102a440010c0b300ee66020001000000e00722009f
:102a5400104078008080fb00803e20000088b90090
:102a640000007800cf80de00b0068900c10689002e
:102a74004c083700b0068100c1068100e00f500009
:102a8400e08f580009003200110781000020200067
:102a9400008060000000e00004003a00b021220041
:102aa400104078000004e0002708320000082200eb
:102ab400104078000004e00014003200110a2a00db
:102ac400f0b32000f6cf020001000000000f7800f0
:102ad4009e007800f0b320000080400041f5210002
:102ae400f6cf0200010000001e0f40000041eb0081
:102af400f1b3200000082200aeb202000100000081
:102b0400000822008040eb0001487800800c20007f
:102b1400d0988800810c200010c0b300ee6602003b
:102b2400010000001f08370060fc20008040eb001b
:102b3400014878000000eb0040e98800813e200055
:102b440010c0b300ee660200010000001508370053
:102b5400b02122008040eb00014878008108070082
:102b64008038210001002000b0068900c1068900d8
:102b7400400a2a004a08070050102000d098880014
:102b8400a100200010c0b300ee66020001000000a6
:102b94000408370011078100002020000080600035
:102ba4000000e0003100320072c0b300e10a2a00e4
:102bb40040f52100c0cf0200010000000000e00049
:102bc4002a003200b0f5210090407800f0c2b30032
:102bd40080cf500025003400b0f5210090407800eb
:102be40090c3b30080cf500020003c00b0f521001a
:102bf40010407800149e020001000000612e2100a4
:102c040080487800c0f5210090407800f0c2b300fd
:102c140080cf500015003400c0f5210090407800aa
:102c240090c3b30080cf500010003c00602e210000
:102c3400104078006a00b9000000780080407800f5
:102c4400602e210001487800c0f521001040780072
:102c5400149e020001000000612e210091407800c2
:102c640081404000602e2100014878001107810056
:102c740000202000008060000000e00009003a000d
:102c8400b0212200104078000004e00005003a0062
:102c9400b0068100c1068100e00f5000e08f5800ab
:102ca400ab073a00800c2000d09888000000eb00ad
:102cb400907e8800bb073700b02122008040eb00e3
:102cc400014878002708070080382100010020000f
:102cd400b0068900c106890050da2000104078004f
:102ce400e44f50000d003a00600320000e00400045
:102cf400d1012000811f7800610b2a00811f780018
:102d04007804020000000000e4875700200c2a0029
:102d140052d40200010000001000370050da2000f5
:102d240010407800e34f50000c003a00600320008c
:102d34000e00400091012000811f7800610b2a00e1
:102d4400811f78007804020000000000e487570027
:102d5400c00d2a0052d402000100000060032000cc
:102d64000e004000ce07070070102000d0988800a5
:102d74004106200010c0b300ee660200010000000e
:102d840088073700110781000020200000806000c0
:102d94000000e00009003200b06d80000070a10066
:102da400b06d8800800c2000d098880000e22400d8
:102db400907e880060ea2000507e88001107810020
:102dc40000202000008060000000e00009003a00bc
:102dd400b0212200104078000004e00005003a0011
:102de400b0068100c1068100e00f5000e08f58005a
:102df40059073a00800c2000d0988800b0212200a6
:102e04008040eb000148780066073700007d200011
:102e1400b07e8800b02122008040eb000148780099
:102e240040e521008040eb000148780040f5210096
:102e34008040eb0001487800ca070700007d2000ad
:102e440001002000b0068900c1068900600f2a0035
:102e540093070700d0122000d09888002103200097
:102e640010c0b300ee660200010000004d073700f9
:102e74001107810000202000008060000000e000b5
:102e84005b00320072c0b30001102a0040f521003b
:102e9400c0cf0200010000000000e0005400320036
:102ea400b0f521009040780000c3b30080cf5000fb
:102eb40005003200b0f521009040780010c3b30043
:102ec40080cf50004a003a00b0f52100104078004d
:102ed4008040780000cdb30000c0400080407800fe
:102ee40080fd200001487800e0d8200010407800e0
:102ef4000080fb00640060000000e0002500320058
:102f040090fd200010407800e14f500021003a006d
:102f1400b0f521009040780000c3b30080cf50008a
:102f24000e003a008f070700803e200001002000b9
:102f3400b0068900c106890080102a0058070700de
:102f4400e0122000d09888002103200010c0b300b4
:102f5400ee6602000100000025003700810707002b
:102f6400803e200001002000b0068900c1068900cf
:102f740030112a004a070700e0122000d098880088
:102f84002103200010c0b300ee660200010000001f
:102f940017003700b0f521009040780010c3b3004b
:102fa40080cf50000e003a006e070700803e2000dc
:102fb40001002000b0068900c1068900f0b3290091
:102fc40037070700e0122000d09888002103200072
:102fd40010c0b300ee6602000100000004003700d8
:102fe40000ee2200b07e8800800c2000d09888007b
:102ff400b0068100c1068100e00f5000e08f580048
:10300400d7063a00e0112a0052d402000100000061
:10301400800c2000d0988800e20637001107810058
:1030240000202000008060000000e00005003a005d
:10303400b0068100c1068100e00f5000e08f580007
:10304400c9063a00800c2000d0988800d5063700c5
:10305400104080000000e000c5063a0080132a00fa
:1030640052d4020001000000800c2000d098880097
:10307400cc06370060802000104078000004e00097
:10308400bd063a0070802000104078000004e00083
:103094000600320030152a0052d40200010000005c
:1030a400800c2000d0988800be063700a0172a00a4
:1030b40052d40200010000000000eb00d098880008
:1030c400b8063700508020008040eb0001487800ab
:1030d400b02122008040eb0001487800210707005e
:1030e40080a9230001002000b0068900c1068900e0
:1030f400701a2a00dc060700f01f2000d098880010
:10310400a80637001107810000202000008060001d
:103114000000e00006003200803821000100200099
:10312400b0068900c106890000202000d0988800dc
:10313400b0212200104078000004e00005003a00ad
:10314400b0068100c1068100e00f5000e08f5800f6
:103154008b063a0000202000d098880091063700a2
:10316400b0068100c1068100e00f5000e08f5800d6
:1031740085063a0010002000d098880089063700a0
:1031840080f180000000e80080f1880081f1800077
:1031940030668100808f500023003600c01a2a0058
:1031a40052d402000100000070f180000090a100e0
:1031b40070f18800e0e2210010407800e34f5000f5
:1031c40010003a00902422008040eb00014878006f
:1031d400f11e810000ff2f0000806000f01e8900b6
:1031e400f01e81000080a100f01e89004000200034
:1031f40010398900db06070060cc2900a806070007
:103204000600370071f18000f0ff28008080600024
:10321400000025000100700070f18800800c20007f
:10322400d09888005f063700110781000020200035
:10323400008060000000e0001800320061ea8000b5
:103244006058200000004700811f7800e1d421006d
:10325400811f7800a11c2a00811f780078040200d5
:1032640000000000e6875700be060700b0212200d8
:103274008040eb000148780000e2240001002000b7
:10328400b0068900c106890060582000000047008c
:1032940083060700d01c2000d0988800411f20001e
:1032a40010c0b300ee660200010000003d063700c6
:1032b4001107810000202000008060000000e00071
:1032c4001a00320070f1800000f0a10070f1880053
:1032d4006058200000004700e1d82100811f7800d9
:1032e400011f2a00811f78007804020000000000fa
:1032f400e48757009b060700b02122008040eb00c2
:103304000148780000e2240001002000b006890092
:10331400c1068900605820000000470060060700cd
:10332400e01c2000d098880011003700b021220052
:10333400104078000004e00005003a00b006810067
:10334400c1068100e00f5000e08f580008003a00e9
:1033540050202a0052d4020001000000b0212200b3
:103364008040eb0001487800c01c2000d098880001
:10337400411f200010c0b300ee66020001000000ef
:1033840008063700b0212200104078000004e00055
:1033940005003a00b0068100c1068100e00f50002c
:1033a400e08f580010003a0020222a0052d4020074
:1033b40001000000b02122008040eb0001487800a9
:1033c40070f1800000f0a10070f18800c01c2000a2
:1033d400d0988800411f200010c0b300ee660200a0
:1033e40001000000ef05370071f1800000002800a3
:1033f400008060000000e000e505320070f180000c
:1034040000f0a10070f18800a0f18000b1f180000b
:1034140093f18000c252200002014700809fbe0049
:10342400831f780020242a00801f7800020078007f
:103434007804020000000000e8875700c052200012
:103444000000470052d402000100000091f1800006
:10345400800c2000808f500022003a00e0e221001e
:1034640010407800e34f500013003a0010398100f7
:10347400e10f500003003a00f01c2000d0988800af
:10348400c805370071f18000f0ff2800008060005b
:1034940000c0a00070f1880070f180000090a100cd
:1034a40070f188002000200010398900800c200071
:1034b400d0988800bb05370071f18000f0ff280028
:1034c4000080600000c0a00070f1880070f18000ee
:1034d4000090a10070f18800800c2000d098880032
:1034e400b0053700f0252a0052d402000100000084
:1034f40070f180000090a10070f18800e0e22100ea
:1035040010407800e34f500010003a00902422004d
:103514008040eb0001487800f11e810000ff2f007d
:1035240000806000f01e890010398100e10f500016
:1035340003003a000b06070060cc2900d8050700f9
:1035440040002000103989000600370071f1800026
:10355400f0ff28008080600000002300010070005c
:1035640070f18800800c2000d09888008d05370009
:1035740010398100e10f500087053a00f01c20004b
:10358400d098880087053700e0e2210010407800d9
:103594000080fb00e30f500003003200e40f5000f2
:1035a4001300320015003700ee05070040272a00fb
:1035b400bb0507001000200010398900f11e8100ae
:1035c40000ff2f0000806000f01e8900f01e8100c3
:1035d4000040a100f01e89009024220011c0b30015
:1035e40001487800601d2000d0988800060037004c
:1035f400800c2000d098880003003700800c200045
:10360400d09888000000000066053700110781008b
:1036140000202000008060000000e000e20332008f
:10362400f01e81006f4060000080fb00e20f50003c
:1036340060003200e30f5000bd0332000000e000e0
:10364400c1033a00808020008040eb0001487800ec
:10365400a0f18000b1f180002012890031128900ac
:103664002012810031128100e00f5000e08f5800d9
:1036740040003200c0388100d1388100e00f500092
:10368400e08f580012003200c875020001000000eb
:10369400c0388100d1388100c252200002014700a5
:1036a400809fbe0070282a00801f780002007800e6
:1036b4007804020000000000e6875700c052200092
:1036c4000000470052d4020001000000020037004d
:1036d40028750200010000006000b8000012890093
:1036e40011128900f01e81000040a000f01e890024
:1036f4000039810063006000e10f500002003a00cd
:10370400c05d20000100370000202000414b200054
:1037140081004700801f7800502c2a00801f780009
:10372400010078007804020000000000e4875700dc
:103734008c050700404b2000000047005805070097
:1037440000712200901289000066810080007800d8
:1037540010c0b300ee66020001000000f11e8100fb
:1037640000ff2f00008060000010a000f01e890000
:103774007a033700602d2a0052d4020001000000b1
:10378400902422008040eb0001487800f11e810063
:1037940000ff2f0000806000f01e890070f180009f
:1037a4000090a10070f188004000200010398900c9
:1037b4006a033700f01e81000040a100f01e89005a
:1037c4000039810063006000e10f500066003a0098
:1037d400e2388100f3388100c05d20000100200040
:1037e4000200400083804800e0388900f1388900f5
:1037f400e2388100f3388100c0388100d13881007b
:10380400800f5100818f59001a003100f01e810091
:103814000040a000f01e8900c04c200000004700ba
:10382400c15d2000811f7800512c2a00811f78007f
:103834007804020000000000e487570049050700ef
:10384400c04c2000000047001505070000668100f9
:103854008000780010c0b300ee6602000100000092
:103864001066810021668100b0068900c1068900c6
:103874003a033700e0388100f1388100c252200059
:1038840002014700809fbe00902e2a00801f78000e
:10389400020078007804020000000000e687570068
:1038a400c05220000000470052d402000100000072
:1038b40001398100c0ff2f00008060000010a000cb
:1038c40000398900003981000020a00000398900f6
:1038d400904522008040eb0001487800904122008e
:1038e4008040eb00014878000000eb00d0368900ee
:1038f400e0388100f138810000128900111289003a
:10390400f01e81000040a000f01e8900404e2000ff
:103914000000470001202000811f7800512c2a005c
:10392400811f78007804020000000000e48757003b
:103934000c050700404e200000004700d804070093
:10394400006681008000780010c0b300ee660200bb
:10395400010000001066810021668100b006890024
:10396400c1068900fd0237000000eb004007980003
:103974002412810035128100021281001312810089
:1039840090452200104078000084fb00003781003d
:1039940011378100d7368100c65220000603470044
:1039a400849fbe00829fbe00881f7800809fbe0057
:1039b400871f780030322a00801f780006007800c4
:1039c4007804020000000000f2875700c052200073
:1039d4000000470052d402000100000000362a0013
:1039e40052d40200010000009041220052d402008f
:1039f4000100000070362a0052d4020001000000c9
:103a04000000eb0060079800820137000040eb00e3
:103a1400204f98000040eb00604f98009045220032
:103a2400104078000004e000250032000040eb0064
:103a3400304f9800120037002e4890000080fb00a1
:103a4400be4890008180fb00a21c200001014100bf
:103a5400e1242200810041001141900061582000be
:103a640081004700827078002e4890000040e800f2
:103a7400204f98003e4890000040e800304f9800e6
:103a840090452200904078003e48900080cf50003e
:103a940004003600ae489000e0c7b30080cf500069
:103aa400e5ff36009045220090407800614f980071
:103ab400904522008040eb00014878001500370053
:103ac400904122008040eb0001487800110037004b
:103ad4002e4890000080fb00ce009000c220200001
:103ae40001014100e12422008100410011417800dc
:103af4006158200081004700827078002e489000b1
:103b04000040e800204f98004e0090000000e800bc
:103b140040079800d13681004e009000808f5000fd
:103b24000c0036004e009000c12020008080400030
:103b3400e02422000080400010407800ea4f50004a
:103b440004003200ae489000e0c7b30080cf5000bc
:103b5400dfff36002e4890000080fb0061582000f3
:103b6400810047000041eb0082707800d13681006b
:103b74004e009000808f50000b0036004e009000e5
:103b8400c120200080804000e0242200008040000a
:103b940010407800ea4f500003003a004e009000b5
:103ba4000000e800400798002e4890000004e00060
:103bb40011013200605820000000470010407800d6
:103bc400ed4f50000e013200605820000000470005
:103bd40010407800ea4f50000b0132000040eb0027
:103be400704f980060582000000047009040780013
:103bf400a0c3b30080cf50001e003a002e489000ae
:103c0400e24f50001b0036006058200000004700bf
:103c140010409000149e020001000000105798000c
:103c24001e5090000080fb004400dd00004478003a
:103c3400605820000000470020409000149e0200bd
:103c44000100000000407400105798001e509000be
:103c5400004040006b40400020579800ae48900060
:103c64002e50900080cf50000200390010c0b300e5
:103c7400704f98000039810063006000e20f50002b
:103c840049003a007e4890000004e0001c00320025
:103c94002e4890008080fb006e4890000080fb005e
:103ca40000805000800078006e009000008040008a
:103cb4000080e8006007980060582000000047007a
:103cc400ae4890007c760200010000000004e00091
:103cd400cf003200a0362a0052d4020001000000b6
:103ce40001398100c0ff2f00008060000039890085
:103cf4006000b800c0388900d1388900c500370099
:103d04000040eb00304f98000d0037003e48900013
:103d14000081fb003e4890000080fb0061582000b9
:103d240081004700e140780080412200000041000a
:103d3400114098003e4890000040e800304f980041
:103d4400be4890002e48900080cf500004003100ff
:103d5400be489000e0c3b30080cf5000ebff3600b4
:103d64003e4890008080fb0080412200008040009b
:103d74008040eb001140980090452200be4890001e
:103d8400014878002e4890008080fb006e48900027
:103d94000080fb0000805000ee0090000080400096
:103da400600798009b0037007e4890000004e00004
:103db400670032006058200000004700567b020074
:103dc400010000000004e0000e003200303a2a0036
:103dd40052d4020001000000605820000000470097
:103de40052d40200010000002045290052d40200f0
:103df40001000000f01e81000060a000f01e890098
:103e0400330037006058200000004700ae4890009f
:103e1400d47c020001000000305798003e5090000e
:103e2400e14f50001d003600001281001112810084
:103e34003e5190008281fb00c252200002014700e3
:103e4400809fbe00831f7800b03b2a00801f78004b
:103e5400020078007804020000000000e8875700a0
:103e6400c05220000000470052d4020001000000ac
:103e7400605820000000470052d4020001000000f6
:103e84002045290052d4020001000000f01e8100e8
:103e94000060a000f01e89000d0037006e00900045
:103ea4006101b8000012810011128100020040007b
:103eb4008380480062582000020247000001be00cf
:103ec400ae4890000400780016760200010000005d
:103ed40020c0b300005798002e489000e84f5000cf
:103ee4000e0036006058200000004700f0409000ab
:103ef40000c3b30080cf500008003a00605820008f
:103f0400000047008048900010c3b30080cf5000e9
:103f140002003a000040eb00005798002e48900041
:103f24008080fb006e4890000080fb000080500001
:103f3400800078000e5090000080fb00008040005c
:103f4400ee009000008040006007980031003700c8
:103f54000040eb00304f98000d0037003e489000c1
:103f64000081fb003e4890000080fb006158200067
:103f740081004700e14078008041220000004100b8
:103f8400114098003e4890000040e800304f9800ef
:103f9400be4890002e48900080cf500004003100ad
:103fa400be489000e0c3b30080cf5000ebff360062
:103fb4003e4890008080fb00804122000080400049
:103fc4008040eb001140980090452200be489000cc
:103fd400014878002e4890008080fb006e489000d5
:103fe4000080fb0000805000ee0090000080400044
:103ff4006007980007003700000000000500370044
:10400400000000000300370000000000010037003a
:1040140000000000d13681004e009000808f5000d7
:1040240005003600f11e81000004200000806000bd
:104034000000e00075fe3200ee009000e1368900d9
:104044000000eb00d0368900003981006300600075
:10405400e20f500046003a00e2388100f338810054
:104064000077210001002000020140008381480004
:104074000012810011128100800f5100818f5900bc
:104084003b003100803e2a0052d4020001000000af
:10409400a0388100b13881002271220012417800d9
:1040a4008281fb006258200002014700809fbe000d
:1040b400831f780040422a00801f780002007800a5
:1040c4007804020000000000e887570060582000d0
:1040d4000000470052d4020001000000406e22009c
:1040e40052d4020001000000e2388100f33881005c
:1040f400001281001112810064582000040247005c
:10410400829fbe00809fbe0060442a00801f78000a
:10411400040078007804020000000000ea875700d9
:10412400605820000000470052d402000100000043
:10413400207122008040eb00014878006000b80044
:10414400a0388900b13889006000b800c0388900ff
:10415400d138890001398100c0ff2f000080600040
:1041640000398900f01e81000060a000f01e890063
:10417400f11e810000042000008060000000e000c7
:104184000c00320010472a0052d402000100000043
:10419400f01e81000060a100f01e8900f01e810065
:1041a4000040a100f01e8900101d2000d098880056
:1041b400ea003700e03681006101b8000012810096
:1041c400111281000200400083804800001289001f
:1041d400111289000237810013378100e036810013
:1041e4008000eb0002004000838048000037890013
:1041f40011378900021281001312810020128100fc
:1042040031128100800f5100818f59000400360063
:1042140020128100311281000012890011128900dc
:104224000012810011128100420620000289b900a7
:10423400020178006002b9008401780003014100a2
:10424400430620000300b800010141008200780009
:1042540022128100331281001e04020000000000bb
:10426400200f9800310f980060128100c152200085
:1042740001014700801f78002e089000be089000be
:10428400809fbe00904a2a00801f780002007800b8
:104294007804020000000000e8875700c0522000a4
:1042a4000000470052d40200010000000212810005
:1042b400131281002012810031128100800f5100fd
:1042c400818f59001f003100f11e8100000220007f
:1042d400008060000000e0001a003a00f01e810037
:1042e4000040a000f01e89000000eb00f0368900b9
:1042f400c04f20000000470001202000811f7800eb
:10430400512c2a00811f780078040200000000006c
:10431400e487570093020700c04f200000004700c5
:104324005f0207000071220090128900006681007c
:104334008000780010c0b300ee66020001000000a7
:104344007a003700c04b2a0052d40200010000005a
:10435400902422008040eb0001487800f11e810087
:1043640000ff2f0000806000f01e890070f18000c3
:104374000090a10070f18800904522001040780060
:104384000004e0001e003200904522001040780036
:104394008080fb0080412200008040008040eb00d0
:1043a4001140980090412200567b02000100000059
:1043b4000004e00004003200f01e81000060a00050
:1043c400f01e89000b003700904522001040780051
:1043d4008040780090412200d47c0200010000005b
:1043e400e14f500003003600f01e81000060a00081
:1043f400f01e8900904522008040eb0001487800bf
:1044040000378100113781000001be0020128100b5
:104414003112810000025100818259002212810070
:10442400331281000037810011378100f61e8100ac
:104434004533de00614363000684fb00f61e810001
:104444004633de00614363008683fb006658200028
:1044540006034700849fbe00829fbe00809fbe006b
:10446400881f7800871f7800e04c2a00801f78009e
:10447400060078007804020000000000f28757006c
:10448400605820000000470052d4020001000000e0
:10449400f11e810000042000008060000000e000a4
:1044a40005003a00f11e8100000220000080600037
:1044b4000000e00006003a0070502a0052d40200c6
:1044c4000100000050002000103989001700370057
:1044d40060522a0052d4020001000000e27a020075
:1044e400010000000000e0000600320000542a0031
:1044f40052d402000100000030002000103989006d
:104504001600370030552a0052d402000100000082
:104514005000200010398900f11e810000ff2f0097
:1045240000806000f01e89000c0037000b0037008b
:1045340080562a00da01070001e2240010c0b3000b
:10454400ee66020001000000f11e810000ff2f0052
:1045540000806000f01e890000000000d1988000f7
:10456400101d2000808f50000b0032001039810094
:10457400e10f500003003a00601d2000d09888002d
:1045840005003700f701070060cc2900c4010700cb
:10459400800c2000d098880010668100216681007c
:1045a400b0068900c1068900b021220010407800bd
:1045b4000004e0001d00320085f180002212810019
:1045c400331281000012810011128100645820000e
:1045d40004024700851f7800829fbe00809fbe00b2
:1045e40010582a00801f7800040078007804020024
:1045f40000000000ec8757006058200000004700ce
:1046040052d4020001000000b02122008040eb00df
:1046140001487800f01e81000040a100f01e8900ce
:10462400101d2000d09888005e013700b00681007c
:10463400c1068100e00f5000e08f580058013a0095
:1046440022128100331281000012810011128100b4
:104654006458200004024700829fbe00809fbe0071
:10466400005c2a00801f78000400780078040200af
:1046740000000000ea87570060582000000047004f
:1046840052d4020001000000f01e81000040a0008e
:10469400f01e890040512000000047000120200046
:1046a400811f7800512c2a00811f780078040200b1
:1046b40000000000e4875700aa01070040512000d1
:1046c4000000470076010700006681008000780042
:1046d40010c0b300ee660200010000001066810005
:1046e40021668100b0068900c10689002d013700ca
:1046f400f11e810000102000008060000000e00036
:104704007e003a0020712200104078000004e0008e
:10471400460032002012810031128100e00f500067
:10472400e08f580041003200a8388100b938810078
:104734002012810031128100420620000300200073
:104744001e040200000000007909b900020178008b
:104754006002b90084017800030141009301200044
:104764000300b8000101410082007800800f54006a
:10477400818f5c002d003600a2388100b33881009f
:10478400007d200001002000800f5100818f59001e
:1047940007003600a2388100b338810000832f005f
:1047a400f1ff2f0002004000838048000100370021
:1047b4006000b800c0388900d1388900c23881004f
:1047c400d3388100a0388100b138810064582000ba
:1047d40004024700829fbe00809fbe0020602a0022
:1047e400801f7800040078007804020000000000b4
:1047f400ea875700605820000000470052d40200a6
:104804000100000050642a0052d40200010000009c
:10481400406e220052d402000100000070362a00cb
:1048240052d4020001000000030037006000b80009
:10483400c0388900d13889004a01070060cc2900ba
:104844001701070070a12000c83602000100000013
:1048540080e32100104078000004e0000e003200e4
:1048640080e32100e8d00200010000000000e00025
:104874000900320090662a0052d4020001000000b0
:104884000041eb0071a1200080e3210086c40200f6
:10489400000000000900370020682a0052d40200fa
:1048a4000100000070a1200052d4020001000000a9
:1048b4002045290052d402000100000000712200aa
:1048c40001002000b0068900c106890000532700ba
:1048d40090128900f01e81000080a000f01e890063
:1048e400800c2000d0988800810c200010c0b300f8
:1048f400ee66020001000000aa003700b006810045
:10490400c1068100e00f5000e08f580004003a0017
:1049140020498100610060000000e00003003200d3
:10492400901281000000e0000d003a00f01e8100aa
:104934000080a100f01e8900f11e810000ff2f00fd
:1049440000806000f01e8900060107001007810046
:104954000090a00010078900c01c2000d098880097
:10496400411f200010c0b300ee66020001000000e9
:104974008c003700a0692a0052d402000100000014
:10498400601d2000d09888000000000085003700da
:1049940000000000830037000000000081003700a1
:1049a400000000007f003700000000007d00370099
:1049b400000000007b003700000000007900370091
:1049c4000000000077003700000000007500370089
:1049d4000000000073003700000000007100370081
:1049e400000000006f003700000000006d00370079
:1049f400000000006b003700000000006900370071
:104a04000000000067003700000000006500370068
:104a14000000000063003700000000006100370060
:104a2400000000005f003700000000005d00370058
:104a3400000000005b003700000000005900370050
:104a44000000000057003700000000005500370048
:104a54000000000053003700000000005100370040
:104a6400000000004f003700000000004d00370038
:104a7400000000004b003700000000004900370030
:104a84000000000047003700000000004500370028
:104a94000000000043003700000000004100370020
:104aa400000000003f003700000000003d00370018
:104ab400000000003b003700000000003900370010
:104ac4000000000037003700000000003500370008
:104ad4000000000033003700000000003100370000
:104ae400000000002f003700000000002d003700f8
:104af400000000002b0037000000000029003700f0
:104b040000000000270037000000000025003700e7
:104b140000000000230037000000000021003700df
:104b2400000000001f003700000000001d003700d7
:104b3400000000001b0037000000000019003700cf
:104b440000000000170037000000000015003700c7
:104b540000000000130037000000000011003700bf
:104b6400000000000f003700000000000d003700b7
:104b7400000000000b0037000000000009003700af
:104b840000000000070037000000000005003700a7
:104b9400000000000300370000000000010037009f
:104ba400000000004f04be000080fa000000060070
:104bb4000000fa0080002000c01c88009a23ef0047
:104bc40020022000001d8800a223ef009960a800a5
:104bd40099e3a8009b43a8009b83a8000080fa00e7
:104be400000006000000fa00308120001040780028
:104bf4000080fb00f11c800001417800418120000d
:104c04008270780030812000104078008040e800f5
:104c14003081200001487800d01c800062006000d0
:104c24000000e000040032009a23a9006012810011
:104c34000000e80060128900d01c8000640060005d
:104c44000000e000010032009a23a900d01c80007b
:104c5400680060000000e000010032009a63a900cf
:104c64000080fa00000006000200fa00000f78003d
:104c74001e0078000a000700420120009e00780010
:104c8400d02122002206020000000000102322008e
:104c94008040eb00014878000080fa000000060024
:104ca4000200fa00000f78006080200010407800b5
:104cb4000004e00025003a001e007800104078004f
:104cc4000004e0001a003200000000000100370078
:104cd40000000000d11c8000001020000080600053
:104ce4000000e000fbff32001e0078001040780056
:104cf4000000fb00e01c88001e00780010407800d3
:104d04003dd307001e0fe8001e0078001040780015
:104d14000004e000eeff3a0000000000d11c800017
:104d240000102000008060000000e000fbff320063
:104d3400d02122008040eb0001487800c0212200ed
:104d44008040eb00014878000100370000000000bb
:104d54000080fa00000006000000fa000080fa005b
:104d6400000006000000fa00200e22008040eb0044
:104d740001487800100781000090a1001007890005
:104d8400100781000080a000100789000080fa004d
:104d9400000006000200fa00004f7800609e220026
:104da4009040780000ad22001040780080cf500081
:104db4000400390000ad2200104078000004e00037
:104dc40002003a0010c0b300090037001e4078000a
:104dd4000004e00005003200b6d402000100000027
:104de400b06b2a0052d40200010000000040eb0026
:104df4000080fa00000006000200fa00004f78006c
:104e0400e00d22001e487800f00681000080a0001a
:104e1400f0068900f00681000090a100f0068900e8
:104e24000080fa00000006000200fa00004f78003b
:104e3400000e22001e487800000781000080a000b8
:104e440000078900000781000090a1000007890085
:104e54000080fa00000006002c00fa0045ca220077
:104e640064ca2200b3d5200012c0b300f1012000af
:104e740000cab300aa8e02000100000045ca220045
:104e840064ca2200c3d5200012c0b300010220006e
:104e940000cab300aa8e02000100000045ca220025
:104ea40064ca2200d3d5200012c0b300110220002e
:104eb40000cab300aa8e02000100000045ca220005
:104ec40064ca2200e3d5200012c0b30021022000ee
:104ed40000cab300aa8e02000100000045ca2200e5
:104ee40064ca2200d3d6200012c0b30011412000ae
:104ef40000cab300aa8e02000100000045ca2200c5
:104f040064ca2200f3d5200012c0b300310220008d
:104f140000cab300aa8e02000100000045ca2200a4
:104f240064ca220003d6200012c0b300510220003c
:104f340000cab300aa8e02000100000045ca220084
:104f440064ca220053d6200012c0b300914020004e
:104f540000cab300aa8e02000100000045ca220064
:104f640064ca220063d6200012c0b300a14020000e
:104f740000cab300aa8e02000100000045ca220044
:104f840064ca220073d6200012c0b300b1402000ce
:104f940000cab300aa8e02000100000045ca220024
:104fa40064ca220083d6200012c0b300c14020008e
:104fb40000cab300aa8e02000100000045ca220004
:104fc40064ca220013d6200012c0b300514020004e
:104fd40000cab300aa8e02000100000045ca2200e4
:104fe40064ca220023d6200012c0b300614020000e
:104ff40000cab300aa8e02000100000045ca2200c4
:1050040064ca220033d6200012c0b30071402000cd
:1050140000cab300aa8e02000100000045ca2200a3
:1050240064ca220093d6200012c0b300d1402000ed
:1050340000cab300aa8e02000100000045ca220083
:1050440064ca2200a3d6200012c0b300e1402000ad
:1050540000cab300aa8e02000100000045ca220063
:1050640064ca2200b3d6200012c0b300f14020006d
:1050740000cab300aa8e02000100000045ca220043
:1050840064ca2200c3d6200012c0b300014120002c
:1050940000cab300aa8e02000100000045ca220023
:1050a40064ca220043d6200012c0b300814020000d
:1050b40000cab300aa8e020001000000e800470005
:1050c400c2712a0011000900b21878000040eb00f8
:1050d40010479800130037001e4090000080fb002a
:1050e400000040000000470040009000904078001d
:1050f40040c6b30080cf5000070036001e40900029
:105104000080fb00000040000000470040009000c9
:10511400e1c0b300014878001e4090000040e80060
:10512400104798001e409000f14f5000eaff3600ef
:1051340000d62000104078000004e0000400320093
:1051440000d6200010407800ee4f500003003600d7
:1051540000d62000e1c0b3000148780062002000be
:105164008000eb00e0912200c8040200000000006f
:10517400a20120008000eb0040d72000c8040200f8
:1051840000000000f08020008040eb00014878001f
:105194000040eb00004f7800040037001e40780008
:1051a4006e6b0200000000001e4fe8001e407800f5
:1051b400e34f5000f9ff360020c5b3001239020056
:1051c400010000000000eb00a065890040cb220034
:1051d40045ca220064ca22008001780022c0b300bc
:1051e400f12e200000cab300aa8e020001000000c4
:1051f4000000eb00b065890060cb220045ca2200a4
:1052040064ca22008001780022c0b300112f20005c
:1052140000cab300aa8e0200010000000000eb00e7
:10522400c065890080cb220045ca220064ca2200de
:105234008001780022c0b300312f200000cab300df
:10524400aa8e020001000000a06581000000e000b9
:1052540004003200a165810000e82300808f500023
:1052640002003600400d2300a0658900b06581006e
:105274000000e00004003200b16581004001250017
:10528400808f500002003600006b2300b065890057
:10529400c165810000772100808f50000200360034
:1052a400401f2000c065890045ca220064ca22004c
:1052b400a3cb220012c0b3004102200000cab300f5
:1052c400aa8e020001000000a0cb2200104078004a
:1052d400e44f500003003600a0cb22008040eb00d6
:1052e4000148780045ca220064ca2200c3ac2200e7
:1052f40012c0b300712f200000cab300aa8e0200ae
:105304000100000045ca220064ca2200d3ac220076
:1053140012c0b300812f200000cab300aa8e02007d
:105324000100000045ca220064ca2200e3ac220046
:1053340012c0b300912f200000cab300aa8e02004d
:105344000100000045ca220064ca2200f3ac220016
:1053540012c0b300a12f200000cab300aa8e02001d
:1053640001000000c0dc200045ca220064ca2200fb
:105374008001780022c0b300b101200000cab3004c
:10538400aa8e02000100000000fe200045ca22008f
:1053940064ca22008001780042c1b30041002000a9
:1053a40000cab300aa8e02000100000045ca220010
:1053b40064ca2200f3d8200012c0b300b12e20002a
:1053c40000cab300aa8e02000100000045ca2200f0
:1053d40064ca220003d9200012c0b300e12e2000c9
:1053e40000cab300aa8e020001000000a0ac220093
:1053f40045ca220064ca22008001780022c0b3009a
:10540400512f200000cab300aa8e02000100000040
:1054140045ca220064ca220003ad220012c0b300b0
:10542400b12f200000cab300aa8e020001000000c0
:1054340000ad220010407800e14f400003003a0024
:1054440000ad220021c3b300014878006400470086
:1054540045ca220064ca22008001780012c0b30049
:10546400d101200000cab300aa8e0200010000008e
:105474004e409000e14f400004003200ce409000c6
:10548400c0c3b30080cf500002003600a0c0b300f8
:10549400404798004e4090000080fb00b06a8800ae
:1054a400b16a8000c00320000088b90000007800c1
:1054b400b06a880045ca220064ca220023d72000ab
:1054c40012c0b3003141200000cab300aa8e02000a
:1054d4000100000045ca220064ca220033d720001c
:1054e40012c0b3004141200000cab300aa8e0200da
:1054f4000100000020d7200010407800f84f500031
:105504000a003e0030d7200010407800f84f5000c9
:1055140006003e0030d720009040780020d72000bd
:105524001040780080cf500006003e0020d72000b5
:10553400a1c0b3000148780030d7200001c1b300f6
:105544000148780045ca220064ca2200e3d820003a
:1055540012c0b300a103200000cab300aa8e020047
:105564000100000045ca220064ca2200032b210066
:1055740012c0b300e103200000cab300aa8e0200e7
:105584000100000045ca220064ca2200132b210036
:1055940012c0b300f103200000cab300aa8e0200b7
:1055a400010000008000eb00a06d2a005a5c02009c
:1055b4000000000045ca220064ca2200b32e210064
:1055c40012c0b3000138200000cab300aa8e020042
:1055d4000100000045ca220064ca2200a32e210053
:1055e40012c0b3001138200000cab300aa8e020012
:1055f4000100000045ca220064ca2200c32e210013
:1056040012c0b3002138200000cab300aa8e0200e1
:105614000100000045ca220064ca2200d32e2100e2
:1056240012c0b3003138200000cab300aa8e0200b1
:105634000100000045ca220064ca2200e32e2100b2
:1056440012c0b3004138200000cab300aa8e020081
:105654000100000045ca220064ca2200f32e210082
:1056640012c0b3005138200000cab300aa8e020051
:1056740001000000102b21009040780040c6b300c8
:1056840080cf500003003600102b2100c1c3b300ab
:105694000148780045ca220064ca2200732e210002
:1056a40012c0b300c12f200000cab300aa8e0200aa
:1056b4000100000045ca220064ca2200832e210092
:1056c40012c0b300d12f200000cab300aa8e02007a
:1056d4000100000045ca220064ca2200932e210062
:1056e40012c0b300e12f200000cab300aa8e02004a
:1056f40001000000702e210010407800e14f4000ae
:1057040003003a00702e210091c1b30001487800d3
:10571400802e210010407800e14f400003003a0041
:10572400802e2100d1c1b30001487800902e2100c1
:1057340010407800e14f400003003a00902e210011
:10574400d1c1b30001487800e0d8200010407800af
:105754000080fb00640060000000e00004003200f0
:1057640090fd200011c0b300014878000300370009
:1057740090fd20008040eb0001487800a0d2210079
:1057840045ca220064ca22008001780002c2b30024
:10579400414c200000cab300aa8e020001000000a0
:1057a40090d421008040eb00014878000000eb0019
:1057b400100798000e0037009e009000a0d2210030
:1057c4000080400010407800e14f400005003a009e
:1057d4008000eb0010712a00aa5e020000000000a5
:1057e400090037001e0090000000e8001007980030
:1057f4009e009000a0d2210000804000104078005c
:105804000004e000ecff3a006500470045ca2200ae
:1058140064ca22008001780022c0b300214c200019
:1058240000cab300aa8e020001000000de4090000e
:10583400a0c5b30080cf500004003a00ee409000b1
:1058440030ccb30080cf50001b003200002b21006d
:1058540010407800804078000154a000002b210003
:105864000148780045ca220064ca2200032b2100a3
:1058740012c0b300e103200000cab3009a8d0200f5
:1058840001000000a0c5b3005047980030ccb3001d
:10589400604798006500470045ca220064ca220098
:1058a4008001780022c0b300214c200000cab3005c
:1058b4009a8d0200010000000080fa00000006003a
:1058c4000400fa00000f780011079800e20f20008e
:1058d4009e00900070a120005707070012c0b3007b
:1058e40071a120001e00780086c4020000000000a0
:1058f4000080fa00000006000600fa00000f78009d
:105904001107980042479800e30f20004e41900091
:105914009e00900070a120009d00070012c0b300fb
:1059240071a120001e00780086c40200000000005f
:105934000080fa00000006000200fa00000f780060
:1059440070a120008c03070012c0b30071a12000d5
:105954001e00780086c40200000000000080fa00e7
:10596400000006000200fa00000f780070a1200079
:10597400be02070012c0b30071a120001e0078000f
:1059840086c40200000000000080fa000000060047
:105994000200fa00000f78004036800070006000ba
:1059a4000000e000040032001e00780001c3b300d0
:1059b40001487800030037001e00780011c3b300cb
:1059c4000148780041368000000220000080600019
:1059d4000000e000040032001e00e80001c3b30030
:1059e40001487800030037001e00e80011c3b3002b
:1059f4000148780040368000680060000000e00044
:105a0400040032001e80e80001c3b300014878009e
:105a1400030037001e80e80011c3b300014878007a
:105a240040368000640060000000e00005003200a1
:105a34009e0078006380400001c3b30001487800f1
:105a4400040037009e0078006380400011c3b30057
:105a540001487800b0358000640060000000e00078
:105a6400050032009e0078006480400001c3b3004a
:105a740001487800040037009e00780064804000ec
:105a840011c3b300014878009e007800658040008f
:105a94008040eb000148780050c0b3000080fa0059
:105aa400000006000200fa00000f7800d1338000e5
:105ab40000402000008060000000e000040032008c
:105ac4001e00780011c3b3000148780003003700ba
:105ad4001e00780001c3b30001487800d133800070
:105ae40000802000008060000000e000040032001c
:105af4001e00e80011c3b30001487800030037001a
:105b04001e00e80001c3b30001487800d1338000cf
:105b140000002100008060000000e000040032006a
:105b24001e80e80011c3b300014878000300370069
:105b34001e80e80001c3b30001487800d13380001f
:105b440000002200008060000000e0000500320038
:105b54009e0078006380400011c3b30001487800c0
:105b6400040037009e0078006380400001c3b30046
:105b7400014878009e007800648040008040eb007b
:105b84000148780040c0b3000080fa00000006001d
:105b94000c00fa002007980031079800024f980083
:105ba400530798000e4890000004e0003d003200c6
:105bb40061682b002e009000f6cf02000100000067
:105bc400000f7800420120008000eb0000fe20005e
:105bd400c80402000000000000fe200045ca2200a4
:105be40064ca22008001780042c1b3004100200051
:105bf40000cab300aa8e02000100000040ff20008a
:105c04008040eb00014878001e007800ae00900050
:105c14000080400001fe2000f6cf020001000000d9
:105c24001e0f40001e007800ae009000008040006f
:105c340051692b00f6cf0200010000001e0f400046
:105c44001e007800ae0090000080400080007800c4
:105c54003e009000d29c0200010000001e0f400094
:105c64001e007800ae00900000804000e1692b0027
:105c7400f6cf0200010000001e0f40001e00780055
:105c8400ae0090008080400000cb220010407800dd
:105c94000041eb00a09e0200010000001e0f400026
:105ca4001c013700616a2b002e009000f6cf020021
:105cb40001000000000f78001e007800ae00900084
:105cc40000804000800078003e009000d29c0200da
:105cd400010000001e0f40005e0090007e00500096
:105ce4009e0f50002d003400701d220010407800db
:105cf400e34f50000f003a001e007800ae00900001
:105d040000804000f16a2b00f6cf02000100000081
:105d14001e0f40001e007800ae009000008040007e
:105d2400d11b2200f6cf0200010000001e0f40002c
:105d34001a003700501f2200104078000004e000d1
:105d44000f0032001e007800ae009000008040007a
:105d5400f16a2b00f6cf0200010000001e0f400084
:105d64001e007800ae00900000804000b11d2200ab
:105d7400f6cf0200010000001e0f400007003700ac
:105d84001e007800ae00900000804000316b2b00b4
:105d9400f6cf0200010000001e0f40005e009000dc
:105da400690050009e0f5000300034001e0078003f
:105db400ae00900000804000816b2b00f6cf020003
:105dc400010000001e0f40009cb30200010000000f
:105dd400204798002e4090000080fb00e10f500007
:105de4000a003200e20f50000e0032000000e00012
:105df40012003a001e007800ae00900000804000bf
:105e0400e1c4b30001487800120037001e00780096
:105e1400ae0090000080400031c5b3000148780016
:105e24000c0037001e007800ae0090000080400097
:105e3400f1c4b30001487800060037001e00780062
:105e4400ae00900000804000f1c3b3000148780028
:105e5400000000001e0fe8001e007800ae00900055
:105e6400008040008040eb00014878005e00900014
:105e7400690050009e0f5000100034001e0078008e
:105e8400ae00900000804000d16b2b00f6cf0200e2
:105e9400010000001e0f40001e007800ae009000bc
:105ea4008080400040e980000040780032c0b300a8
:105eb400a09e0200010000001e0f40005e00900042
:105ec400690050009e0f5000100034001e0078003e
:105ed400ae00900000804000216c2b00f6cf020041
:105ee400010000001e0f40001e007800ae0090006c
:105ef40080804000906581000040780032c0b3008b
:105f0400a09e0200010000001e0f40005e009000f1
:105f1400690050009e0f5000100034001e007800ed
:105f2400ae00900000804000716c2b00f6cf0200a0
:105f3400010000001e0f40001e007800ae0090001b
:105f44008080400060da20001040780022c0b30056
:105f5400a09e0200010000001e0f4000b16d8000f1
:105f640000022000008060000000e0001400320005
:105f74005e009000690050009e0f50001000340035
:105f84001e007800ae00900000804000c16c2b0021
:105f9400f6cf0200010000001e0f40001e00780032
:105fa400ae00900080804000f0da200010407800bd
:105fb40022c0b300a09e0200010000001e0f40009a
:105fc4005e009000690050009e0f50000d003400e8
:105fd4001e007800ae00900000804000216d2b0070
:105fe400f6cf0200010000001e0f40001e007800e2
:105ff400ae0090000080400065fe07000080fb00ba
:106004001e0f40005e009000690050009e0f50007b
:106014000d0034001e007800ae00900000804000a7
:10602400716d2b00f6cf0200010000001e0f40002e
:106034001e007800ae0090000080400099fe07002a
:106044000080fb001e0f40005e00900069005000bd
:106054009e0f5000100034001e007800ae00900027
:1060640000804000d16d2b00f6cf0200010000003b
:106074001e0f40001e007800ae009000808040009b
:1060840000cb2200104078000041eb00a09e0200eb
:10609400010000001e0f40005e00900069005000e7
:1060a4009e0f50001b0034001e007800ae009000cc
:1060b40000804000316e2b00f6cf0200010000008a
:1060c4001e0f4000f0d8200090407800a0c5b30017
:1060d40080cf500008003a001e007800ae00900007
:1060e40000804000916e2b00f6cf020001000000fa
:1060f4001e0f4000070037001e007800ae0090001d
:1061040000804000b16e2b00f6cf020001000000b9
:106114001e0f40005e009000690050009e0f50006a
:10612400100034001e007800ae0090000080400093
:10613400d16e2b00f6cf0200010000001e0f4000bc
:106144001e007800ae0090008080400000d920003e
:10615400104078000041eb00a09e02000100000006
:106164001e0f40000e4890000004e00050003a006a
:106174005e009000660050009e0f50004c003400fa
:106184001e007800ae00900000804000316f2b00ac
:10619400f6cf0200010000001e0f40001e00780030
:1061a400ae0090008080400030052100104078004f
:1061b4000041eb00a09e0200010000001e0f400001
:1061c4005e009000690050009e0f500010003400e3
:1061d4001e007800ae00900000804000816f2b000c
:1061e400f6cf0200010000001e0f40001e007800e0
:1061f400ae00900080804000509e22001040780045
:106204000041eb00a09e0200010000001e0f4000b0
:106214005e009000690050009e0f50001000340092
:106224001e007800ae00900000804000d16f2b006b
:10623400f6cf0200010000001e0f40001e0078008f
:10624400ae00900080804000709e220010407800d4
:106254000041eb00a09e0200010000001e0f400060
:106264005e009000690050009e0f50001000340042
:106274001e007800ae0090000080400031702b00ba
:10628400f6cf0200010000001e0f40001e0078003f
:10629400ae0090008080400050da2000104078006a
:1062a4000041eb00a09e0200010000001e0f400010
:1062b4005e009000690050009e0f500013003400ef
:1062c4001e007800ae0090000080400081702b001a
:1062d400f6cf0200010000001e0f40001e007800ef
:1062e400ae0090000080400041da20009140780028
:1062f400014878001e0fe8001e007800ae009000f0
:10630400008040008040eb00014878005e0090006f
:106314006b0050009e0f50000e0034001e007800e9
:10632400ae00900000804000d1702b00f6cf020038
:10633400010000001e0f40001e007800ae00900017
:1063440080804000a0978000d29c020001000000e1
:106354001e0f40000080fa00000006000000fa0052
:10636400106d8000630a20000041eb00800078007b
:10637400f0b3200006fe0700f0b3200052d4020060
:106384000100000020712b0052d402000100000023
:10639400f0b320008040eb00014878000080fa0050
:1063a400000006000600fa00100798004147980014
:1063b400116d80001e009000008060000000e0006d
:1063c40003003a000040eb00004f78000b00370058
:1063d400116d80001e0090000080ea0000806000c3
:1063e400106d880010c0b300004f78004e4090003c
:1063f4000004e00001003200d8ff07001e407800ce
:106404000080fa00000006000600fa001007980059
:1064140041479800116d80001e009000808060004c
:106424001e009000808f500003003a000040eb00f3
:10643400004f78000a003700116d80001e009000a4
:1064440001007000106d880010c0b300004f780088
:106454004e4090000004e00001003200bfff07003e
:106464001e4078000080fa00000006003a00fa009e
:10647400889fbe008a9fbe008c9fbe00000f9800bc
:10648400402e2100104078008082fb00302e210035
:10649400104078000082fb00202e2100104078007c
:1064a4008081fb00a02c2100104078000081fb00bb
:1064b400902c2100104078008080fb00802c21006b
:1064c400104078000080fb00851f7800841f78004e
:1064d400831f7800821f7800811f7800801f780056
:1064e40040712b00801f7800f10020000e0078001e
:1064f4005e04020000000000ee8757000040eb003d
:10650400704f9800e0042100104078008005fb00e3
:1065140010052100104078008006fb007005210062
:10652400104078000000fb00100f98006005210067
:10653400104078000000fb00200f9800a005210007
:10654400104078000000fb00300f980090052100f7
:10655400104078000000fb00400f98000197800075
:10656400510f9800f1968000610f9800e196800029
:10657400710f9800319680000117980021968000d1
:10658400111798001196800021179800d196800069
:10659400311798000196800041179800c196800039
:1065a40051179800f195800061179800b19680000a
:1065b40071179800e1958000011f9800909e2200b9
:1065c400104078000080fb00101f9800809e22007d
:1065d400104078000080fb00201f9800509e22008d
:1065e400104078000080fb00301f9800409e22007d
:1065f400104078000080fb00401f9800b01b220070
:10660400104078000086fb00a01b22001040780098
:106614000085fb0099968000c895800087968000cd
:10662400b6958000629680007396800090958000f5
:10663400a1958000a5968000d49580008b1f7800da
:106644008d1f78009e0d90008b1f7800ae0d90007a
:106654008b1f7800be0d90008b1f7800ce0d90002c
:106664008b1f7800de0d90008b1f7800ee0d9000dc
:106674008b1f7800fe0d90008b1f78008e15900004
:106684008b1f78009e1590008b1f7800ae1590002c
:106694008b1f7800be1590008b1f7800ce159000dc
:1066a4008b1f7800de1590008b1f7800ee1590008c
:1066b4008b1f7800fe1590008b1f78008e1d9000b4
:1066c4008b1f78009e1d90008b1f7800ae1d9000dc
:1066d4008b1f7800be1d90008b1f7800ce1d90008c
:1066e4008b1f78008c1f78008a1f7800891f780020
:1066f400881f7800871f7800861f7800829fbe005d
:10670400809fbe00851f7800841f780060722b0074
:10671400801f7800010a20000e0890005e04020029
:10672400000000006f04b1000e089000000ab000e1
:106734008040eb00014878000e089000c805020074
:10674400000000008000780030092000808f500095
:1067540004003e008e0078000e08900090050200b0
:10676400000000004f06be004f05be004f04be00ef
:106774000080fa00000006001000fa00700798007c
:10678400f17c2b007e009000f6cf02000100000097
:10679400000f78001e007800fe009000808040000a
:1067a40090648100d29c0200010000001e0f400092
:1067b4001e007800fe00900000804000b17d2b0098
:1067c400f6cf0200010000001e0f40001e007800fa
:1067d400fe00900080804000a0648100d29c0200f2
:1067e400010000001e0f40001e007800fe00900013
:1067f40000804000217e2b00f6cf02000100000043
:106804001e0f40001e007800fe0090000080400033
:106814008000780040ce2000d29c020001000000dd
:106824001e0f40001e007800fe0090000080400013
:10683400917e2b00f6cf0200010000001e0f4000e5
:106844001e007800fe00900080804000c06481003b
:10685400d29c0200010000001e0f40001e007800c0
:10686400fe00900000804000f17e2b00f6cf020075
:10687400010000001e0f40001e007800fe00900082
:1068840080804000e0648100d29c0200010000008e
:106894001e0f40001e007800fe00900000804000a3
:1068a400517f2b00f6cf0200010000001e0f4000b4
:1068b4001e007800fe00900080804000d0648100bb
:1068c400d29c0200010000001e0f40001e00780050
:1068d400fe00900000804000b17f2b00f6cf020044
:1068e400010000001e0f40001e007800fe00900012
:1068f4000080400021802b00f6cf02000100000040
:106904001e0f40001e007800fe00900080804000b2
:10691400f0648100d29c0200010000001e0f4000c0
:1069240000ca220010407800e14f500008003a00ed
:106934001e007800fe0090000080400081802b0043
:10694400f6cf0200010000001e0f400007003700d0
:106954001e007800fe00900000804000e1802b00c3
:10696400f6cf0200010000001e0f4000d03380006b
:10697400640060000000e000080032001e0078009f
:10698400fe00900000804000b16e2b00f6cf0200a4
:10699400010000001e0f4000070037001e007800b1
:1069a400fe00900000804000916e2b00f6cf0200a4
:1069b400010000001e0f4000d0338000680060001a
:1069c4000000e000080032001e007800fe00900085
:1069d40000804000b16e2b00f6cf020001000000e1
:1069e4001e0f4000070037001e007800fe009000d4
:1069f40000804000916e2b00f6cf020001000000e1
:106a04001e0f40001e007800fe0090000080400031
:106a140041812b00f6cf0200010000001e0f400050
:106a2400b17080000e80e800811f7800c1812b00c6
:106a3400811f78009204020000000000e4875700e0
:106a44001e007800fe009000008040008e80e80068
:106a5400f6cf0200010000001e0f40001e00780067
:106a6400fe00900000804000f1812b00f6cf020070
:106a7400010000001e0f40001e007800fe00900080
:106a840080804000a0658100d29c020001000000cb
:106a94001e0f40001e007800fe00900000804000a1
:106aa40051822b00f6cf0200010000001e0f4000af
:106ab4001e007800fe00900080804000b0658100d8
:106ac400d29c0200010000001e0f40001e0078004e
:106ad400fe00900000804000b1822b00f6cf02003f
:106ae400010000001e0f40001e007800fe00900010
:106af40080804000c0658100d29c0200010000003b
:106b04001e0f40001e007800fe0090000080400030
:106b140021832b00f6cf0200010000001e0f40006d
:106b24001e007800fe00900080804000a0cb220070
:106b34001040780012c0b300a09e020001000000c3
:106b44001e0f4000000920009e007800808f500036
:106b540027003c001e007800fe00900000804000ea
:106b640071832b00f6cf0200010000001e0f4000cd
:106b74001e007800fe0090008080400030d7200086
:106b84001040780022c0b300a09e02000100000063
:106b94001e0f40001e007800fe00900000804000a0
:106ba40001842b00f6cf0200010000001e0f4000fc
:106bb4001e007800fe0090008080400020d7200056
:106bc4001040780022c0b300a09e02000100000023
:106bd4001e0f40001e007800fe0090000080400060
:106be40071842b00f6cf0200010000001e0f40004c
:106bf4000080fa00000006000000fa00f0b3200054
:106c0400ddfe0700f0b3200052d4020001000000b2
:106c140020712b0052d4020001000000f0b32000c8
:106c24008040eb00014878000080fa000000060074
:106c34000400fa0010079800a1842b001e009000a5
:106c4400f6cf020001000000000f78001e0078005b
:106c54009e0090000080400041852b00f6cf02008a
:106c6400010000001e0f4000420120008000eb00e4
:106c740000fe2000c80402000000000000fe200006
:106c840045ca220064ca22008001780042c1b300d0
:106c94004100200000cab300aa8e020001000000d7
:106ca40040ff20008040eb00014878001e0078007f
:106cb4009e0090000080400001fe2000f6cf0200fc
:106cc400010000001e0f400010398100e40f500045
:106cd4000c003200e50f500012003200e30f5000a8
:106ce40018003a001e0078009e00900000804000ca
:106cf400a1852b00f6cf0200010000001e0f40000a
:106d04001a0037001e0078009e00900000804000aa
:106d140031862b00f6cf0200010000001e0f400058
:106d2400120037001e0078009e0090000080400092
:106d340031862b00f6cf0200010000001e0f400038
:106d44000a0037001e0078009e00900080804000fa
:106d5400103981000040780022c0b300a09e0200d8
:106d6400010000001e0f4000000000001e0fe8009c
:106d74001e0078009e009000008040008040eb00e0
:106d8400014878000080fa00000006000800fa00bc
:106d940030079800a1842b003e009000f6cf02003b
:106da40001000000000f78001e007800be00900073
:106db4000080400041852b00f6cf02000100000056
:106dc4001e0f4000420120008000eb0000fe200066
:106dd400c80402000000000000fe200045ca220092
:106de40064ca22008001780042c1b300410020003f
:106df40000cab300aa8e02000100000040ff200078
:106e04008040eb00014878001e007800be0090002e
:106e14000080400001fe2000f6cf020001000000c7
:106e24001e0f40001e007800be009000008040004d
:106e3400a1862b00f6cf0200010000001e0f4000c7
:106e44001e007800be0090008080400080f1800029
:106e5400d29c0200010000001e0f40001e007800ba
:106e6400be0090000080400021872b00f6cf020076
:106e7400010000001e0f40001e007800be009000bc
:106e84008080400030668100d29c02000100000036
:106e94001e0f40001e007800be00900000804000dd
:106ea40041872b00f6cf0200010000001e0f4000b6
:106eb400a0f18000b1f18000e00f5000e08f580095
:106ec40025003200001281001112810042062000c8
:106ed4000289b900020178006002b90084017800d7
:106ee40003014100430620000300b80001014100f2
:106ef40082007800a2f18000b3f180001e04020039
:106f04000000000010079800210798001e0190005f
:106f1400ae0190004006200001002000800f5100c7
:106f2400818f590004003600400620000100200033
:106f340010079800210798001e007800be009000fa
:106f4400808040001e009000d29c020001000000de
:106f54001e0f4000080037001e007800be0090009d
:106f640000804000800078000000eb00d29c02000a
:106f7400010000001e0f40001e007800be009000bb
:106f840000804000a1872b00f6cf02000100000022
:106f94001e0f40001e0fe8001e007800be00900087
:106fa400008040008040eb00014878000080fa0037
:106fb400000006000400fa0010079800c1872b00a7
:106fc4001e009000f6cf020001000000000f7800c0
:106fd40071f1800000802000008060000000e0006b
:106fe400080032001e0078009e00900000804000df
:106ff40051882b00f6cf0200010000001e0f400054
:10700400070037001e0078009e00900000804000ba
:10701400b1882b00f6cf0200010000001e0f4000d3
:1070240070f180004c00de00674060000080fb00cf
:10703400e30f50001e003200e30f500005003c0037
:10704400e10f50000a003200e20f5000100032003d
:1070540037003700e50f500025003200e50f5000df
:107064001b003500e60f50002900320030003700c5
:107074001e0078009e0090000080400001892b00d3
:10708400f6cf0200010000001e0f40002800370068
:107094001e0078009e0090000080400081892b0033
:1070a400f6cf0200010000001e0f40002000370050
:1070b4001e0078009e00900000804000618a2b0032
:1070c400f6cf0200010000001e0f40001800370038
:1070d4001e0078009e00900000804000318b2b0041
:1070e400f6cf0200010000001e0f40001000370020
:1070f4001e0078009e00900000804000218c2b0030
:10710400f6cf0200010000001e0f40000800370007
:107114001e0078009e00900000804000118d2b001e
:10712400f6cf0200010000001e0f40000000000026
:107134001e0078009e00900000804000e18d2b002e
:10714400f6cf0200010000001e0f40001e00780070
:107154009e0090008080400090f18000d29c02004c
:10716400010000001e0f40001e0078009e009000e9
:1071740000804000018e2b00f6cf020001000000c9
:107184001e0f40001e0078009e009000008040000a
:10719400e1d42100f6cf0200010000001e0f4000e0
:1071a4001e0078009e00900000804000e1d821007d
:1071b400f6cf0200010000001e0f400060ea8000cc
:1071c4000000e0000e0032001e0078009e009000d7
:1071d40000804000e18e2b00f6cf02000100000089
:1071e4001e0f40001e0078009e009000808040002a
:1071f40060ea8000d29c0200010000001e0f4000e3
:107204001e0fe8001e0078009e00900000804000e1
:107214008040eb00014878000080fa00000006007e
:107224000200fa00004f780040da20001040780095
:107234009e4f50000300320040da20001e487800c0
:1072440046fc07000080fa00000006000400fa0073
:1072540020479800ae40900060da20000148780092
:10726400ae40900030c6b30080cf500002003a0018
:107274000040eb0020479800b06d80006f40600034
:107284008080fb0060da200000804000ae40900067
:1072940011409800b06d80006f4060000040e8002d
:1072a4006f4060000080fb006f006000b26d8000e2
:1072b40001ff2f008100610001007000b06d8800a3
:1072c400b06d80006f4060000080fb00e70f50004d
:1072d40005003c00b16d80000002200000806000c9
:1072e4000000e0005a003200f0da20008040eb0099
:1072f400014878000040eb00004f78000b00370095
:10730400f0da2000904078001e80fb006401400009
:1073140020da2000000041001040900080c04000ae
:10732400f0da2000014878001e4fe8001e40780083
:10733400e74f5000f2ff3600f0da200010407800ea
:107344000080fb004300de0080407800f0da20007b
:1073540001487800b06d80006f4060000080fb0041
:10736400e70f500007003400b16d800000ff2f00cc
:1073740000806000b06d8800b06d80000050a000f7
:10738400b06d8800b16d80000002200000806000b4
:107394000000e0002e003200f0da200010407800f7
:1073a400e84f500004003600f0da20001040780066
:1073b400ff4f50000c003600b16d80000004200027
:1073c400008060000000e000030032008040eb0019
:1073d400100020000cfc0700b06d80000060a000cd
:1073e400b06d88001a003700f0da20009040780071
:1073f40030c6b30080cf500007003a008040eb0055
:107404001000200000fc0700008f2b0052d4020063
:10741400010000000e003700f0da20001040780070
:10742400ee4f500007003600f0da200010407800dc
:10743400ff4f500003003e008040eb00100020008e
:10744400d8fb0700b06d80000060a100b06d88001b
:1074540060da200010407800e54f50001b00340033
:1074640060da20009040780020c6b30080cf50003e
:1074740016003c00b06d8000700060000000e00069
:1074840012003a00e0802000104078000004e00080
:107494000e003a00b06d80000040a000b06d88007e
:1074a400e080200031c8b30001487800008120004a
:1074b40041c0b30001487800b6d4020001000000c6
:1074c40060912b0052d40200010000000080fa00f9
:1074d400000006000200fa00004f780000db2000e4
:1074e4001e48780050da200010407800e44f500025
:1074f40006003a0000db200090407800a02e210016
:107504001040780080cf50000a00310050da20008b
:1075140010407800e34f50000d003a0000db2000db
:1075240090407800b02e21001040780080cf5000a9
:107534000700390050da200010407800e44f500072
:1075440003003a00b06d80000070a000b06d8800a8
:107554000080fa00000006000200fa00004f7800e4
:1075640020db20001e487800102f21001e487800e0
:1075740050da200010407800e44f500009003a002f
:1075840020db200090407800c02e210010407800bd
:1075940080cf500003003100b06d80000070a00067
:1075a400b06d88000080fa00000006000200fa00b6
:1075b400004f780010db20001e487800202f2100a7
:1075c4001e48780050da200010407800e44f500044
:1075d40009003a0010db200090407800d02e2100f2
:1075e4001040780080cf500003003100b06d80005f
:1075f4000070a000b06d88000080fa000000060052
:107604000200fa00004f780040db20001e4878009a
:10761400202f21001e4878000080fa000000060098
:107624000200fa00004f780030db20001e4878008a
:107634000080fa00000006001400fa0070079800a9
:10764400010f9800120f980051922b007e009000b9
:10765400f6cf020001000000000f78001e00780041
:10766400fe00900000804000800078000e0890002a
:10767400d29c0200010000001e0f40001e00780092
:10768400fe00900000804000e18e2b00f6cf020047
:10769400010000001e0f40001e0890007e005000f4
:1076a4009e0f50001f003400701d2200104078000f
:1076b400e34f500008003a001e007800fe009000de
:1076c40000804000d11b2200f6cf02000100000020
:1076d4001e0f400013003700501f22001040780096
:1076e4000004e000080032001e007800fe00900054
:1076f40000804000b11d2200f6cf0200010000000e
:107704001e0f4000070037001e007800fe009000a6
:1077140000804000c1922b00f6cf0200010000005f
:107724001e0f40001e089000690050009e0f50007c
:10773400300034001e007800fe00900000804000fd
:10774400e18e2b00f6cf0200010000001e0f400066
:107754009cb3020001000000204798002e409000d6
:107764000000fb00e10f50000a003200e20f50005d
:107774000e0032000000e00012003a001e00780003
:10778400fe00900000804000e1c4b300014878008e
:10779400120037001e007800fe00900000804000b8
:1077a40031c5b300014878000c0037001e00780092
:1077b400fe00900000804000f1c4b300014878004e
:1077c400060037001e007800fe0090000080400094
:1077d400f1c3b30001487800000000001e0fe80068
:1077e4001e007800fe009000008040008040eb0006
:1077f400014878001e089000690050009e0f500058
:10780400100034001e007800fe009000008040004c
:10781400e18e2b00f6cf0200010000001e0f400095
:107824001e007800fe0090008080400040e9800047
:107834000040780032c0b300a09e020001000000a6
:107844001e0f40001e089000690050009e0f50005b
:10785400100034001e007800fe00900000804000fc
:10786400e18e2b00f6cf0200010000001e0f400045
:107874001e007800fe00900080804000906581002a
:107884000040780032c0b300a09e02000100000056
:107894001e0f40001e089000690050009e0f50000b
:1078a400100034001e007800fe00900000804000ac
:1078b400e18e2b00f6cf0200010000001e0f4000f5
:1078c4001e007800fe0090008080400060da2000f6
:1078d4001040780022c0b300a09e02000100000006
:1078e4001e0f4000b16d8000000220000080600087
:1078f4000000e000150032001e08900069005000ee
:107904009e0f5000110034001e007800fe0090000d
:1079140000804000e18e2b00f6cf02000100000041
:107924001e0f40001e007800fe0090008080400082
:10793400f0da20001040780022c0b300a09e0200bc
:10794400010000001e0f4000070037001e007800f1
:10795400fe00900000804000e1922b00f6cf020070
:10796400010000001e0f40001e0890006900500036
:107974009e0f50000d0034001e007800fe009000a1
:1079840000804000e18e2b00f6cf020001000000d1
:107994001e0f40001e007800fe0090000080400092
:1079a400fbf707000080fb001e0f40001e0890003c
:1079b400690050009e0f50000d0034001e00780036
:1079c400fe00900000804000e18e2b00f6cf020004
:1079d400010000001e0f40001e007800fe00900011
:1079e400008040002ff807000080fb001e0f4000bd
:1079f4001e089000690050009e0f500010003400d3
:107a04001e007800fe00900000804000e18e2b00f4
:107a1400f6cf0200010000001e0f40001e00780097
:107a2400fe0090008080400000cb220010407800cf
:107a34000041eb00a09e0200010000001e0f400068
:107a44001e089000690050009e0f50001b00340077
:107a54001e007800fe00900000804000e18e2b00a4
:107a6400f6cf0200010000001e0f4000f0d82000f5
:107a740090407800a0c5b30080cf500008003a00c1
:107a84001e007800fe00900000804000916e2b00e4
:107a9400f6cf0200010000001e0f4000070037006f
:107aa4001e007800fe00900000804000b16e2b00a4
:107ab400f6cf0200010000001e0f40001e089000d7
:107ac400690050009e0f5000100034001e00780022
:107ad400fe00900000804000e18e2b00f6cf0200f3
:107ae400010000001e0f40001e007800fe00900000
:107af4008080400000d92000104078000041eb0055
:107b0400a09e0200010000001e0f40001e0078002d
:107b1400fe00900000804000e18e2b00f6cf0200b2
:107b2400010000001e0f40001e007800fe009000bf
:107b34008080400030052100104078000041eb00b7
:107b4400a09e0200010000001e0f40001e089000cd
:107b5400690050009e0f5000100034001e00780091
:107b6400fe00900000804000e18e2b00f6cf020062
:107b7400010000001e0f40001e007800fe0090006f
:107b840080804000509e2200104078000041eb00ad
:107b9400a09e0200010000001e0f40001e0890007d
:107ba400690050009e0f5000100034001e00780041
:107bb400fe00900000804000e18e2b00f6cf020012
:107bc400010000001e0f40001e007800fe0090001f
:107bd40080804000709e2200104078000041eb003d
:107be400a09e0200010000001e0f40001e0890002d
:107bf400690050009e0f5000100034001e007800f1
:107c0400fe00900000804000e18e2b00f6cf0200c1
:107c1400010000001e0f40001e007800fe009000ce
:107c24008080400050da2000104078000041eb00d2
:107c3400a09e0200010000001e0f40001e089000dc
:107c4400690050009e0f5000130034001e0078009d
:107c5400fe00900000804000e18e2b00f6cf020071
:107c6400010000001e0f40001e007800fe0090007e
:107c74000080400041da20009140780001487800fb
:107c84001e0fe8001e007800fe00900000804000f7
:107c94008040eb00014878001e0890006b00500003
:107ca4009e0f50000e0034001e007800fe0090006d
:107cb40000804000e18e2b00f6cf0200010000009e
:107cc4001e0f40001e007800fe00900080804000df
:107cd400a0978000d29c0200010000001e0f40000b
:107ce4001e0890006a0050009e0f50004c013500a1
:107cf4001e007800fe00900000804000e18e2b0002
:107d0400f6cf0200010000001e0f40001e007800a4
:107d1400fe0090008080400090648100d29c0200ac
:107d2400010000001e0f40001e0890006a00500071
:107d34009e0f50003c0135001e007800fe009000ac
:107d440000804000e18e2b00f6cf0200010000000d
:107d54001e0f40001e007800fe009000808040004e
:107d6400a0648100d29c0200010000001e0f4000ac
:107d74001e0890006a0050009e0f50002c01350030
:107d84001e007800fe00900000804000e18e2b0071
:107d9400f6cf0200010000001e0f40001e00780014
:107da400fe009000008040008000780040ce20005b
:107db400d29c0200010000001e0f40001e0890002b
:107dc4006a0050009e0f50001b0135001e00780011
:107dd400fe00900000804000e18e2b00f6cf0200f0
:107de400010000001e0f40001e007800fe009000fd
:107df40080804000c0648100d29c02000100000029
:107e04001e0f40001e0890006a0050009e0f500094
:107e14000b0135001e007800fe0090000080400039
:107e2400e18e2b00f6cf0200010000001e0f40007f
:107e34001e007800fe00900080804000e064810015
:107e4400d29c0200010000001e0f40001e0890009a
:107e54006a0050009e0f5000fb0035001e007800a1
:107e6400fe00900000804000e18e2b00f6cf02005f
:107e7400010000001e0f40001e007800fe0090006c
:107e840080804000d0648100d29c02000100000088
:107e94001e0f40001e0890006a0050009e0f500004
:107ea400eb0035001e007800fe00900000804000ca
:107eb400e1922b00f6cf0200010000001e0f4000eb
:107ec4001e007800fe00900000804000e18e2b0030
:107ed400f6cf0200010000001e0f40001e007800d3
:107ee400fe00900080804000f0648100d29c02007b
:107ef400010000001e0f40001e0890006a005000a0
:107f04009e0f5000d400350000ca220010407800b3
:107f1400e14f500008003a001e007800fe00900077
:107f24000080400011932b00f6cf020001000000f6
:107f34001e0f4000070037001e007800fe0090006e
:107f440000804000e1922b00f6cf02000100000007
:107f54001e0f4000d0338000640060000000e00089
:107f6400080032001e007800fe00900000804000ef
:107f7400b16e2b00f6cf0200010000001e0f40007e
:107f8400070037001e007800fe00900000804000cb
:107f9400916e2b00f6cf0200010000001e0f40007e
:107fa400d0338000680060000000e0000800320068
:107fb4001e007800fe00900000804000b16e2b008f
:107fc400f6cf0200010000001e0f4000070037003a
:107fd4001e007800fe00900000804000916e2b008f
:107fe400f6cf0200010000001e0f40001e089000a2
:107ff4006a0050009e0f5000990035001e00780062
:10800400fe00900000804000e18e2b00f6cf0200bd
:10801400010000001e0f4000b17080000e80e800d7
:10802400811f7800c1812b00811f78009204020017
:1080340000000000e48757001e007800fe00900056
:10804400008040008e80e800f6cf020001000000ae
:108054001e0f40001e0890006a0050009e0f500042
:10806400810035001e007800fe0090000080400072
:10807400e18e2b00f6cf0200010000001e0f40002d
:108084001e007800fe00900080804000a065810002
:10809400d29c0200010000001e0f40001e08900048
:1080a4006a0050009e0f5000710035001e007800d9
:1080b400fe00900000804000e18e2b00f6cf02000d
:1080c400010000001e0f40001e007800fe0090001a
:1080d40080804000b0658100d29c02000100000055
:1080e4001e0f40001e0890006a0050009e0f5000b2
:1080f400610035001e007800fe0090000080400002
:10810400e18e2b00f6cf0200010000001e0f40009c
:108114001e007800fe00900080804000c065810051
:10812400d29c0200010000001e0f40001e089000b7
:108134006a0050009e0f5000510035001e00780068
:10814400fe00900000804000e18e2b00f6cf02007c
:10815400010000001e0f40001e007800fe00900089
:1081640080804000a0cb22001040780012c0b300f1
:10817400a09e0200010000001e0f40001e08900097
:108184006a0050009e0f50003f0035001e0078002a
:10819400fe00900000804000e18e2b00f6cf02002c
:1081a400010000001e0f40001e007800fe00900039
:1081b4008080400030d720001040780022c0b300f7
:1081c400a09e0200010000001e0f40001e08900047
:1081d4006a0050009e0f50002d0035001e007800ec
:1081e400fe00900000804000e18e2b00f6cf0200dc
:1081f400010000001e0f40001e007800fe009000e9
:108204008080400020d720001040780022c0b300b6
:10821400a09e0200010000001e0f40001d00370058
:10822400000000001b0037000000000019003700a8
:1082340000000000170037000000000015003700a0
:108244000000000013003700000000001100370098
:10825400000000000f003700000000000d00370090
:10826400000000000b003700000000000900370088
:108274000000000007003700000000000500370080
:108284000000000003003700000000000100370078
:10829400000000000080fa00000006001600fa004a
:1082a4000e80e80001202c00f6cf0200010000003f
:1082b400000f78001e0078008e80e80000804000e7
:1082c400ca2c0200010000000080fb001e0f4000c9
:1082d4001e0078008e80e8000080400091202c0071
:1082e400f6cf0200010000001e0f40000e80e800df
:1082f40052d40200010000000080fa0000000600d1
:108304000200fa00e0042100c49002000100000011
:1083140030012000000f78001e0078000000e90002
:10832400c200dd0060ff2000808040001e00780055
:108334004201dd0060ff20000000410042002000f7
:10834400ba040200000000001e0fe9001e007800bd
:108354000000e000f0ff3c00100521001040780010
:108364008040780090ff200001487800e00421005c
:10837400104078008040780060ff200001487800b9
:10838400f0042100104078008040780070ff200045
:1083940001487800000521001040780080407800f2
:1083a40080ff2000014878000080fa0000000600e9
:1083b4006800fa00509a80008000eb00a20c2000b4
:1083c40003002000820f5000838f580097063e0060
:1083d40000600100ca0037000e013700ce013700eb
:1083e400040237006a023700900637008f06370010
:1083f4008e0637008d0637008c063700d60237000c
:108404004e0337005c033700c0033700fe03370018
:10841400c5043700f8043700840637000505370023
:108424002805370036053700740537008c053700fa
:10843400940537007d0637007c0637007b0637003d
:108444007a06370079063700780637007706370052
:108454007606370075063700740637007306370052
:108464004002370071063700700637006f06370088
:108474006e0637006d0637006c0637006b06370052
:108484006a06370069063700680637006706370052
:108494006606370065063700640637006306370052
:1084a4006206370061063700600637005f06370052
:1084b4005e0637005d0637005c0637005b06370052
:1084c4005a06370059063700580637005706370052
:1084d4005606370055063700540637005306370052
:1084e4005206370051063700500637004f06370052
:1084f4004e0637004d0637004c0637004b06370052
:108504004a06370049063700480637004706370051
:108514004606370045063700440637004306370051
:108524004206370041063700400637003f06370051
:108534003e0637003d0637003c0637006405370029
:108544003a06370039063700380637003706370051
:108554003606370035063700340637003306370051
:10856400320637007a053700a7053700b50537000e
:10857400f70537001b0637002c0637002b0637009b
:108584002a0637002606370028063700a4023700db
:10859400ce023700250637002406370023063700ad
:1085a400d103370007043700150437004c043700a3
:1085b4001e0637001d0637001c0637001b06370051
:1085c4001a06370019063700180637001706370051
:1085d4001606370015063700140637001306370051
:1085e4001206370011063700100637000f06370051
:1085f4000e0637000d0637000c0637000b06370051
:108604000a06370009063700080637000706370050
:108614000606370005063700040637000306370050
:10862400020637000106370000063700ff05370051
:10863400fe053700fd053700fc053700fb05370054
:10864400fa053700f9053700f8053700f705370054
:10865400f6053700f5053700f4053700f305370054
:10866400f2053700f1053700f0053700ef05370054
:10867400ee053700ed053700ec053700eb05370054
:10868400ea053700e9053700e8053700e705370054
:10869400e6053700e5053700e4053700e305370054
:1086a400e2053700e1053700e0053700df05370054
:1086b400de053700dd053700dc053700db05370054
:1086c400da053700d9053700d8053700d705370054
:1086d400d6053700d5053700d4053700d305370054
:1086e400d2053700d1053700d0053700cf05370054
:1086f400ce053700cd0537001d02370029023700ab
:10870400c0dc200045ca220064ca2200800178002f
:1087140022c0b300b101200000cab300aa8e020037
:1087240001000000e0dc20008040eb0001487800fc
:10873400c08222008040eb0001487800d0822200f1
:108744008040eb0001487800b6d40200010000002c
:10875400b0202c0052d4020001000000c0dc200034
:10876400104078000041eb00c1c82000a09e020028
:1087740001000000c0c8200052d402000100000023
:1087840080212c0052d4020001000000d0dc200023
:10879400104078000041eb00c1c82000a09e0200f8
:1087a40001000000c0c8200052d4020001000000f3
:1087b40090202c0052d402000100000090052100fa
:1087c400104078000004e0000b003a00a0052100ee
:1087d400104078000004e00007003a00c0052100c2
:1087e400104078000004e00003003a006005210016
:1087f400c4900200010000006005210010407800d0
:108804008040780050852200014878001000200044
:10881400509a8800e0042100c49002000100000086
:1088240050852200104078008080fb00e004210085
:10883400104078000000fb00808f50000b003200d5
:10884400e004210010407800804078005085220028
:1088540001487800a0978000e10f40000300320037
:10886400a09780000000e800a0978800e0042100a1
:1088740010407800e14f500039003c004085220050
:10888400104078000004e00038003a00a01b2200e9
:1088940090407800b01b220001487800a01b220001
:1088a4008040eb0001487800409e22009040780010
:1088b400509e220001487800409e22008040eb0038
:1088c40001487800609e220090407800709e22004b
:1088d40001487800609e22008040eb000148780047
:1088e400809e220090407800909e220001487800eb
:1088f400809e22008040eb0001487800a201200005
:10890400212b2100c02c2100ba0402000000000029
:10891400a20120008000eb00202b2100c8040200eb
:1089240000000000f0ff270020968800802c210022
:10893400a1c5b30001487800902c2100a1c5b30063
:1089440001487800a02c2100a1c5b300014878009b
:108954004085220011c0b3000148780003003700ad
:10896400408522008040eb0001487800002b210064
:10897400104078000080fb00620060000000e0000e
:108984001e003200d0dc2000104078000002fb0002
:10899400c0dc2000104078008001fb00f0042100be
:1089a400104078000001fb00e00421001040780032
:1089b4008000fb000e80e800841f7800831f78008d
:1089c400821f7800811f7800a1212c00811f78006c
:1089d40071222c00811f780041062000440402000b
:1089e40000000000ec8757000040eb0060e79800af
:1089f4000e80e80052d4020001000000e0042100cf
:108a040090407800c0dc20001040780080cf5000f7
:108a14001e003a00f004210090407800d0dc2000d1
:108a24001040780080cf500018003500f004210079
:108a3400104078008000fb00d0dc2000104078005b
:108a44000000fb0063004000808f50000f003c00da
:108a5400c0822200104078000004e0001e003a00aa
:108a6400e0dc20008040eb0001487800b6d402002e
:108a74000100000060242c0052d402000100000018
:108a840020002000509a880013003700c082220082
:108a9400104078000004e0000f003200c082220081
:108aa4008040eb0001487800e0d8200010407800b6
:108ab4000004e00008003d00a00d22009040780072
:108ac40050c3b30080cf500003003a0010ad220021
:108ad40021c0b30001487800e0dc20001040780099
:108ae4000080fb00630060000000e0000200320030
:108af40020002000509a8800509a8000e10f500016
:108b0400d2043a00017d200090c0b300ee6602005a
:108b1400010000000605370080bb210010407800ea
:108b2400e14f50002e003a00d02a21001040780076
:108b34000004e0002a003a00409b80000000e000ae
:108b440027003a00109b80000000e00024003a0057
:108b5400709b80000000e00021003a0050d7200004
:108b6400104078000004e0001d003a0050d82000b6
:108b7400104078000004e00019003a0040c5b3003a
:108b8400dab4020001000000108120008040eb00f4
:108b940001487800c082220011c0b3000148780067
:108ba40090d5200011c0b30001487800f080200067
:108bb40001c6b3000148780040c5b3001239020071
:108bc40001000000004f8100114f810040418900e5
:108bd4005141890030002000509a8800d4043700a5
:108be400813e200090c0b300ee6602000100000048
:108bf400cf04370080bb210010407800e14f5000c3
:108c040046003a00409b80000000e00043003a0028
:108c1400109b80000000e00040003a00709b800040
:108c24000000e0003d003a0050d7200010407800da
:108c34000004e00039003a0050d8200010407800c9
:108c44000004e00035003a00801f22001000780084
:108c5400610060000000e00030003a00801f220044
:108c640010007800620060000000e0002b00320079
:108c7400801f2200f040900040c5b30080cf500018
:108c840026003a0040c5b30012390200010000007a
:108c9400b0252c0052d402000100000090d5200021
:108ca40011c0b3000148780000dd200011c0b300fa
:108cb4000148780010dd20008040eb000148780076
:108cc400c05d2000906e8800e08422008040eb00ac
:108cd40001487800f08422008040eb0001487800cd
:108ce400106d800090428900e0dc20001040780084
:108cf4000080fb00680060000000e000010032001a
:108d040066fd070030022000509a8800c028210028
:108d140021c3b3000148780085043700c15d2000f9
:108d240090c0b300ee66020001000000801f220024
:108d340010007800610060000000e00045043a0083
:108d4400801f2200f040900040c5b30080cf500047
:108d54004204320040c5b300dab40200010000004e
:108d64007304370010dd2000104078000004e00098
:108d740004003a00c0282100104078000004e000fc
:108d840038043a0040002000509a880068043700f4
:108d9400e0842200104078008040e800e084220053
:108da400014878002103200090c0b300ee66020061
:108db40001000000b0358000640060000000e000a5
:108dc40005003a00d0842200104078008040e8007a
:108dd400d084220001487800d0842200104078001a
:108de400e94f500004003e00e0d620001040780017
:108df400e14f50001a003a00d08422008040eb007a
:108e040001487800b6d4020001000000a0262c001e
:108e140052d4020001000000a0002000509a8800f3
:108e240011c0b30000022000d43102000100000090
:108e3400f080200010407800804078000104a000f9
:108e4400f080200001487800f08020001040780075
:108e5400804078000164a100f0802000014878007f
:108e6400e084220010407800e64f4000ff03360003
:108e7400c082220010407800e24f50000c003e00f7
:108e8400b6d402000100000040272c0052d4020096
:108e940001000000017d200090c0b300ee660200d6
:108ea4000100000030002000509a880024003700a0
:108eb40020282c0052d4020001000000e0d620003b
:108ec40010407800e14f500011003a0011c0b30087
:108ed40000022000d431020001000000f0802000d4
:108ee40010407800804078000104a000f080200049
:108ef40001487800f080200010407800804078001d
:108f04000164a100f0802000014878000a003700c5
:108f140011c0b3000002200006320200010000006c
:108f2400f080200010407800804078000164a100a7
:108f3400f080200001487800a0002000509a8800aa
:108f4400c0822200104078008040e800c0822200e5
:108f540001487800f6033700c0282c0052d40200e0
:108f640001000000900c2000509a8800f0033700a4
:108f7400309980000000e000040032003199800044
:108f8400900f2000808f5000ba033600a00c200000
:108f9400509a8800a0292c0052d40200010000003d
:108fa400e303370020c5b3001239020001000000ba
:108fb40090d520008040eb0001487800f08020002c
:108fc40010407800804078000174a000f0802000f8
:108fd4000148780020ad2200104078000004e00031
:108fe40006003200902a2c0052d402000100000036
:108ff400e0062000509a880005003700802b2c00e2
:1090040052d4020001000000f0062000509a8800ab
:10901400c028210021c3b30001487800c4033700ed
:1090240020498100610060000000e00020003a0057
:10903400d0ae2200104078000004e00009003200a5
:10904400702c2c0052d4020001000000106d80002e
:109054008000780020ad2200622c02000100000094
:109064000c003700f02c2c0052d402000100000048
:10907400c0ae22001040780080407800106d80005f
:10908400014178008000780020ad22007e2c02008f
:1090940001000000c20120008000eb0020ad22008e
:1090a400c804020000000000f0062000509a880066
:1090b400c0282100104078000004e0006f033a004b
:1090c400f0062000509a880099033700e0822200bd
:1090d4008040eb0001487800e0dc2000104078007c
:1090e4000080fb00620060000000e000030032002a
:1090f40010002000509a880005003700b02d2c0085
:1091040052d4020001000000c0002000509a8800e0
:10911400e0dc2000104078000080fb006800600064
:109124000000e000010032005cfc0700e0dc2000ed
:109134008040eb00014878007d033700e082220084
:10914400104078008040e800e08222000148780066
:10915400e082220010407800e94f500003003600fe
:1091640020012000509a880071033700c0002000bd
:10917400509a88006e033700e08222001040780085
:109184000080fb0050428900504281004600dd000f
:1091940050428900504281001004b00050428900be
:1091a400504281000080e80045ca220064ca2200bf
:1091b4001385220012c0b3008000780000cab300f7
:1091c400aa8e020001000000108522009040780061
:1091d40000c8b30080c06000c08422000148780049
:1091e400b0002000509a88001085220010407800ba
:1091f4000080fb00700060000000e00021033200ea
:10920400920120008000eb00f0822200c8040200da
:1092140000000000f18222005042810072004000f0
:1092240044ca220063ca2200010178008000780049
:1092340000cab3008ece0200010000008084220028
:109244008040eb0001487800f08222001040780052
:109254000004e0000d033200f0822200e8d0020096
:10926400010000000000e0000a033200c0282100d1
:1092740021c3b30001487800116d80009042810041
:10928400808f50000b003200116d800090428100ed
:10929400808f50001a0032001085220010407800a0
:1092a4008080fb0000042000008060000000e000db
:1092b40013003a00d0ac2200104078008080fb00fc
:1092c40030052100104078000000fb000088de001b
:1092d40061006000004078000004e00008003200f3
:1092e40010c0b300cc260200010000000004e0001e
:1092f40003003200d0002000509a88000c0337008d
:1093040030072000509a880009033700f0822200b9
:10931400104078000004e00032003200204981004f
:10932400610060000000e00030003a00d0ac220090
:10933400104078008080fb00300521001040780048
:109344000000fb000088de0061006000004078003f
:109354000004e0000f003200c084220010407800b6
:1093640080407800106d8000014178008000780012
:10937400f08222007e2c020001000000e0002000a8
:10938400509a8800c028210021c3b3000148780006
:1093940016003700c028210021c3b300014878001b
:1093a400d0ac2200104078000004e00003003d002f
:1093b40030072000509a88000c003700c0ac22000f
:1093c400104078000004e00003003d005007200036
:1093d400509a880005003700f0002000509a880059
:1093e40002003700b0002000509a8800c0282100f5
:1093f400104078000004e000a8023a00b000200009
:10940400509a8800ca0237002049810061406000f8
:109414000080fb00610060000000e0002b003a00c7
:10942400c028210021c3b30001487800c084220071
:10943400104078000004e0000a003a00f0ac22007a
:10944400104078008080fb00300521001040780037
:109454000000fb000088de00610060000000e00006
:1094640003003a00b0002000509a8800170037002b
:10947400c028210021c3b30001487800d0ac2200e9
:10948400104078000004e00003003d003007200095
:10949400509a880009003700c0ac220010407800c0
:1094a4000004e00003003d0050072000509a8800ab
:1094b40002003700f0002000509a8800813e20000e
:1094c40090c0b300ee66020001000000c028210035
:1094d400104078000004e00072023a00b00020005e
:1094e400509a880092023700f082220010407800df
:1094f4000004e0002a003200d0ac220010407800c2
:109504000004e00026003d0010c0b300cc26020099
:10951400010000000004e000210032002049810025
:10952400610060000000e0001f003a00b6d40200b1
:1095340001000000702e2c0052d402000100000033
:10954400f0822200b42c0200010000000004e000bc
:109554000600320040072000509a8800c0282100ed
:1095640021c3b300014878000f003700c0ac2200cb
:10957400104078000004e00003003d005007200084
:10958400509a880002003700f0002000509a8800aa
:10959400c028210021c3b30001487800020037002d
:1095a40050072000509a8800c028210010407800fd
:1095b4000004e0003d023a0050072000509a880061
:1095c4005b02370020498100614060000080fb009d
:1095d400610060000000e00002003a005007200033
:1095e400509a8800c0282100104078000004e00050
:1095f40030023a00b0002000509a88004c02370034
:10960400f0822200104078000004e00025003200bf
:10961400c0ac2200104078000004e00021003d00ae
:1096240010c0b300cc260200010000000004e000da
:109634001c00320020498100610060000000e0004d
:109644001d003a00b6d4020001000000002f2c00d7
:1096540052d4020001000000106d800080007800e8
:10966400f0822200622c0200010000000004e000ed
:109674000600320060072000509a8800c0282100ac
:1096840021c3b300014878000b003700f00020002c
:10969400509a8800c028210021c3b30001487800f3
:1096a40005003700f0002000509a8800c0282100ef
:1096b40021c3b30001487800c0282100104078007d
:1096c4000004e000fd013a00f0002000509a8800f8
:1096d400c028210021c3b3000148780014023700d8
:1096e40020498100614060000080fb00610060004f
:1096f4000000e00005003a00f0002000509a8800c5
:10970400c028210021c3b30001487800c0282100eb
:10971400104078000004e000ea013a00b0002000a4
:10972400509a880002023700f0822200104078002c
:109734000004e00027003200f0ac22001040780062
:109744008080fb0030052100104078000000fb0001
:109754000088de0061006000004078000004e00042
:109764001c00320010c0b300cc260200010000002f
:109774000004e0001700320020498100610060000d
:109784000000e00015003a00b6d402000100000019
:10979400902f2c0052d4020001000000f08222001d
:1097a4009e2c0200010000000004e00006003200cc
:1097b40000012000509a8800c028210021c3b30072
:1097c4000148780005003700b0002000509a880056
:1097d40002003700b0002000509a8800c028210001
:1097e400104078000004e000b8013a00b000200006
:1097f400509a8800ce013700204981006140600002
:109804000080fb00610060000000e00002003a00fc
:10981400b0002000509a8800c02821001040780031
:109824000004e000ab013a00b0002000509a880028
:10983400bf013700320020008000eb0080db2000f5
:10984400c80402000000000080db200045ca22009a
:1098540064ca22008001780032c0b3008101200074
:1098640000cab300aa8e020001000000b0db200091
:109874008040eb000148780080db200090407800b5
:10988400f0c2b30080cf50000b00340080db200016
:109894009040780090c3b30080cf500006003c0095
:1098a40040012000509a8800e08222008040eb00b2
:1098b400014878009e013700a0052000509a8800d6
:1098c4009b013700e0822200104078008040e800cd
:1098d400e082220001487800e082220010407800f3
:1098e400e94f500003003600a0052000509a88007c
:1098f4008f01370040012000509a88008c01370006
:10990400e0822200104078000080fb005042890071
:10991400504281004600dd005042890050428100df
:109924001004b000504289005042810045ca220010
:1099340064ca22008e01780012c0b300800078004f
:1099440000cab300aa8e020001000000300120000a
:10995400509a88001e4078000080fb00610060007f
:10996400004078000004e0005c0132009201200015
:109974008000eb00f0822200c80402000000000016
:10998400f1822200504281006300400044ca220058
:1099940063ca2200010178008000780000cab30085
:1099a4008ece020001000000808422008040eb0083
:1099b40001487800f0822200e8d002000100000093
:1099c4000000e00047013200504281000000e8003e
:1099d40045ca220064ca22000385220012c0b300d3
:1099e4008000780000cab300aa8e020001000000c3
:1099f40050012000509a88004d01370010d92000f2
:109a0400104078000080fb00610060000040780096
:109a14000004e00035013200e082220010407800aa
:109a24008040e80000852200104078008043eb006d
:109a340036c0b3008042eb00014278008041eb0065
:109a44000041780021c0b300f082220018500200c7
:109a54000100000060012000509a880034013700a2
:109a640010d92000104078000080fb0062006000e4
:109a74000000e0001f01320070012000509a8800ad
:109a84002b01370010d92000104078008080fb00a3
:109a940000022000008060000000e00002003200ac
:109aa40030012000509a880010d92000104078001e
:109ab4008080fb0000042000008060000000e000c3
:109ac4000e01320030012000509a8800180137003e
:109ad40040062000509a8800c0ac22001040780054
:109ae4008080fb0030052100104078000000fb005e
:109af4000088de0061006000004078000004e0009f
:109b04000d00320010c0b300cc260200010000009a
:109b14000004e000fb00320010b3200021c0b300b9
:109b240001487800419c200090c0b300ee6602001a
:109b340001000000fe003700b6d40200010000005e
:109b440030302c0052d4020001000000f80037002d
:109b5400e0d82000104078000080fb006400600022
:109b64000000e00025003200e0ac22001040780044
:109b74008080fb0030052100104078000000fb00cd
:109b84000088de0061006000004078000004e0000e
:109b94001a00320010c0b300cc26020001000000fd
:109ba4000004e0001500320000cb220010407800d1
:109bb4008080fb0000022000008060000000e000c4
:109bc4000700320000cb2200104078000080fb0028
:109bd40061006000004078000004e00005003200ed
:109be40060062000509a8800e08222008040eb004a
:109bf4000148780000000000cd003700100020006c
:109c0400509a8800ca003700e08222001040780091
:109c14008040e800e082220001487800e0822200cf
:109c240010407800e94f500003003600c0062000c1
:109c3400509a8800be00370060062000509a8800c1
:109c4400bb003700e0822200104078000080fb0057
:109c540050428900504281004600dd005042890094
:109c6400504281001004b0005042890050428100eb
:109c74000080e80045ca220064ca2200138522003d
:109c840012c0b3008000780000cab300aa8e02009c
:109c940001000000108522009040780000c8b30045
:109ca40080c06000c0842200014878005006200073
:109cb400509a880010852200104078000080fb0034
:109cc400700060000000e00090003200920120006b
:109cd4008000eb00f0822200c804020000000000b3
:109ce400f1822200504281007200400044ca2200e6
:109cf40063ca2200010178008000780000cab30022
:109d04008ece020001000000808422008040eb001f
:109d140001487800f0822200104078000004e0003e
:109d24007c003200f0822200e8d002000100000032
:109d34000000e00079003200c028210021c3b300f4
:109d44000148780070062000509a88007800370097
:109d5400f0822200104078000004e0001800320075
:109d6400e0d82000104078000080fb006400600010
:109d74000000e00012003200204981006100600010
:109d84000000e00010003a0012c0b300f1b320005c
:109d9400f082220086c4020000000000c0282100d6
:109da40021c3b30001487800f0b320008040eb00e9
:109db4000148780080062000509a8800020037008d
:109dc40050062000509a8800c028210010407800d6
:109dd4000004e00053003a0050062000509a880026
:109de4005300370020498100614060000080fb007f
:109df400610060000000e00002003a00500620000c
:109e0400509a8800c0282100104078000004e00027
:109e140046003a0050062000509a8800440037005b
:109e240010002000509a880041003700b6d4020088
:109e34000100000070312c0052d402000100000027
:109e44000000eb00509a8800390037000000000041
:109e54003700370000000000350037000000000024
:109e6400330037000000000031003700000000001c
:109e74002f003700000000002d0037000000000014
:109e84002b0037000000000029003700000000000c
:109e94002700370000000000250037000000000004
:109ea40023003700000000002100370000000000fc
:109eb4001f003700000000001d00370000000000f4
:109ec4001b003700000000001900370000000000ec
:109ed40017003700000000001500370000000000e4
:109ee40013003700000000001100370000000000dc
:109ef4000f003700000000000d00370000000000d4
:109f04000b003700000000000900370000000000cb
:109f140007003700000000000500370000000000c3
:109f240003003700000000000100370000000000bb
:109f3400e0dc2000104078000080fb006800600036
:109f44000000e0001b003200b035800064006000b7
:109f54000000e0000c003a00e0dc20001040780033
:109f64000004e00013003500e0dc2000104078001d
:109f7400804078000174a000e0dc200001487800f3
:109f8400c6f807000b003700e0dc20001040780022
:109f94000004e00007003d00e0dc200010407800f1
:109fa400804078000174a100e0dc200001487800c2
:109fb400baf807000080fa00000006000200fa0068
:109fc400004f78001e80fb000000e0000300320018
:109fd400e10f50000a00320012003700a035800063
:109fe400620060000000e0000300320090322c00a8
:109ff40052d4020001000000b426a9000900370071
:10a00400a0358000620060000000e00003003a0018
:10a0140020332c0052d4020001000000b426a80012
:10a02400000000000080fa00000006000e00fa00a4
:10a03400200798006147980072479800034f9800e2
:10a04400144f9800254f9800364f9800474f9800ba
:10a054000040eb00004f78007e4090000004e000d8
:10a0640002003a00c0c3b300704798002e0090006d
:10a07400104078000004e0004500320040e9800010
:10a08400e30f500042003a000cb40200010000004b
:10a09400e14f500020003a00109b80000000e000d7
:10a0a4001d003a00b6d4020001000000ee4090000a
:10a0b40020d9200001487800ae00900050b2220060
:10a0c400f6cf020001000000f0b32200fe40900031
:10a0d4000148780090b722009e489000014878001b
:10a0e400a0b72200ae48900001487800b0b7220023
:10a0f400be48900001487800d0b72200ce489000b6
:10a104000148780010002000109b880010c0b300a4
:10a11400004f78001e0037000e4890000004e00055
:10a124001b003200b6d4020001000000e0b92b008d
:10a1340052d4020001000000bcb40200010000007f
:10a14400ee409000a0b5220001487800ae009000d7
:10a1540000b42200f6cf020001000000b0b52200d6
:10a16400fe40900001487800d0b722008040eb0008
:10a1740001487800109b80000000e00002003a00d3
:10a1840000052000109b880010c0b300004f780029
:10a19400c0ba2b001007980020bb2b0010079800b2
:10a1a4001e4078000080fa00000006000200fa0059
:10a1b400881f7800109b80008000eb00620820005c
:10a1c40003002000820f5000838f5800bf053e001b
:10a1d4000060010086003700a7003700dd0037006b
:10a1e400eb0037002501370046013700b70537007b
:10a1f400b6053700b5053700b4053700b305370099
:10a2040049013700b10537007a013700650337008b
:10a21400ae053700a6033700b0033700ca03370082
:10a22400d5033700df033700a8053700a70537003b
:10a23400a6053700a5053700a4053700a305370098
:10a24400a2053700a1053700a00537009f05370098
:10a254009e0537009d0537009c0537009b05370098
:10a264009a05370099053700980537009705370098
:10a2740096053700e6033700fd0337000b0437006b
:10a28400470437006c043700900537008f0537000a
:10a294008e0537008d053700700437008b053700b5
:10a2a4008a05370089053700880537008705370098
:10a2b4008605370085053700840537008305370098
:10a2c400820537007204370086043700940437008f
:10a2d400db0437001a0537007c0537007b0537009f
:10a2e4007a053700790537002405370077053700ec
:10a2f4007605370075053700740537007305370098
:10a304007205370071053700700537006f05370097
:10a314006e0537002c053700360537006b0537000e
:10a324006a05370069053700680537006705370097
:10a334006605370065053700640537006305370097
:10a344006205370061053700600537005f05370097
:10a354005e0537005d0537005c0537005b05370097
:10a364005a05370059053700580537005705370097
:10a374005605370055053700540537005305370097
:10a384005205370051053700500537004f05370097
:10a394004e0537004d0537004c0537004b05370097
:10a3a4004a05370049053700480537004705370097
:10a3b4004605370045053700440537004305370097
:10a3c4004205370041053700400537003f05370097
:10a3d4003e0537003d053700c5013700de01370073
:10a3e4004f023700b6023700c0023700c7023700f9
:10a3f40050b222008040eb000148780000b42200f3
:10a404008040eb000148780020d920008040eb0018
:10a414000148780010d920008040eb000148780002
:10a424000cb4020001000000e14f500007003a00a4
:10a4340010d9200010407800804078000104a0006a
:10a4440010d92000014878000600370010d92000f8
:10a4540010407800804078000104a10010d9200049
:10a464000148780041012000d0c0b300ee6602002c
:10a47400010000004a053700c0b7220011c0b30034
:10a4840001487800f0b7220011c0b30001487800f9
:10a4940010d9200010407800804078000104a10009
:10a4a40010d920000148780010d92000104078000d
:10a4b400804078000114a00010d9200001487800e1
:10a4c40010d9200010407800804078000124a100b9
:10a4d40010d920000148780010d9200010407800dd
:10a4e400804078000134a10010d920000148780090
:10a4f40010d9200010407800804078000154a10059
:10a5040010d920000148780010d9200010407800ac
:10a51400804078000164a10010d92000014878002f
:10a5240040b222008040eb000148780020d920008e
:10a5340010407800e24f500003003a00b0002000c1
:10a54400109b88001605370030002000109b8800ff
:10a554001305370040b22200104078008040e80024
:10a5640040b222000148780040b222001040780036
:10a57400e94f500003003600b0002000109b880013
:10a584000705370030002000109b880004053700c1
:10a5940040b22200104078000080fb00b05b8900cc
:10a5a400b05b81004600dd00b05b8900b05b8100d8
:10a5b4001004b000b05b8900c1b52200b05b81001b
:10a5c4000080e80045ca220064ca220081017800a4
:10a5d40012c0b3008000780000cab300aa8e020043
:10a5e4000100000020002000109b8800c0b522005c
:10a5f400104078000000fb0061006000004078001b
:10a604000004e000b7043200920120008000eb0057
:10a61400c0b52200c804020000000000c1b5220039
:10a62400b05b81007200400044ca220063ca220069
:10a63400010178008000780000cab3008ece0200c9
:10a644000100000050b722008040eb000148780070
:10a65400c0b52200e8d00200010000000000e000c4
:10a66400a2043200e028210041c1b300014878006f
:10a6740040002000109b8800c9043700c0b52200a8
:10a68400104078000004e0001500320020498100e9
:10a69400610060000000e00013003a0040b22200b4
:10a6a4001040780052b22200c1b522008ac70200cd
:10a6b400000000000004e00006003200500020000a
:10a6c400109b8800e0282100a1c0b3000148780055
:10a6d4000500370020002000109b8800020037008e
:10a6e40020002000109b8800e02821001040780002
:10a6f4000004e0007f043a0020002000109b880042
:10a70400a704370020498100614060000080fb00fd
:10a71400610060000000e00078043a00200020009e
:10a72400109b88009e0437000cb402000100000056
:10a73400e14f500027003a0010c4b3001239020060
:10a7440001000000f0b3220010407800804078003f
:10a7540050b222002eb4020001000000e14f50006c
:10a7640014003a00b6d402000100000030bb2b00f4
:10a7740052d4020001000000f0bc2b0052d40200ad
:10a7840001000000b01d220052d4020001000000ac
:10a7940090bd2b0052d402000100000030d92000eb
:10a7a4008040eb0001487800d0002000109b880016
:10a7b4007b043700b6d4020001000000b0bd2b00ba
:10a7c40052d4020001000000c0032000109b880046
:10a7d40073043700b6d402000100000090bf2b00c0
:10a7e40052d4020001000000c0032000109b880026
:10a7f4006b04370020d9200010407800e24f50004d
:10a8040015003200d00e8100620060000000e000fc
:10a814000800320092c0b300e1c02b0050d72000e2
:10a82400c0cf020001000000d00e81000010a10082
:10a83400d00e8900f0b7220011c0b300014878009f
:10a8440010d9200010407800804078000114a00046
:10a8540010d920000148780030d9200090407800b9
:10a86400f0b322001040780080cf5000130039006c
:10a87400b6d402000100000080c12b0052d40200b3
:10a8840001000000c0b7220021c0b30001487800d5
:10a89400bcb402000100000030012000109b8800bd
:10a8a40020d9200010407800e24f5000030032000d
:10a8b400f0fd200011c0b30001487800501f2200b1
:10a8c40010407800e14f50000e043200501f220067
:10a8d40010407800e34f500063003a0010d9200084
:10a8e40010407800804078000114a10010d92000a5
:10a8f4000148780010d9200010407800804078008a
:10a904000124a00010d920000148780020d920009b
:10a91400104078000004e0003700320032002000cc
:10a924008000eb0080db2000c8040200000000006f
:10a9340080db200045ca220064ca2200800178001e
:10a9440032c0b3008101200000cab300aa8e020005
:10a9540001000000b0db20008040eb0001487800db
:10a9640045ca220064ca2200e306210012c0b300d3
:10a97400c103200000cab300aa8e02000100000037
:10a98400e0062100104078000004e00004003200da
:10a99400e006210010407800f44f50000300360018
:10a9a400e006210051c0b3000148780045ca2200e6
:10a9b40064ca2200f306210012c0b300d1032000b0
:10a9c40000cab300aa8e020001000000f0062100b4
:10a9d400104078000004e00004003200f00621007a
:10a9e40010407800e64f400003003600f0062100d6
:10a9f40001c5b3000148780020d920001040780038
:10aa04000004e0000d00320080db200010407800dc
:10aa14000004e0000900320040c4b300123902000f
:10aa24000100000020082000109b8800f0b32200e1
:10aa340031c0b300014878000b00370080d52000f6
:10aa440011c0b3000148780000c5b300dab40200b5
:10aa540001000000e0002000109b8800f0c4b30057
:10aa64001239020001000000501f2200104078003b
:10aa74000004e00004003200501f2200104078005f
:10aa8400e64f5000a1033a00b6d4020001000000d2
:10aa9400b0c22b0052d4020001000000501f22005b
:10aaa4001040780032c0b300c1c82000a09e02004c
:10aab40001000000c0c8200052d4020001000000c0
:10aac40040c42b0052d402000100000050b2220006
:10aad40052d402000100000090bd2b0052d40200a9
:10aae40001000000c0032000109b8800ac03370065
:10aaf40092c0b300e1c02b0050d72000c0cf0200a9
:10ab0400010000000000e00003003a0040c4b3006c
:10ab1400123902000100000041012000d0c0b3003e
:10ab2400ee6602000100000080b7220010407800a9
:10ab34008040e90080b722000148780080b72200f5
:10ab4400104078000004e00072033a00200820005e
:10ab5400109b88009203370020d920001040780011
:10ab6400e24f50000500320092c0b300e1c02b0058
:10ab740050d72000c0cf02000100000040c4b30041
:10ab8400123902000100000020d920001040780092
:10ab9400e14f500026003a0010d920001040780000
:10aba400804078000134a00010d9200001487800ca
:10abb400b6d402000100000060c42b0052d402008d
:10abc4000100000080db200052d4020001000000dc
:10abd40030c52b0052d4020001000000e006210021
:10abe4001044780080db20007c9e020001000000fd
:10abf40000407800084178008040780080db200025
:10ac0400deb60200010000000004e00005003a0086
:10ac1400b6d402000100000060c52b0052d402002b
:10ac24000100000030082000109b88005c033700fe
:10ac340081db2000c0c82000f6cf02000100000024
:10ac4400000f7800c0c820001e004000a1c2b3005d
:10ac5400014878001e0fe8009e007800c0c820005c
:10ac640080804000106d80000040780032c0b30046
:10ac7400a09e0200010000001e0f4000c0c820007a
:10ac84001e00400031c2b300014878001e0fe800e6
:10ac9400c0c820001e0040008040eb00014878003e
:10aca400b6d402000100000030c62b0052d40200ca
:10acb40001000000c0c8200052d4020001000000be
:10acc40030c52b0052d4020001000000e006210030
:10acd40010447800c0c820007c9e020001000000df
:10ace400004078000841780080407800c0c8200007
:10acf400deb60200010000000004e00005003a0096
:10ad0400b6d402000100000060c52b0052d402003a
:10ad14000100000040082000109b88002003370039
:10ad240000108100610060000000e000fb023a00b6
:10ad340020d9200010407800e14f500031003a0043
:10ad4400f0b32200104078008040e900f0b3220004
:10ad540001487800f0b32200104078000004e000bd
:10ad64000b003200f00621009040780080b72200ea
:10ad74000148780010082000109b88004101200041
:10ad8400d0c0b300ee6602000100000004033700e7
:10ad940010c72b00801f7800e0c72b00801f7800ad
:10ada400c0c82000ac04020000000000e487570083
:10adb400c0c8200052d402000100000080d5200049
:10adc40011c0b3000148780000c5b300dab4020032
:10add40001000000e0002000109b8800f0c4b300d4
:10ade400123902000100000010d920001040780040
:10adf400804078000134a10010d920000148780077
:10ae0400e7023700c0c82000a1c2b300014878009f
:10ae1400106d80000040780032c0b300d1c820001b
:10ae2400a09e02000100000000c9200031c2b3004e
:10ae34000148780010c920008040eb0001487800e8
:10ae4400b6d402000100000000c92b0052d4020055
:10ae540001000000c0c8200052d40200010000001c
:10ae640090bd2b0052d4020001000000e006210036
:10ae740010447800c0c820007c9e0200010000003d
:10ae8400004078000841780080407800c0c8200065
:10ae9400deb60200010000000004e00005003a00f4
:10aea400b6d402000100000060c52b0052d4020099
:10aeb4000100000040082000109b8800b802370001
:10aec40000108100610060000000e00095023a007b
:10aed40050082000109b880001fa2000d0c0b30065
:10aee400ee66020001000000ad023700bcb40200af
:10aef4000100000060082000109b8800e028210069
:10af040031c0b30001487800a5023700501f220069
:10af1400104078000004e00018003a000000eb0044
:10af2400109b880010d920001040780080407800e1
:10af34000154a00010d920000148780010d9200045
:10af440010407800804078000114a10010d920003e
:10af54000148780010d92000104078008040780023
:10af64000124a10010d920000148780020c5b300b5
:10af7400123902000100000089023700e028210094
:10af8400104078000004e00068023a00e028210044
:10af940031c0b30001487800bcb4020001000000d5
:10afa4007f023700f0c4b300123902000100000030
:10afb400f0fd20008040eb0001487800b06a80007a
:10afc4000000e0000e003200d6b6020001000000ce
:10afd400b16a8000810f500009003600b6d4020027
:10afe4000100000010ca2b0052d40200010000002e
:10aff400bcb402000100000000012000109b880086
:10b0040000b42200104078000004e000090032007f
:10b01400b6d4020001000000a0cb2b0052d40200e1
:10b0240001000000bcb40200010000000001200087
:10b03400109b8800501f2200104078000004e0009c
:10b044000d003a0020012000109b8800b6d40200b5
:10b0540001000000c0cd2b0052d40200010000000a
:10b06400a3242000d20020008040eb00b0d12b00ac
:10b0740048cb020000000000d0b722001040780046
:10b084000004e0002b023200b6d4020001000000ec
:10b0940050d22b0052d4020001000000bcb40200c4
:10b0a4000100000000012000109b88003c023700d2
:10b0b400e028210031c0b3000148780050ff20008f
:10b0c4008040eb0001487800bcb40200010000009d
:10b0d40010012000109b880031023700501f22000d
:10b0e400104078000004e00008003a00200120002d
:10b0f400109b8800b6d4020001000000d0d42b00bd
:10b1040052d402000100000025023700e02821008b
:10b11400104078000004e00008023a00e028210012
:10b1240031c0b30001487800bcb402000100000043
:10b1340050ff2000104078008040e80050ff2000bd
:10b144000148780016023700d0c4b3001239020057
:10b154000100000080d520008040eb000148780009
:10b1640050ff20008040eb0001487800800220005e
:10b17400109b88000a023700e028210031c0b30088
:10b184000148780050ff20008040eb00014878001f
:10b19400bcb402000100000040012000109b8800a4
:10b1a400ff013700501f2200104078000004e00027
:10b1b40008003a00c0032000109b8800b6d40200a7
:10b1c4000100000080d62b0052d4020001000000d0
:10b1d400f3013700e0282100104078000004e0006b
:10b1e400d8013a00e028210031c0b30001487800ba
:10b1f400bcb402000100000050ff200010407800a1
:10b204008040e80050ff200001487800e401370046
:10b2140010d9200010407800804078000154a0002c
:10b2240010d920000148780010d92000104078007f
:10b23400804078000114a10010d920000148780052
:10b2440010d9200010407800804078000124a1002b
:10b2540010d920000148780040b222008040eb0061
:10b2640001487800a0022000109b8800cc01370020
:10b2740040b22200104078008040e80040b2220032
:10b284000148780040b2220010407800e94f500095
:10b294000300360010032000109b8800c001370013
:10b2a400a0022000109b8800bd013700d0c4b30069
:10b2b400123902000100000040b222001040780060
:10b2c4000080fb00b05b8900b05b81004600dd00bc
:10b2d400b05b8900b05b81001004b000b05b8900f2
:10b2e400c1b52200b05b81000080e80045ca22009d
:10b2f40064ca22008101780012c0b3008000780083
:10b3040000cab300aa8e02000100000090022000cf
:10b31400109b8800c0b52200104078000000fb009c
:10b32400620060000000e000880132009201200009
:10b334008000eb00c0b52200c80402000000000039
:10b34400c1b52200b05b81007200400044ca2200f3
:10b3540063ca2200010178008000780000cab300ab
:10b364008ece02000100000050b722008040eb00a6
:10b3740001487800c0b52200e8d0020001000000b6
:10b384000000e00073013200b0022000109b88002e
:10b39400e028210041c1b300014878008001370052
:10b3a400c0b52200104078000004e000190032000b
:10b3b40020498100610060000000e00017003a00ad
:10b3c400d6b60200010000008000780040b22200de
:10b3d400104078008101780052b22200c1b52200e9
:10b3e400c6c60200000000000004e00006003200af
:10b3f400c0022000109b8800e0282100a1c0b300f7
:10b40400014878000500370090022000109b880056
:10b414000200370090022000109b8800e0282100e1
:10b42400104078000004e0004c013a009002200033
:10b43400109b88005a013700204981006140600058
:10b444000080fb00610060000000e00045013a005c
:10b4540090022000109b88005101370000b42200a4
:10b46400104078000004e0000300320000052000d2
:10b47400109b88004a0137000000eb00109b8800f5
:10b4840020c5b30012390200010000004401370056
:10b49400f0fd200011c0b3000148780010d920004d
:10b4a40010407800804078000114a10010d92000d9
:10b4b4000148780010d920001040780080407800be
:10b4c4000124a10010d920000148780040b22200d4
:10b4d4008040eb0001487800e0032000109b8800c6
:10b4e4002f01370040b22200104078008040e8006d
:10b4f40040b222000148780040b222001040780097
:10b50400e94f50000300360050042000109b8800cf
:10b5140023013700e0032000109b8800200137003e
:10b52400d0c4b300123902000100000040b222006e
:10b53400104078000080fb00b05b8900b05b8100a4
:10b544004600dd00b05b8900b05b81001004b000f0
:10b55400b05b8900c1b52200b05b81000080e800c7
:10b5640045ca220064ca22008101780012c0b300d7
:10b574008000780000cab300aa8e02000100000017
:10b58400c0b52200104078008040780000c8b300a5
:10b5940080c06000e0b7220001487800d00320009a
:10b5a400109b8800c0b52200104078000000fb000a
:10b5b400640060000000e000ec0032009201200012
:10b5c4008000eb00c0b52200c804020000000000a7
:10b5d400c1b52200b05b81007200400044ca220061
:10b5e40063ca2200010178008000780000cab30019
:10b5f4008ece02000100000050b722008040eb0014
:10b6040001487800c0b52200104078000004e00032
:10b61400d8003200c0b52200e8d0020001000000ca
:10b624000000e000d5003200f0032000109b8800e9
:10b63400e028210041c1b30001487800d800370058
:10b64400c0b52200104078000004e000330032004e
:10b6540020498100610060000000e00031003a00f0
:10b6640090b7220090407800a0b7220010407800e4
:10b6740080cf500009003a00f0d8200090407800b4
:10b68400a0c5b30080cf50000400320011c0b30045
:10b69400000420000632020001000000e0b722008e
:10b6a40090407800b0b7220090427800c0b72200e2
:10b6b40010427800a0b722009041780090b7220091
:10b6c4001041780040b22200104078008143780095
:10b6d4000543780084427800034278008241780070
:10b6e40052b22200c1b522002ec8020000000000a0
:10b6f4000004e0000600320000042000109b8800d3
:10b70400e0282100a1c0b3000148780005003700fb
:10b71400d0032000109b880002003700d0032000d3
:10b72400109b8800e0282100104078000004e0000d
:10b7340094003a00d0032000109b88009800370042
:10b7440020498100614060000080fb0061006000ce
:10b754000000e00002003a00d0032000109b8800a3
:10b7640092c0b300e1c02b0050d72000c0cf02002c
:10b77400010000000000e0008400320010d9200025
:10b7840010407800804078000164a00010d92000a7
:10b794000148780000b42200104078000004e00062
:10b7a4000300320000052000109b88007c00370055
:10b7b4000000eb00109b880020c5b3001239020082
:10b7c4000100000076003700bcb402000100000054
:10b7d400e028210031c0b3000148780050ff200068
:10b7e4008040eb000148780010052000109b880081
:10b7f4006b003700501f2200104078000004e00066
:10b8040023003a0000b42200104078000004e00055
:10b81400190032000cb4020001000000e14f500096
:10b824005c003a00a0b522009040780020d92000a6
:10b8340001487800d0b722008040eb00014878002e
:10b8440001b4220050b22200f6cf02000100000031
:10b85400b0b5220090407800f0b32200014878008f
:10b8640010002000109b880000b422008040eb00f0
:10b87400014878004a0037000000eb00109b880064
:10b8840020c5b30012390200010000004400370053
:10b89400e0282100104078000004e0003f003a0056
:10b8a400e028210031c0b30001487800bcb4020094
:10b8b4000100000050ff2000104078008040e800a4
:10b8c40050ff200001487800350037000000eb00ed
:10b8d400109b880020c5b30012390200010000004b
:10b8e4002f003700000000002d003700000000008a
:10b8f4002b00370000000000290037000000000082
:10b904002700370000000000250037000000000079
:10b914002300370000000000210037000000000071
:10b924001f003700000000001d0037000000000069
:10b934001b00370000000000190037000000000061
:10b944001700370000000000150037000000000059
:10b954001300370000000000110037000000000051
:10b964000f003700000000000d0037000000000049
:10b974000b00370000000000090037000000000041
:10b984000700370000000000050037000000000039
:10b994000300370000000000010037000000000031
:10b9a40050ff200010407800e34f5000060036009e
:10b9b400b6d402000100000030d82b0052d402009b
:10b9c40001000000ffff37004f0478000080fa00f8
:10b9d400000006000000fa0050912000104078009a
:10b9e4000080fb00a11d80000141780061912000ce
:10b9f4008270780050912000104078008040e80068
:10ba04005091200001487800801d80006200600091
:10ba14000000e00001003200b023a900801d800076
:10ba2400640060000000e00001003200b043a9009f
:10ba3400801d8000680060000000e000010032000a
:10ba4400b063a9000080fa00000006000200fa00ba
:10ba5400889fbe008a9fbe00f20407007a46a800b1
:10ba640080fd20008040eb0001487800b0ff2f00eb
:10ba740060668900b0ff2f0090668900c02a21000b
:10ba840080c0eb00014878000000eb001040880003
:10ba9400408020008040eb00014878000000eb006b
:10baa400e05988008080200011c0b300014878006c
:10bab4000000eb00a0978800008020008040eb008d
:10bac40001487800108020008040eb000148780095
:10bad400308120008040eb00014878002081200064
:10bae4008040eb0001487800822120008000eb00b8
:10baf40000072100c80402000000000062012000c9
:10bb04008000eb0020da2000c804020000000000de
:10bb1400620c20008000eb0040922200c804020066
:10bb240000000000820d20008000eb00400e220087
:10bb3400c804020000000000720020008000eb0036
:10bb440060052100c804020000000000720020000b
:10bb54008000eb0060042100c80402000000000023
:10bb6400720020008000eb0060062100c80402007f
:10bb740000000000720020008000eb00e0052100be
:10bb8400c804020000000000a20120008000eb00b5
:10bb940040d72000c804020000000000d20b20009f
:10bba4008000eb00a0bb2100c804020000000000dc
:10bbb400820020008000eb00801f2200c8040200e5
:10bbc40000000000820320008000eb00a0dd2000c4
:10bbd400c804020000000000a20120008000eb0065
:10bbe400202b2100c804020000000000a201200054
:10bbf4008000eb00c02c2100c804020000000000fb
:10bc0400c20120008000eb0020ad2200c804020025
:10bc140000000000f0ff270020968800802c2100ff
:10bc2400a1c5b30001487800902c2100a1c5b30040
:10bc340001487800a02c2100a1c5b3000148780078
:10bc4400202e2100a1c5b30001487800302e210028
:10bc5400a1c5b30001487800402e2100a1c5b3005e
:10bc640001487800621020008000eb00c0d421005d
:10bc7400c8040200000000000000eb00000f780080
:10bc8400090037001e007800c200dd0060ff2000bc
:10bc940000804000420020008000eb00c804020045
:10bca400000000001e0fe8001e007800f30f500093
:10bcb400f4ff3400e005210091c1b300014878008d
:10bcc40080d520008040eb000148780090d520000a
:10bcd4008040eb0001487800a0d520008040eb00b4
:10bce40001487800e0d820008040eb00014878004b
:10bcf400d02a21008040eb0001487800d080200049
:10bd04008040eb000148780036d4020001000000b6
:10bd14000000eb00000f78000b00370040d9200032
:10bd24001e0040008040eb000148780081d92000cb
:10bd34001e00780000004000008040008000eb00fe
:10bd4400010878001e0fe8001e007800e30f500081
:10bd5400f2ff34006000b800b0068900c106890013
:10bd64000000eb00504088000000eb0020658900d3
:10bd74000000eb00407e88000000eb00507e88004d
:10bd84000000eb00a07e88000000eb00607e8800cd
:10bd94000000eb00907e8800007d2000b07e8800cb
:10bda400602e21008040eb00014878000000eb0089
:10bdb400707e88000000eb00807e880000812000f7
:10bdc4008040eb0001487800b6e6a800b6c6a8009b
:10bdd400ca06a800ca26a800208120008040eb00e3
:10bde40001487800308120008040eb000148780051
:10bdf400409120008040eb000148780050912000e1
:10be04008040eb000148780070b120008040eb00d6
:10be14000148780010b320008040eb00014878000e
:10be240000da20008040eb00014878004200200046
:10be34008000eb0000dd2000c804020000000000c8
:10be4400e20020008000eb0000202200c804020071
:10be540000000000d20b20008000eb00a0bb2100fa
:10be6400c80402000000000068040700d1040700b1
:10be7400b1040700569002000100000060ca2200cd
:10be84008040eb00014878004001200020658900d3
:10be94002e270200010000000040eb00e04f0200ea
:10bea40001000000e080200011c8b30001487800c0
:10beb400f0dc20008040eb00014878000081200085
:10bec40041c0b300014878000000eb00309d8800b9
:10bed400b0ef20008040eb000148780050fc2000c7
:10bee4008040eb0001487800b606a900a0c72200f4
:10bef4008040eb0001487800e02a21008040eb00fc
:10bf040001487800002b2100104078008080fb005d
:10bf140000022000008060000000e0000400320005
:10bf24000040eb009eb60200010000000300370051
:10bf340010c0b3009eb6020001000000824102005e
:10bf440001000000f0042100104078000000fb0014
:10bf5400cf80de00c0978800d1978800c09780000a
:10bf6400d1978000120720000289b90002017800ed
:10bf74006002b90084017800030141001307200026
:10bf84000300b8000101410082007800c0978800d6
:10bf9400d197880010052100104078000001fb00b3
:10bfa400cf91de00c0978000d1978000020040004e
:10bfb40083804800c0978800d1978800c09780008c
:10bfc400d1978000020720000289b900020178009d
:10bfd4006002b900840178000301410003072000d6
:10bfe4000300b8000101410082007800c097880076
:10bff400d1978800e0042100104078000001fb0084
:10c00400cf91de00c0978000d197800002004000ed
:10c0140083804800c0978800d1978800c09780002b
:10c02400d1978000f20620000289b900020178004d
:10c034006002b9008401780003014100f306200086
:10c044000300b8000101410082007800c097880015
:10c05400d197880000052100104078000001fb0002
:10c06400cf91de00c0978000d1978000020040008d
:10c0740083804800c0978800d19788000700370064
:10c084000000000005003700000000000300370036
:10c094000000000001003700000000000060fe0006
:10c0a400c02a21008040eb000148780000312100c3
:10c0b400104078000004e00002003a00dac30200f5
:10c0c40001000000c02a210011c0b300014878001b
:10c0d40060312100104078000004e00002003a00c2
:10c0e40030dc020000000000c02a210021c0b3009f
:10c0f40001487800c0312100104078000004e000bd
:10c1040002003a0062d6020001000000c02a2100a9
:10c1140031c0b3000148780020322100104078007b
:10c124000004e00002003a00a0d202000100000076
:10c13400c02a210041c0b3000148780080322100a8
:10c14400104078000004e00002003a00d0a1020090
:10c1540001000000c02a210051c0b300014878004a
:10c16400e0322100104078000004e00002003a00b0
:10c174004eb1020001000000c02a210071c0b300ca
:10c1840001487800c02a210091c0b300014878001a
:10c1940060342100104078000004e00002003a00fe
:10c1a400da41020001000000c02a2100a1c0b3004e
:10c1b40001487800c0342100104078000004e000f9
:10c1c40002003a003cd7020001000000c02a21000e
:10c1d400c1c0b300014878008035210010407800c8
:10c1e4000004e00002003a0010c702000100000051
:10c1f400c02a2100d1c0b30001487800e0352100f5
:10c20400104078000004e00002003a00d850020018
:10c2140001000000c02a2100e1c0b30001487800f9
:10c2240040362100104078000004e00002003a008b
:10c234001cc0020001000000c02a2100f1c0b300ac
:10c2440001487800a0362100104078000004e00086
:10c2540002003a002069020001000000c02a210007
:10c2640011c1b30001487800603721001040780004
:10c274000004e00002003a00709402000100000093
:10c28400c02a210021c1b30001487800c037210031
:10c29400104078000004e00002003a009cbc020058
:10c2a40001000000c02a210031c1b3000148780018
:10c2b40020382100104078000004e00002003a0019
:10c2c400e0c9020001000000c02a210041c1b300fe
:10c2d4000148780080382100104078000004e00014
:10c2e40002003a008ea7020001000000c02a2100cb
:10c2f40061c1b30001487800403921001040780042
:10c304000004e00002003a008cb7020001000000c3
:10c31400104080000000e00071003200120037007d
:10c3240020812000104078000080fb004181200023
:10c33400614078000080fb00901d8800208120006f
:10c34400104078000080fb00418120000041eb0098
:10c354008270780020812000104078008040e8003e
:10c364002081200001487800811d800000102000f9
:10c37400008060000000e0003500320020812000d1
:10c3840090407800308120001040780080cf500029
:10c39400e3ff3a002f00370040802000104078006f
:10c3a4000080fb0081c32200e1407800409120001e
:10c3b400104078000080fb00629120006240780009
:10c3c40080cf500012003a004080200010407800d6
:10c3d4008040e80040802000014878004080200030
:10c3e400104078000080fb0081c322006140780087
:10c3f4000004e00009003a00408020008040eb0087
:10c404000148780010002000104088000300370025
:10c41400408020008040eb000148780040912000db
:10c42400104078000080fb0061912000614078009a
:10c434000080fb00e01c8800409120001040780040
:10c444008040e80040912000014878000100370056
:10c4540000000000d11c800000102000008060005b
:10c464000000e00038003200409120009040780045
:10c47400509120001040780080cf5000c6ff3a0051
:10c484003100370060802000104078000004e00094
:10c4940007003a0020812000104078000080fb0053
:10c4a400418120006140780086cd02000000000038
:10c4b40020812000104078000080fb004181200092
:10c4c4000041eb0082707800208120001040780049
:10c4d4008040e800208120000148780001003700f6
:10c4e400000000002081200090407800308120006e
:10c4f4001040780080cf5000e2ff3a000c00370073
:10c5040040912000104078000080fb0061912000e1
:10c5140061407800d0d30200010000004091200067
:10c52400104078008040e8004091200001487800e5
:10c5340040912000904078005091200010407800f5
:10c5440080cf5000eeff3a0080d5200010407800e4
:10c554000004e00014003a0090d520001040780058
:10c564000004e00010003a00a0d52000104078003c
:10c574000004e0000c003a00b03580006100600067
:10c584000000e00004003200a0c722001040780040
:10c59400e24f50000400320060d8200010407800c0
:10c5a4000004e0000400320010c0b300e04f0200b9
:10c5b40001000000030037000040eb00e04f0200e0
:10c5c40001000000003a2100104078000004e0005f
:10c5d400abfe3200003a21008040eb0001487800b5
:10c5e400b0068100c1068100e00f5000e08f5800c2
:10c5f40006003200b0068100c106810061005000cf
:10c60400e0805800b0068900c106890050408000cf
:10c614000000e00009003200504080000000e90002
:10c6240050408800504080000000e00003003a00c1
:10c6340020a22c0052d4020001000000407e8000a1
:10c64400e10f400003003200407e80000000e8005b
:10c65400407e8800507e8000e10f400003003200dd
:10c66400507e80000000e800507e8800607e8000dc
:10c67400e10f400003003200607e80000000e8000b
:10c68400607e8800707e8000e10f4000030032006d
:10c69400707e80000000e800707e8800807e80004c
:10c6a400e10f400003003200807e80000000e800bb
:10c6b400807e8800907e8000e10f400003003200fd
:10c6c400907e80000000e800907e8800a07e8000bc
:10c6d400e10f400003003200a07e80000000e8006b
:10c6e400a07e8800b07e80000000e00003003200dd
:10c6f400b07e80000000e900b07e880090128100c6
:10c704000000e00004003200901281000000e90003
:10c71400901289000900370090128100e10f500047
:10c7240006003a00901281000000e900901289008e
:10c7340030a42c0052d4020001000000309d80007f
:10c744000000e800309d8800319d80000019200021
:10c75400808f5000520036000000eb00309d8800ae
:10c76400f0dc2000104078000004e0002c003200cf
:10c77400f0dc20008040eb0001487800e0802000dd
:10c78400104078000004e00006003d00e080200036
:10c7940010407800804078000174a100e0802000ff
:10c7a40001487800f0802000104078000004e00088
:10c7b4003b003d00f0802000104078008080fb00aa
:10c7c40000062000008060000000e00034003a0011
:10c7d400f080200010407800e3406000f0802000ea
:10c7e40001487800f0802000104078000004e00048
:10c7f40005003200f0802000104078008040e800fe
:10c80400f080200001487800f0802000104078007b
:10c814008040e800008120000148780020003700b3
:10c82400f0dc200011c0b30001487800e080200053
:10c83400104078000004e00009003200e08020008d
:10c84400104078000004e00005003500e08020007e
:10c85400104078008040e900e08020000148780022
:10c86400f0802000104078000004e0000c0032004a
:10c87400f0802000104078008080fb00000e200033
:10c88400008060000000e00005003a00f080200015
:10c89400104078008040e900f080200001487800d2
:10c8a400109d80000000e800109d8800119d80000c
:10c8b400803e2000808f5000f3fd36000000eb0026
:10c8c400109d880090958000a1958000000078005c
:10c8d4006f0060008004eb00000478000801be00d3
:10c8e400c0978000d19780000200400083804800f8
:10c8f40063004000e0804800c0978800d19788001a
:10c90400403a2100104078000004e00004003200a6
:10c91400403a21008040eb000148780003003700d2
:10c92400403a210011c0b30001487800a0d520008e
:10c93400104078000004e00005003200a0d520007b
:10c94400104078008040e900a0d52000014878001c
:10c9540092958000a3958000e0ff2f00f1ff200056
:10c96400800f5100818f590006003e009095800091
:10c97400a195800061004000e08048009095880007
:10c98400a1958800701d220010407800e34f5000ec
:10c9940006003a00b0958000e10f40000300320029
:10c9a400b09580000000e800b0958800501f220078
:10c9b40010407800e34f500006003a00c095800014
:10c9c400e10f400003003200c09580000000e80041
:10c9d400c0958800701d220010407800e34f50007d
:10c9e40003003a00c00e81000000e800c00e890078
:10c9f400501f220010407800e34f500003003a001b
:10ca0400b00f81000000e800b00f890060d820005a
:10ca1400104078000004e0000e00320060d82000ce
:10ca2400104078008040e90060d820000148780078
:10ca340060d82000104078000004e00005003a00af
:10ca4400a20120008000eb0040d72000c8040200af
:10ca540000000000c0d82000104078000004e0006e
:10ca640005003200c0d82000104078008040e90062
:10ca7400c0d8200001487800d0db80000000e0002e
:10ca840003003200d0db80000000e900d0db880026
:10ca940030d9200010407800e14f400005003200fa
:10caa40030d92000104078008040e80030d92000c0
:10cab4000148780021498100000e200000806000b8
:10cac4000000e0000d003200204981004500de0036
:10cad400674060000040e900674060000080fb00a0
:10cae400670060004500dd0022498100f1f12f005c
:10caf400810061000100700020498900b07080004d
:10cb04000000e00003003400b07080000000e90081
:10cb1400b0708800b07080000000e00003003d00a9
:10cb2400b07080000000e800b070880060b12000a0
:10cb3400104078000004e0000500320060b12000dd
:10cb4400104078008040e90060b12000014878007e
:10cb5400b0282100104078000004e00005003200f5
:10cb6400b0282100104078008040e900b02821005e
:10cb740001487800c0282100104078000004e0003b
:10cb840005003200c0282100104078008040e900f0
:10cb9400c028210001487800d028210010407800e6
:10cba4000004e00005003200d02821001040780085
:10cbb4008040e900d028210001487800e0282100c5
:10cbc400104078000004e00005003200e028210055
:10cbd400104078008040e900e028210001487800f6
:10cbe400f0282100104078000004e0000500320025
:10cbf400f0282100104078008040e900f02821004e
:10cc04000148780000292100104078000004e00069
:10cc14000500320000292100104078008040e9001e
:10cc240000292100014878001029210010407800d3
:10cc34000004e000050032001029210010407800b3
:10cc44008040e900102921000148780090d121009a
:10cc5400104078000004e0000500320090d121006b
:10cc6400104078008040e90090d12100014878000c
:10cc740000812000104078000004e000050032002c
:10cc840000812000104078008040e90000812000ed
:10cc940001487800104080000000e00003003200ea
:10cca400104080000000e90010408800907080006f
:10ccb4000000e800907088009170800000e120007e
:10ccc400808f50000800360030a52c0052d402009a
:10ccd4000100000050e1200011c0b30001487800b9
:10cce4000000eb009070880090958000a195800072
:10ccf40000007800670060008005eb000005780004
:10cd04000a00be00e00f5000e08f5800e0fc3a003b
:10cd140080802000104078000004e000defc320037
:10cd24006200200011a72c00c0c82000ba04020031
:10cd340000000000c1c82000c0c8200054a00200a8
:10cd440000000000f0b3200052d4020001000000f3
:10cd540070a72c0052d4020001000000b6d40200d7
:10cd640001000000c0c8200052d4020001000000ed
:10cd7400f0b320008040eb0001487800c7fc370086
:10cd84000200fa00004f78001e80fb006600b90024
:10cd94008000780000312100008040008040eb00da
:10cda400014878000080fa00000006000200fa0042
:10cdb400004f78001e80fb006600b90080007800f8
:10cdc400003121000080400021c0b30001487800f8
:10cdd4000080fa00000006000400fa00004f78000a
:10cde400110798001e80fb006600b90080007800df
:10cdf40020312100008040009e009000010878004e
:10ce04001e80fb006600b90080007800003121001c
:10ce14000080400011c0b300014878000080fa008f
:10ce2400000006000000fa0040002000d033880013
:10ce34000000240070348800a226ef00c00c2000fb
:10ce4400b0358800300020005036880000182000db
:10ce5400f0368800303f2400b033880000002400fe
:10ce640050348800e0232000f03488004000200083
:10ce740090358800c007200030368800c034200078
:10ce8400d03688008826ef009c26ef00b026ef00fd
:10ce9400c426ef00d826ef00ec26ef008626ef002c
:10cea4009a26ef00ae26ef004000200010368800de
:10ceb400d626ef00ea26ef00002020005037880035
:10cec40000042000b03688007c26ef009026ef0096
:10ced400a426ef00b826ef00cc26ef00e026ef00f2
:10cee400001f2000f03388009226ef00a626ef00f2
:10cef400ba26ef00e226ef0001088000f00b2000c4
:10cf040000816000600420007105200003102000ef
:10cf1400804978008149780082497800813f800007
:10cf2400f00f280080806000005020000100700095
:10cf3400803f8800b13e800000f82f000080600030
:10cf4400b000b300b03e8800e13d800000fc2f003b
:10cf5400008060000020a000e03d8800913d80003a
:10cf6400f00f2c008080600000502200010070004f
:10cf7400903d8800713f800000f82f000080600021
:10cf84003000b300703f8800a13d800000fc2f00fa
:10cf9400008060003001b300a03d8800b13e8000f5
:10cfa400f00f28008080600000a0200001007000c5
:10cfb400b03e8800f13e8000f00f280080806000c1
:10cfc4000030210001007000f03e8800b13d800077
:10cfd40000fc2f0000806000e000b300b03d88003a
:10cfe40000088000000178000260a00060042000b6
:10cff40071052000031020008049780081497800e1
:10d00400824978000080fa00000006000000fa005f
:10d0140041058000f0ff28000080600000c0a000ef
:10d02400400588009021ef00f0e72300900c880071
:10d0340000002800a00c88008860a9009860a8005f
:10d0440041068000f0f82f00008060000040a0003e
:10d05400400688007105800080ff2f00008060007a
:10d064000000a0007005880061058000f0ff280022
:10d074000080600000c0a0006005880041068000b8
:10d08400f08f2f00008060000080a0004006880020
:10d09400b1058000f0ff28000080600000c0a000ff
:10d0a400b0058800b1058000f08f2f00008060007b
:10d0b4000080a000b005880081068000f0f82f00f1
:10d0c400008060000040a000800688008106800087
:10d0d400f0ff28000080600000c0a00080068800e7
:10d0e40081068000f08f2f00008060000080a00087
:10d0f40080068800e726a800e926a900d2c6a80071
:10d10400d4c6a900d446a900d246a800d466a90072
:10d11400d266a800d486a900d286a800d4a6a90005
:10d12400d2a6a8005fe6a8008a60a9009a60a800b9
:10d134000080fa00000006000200fa000000eb0084
:10d14400000f7800160037001e0078006600b90052
:10d154008000780000312100008040008040eb0016
:10d16400014878001e0078006600b900800078004d
:10d1740020312100008040008000eb00010878008d
:10d184001e0078006600b90080007800403121005c
:10d19400008040008000eb00010878001e0fe800ca
:10d1a4001e007800f70f5000e7ff34000080fa00fb
:10d1b400000006000000fa0000072800303a88004a
:10d1c4004827ef0000a32000503a880060002000a8
:10d1d400603a88004e27ef005027ef005627ef00f3
:10d1e4005a27ef00f422ef000080fa000000060046
:10d1f4000200fa00004f78001e80fb00603a8800ad
:10d204004627a8000080fa00000006000200fa0089
:10d214000100370000000000303a80006100600027
:10d224000000e000fbff320091388000010f78001d
:10d234001e0078000080fa00000006000000fa00da
:10d24400403680004400de00614060000080fb0046
:10d2540061006000b16e80000100a1000100700057
:10d26400b06e8800403680004500de0061406000fa
:10d274000080fb006100600000004000b16e80008f
:10d284000110a10001007000b06e880040368000db
:10d294004300de00614060000080fb00610060002c
:10d2a4004200dd00b16e80000120a1000100700089
:10d2b400b06e8800403680004200de0061406000ad
:10d2c4000080fb00610060004300dd00b16e80005f
:10d2d4000130a10001007000b06e8800a06e8000d3
:10d2e4004800de0061406000804078000040eb00b0
:10d2f4002eaf020001000000614060000080fb00ce
:10d30400610060004800dd00b16e80000180a10072
:10d3140001007000b06e8800a06e80004900de003d
:10d32400614060008040780010c0b3002eaf02005e
:10d3340001000000614060000080fb0061006000ab
:10d344004900dd00b16e80000190a1000100700071
:10d35400b06e8800a06e80004a00de00614060006c
:10d364008040780020c0b3002eaf0200010000000e
:10d37400614060000080fb00610060004a00dd0045
:10d38400b16e800001a0a10001007000b06e8800a1
:10d39400a06e80004b00de00614060008040780099
:10d3a40030c0b3002eaf02000100000061406000f5
:10d3b4000080fb00610060004b00dd00b16e800066
:10d3c40001b0a10001007000b06e8800d198800007
:10d3d40000192000808f500004003200d198800092
:10d3e400a0112000808f50000f003a0090b320005d
:10d3f400104078006140600061406000614060005e
:10d404000080fb00610060004800dd00b16e800018
:10d414000180a10001007000b06e8800008120002e
:10d4240061c0b30001487800b06e80004800de009f
:10d43400614060000080fb00610060004a00dd0084
:10d44400d133800001a0a10001007000d033880016
:10d45400b06e80004900de00614060000080fb0087
:10d46400610060004b00dd00d133800001b0a100f9
:10d4740001007000d0338800b06e80004a00de00e6
:10d48400614060000080fb00610060004c00dd0032
:10d49400d133800001c0a10001007000d0338800a6
:10d4a400b06e80004b00de00614060000080fb0035
:10d4b400610060004d00dd00d133800001d0a10087
:10d4c40001007000d0338800a06e8000e14060004d
:10d4d400b06e80006140600080cf500038003a0098
:10d4e400a06e80000000d100e1406000b06e8000ba
:10d4f4000000d1006140600080cf500030003a004d
:10d50400a06e80004200de00e1406000b06e80004a
:10d514004200de006140600080cf500028003a00e5
:10d52400a06e80004300de00e1406000b06e800029
:10d534004300de006140600080cf500020003a00cc
:10d54400a06e80004800de00e1406000b06e800004
:10d554004800de006140600080cf500018003a00af
:10d56400a06e80004900de00e1406000b06e8000e3
:10d574004900de006140600080cf500010003a0096
:10d58400a06e80004a00de00e1406000b06e8000c2
:10d594004a00de006140600080cf500008003a007d
:10d5a400a06e80004b00de00e1406000b06e8000a1
:10d5b4004b00de006140600080cf50005e0032000e
:10d5c40060b12000104078000004e0000200320046
:10d5d400b031020001000000b06e800061406000c4
:10d5e4000080fb0061006000a16e80000100a100ca
:10d5f40001007000a06e8800b06e80000000d100b1
:10d60400614060000080fb00610060000000400099
:10d61400a16e80000110a10001007000a06e8800be
:10d62400b06e80004200de00614060000080fb00bc
:10d63400610060004200dd00a16e80000120a100b5
:10d6440001007000a06e8800b06e80004300de0010
:10d65400614060000080fb00610060004300dd0069
:10d66400a16e80000130a10001007000a06e88004e
:10d67400b06e80004400de00614060000080fb006a
:10d68400610060004400dd00a16e80000140a10043
:10d6940001007000a06e8800b06e80004800de00bb
:10d6a400614060000080fb00610060004800dd0014
:10d6b400a16e80000180a10001007000a06e8800ae
:10d6c400b06e80004900de00614060000080fb0015
:10d6d400610060004900dd00a16e80000190a1009e
:10d6e40001007000a06e8800b06e80004a00de0069
:10d6f400614060000080fb00610060004a00dd00c2
:10d70400a16e800001a0a10001007000a06e88003d
:10d71400b06e80004b00de00614060000080fb00c2
:10d72400610060004b00dd00a16e800001b0a1002b
:10d7340001007000a06e8800709b800051062000dc
:10d74400810f5000e302320051062000810f500087
:10d754001f003e00ea0f5000d4013200ea0f5000cf
:10d764000c003e00e40f500030013200e40f500082
:10d7740003003e000000e00043003200890437004b
:10d78400e50f50003b013200e60f5000aa013200c1
:10d7940084043700f40f500069023200f40f500083
:10d7a40005003e00eb0f50001c023200ec0f50004d
:10d7b4003e0232007b043700f50f50007b0232003a
:10d7c40041062000810f5000ae023200750437007c
:10d7d400c1072000810f5000b9033200c1072000a7
:10d7e400810f500014003e0091072000810f50006b
:10d7f4001403320091072000810f500007003e00ff
:10d8040061062000810f5000d202320081072000ff
:10d81400810f5000fa02320062043700a107200091
:10d82400810f500084033200b1072000810f5000a3
:10d83400900332005b043700e10b2000810f50009d
:10d84400f8033200e10b2000810f500007003e0076
:10d85400d1072000810f5000ab033200e107200004
:10d86400810f5000e50332004e043700f10b200015
:10d87400810f5000fc033200a10f2000810f5000e3
:10d884001104320047043700008120001040780062
:10d894000004e0000700320040d920001040780066
:10d8a400e24f500003003a001081200011c0b30081
:10d8b40001487800c4b60200010000000004e00042
:10d8c400c8003a00501f2200104078000004e00015
:10d8d400c4003a00e0b320008040eb000148780027
:10d8e40040d9200010407800e24f50000800320078
:10d8f40000da200010407800e14f500027003a0081
:10d9040020498100610060000000e00023003a002b
:10d9140000812000104078000004e00019003a0063
:10d9240060db2b0052d4020001000000e0b32000b1
:10d9340010407800804078000114a000e0b320007b
:10d944000148780040d9200031c0b3000148780074
:10d95400002b2100104078008080fb000004200090
:10d96400008060000000e0000c00320040dc2b006e
:10d9740052d402000100000040062000709b880081
:10d98400060037001081200011c0b3000148780060
:10d9940040d9200041c0b3000148780050d920008c
:10d9a40010407800e24f50000800320000da2000f6
:10d9b40010407800e24f50000d003a0020498100e9
:10d9c400610060000000e00009003a00e0b32000bc
:10d9d40010407800804078000124a000e0b32000cb
:10d9e4000148780050d9200031c0b30001487800c4
:10d9f40060d9200010407800e24f50000800320047
:10da040000da200010407800e34f50000d003a0087
:10da140020498100610060000000e00009003a0034
:10da2400e0b3200010407800804078000134a0006a
:10da3400e0b320000148780060d9200031c0b30071
:10da44000148780070d9200010407800e24f50005f
:10da54000800320000da200010407800e44f500043
:10da64000d003a0020498100610060000000e000e0
:10da740009003a00e0b320001040780080407800ac
:10da84000144a000e0b320000148780070d92000d0
:10da940031c0b3000148780000da2000104078005b
:10daa4000004e000070032002049810061006000aa
:10dab4000000e00003003a0000da20008040eb00a0
:10dac40001487800e0b32000104078000004e00032
:10dad40042003200f0fd200011c0b300014878007c
:10dae400f0d8200090407800a0c5b30080cf50004b
:10daf40036003200a00d22009040780010c3b3001d
:10db040080cf500005003200a00d22009040780024
:10db140050c3b30080cf50002c003a00c0bc220098
:10db24008040eb000148780050bc22008040eb00ac
:10db340001487800b0bc220080c0eb0001487800a6
:10db44000029210081c2b30001487800002b210084
:10db5400104078008080fb000004200000806000fa
:10db64000000e00005003a0010dd2b0052d4020052
:10db74000100000050002000709b8800e08020001d
:10db840011c8b3000148780000cb2200104078008f
:10db94000080fb00640060000000e0000f00320021
:10dba400e0d82000104078000080fb006400600092
:10dbb4000000e0000800320011c0b30010c0b30040
:10dbc400d6d602000100000004003700e00b20005c
:10dbd400709b880001003700000000000000000076
:10dbe40098033700701d220010407800e24f500067
:10dbf4006f033a00e00d8100620060000000e00065
:10dc04006d03320040d9200010407800e24f5000ec
:10dc14006b033a00f0dd2b0052d402000100000037
:10dc240060002000709b880086033700c0bc22007f
:10dc3400104078008040e800c0bc22000148780011
:10dc4400c0bc220010407800e94f500006003600a6
:10dc540040012000709b8800c0bc22008040eb0083
:10dc6400014878007703370050002000709b88003b
:10dc740074033700c0bc2200104078000004e000a8
:10dc84004d003a00a0b922008040eb000148780022
:10dc94000060fe00c0bc2200104078000080fb0041
:10dca400105e8900105e81004600dd00105e890070
:10dcb400105e81001004b000105e8900105e8100c7
:10dcc40045ca220064ca220073bc220012c0b300f9
:10dcd4008000780000cab300aa8e02000100000090
:10dce40070bc220090407800e0b32000104078001f
:10dcf40000c060000004e000230032009201200014
:10dd04008000eb0000b82200c804020000000000fc
:10dd140001b82200105e81006300400044ca220062
:10dd240063ca2200010178008000780000cab300b1
:10dd34008ece02000100000090b922008040eb006a
:10dd44000148780000b82200104078000004e00088
:10dd54000d00320000b82200e8d0020001000000eb
:10dd64000000e00008003200a0b922001040780052
:10dd74008040e800a0b922000148780070e02b0040
:10dd840052d4020001000000c0bc22001040780000
:10dd94008040e800c0bc220001487800c0bc2200da
:10dda40010407800e94f5000baff3600c0bc220092
:10ddb4008040eb0001487800c0bc2200104078008d
:10ddc4000080fb00105e8900105e81004600dd00cb
:10ddd400105e8900105e81001004b000105e89009e
:10dde400105e810045ca220064ca220073bc22006e
:10ddf40012c0b3008000780000cab300aa8e0200eb
:10de04000100000070bc220090407800e0b32000c4
:10de14001040780000c060000004e00003003200fd
:10de2400a0002000709b88000603370040002000fb
:10de3400709b88000303370040d92000104078000d
:10de4400e34f500003003a0040d9200041c0b30022
:10de54000148780040d9200010407800e24f50007b
:10de640003003a0040d9200031c0b30001487800d3
:10de740040d92000104078000004e000d2023a00ab
:10de840080dd200011c0b30001487800d4cb02002b
:10de940000000000a00f2000709b880050e12b00c0
:10dea40052d4020001000000e60237009201200073
:10deb4008000eb00b0b92200c8040200000000009a
:10dec400b1b92200105e81007200400044ca2200f1
:10ded40063ca2200010178008000780000cab30000
:10dee4008ece02000100000040bb22008040eb0007
:10def40001487800b0b92200104078000004e00026
:10df04001d003200105e81000080e80045ca220036
:10df140064ca220043bc220012c0b300800078000f
:10df240000cab300aa8e020001000000c200200053
:10df34008000eb0050bb2200c80402000000000077
:10df440051bb2200105e81001002b00045ca2200bd
:10df540064ca220081017800c2c0b3008000780046
:10df640000cab300aa8e02000100000010bc220007
:10df74008040eb0001487800b0bc220010407800db
:10df8400e14f40001f003a00920120008000eb00a6
:10df940000b82200c80402000000000001b82200fa
:10dfa400105e81006300400044ca220063ca22005c
:10dfb400010178008000780000cab3008ece020010
:10dfc4000100000090b922008040eb000148780075
:10dfd40000b82200104078000004e000090032007c
:10dfe40000b82200e8d00200010000000000e000b8
:10dff40004003200c0bc220090407800b0bc220073
:10e0040001487800b0002000709b8800002921009e
:10e0140041c1b300014878008a023700b0b9220038
:10e02400104078000004e0001400320050bb2200cd
:10e03400104078000004e000100032002049810004
:10e04400610060000000e0000e003a00c0bc220045
:10e054001040780052bb2200b1b92200dac4020099
:10e0640000000000c0002000709b880000292100ef
:10e0740041c1b3000148780002003700c00020000d
:10e08400709b880000292100104078000004e00003
:10e094004f023a00c0002000709b88000029210034
:10e0a40041c1b3000148780066023700b0b92200cc
:10e0b400104078000004e0001800320040bc220048
:10e0c400104078008080fb00000220000080600087
:10e0d4000000e0001100320020498100610060006e
:10e0e4000000e0000f003a00c0bc2200104078009d
:10e0f400b1b92200aac90200000000000004e00037
:10e104000300320050bc220011c0b3000148780063
:10e1140040002000709b880002003700400020006f
:10e12400709b880000292100104078000004e00062
:10e1340029023a0040002000709b88004102370009
:10e14400e0fd2000104078000004e00024023a00c2
:10e1540050bc2200104078000004e0000d003200a2
:10e1640050012000709b880070c5b3001239020072
:10e174000100000060bc2200c1c3b3000148780064
:10e18400813e2000f0c0b300ee66020001000000f2
:10e194002c02370070e22b0052d402000100000070
:10e1a40080072000709b88002602370070c5b300ea
:10e1b400123902000100000060bc22001040780007
:10e1c4008040e90060bc22000148780060bc220065
:10e1d400104078000004e00016003200b6d40200bb
:10e1e40001000000b0e32b0052d402000100000043
:10e1f40060bc2200104078000041eb00c1c8200040
:10e20400a09e020001000000c0c8200052d40200f9
:10e214000100000070e42b0052d402000100000051
:10e22400813e2000f0c0b300ee6602000100000051
:10e234000700370080072000709b8800b6d40200d6
:10e244000100000090e42b0052d402000100000001
:10e25400c4b6020001000000e34f500008003a0079
:10e26400a00f2000709b8800b6d4020001000000bb
:10e2740080e62b0052d4020001000000f1013700b7
:10e28400f001370000e823005040880070e72b00bd
:10e2940052d4020001000000d4cb020000000000b0
:10e2a40083192000120020008040eb0040ea2b007c
:10e2b40048cb02000000000050062000709b88003c
:10e2c40001192000f0c0b300ee6602000100000056
:10e2d400dc013700504080000000e00005003a00f7
:10e2e4000000eb00709b880000eb2b0052d402006e
:10e2f4000100000040d9200010407800e34f500096
:10e3040003003a0040d9200041c0b300014878001e
:10e3140040d9200010407800e24f500003003a003a
:10e3240040d9200031c0b3000148780040d9200012
:10e33400104078000004e000ab013a0060062000c1
:10e34400709b8800e0ec2b0052d402000100000016
:10e35400bc013700504080000000e00005003a0096
:10e364000000eb00709b880010ee2b0052d40200da
:10e374000100000040d9200010407800e34f500015
:10e3840003003a0040d9200041c0b300014878009e
:10e3940040d9200010407800e24f500003003a00ba
:10e3a40040d9200031c0b3000148780040d9200092
:10e3b40010407800e14f50008d013600c0bc2200af
:10e3c4008040eb0001487800e0b320001040780062
:10e3d400804078000114a000e0b3200001487800d8
:10e3e400d4cb02000000000050002000709b880085
:10e3f400f0ef2b0052d4020001000000910137001d
:10e40400b0bc220090407800c0bc220001487800d3
:10e41400b0bc220010407800e14f400006003200fa
:10e4240090072000709b880000292100e1c1b300ff
:10e434000148780083013700a00f2000709b8800fa
:10e4440080013700701d2200104078000004e000b5
:10e454000b003a00501f2200104078000004e00036
:10e4640007003a00d00e8100620060000000e00066
:10e4740003003200d00e81000010a100d00e8900ec
:10e4840010d92000104078000080fb00610060007b
:10e49400004078000004e00060003200c0bc2200ac
:10e4a400104078000080fb00105e8900105e81003f
:10e4b4004600dd00105e8900105e81001004b0008b
:10e4c400105e8900105e81000000e80045ca220049
:10e4d40064ca220083bc220012c0b300800078000a
:10e4e40000cab300aa8e020001000000c0bc2200d2
:10e4f400104078000080fb00105e8900105e8100ef
:10e504004600dd00105e8900105e81001004b0003a
:10e51400105e8900105e810045ca220064ca220090
:10e5240073bc220012c0b3008000780000cab3009c
:10e53400aa8e02000100000070bc22001040780086
:10e544008080fb0000042000008060000000e000e8
:10e5540004003200a0bc220011c0b30001487800be
:10e5640003003700a0bc22008040eb000148780083
:10e5740070bc2200104078008080fb000002200064
:10e58400008060000000e0000400320090bc220023
:10e5940011c0b300014878000300370090bc22008a
:10e5a4008040eb000148780010f12b0052d40200a7
:10e5b40001000000a0bc220010427800a0b9220093
:10e5c40090417800c0bc2200104078000041e8006f
:10e5d40080bc22009040780090bc2200104078005b
:10e5e4008043eb00044378008342780002427800c1
:10e5f4008041eb00014178008040780000b822009f
:10e6040018500200010000000029210041c1b3009c
:10e6140001487800a0072000709b88000029210091
:10e62400104078000004e000f3003a00e00b200002
:10e63400709b88000301370010d920001040780037
:10e644000080fb00620060000000e0000200320075
:10e65400b0072000709b880000292100104078003a
:10e664000004e000e6003a00e00b2000709b880004
:10e67400f400370010d92000104078008080fb009f
:10e6840000022000008060000000e0000200320070
:10e69400a00f2000709b880010d920001040780043
:10e6a4008080fb0000042000008060000000e00087
:10e6b400d5003200c0072000709b8800e1003700bd
:10e6c400c0bc2200104078008040e800c0bc22009a
:10e6d40001487800c0bc220010407800e94f500087
:10e6e40006003600f0b722008040eb0001487800b5
:10e6f400e00b2000709b8800d2003700d007200078
:10e70400709b8800cf003700c0bc22001040780006
:10e714000080fb00105e8900105e81004600dd0071
:10e72400105e8900105e81001004b000105e890044
:10e73400105e810045ca220064ca220073bc220014
:10e7440012c0b3008000780000cab300aa8e020091
:10e7540001000000c0072000709b880070bc2200ec
:10e7640090407800e0b320001040780000c06000c2
:10e774000004e000a6003200920120008000eb00bb
:10e7840000b82200c80402000000000001b8220002
:10e79400105e81006300400044ca220063ca220064
:10e7a400010178008000780000cab3008ece020018
:10e7b4000100000090b922008040eb00014878007d
:10e7c40000b82200104078000004e00092003200fb
:10e7d40000b82200e8d00200010000000000e000c0
:10e7e4008f003200e0072000709b88000029210080
:10e7f40041c0b3000148780092003700002921008d
:10e80400104078000004e00087003a0090072000e0
:10e81400709b88000029210021c3b30001487800bf
:10e8240088003700f00b2000709b8800002921002d
:10e8340031c0b30001487800d4cb020000000000ce
:10e84400f0d8200090407800a0c5b30080cf5000dd
:10e854007700320011c0b300000420000632020029
:10e8640001000000770037000029210010407800e3
:10e874000004e0000400320050d82000104078006a
:10e884000004e0006c003a00a00f2000709b880098
:10e89400f0fd2000104078000004e0006800320021
:10e8a400f0b722008040eb0001487800932120005b
:10e8b400f20020008040eb0000f32b0048cb020064
:10e8c400000000005f00370040d9200010407800ad
:10e8d400e34f500009003a00e0b3200010407800f4
:10e8e4000080fb00620060000000e00003003200d2
:10e8f40040d9200041c0b3000148780050d920001d
:10e9040010407800e34f500009003a00e0b32000c3
:10e91400104078000080fb00640060000000e0000c
:10e924000300320050d9200041c0b30001487800f0
:10e9340060d9200010407800e34f500009003a00ed
:10e94400e0b32000104078000080fb006800600005
:10e954000000e0000300320060d9200041c0b30091
:10e964000148780070d9200010407800e34f50002f
:10e9740009003a00e0b32000104078000080fb005a
:10e98400700060000000e0000300320070d9200035
:10e9940041c0b300014878000000eb00709b880080
:10e9a40028003700a00f2000709b88002500370046
:10e9b40000000000230037000000000021003700a1
:10e9c400000000001f003700000000001d00370099
:10e9d400000000001b003700000000001900370091
:10e9e4000000000017003700000000001500370089
:10e9f4000000000013003700000000001100370081
:10ea0400000000000f003700000000000d00370078
:10ea1400000000000b003700000000000900370070
:10ea24000000000007003700000000000500370068
:10ea34000000000003003700000000000100370060
:10ea4400000000000080fa00000006000000fa0048
:10ea54006000b80070128900811289000000eb0088
:10ea6400901289006000b800a0128900b1128900d8
:10ea74000080eb008080eb00c0128900d112890075
:10ea84000000eb00e0128900f01e81000070a1007c
:10ea9400f01e8900f01e81000050a100f01e8900c4
:10eaa400f01e81000060a100f01e89009045220044
:10eab4008040eb0001487800904122008040eb0048
:10eac40001487800f01e81000080a100f01e89003a
:10ead400f01e81000090a100f01e89000000eb00f0
:10eae400d03689000000eb00f03689006000b800e1
:10eaf4000037890011378900003e22008040eb0076
:10eb0400014878006000b800101f8900211f8900a7
:10eb1400603e22008040eb00014878000080eb005a
:10eb24008080eb00e0658900f1658900406e220079
:10eb34008040eb0001487800207122008040eb0007
:10eb4400014878006000b800a0388900b138890015
:10eb54006000b800c0388900d13889006000b8006e
:10eb6400e0388900f138890001398100c0ff2f00a5
:10eb74000080600000398900003981000020a10074
:10eb8400003989000080fa00000006000000fa0045
:10eb9400f01e81000050a100f01e8900f01e8100cb
:10eba4000060a100f01e8900904522008040eb0027
:10ebb40001487800904122008040eb000148780031
:10ebc400f01e81000080a100f01e8900f01e81006b
:10ebd4000090a100f01e89000000eb00d0368900ef
:10ebe4000000eb00f03689006000b80000378900af
:10ebf400113789006000b800e0388900f1388900d5
:10ec040001398100c0ff2f00008060000000a000d7
:10ec140000398900003981000020a10000398900f1
:10ec24000080fa00000006000a00fa0010079800ad
:10ec3400414798003207980043079800a2388100a2
:10ec4400b33881003e009000ce009000800f510048
:10ec5400818f590024003100ce409000d0c2b3000f
:10ec640080cf500002003600d0c2b3004047980065
:10ec74000040eb00004f7800090037001e81fb00c4
:10ec84001e80fb009e0090000080400090407800b1
:10ec9400406e220000004100014878001e4fe80049
:10eca4004e4090009e40780080cf5000f3ff390022
:10ecb4004e4090008080fb00406e220000804000a7
:10ecc4008040eb000148780020712200ce40900083
:10ecd400014878003e019000ce019000a2388900de
:10ece400b338890001003700000000000080fa00fa
:10ecf400000006000600fa0010079800414798003b
:10ed040020712200104078000004e0000500320069
:10ed140020712200904078004e40900080cf500037
:10ed2400020032000040eb00170037000040eb0007
:10ed3400004f78000f0037001e80fb009e009000fb
:10ed440000804000904078001e81fb006049200054
:10ed540000014100e024220000004100104078003e
:10ed640080cf5000020032000040eb000600370064
:10ed74001e4fe8004e4090009e40780080cf500027
:10ed8400edff390010c0b3000080fa000000060057
:10ed94000600fa00008fbe00220798001e00be0085
:10eda400c001dd00020020002e0090008000eb0076
:10edb40000007100818071000080fa0000000600ec
:10edc4000200fa00004f7800f0c2b3009e407800c1
:10edd40080cf50000700360090c3b3009e407800f7
:10ede40080cf500003003e0000cdb3001e40400021
:10edf4001700370000c4b3009e40780080cf500055
:10ee04000700360060c4b3009e40780080cf5000f5
:10ee140003003e0090ccb3001e4040000c003700bd
:10ee240000c6b3009e40780080cf50000700360033
:10ee340060c6b3009e40780080cf500003003e00bf
:10ee440090cab3001e4040000100370000c0eb0030
:10ee54000080fa00000006000400fa001007980081
:10ee64001e00900010407800d5ff0700004f780086
:10ee74001e0090000000e80010407800d0ff07005a
:10ee8400104798001e407800e14f40000300320014
:10ee94001e409000e14f400002003a0000c0eb0029
:10eea400050037001e80fb004400dd008040780030
:10eeb4001e40900000c070000080fa0000000600b0
:10eec4000a00fa0030079800410798003e029000bb
:10eed400ce02900000802f00f1ff2f000403780081
:10eee4000502780080027800810078000500630044
:10eef400810062008101780000017800028fbe0069
:10ef0400e0658100f16581001e01be00800f5100a3
:10ef1400818f590002003a000040eb002d003700b9
:10ef240030002400003b88001e007800103b88005d
:10ef34001e00be004008de0080007800f0072000bc
:10ef440000806000203b88001104800021079800a5
:10ef540083e0a9000000000000000000500520002c
:10ef6400303b8800a00a2000303b880061e7a800fd
:10ef7400000000000000000000000000013b8000d1
:10ef840000002800008060000000e000fbff3a0061
:10ef940083e0a80000000000000000002e019000a3
:10efa40012048800013b8000000022000080600001
:10efb4000000e0000300320061a7a90010c0b30004
:10efc400040037001e01be00e2658900f365890074
:10efd4000040eb000080fa00000006001400fa0074
:10efe400881f7800000f9800110f98000e099000f8
:10eff4009e099000028fbe00a302800023079800a0
:10f0040000002000f10720001e03be000604780063
:10f01400070378008003780081007800070064000b
:10f024008100630081027800000278000400be00c1
:10f034004008de0000007800a00288009e007800ee
:10f04400310798003e0090001000ba004007980075
:10f054003e0090001080ba00500798002e019000e6
:10f06400a20288004e0090008000eb006007980028
:10f07400710798005e0090006102b800f00f200054
:10f084000100200004037800050278008002780063
:10f09400810078000500630081006200810178002e
:10f0a400000178000200be00c000dd000000200066
:10f0b4006e019000fe0190000000710081807100db
:10f0c40060079800710798006e009000fe009000a1
:10f0d4004f0478000080fa00000006004600fa00a1
:10f0e400701f980001279800122798002327980082
:10f0f4007e1990008e219000c0ff2f00f1ff2f0099
:10f104000203780003017800800178008100780010
:10f11400030063008100610081027800000278002e
:10f12400048fbe001e01be0022079800330798001a
:10f1340022002000030020003e004100ae80490070
:10f1440040079800510798002e009000be009000e0
:10f15400a2ff070060079800710798004e00900016
:10f16400de0090009dff0700000f9800110f98002b
:10f17400020220000e0141006e009000fe0090008b
:10f18400809fbe00a0332c00801f7800020078000e
:10f194009204020000000000e687570000022000ed
:10f1a4000e00400052d40200010000001e21900015
:10f1b400ae219000620798007307980010002400a5
:10f1c400003b88001e007800103b88001e00be0033
:10f1d4004008de0080007800f00720000080600016
:10f1e400203b8800a3028000230f9800a00f20007a
:10f1f400a0028800ee009000310f98006e0090008d
:10f20400fe0090004008de0080007800f00f20002f
:10f2140000806000400f98000000eb00be089000e2
:10f224000108bb000000eb00ce0890000188bb0081
:10f234000e099000320f98000e0890009e0890006e
:10f244004008de0080007800f00f2000008060009d
:10f25400400f980020002000be0890000108bb0069
:10f2640020002000ce0890000188bb00ae09900069
:10f27400a302880011048000510f980083e0a900c4
:10f28400000000000000000050052000303b880012
:10f29400a00a2000303b880061e7a80000000000bd
:10f2a4000000000000000000013b80000000280076
:10f2b400008060000000e000fbff3a0083e0a8004b
:10f2c40000000000000000005e09900012048800a5
:10f2d400013b800000002200008060000000e0008c
:10f2e40006003200c0342c0052d402000100000099
:10f2f40061a7a9000000eb00150037002e00900064
:10f30400be00900035ff0700600f9800710f980051
:10f31400020220000e0141006e089000fe089000d9
:10f32400809fbe0080352c00801f7800020078008a
:10f334009204020000000000e6875700000220004b
:10f344000e00400052d40200010000001000200012
:10f354000080fa00000006001000fa005007980030
:10f364006107980072079800603e22008040eb001d
:10f37400014878007e0090000000e00005003a009b
:10f38400603e220011c0b3000148780010c0b300f1
:10f394006e0037005e009000ee009000c8fe07008b
:10f3a4000004e00005003200603e220021c0b300ea
:10f3b4000148780020c0b300640037002000240016
:10f3c400003b8800a102800011079800a00f2000d4
:10f3d400a00288005e009000103b88005e00900050
:10f3e400ee0090004008de0080007800f007200066
:10f3f40000806000203b88000000eb00000f7800d4
:10f40400260037001e0078006300b9000000780071
:10f41400fe00900000804000104078000080fb0057
:10f42400200798001e0078006300b90000007800ef
:10f434000000e800fe0090000080400010407800ca
:10f444000080fb004800dd00ae0090000100700069
:10f45400200798001e0078006300b90000007800bf
:10f464000080e800fe00900000804000104078001a
:10f474000080fb00300798001e0078000000400068
:10f48400ae0090000108bb001e00780000004000a0
:10f49400be0090000188bb001e0fe8009e007800ab
:10f4a400f0072000808f5000d6ff36009e009000a9
:10f4b400a1028800110480004107980083e0a9009c
:10f4c400000000000000000050052000303b8800d0
:10f4d400a00a2000303b880061e7a800000000007b
:10f4e4000000000000000000013b80000000280034
:10f4f400008060000000e000fbff3a0083e0a80009
:10f504000000000000000000ce00900011048800fc
:10f51400013b800000002200008060000000e00049
:10f524000600320061a7a900603e220031c0b3008a
:10f534000148780030c0b30004003700603e220068
:10f544008040eb00014878000040eb000080fa00a6
:10f55400000006000a00fa00400798006000b800a6
:10f56400008fbe00ce009000f0ff200000806000fd
:10f57400200798002e0090008080ea00f0ff200011
:10f5840000806000300798002e0090008000eb009f
:10f59400008fbe003e0090006101b8004c18dd00f1
:10f5a400c410de00810070004c10dd001e1f7000ce
:10f5b4001e9770001e00be000080fa0000000600c6
:10f5c4001000fa00e0362c0052d4020001000000c2
:10f5d400013b800000402000008060000000e0004b
:10f5e4000b00320060382c0052d4020001000000ed
:10f5f400c0ff250051042000008fbe00c0ff25007d
:10f604005100200020079800310798000a003700b5
:10f6140050392c0052d4020001000000c0ff250024
:10f6240051002000008fbe00c0ff250051042000bf
:10f6340020079800310798000000eb00c5ff070081
:10f64400400798005107980010002000c1ff0700f0
:10f6540060079800710798004e019000de01900049
:10f664002e009000be0090009cfe07000000e00009
:10f6740002003a000000eb00090037006e01900020
:10f68400fe0190001e00be0094fe07000000e00092
:10f6940002003a000000eb000100370010002000d7
:10f6a4000080fa00000006000600fa002007980017
:10f6b4002e00900090407800a0c3b30080cf50008b
:10f6c4000200320010c0b3002a00370010002000ee
:10f6d400000f7800200037001e007800ae00900074
:10f6e400008040001040780020479800ae40900011
:10f6f400f0c2b30080cf500004003400ae4090004c
:10f7040090c3b30080cf500012003400ae4090008c
:10f7140000c4b30080cf500004003400ae40900019
:10f7240060c4b30080cf50000a003400ae409000a3
:10f7340000c6b30080cf500004003400ae409000f7
:10f7440060c6b30080cf50000200340010c0b30084
:10f75400080037001e0fe8001e007800ae0090007d
:10f7640000804000104078000004e000daff3a0016
:10f774000040eb000080fa00000006000e00fa00d2
:10f78400881f7800600798006e0090009040780011
:10f79400a0c3b30080cf50000200320010c0b300f9
:10f7a4007d0037006e0090000000e800aafd07000d
:10f7b40040479800ce40900000c2b30080cf500074
:10f7c4000200360010c0b300730037006e009000d2
:10f7d40067004000a0fd0700504798005e4090007d
:10f7e400e54f50000200360010c0b3006a00370035
:10f7f4006e0090006300400097fd07000080fb004e
:10f804004804dd006e0090006500400092fd070092
:10f814000080fb0008007000300798000040eb00f7
:10f82400004f78004e4090001e4f40003e00900074
:10f834004800de00004078001e4f40003e0090006b
:10f84400004078001e4f40005e4090001e4f400074
:10f854000000eb00100798001c0037001e00900009
:10f864000000400069004000ee009000008040006d
:10f8740079fd0700004f98009e009000300028009a
:10f88400008060000000e00004003d000000e9008a
:10f89400c1ff2f00008070000000e800e30f50005b
:10f8a40005003a000e4890000004e0000200320017
:10f8b40010c0b300380037000e4890001e4f4000bf
:10f8c4001e0090000000e800100798004e409000d1
:10f8d4008080fb001e009000808f5000dfff3c0002
:10f8e4004e4090000080fb00000040006900400092
:10f8f400ee0090000080400057fd0700104f980074
:10f904001e40ea00204f9800ae4890001e48900028
:10f9140080cf50000200320010c0b3001e00370038
:10f924004e4090000080fb00000040006b0040004f
:10f93400ee0090000080400010407800ea4f500034
:10f94400140032004e4090000080fb000000400094
:10f954006b004000ee0090000080400010407800f2
:10f96400ed4f50000b0032004e4090000080fb0031
:10f97400000040006b004000ee009000008040005a
:10f98400104078000004e0000200320010c0b30010
:10f99400010037000040eb004f0478000080fa00bb
:10f9a400000006000800fa0020079800614798004c
:10f9b4006e409000e24f5000280036002e00900068
:10f9c4000000e80024fd0700004f780000c2b300e7
:10f9d4009e40780080cf50000200360010c0b30073
:10f9e4001f0037001e407800004040006b4040007c
:10f9f40010479800ee4090001e40900080cf5000c9
:10fa04000e0039002e0090005cff07000004e000a7
:10fa140005003200403a2c0052d4020001000000dc
:10fa240020c0b3000e0037002e0090000e00070027
:10fa3400204798002e409000090037002e009000c7
:10fa440052d4020001000000403b2c0052d40200ba
:10fa54000100000010c0b3000100370010c0b30063
:10fa64000080fa00000006006e00fa00889fbe00c5
:10fa74008a9fbe008c9fbe00503798000040eb0068
:10fa8400604f98005e3090000000e800f2fc070030
:10fa9400704f98005e30900063004000eefc070059
:10faa4000080fb004800dd00603798005e30900065
:10fab40065004000e8fc07000080fb00ee30900089
:10fac40001007000000f98005e3090006700400055
:10fad400e1fc0700205798002e5090000004e0003d
:10fae4001f013a00f11e8100000820000080600020
:10faf4000000e0001a013a00a0128100b112810056
:10fb04000e099000a2fc0700200f9800310f980006
:10fb14002e089000be0890008100d1000080d30020
:10fb2400200f9800310f98002e099000be09900014
:10fb340000002000010420000200400083804800ef
:10fb4400400f9800510f98004e099000de09900074
:10fb5400f0ef250051042000800f5100818f5900df
:10fb640013003600e01281000000e0000c003200b7
:10fb7400c0128100d1128100e2252200f6fd0700a7
:10fb84000004e0000400320090c0b300604f98000d
:10fb94006e489000780137000000eb00e012890005
:10fba400f01e81000070a000f01e8900ec003700f8
:10fbb400c2128100d31281000080eb008080eb0030
:10fbc400800f5100818f590081003200121f810083
:10fbd400231f8100003e2200104078000080fb00bb
:10fbe4000000d100004078000080fb008000eb00a2
:10fbf40002014000838148004e089000de08900016
:10fc0400800f5100818f590071003200f01e810075
:10fc14004900de00614060008081fb00101f81000c
:10fc2400211f8100e20220000e014100831f7800a1
:10fc3400809fbe004e089000de089000809fbe00aa
:10fc4400e03c2c00801f780002007800920402003f
:10fc540000000000ec875700e00220000e00400086
:10fc640052d4020001000000e01281000000e00014
:10fc74000c003200c0128100d1128100e225220062
:10fc8400b5fd07000004e0000400320090c0b3009a
:10fc9400604f98006e489000370137000000eb0079
:10fca400e0128900f11e8100002020000080600025
:10fcb4000000e00004003a0030c0b300604f980038
:10fcc4006e4890002c013700f01e81000090a100c6
:10fcd400f01e89000080200001002000600f9800c1
:10fce400710f9800c2128100d312810000802f008e
:10fcf400f1ff2f00020278000301780080017800f0
:10fd040081007800030062008100610081067800b0
:10fd1400000678000c00be00100798002107980028
:10fd24004e099000de09900000802f00f1ff2f00a3
:10fd340002027800030178008001780081007800d5
:10fd440003006200810061008105780000057800ed
:10fd54000a00be0000179800111798001100370020
:10fd64001e009000ae00900055fc07000004e00067
:10fd740004003200a0c0b300604f98006e489000a9
:10fd8400fd0037001e019000ae0190006e08900047
:10fd9400fe0890000200400083804800100798008d
:10fda400210798001e019000ae0190000e109000f3
:10fdb4009e109000800f5100818f5900e8ff36009b
:10fdc4000080eb008080eb00c0128900d112890012
:10fdd4004e099000de099000121f8900231f89003c
:10fde400003e2200fe49900003487800f01e810086
:10fdf4000090a100f01e89000000eb00000f7800c5
:10fe0400530037009e00780063806000e30f5000c9
:10fe14004d003200e01281000000e0002c003a00a6
:10fe2400c2128100d31281000080eb008080eb00bd
:10fe3400800f5100818f590010003a004e09900044
:10fe4400de09900000f02f00f1ff2f00020278007d
:10fe540003017800800178008100780003006200cb
:10fe64008100610081047800000478000800be006d
:10fe7400c0128900d112890006003700c012810027
:10fe8400d11281000010b0000180b000c0128900be
:10fe9400d11289000000eb003007980008003700f9
:10fea400be009000e02522000080400080c0eb00ee
:10feb400014878003e0090000000e80030079800f8
:10fec400be009000f0172000808f5000f4ff360031
:10fed400ea1281001e007800000040006900400022
:10fee400de30900000804000dbfb0700e1252200ab
:10fef4008100450080487800e01281000000e8009d
:10ff0400e0128900e112810000182000808f500067
:10ff14000e003a00c0128100d1128100e2252200b5
:10ff24000dfd07000004e0000400320080c0b300af
:10ff3400604f98006e4890008f0037000000eb007f
:10ff4400e012890001003700000000001e0fe800e5
:10ff54007e4890000080fb009e0f5000a9ff3e00e9
:10ff64002e5090000004e00064003a00f11e81006d
:10ff740000082000008060000000e0005f00320004
:10ff84007e489000e44f50000500360050402c009d
:10ff940052d402000100000030c0b30076003700e4
:10ffa400a0128100b11281000e09900078fb0700b5
:10ffb40020179800311798002e109000be10900062
:10ffc4008100d1000080d3002017980031179800d9
:10ffd4002e119000be1190000000200001042000aa
:10ffe4000200400083804800401798005117980091
:10fff4004e119000de119000c0ff25005104200036
:020000040003f7
:10000400800f5100818f5900020036000040eb0040
:10001400590037006000b800400798005107980065
:100024000000eb0060079800140037006e00900099
:100034000000400069004000de3090000080400075
:1000440085fb07008080fb006e0090004300dd000c
:100054000008dd00cf80de004e019000de0190003c
:1000640000007100818071004007980051079800da
:100074006e0090000000e800600798007e48900041
:100084008080fb006e009000808f5000e7ff3c00f2
:10009400e20220000e0141004e009000de009000bc
:1000a400809fbe004e109000de109000809fbe0026
:1000b400c0432c00801f78000200780092040200e4
:1000c40000000000ea875700e00220000e00400014
:1000d40052d40200010000004e019000de019000a5
:1000e4004e109000de109000fcfb07000000e000c2
:1000f4001f003a0010c0b3001f0037002e509000bc
:10010400e44f500013003a005e3090006900400054
:1001140051fb07000080fb004804dd005e309000c6
:100124006b0040004cfb07000080fb0008007000df
:10013400601798006e1090008000eb00a0128900f8
:10014400b1128900f01e81000090a000f01e890009
:10015400080037002e509000e14f500005003a008f
:10016400f01e81000050a000f01e8900010037003d
:10017400000000000040eb004f06be004f05be002b
:100184004f04be000080fa00000006006401fa007b
:10019400889fbe008a9fbe008c9fbe00001f9900ee
:1001a400111f99006000b8000017980011179800fb
:1001b4006000b80020179800311798005f003700de
:1001c400ae1090001e18910001004000104078000d
:1001d4000081fb008001eb000e1090004200dd0066
:1001e400000047000003b0000288be000e1090001b
:1001f400c200dd00000320000e00400001004000aa
:100204001000be004809dd00c801de008301710052
:100214004801dd002e1090008000e8001e189100b7
:1002240001004000104078000080fb008000eb00db
:1002340000017100818171000e1090004200dd0008
:10024400000047000003b0000288be000e109000ba
:10025400c200dd00000320000e0040000100400049
:100264001000be004809dd00c801de0083017100f2
:100274004801dd002e1090008080e8001e189100d7
:1002840001004000104078000080fb008000eb007b
:1002940000017100818171000e1090004200dd00a8
:1002a400000047000003b0000288be000e1090005a
:1002b400c200dd00000320000e00400001004000e9
:1002c4001000be004809dd00c801de008301710092
:1002d4004801dd002e109000e30040001e1891003c
:1002e40001004000104078000080fb008000eb001b
:1002f40000017100818171000e1090004200dd0048
:10030400000047000003b0000288be000e109000f9
:100314009e10900061004000e080480000179800a3
:10032400111798002e109000be1090006400400039
:10033400e080480020179800311798000e119000b3
:100344009e119000f000200001002000800f510059
:10035400818f59009aff3600850037000e109000f7
:100364009e10900062005000e0805800c200dd0042
:10037400000320000e004000010040001000be00f9
:100384008001d1004f09dd00830371000101d10018
:100394004f00dd00020370000e1090009e109000cc
:1003a40062005000e0805800c200dd00000320001d
:1003b4000e004000010040001000be00c301de003a
:1003c4004d09dd00830471004309de004d00dd00aa
:1003d4000204700008016b0089816b000e1090000c
:1003e4009e10900062005000e0805800c200dd00c2
:1003f400000320000e004000010040001000be0079
:10040400460add004a00de0000007200ca08de0071
:1004140000016900818169000e1090009e10900017
:1004240067005000e0805800c200dd000003200097
:100434000e004000010040001000be000202400017
:10044400838248000e1090009e1090006f005000b0
:10045400e0805800c200dd00000320000e004000d0
:10046400010040001000be00c901dd004709de00a4
:10047400830571004909dd004700de0002057000b4
:100484000e1090009e1090006f005000e080580005
:10049400c200dd00000320000e0040000100400007
:1004a4001000be00c201de004e09dd0083067100ab
:1004b4004209de004e00dd00020670000c016d00f2
:1004c4008d816d0002379900133799000e1090004a
:1004d4009e1090006f005000e0805800c200dd00c4
:1004e400000320000e004000010040001000be0088
:1004f400cd09dd004300de0000807100c308de008a
:100504000e3191009e3191000000690081806900e4
:1005140004014000858148000e1090009e10900058
:1005240070005000e0805800c200dd00000320008d
:100534000e004000010040001000be000201400017
:10054400838148000e1090004200dd000000470047
:100554000003b0000288be000e1090009e109000b0
:1005640061004000e08048000017980011179800cf
:100574000e1190009e119000f00320000100200055
:10058400800f5100818f590074ff36000e189100be
:1005940060229000f0229000048fbe000e1891009b
:1005a400002b9000902b90002607980037079800a6
:1005b4000e18910020299000b0299000420798005d
:1005c400530798000e189100402a9000d02a9000fa
:1005d40064079800750798000e189100602b90002e
:1005e400f02b9000060f9800170f98000e1891003a
:1005f4000031900090319000220f9800330f980042
:100604000e18910020329000b0329000440f9800f0
:10061400550f98000e18910040339000d03390008d
:10062400660f9800770f98006000b80000179800d4
:1006340011179800ee0037000e089000ca00dd0084
:100644001e0890004600de0001007000301f990073
:100654001e089000ca00dd000e0890004600de006f
:1006640001007000201f99000e089000c500dd00f5
:100674001e0890004b00de0001007000501f99001e
:100684001e089000c500dd000e0890004b00de003f
:1006940001007000401f99002e1a9100be1a9100ab
:1006a4004e1b9100de1b910006016a0087816a00df
:1006b4000e089000c900de001e0890004700dd000f
:1006c40001007000701f99001e089000c900de0030
:1006d4000e0890004700dd0001007000601f9900c3
:1006e4006e1a9100fe1a9100040169008581690067
:1006f4006e089000fe0890000204400083844800c5
:100704000e0890009e0890002e099000be099000eb
:1007140080027800010278008200780003007800eb
:1007240081806200000062007027990061279900af
:100734006e239100fe2391000e0890009e08900005
:100744000080ea008180ea004e099000de099000f2
:1007540080027800010278008200780003007800ab
:100764008180620000006200102f9900012f99001f
:100774000e2891009e28910000006b0081806b0080
:1007840008014000898148000e109000c200dd007d
:1007940000462c00008040001000be000201400012
:1007a400838148000e109000c200dd000003200089
:1007b4000e004000010040001000be000200400096
:1007c4008380480040179800511798001e00780055
:1007d400ce00dd001e0090004200de00010070002b
:1007e400102799001e009000ce00dd001e00780046
:1007f4004200de0001007000002799001e0078000e
:10080400c300dd001e0090004d00de0001007000fa
:10081400302799001e009000c300dd001e00780000
:100824004d00de0001007000202799000e23910086
:100834009e2391002e229100be22910004016b00a0
:1008440085816b001e007800c600de001e0090004b
:100854004a00dd0001007000502799001e0090003e
:10086400c600de001e0078004a00dd0001007000b2
:10087400402799004e239100de239100060469006d
:10088400878469002e019000be0190001e00be0006
:10089400800278000102780082007800030078006a
:1008a4008180620000006200302f9900212f99009e
:1008b4002e2b9100be2b91004e019000de01900082
:1008c4001e00be00800278000102780082007800d9
:1008d400030078008180620000006200502f9900bc
:1008e400412f99004e289100de28910000036b00ef
:1008f40081836b002e009000be0090004e0190009a
:10090400de01900080027800010278008200780005
:10091400030078008180620000006200702f99005b
:10092400612f99006e289100fe28910000006b0051
:1009340081806b000800400089804800601798009f
:10094400711798004e099000de099000620f98001c
:10095400730f98002e0a9000be0a9000440f98006e
:10096400550f98000e0b90009e0b9000260f9800d8
:10097400370f98006e019000fe0190004e10900019
:10098400de1090000200400083804800000f9800b1
:10099400110f98004e019000de019000620798004c
:1009a400730798002e029000be029000440798003e
:1009b400550798001e03be002607980037079800c5
:1009c4004e119000de1190006e109000fe10900009
:1009d400001f4100019749000e1090009e109000e6
:1009e40061004000e080480000179800111798004b
:1009f4000e1190009e119000f003200001002000d1
:100a0400800f5100818f59000bff36000e189100a2
:100a1400f0209000602090003e014000ae8148002c
:100a24000200be000e199100602198007121980007
:100a34000e18910000299000902990002e0090003b
:100a4400be00900002004000838048000e1991000f
:100a540000299800112998000e189100202990006f
:100a6400b02990004e009000de009000020040008b
:100a7400838048000e19910020299800312998009c
:100a84000e18910040299000d02990006e0090002b
:100a9400fe00900002004000838048000e1991007f
:100aa40040299800512998000e189100602990005f
:100ab400f02990000e0890009e089000020040006b
:100ac400838048000e1991006029980071299800cc
:100ad4000e18910000319000903190002e08900083
:100ae400be08900002004000838048000e19910067
:100af40000319800113198000e18910020319000b7
:100b0400b03190004e089000de08900002004000d2
:100b1400838048000e1991002031980031319800eb
:100b24000e18910040319000d03190006e08900072
:100b3400fe08900002004000838048000e199100d6
:100b440040319800513198004f06be004f05be0059
:100b54004f04be000080fa00000006000200fa0004
:100b6400000f78001e0178006000b8000021980092
:100b7400112198001e0278006000b8006011b800ce
:100b84002022980031229800422298005322980093
:100b94001e01780070662e0091a026006021980046
:100ba400712198001e01780050e82a0071b62b00cc
:100bb40000299800112998001e01780020372f0081
:100bc400e1c6230020299800312998001e017800ed
:100bd400a0532f00f1542a0040299800512998006d
:100be4001e017800f0272500e110250060299800f7
:100bf400712998001e017800c088260051b0290090
:100c040000319800113198001e017800b09a2d002f
:100c140031f8210020319800313198001e0178000c
:100c240090d12c0001be250040319800513198002c
:100c34000080fa00000006000a00fa00200798006d
:100c440031079800420798006000b800008fbe008a
:100c5400370037002e009000902090000020900074
:100c64001e017800be01900002814100124178000b
:100c7400ae01900000804100024878002e009000f0
:100c8400902090000020900061004000e080480027
:100c94002e01900000219800112198002e00900050
:100ca4000021900090219000000420000100200009
:100cb400800f5100818f590019003a002e009000d6
:100cc400800078002e00900030fd07002e00900078
:100cd40020229000b022900040239000d023900066
:100ce40000202000010020006011b8000000420034
:100cf40081804a0002014b0083814b002e02900048
:100d04002022980031229800422298005322980011
:100d14002e0190006000b800002198001121980075
:100d240012002000030020001e0f41005e974900be
:100d34004e0090008000eb00be0f5000ae8f5800b4
:100d4400c4ff3e000080fa00000006000800fa001c
:100d540020079800310798002e0090000021900091
:100d640090219000028fbe002e0090000021900080
:100d7400902190007003200001002000800f51009a
:100d8400818f590018003e002e0090001e00400084
:100d940001c8b300014878001200200003002000bd
:100da4001e0f41005e974900080037002e00900096
:100db4001e0040008040eb00014878001200200033
:100dc400030020001e0f41005e97490070032000bd
:100dd400010020001e01be00800f5100818f5900c8
:100de400f2ff3600200037002e0090001e00400065
:100df40001c8b3000148780012002000030020005d
:100e04001e0f41005e974900080037002e00900035
:100e14001e0040008040eb000148780012002000d2
:100e2400030020001e0f41005e974900f0032000dc
:100e3400010020001e01be00800f5100818f590067
:100e4400f2ff36002e009000800078002e00900003
:100e5400cefc07002e009000820320008000eb00ef
:100e6400c8040200000000002e0090002022900020
:100e7400b022900040239000d02390002e009000d8
:100e840000219000902190004318dd00cd10de0079
:100e9400810070004310dd006011b80000004200c2
:100ea40081804a0002014b0083814b002e02900096
:100eb4002022980031229800422298005322980060
:100ec4002e009000b020900040219000d02190008e
:100ed40020209000804078002e00900071789800c7
:100ee4002e009000b020900040219000d02190006e
:100ef400202090004800de00480add000000720057
:100f0400804078002e009000617898002e009000b8
:100f1400b020900040219000d0219000202090002b
:100f240001007800804078002e00900051789800ed
:100f34002e009000b020900040219000d02190001d
:100f4400202090004808de004812dd0000007200f6
:100f5400804078002e009000417898002e00900088
:100f6400b020900040219000d021900020209000db
:100f740002007800804078002e00900031789800bc
:100f84002e009000b020900040219000d0219000cd
:100f9400202090004810de00481add000000720096
:100fa400804078002e009000217898002e00900058
:100fb400b020900040219000d0219000202090008b
:100fc40003007800804078002e009000117898008b
:100fd4002e009000b020900040219000d02190007d
:100fe400202090004818de00804078002e009000f9
:100ff400017898002e009000800078002e00900068
:1010040062fc07006000b800008fbe00cb00370010
:101014001e007800be009000008240002e00900068
:1010240060219000f02190009e00780080ff2f0046
:101034000088b90000007800780040008002780041
:101044007083120004003b000603ea000618de0069
:101054008000eb0004003700061bdd000510de00f5
:10106400000073008518de0000407800004a780014
:101074001e00780064004000be0090000082400022
:101084002e00900000299000902990009e00780086
:1010940080ff2f000088b90000007800780040002d
:1010a400800278007083120004003b000603ea000b
:1010b4000618de008000eb0004003700061bdd008c
:1010c4000510de00000073008518de000040780083
:1010d400004a78001e00780068004000be009000be
:1010e400008240002e00900020299000b02990003a
:1010f4009e00780080ff2f000088b900000078006f
:1011040078004000800278007083120004003b00e5
:101114000603ea000618de008000eb000400370036
:10112400061bdd000510de00000073008518de00dc
:1011340000407800004a78001e0078006c004000ef
:10114400be009000008240002e00900040299000d4
:10115400d02990009e00780080ff2f000088b900fd
:10116400000078007800400080027800708312004c
:1011740004003b000603ea000618de008000eb00d2
:1011840004003700061bdd000510de0000007300bc
:101194008518de0000407800004a78001e007800c0
:1011a40070004000be009000008240002e009000bd
:1011b40060299000f02990009e00780080ff2f00a5
:1011c4000088b900000078007800400080027800b0
:1011d4007083120004003b000603ea000618de00d8
:1011e4008000eb0004003700061bdd000510de0064
:1011f400000073008518de0000407800004a780083
:101204001e00780074004000be0090000082400080
:101214002e00900000319000903190009e007800e4
:1012240080ff2f000088b90000007800780040009b
:10123400800278007083120004003b000603ea0079
:101244000618de008000eb0004003700061bdd00fa
:101254000510de00000073008518de0000407800f1
:10126400004a78001e00780078004000be0090001c
:10127400008240002e00900020319000b031900098
:101284009e00780080ff2f000088b90000007800dd
:1012940078004000800278007083120004003b0054
:1012a4000603ea000618de008000eb0004003700a5
:1012b400061bdd000510de00000073008518de004b
:1012c40000407800004a78001e0078007c0040004e
:1012d400be009000008240002e009000403190003b
:1012e400d03190009e00780080ff2f000088b90064
:1012f40000007800780040008002780070831200bb
:1013040004003b000603ea000618de008000eb0040
:1013140004003700061bdd000510de00000073002a
:101324008518de0000407800004a78001200200092
:10133400030020001e0f41005e9749001e01be00fd
:101344003000200001002000800f5100818f5900df
:101354002fff36000080fa00000006009600fa0015
:10136400108f9800218f98000e80e800fbfd070085
:101374001e889000c805020000000000000f7800dd
:101384001e0178009e8890000e80e8002afe070067
:10139400110720008e8040000e80e8006bfe0700dd
:1013a4000000eb00000f78001b003700100720003e
:1013b4000e0040001e004000104078008080fb00ba
:1013c400e00620000e004000811f780001562c002a
:1013d400811f78009204020000000000e487570097
:1013e4001e00780000004000ae889000008040009d
:1013f400eee89000014878001e00780000004000ec
:101404000000e800ae88900000804000fee89000f4
:10141400014878001e0fe8001e007800ff0f5000fe
:10142400e2ff34002e8890000004b0008040eb00fe
:10143400014878000080fa00000006006e00fa00ff
:1014440050379800613798000000eb00000f7800d7
:101454000000eb00100798005e309000c805020001
:1014640000000000ec0f500073003a003c0037000d
:101474001e007800de30900000804000904078002c
:1014840000c4b30080cf5000120034001e00780066
:10149400de309000008040009040780060c4b300cb
:1014a40080cf50000b003c001e007800de3090001e
:1014b40000804000104078000042b0008040780076
:1014c400640147001e0090000000410001487800bc
:1014d400080037001e007800de30900000804000d5
:1014e40090407800640147001e0090000000410015
:1014f400014878001e0090000000e80010079800e2
:101504001e0fe8001e009000e20f50000c00320095
:101514001e009000e50f5000090032001e009000ec
:10152400e80f5000060032001e009000eb0f500040
:10153400030032001e009000ee0f500008003a0035
:10154400e40047001e00900000804000a1c3b300e7
:10155400014878001e0090000000e8001007980081
:101564001e007800de3090000080400010407800bb
:101574000004e000040032009e00900030062000c9
:10158400808f5000baff3400e40047001e00900032
:10159400008040008040eb000148780036003700ae
:1015a4001e007800de3090000080400090407800fb
:1015b40000c4b30080cf5000120034001e00780035
:1015c400de309000008040009040780060c4b3009a
:1015d40080cf50000b003c001e007800de309000ed
:1015e40000804000104078000042b0008040780045
:1015f400640147001e00900000004100014878008b
:10160400080037001e007800de30900000804000a3
:1016140090407800640147001e00900000004100e3
:10162400014878001e0090000000e80010079800b0
:101634001e0fe80001003700000000001e007800c3
:10164400de30900000804000104078000004e0008c
:10165400040032009e00900030062000808f50006d
:10166400cfff3400e40047001e00900000804000db
:101674008040eb000148780064004700ee309000a1
:1016840036ff07000080fa00000006006800fa0038
:1016940060e7980071e79800c3648100a264810048
:1016a4007ee090008000fb006ee090000000fb00f4
:1016b400831f7800821f7800811f7800801f7800c4
:1016c40040932b00801f78000e00780092040200e3
:1016d40000000000ea8757000e00780052d4020090
:1016e400010000000080fa00000006000200fa0079
:1016f400000f78000a0037001e0078001000780000
:101704000000e00006003a00d0942b0052d40200fe
:10171400010000006402070010c0b3000a00370093
:10172400d02480007f0060000000e000f2ff3a0057
:10173400f124800000002400008060000000e0002c
:10174400edff3a000040eb000080fa0000000600c4
:101754000200fa00000f78001e007800e3ff070083
:10176400e14f500002003a0010c0b30011003700ee
:101774009a04a8000a0037001e00780010007800c0
:101784000000e00006003a0070962b0052d40200dc
:10179400010000004402070010c0b3000500370038
:1017a400d0248000610060000000e000f2ff3a00f5
:1017b4000040eb000080fa00000006000400fa007c
:1017c400004f7800110798001e009000c7ff070023
:1017d400e14f500002003a0010c0b3000b00370084
:1017e4009e40780061c060000080fb0061006000e2
:1017f4004500dd00d12480000150a10001007000eb
:10180400d02488009a84a8000040eb000080fa00ed
:10181400000006000200fa00000f78001e007800a5
:10182400b2ff0700e14f500002003a0010c0b300bd
:10183400030037009aa4a8009a84a8000040eb0093
:101844000080fa00000006000200fa00000f780091
:101854001e007800a5ff0700e14f500002003a0087
:1018640010c0b300110037009a24a8000a00370002
:101874001e007800100078000000e00006003a0026
:1018840020982b0052d40200010000000602070039
:1018940010c0b30005003700d0248000620060004f
:1018a4000000e000f2ff3a000040eb000080fa0084
:1018b400000006000600fa0020479800314798000f
:1018c400220798002e00900088ff0700e14f500087
:1018d40002003a0010c0b3001e0037003e409000e2
:1018e400e14f500005003a002e4090000004a00093
:1018f4000080fb00b0248800030037002e409000d5
:101904000080fb00b02488002e00900077ff0700c1
:10191400e14f500002003a0010c0b3000d00370040
:101924002e00900046000700004f78001e4078000b
:101934000004e00006003200f0992b0052d40200ab
:1019440001000000d801070010c0b30001003700f7
:101954000040eb000080fa00000006000400fa00da
:10196400004f7800110798001e0090005fff0700e9
:10197400e14f500002003a0010c0b30013003700da
:101984001e80fb00b02488001e00900057ff070053
:10199400e14f500002003a0010c0b3000b003700c2
:1019a4001e00900026000700e14f500006003a0098
:1019b400c09b2b0052d4020001000000ba010700b2
:1019c40010c0b300010037000040eb000080fa00b3
:1019d400000006000200fa00000f78001e007800e4
:1019e40042ff0700e14f500002003a0010c0b3006c
:1019f400110037009a44a8000a0037001e0078003e
:101a0400100078000000e00006003a00609d2b0002
:101a140052d4020001000000a301070010c0b3006b
:101a240005003700d0248000640060000000e0005e
:101a3400f2ff3a000040eb000080fa0000000600cc
:101a44000200fa00000f78001e00780027ff07004c
:101a5400e14f50000c003a0010c0b30011003700f1
:101a64001e007800100078000000e00007003a0033
:101a7400009f2b0052d40200010000008a010700dd
:101a840020c0b3000700370000000000f1248000ec
:101a940000002800008060000000e000f0ff3a0031
:101aa4000040eb000080fa00000006000200fa008b
:101ab400000f78001e0078000cff0700e14f500073
:101ac40002003a0010c0b300170037009a64a8005f
:101ad4000a0037001e007800100078000000e000c3
:101ae40006003a0060a12b0052d40200010000005d
:101af4006d01070010c0b3000b003700d024800034
:101b0400680060000000e000f2ff3a001e00780068
:101b1400f6fe0700e14f500002003a0010c0b30087
:101b2400010037000040eb000080fa0000000600ce
:101b34000e00fa0020479800210798006247980099
:101b440043079800540798006507980000000000b8
:101b5400f0ca2200104078000004e000fcff3a00c4
:101b64006e009000810c2000010878005e00900057
:101b740011c0b300014878006e009000dbfe07003e
:101b8400e14f500006003a005e00900010407800db
:101b94008040780070c5b300bcfe07006a003700bf
:101ba4005e00900021c0b300014878006e009000f0
:101bb400e7fe0700e14f500006003a005e00900087
:101bc400104078008040780070c5b300affe070075
:101bd4005d0037005e00900031c0b300014878001a
:101be4006e0190008040eb002e40900031ff070012
:101bf400e14f500006003a005e009000104078006b
:101c04008040780070c5b300a0fe07004e00370086
:101c14005e00900041c0b300014878002e4090005f
:101c24008080fb00000a2000808f50000e003a00e4
:101c34002e0090004800de00004f7800ee00900077
:101c44001e40780045ff0700e14f500006003a00af
:101c54005e009000104078008040780070c5b300aa
:101c64008afe0700380037002e00900000407800fc
:101c7400ee00900039ff0700e14f500006003a00e3
:101c84005e009000104078008040780070c5b3007a
:101c94007efe07002c0037005e00900051c0b300a8
:101ca400014878000040eb00004f78000f00370037
:101cb4001e80fb00ce0090000080400010407800a1
:101cc400ee00900025ff0700e14f500006003a00a7
:101cd4005e009000104078008040780070c5b3002a
:101ce4006afe0700180037001e4fe8006e4090009f
:101cf4009e40780080cf5000edff39005e009000d8
:101d040061c0b300014878006e00900031ff070005
:101d1400e14f500006003a005e0090001040780049
:101d24008040780070c5b30058fe070006003700f5
:101d34005e0090008040eb0001487800f0ca220069
:101d440051c0b300014878000080fa00000006008a
:101d54000e00fa0020479800210798006247980077
:101d64004307980054079800650798006e00900098
:101d7400810c2000010878005e00900011c0b300bf
:101d84000148780000000000f0ca220010407800ea
:101d94000004e000fcff3a006e00900053fe0700d0
:101da400e14f500006003a005e00900010407800b9
:101db4008040780020c5b30034fe0700a40037003b
:101dc4005e00900021c0b300014878006e009000ce
:101dd4005ffe0700e14f500006003a005e009000ed
:101de400104078008040780020c5b30027fe07002b
:101df400970037005e00900031c0b30001487800be
:101e04006e0190008040eb002e409000a9fe070078
:101e1400e14f500006003a005e0090001040780048
:101e24008040780020c5b30018fe07008800370002
:101e34005e00900041c0b300014878002e4090003d
:101e44008080fb00000a2000808f50000e003a00c2
:101e54002e0090004800de00004f7800ee00900055
:101e64001e407800bdfe0700e14f500006003a0016
:101e74005e009000104078008040780020c5b300d8
:101e840002fe0700720037002e0090000040780028
:101e9400ee009000b1fe0700e14f500006003a004a
:101ea4005e009000104078008040780020c5b300a8
:101eb400f6fd0700660037005e00900071c0b300b5
:101ec400014878006e0090005ffe0700e14f50006b
:101ed40006003a005e0090001040780080407800d0
:101ee40020c5b300e9fd0700590037005e009000eb
:101ef40081c0b300014878006e01900011c0b300a6
:101f04002e4090006bfe0700e14f500006003a009f
:101f14005e009000104078008040780020c5b30037
:101f2400dafd07004a0037005e00900091c0b3005c
:101f3400014878000040eb00004f78002d00370086
:101f44006e009000d9fe0700e14f500006003a00f1
:101f54005e009000104078008040780020c5b300f7
:101f6400cafd07003a0037001e80fb00ce00900037
:101f740000804000a124800081407800014878005e
:101f84001e80fb008000e8006e4090000080fb0093
:101f9400808f50000b003a00ee00900010c0b30098
:101fa40006fe0700e14f500011003a005e00900069
:101fb400104078008040780020c5b300b3fd0700ce
:101fc40023003700ee0090000040eb00fbfd07000b
:101fd400e14f500006003a005e0090001040780087
:101fe4008040780020c5b300a8fd07001800370022
:101ff4001e4fe8006e4090009e40780080cf500055
:10200400cfff39005e00900061c0b3000148780042
:102014006e0090006ffe0700e14f500006003a008a
:102024005e009000104078008040780020c5b30026
:1020340096fd0700060037005e0090008040eb002c
:1020440001487800f0ca220051c0b300014878006a
:102054000080fa00000006000000fa00da46a90039
:102064000a003700de46a800000520000100200019
:1020740042d7020001000000de46a900000520004e
:102084000100200042d7020001000000e036800079
:10209400680060000000e000f2ff3200da46a800a9
:1020a4000080fa00000006000000fa009e24ef0001
:1020b40000002800d0248800c0042000c024880028
:1020c4000080fa00000006000000fa009be4a9006a
:1020d4000080fa00000006000400fa00204798007f
:1020e400ae40900000cfb30000cf60001e80fb0024
:1020f4004400de00004f78001e4078006a00b900fa
:1021040000007800004f78002e4090006f4060007f
:10211400204798002e4090001e4f40001e4078003b
:102124000080fa00000006000800fa00204798002a
:10213400210798006247980060ca22008040eb00a3
:102144000148780020cab300004f78002e40900068
:102154000080fb0045ca220064ca2200ae01900040
:102164006e419000800078001e407800f8fe070061
:1021740060ca2200a800070010c0b3000080fa0063
:10218400000006000a00fa004007980072002000d0
:102194008000eb004e009000c80402000000000024
:1021a4000e00e80072c0b3008000780020c0b300c5
:1021b400ddff0700e14f500030003a003e40900040
:1021c400f043b200c4ff0700804078004e00900046
:1021d400014878002e4090000074a100beff070063
:1021e400804078004e009000114098001e409000fe
:1021f4000074a100b8ff0700804078004e009000f2
:10220400214098004e409000f043b200b2ff070016
:10221400804078004e009000314098005e4090006d
:10222400e74060004e009000514098006e409000de
:102234007f406000a8ff0700804078004e009000b7
:10224400414098007e409000a3ff07008040780042
:102254004e009000614098001e4090000004e00091
:1022640003003d0020c0b300004f78000500370094
:1022740010c0b300004f7800020037000040eb00ac
:10228400004f78001e4078000080fa00000006002d
:102294000800fa0020479800210798006247980038
:1022a40020cab300004f78002e4090000080fb004d
:1022b40045ca220064ca2200ae0190006e4190001b
:1022c400800078001e40780019fe070060ca2200d2
:1022d4005100070010c0b3000080fa00000006009f
:1022e4000a00fa00400798004e0090000000e00049
:1022f4002d0032004e00900050409000e64f5000f8
:102304000800340072c0b3008e00780020c0b3000f
:1023140085ff07004e409000e74060004e009000ab
:10232400514098004e0090001040780021000700b2
:10233400204798004e009000104090001d000700b8
:10234400104798004e0090002040900019000700ac
:10235400004f78004e0090003040900015000700b8
:10236400304798004e009000504090001100070044
:10237400404798004e009000404090000d00070038
:10238400504798004e0090006040900009000700fc
:102394006047980072c0b3008e00780020c0b3007c
:1023a400bbff07000100370010c0b3000080fa0033
:1023b400000006000400fa00204798002e40900018
:1023c4008080fb00d0cc2c000008b8004308de005d
:1023d400004f78001e4078004400dd00004f780074
:1023e4002e4090000081fb00d0cc2c000010b800df
:1023f4004308de006a00b9000000780000005100c4
:10240400204798002e4090001e4f40001e40780048
:102414000080fa00000006000200fa00000f7800b5
:102424001e007800104078000080fb00e50f50008b
:102434002b003200e50f50000c003c00e20f50006e
:1024440018003200e20f500003003c00e10f50007e
:102454000f0032003b003700e30f5000160032003b
:10246400e40f50001900320036003700e70f500027
:1024740025003200e70f50001e003500e80f500021
:1024840026003200e90f5000290032002d003700e9
:1024940070a42b0052d402000100000010c0b3004d
:1024a40029003700c0a52b0052d40200010000000f
:1024b40020c0b3002400370020a72b0052d4020010
:1024c4000100000030c0b3001f00370000a92b003a
:1024d40052d402000100000040c0b3001a003700cb
:1024e40090aa2b0052d402000100000050c0b30097
:1024f40015003700e0ab2b0052d4020001000000ad
:1025040060c0b3001000370030ad2b0052d402007d
:102514000100000070c0b3000b003700b0ae2b0008
:1025240052d402000100000080c0b300060037004e
:1025340080b02b0052d402000100000090c0b30010
:10254400010037000040eb000080fa0000000600a4
:102554000c00fa00300798004107980052079800d1
:102564000e00e80042c0b3008000780090c0b300c1
:10257400edfe0700e14f500019003a001e409000a4
:102584000074a100d4fe0700ce00900080487800bb
:102594002e4090000074a100cffe0700be00900002
:1025a400804878001e4090000004e00005003500db
:1025b4002e4090000004e0000200350010002000ce
:1025c400010037000000eb00804078005e009000be
:1025d4000148780010c0b300004f780014003700a1
:1025e4004e00900080c0eb00014878003e0090004f
:1025f40080c0eb00014878001e4090000004e00019
:10260400030035002e4090000004e00002003d006d
:1026140010002000010037000000eb00804078002b
:102624005e009000014878000040eb00004f780005
:102634001e4078000080fa00000006000200fa0044
:1026440045ca220064ca22008e01780012c0b30079
:102654006103200000cab300bdfd07001e407800de
:10266400e44f500005003e001e4078000004e000e6
:1026740002003200e0c1b300004f7800c0dc20004b
:1026840045ca220064ca22008001780022c0b30037
:10269400b101200000cab300adfd07001e4178005f
:1026a400d0dc20001040780080407800c0dc20009e
:1026b40010407800020007000080fa0000000600c5
:1026c4001000fa00404f9800514f9800624f980054
:1026d4000040eb00004f78006e489000e14f50003e
:1026e40002003e00e0c1b300604f98006e00470056
:1026f40012c0b30080007800f0c0b300e4fe07000d
:102704006e4890000004e0001b00320030c8b300a3
:10271400204f98006a00470012c0b3008000780080
:10272400e0c0b300dafe07001e4078000004a000f9
:10273400004f7800b6d402000100000010b22b0054
:1027440052d40200010000006e489000e5004700ea
:102754000041eb00a09e020001000000650047005c
:1027640052d402000100000020b32b0052d4020016
:10277400010000000c00370030c8b300204f98005f
:102784006a00470012c0b30080007800e0c0b300c4
:10279400bffe0700b6d4020001000000c0b32b0046
:1027a40052d4020001000000de489000b0c3b30020
:1027b40080cf50002a003e004e489000f74f500052
:1027c40027003e005e489000fafe0700104798007c
:1027d4004e489000f7fe0700204798001e407800fe
:1027e4000014a000004f7800b6d4020001000000dd
:1027f40020b62b0052d402000100000065004700ff
:1028040022c0b300800078004e489000a09e0200d1
:10281400010000006500470052d4020001000000de
:1028240010b72b0052d402000100000065004700dd
:1028340022c0b300800078005e489000a09e020091
:10284400010000006500470052d4020001000000ae
:1028540030b72b0052d402000100000009003700f9
:1028640000c8b3001047980000c8b3002047980080
:10287400b6d4020001000000f0b72b0052d40200cd
:102884000100000000c8b3003047980000c8b3003e
:10289400404798000e00e80042c0b3008000780072
:1028a40090c0b3007afe07000040eb00204f980070
:1028b4006a00470012c0b30080007800d0c0b300a3
:1028c40073fe070012c0b3008e00780010c0b3007e
:1028d4006ffe07000080fa00000006000200fa0004
:1028e400881f780012c0b3008e00780010c0b300b7
:1028f40096900200010000000004e000070032008e
:102904001e4078000080fb006c0060000000e000c6
:10291400020032002093020001000000d09b8000de
:10292400ec0f500004003e00411f200010c1b30012
:10293400ee66020001000000d09b8000eb0f500007
:102944006a003200eb0f50000e003e00e50f50000d
:102954003d003200e50f500005003e000000e0009d
:102964001a003200e10f500021003200c802370083
:10297400e60f50003a003200ea0f50004c003200db
:10298400c3023700ee0f50007f023200ee0f5000fa
:1029940005003e00ec0f5000b6003200ed0f500071
:1029a400f4003200ba02370041062000810f5000c3
:1029b400a1023200810c2000810f5000a7023200d6
:1029c400ef0f50007c023200b102370040cd2200ec
:1029d40001c5b3000148780060a120008040eb00ed
:1029e4000148780010002000d09b8800bb0237000b
:1029f40040cd2200104078000004e00005003200c1
:102a040040cd2200104078008040e90040cd2200f3
:102a14000148780040cd2200104078000004e00016
:102a240002003a00a0002000d09b880060a1200092
:102a3400104078000004e00099023200a000200059
:102a4400d09b8800a502370040cd220081c2b3008c
:102a54000148780060002000d09b88009f02370066
:102a6400701d2200104078000004e00009003a00c4
:102a7400501f2200104078000004e00005003a00d6
:102a840040cd2200104078008040e90040cd220073
:102a94000148780040cd2200104078000004e00096
:102aa40081023a00a0002000d09b88008b023700ee
:102ab4008d0207000004e00006003200b000200090
:102ac400d09b880040cd2200a1c0b300014878000b
:102ad4008202370060002000d09b880040cd220095
:102ae400a1c0b300014878007c0237007e020700d1
:102af4000004e0005500320040cd22001040780070
:102b04000004e0004b003a0060b12000104078005f
:102b14000004e00066023a00b6e6a800b6c6a800c3
:102b2400ca06a800ca26a800b6d402000100000004
:102b3400a0f32b0052d402000100000010c0b30027
:102b44005cb3020001000000aee3a8007010810035
:102b54000000d100614060000080fb00801f78000d
:102b6400a0f42b00801f7800c0c82000920402004b
:102b740000000000e4875700c0c8200052d40200bf
:102b840001000000200781000000d10061406000c6
:102b94008081fb0020078100614060000081fb0010
:102ba400501f2200104078008080fb00701d22001e
:102bb400104078000080fb00831f7800821f78009b
:102bc400811f7800801f780000f62b00801f78009a
:102bd400c0c820009204020000000000ea875700e9
:102be400c0c8200052d4020001000000620020008e
:102bf40061f82b00c0c82000ba04020000000000e5
:102c0400c1c82000c0c8200054a002000000000079
:102c1400f0b3200052d4020001000000c0f82b00e1
:102c240052d4020001000000c0002000d09b8800a4
:102c34002a02370040cd2200104078008040e9008d
:102c440040cd2200014878002402370050002000c3
:102c5400d09b88009cb30200010000000004e00047
:102c6400150232000040eb005cb3020001000000da
:102c74001a0237001c0207000004e00004003200be
:102c840060b12000104078000004e0000f00320022
:102c9400b6d4020001000000e0f82b0052d4020078
:102ca400010000009cb30200010000000004e000e9
:102cb400030032000040eb005cb30200010000009e
:102cc40050002000d09b8800040237009cb302000f
:102cd40001000000e14f50000300320010c0b300b7
:102ce4005cb302000100000040e980000000e00045
:102cf4000600320040e98000e50f50000300320076
:102d040040e98000e60f5000ed013a0040cd22007a
:102d140041c0b300014878006200200061f82b0034
:102d2400c0c82000ba04020000000000c1c820008e
:102d3400c0c8200054a0020000000000f0b320002e
:102d440052d4020001000000c0f82b0052d402004b
:102d540001000000d0002000d09b880010398100c1
:102d6400e60f5000d8013a00800c2000d09b880068
:102d7400da013700dc0107000004e000040032003f
:102d840060b12000104078000004e0000f00320021
:102d9400b6d402000100000000fa2b0052d4020055
:102da400010000009cb30200010000000004e000e8
:102db400030032000040eb005cb30200010000009d
:102dc40050002000d09b8800c401370040e98000f7
:102dd4000000e0000600320040e98000e50f5000ea
:102de4000300320040e98000e60f5000b8013a00c9
:102df40040cd2200104078000004e0005c013a005d
:102e0400e0002000d09b8800a0d520008040eb008b
:102e14000148780080d520008040eb00014878000c
:102e240090d520008040eb0001487800fe35020078
:102e340001000000b03102000100000020930200f4
:102e440001000000b6e6a800b6c6a800ca06a8009d
:102e5400ca26a8001100200010c1b300ee660200cb
:102e6400010000000000eb00707e8800a201200039
:102e74008000eb0040d72000c804020000000000de
:102e84000060fe008000eb0020fb2b0054a0020039
:102e940000000000f0b3200052d402000100000042
:102ea400f0b320008040eb0001487800d02a2100d4
:102eb40011c0b300014878000000eb00707e880068
:102ec400a0282100f1c3b30001487800008120004c
:102ed4008040eb000148780000000000d11c800015
:102ee40000102000008060000000e000fbff3200c2
:102ef400811d800000102000008060000000e000c0
:102f0400f6ff32008fa6a800a2c6a800a2e6a90078
:102f140000192000e059880040d920008040eb00cf
:102f240001487800e0b32000104078008040780029
:102f34000114a100e0b320000148780030fb2b000d
:102f440052d402000100000000000000d11c8000e7
:102f540000102000008060000000e000fbff320051
:102f6400811d800000102000008060000000e0004f
:102f7400f6ff32000060fe00010037000000000090
:102f8400d11c800000102000008060000000e000e0
:102f9400faff3200811d80000010200000806000d4
:102fa4000000e000f5ff32004104800000802000b2
:102fb400008060000000e000f0ff3a00510480004f
:102fc40000002400008060000000e000ebff3a00f5
:102fd40050048000680060000000e000e7ff3a0051
:102fe4000000000098e3a800aee3a8000000000081
:102ff400602f21008040eb0001487800d11c800044
:1030040000102000008060000000e0005800320042
:10301400811d800000102000008060000000e0009e
:1030240053003200410480000080200000806000d2
:103034000000e0004e003a0051048000000024002b
:10304400008060000000e00049003a005004800065
:10305400680060000000e00045003a00413780004d
:1030640000202000008060000000e00040003a00e2
:10307400a136800000042000008060000000e00011
:103084003b003a000040fe00602f21001040780011
:103094000004fb00a03680004200de0061406000b6
:1030a4008083fb00a03680004600de0061406000a3
:1030b4000083fb00403780004900de00614060006f
:1030c4008082fb00500480004300de006140600009
:1030d4000082fb00500480004e00de00614060006e
:1030e4008081fb00400480004b00de0061406000f2
:1030f4000081fb00801d80004800de00614060000c
:103104008080fb00d01c80004800de00614060002d
:103114000080fb00881f7800871f7800861f7800d6
:10312400851f7800841f7800831f7800821f780031
:10313400811f7800801f780010fc2b00801f78000e
:10314400c0c820009204020000000000f487570069
:10315400e0012c0052d40200010000000000000035
:10316400c0c8200052d40200010000002f00370024
:10317400a03680004600de00614060000083fb0052
:10318400403780004900de00614060008082fb001f
:10319400500480004300de00614060000082fb00b8
:1031a400500480004e00de00614060008081fb001e
:1031b400400480004b00de00614060000081fb00a1
:1031c400801d80004800de00614060008080fb00bc
:1031d400d01c80004800de00614060000080fb00dd
:1031e400861f7800851f7800841f7800831f78006d
:1031f400821f7800811f7800801f7800d0022c0085
:10320400801f7800c0c82000920402000000000063
:10321400f087570010072c0052d402000100000070
:10322400c0c8200052d40200010000000060fe006b
:10323400dc6802000100000056900200010000005a
:10324400d0958000e10f400003003200d09580004b
:103254000000e800d0958800d0338000680060004a
:103264000000e00006003200e0958000e10f40001d
:1032740003003200e09580000000e800e09588003b
:1032840040368000700060000000e00006003a0054
:10329400f0958000e10f400003003200f0958000bb
:1032a4000000e800f095880041368000000220000c
:1032b400008060000000e0000c0032004036800016
:1032c400680060000000e000080032004036800022
:1032d400640060000000e00004003200b0358000ab
:1032e400640060000000e00006003a0000968000e0
:1032f400e10f400003003200009680000000e80067
:103304000096880082410200010000008000eb006a
:1033140020fb2b0054a0020000000000f0b32000aa
:1033240052d4020001000000c0f82b0052d4020065
:1033340001000000f0b320008040eb000148780059
:1033440050e1200011c0b30001487800400620007d
:1033540060998800d1988000f00f2000808f500081
:103364005d003a00e01f2000d09888005b00370021
:1033740040cd2200104078008040e90040cd22007a
:1033840001487800550037009cb30200010000009a
:103394000004e000030032000040eb005cb30200d4
:1033a400010000000000eb00707e8800f0002000a7
:1033b400d09b88004900370050e1200011c0b300c1
:1033c400014878000000eb00707e8800b6d402004b
:1033d40001000000d0988000801f780000082c00b5
:1033e400801f7800c0c82000920402000000000082
:1033f400e4875700c0c8200052d402000100000036
:10340400d1988000b00c2000808f500004003a0056
:10341400007d200001002000b0068900c10689005b
:10342400e0042100c49002000100000050002000cc
:10343400d09b880029003700000000000000000035
:103444000000000000000000000000000000000078
:103454000000eb00d09b880020003700c0092c003e
:1034640052d40200010000001467020001000000b1
:1034740083e0a9000000000000000000000000003c
:1034840000000000000000000000fe0013003700f0
:103494000000eb00d09b8800000000000f00370004
:1034a400000000000d003700000000000b00370092
:1034b400000000000900370000000000070037008a
:1034c4000000000005003700000000000300370082
:1034d4000000000001003700000000004f047800e5
:1034e4000080fa00000006000200fa001039810092
:1034f400e10f50000600320010398100e20f500045
:103504000300320010398100e30f500002003a003a
:103514000040eb0097003700d1988000f00f2000a6
:10352400808f500002003a0010c0b30091003700b1
:10353400d1988000700e2000808f50000600360065
:10354400d1988000d00e2000808f500002003e00f1
:103554000040eb0087003700d1988000d01f200086
:10356400808f500006003600d19880000020200093
:10357400808f500002003e000040eb007d003700c9
:10358400d1988000100f2000808f500002003a0074
:103594000040eb0077003700d1988000b003200092
:1035a400808f500006003600d1988000000420006f
:1035b400808f500002003e000040eb006d00370099
:1035c40021498100000e2000008060000000e0001e
:1035d400020032000040eb0066003700104080001b
:1035e4000000e000020032000040eb006100370000
:1035f40060802000104078000004e00002003200e7
:103604000040eb005b003700002b210010407800e5
:103614008080fb0000042000008060000000e000c7
:103624000e003200719b800040062000808f500005
:1036340008003200719b800050062000808f5000eb
:1036440004003200719b800060062000808f5000cf
:1036540002003a000040eb004600370050d820003a
:10366400104078000004e000020032000040eb004b
:103674004000370080bb2100104078000004e000c7
:1036840002003a000040eb003a003700509a8000f4
:10369400e20f5000020036000040eb003500370016
:1036a400e09a80000000e000020032000040eb00dd
:1036b40030003700109b80000000e0000200320060
:1036c4000040eb002b003700409b80000000e0002e
:1036d400020032000040eb0026003700709b80009f
:1036e4000000e000020032000040eb00210037003f
:1036f400a09880000000e000020032000040eb00cf
:103704001c003700009c8000e10f500002003200d2
:103714000040eb0017003700c09c80000000e00070
:1037240005003200c09c8000e70f500002003e00fc
:103734000040eb000f0037000040eb00004f780022
:10374400080037001e80fb0041d92000614078004a
:10375400e54f500002003a000040eb00050037003e
:103764001e4fe8001e407800e34f5000f5ff36007e
:1037740010c0b3000080fa00000006000600fa0042
:10378400200798000040eb0020479800ae0090000e
:10379400010f78000d0037002e4090006a00b90038
:1037a40000007800204798001e0078001040780040
:1037b400804078002e40900080c0400000cdb300cf
:1037c40000c04000204798001e0fe8001e0078004b
:1037d40090407800f0c2b30080cf50000500340060
:1037e4001e0078009040780090c3b30080cf500052
:1037f400e9ff34002e4090000080fa00000006002b
:103804000800fa0030079800be00900011079800e5
:103814001e00900090407800d0c2b30080cf5000ca
:1038240006003a001e0090000000e800100798000f
:1038340000c0eb00004f78000200370010c0b30056
:10384400004f78000040eb0040479800100037001c
:103854004e4090006a00b9000000780000407800f3
:10386400404798001e009000104078008040780087
:103874004e40900080c0400000cdb30000c0400026
:10388400404798001e0090000000e80010079800d0
:103894001e00900090407800f0c2b30080cf50002a
:1038a400050034001e0090009040780090c3b300df
:1038b40080cf5000e6ff34001e407800ce409000d8
:1038c4008180fb000088b900000078000040780087
:1038d4000080fa00000006000800fa003007980093
:1038e4006000b8001007980021079800be009000ff
:1038f400010f78001c0037002e0090006a00b90008
:10390400000178001e0090006000b90000007800fb
:10391400000141009e009000a00020000008b800b3
:1039240001014100820078001007980021079800e7
:1039340010079800210798001e00780010407800b6
:103944000000fb000003b100cf80de001e019000e8
:10395400ae019000020040008380480010079800e8
:10396400210798001e0fe8001e00780090407800a0
:10397400f0c2b30080cf5000050034001e00780070
:103984009040780090c3b30080cf5000daff340039
:103994001e009000ae0090000080fa0000000600b7
:1039a4000800fa002007980031079800be00900034
:1039b400010f7800ae009000f0702200808f50005c
:1039c400170036002e009000c400de007034200082
:1039d4000008b8004308de00004078000043b0004f
:1039e400804078003e009000014878003e0090003e
:1039f4000000e800300798002e019000c410de009b
:103a0400703420000008b800c308de0000712200f2
:103a14000088b900000078000000510020079800d9
:103a2400ae009000703e2000808f500018003600d9
:103a34002e009000c300de00500c22000008b800e5
:103a44004408de00004078000043b0008040780065
:103a54003e009000014878003e0090000000e8001d
:103a6400300798002e019000c310de00500c220095
:103a74000008b800c408de00803e20000088b900b9
:103a84000000780000005100200798000a00370069
:103a94003e0090009e007800808f500006003200a7
:103aa4003e00900001c3b300014878003e0090003e
:103ab4000000e80030079800ae00900030062000b7
:103ac400808f5000180036002e009000c200de00e7
:103ad400b04721000008b8000100d1000040780080
:103ae4000043b000804078003e0090000148780018
:103af4003e0090000000e800300798002e0190007e
:103b0400c210de00b04721000008b8008100d100d7
:103b1400400620000088b900000078000000510031
:103b2400200798000a0037003e0090009e007800ad
:103b3400808f5000060032003e00900001c3b300a5
:103b4400014878003e0090000000e800300798002b
:103b54002e009000e90f50000d003600ae009000da
:103b6400d0cc2c000008b8004308de0000407800e8
:103b74000043b000804078003e0090000148780087
:103b84003e0090000000e800300798000a0037006b
:103b94003e0090009e007800808f500006003200a6
:103ba4003e00900001c3b300014878003e0090003d
:103bb4000000e800300798002e019000d0cc2c00c3
:103bc4000010b8004308de006a00b9000000780065
:103bd40000005100200798002e009000004078005b
:103be4000043b000804078003e0090000148780017
:103bf4003e0090000000e800300798003e0090006e
:103c04008040eb0001487800be0090001e00780060
:103c140000805000100798001e0090000080fa00f9
:103c2400000006000200fa00004f7800f0c2b30062
:103c34009e40780080cf50000800340090c3b30049
:103c44009e40780080cf500004003c009e407800e5
:103c540000cdb30000c040000d00370000c4b30025
:103c64009e40780080cf50000800340060c4b30048
:103c74009e40780080cf500004003c009e407800b5
:103c840090ccb30000c04000010037000040eb00be
:103c94000080fa00000006000200fa00004f7800dd
:103ca4001e4078000004e000060035001e40780045
:103cb400e94f500003003c001e4078000043b00070
:103cc4000a0037001e407800e94f50000600340017
:103cd4001e407800ef4f500003003c001e40780067
:103ce4007043b0000100370000c3b3000080fa0045
:103cf400000006000400fa00100798000000eb0022
:103d0400000f78001e0090000000e0000800320060
:103d1400010037001e0fe8001e0078009e0090008e
:103d240000804000104078000004e000f9ff3a00f1
:103d34001e0078000080fa00000006000a00fa0065
:103d44004047980031079800024f9800be00900049
:103d5400010f7800ce40900030c6b30080cf5000f1
:103d640003003e000e489000e24f50001900360058
:103d74004e4090000080fb00c200de00b0472100ee
:103d84000008b8000100d100004078000043b000f2
:103d9400804078003e009000014878003e0090008a
:103da4000000e800300798004e4090000081fb00be
:103db400c210de00b04721000008b8008100d10025
:103dc400400620000088b90000007800000051007f
:103dd400404798004e409000e94f50000e003600d6
:103de4004e4090008080fb00d0cc2c000008b8002e
:103df4004308de00004078000043b00080407800b3
:103e04003e009000014878003e0090000000e80069
:103e1400300798000d0037003e0090009e007800a7
:103e2400808f500003003a000e489000e14f50008c
:103e3400060036003e00900001c3b300014878003c
:103e44003e0090000000e800300798004e409000cb
:103e54000081fb00d0cc2c000010b8004308de0029
:103e64006a00b90000007800000051004047980043
:103e74004e4090000043b000804078003e00900027
:103e8400014878003e0090000000e80030079800e8
:103e94003e0090008040eb00014878003e00900016
:103ea400804078001e0078000040780000c0500078
:103eb400204798002e4090000080fb000080fa000c
:103ec400000006000e00fa00300798004107980031
:103ed40052079800434f98003e009000ce00900097
:103ee400e00f5000e08f58004d0032004e48900023
:103ef400004fe9001e80fb00de00900000804000bf
:103f04008040eb0001487800180037001e4fe9009c
:103f14003e009000ce009000a2002000030020008c
:103f24003e040200000000001007980021079800da
:103f34001e80fb00de009000008040009e00900088
:103f4400814078000143b000014878003e009000b1
:103f5400ce009000a2002000030020001e040200f6
:103f64000000000030079800410798001e407800c8
:103f74000004e000050032003e009000ce009000f6
:103f8400e00f5000e08f5800e0ff3a001e40780038
:103f94000004e0001f0032000040eb0010479800ce
:103fa4000d0037001e4090000080fb00de009000f2
:103fb400008040009e80fb005e0190008100410073
:103fc40091407800014878001e4090000040e800cd
:103fd400104798001e4fe8001e80fb00de00900092
:103fe40000804000104078000004e000edff3a003b
:103ff4001e4090000080fb00de0090000080400026
:104004008040eb00014878001e4090000080fb00d7
:104014000b0037004e4890000080fb00080037007a
:104024005e00900001c3b300014878005e00900078
:104034000000e8008040eb000148780010002000f8
:104044000080fa00000006000600fa00881f7800cd
:1040540020479800210798002e4090006f4f600081
:10406400ae40900000cfb30000c06000104798003d
:104074001e4090000080fb004400de0010479800c2
:104084001e40900004ff0700804078002e0090003e
:10409400014878002e0090000004e8001e407800db
:1040a400fdfe0700004c78002e0090000080e80020
:1040b4008040eb0001487800200020004f04780085
:1040c4000080fa00000006000600fa0020079800ad
:1040d4000000eb0010079800ae009000010f78007c
:1040e4000c0037001e0090006a00b9000000780040
:1040f400100798001e007800104078008000fb0034
:104104001e009000008040000003b10010079800da
:104114001e0fe8001e00780090407800f0c2b30043
:1041240080cf5000050034001e00780090407800d5
:1041340090c3b30080cf5000eaff34001e0090000b
:104144000080fa00000006000800fa0060479800aa
:104154006e4090008080fb000e007800811f780084
:1041640001ac2c00811f78009204020000000000c2
:10417400e48757000e007800522602000100000078
:104184000080fa00000006000c00fa0050079800b6
:10419400de009000811f780000ac2c00801f7800a6
:1041a4000e0078009204020000000000e48757002b
:1041b4000e00780052260200010000000080fa0080
:1041c400000006000600fa0020079800ae009000e8
:1041d40011079800030037001e0090000000e8005b
:1041e400100798001e0090009040780000c2b300b1
:1041f40080cf5000f8ff32002200200031ac2c00a8
:104204001e009000f8050200000000000000e0001d
:10421400150032002200200061ac2c001e0090002a
:10422400f8050200000000000000e0000e0032006b
:104234001e0090009040780080c7b30080cf5000eb
:10424400090032001e0090009040780080c5b30041
:1042540080cf5000040032001e00900047fd07008c
:10426400004f78004a0037001e009000904078000c
:1042740080c7b30080cf5000050032001e009000bc
:104284009040780080c5b30080cf500004003a000d
:104294001e0090000000e80010079800030037009b
:1042a4001e0090000080e800100798000040eb001a
:1042b400004f78002d0037001e4078004400dd00d8
:1042c400004f78001e00900090407800f0c2b300c8
:1042d40080cf50000b0034001e0090009040780006
:1042e40090c3b30080cf500006003c001e00900035
:1042f400104078009e40400000cdb30000cf400045
:10430400170037001e0090009040780000c6b300ec
:1043140080cf50000d0034001e00900090407800c3
:1043240060c6b30080cf500008003c001e0090001f
:10433400104078008040780000ceb30000c04000f8
:10434400804078001e009000014878001e00900014
:10435400104078009e40400090ccb30000cf400055
:104364001e0090000000e800100798001e00900056
:10437400104078000004e000050032001e009000a8
:104384009040780000c2b30080cf5000caff3a00ca
:104394001e4078000080fa00000006000000fa00c9
:1043a4007a46a800609980008000eb004206200055
:1043b40003002000820f5000838f5800d1023e007a
:1043c4000060010064003700850037008e0037006c
:1043d400ab003700b4003700d1003700df003700ee
:1043e400f8003700010137002a0137003301370094
:1043f40097013700c3023700c2023700c1023700f9
:10440400c0023700bf023700be023700bd023700ca
:10441400bc023700bb023700ba023700b9023700ca
:10442400b8023700b7023700b6023700b5023700ca
:10443400b4023700b3023700b2023700b1023700ca
:10444400b0023700af023700ae023700ad023700ca
:10445400ac023700ab023700aa023700a9023700ca
:10446400a8023700a7023700a6023700a5023700ca
:10447400a4023700a3023700a2023700a1023700ca
:10448400a00237009f0237009e0237009d023700ca
:104494009c0237009b0237009a02370099023700ca
:1044a40098023700970237009602370095023700ca
:1044b40094023700930237009202370091023700ca
:1044c400900237008f0237008e0237008d023700ca
:1044d4008c0237008b0237008a02370089023700ca
:1044e40088023700870237008602370085023700ca
:1044f40084023700830237008202370081023700ca
:10450400800237007f0237007e0237007d023700c9
:104514007c0237007b0237007a02370079023700c9
:1045240078023700770237007602370075023700c9
:1045340074023700730237007202370071023700c9
:10454400700237006f0237006e0237006d023700c9
:104554006c0237006402370000c922008040eb007f
:1045640001487800e20020008000eb0020c922000e
:10457400c80402000000000040e120008040eb007d
:104584000148780000ca22008040eb00014878000e
:1045940050e120008040eb00014878000000eb006f
:1045a400907088000000eb00b070880080e120006b
:1045b4008040eb00014878007a66a900b6e6a800be
:1045c400b6c6a900411f200040c0b300ee66020039
:1045d4000100000010002000609988004c023700a0
:1045e40060c0b300fa68020001000000200020004f
:1045f40060998800a100200040c0b300ee6602006c
:1046040001000000420237000869020001000000b6
:104614001065890011658100400220000088b900fe
:1046240000007800906489009164810080a92300cf
:10463400808f500004003c0091648100309022007f
:10464400808f500004003c00806481000000a100c1
:104654008064890003003700806481000000a000aa
:1046640080648900a100200040c0b300ee6602000f
:104674000100000030002000609988002402370007
:1046840070c0b300fa68020001000000400020007e
:1046940060998800a100200040c0b300ee660200cb
:1046a400010000001a02370008690200010000003e
:1046b4001065890011658100400220000088b9005e
:1046c40000007800a0648900a1648100c00c21006e
:1046d400808f500004003c00a164810070bb200066
:1046e400808f500004003c00806481000010a10011
:1046f4008064890003003700806481000010a000fa
:1047040080648900a100200040c0b300ee6602006e
:10471400010000005000200060998800fc0137006f
:10472400806481000020a0008064890030002000a3
:10473400b064890080c0b300fa6802000100000080
:104744006000200060998800a100200040c0b300f0
:10475400ee66020001000000ed0137000869020066
:1047640001000000106589001165810040022000ed
:104774000088b90000007800c0648900c164810029
:10478400c0762000808f500004003c00c16481008a
:10479400306a2000808f500004003c008064810057
:1047a4000030a10080648900030037008064810028
:1047b4000030a000806489007000200060998800a7
:1047c400d301370050c0b300fa68020001000000b2
:1047d4008000200060998800a100200040c0b30040
:1047e400ee66020001000000c901370008690200fa
:1047f400010000001065890011658100400220005d
:104804000088b90000007800d0648900d0338000ab
:10481400680060000000e0000b003a00d0648100f2
:10482400f064890050e1200010407800e14f50000e
:1048340003003a0050e1200021c0b3000148780091
:104844000000eb009070880031968000d0648100f5
:10485400808f500008003d00d064810030968800ad
:10486400e00421001040780012c4b30082404000ec
:10487400a02c210001487800900020006099880055
:10488400a100200040c0b300ee6602000100000059
:104894009f01370040c0b300fa6802000100000025
:1048a400a000200060998800a100200040c0b3004f
:1048b400ee6602000100000095013700086902005d
:1048c400010000001065890011658100400220008c
:1048d4000088b90000007800e06489001196800027
:1048e400e0648100808f500008003d00e064810096
:1048f40010968800e00421001040780012c4b30030
:1049040082404000802c21000148780021968000dc
:10491400e0648100808f500008003400e06481006e
:1049240020968800e00421001040780012c4b300ef
:1049340082404000902c210001487800e16481000d
:1049440040902200808f50000500340011c0b30055
:1049540020002000d43102000100000008003700cc
:10496400e1648100f0702200808f500004003c005c
:1049740011c0b30020002000063202000100000034
:10498400d164810080af2200808f50000500340084
:1049940011c0b30080002000d431020001000000e7
:1049a40024003700d1648100f07c2000808f500007
:1049b40020003c00e0042100104078008000fb004f
:1049c40020d72000104078000080fb00808f50002a
:1049d4000d003500e0042100104078008000fb0049
:1049e40030d72000104078000080fb00808f5000fa
:1049f40005003d0011c0b300800020000632020013
:104a0400010000000b003700e0d8200010407800bf
:104a14008080fb0000042000008060000000e000b3
:104a24000400320011c0b3008000200006320200ee
:104a340001000000b000200060998800a10020005f
:104a440040c0b300ee6602000100000030013700f0
:104a540050e1200010407800e24f50001d00360065
:104a640050e120008040eb00014878000000eb009a
:104a74009070880080e12000104078000004e0007d
:104a840014003200b6d4020001000000c07e2c00e5
:104a940052d402000100000081e1200000802c00bb
:104aa400baaf0200000000000041eb00f1b32000a7
:104ab40080e1200086c4020000000000f0b3200062
:104ac4008040eb000148780080e120008040eb004a
:104ad4000148780050e1200010407800e24f500077
:104ae40003003a0050e1200031c0b30001487800cf
:104af400a1658100b0658100808f500021003900dc
:104b0400400d2300a065890040cb220045ca220045
:104b140064ca22008001780022c0b300f12e200074
:104b240000cab3009a8d020001000000006b23004c
:104b3400b065890060cb220045ca220064ca220005
:104b44008001780022c0b300112f200000cab300f6
:104b54009a8d020001000000401f2000c0658900fa
:104b640080cb220045ca220064ca2200800178005a
:104b740022c0b300312f200000cab3009a8d020076
:104b84000100000040e12000104078000080fb009c
:104b9400e10f50004b003200e20f5000a900320038
:104ba4000000e000c0003a00e0648100800078006a
:104bb400a0658100808f50000b003100d06481001b
:104bc40080007800e064810000017800c065810005
:104bd40000004100808f500003003600b070800058
:104be4000000e00003003d00b07080000000e00021
:104bf4001b00340000ca220011c0b3000148780031
:104c04007a66a800b6e6a900b6c6a80040e120006e
:104c140011c0b30001487800a0cb220010407800f6
:104c24000081fb00d1648100e0648100821f780070
:104c3400811f7800801f780050802c00801f78002e
:104c4400c0c820009204020000000000e88757005a
:104c5400c0c8200052d40200010000000600370042
:104c64007a66a900b6e6a800b6c6a90000ca220062
:104c74008040eb000148780050e1200010407800ab
:104c84000004e0008c0032007a66a900b6e6a800b1
:104c9400b6c6a90040e1200021c0b3000148780055
:104ca400b201200091822c00c0c82000ba04020086
:104cb40000000000c0c8200052d40200010000001f
:104cc400820037007a66a800b6e6a900b6c6a80036
:104cd400b07080000000e0002b003500b070800050
:104ce4000000e00044003a00a0cb2200104078000d
:104cf4000080fb00610060000000e0003e003a001c
:104d0400e064810080007800b0658100808f5000ed
:104d140004003e00d1648100e0648100808f500073
:104d240006003c00a0cb2200104078000080fb006d
:104d3400620060000000e00013003200e0648100c3
:104d440080007800b0658100808f500008003e002c
:104d5400f1648100e0648100808f5000040034001d
:104d6400d164810080382100808f500022003c00f3
:104d7400a0cb2200104078000080fb00620060009d
:104d84000000e0001c00320000ca22008040eb005a
:104d9400014878007a66a900b6e6a800b6c6a9005c
:104da40040e120008040eb0001487800a0cb2200c5
:104db400104078008081fb00f2648100d16481009e
:104dc400e0648100831f7800821f7800811f7800cf
:104dd400801f780040842c00801f7800c0c8200009
:104de4009204020000000000ea875700c0c82000b7
:104df40052d402000100000050e12000104078006d
:104e04000004e0002e0032007a66a900b6e6a8008d
:104e1400b6c6a90040e1200021c0b30001487800d3
:104e2400b2012000f1862c00c0c82000ba040200a0
:104e340000000000c0c8200052d40200010000009d
:104e4400220037007a66a900b6e6a800b6c6a90013
:104e540050e12000104078000004e0001a003a00fd
:104e64007a66a800b6e6a900b6c6a80040e120000c
:104e74008040eb0001487800f0648100801f7800d6
:104e8400a0882c00801f7800c0c820009204020073
:104e940000000000e4875700c0c8200052d402007c
:104ea400010000000900370040e120008040eb00d1
:104eb40001487800050037000000000003003700b7
:104ec4000000000001003700000000001000200076
:104ed40060998800813e200040c0b300ee66020065
:104ee400010000000a0037001000200060998800cb
:104ef400a100200040c0b300ee66020001000000e3
:104f0400030037000000eb006099880000000000f7
:104f14000080fa00000006000200fa00609c800095
:104f2400ef0f5000c7013200ef0f50000e003e009b
:104f3400eb0f5000f0003200eb0f500005003e0074
:104f44000000e0001e003200e10f50003e0032007d
:104f5400ac023700ed0f50005e013200ed0f50003f
:104f64009c013e00f3003700910c2000810f50009b
:104f7400f4013200910c2000810f500006003e0025
:104f8400f00f5000e60132004006b100e40f50007b
:104f94009c023e0024003700b10c2000810f500019
:104fa4007c023200b10c2000810f50002f02390026
:104fb400a10f2000810f50008f02320091023700b0
:104fc4000080eb00705f8900f0d8200090407800ea
:104fd40030bf22000148780000d9200090407800ba
:104fe40050bf22000148780000ca22009040780097
:104ff40040bf22000148780000cb22001040780016
:10500400e540600020bf220001487800813e200076
:1050140040c1b300ee66020001000000400620001b
:10502400609c88008c023700017d200040c1b300e1
:10503400ee66020001000000609c80000000e800b1
:10504400609c880084023700f02a21001040780018
:105054000004e00009003200f02a21008040eb0047
:1050640001487800e0bc22008040eb000148780051
:10507400900c2000609c88007702370070bf2200eb
:105084008040eb000148780000cb220010407800fb
:10509400654f600020bf2200104078009e4f5000f2
:1050a4000b0032000040eb00cc260200010000009f
:1050b400e14f500006003a0070bf22001040780013
:1050c400804078000124a00070bf220001487800cd
:1050d40060bf2200104078000004e0001c00320091
:1050e40000cb2200104078000080fb0064006000c8
:1050f4000000e0001600320000cb220010407800cf
:105104008080fb0000032000008060000000e000bd
:105114000f003a0060bf22008040eb000148780095
:1051240070bf220010407800804078000124a00065
:1051340070bf22000148780070bf22001040780040
:10514400804078000134a00070bf2200014878003c
:1051540030bf220090407800f0d820001040780042
:1051640080cf50000c003a0050bf220090407800dd
:1051740000d920001040780080cf500006003a008b
:10518400116d80005056810080806000705f810046
:10519400808f50000b0032000040eb00cc26020050
:1051a40001000000e14f500006003a0070bf2200e9
:1051b40010407800804078000104a00070bf2200f5
:1051c4000148780040bf22009040780000ca2200c5
:1051d4001040780080cf50000f003200f0ac220065
:1051e400104078000004e0000b003d000040eb009c
:1051f400cc26020001000000e14f500006003a00f6
:1052040070bf220010407800804078000114a00094
:1052140070bf22000148780070bf2200104078005f
:105224000004e0002f003200509a8000e10f50008b
:105234002c003a0040e98000e30f500029003a00b6
:1052440060da2000104078000004e00025003400fb
:10525400c4b60200010000000004e00021003a008e
:10526400501f2200104078000004e0001d003a00a6
:10527400106d8000805f8900815f8100505681003d
:1052840000806000705f890000ca220090407800ae
:1052940040bf22000148780000d9200090407800e7
:1052a40050bf220001487800f0d8200090407800d8
:1052b40030bf22000148780000cb22001040780063
:1052c400e540600020bf220001487800c0002000b3
:1052d400609c8800e0bc22008040eb00014878001c
:1052e400dd013700a10f200040c1b300ee660200cb
:1052f40001000000d8013700e0bc22001040780013
:105304008040e800e0bc220001487800e0bc2200b4
:1053140010407800e94f500003003600a00f200031
:10532400609c8800cc013700c0002000609c88008d
:10533400c9013700e0bc2200104078000080fb0067
:10534400505f8900505f81004600dd00505f890096
:10535400505f81001004b000505f8900f1bc22004e
:10536400505f81000080e80045ca220064ca220020
:105374008101780012c0b3008000780000cab30035
:10538400aa8e020001000000f0bc22001040780048
:1053940080407800c0be220001487800b0002000a0
:1053a400609c8800c0be2200104078008080fb0012
:1053b40000042000008060000000e00021003200b2
:1053c400920120008000eb00f0bc2200c80402001f
:1053d40000000000f1bc2200505f81007200400018
:1053e40044ca220063ca22000101780080007800c8
:1053f40000cab3008ece02000100000080be22006d
:105404008040eb0001487800f0bc22001040780096
:105414000004e0007f013200f0bc2200e8d002006a
:10542400010000000000e0007c013200d0002000f8
:10543400609c88001029210041c1b3000148780014
:105444008501370070bf2200104078000080fb0007
:10545400680060000000e000720132009201200048
:105464008000eb00f0bc2200c80402000000000031
:10547400f1bc2200505f81007200400044ca220047
:1054840063ca2200010178008000780000cab300da
:105494008ece02000100000080be22008040eb009e
:1054a40001487800f0bc2200104078000004e000bd
:1054b4005e013200f0bc2200e8d0020001000000ce
:1054c4000000e0005b01320040012000609c880085
:1054d40061013700f0bc2200104078000004e000b5
:1054e4003300320020498100610060000000e000c8
:1054f40031003a00701d2200104078000004e000e2
:1055040004003200701d220010407800e34f500068
:1055140029003a00501f2200104078000004e000e7
:1055240004003200501f220010407800e34f500066
:1055340021003a0070bf2200104078000080fb0078
:1055440061006000004078000004e00015003200b3
:10555400c0be2200104078008040780000c8b3002c
:1055640080c06000805f8100014178008000780085
:10557400f0bc22007e2c020001000000411f20002c
:1055840040c1b300ee66020001000000e00020000c
:10559400609c880010292100a1c0b3000148780054
:1055a40005003700f0002000609c880002003700ee
:1055b400b0002000609c8800102921001040780071
:1055c4000004e0001d013a00b0002000609c880047
:1055d4002101370020498100614060000080fb0008
:1055e400610060000000e00011003a001029210071
:1055f40041c1b30001487800c0be220010407800c9
:105604000004e00003003d0040012000609c88008d
:1056140002003700f0002000609c8800411f200039
:1056240040c1b300ee660200010000000a01370029
:105634002103200040c1b300ee6602000100000017
:1056440005013700f0bc2200104078000004e0009f
:105654002a00320020498100610060000000e0005f
:1056640028003a00701d2200104078000004e00079
:1056740004003200701d220010407800e34f5000f7
:1056840020003a00501f2200104078000004e0007f
:1056940004003200501f220010407800e34f5000f5
:1056a40018003a0070bf2200104078000080fb0010
:1056b400620060000000e0000d003200f0bc220037
:1056c4009e2c020001000000411f200040c1b300d5
:1056d400ee6602000100000000012000609c8800ca
:1056e40010292100a1c0b30001487800050037004b
:1056f40040012000609c880002003700b0002000b8
:10570400609c880010292100104078000004e0000b
:10571400cc003a00b0002000609c8800ce00370026
:1057240020498100614060000080fb00610060004e
:105734000000e000c5003a00b0002000609c880032
:10574400c5003700e0bc2200104078000080fb0058
:10575400505f8900505f81004600dd00505f890082
:10576400505f81001004b000505f8900f1bc22003a
:10577400505f81000080e80045ca220064ca22000c
:105784008101780012c0b3008000780000cab30021
:10579400aa8e020001000000f0bc22001040780034
:1057a40080407800c0be220001487800a00c200090
:1057b400609c8800c0be2200104078008080fb00fe
:1057c40000042000008060000000e000230032009c
:1057d400920120008000eb00f0bc2200c80402000b
:1057e40000000000f1bc2200505f81007200400004
:1057f40044ca220063ca22000101780080007800b4
:1058040000cab3008ece02000100000080be220058
:105814008040eb0001487800f0bc22001040780082
:105824000004e00009003200f0bc2200e8d00200cd
:10583400010000000000e0000400320010292100f3
:1058440041c1b3000148780083003700f0bc220056
:105854008040eb00014878007f003700f0bc220054
:105864008040eb00014878007b003700f0bc220048
:10587400104078000004e000380032002049810024
:10588400610060000000e00022003a00701d220068
:10589400104078000004e00004003200701d220073
:1058a40010407800e34f50001a003a00501f2200c5
:1058b400104078000004e00004003200501f220071
:1058c40010407800e34f500012003a00f1bc22006f
:1058d40020ad2c005ab602000000000012c0b30034
:1058e400f1b32000f0bc220086c4020000000000d6
:1058f400411f200040c1b300ee6602000100000019
:10590400b00c2000609c880010292100a1c0b300c5
:105914000148780010292100104078000004e000bc
:105924004c003a00e0bc2200104078008040e800bf
:10593400e0bc220001487800e0bc2200104078005e
:10594400e94f500002003600a00f2000010037008c
:10595400900c2000609c88003f003700e0bc2200cf
:10596400104078008040e800e0bc22000148780044
:10597400e0bc220010407800e94f500002003600dd
:10598400a00f200001003700900c2000609c8800cc
:105994003100370020498100614060000080fb0035
:1059a400610060000000e0000e003a00e0bc22004c
:1059b400104078008040e800e0bc220001487800f4
:1059c400e0bc220010407800e94f5000020036008d
:1059d400a00f200001003700900c2000609c88007c
:1059e4001d0037002103200040c1b300ee66020011
:1059f400010000001800370010002000609c88009f
:105a04001500370010002000609c88000000000092
:105a140011003700000000000f00370000000000f4
:105a24000d003700000000000b00370000000000ec
:105a340009003700000000000700370000000000e4
:105a440005003700000000000300370000000000dc
:105a540001003700000000000080fa00000006008a
:105a64000200fa00004f7800114798001e80fb00e6
:105a740041d92000614078000080fb00e40f500011
:105a84005c003200e40f50000c003c00e10f5000b9
:105a940028003200e10f500003003c000000e00049
:105aa4000f003200cc003700e20f5000300032000b
:105ab400e30f500036003200c7003700e60f5000f5
:105ac40093003200e60f500054003500e70f5000f9
:105ad4009d003200e80f5000ad003200be003700d8
:105ae4001e4090000004e00005003a001e80fb0008
:105af40041d9200012c0b30082707800d40037006e
:105b04001e407800e34f5000be003a00116d800043
:105b140000082000008060000000e000bb003200ac
:105b240011c0b30000082000d431020001000000bd
:105b3400c70037001e4090000004e00004003a0053
:105b44001e80fb0041d9200022c0b300827078007f
:105b54001e409000e14f5000ae003a001e80fb0052
:105b640041d920000041eb0082707800b800370072
:105b74001e409000e14f5000a8003a001e80fb0038
:105b840041d920000041eb0082707800b00037005a
:105b94001e407800e34f500009003a00116d800068
:105ba40000082000008060000000e00004003a00cb
:105bb40011c0b300000820000632020001000000fa
:105bc4001e407800e24f500096003a00116d8000ac
:105bd40000402000008060000000e00093003a00d4
:105be40011c0b30000402000063202000100000092
:105bf400970037001e80fb0081d920000000400080
:105c0400008040008000eb00010878001e80fb004b
:105c140041d9200052c0b300827078001e40900029
:105c2400e14f50000b003a001e80fb0041d92000d8
:105c34000041eb00827078001e80fb0081d92000b7
:105c440000004000008040008000eb000108780064
:105c54007f0037001e407800e34f500009003a00ef
:105c640011c0b30000082000063202000100000049
:105c74001e80fb0041d9200072c0b30082707800fe
:105c8400730037001e407800e24f500009003a00cc
:105c940011c0b300004020000632020001000000e1
:105ca4001e80fb0041d9200082c0b30082707800be
:105cb400670037001e80fb0082d92000800040006e
:105cc40081004100910078008100e80082d9200021
:105cd4000000400000004100010878001e80fb0025
:105ce40081d920000000400000804000900078002e
:105cf400007d2000808f50004e0036001e80fb0087
:105d040041d9200062c0b30082707800500037008f
:105d14001e409000e14f500048003a001e80fb00f6
:105d240041d920000041eb00827078001e80fb0006
:105d340081d9200000004000008040008000eb007a
:105d440001087800420037001e409000e14f5000e7
:105d54003c003a001e80fb0041d920000041eb00ca
:105d6400827078001e80fb0081d920000000400072
:105d7400008040008000eb000108780011c0b300ef
:105d840000082000d4310200010000003000370078
:105d94001e409000e14f50002c003a001e80fb0092
:105da40041d920000041eb00827078001e80fb0086
:105db40081d9200000004000008040008000eb00fa
:105dc4000108780011c0b30000402000d431020063
:105dd400010000001e0037001e80fb0041d9200096
:105de4000041eb00827078001e80fb0081d9200006
:105df40000004000008040008000eb0001087800b3
:105e040013003700000000001100370000000000fc
:105e14000f003700000000000d00370000000000f4
:105e24000b003700000000000900370000000000ec
:105e340007003700000000000500370000000000e4
:105e440003003700000000000100370000000000dc
:105e54000080fa00000006000400fa0020479800c1
:105e6400314798000040eb00004f78002e4090002e
:105e7400e34f500005013e00e0cc220081c0b30096
:105e840001487800106d80000000e00007003a002f
:105e940000cb2200104078000080fb00610060000d
:105ea400004078000004e00006003200e0cc22004c
:105eb40010407800804078000124a000e0cc22004b
:105ec4000148780010d92000104078000080fb00c1
:105ed4006a0060000000e0000400320020d92000c5
:105ee40010407800e24f50000a003a00f0b7220058
:105ef40010407800e14f500006003200409b8000c3
:105f04000000e00016003200409b8000e80f5000c3
:105f140013003e00e0cc220010407800804078005e
:105f24000104a000e0cc220001487800a0c72200b0
:105f3400104078000004e00009003a00f0b72200a5
:105f440010407800e14f500005003a00a0c722003d
:105f540021c0b3000148780010002000c09c8800d4
:105f640010d92000104078000080fb00640060001d
:105f74000000e0001000320010d92000104078002a
:105f84000080fb00680060000000e0000a003a00a6
:105f940020d9200010407800e24f50000600320063
:105fa400e0cc220010407800804078000114a0006a
:105fb400e0cc220001487800409b8000e60f5000ae
:105fc40012003a00e0cc22001040780080407800b3
:105fd4000114a000e0cc2200014878002e4090007b
:105fe4000080fb004200dd000080e800d1db2000df
:105ff40061407800e14f500007003a00f0cc2200e5
:1060040011c0b3000148780003003700f0cc22002f
:106014008040eb000148780000cb2200104078005b
:106024000080fb00640060000000e0000600320015
:10603400e0cc220010407800804078000144a000a9
:10604400e0cc220001487800309980000000e00094
:106054000900320030998000e30f500006003e0032
:10606400e0cc220010407800804078000154a00069
:10607400e0cc220001487800509a8000e20f5000e2
:1060840006003600e0cc2200104078008040780002
:106094000174a000e0cc220001487800f0802000c8
:1060a400104078000080fb00630060000000e00006
:1060b4000d003200f0802000104078008080fb004a
:1060c400000e2000008060000000e00006003a009e
:1060d400e0cc220010407800804078000164a000e9
:1060e400e0cc2200014878002e4090000080fb00a4
:1060f4004200dd00c1db2000e1407800e0cc22005a
:106104001040780000c060000004e0001700320076
:1061140010c0b300004f7800e0cc2200104078009b
:106124008080fb0000022000008060000000e0008e
:10613400270032002e4090000080fb004200dd006a
:10614400c1db2000614078008080fb000002200059
:10615400008060000000e0001d003200008120008b
:1061640061c0b3000148780019003700f0dc20005a
:10617400104078000004e000150032002e4090002a
:106184000080fb004200dd00d1db2000e14078000c
:10619400e0cc22001040780000c060000004e00061
:1061a4000200320010c0b300004f78002e4090006f
:1061b4000004e00006003a00e0802000104078006f
:1061c4000004e0000200320010c0b300004f780069
:1061d4002e4090000080fb004200dd000080e800bb
:1061e400c1db2000614078000004e00008003200b8
:1061f4001e4078000004e000030032000040eb0081
:10620400004f78000200370010c0b300004f780040
:106214003e4090009e40780080cf50000d00320038
:106224002e4090000080fb004200dd00c1db200016
:10623400614078008080fb00000220000080600044
:106244000000e000030032000081200071c0b300b0
:10625400014878002e4090000080fb004200dd00e1
:106264000080e800d1db2000614078000004e000f9
:1062740006003200f0cc220010407800e14f5000bc
:1062840002003a0010c0b300004f78001e407800ae
:106294000080fa00000006009c00fa00889fbe00ff
:1062a4008a1f7800102b2100104078000080fb002a
:1062b400000f78001e007800e40f500002003e003a
:1062c40050002000000f78009e00780050c0b300fa
:1062d400ee66020001000000e05980000000e000ca
:1062e40029003a00403680004400de00614060002e
:1062f400804078000040eb00d9fd07004036800064
:106304004500de00614060008040780010c0b300aa
:10631400d3fd0700403680004300de00614060008a
:106324008040780020c0b300cdfd070040368000d7
:106334004200de00614060008040780030c0b3005d
:10634400c7fd070040d9200010407800e64f5000f8
:106354000400320050d9200010407800e64f50006d
:1063640005003a0011c0b3004000200006320200cc
:10637400010000000400370011c0b30040002000f9
:10638400d431020001000000909980000000e80070
:1063940090998800002b2100104078000080fb00b9
:1063a400620060000000e000670032009099800005
:1063b400e10f500003003200e40f500021003200ce
:1063c40053003700200781000000d10061406000c5
:1063d4008082fb0020078100614060000082fb0096
:1063e40043e9800020498100614060000081fb0096
:1063f400d19880000e80e800851f7800841f780003
:10640400831f7800821f7800811f780081932c00fd
:10641400811f7800610920005e0402000000000072
:10642400ec8757000040eb00005f9900b6d40200ef
:10643400010000000e80e80052d4020001000000b8
:1064440041003700a0282100104078000085fb009f
:1064540039998000d8988000579a8000403680008f
:106464004500de00614060000083fb004036800090
:106474004400de00614060008082fb000081200057
:10648400104078000082fb0010812000104078004a
:106494008081fb0050d92000104078000081fb006f
:1064a40040d92000104078008080fb000e80e80076
:1064b4008a1f7800891f7800881f7800871f78005a
:1064c400861f7800851f7800841f7800831f78005a
:1064d400821f7800811f780061972c00811f78004b
:1064e400610920005e04020000000000f6875700e6
:1064f4000040eb00005f9900b6d4020001000000e8
:106504000e80e80052d40200010000000e003700a3
:1065140091998000518f9800027d20001e00780020
:1065240080017800110009000381d800de88900002
:10653400808f5000030039000000eb009099880020
:1065440001003700000000004f0578004f04be0032
:106554000080fa00000006000800fa001007980006
:1065640021079800624798000000eb00000f7800b4
:1065740020498100610060000000e00008003a004a
:106584001e009000104078000004e0000400320077
:106594002e009000104078000004e00002003a0051
:1065a4000040eb00410037000000eb00000f7800d2
:1065b400080037001e0078009e0090000080400014
:1065c40090407800609c22001e0040000148780042
:1065d4001e0fe8001e0078009e009000008040001e
:1065e400104078000004e000030032001e00780030
:1065f400f80f5000efff3400609c22001e004000a2
:106604008040eb00014878000000eb00000f7800a8
:10661400080037001e007800ae00900000804000a3
:1066240090407800409222001e00400011409800e3
:106634001e0fe8001e007800ae00900000804000ad
:10664400104078000004e00004003200f00920004b
:106654009e007800808f5000eeff340040922200ac
:106664001e0040008040eb0011409800204981004a
:106674000010a10020498900204981000000a000e9
:10668400204989006e409000614060000080fb005a
:10669400610060004400dd00214981000140a10047
:1066a400010070002049890010c0b3000080fa0086
:1066b400000006000200fa00004f78001e80fb0074
:1066c400e10f50000b003200e20f500010003200c6
:1066d4000000e00015003a00701081000010a100d5
:1066e40070108900701081000000a10070108900f2
:1066f4000e003700701081000010a0007010890097
:10670400701081000000a10070108900070037009c
:10671400701081000010a1007010890070108100b9
:106724000000a00070108900000000000080fa0042
:10673400000006000000fa00701081006200600092
:106744000000e00006003a00701081006100600063
:106754000000e00002003a000040eb002100370096
:1067640070108100620060000000e00006003a0042
:1067740070108100610060000000e000020032003f
:1067840020c0b30017003700701081006200600061
:106794000000e0000600320070108100610060001b
:1067a4000000e00002003a0010c0b3000d00370002
:1067b40070108100620060000000e00008003200f8
:1067c40070108100610060000000e00004003200ed
:1067d40010c0b300b7ff070010c0b30001003700ba
:1067e400c0c0b3000080fa00000006000000fa00f8
:1067f40040e98000004078000080fa0000000600b4
:106804000000fa0090658100004078000080fa00e2
:10681400000006000000fa00701d220010407800fd
:106824000004e00009003a00501f220010407800e4
:106834000004e00005003a0040e98000e30f500046
:1068440002003a0010c0b300010037000040eb0022
:106854000080fa00000006000800fa0020079800f3
:10686400614798000000eb00000f78002e009000b4
:106874007c9e02000100000010079800e5ff07005d
:106884000004e0000b0032001e009000f90f5000dd
:1068940008003c001e0090000000e00005003200eb
:1068a4002e009000e8d00200010000000000e0008b
:1068b40002003a000040eb001e003700d00e8100b9
:1068c4000010a100d00e8900808a2c0052d402004e
:1068d40001000000501f220011c0b30001487800dd
:1068e400920120008000eb00b01d2200c8040200c9
:1068f400000000000000eb00000f780008003700e3
:106904001e007800ae0090000080400090407800a7
:10691400a01d22001e004000114098001e0fe80038
:106924001e0090009e007800808f5000f4ff350018
:1069340010c0b3000080fa00000006000000fa0056
:10694400701d2200104078000004e00004003a00aa
:10695400501f2200104078000004e00002003200c2
:1069640010c0b300010037000040eb000080fa00c3
:10697400000006000000fa006eff07000004e000bb
:1069840008003a00e00d81000000a000e00d89003d
:10699400d00e81000000a000d00e890010c0b3000a
:1069a400010037000040eb000080fa000000060000
:1069b4000e00fa00404f9800b6d402000100000017
:1069c400808d2c0052d40200010000004e4890003b
:1069d4000080fb0001052000810f500039003200c7
:1069e40001052000810f500007003c0041042000f5
:1069f400810f50000b003200d1042000810f5000a1
:106a040048003200a200370021052000810f500009
:106a14008300320041052000810f500059003200ec
:106a24009b00370050d6200090407800801f220041
:106a34002140980010d6200090407800801f22004a
:106a44003140980090d6200090407800801f2200aa
:106a540041409800c0d5200090407800801f22005b
:106a640051409800f0d5200090407800801f22000b
:106a740011409800608e2c0052d4020001000000e6
:106a8400c08e2c0052d4020001000000801f22009e
:106a9400104090000080fb00801f7800108f2c00b5
:106aa400801f78000e0078009204020000000000ad
:106ab400e48757000e00780052d402000100000061
:106ac4007800370060d6200090407800801f2200b4
:106ad4002140980020d6200090407800801f22009a
:106ae40031409800a0d6200090407800801f2200fa
:106af40041409800c0d5200090407800801f2200bb
:106b040051409800b0d5200090407800801f2200aa
:106b140011409800508f2c0052d402000100000054
:106b24006000370080d6200090407800801f22004b
:106b34002140980020d6200090407800801f220039
:106b440031409800c0d6200090407800801f220079
:106b540041409800e0d5200090407800801f22003a
:106b640051409800d0d5200090407800801f22002a
:106b740011409800a08f2c0052d4020001000000a4
:106b84004800370070d6200090407800801f220013
:106b94002140980030d6200090407800801f2200c9
:106ba40031409800b0d6200090407800801f220029
:106bb40041409800d0d6200090407800801f2200e9
:106bc4005140980040d62000104078000004e000b6
:106bd40008003a00e0d6200011c0b3000148780054
:106be40040d6200090407800801f22001140980079
:106bf40007003700e0d620008040eb000148780011
:106c040040d6200090407800801f22001140980058
:106c140020902c0052d40200010000002100370013
:106c240050d6200090407800b0cdb30080c0400022
:106c3400801f22002140980010d620009040780048
:106c4400b0cdb30080c04000801f220031409800c6
:106c540090d6200090407800801f22004140980088
:106c6400c0d5200090407800801f22005140980039
:106c7400f0d5200090407800801f22001140980039
:106c840080902c0052d4020001000000050037005f
:106c940000912c0052d40200010000000040eb00df
:106ca40014003700801f22009040900040c6b300bb
:106cb40080cf500003003600801f2200e1c0b300e3
:106cc40011409800801f2200ce4890006140980037
:106cd400801f2200900078000100a00001087800c5
:106ce400801f2200900078000110a10001087800a4
:106cf40010c0b3000080fa00000006000000fa0093
:106d0400701d220010407800e24f500007003a0046
:106d1400e00d8100620060000000e000030032002a
:106d2400e00d81000020a000e00d89000040eb0090
:106d34000080fa00000006000200fa00004f78000c
:106d44009e40780061c060000080fb00610060002c
:106d540000004000e10d81000110a100010070005d
:106d6400e00d89000080fa00000006000000fa002f
:106d7400e00d81000000d100614060000080fa0055
:106d8400000006000000fa00701d22001040780088
:106d94000080fa00000006000000fa00c00e810026
:106da4000080fa00000006000000fa00b00f810025
:106db4000080fa00000006000600fa0010079800a0
:106dc40041479800524798000040eb00004f78007c
:106dd4004e409000ea4f500009003e004e409000a3
:106de4000004e000060032005e409000f44f5000c2
:106df40003003e005e4090000004e00002003a0000
:106e04000040eb00360037000040eb00004f7800f4
:106e1400220037001e80fb009e009000008040008e
:106e2400104078000000fb0091032000810f500007
:106e34000a003c0001032000810f50000a003d00bd
:106e440031022000810f500007003200a10220000f
:106e5400810f5000040032000e0037001004b1000e
:106e6400e30f50000b003e001e81fb001e80fb0060
:106e74009e00900000804000104078008040780020
:106e84000020220000004100114098001e4fe8003d
:106e9400020037000040eb00110037004e40900024
:106ea4009e40780080cf5000daff3900d0202200c5
:106eb400ce40900001487800c0202200de409000bf
:106ec40001487800001081000010a1000010890022
:106ed400001081000000a0000010890010c0b30061
:106ee4000080fa00000006000000fa000010810093
:106ef400614060000080fa00000006000000fa0013
:106f0400001081000000d100614060000080fa00a0
:106f1400000006003400fa00c09c80008000eb00f2
:106f24003206200003002000820f5000838f580097
:106f34009d013e00006001009b01370062003700a4
:106f44007d00370090003700ad003700bd003700ea
:106f5400d7003700e7003700fb0037000d0137008a
:106f64006d013700800137008f0137008e01370033
:106f74008d0137008c0137008b0137008a013700ff
:106f840089013700880137008701370086013700ff
:106f940085013700840137008301370082013700ff
:106fa40081013700800137007f0137007e013700ff
:106fb4007d0137007c0137007b0137007a013700ff
:106fc40079013700780137007701370076013700ff
:106fd40075013700740137007301370072013700ff
:106fe40071013700700137006f0137006e013700ff
:106ff4006d0137006c0137006b0137006a013700ff
:1070040069013700680137006701370066013700fe
:1070140065013700640137006301370062013700fe
:1070240061013700600137005f0137005e013700fe
:107034005d0137005c0137005b0137005a013700fe
:1070440059013700580137005701370056013700fe
:1070540055013700540137005301370052013700fe
:1070640051013700500137004f0137004e013700fe
:107074004d0137004c0137004b0137004a013700fe
:1070840049013700480137004701370046013700fe
:1070940045013700440137004301370042013700fe
:1070a40041013700400137003f0137003e013700fe
:1070b4003d0137003c0137003b0137003a013700fe
:1070c40039013700e200370000d7200045ca22000a
:1070d40064ca22008001780022c0b30091422000db
:1070e40000cab300aa8e020001000000806b800079
:1070f400801f780060562c00801f78000e007800f6
:107104009204020000000000e48757000e0078009b
:1071140052d402000100000044010700a100200035
:1071240060c1b300ee6602000100000020002000f0
:10713400c09c88001c01370010582c0052d4020057
:107144000100000000c822008040eb0001487800e4
:1071540010c8220041c0b30001487800b2c7220021
:107164002100200000c822003d010700411f20002b
:1071740060c1b300ee660200010000003000200090
:10718400c09c880008013700a0c722001040780086
:107194000080fb00e10f500003003200e20f5000ba
:1071a400070032000c003700e0592c0052d40200d2
:1071b4000100000040002000c09c88000f00370040
:1071c400405b2c0052d4020001000000800020002b
:1071d400c09c880009003700a0c722008040eb0053
:1071e40001487800b05c2c0052d402000100000079
:1071f40080002000c09c880000000000ea003700e6
:1072040000c822008040eb000148780010c822002a
:1072140041c0b30001487800b2c722002100200019
:1072240000c822000e010700416a200060c1b300bb
:10723400ee6602000100000050002000c09c88009f
:10724400d9003700c3122000320620008040eb0032
:10725400d05d2c0048cb02000000000000c82200d2
:107264008040eb000148780010c8220051c0b300f0
:1072740001487800b2c722002100200000c8220083
:10728400f7000700816b8000803e20000088b90071
:10729400000078008000780060c1b300ee66020050
:1072a4000100000060002000c09c8800be00370080
:1072b40000c822008040eb000148780010c822007a
:1072c400c1c0b30001487800b2c7220021002000e9
:1072d40000c82200e20007002103200060c1b300bf
:1072e400ee6602000100000070002000c09c8800cf
:1072f400ad003700a0c722008040eb0001487800b1
:10730400705e2c0052d4020001000000d4cb0200b5
:107314000000000000c822008040eb000148780013
:1073240010c822008040eb0001487800b2c7220058
:107334002100200000c82200c90007000000eb0063
:10734400c09c8800980037000000eb00706489003e
:1073540000c822008040eb000148780010c82200d9
:1073640041c0b30001487800b2c7220021002000c8
:1073740000c82200ba0007002103200060c1b30046
:10738400ee6602000100000090002000c09c88000e
:1073940085003700501f220010407800e34f500052
:1073a40008003200501f220010407800e64f5000c1
:1073b40004003200501f2200104078000004e00056
:1073c40007003a00f0b7220010407800e14f500067
:1073d40003003200a0002000c09c88007200370027
:1073e40080602c0052d40200010000000000eb0079
:1073f4007064890000c822008040eb0001487800d6
:1074040010c8220071c0b30001487800b2c722003e
:107414002100200000c82200910007007064810050
:107424000000e8007064890030062000c09c8800d9
:10743400c0c822008040eb000148780021032000ee
:1074440060c1b300ee660200010000005600370080
:10745400501f220010407800e34f50000800320013
:10746400501f220010407800e64f50000400320004
:10747400501f2200104078000004e00007003a008a
:10748400f0b7220010407800e14f500003003200b2
:10749400a0002000c09c880043003700c0c8220020
:1074a400104078008040e800c0c8220001487800fd
:1074b400c0c8220010407800f34f5000110036007d
:1074c400c0c822008040eb0001487800706481004d
:1074d4000000e8007064890071648100806b8000a2
:1074e400808f5000070035000000eb0070648900b5
:1074f40090002000c09c8800d0612c0052d402006f
:10750400010000002103200060c1b300ee66020008
:10751400010000002400370000c822008040eb0076
:107524000148780010c82200c1c0b30001487800a7
:10753400b2c722002100200000c822004800070032
:107544002103200060c1b300ee66020001000000c8
:1075540050632c0052d4020001000000b00020004f
:10756400c09c880010003700a0c722008040eb00b8
:107574000148780000c822008040eb0001487800f0
:1075840010c822008040eb0001487800b2c72200f6
:107594002100200000c82200310007000000eb0099
:1075a400c09c880000000000f0b722001040780062
:1075b400e14f50000c003200a0c7220010407800b8
:1075c400e24f500008003200501f220010407800a3
:1075d400e14f500004003200501f22001040780098
:1075e400e24f500002003a00b606a800010037003e
:1075f400b606a900501f220010407800e34f500047
:1076040004003200501f220010407800e64f500062
:1076140004003a00b606a900f0b722008040eb004f
:10762400014878000080fa00000006000000fa001b
:107634001224ef001424ef001824ef002024ef009c
:107644002424ef002624ef002824ef002a24ef004e
:1076540000322800802088000080fa000000060024
:107664001800fa00100f9800210f9800320f9800ac
:107674000000eb00000f78000000eb0010079800fa
:107684000000eb00700798000000eb00000f98006a
:107694001000200060079800a366a9001e0890004f
:1076a4000000e00005003a000000eb0050079800dd
:1076b400700047002007980004003700ee00900097
:1076c400510798009e089000210798003e089000fa
:1076d4000000e00005003a000000eb0040079800bd
:1076e4006e0047003007980005003700ee00900058
:1076f40041079800be089000310798000000000080
:10770400c0208000680060000000e000fcff320040
:107714001e00370000000000c020800068006000e8
:107724000000e000fcff32002e00900010407800c2
:107734000080fb00e0208800ae0090005e00900016
:1077440000804000200798001e0fe80000000000a1
:10775400c0208000610060000000e000fcff3200f7
:10776400e0208000804078003e00900001487800ce
:10777400be0090004e00900000804000300798004a
:107784001e0090000000e800100798002e089000ea
:107794009e007800808f5000deff3900a366a800a9
:1077a4001e0078000080fa00000006000200fa00c3
:1077b4000040eb00004f7800f0e02000104078001b
:1077c4000080fb00e10f500013003500e20f500071
:1077d40005003400e30f50000f003a0010c0b3005e
:1077e400004f7800120037002049810061006000da
:1077f4000000e0000b003a0021498100000e200047
:10780400008060000000e00008003a0010c0b300ef
:10781400004f7800060037000000eb00009c880051
:1078240003003700000000000100370000000000e2
:107834001e4078000080fa00000006000200fa00f2
:10784400000f7800f0e02000104078000080fb007a
:10785400e20f50001f003200e30f5000030032001b
:10786400e10f500008003200300037008001eb00c7
:107874000001eb008000eb001e007800ecbc02006d
:1078840000000000290037008001eb000001eb003c
:10789400a1dd20001e007800ecbc02000000000006
:1078a400f0b32000104078000004e0001c00320017
:1078b4000041eb00f1b32000a0dd200086c40200eb
:1078c40000000000f0b320008040eb000148780085
:1078d400160037008001eb000001eb0041df2000bf
:1078e4001e007800ecbc020000000000f0b3200091
:1078f400104078000004e0000b0032000041eb006f
:10790400f1b3200040df200086c402000000000024
:10791400f0b320008040eb000148780003003700fa
:107924000000000001003700000000000080fa00a1
:10793400000006001600fa00009c8000e70f5000cb
:10794400f2003200e70f500010003e00e20f50003a
:1079540071003200e20f500005003e000000e0001c
:107964001b003200e10f500028003200ac01370048
:10797400e50f50009a003200e50f5000b4003e00bd
:10798400e30f50007d003200a5013700ea0f5000dc
:107994003c013200ea0f500005003e00e80f5000a1
:1079a40006013200e90f50001d0132009c0137002e
:1079b400ec0f500065013200ec0f50004a01390011
:1079c400810c2000810f50007901320094013700ae
:1079d400e0e020008040eb0001487800f0e0200067
:1079e4008040eb0001487800a0dd20008040eb00df
:1079f4000148780040df20008040eb000148780017
:107a040010002000009c880088013700e0e020007e
:107a1400104078000004e00008003a00a0dd2000d7
:107a2400104078000004e00004003a0040df200029
:107a3400104078000004e00032003200e0e0200052
:107a4400104078000004e0000c003200f0e0200058
:107a540031c0b30001487800e0e020001040780015
:107a6400e14f500003003a0020002000009c8800f1
:107a74000200370090002000009c8800a0dd200058
:107a8400104078000004e0000c003200f0e0200018
:107a940011c0b3000148780000e1200010407800d4
:107aa400e14f500003003a0020002000009c8800b1
:107ab4000200370090002000009c880040df200076
:107ac400104078000004e0000c003200f0e02000d8
:107ad40021c0b3000148780010e120001040780074
:107ae400e14f500003003a0020002000009c880071
:107af4000200370090002000009c88000000000075
:107b04004a013700411f200020c1b300ee66020085
:107b1400010000004501370024ff07000004e000d5
:107b2400080032000e80e800a1a72c00f6cf020066
:107b3400010000000e80e80040ff07003000200034
:107b4400009c8800f0e0200010407800e34f5000d3
:107b540005003a00810c200020c1b300ee6602004b
:107b64000100000031013700813e200020c1b30034
:107b7400ee660200010000002c0137000bff070035
:107b84000004e000080032000e80e80001a82c0088
:107b9400f6cf0200010000000e80e80027ff070076
:107ba40050002000009c8800f0e020001040780085
:107bb400e34f500005003a00810c200020c1b300bf
:107bc400ee6602000100000018013700813e20002b
:107bd40020c1b300ee66020001000000130137006b
:107be400f2fe07000004e0000b0032000e80e80003
:107bf40061a82c00f6cf0200010000000e80e8000e
:107c04000eff070060cd22008040eb0001487800a1
:107c140060002000009c8800f0e020001040780004
:107c2400e34f500005003a00810c200020c1b3004e
:107c3400ee66020001000000fc003700813e2000d7
:107c440020c1b300ee66020001000000f700370017
:107c5400d6fe07000004e0001e0032000e80e8009b
:107c6400b1a82c00f6cf020001000000000f78003c
:107c74001e0078008e80e8008080400060cd2200e5
:107c8400104078000041eb00a09e020001000000bb
:107c94001e0f40000e80e800e8fe070060cd2200c1
:107ca400104078008040e80060cd22000148780050
:107cb40060cd220010407800e94f500005003600e6
:107cc40070002000009c880060cd220011c0b30029
:107cd40001487800f0e0200010407800e34f5000a5
:107ce40005003a00810c200020c1b300ee660200ba
:107cf40001000000cd003700813e200020c1b30008
:107d0400ee66020001000000c8003700a7fe07006d
:107d14000004e0001b0032000e80e80021a92c00c2
:107d2400f6cf020001000000000f78001e0078006a
:107d34008e80e8008080400060cd220010407800f2
:107d44000041eb00a09e0200010000001e0f400055
:107d54000e80e800b9fe070060cd220010407800d4
:107d64008040e80060cd22000148780060cd220008
:107d740010407800e44f50000200360080002000dc
:107d8400009c8800f0e0200010407800e34f500091
:107d940005003a00810c200020c1b300ee66020009
:107da40001000000a1003700813e200020c1b30083
:107db400ee660200010000009c0037007bfe070015
:107dc4000004e000080032000e80e80091a92c00b5
:107dd400f6cf0200010000000e80e80097fe0700c5
:107de40090002000009c8800f0e020001040780003
:107df400e34f500005003a00810c200020c1b3007d
:107e0400ee6602000100000088003700813e200079
:107e140020c1b300ee6602000100000083003700b9
:107e240062fe07000004e000080032000e80e80053
:107e340011aa2c00f6cf0200010000000e80e80019
:107e44007efe0700a0002000009c8800f0e02000d7
:107e540010407800e34f500005003a00810c2000e8
:107e640020c1b300ee660200010000006f0037007d
:107e7400813e200020c1b300ee6602000100000034
:107e84006a00370049fe07000004e00008003200e1
:107e94000e80e80041aa2c00f6cf02000100000089
:107ea4000e80e80065fe0700b0002000009c8800fa
:107eb400f0e0200010407800e34f500005003a0045
:107ec400810c200020c1b300ee6602000100000016
:107ed40056003700813e200020c1b300ee66020048
:107ee400010000005100370030fe07000004e000ec
:107ef400080032000e80e80091aa2c00f6cf0200a0
:107f0400010000000e80e8004cfe0700c0002000c5
:107f1400009c8800f0e0200010407800e34f5000ff
:107f240005003a00810c200020c1b300ee66020077
:107f3400010000003d003700813e200020c1b30055
:107f4400ee660200010000003800370017fe07004b
:107f54000004e000080032000e80e800e1aa2c00d2
:107f6400f6cf0200010000000e80e80033fe070097
:107f7400800c2000009c8800f0e020001040780075
:107f8400e34f500005003a00810c200020c1b300eb
:107f9400ee6602000100000024003700813e20004c
:107fa40020c1b300ee660200010000001f0037008c
:107fb400f0e02000104078000080fb00e20f500049
:107fc4000d003200e30f500003003200e10f5000b7
:107fd400050032000c003700e0e020008040eb0098
:107fe4000148780008003700a0dd20008040eb0045
:107ff400014878000400370040df20008040eb0097
:108004000148780000000000f0e020008040eb0010
:108014000148780010002000009c8800030037000d
:108024000000eb00009c8800000000000080fa00c3
:10803400000006000000fa00881f7800409b8000c2
:108044008000eb005201200003002000820f50004a
:10805400838f5800d3013e000060010015003700f3
:10806400d001370074003700ce013700cd0137004e
:10807400cc013700a8003700ca013700c50037001b
:10808400e8003700fd003700020137001001370017
:108094004f01370074013700c2013700c1013700b6
:1080a400c0013700bf013700be0137007701370038
:1080b400a1013700c4b6020001000000e34f5000e4
:1080c40031003a0050c4b30012390200010000002c
:1080d400b6d4020001000000c00a2c0052d40200f1
:1080e40001000000100e2c0052d402000100000018
:1080f400d01b220052d4020001000000b00e2c005c
:1081040052d402000100000080d5200011c0b30049
:1081140001487800f0db200010407800e14f500067
:108124000c00320030dc200010407800e14f500099
:108134000800320070dc200010407800e14f50004d
:1081440004003200b0dc200010407800e14f500001
:1081540004003a00d0c4b300dab402000100000005
:108164000300370000c5b300dab4020001000000c8
:1081740011c0b30000042000d4310200010000004b
:1081840060002000409b8800c4b60200010000008b
:10819400e24f500074013a00b8b60200010000003a
:1081a400e14f500072013a0050c4b300123902008a
:1081b40001000000b6d4020001000000d00e2c0023
:1081c40052d4020001000000100e2c0052d4020010
:1081d40001000000d01b220052d402000100000064
:1081e400b00e2c0052d402000100000080dd2000fb
:1081f4008040eb000148780080d5200011c0b30016
:108204000148780053062000e200200011c0b300aa
:10821400d0112c0048cb02000000000011c0b300b4
:1082240000042000d43102000100000020002000de
:10823400409b88005b01370050c4b3001239020030
:108244000100000080dd200010407800e14f500064
:1082540023003a00d4cb02000000000080dd20009f
:108264008040eb000148780080d5200011c0b300a5
:1082740001487800f0db200010407800e14f500006
:108284000c00320030dc200010407800e14f500038
:108294000800320070dc200010407800e14f5000ec
:1082a40004003200b0dc200010407800e14f5000a0
:1082b40004003a00d0c4b300dab4020001000000a4
:1082c4000300370000c5b300dab402000100000067
:1082d40060002000409b880080b60200010000007e
:1082e400c4b60200010000000004e00022013a00cc
:1082f400d4cb02000000000080002000409b8800d6
:10830400b6d402000100000060122c0052d4020016
:10831400010000002301370090c4b30012390200a9
:1083240001000000b06a80000000e0000d0032008f
:10833400ceb6020001000000b16a8000810f500037
:1083440008003600bcb402000100000080002000d8
:10835400409b8800c15d2000e0c0b300ee660200cf
:1083640001000000c4b60200010000000004e000a7
:1083740003013a0080002000409b8800b6d402002c
:1083840001000000f0152c0052d40200010000008e
:108394000401370050ff20008040eb0001487800c2
:1083a40080d520008040eb0001487800ceb6020062
:1083b40001000000ee0f500014003600f0db200036
:1083c40010407800e14f50000c00320030dc2000f7
:1083d40010407800e14f50000800320070dc2000ab
:1083e40010407800e14f500004003200b0dc20005f
:1083f40010407800e14f500007003a00d0c4b300a9
:10840400dab40200010000000300370000c5b30025
:10841400dab402000100000090002000409b8800b4
:10842400e0003700d0c4b30012390200010000009c
:10843400c4b60200010000000004e00003003a009a
:10844400a0002000409b8800d6003700bcb4020086
:108454000100000050ff2000104078008040e80038
:1084640050ff200001487800813e2000e0c0b300a6
:10847400ee66020001000000ca00370080bf22003f
:108484008040eb0001487800c0002000409b880039
:10849400c400370080bf2200104078008040e8000c
:1084a40080bf22000148780080bf2200104078007d
:1084b400e94f50000300360040012000409b880033
:1084c400b8003700c0002000409b8800b50037008a
:1084d40080bf2200104078000080fb00a06089006b
:1084e400a06081004600dd00a0608900a0608100da
:1084f4001004b000a060890091bf2200a060810038
:108504000080e80045ca220064ca22008101780084
:1085140012c0b3008000780000cab300aa8e020023
:108524000100000090bf22001040780080407800d5
:1085340000c8b30080c0600060c122000148780018
:10854400b0002000409b880090bf220010407800bb
:108554000000fb00680060000000e0008a003200b8
:10856400920120008000eb0090bf2200c8040200aa
:108574000000000091bf2200a06081007200400052
:1085840044ca220063ca22000101780080007800f6
:1085940000cab3008ece02000100000020c12200f8
:1085a4008040eb000148780090bf22001040780022
:1085b4000004e00076003200d0002000409b8800d8
:1085c400f028210041c1b30001487800750037004c
:1085d40090bf2200104078000004e000190032002f
:1085e40020498100610060000000e00017003a00ab
:1085f40060c1220010447800ceb6020001000000e1
:108604008000780080bf2200104078000842780083
:1086140081017800d21b220091bf22009cc5020078
:10862400000000000004e00003003200e00020002d
:10863400409b880005003700b0002000409b880064
:1086440002003700b0002000409b8800f028210081
:10865400104078000004e0004f003a00b000200011
:10866400409b88004f003700204981006140600032
:108674000080fb00610060000000e00048003a0058
:10868400b0002000409b8800460037000000eb004b
:10869400409b880020c5b30012390200010000008d
:1086a400e0d82000104078008080fb000002200009
:1086b400008060000000e00019003200ceb6020025
:1086c40001000000ee0f50000f003e00b6d402007f
:1086d4000100000080192c0052d4020001000000a7
:1086e400017d2000e0c0b300ee660200010000003e
:1086f400b01a2c0052d402000100000050012000e6
:10870400409b880027003700b6d402000100000017
:10871400801b2c0052d4020001000000210037000d
:10872400b6d4020001000000701d2c0052d40200d7
:10873400010000001b0037000000eb00409b880094
:10874400b6d4020001000000701f2c0052d40200b5
:1087540001000000e0dc200011c0b30001487800f3
:10876400000000000f003700000000000d0037007b
:10877400000000000b003700000000000900370073
:10878400000000000700370000000000050037006b
:108794000000000003003700000000000100370063
:1087a400000000004f0478000080fa00000006007a
:1087b4000000fa00a0988000e30f5000ed003200a2
:1087c400e30f500005003e00e10f50006b00320043
:1087d400e10f500094003e0007003700e90f5000fd
:1087e40034013200ef0f500043013200e80f500013
:1087f400f500320070013700e02a210010407800b3
:108804000004e0002a0032000040eb00cc26020005
:10881400010000000004e00025003200a02821002f
:1088240090407800f0c3b30080cf500020003200a5
:10883400d02a2100104078000004e0001c003a0017
:1088440080bb210010407800e14f500018003a002e
:10885400a00d22009040780010c3b30080cf5000d8
:1088640005003200a00d22009040780050c3b300f0
:1088740080cf50000e003a00b6d402000100000080
:10888400a0642c0052d4020001000000e02a210060
:108894008040eb000148780080c122008040eb005a
:1088a4000148780020002000a0988800320037009a
:1088b40010398100e20f500012003a00a10020009c
:1088c4000040eb00ee66020001000000b6d4020096
:1088d40001000000a0652c0052d402000100000039
:1088e40080c122008040eb00014878008000200015
:1088f400a0988800b0282100e1c1b30001487800a5
:108904004401370010398100e20f50001500360091
:1089140010398100e50f500012003e00a100200034
:108924000040eb00ee66020001000000b6d4020035
:108934000100000030672c0052d402000100000046
:1089440080c122008040eb0001487800f000200044
:10895400a0988800b0282100e1c1b3000148780044
:1089640005003700017d20000040eb00ee660200a8
:1089740001000000270137002601370080c12200d2
:10898400104078008040e80080c12200014878004f
:1089940080c1220010407800e94f50000b003600df
:1089a400b6d4020001000000f0682c0052d402008a
:1089b40001000000e02a21008040eb00014878001b
:1089c4000000eb00a098880002003700200020007f
:1089d400a0988800a00d22009040780010c3b30036
:1089e40080cf5000f8003200a00d220090407800a3
:1089f40050c3b30080cf5000f5003200b6d402005b
:108a040001000000606a2c0052d402000100000042
:108a1400e02a21008040eb00014878000000eb00d0
:108a2400a0988800fb00370080c122001040780025
:108a34000080fb00a0618900a06181004600dd0088
:108a4400a0618900a06181001004b000a0618900c8
:108a540091c12200a06181000080e80045ca220083
:108a640064ca22008101780012c0b300800078003b
:108a740000cab300aa8e02000100000090c12200c7
:108a8400104078008040780060c3220001487800dc
:108a940010002000a098880060c3220010407800d5
:108aa4008080fb0000042000008060000000e000e3
:108ab400c900320060c32200104078000004e000c6
:108ac400c7003500920120008000eb0090c1220015
:108ad400c80402000000000091c12200a0618100ce
:108ae4007200400044ca220063ca220001017800d7
:108af4008000780000cab3008ece0200010000009e
:108b040020c322008040eb000148780090c122007d
:108b1400104078000004e000b300320090c122004d
:108b2400e8d00200010000000000e000b0003200c4
:108b340030002000a0988800b0282100e1c1b300d3
:108b440001487800b6d4020001000000906c2c00ab
:108b540052d402000100000090c1220052d402004d
:108b640001000000b06d2c0052d40200010000008e
:108b7400a800370020498100610060000000e00087
:108b84000a003a00f0b32000c451020000000000c3
:108b94000041eb00f1b3200090c1220086c4020022
:108ba4000000000010002000a0988800b0282100d8
:108bb400104078000004e0008f003a00100020000c
:108bc400a09888009300370020498100610060006c
:108bd4000000e00027003a0070a12000dc3702000a
:108be4000100000080e32100104078000004e00050
:108bf4000e00320080e32100e8d0020001000000f2
:108c04000000e00009003200d06d2c0052d40200b4
:108c14000100000012c0b30071a1200080e3210014
:108c240086c402000000000009003700406f2c00d9
:108c340052d402000100000070a1200052d40200ae
:108c440001000000b06d2c0052d4020001000000ad
:108c540071f18000f0ff28000080600070f188004e
:108c640090002000a0988800b028210041c1b300e2
:108c740001487800b0282100104078000004e0008a
:108c84005f003a0071f18000f0ff2800008060006e
:108c940070f1880010398100e20f500002003a00a0
:108ca40010002000103989000000eb00a098880013
:108cb4005800370020498100610060000000e00096
:108cc40004003a0010002000103989000000eb0075
:108cd400a0988800b0282100104078000004e0002b
:108ce40049003a0010002000103989000000eb0010
:108cf400a098880047003700204981006100600087
:108d04000000e0001d003a00a0702c0052d40200c4
:108d14000100000070a120001a36020001000000ca
:108d240080e32100104078000004e00006003200d7
:108d340012c0b30071a1200080e3210086c40200a8
:108d4400000000000300370070a1200052d402008c
:108d54000100000010398100e30f500003003a00c5
:108d64006000200010398900020037000000eb0089
:108d7400103989000000eb00a0988800b028210079
:108d8400104078000004e00021003a00103981000e
:108d9400e30f500003003a006000200010398900fe
:108da400020037000000eb00103989000000eb00de
:108db400a0988800170037000000eb00a0988800f6
:108dc400000000001300370000000000110037000d
:108dd400000000000f003700000000000d00370005
:108de400000000000b0037000000000009003700fd
:108df40000000000070037000000000005003700f5
:108e040000000000030037000000000001003700ec
:108e1400000000000080fa00000006000400fa00d0
:108e2400e09a8000e10f500031013200e10f500060
:108e340003003900e20f50004701320056013700a9
:108e440020498100610060000000e0003a003a001f
:108e540020078100610060000000e00036003a0055
:108e640020078100620060000000e00032003a0048
:108e740020078100640060000000e0002e003a003a
:108e840010ad2200104078000004e0002a003200f7
:108e940010ad2200104078000080fb00e10f50006c
:108ea40003003200e20f5000070032001d003700bb
:108eb400b6d4020001000000209c2c0052d4020011
:108ec40001000000ffff3700b16d800000ff2f009c
:108ed40000806000b06d8800b06d80000050a1007b
:108ee400b06d8800a0092200f1c3b30001487800e6
:108ef400b00922008040eb0001487800a00d220058
:108f0400f1c3b30001487800a00d2200904078001e
:108f1400a028210001487800800e2000d098880005
:108f24000000000010ad22008040eb0001487800f2
:108f3400800e2000d09888002007810061406000e6
:108f44000080fb0061006000004078000004e00045
:108f5400df00320020078100620060000000e000b2
:108f6400db003a00b6d4020001000000209d2c0072
:108f740052d40200010000006018220052d4020002
:108f840001000000009e2c0052d4020001000000e9
:108f9400001a220052d4020001000000709e2c002e
:108fa40052d4020001000000901a220052d40200a0
:108fb40001000000f09e2c0052d4020001000000c9
:108fc400900d8100801f7800509f2c00801f780036
:108fd400c0c820009204020000000000e48757008b
:108fe400c0c8200052d4020001000000809f2c0061
:108ff40052d4020001000000500e220052d402009c
:109004000100000000a02c0052d402000100000066
:1090140031a02c00f0b32000f6cf020001000000c4
:10902400100798009e009000f0b3200000804000dc
:10903400011a2200f6cf0200010000009e009000f9
:1090440000804000100798009e009000f0b32000bc
:109054000080400071a02c00f6cf02000100000047
:109064009e00900000804000100798009e00900031
:10907400f0b3200000804000911a2200f6cf0200d5
:10908400010000009e00900000804000100798003e
:1090940012c0b3008000eb00f0b32000287202007d
:1090a400000000000000eb00000f780082c0b30055
:1090b40091a02c00500e2200c0cf0200010000003d
:1090c4000000e0001d003a0017003700400e2200a7
:1090d4001e0040009040900000c6b30080cf5000b6
:1090e40010003400400e22001e004000904090000a
:1090f400a0c7b30080cf50000a003c00400e2200fd
:109104001e004000104090008040780000ceb30064
:1091140000c0400080407800400e22001e00400045
:10912400114098001e0fe800400e22001e0040006f
:10913400104090000004e000e4ff3a0020078100a2
:109144000000a10020078900200781000010a00072
:1091540020078900500e22009040780020c5b300fb
:1091640080cf500005003a00600e22009040780045
:1091740000c2b30080cf500014003200500e220011
:109184009040780090c4b30080cf500017003a009c
:10919400600e22009040780000c5b30080cf5000dc
:1091a40012003a00700e22009040780010c4b30000
:1091b40080cf50000d003a00800e220090407800cd
:1091c40050c5b30080cf500008003a00941a220022
:1091d400031a220062182200510e220020a12c0042
:1091e400364f02000000000039003700941a2200b4
:1091f400031a220062182200510e2200a0a12c00a2
:10920400364f020000000000f0b320008040eb0065
:109214000148780060182200e8d002000100000034
:109224000000e0002a003200931a2200021a2200f1
:1092340061182200500e2200ecbc02000000000065
:10924400f0b32000104078000004e0002000320059
:1092540020498100610060000000e00008003a003d
:109264000041eb00f1b320006018220086c4020024
:109274000000000020002000e09a88000a00370067
:10928400f1b32000a09e2200f6cf020001000000ee
:1092940061182200b0a82200f6cf020001000000ed
:1092a40010002000e09a8800d028210041c1b300ba
:1092b40001487800f0b320008040eb0001487800ba
:1092c40011c0b30000012000d431020001000000ed
:1092d400e09a80000000e00033003a0021032000ff
:1092e400c0c0b300ee660200010000003100370088
:1092f40020498100610060000000e0000b003a009a
:109304000041eb00a19e2200b0a8220086c4020006
:109314000000000020002000e09a8800d0282100ee
:1093240041c1b30001487800040037002103200044
:10933400c0c0b300ee66020001000000d028210086
:10934400104078000004e00019003a000000eb002f
:10935400e09a88001700370020498100610060000e
:109364000000e00004003200d02821001040780002
:109374000004e00003003a000000eb00e09a8800db
:109384000c00370021032000c0c0b300ee660200c9
:1093940001000000070037000000eb00e09a88009d
:1093a4000000000003003700000000000100370047
:1093b400000000000080fa00000006002e00fa0001
:1093c400309c8000e10f50001d003200e10f50007e
:1093d40003003900e20f5000b700320048013700a3
:1093e40010b3200010407800e14f50000400320018
:1093f40010b3200010407800e24f50000b003a00f8
:10940400d1988000f00f2000808f500007003200b8
:1094140010b320009040780080cd220001487800ed
:1094240010002000309c880041013700411f2000bb
:1094340030c1b300ee660200010000003c013700b9
:1094440020498100610060000000e00033013a001f
:1094540080bb210010407800e14f500031013a00f8
:10946400d02a2100104078000004e0002f013a00c7
:109474000e80e800920120008000eb00c804020086
:10948400000000000e80e80044ca220063ca2200e3
:10949400000178006102200000cab3008ece0200f1
:1094a400010000000040eb00305f98000e80e800ef
:1094b400e8d00200010000000000e0006f0032006c
:1094c40060722c0052d402000100000070022000df
:1094d4000e004000c4900200010000000000eb00f8
:1094e400000f78009e00780020b3200080804000a8
:1094f4007e60900022c0b300a09e02000100000024
:109504001e0f40009e00780020b3200080804000a1
:109514000e68900022c0b300a09e0200010000006b
:109524001e0f40009e00780020b320008080400081
:109534001e68900022c0b300a09e0200010000003b
:109544001e0f4000c1722c00f0b32000f6cf0200c1
:1095540001000000000f78009e007800f0b32000a6
:1095640000804000c1732c00f6cf0200010000000f
:109574001e0f40009e007800f0b3200000804000e1
:109584008e80e800f6cf0200010000001e0f4000ac
:109594009e007800f0b320000080400021742c006d
:1095a400f6cf0200010000001e0f40009e0078006c
:1095b400f0b320000080400021b32000f6cf020069
:1095c400010000001e0f40000e80e80012c0b3002e
:1095d400f1b3200086c4020000000000f0b32000b4
:1095e4008040eb000148780010b3200031c0b30084
:1095f4000148780020002000309c8800813e200033
:1096040030c1b300ee6602000100000090cd2200dc
:109614008040eb000148780010b3200031c0b30053
:1096240001487800b6d402000100000070742c00d8
:1096340052d402000100000080cd220010407800c6
:109644000080fb00e10f500003003200e20f5000e5
:1096540005003200b600370080762c0052d4020098
:10966400010000000400370030772c0052d40200bf
:109674000100000000000000ad003700b6d4020075
:1096840001000000e0772c0052d402000100000029
:1096940010b320008040eb0001487800813821009d
:1096a40030c1b300ee660200010000000000eb00d0
:1096b400309c88009e00370010b3200010407800d2
:1096c400e14f50000400320010b320001040780035
:1096d400e24f500002003a0010002000309c880045
:1096e40010b3200010407800e44f500031003a00dd
:1096f400500220000e004000220020008000eb00f9
:10970400c804020000000000500220000e004000c7
:1097140045ca220064ca22008001780012c0b30046
:109724005103200000cab300aa8e02000100000009
:10973400de60900010c3b30080cf50000f003200f1
:10974400500220000e004000917a2c0034d0020018
:1097540001000000500220000e00400045ca220013
:1097640064ca22008001780012c0b30051032000b3
:1097740000cab3009a8d02000100000010b320005b
:109784008040eb000148780020b320008040eb00cb
:10979400014878000000eb00309c8800b6d4020039
:1097a40001000000b07a2c0052d402000100000035
:1097b4005f00370090cd2200104078008040e80020
:1097c40090cd22000148780090cd2200104078000e
:1097d4000004e00045003a0080cd220010407800eb
:1097e4000080fb00e10f500003003200e20f500044
:1097f4002a00320035003700500220000e004000dd
:10980400220020008000eb00c804020000000000d9
:10981400500220000e00400045ca220064ca220003
:109824008001780012c0b3005103200000cab300c5
:10983400aa8e020001000000de60900000c3b300a5
:1098440080cf50000f003200500220000e00400074
:10985400517c2c0034d00200010000005002200092
:109864000e00400045ca220064ca2200800178002c
:1098740012c0b3005103200000cab3009a8d020045
:1098840001000000b6d4020001000000707c2c002e
:1098940052d40200010000000c003700024f810086
:1098a400134f81004041810051418100800f5100dc
:1098b400818f590004003a00701d22008040eb00a3
:1098c4000148780001003700000000000000eb00b0
:1098d400309c880020b320008040eb0001487800d1
:1098e40010b320008040eb0001487800411f2000a5
:1098f40030c1b300ee660200010000000c00370026
:109904000000eb00309c880020b320008040eb0076
:109914000148780000000000050037000000000046
:1099240003003700000000000100370000000000c1
:109934000080fa00000006000a00fa0030079800d0
:10994400410798000000eb00000f7800020120009e
:10995400f10f20004e009000c80402000000000037
:109964003e009000104078008080fb00b002200090
:10997400808f50000a003a004e009000b1cbb30033
:109984000148780010002000100798001000200003
:109994002007980010002000000f780019003700fd
:1099a4003e00900090407800f0c2b30080cf500099
:1099b4000f0036003e0090009040780090c3b30042
:1099c40080cf50000a003e004e009000a1cab300b0
:1099d400014878000000eb001007980010002000f8
:1099e4002007980010002000000f780005003700c1
:1099f4004e009000c1cfb300014878000000eb0096
:109a0400000f78001e0078000000e0004e003200d5
:109a14003c0037002e009000ce00900000804000f3
:109a24009e0090003e0190008100410011417800a9
:109a340001cdb30081404100c408dd000148780035
:109a44001e0090000000e800100798001e0090001f
:109a5400be0090000080400090407800f0c2b30047
:109a640080cf50001b0036001e009000be00900006
:109a7400008040009040780090c3b30080cf500035
:109a840014003e002e009000ce00900000804000a4
:109a9400ae0090004e01900081004100914078009a
:109aa400014178009e009000be0190008180410039
:109ab4009141780001cdb30081c041008140710023
:109ac400014878001e0090000000e800100798008c
:109ad400090037002e009000ce0090000080400066
:109ae400ae0090004e01900081004100914078004a
:109af400f140b300014878002e0090000000e80017
:109b0400200798001e009000be00900000804000d6
:109b140090407800f0c2b30080cf50000a003600b5
:109b24001e009000be00900000804000904078002d
:109b340090c3b30080cf500003003e001e0090008d
:109b4400f80f5000b3ff34000080fa000000060054
:109b54000c00fa0040079800510798000000eb0041
:109b6400000f7800a20120008000eb005e0090004e
:109b7400c8040200000000004e009000104078006d
:109b84000080fb00a10a2000810f50000d0032006c
:109b9400b10b2000810f500011003a005e009000cc
:109ba400b1c2b300014878001000200010079800eb
:109bb400100020002007980010002000000f7800fb
:109bc4000c0037000000eb00100798001000200084
:109bd4002007980010002000000f780005003700cf
:109be4005e009000a1c5b300014878000000eb00be
:109bf400000f78001e0078000000e00043003200ef
:109c04000040eb0060479800370037002e009000ba
:109c1400ce00900000804000104078008080fb005f
:109c2400000f200080806000000f2000808f500013
:109c34002b0032001e009000de00900000804000e7
:109c4400ae0090004e0190008100410091407800e8
:109c54008180fb00c408de00814078000143b0002d
:109c6400014878001e0090000000e80010079800ea
:109c74002e009000ce00900000804000104078003c
:109c84000080fb006f006000ef0f500011003200f5
:109c94001e009000de00900000804000ae009000a6
:109ca4004e0190008100410091407800efc06000b7
:109cb4000143b000014878001e0090000000e80055
:109cc400100798002e0090000000e800200798007c
:109cd4000500370010c0b300604798000200370049
:109ce40010c0b300604798001e009000f80f5000a9
:109cf40006003c002e009000ee0f500003003c00d4
:109d04006e4090000004e000c0ff32001e007800a6
:109d14000080fa00000006001a00fa0000579800bc
:109d2400110f9800220f9800330f9800440f9800e9
:109d3400ce0a90003e0a90008e017800f2c0b30073
:109d44009e0890000e509000aa8e020001000000b0
:109d54009e407800b0c2b30080cf500020003a008b
:109d64009e409000f0c2b30080cf50001c0036002b
:109d74009e40900090c3b30080cf500018003e0076
:109d8400ae409000f0c2b30080cf50001400360003
:109d9400ae40900090c3b30080cf500010003e004e
:109da4008e0078002e089000e200200022060200b7
:109db400000000002e0890006f0040008040eb007f
:109dc400014878004e0a9000be0990002e099000c8
:109dd4009e0890000e509000060007000300370014
:109de400ae0890000e00780059ff07000080fa00ca
:109df400000006001a00fa0000579800110f98009e
:109e0400220f9800330f9800440f98008e007800ba
:109e14002e089000c8fe0700ce0a90003e0a90006b
:109e24008e017800f2c0b3009e0890000e5090009e
:109e34009a8d0200010000000080fa000000060074
:109e44000800fa0020079800310798000000eb0092
:109e5400100798000000eb00000f78003e0090000f
:109e64007c9e020001000000100798000000eb0037
:109e7400000f78000d0037001e007800ae0090003f
:109e840000804000904078001e0078003e01900061
:109e9400000041001040780080cf500002003200e2
:109ea4000000eb00060037001e0fe8001e009000c3
:109eb4009e007800808f5000efff350010002000d6
:109ec4000080fa00000006000600fa00100798005f
:109ed400210798000000eb00000f78000d00370008
:109ee4001e0078009e0090000080400090407800a2
:109ef4001e0078002e019000000041001040780000
:109f040080cf5000020032000000eb00190037003f
:109f14001e0fe8001e0078009e00900000804000a4
:109f2400104078000004e000060032001e007800b3
:109f3400ae00900000804000104078000004e00073
:109f4400e7ff3a001e0078009e0090000080400069
:109f5400904078001e0078002e019000000041001f
:109f64001040780000c068000080fb000000e90099
:109f74004f00de000080fa00000006000800fa002e
:109f84001007980021079800624798000000eb0032
:109f9400000f78000d0037001e0078009e0090002e
:109fa40000804000904078001e0078002e01900050
:109fb400000041001040780080cf500002003200c1
:109fc4000000eb00060037001e0fe8006e40900012
:109fd4000080fb009e0f5000efff3c0010002000ab
:109fe4000080fa00000006000a00fa00300798001a
:109ff40041079800ce00900011079800be00900021
:10a00400010f78000000eb00200798000b003700d8
:10a014001e009000904078001e00780001487800ef
:10a024001e0090000000e800100798001e0fe800d2
:10a034002e0090000000e800200798001e00900009
:10a04400104078000004e000f1ff3a001e007800a0
:10a054008040eb00014878002e0090000080fa0058
:10a06400000006000a00fa00300798004107980033
:10a07400ce00900011079800be009000010f7800f8
:10a084000000eb00200798000b0037001e00900032
:10a09400904078001e007800014878001e0090006f
:10a0a4000000e800100798001e0fe8002e00900042
:10a0b4000000e800200798001e009000104078007f
:10a0c4000004e000f1ff3a001e0078008040eb003d
:10a0d400014878002e0090000080fa00000006007d
:10a0e4000e00fa004007980051079800424f98006c
:10a0f400de00900011079800ce009000010f780058
:10a104000000eb00200798000040eb006047980037
:10a114000e0037001e009000904078001e0078006a
:10a12400014878001e0090000000e8001007980025
:10a134001e0fe8002e0090000000e80020079800a1
:10a144006e4090000040e800604798001e009000b8
:10a15400104078000004e000070032006e409000d8
:10a164008000fb004e4890000000fb000000e90066
:10a17400808f5000e7ff35001e0078008040eb0020
:10a18400014878002e0090000080fa0000000600cc
:10a194000200fa00004f7800f0c2b3009e4078003d
:10a1a40080cf50000600340090c3b3009e40780076
:10a1b40080cf500002003c00100020000100370056
:10a1c4000000eb000080fa00000006000400fa0022
:10a1d400100798000000eb00000f78001e009000ac
:10a1e40090407800b0c2b30080cf500009003a001c
:10a1f4001e0090000000e8001007980006003700d9
:10a204001e0090000000e800100798001e0fe800f0
:10a2140001003700000000001e009000104078008c
:10a22400dbff07000000e000f5ff3a001e0090008d
:10a23400104078000004e000020032000000eb004f
:10a24400000f78001e0078000080fa00000006006d
:10a254000800fa0010079800414798003207980058
:10a264000040eb00004f78000f0037001e80fb0019
:10a274009e00900000804000104078008000fb00a9
:10a284004e4090000080fb00808f500005003a0093
:10a294009e80fb003e009000010878001000200022
:10a2a400080037001e4fe8001e80fb009e0090004f
:10a2b40000804000104078000004e000ebff3a000a
:10a2c4000000eb000080fa00000006000c00fa0019
:10a2d4003007980041079800520798000000eb00ef
:10a2e400000f78000000eb00200798004e0090005b
:10a2f40010407800204798001e007800be009000af
:10a3040000804000e400470001017800ae40900066
:10a31400cfff0700e10f50000f003a002e0090001d
:10a324001e004000be00900000804000ce0090005f
:10a3340022cf020001000000e10f500008003a00a3
:10a344002e0090009e0040005e00900001087800fe
:10a3540010002000060037000000eb000400370066
:10a364002e0090001e0f40001e0fe800e2ff370091
:10a374000080fa00000006000a00fa003007980086
:10a3840041079800be0090001107980003003700b1
:10a394001e0090000000e800100798001e009000c6
:10a3a400104078000004e000f9ff3a00ce0090006d
:10a3b40021079800030037002e0090000000e800f9
:10a3c400200798002e009000104078000004e00060
:10a3d400f9ff3a000040eb00004f78000700370017
:10a3e4001e4fe8001e0090000000e90010079800ce
:10a3f4002e0090000000e900200798001e00900045
:10a40400904078002e0090001040780080cf5000db
:10a4140008003a009e0090003e009000808f50009b
:10a4240004003900ae0090004e009000808f500070
:10a43400ebff31001e4078000080fa0000000600a7
:10a444000a00fa0010079800414798003207980064
:10a45400430798003e0090008040eb0001487800dc
:10a464004e0090008040eb00014878001c0037004b
:10a474003e009000104078006a00b90000007800a7
:10a4840000407800804078003e0090000148780049
:10a494003e00900010407800804078001e0090003c
:10a4a4001040780080c0400000cdb30000c04000e0
:10a4b400804078003e009000014878001e00900023
:10a4c4000000e800100798004e009000104078004b
:10a4d4000040e800804078004e0090000148780079
:10a4e4001e00900010407800cad002000100000055
:10a4f4000000e000deff3a001e009000904078006b
:10a504004e40900080cf5000040032001e009000a6
:10a51400104078000004e00003003a00100020001e
:10a52400000f7800020037000000eb00000f7800f5
:10a534001e0078000080fa00000006000400fa0003
:10a5440030998000e30f50004c003200e30f5000bc
:10a5540005003e00e10f500016003200e10f5000ec
:10a564003f003e0009003700a10f2000810f50007a
:10a5740060003200b10f2000810f500065003200ee
:10a58400ea0f5000400032006e003700509a8000fd
:10a59400e20f500078003600519a8000b01220007b
:10a5a400808f500076003e00100020003099880013
:10a5b400780037000000eb00000f78000000eb008b
:10a5c400100798000e0037001e0090004200dd00c6
:10a5d400c1db2000614078008080fb000002200085
:10a5e400008060000000e000020032001000200043
:10a5f400000f78001e0090000000e800100798008b
:10a604001e009000e30f5000efff34001e0078009e
:10a614000000e0000b003a00017d200030c0b300d0
:10a62400ee66020001000000a00f200030998800af
:10a634008040eb0000102000d43102000100000033
:10a6440054003700017d200030c0b300ee660200e4
:10a654000100000020002000309988004d003700e0
:10a66400017d200030c0b300ee660200010000004e
:10a67400300020003099880046003700a0002000f8
:10a684003099880043003700108120001040780082
:10a694000004e0000c0032008040eb0000102000b9
:10a6a400d431020001000000f08020001040780046
:10a6b400804078000114a000f08020000148780058
:10a6c400a00f2000309988000081200010407800fd
:10a6d4000004e0002c003a008040eb000010200051
:10a6e4000632020001000000a00f2000309988000b
:10a6f40028003700f0802000104078008040780067
:10a704000154a100f080200001487800b00f20001f
:10a7140030998800509a8000e10f50001c003e00e0
:10a72400f080200010407800804078000154a1009f
:10a73400f0802000014878000000eb003099880088
:10a74400140037000000eb0030998800f0802000ee
:10a7540010407800804078000154a100f08020006f
:10a7640001487800a0ac2c0052d402000100000083
:10a77400000000000700370000000000050037005b
:10a784000000000003003700000000000100370053
:10a79400000000000080fa00000006000200fa0039
:10a7a400004f780060822200104078009e4f5000d5
:10a7b40003003a00304181000090a000304189003c
:10a7c4001e407800ea4f5000030032001e4078001b
:10a7d400ed4f500014003a004072220010407800ff
:10a7e4000004e0001e003200407222001040780095
:10a7f4000080fb00517222000041eb00827078005f
:10a804008001eb000001eb008000eb00507222009d
:10a81400ecbc020000000000407222008040eb000b
:10a82400014878000e0037001e407800ed4f5000bc
:10a834000b00320040722200104078000080fb00c0
:10a844001e4178005172220082707800407222000a
:10a85400104078008040e8004072220001487800ef
:10a864000080fa00000006000000fa0080002000ca
:10a87400701d8800b023ef0020022000b01d880066
:10a88400b823ef009bc0a800afe3a800b143a80021
:10a89400b183a800b686a8000080fa000000060074
:10a8a4000200fa00000f78001e00780010407800c3
:10a8b4000004e00011003200000000000100370035
:10a8c40000000000811d8000001020000080600056
:10a8d4000000e000fbff32001e007800104078000a
:10a8e4000000fb00901d88001e0fe8001e00780089
:10a8f400104078000004e000f1ff3a000080fa0004
:10a90400000006000200fa00000f78001e00780024
:10a91400104078000004e000110032000000000044
:10a924000100370000000000811d8000001020009d
:10a93400008060000000e000fbff32001e00780091
:10a94400104078000080fb00901d88001e0fe80076
:10a954001e007800104078000004e000f1ff3a0087
:10a964000080fa00000006000000fa0020ab2c0072
:0ca97400cbff07000080fa000000060086
:020000040000fa
:020000040003f7
:10a98000382c00001e000000820000002346230037
:10a9900049234e002354230052234100234e230019
:10a9a000532350002341230052234500234e23000c
:10a9b0005400000000080000aa0b00008000000006
:10a9c000902c00001400000080000000ce2c00003d
:10a9d0000400000080000000a42c00000c00000017
:10a9e0008000000024270000040100008000000017
:10a9f00028280000f6000000800000001e2900004a
:10aa0000cc00000080000000ea290000bc0000002b
:10aa100080000000242b00005c000000800000008b
:10aa2000f82b00002000000080000000802b0000b8
:10aa30004e00000080000000aa1300000e08000075
:10aa400080000000d22c0000020000008200000004
:10aa5000feff0000d42c0000020000008000000077
:10aa6000d62c00000200000080000000d82c00005e
:10aa70000200000080000000ce2b00002a00000031
:10aa800080000000c82c00000600000082000000ca
:10aa90000100010000feff00b81b00009606000048
:10aaa00080000000742c00001c00000080000000ea
:10aab000182c00002000000080000000a62a0000e2
:10aac0007e00000080000000b02c00000c000000a0
:10aad00080000000bc2c00000c0000008200000080
:10aae000ffffff00fffa00003075000000050000c6
:10aaf0004e220000d604000080000000562c00000a
:10ab00001e00000082000000286e69006c29000011
:10ab100025006800076c09004c836a009074a0004f
:10ab20007ac000008068880000846c008200810088
:10ab3000da2c00000200000080000000000000008d
:020000040000fa
:020000040003f7
:10ab40000000fa000080fa00000006000200fa008f
:10ab5000004f78001e80fb00e10f50000300320020
:10ab6000e20f50002500320051003700d0c921000b
:10ab700045ca220064ca220080017800e2c1b30005
:10ab80001130200000cab300aa8e020001000000ac
:10ab9000a0d1210045ca220064ca220080017800a9
:10aba00022c0b3001134200000cab300aa8e0200f4
:10abb00001000000a0cd210045ca220064ca220085
:10abc00080017800e2c1b3004134200000cab30024
:10abd000aa8e02000100000090cf210045ca220089
:10abe00064ca220080017800e2c1b300213620004f
:10abf00000cab300aa8e020001000000d0c92100e3
:10ac000045ca220064ca220080017800e2c1b30074
:10ac10001138200000cab300aa8e02000100000013
:10ac2000a0d1210045ca220064ca22008001780018
:10ac300022c0b300113c200000cab300aa8e02005b
:10ac400001000000a0cd210045ca220064ca2200f4
:10ac500080017800e2c1b300413c200000cab3008b
:10ac6000aa8e02000100000090cf210045ca2200f8
:10ac700064ca220080017800e2c1b300213e2000b6
:10ac800000cab300aa8e02000100000080d121009a
:10ac900045ca220064ca22008001780012c0b300b5
:10aca0002141200000cab300aa8e0200010000006a
:10acb00090d121008040eb00014878000080fa002c
:10acc000000006000000fa0000998000e10f50002b
:10acd0001e003200e10f500003003900e20f500067
:10ace000240032002c003700ca06a900ca26a8009a
:10acf000a00d22009040780010c3b30080cf500018
:10ad000005003200a00d22009040780050c3b3002f
:10ad100080cf500005003a00419c200020c0b300c5
:10ad2000ee6602000100000004003700411f200011
:10ad300020c0b300ee660200010000000099800010
:10ad40000000e8000099880016003700ca06a90034
:10ad5000ca26a900411f200020c0b300ee660200f1
:10ad600001000000009980000000e80000998800c0
:10ad70000c003700ca06a800ca26a900411f2000ff
:10ad800020c0b300ee660200010000000000eb00ee
:10ad900000998800030037000000eb00009988004c
:10ada000000000000080fa00000006000200fa0027
:10adb000004f7800114798001e407800e54f500082
:10adc0000200360050c0b300004f780010498100e7
:10add0000000e00024003a00109b80000000e0002a
:10ade00021003a00409b80000000e0001e003a0075
:10adf000509a8000e10f50001b003a001e80fb00bb
:10ae0000104989001e409000614060000080fb00f6
:10ae100061006000f14881000100a10001007000a4
:10ae2000f0488900f04881000010a000f048890037
:10ae30001e4090000004e00003003a00800c200057
:10ae40000049890002003700401f200000498900a6
:10ae500090d5200011c0b3000148780040c5b30070
:10ae6000dab40200010000001049810000407800bf
:10ae70000080fa00000006000000fa000080fa00de
:04ae800000000600c8
:020000040000fa
:020000040003f7
:10ae8400f03fb1000180b10006003500ee03090077
:10ae940000000000403fb1000180b100fbff3d0015
:10aea4001000b000203fb00002003500008009000f
:08aeb400000000000000060090
:020000040000fa
:02000004000af0
:04be0000ffffff0041
:020000040000fa
:02000004000af0
:04be2000ff1f000000
:020000040000fa
:02000004000af0
:04be300009ffff0007
:020000040000fa
:02000004000af0
:04be380047ffff00c1
:020000040000fa
:02000004000af0
:04be4000bbffff0045
:020000040000fa
:02000004000af0
:04be4800ffffff00f9
:020000040000fa
:02000004000af0
:04be5000df7fff0091
:020000040000fa
:02000004000af0
:04be5800ffffff00e9
:020000040000fa
:020000040100f9
:04300000feffff00d0
:00000001FF
