:020000040000fa
:080000000001040000000000f3
:020000040000fa
:0400080018040000d8
:020000040000fa
:04000c0018040000d4
:020000040000fa
:0400100018040000d0
:020000040000fa
:0400140018040000cc
:020000040000fa
:0400180018040000c8
:020000040000fa
:04001c0018040000c4
:020000040000fa
:0400200018040000c0
:020000040000fa
:0400240018040000bc
:020000040000fa
:0400280004020000ce
:020000040000fa
:04002c0018040000b4
:020000040000fa
:0400300018040000b0
:020000040000fa
:040034006202000064
:020000040000fa
:0400380018040000a8
:020000040000fa
:04003c0018040000a4
:020000040000fa
:0400400018040000a0
:020000040000fa
:040044005202000064
:020000040000fa
:040048005a02000058
:020000040000fa
:04004c001804000094
:020000040000fa
:040050001804000090
:020000040000fa
:040054005403000051
:020000040000fa
:040058001804000088
:020000040000fa
:04005c001804000084
:020000040000fa
:040060001804000080
:020000040000fa
:04006400180400007c
:020000040000fa
:040068001804000078
:020000040000fa
:04006c001804000074
:020000040000fa
:040070001804000070
:020000040000fa
:040074008a030000fb
:020000040000fa
:040078001e02000064
:020000040000fa
:04007c001804000064
:020000040000fa
:040080001804000060
:020000040000fa
:04008400180400005c
:020000040000fa
:040088001804000058
:020000040000fa
:04008c001804000054
:020000040000fa
:040090001804000050
:020000040000fa
:04009400180400004c
:020000040000fa
:040098001804000048
:020000040000fa
:04009c003802000026
:020000040000fa
:0400a0001e0300003b
:020000040000fa
:0400a400180400003c
:020000040000fa
:0400a8001804000038
:020000040000fa
:0400ac001804000034
:020000040000fa
:0400b0001804000030
:020000040000fa
:0400b400180400002c
:020000040000fa
:0400b8001804000028
:020000040000fa
:0400bc001804000024
:020000040000fa
:0400c0001804000020
:020000040000fa
:0400c400180400001c
:020000040000fa
:0400c8001804000018
:020000040000fa
:0400cc001804000014
:020000040000fa
:0400d0001804000010
:020000040000fa
:0400d400180400000c
:020000040000fa
:0400d8001804000008
:020000040000fa
:0400dc001804000004
:020000040000fa
:0400e0001804000000
:020000040000fa
:0400e40018040000fc
:020000040000fa
:0400e80018040000f8
:020000040000fa
:0400ec0018040000f4
:020000040000fa
:0400f00018040000f0
:020000040000fa
:0400f40018040000ec
:020000040000fa
:0400f80018040000e8
:020000040000fa
:0400fc0018040000e4
:020000040000fa
:0401000018040000df
:020000040000fa
:0401040018040000db
:020000040000fa
:0401080018040000d7
:020000040000fa
:04010c0018040000d3
:020000040000fa
:0401100018040000cf
:020000040000fa
:0401140018040000cb
:020000040000fa
:0401180018040000c7
:020000040000fa
:04011c0018040000c3
:020000040000fa
:0401200018040000bf
:020000040000fa
:0401240018040000bb
:020000040000fa
:0401280018040000b7
:020000040000fa
:04012c0018040000b3
:020000040000fa
:0401300018040000af
:020000040000fa
:0401340018040000ab
:020000040000fa
:0401380018040000a7
:020000040000fa
:04013c0018040000a3
:020000040000fa
:04014000180400009f
:020000040000fa
:04014400180400009b
:020000040000fa
:040148001804000097
:020000040000fa
:04014c001804000093
:020000040000fa
:04015000180400008f
:020000040000fa
:04015400180400008b
:020000040000fa
:040158001804000087
:020000040000fa
:04015c001804000083
:020000040000fa
:04016000180400007f
:020000040000fa
:04016400180400007b
:020000040000fa
:040168001804000077
:020000040000fa
:04016c001804000073
:020000040000fa
:04017000180400006f
:020000040000fa
:04017400180400006b
:020000040000fa
:040178001804000067
:020000040000fa
:04017c001804000063
:020000040000fa
:04018000180400005f
:020000040000fa
:04018400180400005b
:020000040000fa
:040188001804000057
:020000040000fa
:04018c001804000053
:020000040000fa
:04019000180400004f
:020000040000fa
:04019400180400004b
:020000040000fa
:040198001804000047
:020000040000fa
:04019c001804000043
:020000040000fa
:0401a000180400003f
:020000040000fa
:0401a400180400003b
:020000040000fa
:0401a8001804000037
:020000040000fa
:0401ac001804000033
:020000040000fa
:0401b000180400002f
:020000040000fa
:0401b400180400002b
:020000040000fa
:0401b8001804000027
:020000040000fa
:0401bc001804000023
:020000040000fa
:0401c000180400001f
:020000040000fa
:0401c400180400001b
:020000040000fa
:0401c8001804000017
:020000040000fa
:0401cc001804000013
:020000040000fa
:0401d000180400000f
:020000040000fa
:0401d400180400000b
:020000040000fa
:0401d8001804000007
:020000040000fa
:0401dc001804000003
:020000040000fa
:0401e00018040000ff
:020000040000fa
:0401e40018040000fb
:020000040000fa
:0401e80018040000f7
:020000040000fa
:0401ec0018040000f3
:020000040000fa
:0401f00018040000ef
:020000040000fa
:0401f40018040000eb
:020000040000fa
:0401f80018040000e7
:020000040000fa
:0401fc0018040000e3
:020000040000fa
:100200000fce22000eff27000e0188000000000024
:10021000000020000000e000020032000001200089
:100220002002880014000700830107000000e0009e
:1002300003003a00206f2d0011002000020037005b
:100240000000200001002000810f7000010032003a
:1002500014000700000020000000e000020032004f
:1002600000000200000000005a5f020001000000d0
:100270000040da000000fe004440a900208823006e
:100280000000e00003003200002020009001880000
:100290004440a800000006008a1f78008b1f7800e9
:1002a00000000600a1028800800478000000eb0036
:1002b0001f003700e284440054a0b4009905ba003e
:1002c000e284440054a0b4009906ba00e2844400d9
:1002d00054a0b4000006eb00476fde00fd07b2003b
:1002e000ae018800636ce10003003a00eaff0700fa
:1002f0000000eb000e003700606ce10008003a00df
:10030000004deb000a05e800020039003420ec0043
:100310000af0a0008b05e900f9ff3e000400370059
:100320006168e100010032000086eb000b0007006d
:1003300019c7ba001905ba000e04e00003003a001c
:100340000a00e000dbff3a0000000600fe07b200f2
:10035000ae0288008a047800f5ff37000cd0a300b5
:10036000e20f4d001c00390089027800354dba00bb
:100370000a05e800020039003420ec000af0a00071
:100380008b05e9000f003200254dba000a05e80090
:10039000020039003420ec000af0a0008b05e900cf
:1003a000080032000c00e0000600320015cdba0053
:1003b0000a05e800020039003420ec000af0a00031
:1003c0008b05e9008984e80054a0b4000b00e0002c
:1003d000e2ff3a00000006009902ba00055d7800cd
:1003e0008b05e900f7ff3200c82ade00055d7800c2
:1003f0008b05e900f3ff32000c00e000f1ff320052
:1004000019ddba00eeff37003200f8003400f800c2
:10041000881f780018002000a8018800082020000c
:10042000980188004f0478000000fa000080fa006c
:100430003400f9003200f900004006003200f800f4
:100440003400f800881f780018002000a8018800f8
:1004500008202000980188004f0478000000fa006e
:100460000080fa003400f9003200f9000040060074
:100470003200f8003400f800881f780018002000cf
:10048000a801880008202000980188004f04780007
:100490000000fa000080fa003400f9003200f90090
:1004a000004006000000fa0088e0a9000080fa0081
:1004b000004006000000fa008900a9000080fa0050
:1004c00000400600809fbe00829fbe000200fa002e
:1004d000c0048000680060000000e00052003200ac
:1004e00040048000680060000000e0004e00320020
:1004f000003a210011c0b3000148780090658100e6
:100500000000e00003003200906581000000e90077
:1005100090658900d0cb2200104078000004e000f4
:1005200005003200d0cb2200104078008040e90066
:10053000d0cb220001487800e05980000000e000a4
:1005400003003200e05980000000e900e059880013
:100550000040eb00004f7800300037001e80fb00a9
:100560006600b90080007800003121000080400062
:1005700010407800e14f500027003a001e80fb0039
:100580006600b900000078008080e800003121009a
:1005900000804000100078000000e0000e003200f3
:1005a0009e81fb001e80fb006600b9000000780001
:1005b0008080e800003121000080400010007800b9
:1005c0000001e9006618b9008000780020312100a0
:1005d00000804000020878001e80fb006600b90021
:1005e000000078008080e800003121000080400099
:1005f000100078000000e00007003a001e80fb00b9
:100600006600b900800078000031210000804000c1
:100610008040eb00014878001e4fe8001e40780043
:10062000f74f5000cdff36008860a9000080fa0027
:100630004f01be004f00be00004006003600f8002b
:10064000809fbe00829fbe00849fbe00869fbe002a
:100650000000fa00020037001e5f020001000000e7
:10066000801d8000610060000000e000faff3a0099
:100670008bc0a900602f21001040780080407800d6
:100680000144a000602f2100014878000080fa009a
:100690004f03be004f02be004f01be004f00be0020
:1006a0003600f900004006003600f800809fbe00ca
:1006b000829fbe00849fbe00869fbe000000fa009d
:1006c000020037002628020001000000d01c800034
:1006d000610060000000e000faff3a008960a900b4
:1006e000602f210010407800804078000154a00065
:1006f000602f2100014878000080fa004f03be00ff
:100700004f02be004f01be004f00be003600f90090
:1007100000400600809fbe000000fa00d004800068
:10072000680060000000e0003e00320050048000dd
:10073000680060000000e0003a00320041378000ad
:1007400000202000008060000000e0000700320070
:10075000e926a900602f2100104078008040780031
:100760000124a000602f210001487800a1368000fc
:1007700000042000008060000000e000070032005c
:10078000d4c6a900602f2100104078008040780076
:100790000114a000602f210001487800a0368000dd
:1007a000640060000000e00007003200d446a900a9
:1007b000602f210010407800804078000104a000e4
:1007c000602f210001487800a0368000680060009a
:1007d0000000e00001003200d466a900a1368000cc
:1007e00000022000008060000000e00001003200f4
:1007f000d4a6a900a0368000700060000000e000d0
:1008000001003200d486a9008a60a900602f21006f
:1008100010407800804078000134a000602f210053
:10082000014878000080fa004f00be00004006003a
:100830000040da000000fe00000005006022b80061
:10084000060220000000d0008180d2000482d20085
:100850008582d2000000a0000202520083825a006a
:10086000030031000202420083824a000000a1001e
:100870000603e900f3ff3a0000000600efff07005f
:100880000400be00000006000000fa00e8815700e6
:100890004fb99700cb0207000080fa000000060065
:1008a000ef000700470107007b010700f701070081
:1008b0001f02070040030700eb0237000000fa00a8
:1008c000e88157004fb99700be0207000080fa0088
:1008d00000000600e20007003a010700eb010700f4
:1008e000130207006c01070033030700de02370024
:1008f0000000fa0068815700cfb89700d6020700c1
:100900000080fa0000000600d50007002d01070056
:1009100061010700dd01070005020700260307004b
:10092000d10237000000fa0068815700cfb8970065
:10093000c90207000080fa0000000600c800070096
:1009400020010700d1010700f9010700520107004b
:1009500019030700c40237000000fa00688157003d
:10096000cfb89700bc0207000080fa000000060024
:10097000490137008001780002003700b159780042
:100980000201e9000200e000fcff3a00000006005e
:10099000889fbe008a9fbe00800478000200e000ad
:1009a0005b00320001407800814c78008281440075
:1009b000f1f99f00e20f5100550036009144980074
:1009c000a1449800e1f99f00d1f99f00e60f510082
:1009d0004f003600b1449800c1f99f00e80f510064
:1009e0004b0036000905ea00630565000a844400ef
:1009f0000a055100c1ff2f00010565000080fb00c2
:100a00008000eb00121020001310200008060700e1
:100a1000008cbe000a01440060b99f0071b99f00bc
:100a2000e80f55003a003600200498003104980081
:100a3000400498005104980020b99f0031b99f00ec
:100a400040b99f0051b99f00f80f550030003600a3
:100a50006004980071049800000c9800110c980034
:100a6000200c9800310c9800400c9800510c980014
:100a700020b19f0031b19f0040b19f0051b19f0054
:100a800060b19f0071b19f0000b99f0011b99f0034
:100a9000640164007801410002044400020555002d
:100aa0006011b8000203be000002be000403be00d5
:100ab0006022b800000072008180720002017300a1
:100ac0008381730010003700009cbe000294be00ba
:100ad0004004980051049800620498007304980040
:100ae000000c9800110c9800220c9800330c980010
:100af000400c9800510c9800620c9800730c980000
:100b00000a02b1000802b000ff0f5500eeff3e00e0
:100b1000090078004f05be004f04be00000006002b
:100b2000889fbe000004be0008007800180007007f
:100b300000004400890078000e00070008007800db
:100b40004f04be000000060081017800000278001a
:100b500030417800b14f510002003a000204e00039
:100b6000f9ff3a009480fb001380fb0000805000e6
:100b700000000600881f7800000478000800780054
:100b8000e7040700080078004f0478000000060022
:100b900080007800040037003104e00002003a00d1
:100ba0000000510000000600010178000108a300c8
:100bb000f9ff3a008101780031017800f4ef2f004d
:100bc000020242000281ea000201620004082800d9
:100bd00004016100f7ff3200830078000101780012
:100be0003104e000fdff3a00000051000000060063
:100bf0008001eb000200e0001000320000027800eb
:100c000001037800b44178000304e00008003200da
:100c1000b14278000504e000050032008203400084
:100c2000848f53000200320085cf5100f4ff320060
:100c30008381fb001680fb00808151000300780057
:100c400000000600881f7800000478000800780083
:100c5000d3040700080078004f0478000000060065
:100c6000ec874700889fbe008a9fbe008c9fbe0015
:100c70008e1f7800000678000104780018079000a5
:100c80002805900098067800cdb79f00b805900021
:100c90003202be002203be000400be000601be00f8
:100ca0004f18de006011b8008000eb00d0b79f0045
:100cb000e1b79f00f2b79f0083bf9f0080047800d8
:100cc0000900e000060032006000b8006011b800c2
:100cd000040250008582580006035900878359009a
:100ce0000e00e000020035000d10a100cdb79f00fe
:100cf0000900e00005003a004fb097000028a3006b
:100d000002003a000038a300020032008a00e90025
:100d1000010037008a007800f8815700a200200007
:100d200008007800860007000900e00003003a0090
:100d3000cfb097000128a300080032000000e900ae
:100d400000814500b1c2b3000900e000010032009b
:100d5000d1c2b30001497800050037000138a30073
:100d6000030032000000e90001c2b3008175780081
:100d7000480190000201e900000151008080450017
:100d80004fb297008a0178000c00780055020700e6
:100d90009c0090000188a30004003200980090009d
:100da000810f500001003d00010078004f077800de
:100db0004f06be004f05be004f04be00cf00b1007d
:100dc000000006000200fa00889fbe008a9fbe0055
:100dd0008005780001047800020078001801900076
:100de0002805900098007800b1bf9f00b8049000db
:100df0000200e000020035000110a100b1bf9f0019
:100e0000ea815700820020008a0078003002be008c
:100e10002003be0008007800490007003fb9970092
:100e2000f0006100030032000000e90001c3b300dc
:100e3000817478003fb99700e80061000300320038
:100e40000000e90001c2b3008174780048019000fd
:100e50000201e90000015100808044003fba970080
:100e60008a0178000b0078001e0207009b009000aa
:100e70000188a3000400320098009000810f500008
:100e800001003d00010078004f05be004f04be0088
:100e90000080fa0000000600ea874700889fbe0035
:100ea0008a9fbe008e1f780000047800030078003f
:100eb0007287570084e2260055c72600049fbe00b3
:100ec000c3962200030f78006c875700004feb0099
:100ed00011059000a1049000910578000200e00047
:100ee00002003200020778000100370072875700c5
:100ef0000000e00002003a000e00780024ff070026
:100f00000a00e000030035008a0f5000010036009f
:100f10000a0078000b02780089017800000178004f
:100f20008e00780008007800ee0107004f07780077
:100f30004f05be004f04be00af00b1000000060028
:100f4000f4874700889fbe008a9fbe008c9fbe002a
:100f50008e1f78000605be000404be0081bf9f00fe
:100f600082b79f00f3b79f00b0009000e1b79f00e9
:100f70001301780092b79f00900690004000900007
:100f80000000e900000678000d00e00001003d00cf
:100f90001d0020008040eb00efb1970081717800c8
:100fa0001e0020001f0037000c06e9000fb097005c
:100fb000cf80de006109b900a0b79f00b1b79f00e4
:100fc000c2b79f00d3b79f000203be000002be005d
:100fd0000800be000a01be003b05070000077800bc
:100fe0000e4078000043b000efb0970080707e00a4
:100ff0008d06e9000fb997000201e90082bf9f004a
:101000002fb29700bfb297004fb39700dfb397009e
:101010000800be000a01be00240507000205be004c
:101020000004be000c00e0000d003400e00f54008e
:10103000e08f5c00e00f5d00e08f5d00daff3a00ba
:101040000d00e000d8ff3c008fb997000300e000de
:10105000030034001fb097000018a300d2ff3a002d
:101060000e00e00002003a00ffb097001140a1001e
:101070000c0078004f0778004f06be004f05be00f9
:101080004f04be004f01b100000006000200fa004c
:10109000889fbe008a9fbe0000057800010478008a
:1010a0000200780018019000a804900098007800d1
:1010b000b1bf9f00b80590000200e00002003500bb
:1010c0000110a100b1bf9f00ea815700a2002000db
:1010d000890078003002be002003be0008007800be
:1010e00097ff0700480190000201e900000151004c
:1010f000808045003fba9700890178000a00780097
:10110000780107009a0090000188a30004003200d3
:1011100098009000810f500001003d000100780010
:101120004f05be004f04be000080fa00000006001c
:10113000fa874700889fbe008a9fbe008c9fbe0032
:101140008e1f780080047800010478008205780002
:10115000180190002805900018077800b80090004a
:101160000200e000020035000e10a100010037006f
:101170001200200070006700e0b79f0009003200f5
:101180003b02be002b03be00e00f5200e08f5a006e
:10119000e00f5b00e08f5b00020032008a86e9000e
:1011a000010037008a067800e8026700f5b79f0063
:1011b000010032008d06e9003b02be002b03be0099
:1011c000e4af9f00f5af9f0086b79f0097b79f00e1
:1011d000480690000c06e9000040eb0080707e009d
:1011e000efb297007fb297008903780081047800fe
:1011f000d8af9f00020478008bbf9f008a0578005b
:10120000034578002a0037000c06e9006fab970011
:101210006f006300e90f500002003c000003b000c3
:10122000010037007005b0000a03fb001604b1008e
:10123000f90f53000c003e00000378000650a00098
:101240001606b100f90f530007003e00b4b79f0027
:10125000a5b79f00c7b79f008d030700cfb39700c6
:10126000afb297003fb2970080747e000804e90097
:101270008d06e9006fa89700ffa897000fb19700af
:101280009fb19700460020008301d1000281d30066
:101290008180d3000080d3000603e900faff3a0002
:1012a000e0af9f00f1af9f0082b79f0093b79f0010
:1012b000e10f56000f0034006fa89700ffa89700b9
:1012c0000fb197009fb19700e00f5000e08f5800da
:1012d000e00f5900e08f5900cbff3a000800e00012
:1012e000c9ff3c000d00e000020034000e18a3000e
:1012f000c5ff3a0089007800f4b79f0087047800a2
:101300005fac97008a4178000b0578008fbd97008d
:101310000500e000100032003b02be002b03be00bf
:10132000e4af9f00f5af9f0086b79f0097b79f007f
:10133000e00f5200e08f5a00e00f5b00e08f5b008f
:10134000050032000c06e90083707e000c06e900ff
:1013500000c3b30080707e00ffb297000500e0007c
:10136000030032000c06e90000c2b30080707e006a
:10137000480190000201e9000c0151008c804000fe
:101380000e0278008a01780009007800d500070075
:10139000990090000188a30004003200980090009a
:1013a000810f500001003d00010078004f077800d8
:1013b0004f06be004f05be004f04be00af01b10096
:1013c00000000600f28747008e1f780002027800b6
:1013d000030178000000e0000200320000077800fe
:1013e00001003700728757008002eb000100e00027
:1013f000010032008102e9007080570006000900f8
:101400000018eb000080eb0080bf9f00231020003d
:1014100093bf9f00aebf9f00b1bf9f00c5bf9f009d
:101420000100e00003003d00b1042000f1668900e6
:1014300006003700004feb00eebf9f00debf9f00ad
:101440008400780070805700180307004f07780069
:101450002f01b10000000600820178000101780030
:10146000f1ff2700d7ff370084082000848f500049
:101470001d0032000d003c0014082000848f500035
:101480002700320002003c0004082000040037005e
:1014900024082000848f50003400320044082000cb
:1014a000848f500043003a0036003700040a2000c1
:1014b000848f50002700320004003c000409200003
:1014c000848f50003b003a0028003700020c2000b7
:1014d000828f50002f003200020f2000828f5000b8
:1014e00034003a002b0037009380e9000200e0004e
:1014f00005003200810978001102fb00cfa2de0056
:10150000612bb9002800370081097800114278006a
:101510000482fb008002eb006033b8002200370039
:1015200013027800e40052000200e00005003200df
:10153000810978001102be004fabde0086037800ff
:1015400019003700810978001102be006033b8002d
:10155000150037009380e9008109780011027800b6
:10156000cfa2de00612bb9000f0037009302780094
:10157000e8805200810978003102be002103be00dc
:10158000090037009380e9000200e0000200320009
:10159000f1ff37009380e90081097800110278009b
:1015a0008002eb006033b8000498be000690be00d5
:1015b000100005000000050044082000848f500042
:1015c0002500320008003c0014082000848f5000e1
:1015d0001400320024082000848f500024003200c0
:1015e000040820000c00370004092000848f5000fc
:1015f0001f00320004003c0084082000848f50004b
:1016000024003a000e003700040a2000848f5000a6
:1016100011003200040c2000848f50001d003a009d
:101620000d0037009380e90081097800910078006f
:1016300001087800cf91de008288be0014003700d8
:101640009380e90081097800910078000108780012
:10165000824878000e0037009380e9008109780005
:1016600091007800010878008208780008003700af
:101670009380e900810978009100780001087800e2
:101680006112b900612bb9008498be008690be003b
:101690001000050000000500889fbe0000047800cf
:1016a0004800900082047800808f540001003600ca
:1016b000800478000901780058009000adfc070014
:1016c000580090000900400050049800c8009000a5
:1016d00089845000490498000048eb004f04be0084
:1016e00000000600f2874700889fbe008a9fbe0068
:1016f0008c9fbe008e1f7800800478000105780062
:1017000002047800830578006107620002003a0055
:101710008b0f540008003900080178008a00780017
:1017200009007800dcff07008b0f5400020039002d
:10173000880578001e003700088655000c017800e7
:10174000f00f5600010036000201200001022000c7
:101750007e8057008efc07008c067800050037005d
:1017600002012000fe80570009007800caff070030
:10177000f0865600ef8f5600f9ff3e004461de0010
:1017800000ff2f000091b90002014600fe805700c3
:1017900009007800c0ff07000e00e00004003a00d6
:1017a000080178008a00780009007800baff070075
:1017b0000b0078004f0778004f06be004f05be00b3
:1017c0004f04be002f01b10000000600000005001c
:1017d0000000050000000500000178000040eb005b
:1017e0008080fb0081804000e3c5220063c2780056
:1017f0000404e00003003a00f0c5220060c0780055
:101800000000060092017800934f520004003a0055
:10181000f0c5220060c078000309e800010037002d
:101820000040e800ea4f5000edff360000000600df
:10183000f6874700889fbe008a9fbe008c9fbe002f
:101840008e1f780000057800010478008305780079
:10185000040678000000eb00c0b79f008080eb001a
:10186000d1b79f00e0b79f00f2b79f0000082000ab
:1018700080bf9f0098007800010078008004eb0092
:10188000010037008904e800304178000204e000dc
:101890000300320053c2b300834f5100f9ff3a00f6
:1018a0000900e00004003200090178000a00780015
:1018b00079ff0700188c44001807780050c2b30065
:1018c0009e4f10003f013a000e07e8000e0c780012
:1018d00010003700cfb097000100a0000b003700c8
:1018e000cfb097000110a00008003700cfb09700dc
:1018f0000120a00005003700cfb097000130a00004
:1019000002003700cfb097000140a000c1b79f0090
:10191000000ce8001800780090407800b2c2b300d4
:1019200082cf5000f1ff320007003c0002c2b3003a
:1019300082cf5000f0ff320032c2b30082cf50009d
:1019400007003a00efff3700d2c2b30082cf500049
:10195000e0ff320002c3b30082cf5000e0ff32004c
:10196000a2c2b30082cf50000d003a00000ce80084
:101970001c80e900000e780010007800e0b79f009e
:101980000000e0000f003d00cfb097000100a20072
:10199000c1b79f000000ea00e0b79f0009003700d0
:1019a00039010700e0b79f0001003700000ce80094
:1019b000180078009000fb000103b100e98f50008f
:1019c000faff36004fb097000008a3000200320073
:1019d0000010a100c0b79f0018007800e1c2b3005a
:1019e00090cf100016003a008000eb00d1b79f00a6
:1019f0000000e800000c7800a1c2b30090cf1000f6
:101a000006003a00000ce8001c80e900000e780097
:101a100010007800d0b79f00090037001a010700b6
:101a2000d0b79f0001003700000ce80018007800d4
:101a30009000fb000103b100e98f5000faff36006f
:101a40000800780064ff07008046780018007800de
:101a50001000fb008701070091062000810f500055
:101a60003800320012003c0041062000810f500077
:101a7000340032000a003c0011062000810f5000a3
:101a80002000320031062000810f5000a0003200fb
:101a900051022000810f5000bc003a00b400370012
:101aa00071062000810f5000b8003c00880037000c
:101ab00001072000810f50005c00320007003c004d
:101ac000e1062000810f50007a003200f10620006c
:101ad000810f5000ad003a00390037005107200057
:101ae000810f50002700320081072000810f500035
:101af0004200320031072000810f5000a3003a005d
:101b00008f0037008d80fb000c01780000fe2f0055
:101b10000f004000730107000000e000a800320041
:101b200018007800000ce8009041780002fe2f00b9
:101b30000f014100f88057000a00780024ff0700d9
:101b40000e0037008d80fb008c0178001200200011
:101b500000fe2f000f00400043fe07000000e000e1
:101b600097003200180ce80002fe2f000f01410020
:101b7000f88057000a00780039fc07008084440090
:101b8000900037008d80fb008c0178000001eb0095
:101b900000fe2f000f00400033fe07000000e000b1
:101ba00087003200180ce80002fe2f000f014100f0
:101bb000f88057000a00780034fd0700efff370077
:101bc0008d80fb008c0178000001eb0000fe2f00ef
:101bd0000f00400024fe07000000e0007800320003
:101be000180ce80002fe2f000f014100f88057009a
:101bf0000a00780073fc0700e0ff37008d80fb00cf
:101c00008c0178000001eb0000fe2f000f00400067
:101c100015fe07000000e00069003200180078009f
:101c2000000ce800904178001c0037008c0178001f
:101c30000001eb00010f200000fe2f000f0040000c
:101c400009fe07000000e0005d003200180ce8000b
:101c50000fb097009fb097002fb19700bfb19700ca
:101c6000e00f5000e08f5800e00f5900e08f59005e
:101c700009003a00cfb597006fb4970060c5220005
:101c8000c3fb07000b027800880178000001780090
:101c900061c522004700370083c7b30002fe2f0052
:101ca0000f014100f88057000a00780020fd07006e
:101cb000b2ff37000b8144008d80fb008c0178005f
:101cc00000fe2f000f0040003bfe07003c003700e5
:101cd0008d80fb000c01780000fe2f000f004000fb
:101ce000000107000000e000350032001800780015
:101cf000000ce8009041780002fe2f000f01410027
:101d0000f88057000a007800b1fe07009bff3700fb
:101d100000c8b30080cf560029003a00180ce80034
:101d20001c80e900000e780010407800e0df9f0082
:101d300013002000e2fd2f000f01410008003700d2
:101d400000c8b30080cf56001d003a00180ce80010
:101d50001c80e900000e78008001eb001001780083
:101d6000f88057000a0078004bfc070083ff37001b
:101d700000c8b30080cf560011003a00180ce800ec
:101d80004fb29700efb19700080037000e0c7800b3
:101d90000000eb00c0b79f00e0b79f000080eb00a1
:101da000d0b79f000002eb008401780012002000f1
:101db000c1c522000a0078004afe07006fff370005
:101dc000180ce800090078004f0778004f06be00a5
:101dd0004f05be004f04be006f01b10000000600b9
:101de0008200fa00889fbe008a1f780000057800f4
:101df00082047800c13f9f000004eb001000370010
:101e00000902780088017800a2f72f000f01410035
:101e100081f72f008f8040000a00780084fe0700c1
:101e200008004000880f500004003d00b00420006e
:101e3000f06689000084eb0004003700000478009d
:101e40004f3897001004e000edff3a0008007800da
:101e50004f0578004f04be000080fa000000060025
:101e6000800078001000200002022000828f5000c5
:101e700004003200e9805000e48f50000100360079
:101e80000000eb0000000600889fbe008a1f78005b
:101e9000000578000a047800984478000805e800f6
:101ea0000900fb00eeff07000000e000f9ff3a0028
:101eb000b0c2b30080cf540005003200d0c2b300de
:101ec0008000eb0080cf540005003a00020037008c
:101ed0008000eb0001003700110020000804e8003a
:101ee0000000eb00030037006a02b9000200520054
:101ef0000003b0003801fb0003fd2f008281410088
:101f0000e98f5100f8ff36000100e00001003a00bf
:101f10000000ea004f0578004f04be0000000600f4
:101f20000101780080017800008268000408a300a5
:101f300005003200130037003240780080597800e5
:101f40000004e00014003200030278000208a3003d
:101f5000f9ff3a0003007800010037000318780009
:101f600082007800b2017800f5ef2f0083824200f2
:101f70000382ea000482620005082800050262006c
:101f8000f6ff3200000278003141780002587800f4
:101f90000204e000fbff3a000400780000000600a5
:101fa000881f780081017800000278008082680034
:101fb0000508a30002003200210037000201e900f9
:101fc00003007800040478000308a300070032002f
:101fd0000200e00021003200b3407800015a78008e
:101fe0000104e000f5ff3a00020037000200e000c3
:101ff0001a0032001004e00003003a001700370016
:10200000031c78000281e90080007800e10f510094
:1020100008003600b0017800f5ef2f0083824200ff
:102020000382ea00048262000508280005026200bb
:10203000f3ff320008007800010037000201e900d8
:10204000000478000200e00004003200b141780092
:10205000035878000304e000f8ff3a008000eb002a
:10206000080078004afa0700080078004f0478005a
:1020700000000600f1fb2f0080804000f98f500027
:1020800001003e000050a00000000600f9ff3700ec
:10209000f1f92f0080804000f98f500001003e00d0
:1020a000f005b20000000600f9ff37000200fa0058
:1020b000881f780000047800e2bf9f006481570009
:1020c0000800780046ff0700980090000148a30030
:1020d000010032000080eb004f0478000080fa001d
:1020e00000000600881f7800000478000008200027
:1020f000808f50001700350010082000808f50009e
:102100000b00340030082000808f500011003a008e
:102110009200780068805000000978003002be000c
:102120002003be00049cbe000694be0007003700da
:102130009202780064805200000978001000be000e
:1021400007000700009cbe000294be0010002000a3
:10215000010037000000eb004f047800000006008b
:10216000810378001d0007000001be006000b80078
:102170000478a30013003a006220e10015003e003d
:102180000d0039008301d1000281d3008180d3008a
:102190008301d1000281d3008180d3008301d1006b
:1021a0000281d3008180d3000538b000c42add004d
:1021b000f300b2008381720007f0a70003f0a000d3
:1021c0000000060083ff2700020020006110b90014
:1021d000f9ff370003ff2700f7ff3700c70ade00cb
:1021e000f107b200f50fb20008003200e1cf420063
:1021f000020032000170a00024000500810f700071
:10220000010032000408050044000500810f700041
:1022100002003a00140005008502e90000004000b9
:1022200081c04800fcff3b000170a00024000500b5
:10223000020ab900001bb9000200b8008100420088
:102240008100430000000600889fbe008a9fbe00f8
:1022500030044200b0844a0030054b0090854b00aa
:102260006000b1000898be000a90be000440e10082
:1022700005c8e10006d0e10007d8e1000200310006
:10228000680040001008e8004f05be004f04be0083
:1022900000000600889fbe008a9fbe003004be007a
:1022a0002005be000418540005985c0006185d0067
:1022b00007985d00110020000440e10005c8e1001e
:1022c00006d0e10007d8e100010039008000eb00f2
:1022d000108810004f05be004f04be00000006002d
:1022e0001200fa00889fbe008a9fbe008c9fbe002d
:1022f000e0b79f00f1b79f0082bf9f0093bf9f0090
:102300000605be000404be000000eb00d0b79f002d
:10231000c0b79f00b0b79f00a0b79f0090b79f00c5
:10232000000678005fb19700cfb0970082014100ae
:102330003fb097000200e00004003d0037000700b6
:102340007e805700c0ff07000300370033000700fe
:102350007e805700cfff0700dfb697000d00e0003a
:102360000c0035006fb29700ffb297000fbb9700cb
:102370009fbb970010002000010020006011b800f2
:102380000002720081827200020373008383730073
:102390001b0007000c06e80001042000810f560016
:1023a000e0ff3a000d00e00004003d000802be001e
:1023b0000a03be007e805700a3ff07005fa89700b6
:1023c0000000e00005003a001fb29700afb297008e
:1023d0003fb39700cfb39700090007006fb0970095
:1023e000ffb097000fb997009fb997004f06be0046
:1023f0004f05be004f04be000080fa00000006003a
:102400000100070000000600a4b79f00b5b79f00b9
:10241000c6b79f00d7b79f00000006004f09de0037
:1024200082817100b3b79f004f01de0081804000c0
:1024300082807000a1b79f008fb097004f09de0027
:10244000000040000200700090b79f007fa8970036
:102450004f01de00818040008280700081b79f00c4
:102460000d0007004f3ade0000004000040070003d
:10247000f0af9f00080007000402420085824a0076
:1024800006034b0087834b00dfff07000802be00f6
:102490000a03be00000006002fb29700bfb29700eb
:1024a0004fb39700dfb3970000000600881f780045
:1024b00018002000881f780089ff07008f87e90037
:1024c0004f04780000000600801feb0084ff070027
:1024d0008f87e90000000600889fbe008a9fbe002b
:1024e000e00f5000e08f5800e00f5900e08f5900d6
:1024f0000c003d006044b8006055b8000000540076
:1025000081805c0002015d0083815d001800200075
:102510001500070008003d00180007000004eb004c
:10252000050037000004eb000f00070002003d002b
:102530001200070018002000dcff07000800e00080
:10254000060032006022b8006033b800000052007c
:1025500081805a0002015b0083815b004f05be0051
:102560004f04be0000000600e00f5200e08f5a004a
:10257000e00f5b00e08f5b00000006006044b800e5
:102580006055b8000402540085825c0006035d00bb
:1025900087835d0000000600889fbe008a9fbe0002
:1025a0008c1f7800e00f5000e08f5800e00f5900ba
:1025b000e08f59000d003d006044b8006055b80040
:1025c0000000540081805c0002015d0083815d0099
:1025d0001c0020000820e10009a8e1000ab0e10089
:1025e0000bb8e1000d003d00080037000006eb00cd
:1025f000e00f5200e08f5a00e00f5b00e08f5b00bd
:1026000006003d006044b8006055b8000402540064
:1026100085825c0006035d0087835d00aaff0700da
:102620000c00e000060032006022b8006033b80001
:102630000000520081805a0002015b0083815b0030
:102640004f0678004f05be004f04be000000060094
:020000040000fa
:1026500030300000303000003030000031300000f9
:1026600039450000334600003234000030300000ad
:1026700030300000253000003258000025300000c6
:10268000325800002530000032580000253000008c
:102690003258000030300000253000003258000071
:1026a0002530000032580000384100000041000091
:1026b00055440000494f0000204300004f440000f3
:1026c0004543000020520000313400003d25000049
:1026d000642000002830000078250000303200001f
:1026e0005829000020520000313500003d2500002f
:1026f00064200000283000007825000030320000ff
:1027000058290000523900003d25000064200000d7
:1027100028300000782500003032000058290000e1
:1027200020520000313000003d25000064200000f0
:1027300028300000782500003032000058290000c1
:1027400020520000313100003d25000064200000cf
:1027500028300000782500003032000058290000a1
:1027600020520000313200003d25000064200000ae
:102770002830000078250000303200005829000081
:10278000204900003d250000630a000000250000ec
:102790007320000046690000633d000025730000bf
:1027a00020640000656d00003d25000064200000ed
:1027b00065740000617400003d2500006420000085
:1027c00065750000723d00002564000020250000b2
:1027d000640a0000003100006b350000687a0000d8
:1027e0002e7700006176000000310000356b00009c
:1027f000687a00002e770000617600000044000037
:10280000656d0000616e000064650000000d000051
:102810000a5400005241000043450000494e0000a8
:10282000464f0000200000002573000020440000f7
:10283000656d0000616e000064650000417200007b
:1028400072650000744c0000656300007475000040
:1028500072650000536f00006e2800002920000000
:1028600045740000617400003d250000640a00000a
:10287000000d00000a52000020520000584d0000d8
:102880004f440000200000000d0a0000000d000071
:102890000a52000020540000584d00004f44000030
:1028a000200000000a0000003c3c00003c45000005
:1028b000636800006f20000064650000746500001c
:1028c00063740000653e00003e3e00000a00000008
:1028d0002b4300004d4700004c3a00002000000050
:1028e00045520000524f0000520000002b430000f0
:1028f0004d53000020450000525200004f5200008e
:10290000002b0000434d0000452000004552000010
:10291000524f00005200000023410000504c0000c4
:1029200041590000455600003a20000030000000e8
:1029300052450000432b0000756600000023000094
:102940004854000054500000524900004e47000017
:102950003a200000002300005347000041430000dc
:10296000543a0000203100002c0000004d410000ce
:102970004a3a000020550000524300002069000040
:10298000676e00006f720000652000007065000037
:102990006e640000616e000074200000726500002b
:1029a0006365000070740000696f00006e20000015
:1029b0003a200000252e000034300000730a000089
:1029c000004f00004b0000004d4100004a3a00005b
:1029d0002072000065630000616c00006167000008
:1029e000652000007375000072200000646500001f
:1029f000627500007420000064650000206c000017
:102a0000696700006e650000204f00004b0a00005f
:102a1000002b0000434c0000434300003a2000001c
:102a20000041000070700000656c0000206500002f
:102a30006e740000726100006e740000203e0000a1
:102a400020490000474e00004f5200004520000082
:102a5000425000000a000000417000007065000054
:102a60006c200000736f000072740000616e000043
:102a700074200000656e0000206300006f75000088
:102a8000727300002c200000696700006e6f000068
:102a900072650000206500006e7400007261000025
:102aa0006e7400000a00000030300000303000007a
:102ab0003030000030300000303000003030000096
:102ac000303000000041000070700000656c0000b4
:102ad000206500006e740000726100006e740000da
:102ae000202d00003e200000415000005045000015
:102af0004c5f0000414c000045520000540a0000a9
:102b000000520000494e00004700000052490000fa
:102b10004e470000206c0000752000005374000038
:102b200061740000757300003d41000050500000ca
:102b3000454c00005f540000524100004954000021
:102b4000454d0000454e0000542000002043000089
:102b5000707400005365000063490000676e000058
:102b60006f7200006541000070700000656c00002d
:102b70003d3500000a000000524900004e470000a9
:102b8000206c000075200000696700006e6f000077
:102b90007265000020000000204100004553000045
:102ba0003d00000020410000535300003d000000a4
:102bb0002d2d00002d2d00002d2d00002d2d0000ad
:102bc0002d2d00002d540000494d0000452000002f
:102bd0004f550000542000002d200000434100000c
:102be000534500002000000025640000002d000077
:102bf0002d2d00002d2d00002d2d00002d2d00006d
:102c00002d0d00000032000030380000303100008f
:102c1000003200003038000030320000006f000049
:102c2000726100006e670000650000003230000035
:102c30003831000030000000323000003831000030
:102c40003100000032300000383100003300000055
:102c500077650000627300006672000000320000b9
:102c600030380000313500000032000030380000fc
:102c7000313600000066000072650000650000004b
:102c800032300000383200003000000032300000e6
:102c900038320000310000003230000038380000c7
:102ca000380000006d6d0000736200006f75000059
:102cb00079670000746500006c2e0000636f0000ef
:102cc0006d0000003237000032300000310000009b
:102cd00069730000702e0000766f000064610000d0
:102ce000666f00006e6500002e6900006500000040
:102cf000323700003230000032000000323700006e
:102d00003230000035000000746800007265000079
:102d1000652e0000696500000032000037320000b7
:102d20003033000000690000737000002e65000061
:102d3000697200002e690000650000003237000053
:102d4000323000003700000074650000736300003b
:102d50006f6d00006f620000696c0000652e00005e
:102d6000696500000032000033340000313000009b
:102d70000032000033340000303200000032000026
:102d80003334000031310000006d00006f6200003c
:102d9000696c0000652e00006f3200002e63000099
:102da0006f2e0000756b000000320000333400000d
:102db00031350000003200003334000039310000aa
:102dc000006900006e740000657200006e6500000e
:102dd0007400000032330000343300003000000083
:102de000323300003433000033000000323300007f
:102df0003433000034000000657600006572000086
:102e000079770000686500007265000000320000fc
:102e1000333400003230000000740000687200009b
:102e2000656500002e6300006f2e0000756b0000ca
:102e3000003200003032000030310000003200006b
:102e4000303200003032000000320000303200002a
:102e500030350000006900006e74000065720000eb
:102e60006e650000742e0000766f00006461000043
:102e7000666f00006e6500002e67000072000000a3
:102e800032300000323000003900000032300000e3
:102e90003231000030000000676900006e740000ed
:102ea0002e6200002d6f00006e6c0000696e000045
:102eb000652e000067720000005b000047310000d3
:102ec0003d250000642000003c3c0000202500005f
:102ed000640a000000470000312e00002564000055
:102ee000207300007461000072740000200a00006a
:102ef000004900004e490000542000004731000006
:102f00002031000020310000203100000047000087
:102f1000312e0000256400002052000054530000b0
:102f2000206500007420000043540000532000007e
:102f30003d20000025640000200a0000005700002a
:102f400061690000746900006e67000020250000c0
:102f5000642000000d0000004154000026460000df
:102f60000d00000041540000264b0000300d000011
:102f7000002d00002d2d00002d2d0000617000009f
:102f8000774b00004f660000662d00002d2d0000dd
:102f90002d540000494d0000452000004f55000011
:102fa000542000002d200000434100005345000044
:102fb0002000000041540000453000000d000000da
:102fc000415400002b490000505200003d310000e8
:102fd0003135000032300000300d000000410000ab
:102fe000542b00004943000043490000440d0000f9
:102ff000002b00004943000043490000443a000010
:103000002000000043430000494400002045000028
:10301000727200006f7200000a000000415400004c
:103020002b430000475300004e0d000000410000fc
:103030005423000053570000504b00004756000037
:103040000d000000494d0000454900003a200000f5
:10305000002f0000000d000000410000542b000074
:10306000434700004d4d00000d000000415400009a
:1030700023490000534d0000534300004647000021
:103080003f0d000000230000495300004d53000095
:1030900043460000473a00002031000000230000b2
:1030a000495300004d53000043460000473a0000da
:1030b000203000000041000054230000495300006c
:1030c0004d53000043460000473d0000300d000016
:1030d000000a000020720000656200006f6f0000af
:1030e000742000006d6f0000646500006d2000001a
:1030f000706f000075720000204100005423000032
:10310000495300004d53000043460000473d000076
:10311000302000000a000000415400002b43000052
:10312000504900004e3f00000d0000002b430000fe
:10313000504900004e3a0000205200004541000076
:1031400044590000002b000043500000494e00008d
:103150003a200000534900004d2000005049000073
:103160004e0000002b430000504900004e3a000082
:1031700020530000494d000020500000554b000036
:10318000002b000043500000494e00003a20000090
:103190004e4f000054200000494e000053450000ef
:1031a000525400004544000000410000542b000030
:1031b00043500000494e00003d2200000022000064
:1031c0000d000000436f0000646500002050000007
:1031d000494e000020700000617300002070000064
:1031e00061720000616d000065740000726500008e
:1031f0002c200000766f0000697200002043000060
:1032000046500000494e00000a00000057410000ef
:10321000524e0000494e0000473a0000204f000087
:103220004e4c0000592000004f4e00004520000089
:1032300041540000544500004d500000542000004f
:10324000464f000052200000504900004e20000070
:103250004c450000465400002c200000434800006c
:10326000454300004b200000524500004749000044
:103270005354000045520000454400002050000017
:10328000494e0000004300006c6900006720000008
:1032900032200000506900006e2000006f6b0000bb
:1032a0000a000000415400002b430000535100006d
:1032b0000d0000002b430000535100003a20000095
:1032c00000470000312e000025640000204500006a
:1032d000636800006f4400006574000065630000cf
:1032e000746500003e3e00002035000031300000d3
:1032f000200d000000410000542b0000434d000051
:10330000454500003d3200000d0000004154000022
:103310002b490000464300003d3000002c300000e7
:103320000d000000415400002b4300004d470000f9
:10333000463d0000310d00000041000054530000e4
:10334000303d0000303b0000533700003d320000ac
:10335000353500000d000000415400002b430000f3
:10336000523d0000300d000000410000542b0000d1
:1033700043520000433d0000300d000000410000ba
:10338000542b000043520000534c00003d3000001d
:103390000d000000415400002b4300004655000082
:1033a0004e3d0000310d000000410000542b000094
:1033b000434c0000495000003d3000000d0000006b
:1033c000415400002b4300004c490000523d0000d6
:1033d000300d000000410000542b0000434f00005e
:1033e0004c5000003d3000000d0000004154000032
:1033f0002b430000534900004c3d0000313b0000ce
:103400002b4300004c5600004c3d0000300d0000e6
:1034100000410000542300005347000041430000d6
:10342000543d0000312c0000300d0000004500002c
:10343000525200004f520000202b00004347000072
:1034400041430000543d0000312c000030200000ba
:103450002d200000436f00006e740000696e0000b4
:10346000756500000a000000415400002b43000075
:1034700047440000434f00004e5400003d3100001f
:103480002c22000049500000222c000022000000e5
:10349000222c0000223000002e3000002e300000d0
:1034a0002e300000222c00002c2c00000d0000000b
:1034b000415400002b43000047440000434f0000ec
:1034c0004e5400003d3100002c2200004950000005
:1034d000222c0000222200000d00000041540000b8
:1034e0002353000047410000435400003d310000d9
:1034f0002c3100000d0000002d2d00002d2d0000ae
:103500002d2d00002d2d00002d2d00002d49000037
:10351000676e00006f720000652000006572000099
:103520007265000075720000207300007572000063
:1035300020630000736900006c200000004100005f
:10354000542300004932000043570000523d000060
:10355000342c0000372c0000323000002c300000ea
:10356000302c0000313700000d00000070610000b9
:10357000756f00006b2e0000776100007600000080
:10358000697300006f6c0000652e00007761000019
:103590007600000052650000626f00006f7400004a
:1035a00020640000752000006d6f0000646500005d
:1035b0006d20000041750000637500006e20000062
:1035c000534d0000530a00000052000065620000e5
:1035d0006f6f0000742000006d6f000064650000d4
:1035e0006d2000006574000061700000652000001f
:1035f00032300000302c00002065000074610000b3
:1036000074200000696e0000636f00007272000099
:1036100065630000740a0000005000004450000080
:1036200020440000efbf0000bd6a0000efbf0000b3
:10363000bd2000006f750000766500007274000008
:10364000202d000020440000656d0000616e000028
:1036500064650000204f0000757600006572000070
:103660007475000072650000205000004450000096
:103670000a000000415400002353000047410000ad
:10368000435400003f0d000000470000726100003d
:1036900066200000475300004d200000736c0000be
:1036a00065650000700a000000410000542400001d
:1036b00047500000535000003d3000000d00000056
:1036c000415400002b430000465500004e3d0000d1
:1036d000300d000000470000312e0000256400007e
:1036e00020540000494d0000452000004f550000c7
:1036f000540d000000470000312e0000256400003a
:1037000020450000727200006f72000052650000d8
:103710006375000020450000727200006f720000a7
:103720005265000063750000202000000d000000bd
:103730003c3c00003c3c00003c3c00003c3c0000a9
:10374000473100002e250000642000004563000082
:10375000686f000044650000746500006374000039
:10376000652000003e2000003531000030200000c0
:103770003e3e00003e3e00003e3e00003e3e000059
:103780003e3e00003e3e000020350000313000008b
:10379000200d0000005200006570000072690000fa
:1037a0007365000020470000312e000025640000f2
:1037b00020470000313700003d2500006400000074
:1037c000473100002e320000313000002050000050
:1037d0006f730000485000003d00000025640000a9
:1037e0000a000000415400002b4300005349000030
:1037f0004c3d0000300d0000005300006f6e0000d3
:103800006e650000726900006520000050610000d4
:1038100073200000646500002066000069630000fa
:1038200068690000657200000a0000004154000051
:1038300023410000504c0000415900003d30000081
:103840002c3000002c220000220d0000004100005e
:1038500054230000415000004c410000593d00003d
:10386000312c0000302c000022000000220000005b
:10387000473100002e32000031310000206c000082
:1038800069740000200000002a4500005252000028
:103890004555000052000000646500006d610000a5
:1038a0006e6400006520000066690000632000006f
:1038b0007465000073740000206f00006c640000e9
:1038c0000a0000004154000023410000504c000059
:1038d000415900003d3000002c3000002c22000037
:1038e00000450000525200004f52000020490000e5
:1038f0004e53000045520000542000005049000083
:103900004e20000057480000454e000020430000b4
:10391000415200004420000049530000205500009f
:103920004e5000004f570000455200004544000033
:1039300020540000484500004e2000005452000072
:103940005920000041470000414900004e0a000094
:1039500000450000525200004f5200002054000069
:103960004f4f0000204d0000414e00005920000044
:103970005452000049450000533a00002053000013
:10398000494d0000204200004c4f0000434b000016
:1039900045440000204300004f4400004520000043
:1039a000505500004b2000004e45000045440000eb
:1039b000454400000a000000415400002b43000071
:1039c0004e4d0000493d0000312c0000312c00001c
:1039d000302c0000302c0000300d000000410000b1
:1039e000542b0000434d0000474c00003d220000d6
:1039f000414c00004c2200000d000000415400002a
:103a00002b4300004d470000443d0000002c000007
:103a1000300d000000410000542b0000434d000019
:103a2000474400003d3100002c34000000410000fc
:103a3000542b000043520000454700003f0d00009a
:103a4000002b000043520000454700003a200000d0
:103a5000302c0000310000002b43000052450000d4
:103a6000473a0000203000002c350000002b0000f9
:103a700043520000454700003a200000312c00006e
:103a8000310000002b43000052450000473a00007f
:103a9000203100002c350000002b000043520000b4
:103aa000454700003a200000302c000033000000a1
:103ab0002b43000052450000473a0000203100002f
:103ac0002c3300000052000065670000697300009d
:103ad0007472000061740000696f00006e200000c5
:103ae000646500006e69000065640000206f0000de
:103af0006e20000072650000636f00006d6d0000b5
:103b0000656e0000636500000a0000002b430000a2
:103b100052450000473a0000203000002c300000e1
:103b2000002b000043520000454700003a200000ef
:103b3000302c0000340000002b43000052450000f0
:103b4000473a0000203100002c300000002b00001c
:103b500043520000454700003a200000312c00008d
:103b60003400000053650000756900006c200000ff
:103b7000707200006563000065640000656e0000ff
:103b80007420000064650000666100007574000028
:103b9000207200006573000065610000750a000076
:103ba00000520000656c0000616e0000636500005b
:103bb000207400006163000068650000206d000053
:103bc0006f640000656d00002063000061720000fa
:103bd000206400006566000061750000742000002c
:103be000696e000073630000726900007074000069
:103bf000696f00006e0a0000002b000043520000b5
:103c0000454700003a200000320000004154000007
:103c10002b43000052450000473d0000310d0000dd
:103c2000004c0000656300007475000072650000c0
:103c300020430000535100000a0000004c650000c2
:103c40006374000075720000652000003c72000083
:103c500073730000693e0000203a00002025000038
:103c6000640a0000004c00006563000074750000e9
:103c700072650000203c0000737100003e200000cf
:103c80003a200000256400000a00000041540000b2
:103c90002b43000045530000510d0000002b000095
:103ca00043450000535100003a200000002b000063
:103cb00043450000535100003a200000393900000c
:103cc0002c390000392c0000002b00004345000077
:103cd000535100003a200000393900002c3900000f
:103ce000392c000032350000352c00003235000040
:103cf000352c0000004c0000656300007475000066
:103d000072650000203c00007273000072710000b8
:103d10003e2000003a200000256400000a00000058
:103d20004c6500006374000075720000652000009f
:103d30003c72000073720000703e0000203a0000e8
:103d400020250000640a0000004c000065630000ac
:103d50007475000072650000203c00007273000062
:103d6000637000003e2000003a200000256400003f
:103d70000a0000004c6500006374000075720000ca
:103d8000652000003c650000636e00006f3e00008f
:103d9000203a000020250000640a000000410000d5
:103da000542b0000434d0000475300003d2200000b
:103db00000540000696d0000654f0000757400003c
:103dc00031200000656e0000766f00006920000061
:103dd000534d0000530a000000250000630000005e
:103de000534d0000534500004e56000020000000d7
:103df000546900006d6500004f75000074320000ca
:103e0000206500006e7600006f69000020530000fe
:103e10004d5300000a00000045720000726500006a
:103e20007572000020470000312e0000363200007d
:103e3000206500006e7600006f69000020530000ce
:103e40004d5300000a000000534d00005345000090
:103e50005252000020000000415400002b4300009b
:103e60004c430000430d000000410000544100009d
:103e70000d00000041540000235200004653000092
:103e8000545300000d00000041540000533700005f
:103e90003d3000000d0000004154000044000000cf
:103ea0003b0d000000410000544800000d000000e0
:103eb0004e4f00004b2d00003e3200003332000018
:103ec000204d00006c3d0000004300005049000000
:103ed0004e200000546900006d6500004f55000041
:103ee000542d00003e320000333200000a00000072
:103ef0003f000000415400002b4300004f500000e1
:103f0000533f00000d0000002b4300004f50000005
:103f1000533a000000410000542b0000434f0000c2
:103f2000505300003d3300002c3200000d00000013
:103f3000415400002b4300004f500000533d00004f
:103f4000332c0000300d000000410000504e0000f6
:103f5000206f000070650000726100007465000051
:103f600075720000206d0000697300002061000080
:103f7000206a00006f750000722000002d3e0000d6
:103f8000207200006570000061720000616d000029
:103f90006574000072610000676500002050000039
:103fa000445000000a000000415400002b43000070
:103fb000534900004c3d0000310d00000047000057
:103fc000312e00003131000034200000506f00001d
:103fd00073480000503d000000470000312e0000f3
:103fe000313100003520000047610000696e00009b
:103ff000732000006f6b00000a000000476500009e
:104000006e4600007174000020670000313d000022
:104010003136000030200000706f0000736800002f
:10402000703d000000430000747200006c47000007
:10403000656e000046710000742e00004c610000a7
:104040006e630000656500003d3100000a0000005d
:10405000415400002b560000544400003d00000075
:10406000415400002b560000545300003d00000056
:10407000736900002070000061730000206d000073
:104080006172000063680000652c0000207400006d
:104090006573000074650000722000006176000006
:1040a00065630000202c0000206500006e74000095
:1040b000726500002063000061720000206400004f
:1040c000746d000066000000415400002b430000a6
:1040d00052450000473d0000320d00000041000045
:1040e0005423000053480000444e00000d0000001f
:1040f00052450000424f00004f5400002053000082
:104100006f660000742000004d6f000064650000c1
:104110006d0a0000002d0000466900006e200000be
:10412000746500006d7000006f20000047310000d2
:104130002e250000642d00000d00000052450000f7
:10414000424f00004f540000206500006c650000e5
:104150006374000072690000717500006520000042
:104160004d6f0000646500006d0a00000052000001
:1041700020000000415400002b5700005334000081
:10418000363f00000d0000002b57000053340000a4
:10419000363a000020000000415400002b57000078
:1041a00053340000363d0000256400000d0000007f
:1041b000232300002344000045420000554700002f
:1041c0002042000061730000637500006c65000010
:1041d0002076000065720000732000003347000065
:1041e0000a00000023230000234400004542000091
:1041f0005547000020420000617300006375000015
:104200006c650000207600006572000073200000dd
:10421000344700000a000000415400002447000019
:1042200050530000503f00000d00000024470000e4
:1042300050530000503a000020000000415400009c
:104240002447000050530000503d0000310d000095
:10425000004100005424000047500000534100007a
:10426000435000000d0000002d2d00002d2d0000fa
:104270002d2d00002d2d00002d2d00002d540000af
:10428000494d0000452000004f550000542000001b
:104290002d20000033300000310000000a23000010
:1042a0002323000054520000414e000053500000f0
:1042b00041520000454e00005420000043500000d1
:1042c000543d00003020000023230000230a00009a
:1042d000000a00002323000023440000424700009e
:1042e0004d4f0000444500004d3d000030200000cf
:1042f000286d00006f640000656d000020650000ff
:104300007461000069740000207000007265000094
:104310007429000020230000232300000a0000006d
:104320000a2300002323000044420000474d000000
:104330004f440000454d00003d30000020280000a3
:104340006d6f0000646500006d200000706100006a
:104350007320000070720000657400002c200000c3
:1043600072650000696e0000697400002920000079
:1043700023230000230a000000410000545a0000db
:104380000d00000048540000545000003a20000086
:104390002353000047410000435400003f20000029
:1043a000696e0000646900007175000065200000fe
:1043b000636f00006e740000657800007465000093
:1043c00020660000657200006d650000202d000071
:1043d0003e200000726500006f75000076650000e9
:1043e0007274000075720000650a00000048000049
:1043f00054540000503a0000206100006261000047
:104400006e6400006f6e0000202800004e62000005
:10441000547200007920000065700000756900008a
:1044200073650000202d0000206300006f6e000007
:10443000746500007874000065200000504400009e
:1044400050200000696e0000646900007370000075
:104450006f6e0000696200006c650000290a0000b0
:104460000048000054540000503a00002070000042
:104470006173000020640000652000007265000088
:10448000706f00006e730000652000002353000071
:1044900047410000435400003f2000002d3e000033
:1044a00020720000656f00007576000065720000e4
:1044b0007475000072650000205000004450000038
:1044c000207000006172000020730000656300002e
:1044d0007572000069740000650a00000048000061
:1044e00054540000503a0000206100006261000056
:1044f0006e6400006f6e0000202800004e62000015
:104500005472000079200000657000007569000099
:1045100073650000290a00000041000054230000d8
:10452000485400005450000043460000473d00003e
:10453000302c000022250000732200002c250000f2
:10454000642c0000302c0000222200002c220000ed
:10455000222c0000312c000031320000302c0000f1
:10456000310d0000004100005423000048540000b9
:104570005450000051520000593d0000302c000002
:10458000302c000022250000732200000d000000e6
:1045900048540000545000003a20000065630000b9
:1045a000686500006320000048540000545000007b
:1045b00043460000472000002d20000072650000e7
:1045c00074720000790a0000004800005454000092
:1045d000503a000020700000617300002064000069
:1045e0006520000023480000545400005052000091
:1045f000494e0000472000002d2000007265000099
:1046000074720000790a0000004800005454000051
:1046100050520000494e0000472000007374000013
:1046200061740000757300003d25000075200000d6
:10463000736900007a6500003d2500006c7500007c
:104640000a00000048540000545000003a200000c6
:104650007374000061740000757400002021000074
:104660003d20000032300000300a00000041000010
:10467000542b0000434e00004d4900003d30000027
:104680002c3000002c3000002c3000002c300000ba
:104690000d0000004d4100004a3a00002052000089
:1046a00045500000524900005345000020520000d0
:1046b0004150000049440000452000002d2000002a
:1046c000736b000069700000207e0000256c000004
:1046d000752000006f6300007465000074730000b3
:1046e00020700000756900007320000072650000f2
:1046f000737900006e630000207300007572000083
:10470000206c0000696700006e6500000a00000070
:10471000415400002348000054540000505200004f
:10472000435600003d3000002c250000640d0000c1
:10473000004d0000414a00003a2000007461000072
:10474000696c00006c650000206e0000756c000054
:104750006c6500000a0000004d4100004a3a00006c
:10476000207300006b690000702000007465000079
:10477000726d0000696e00006520000028250000b1
:104780006c750000206f0000637400002920000099
:104790002d3e000020720000656300006865000087
:1047a0007263000068650000206c0000696700000b
:1047b0006e65000020640000652000007265000046
:1047c000737900006e6300000a0000000a3d0000db
:1047d0003d200000424c00004f43000020620000da
:1047e0006c6f0000635f00006c6500006e3d0000b0
:1047f0002575000020720000617700003d25000053
:104800006c7500002066000072610000675f0000a8
:104810006c6500006e3d000025750000204600001c
:10482000696c000065410000646400003d250000e3
:104830006c7500002f2500006c750000203d000005
:104840003d0a00000066000072610000673d000044
:104850005b0000005d0a0000004d0000414a0000be
:104860003a2000006c690000676e000065200000bf
:10487000646500002072000065730000796e00001e
:104880006320000072650000747200006f75000004
:1048900076650000652000002d3e000020720000bb
:1048a00065700000726900007365000020640000fc
:1048b00075200000747200006169000074650000da
:1048c0006d6500006e7400000a0000004d4100009c
:1048d0004a3a0000206c0000696700006e65000025
:1048e000206300006f720000726f00006d700000a6
:1048f00075650000203a0000200000000a4d00000d
:10490000414a00003a2000006c690000676e000018
:1049100065200000696e0000766100006c6900008f
:10492000646500002028000065720000723d0000f0
:104930002575000029200000466900006c65000014
:1049400041640000643d0000256c000075200000fb
:104950003a200000004d0000414a00003a200000cb
:104960006c690000676e000065200000646500004f
:104970002072000065730000796e00006320000063
:10498000696e0000747200006f75000076610000af
:10499000626c0000652000002d3e000020610000d8
:1049a000626100006e6400006f6e00002072000003
:1049b00065700000726900007365000020720000dd
:1049c0006170000069640000650a000000200000ba
:1049d00020630000686500007263000068650000e5
:1049e00065200000286c0000656e00003d25000079
:1049f000752c00002062000065730000743d00000b
:104a0000256c000075290000203d0000205b00009f
:104a1000005d00000a2000002061000072720000aa
:104a2000657400002061000020460000696c0000f1
:104a300065410000646400003d2500006c750000c5
:104a400020280000736b00006970000020660000e1
:104a5000696e00006920000061200000256c0000e4
:104a6000752900000a0000004d4100004a3a00008c
:104a7000206c0000696700006e6500002063000084
:104a80006f720000726f00006d70000075650000ad
:104a90002f6900006e760000616c00006964000000
:104aa000652000002d3e000020720000656c0000b3
:104ab000616e000063650000206300007963000000
:104ac0006c650000206300006f6d0000706c0000da
:104ad000657400000a0000004d4100004a3a0000e1
:104ae000202500006c75000025250000204f0000e7
:104af000565200003d250000750a0000004d0000e0
:104b0000414a00003a200000666900006e20000063
:104b10006c6500006374000075720000650a000097
:104b2000004d0000414a00003a2000006669000084
:104b30006e20000065720000726f0000723d000080
:104b400025750000206500006f6600003d2500000f
:104b50007520000072610000773d0000256c0000a8
:104b6000752000004461000074610000536900007a
:104b70007a6500003d2500006c750000206500008e
:104b800063610000727400003d2500006c64000049
:104b90000a0000004d4100004a3a00002066000073
:104ba0006963000068690000657200002069000008
:104bb0006e6300006f6d0000706c00006574000093
:104bc0002f6500007272000065750000720a000017
:104bd000004d0000414a00003a2000006c650000d2
:104be000637400007572000065200000636f0000b0
:104bf0006d7000006c65000074650000204f0000bf
:104c00004b0a000000530000776100007020000094
:104c1000506100007274000069740000696f000048
:104c20006e2000004f4b00000a0000005377000088
:104c30006170000020500000617200007469000083
:104c4000746900006f6e000020460000616900007a
:104c50006c0a000000410000542300004153000092
:104c6000454e0000443d00002274000065730000c2
:104c7000742e000077610000762200002c330000c3
:104c8000303000000d0000000a4d0000414a0000d5
:104c9000202b0000434d000045200000455200003d
:104ca000524f00005220000061200000256c0000df
:104cb000752f0000256c000075200000286500009d
:104cc0007373000061690000202500007529000051
:104cd000202d00003e200000726500006c61000085
:104ce0006e6300006520000063790000636c0000c3
:104cf00065200000636f00006d7000006c650000af
:104d0000740a0000000a00004d4100004a20000023
:104d1000544900004d4500004f550000542000004c
:104d20002873000065730000736900006f6e000057
:104d30002076000069760000616e00007465000056
:104d40002920000061200000256c0000752f000064
:104d5000256c0000752000003a20000072650000fc
:104d60002d2300004854000054500000524300001e
:104d7000562000007375000072200000706c000067
:104d800061630000650a0000004d0000414a000018
:104d90003a20000072650000707200006973000024
:104da0006520000072610000706900006465000009
:104db00020610000726d0000656500002028000081
:104dc0006d650000696c00006c6500007572000084
:104dd000207000006f6900006e7400002025000044
:104de0006c750000202d00003e200000736b000059
:104df00069700000202500006c750000206f000025
:104e00006374000065740000732900000a0000004c
:104e10004d4100004a3a0000206c00006967000024
:104e20006e650000206400006520000072650000cf
:104e3000737900006e63000020720000656300005b
:104e4000686500007263000068650000652000006e
:104e50003d2000005b000000456e0000766f000002
:104e600069200000534f0000465400004d410000ef
:104e70004a20000052450000545200005920000012
:104e800050410000550a0000004500006d6500001b
:104e900074200000534f0000465400004d410000b4
:104ea0004a200000524500005452000059200000e2
:104eb00050410000550a0000003f00003f3f000045
:104ec0003f3f0000204700003120000065740000d3
:104ed0006170000065200000696e0000636f0000d3
:104ee0006e6e000075650000202d00003e20000061
:104ef00032300000302000000a0000004d61000048
:104f000078200000534d0000532000006a6f00001d
:104f10007572000020610000757400006f7200005f
:104f20006973000065200000646500007061000086
:104f300073730000650a0000004300005452000033
:104f40004c52000045530000454100005520000030
:104f500053510000334700003d3900003920000064
:104f600053510000344700003d3900003920000053
:104f700052530000525000003d300000205200000b
:104f800053430000503d0000302000004543000026
:104f90004e4f00003d3000002052000053520000f0
:104fa000513d000030000000415000004e20000044
:104fb0004e4f00004d3d00005a0000005b0d000008
:104fc0005c0d00005d0d00005e0d00006d0d000029
:104fd0005f0d0000650d0000660d0000670d00000c
:104fe000680d0000610d0000620d0000630d0000ff
:104ff000690d00006a0d00006b0d00006c0d0000d3
:10500000640d0000522000004346000041200000d3
:105010004c3d000000200000453d00000020000045
:10502000443d000000200000433d0000002000003f
:10503000583d000000200000563d0000005a0000ce
:1050400000200000533d000000200000493d00000a
:10505000002000004d3d000000200000543d0000f5
:1050600000520000205300004d530000204e00006d
:10507000554d00003d00000020450000503d00005f
:105080000031000000300000002000004c4e000005
:10509000473d00000020000043500000453d000057
:1050a0000020000043500000533d0000000a0000b3
:1050b000002000004e5500004d3d00000020000083
:1050c00044540000453d000000200000445400000e
:1050d000453d00003000000020480000524500001f
:1050e0003d00000020480000524500003d30000017
:1050f00000200000545300004d5300003d0000000c
:1051000042550000473d000000520000204d0000c5
:1051100041500000504900004e47000000200000b0
:10512000470000003d000000205300000020000068
:10513000440000002f0000005f0000003a00000063
:1051400052200000494e0000464f00002048000059
:10515000423d000000200000484300003d000000e8
:1051600020480000524f00004b3d0000002000008e
:10517000485200004b4f00003d000000204d000051
:10518000453d0000002000004e5400004f3d00004f
:1051900000200000444500004e4900004544000046
:1051a0003d00000020540000523d0000002000009f
:1051b000484c0000453d0000004600004943000007
:1051c0003d0000006761000072640000652e000071
:1051d00077610000760000006669000070680000da
:1051e0006f2e000077610000760000007061000003
:1051f000756f00006b2e00007761000076000000e4
:10520000697300006f6c0000652e0000776100007c
:1052100076000000316b0000356800007a2e000037
:105220007761000076000000313500006b680000f7
:105230007a2e00007761000076000000636f0000a6
:105240006e660000697200006d2e0000776100003c
:1052500076000000522000004d530000475400002b
:105260004553000054200000444500004d3d00001f
:10527000005400004f3d0000004900004352000070
:10528000413d0000004300004d4400003d0000008f
:10529000436d0000642000006d6f00006465000035
:1052a0006d2000003a000000464f0000524300000d
:1052b0004547000052410000463d00000047000005
:1052c000312000003e3e00003e200000256400002a
:1052d0000a00000052450000424f00004f540000f9
:1052e0003d00000052650000626f00006f74000016
:1052f000207300006f66000074200000696d0000dc
:105300006d650000646900006174000020640000a5
:10531000752000006d6f0000646500006d0a0000dc
:1053200000520000656200006f6f000074200000f2
:1053300064750000206d00006f640000656d000062
:1053400020610000707200006573000020530000af
:105350004d5300002045000072610000736500009d
:105360000a00000052650000626f00006f740000c8
:10537000206500006c650000637400007269000025
:105380007175000065200000696d00006d6500000a
:105390006469000061740000206400007520000052
:1053a0006d6f0000646500006d0a0000005200008f
:1053b000656200006f6f000074200000656c0000e3
:1053c000656300007472000069710000756500007b
:1053d00020640000752000006d6f0000646500000f
:1053e0006d200000617000007265000073200000f5
:1053f000534d00005320000045720000617300000f
:10540000650a000000520000656200006f6f000036
:105410007420000070610000722000004154000000
:105420005a200000696d00006d650000646900008d
:1054300061740000206e00000052000065620000f0
:105440006f6f000074200000415400005a200000db
:1054500064750000206d00006f640000656d000041
:10546000206100007072000065730000205300008e
:105470004d5300002045000072610000736500007c
:105480000a0000005453000054500000494e000030
:105490003d00000044430000443d00000044000083
:1054a000495400003d000000445400004d460000f7
:1054b0003d00000044420000473d0000004900005c
:1054c0004e4600004f3d000000520000204d0000fd
:1054d0004f440000454d000020520000657100005f
:1054e000754f0000666600003d000000205200007d
:1054f00065710000755300006c6500006570000068
:105500003d00000020470000534d00005f530000a5
:10551000746500003d00000050570000525f00001d
:105520004f46000046000000505700005f4f00004b
:105530004e000000434f00004e4600004947000067
:105540000050000052450000540000004e4f000083
:105550005f530000494700004e4100004c0000002e
:10556000534c00004545000050000000455200002b
:10557000524f0000520000003f3f00003f0000007b
:105580002054000028200000706900006e3d0000db
:10559000002000002072000073730000693d0000cd
:1055a0000020000020630000616c00006c3d0000e2
:1055b00000200000207300006d7300003d0000001b
:1055c0002029000020000000202000004e62000082
:1055d000746f00003d000000454600004641000099
:1055e00043450000525300004d5300003d000000b1
:1055f0002054000052410000434500003d000000df
:10560000522000004d4f0000444500004d20000096
:105610005452000041430000453d000000200000be
:1056200044430000443d00000020000044490000c5
:10563000543d00000020000044420000473d0000af
:105640000052000020500000432000005052000093
:10565000453d000000520000204f00005045000072
:1056600052410000544500005552000020520000f5
:10567000454700003d000000204e00004f4d000057
:105680003d22000000220000004f000050540000a6
:105690003d00000054500000464500003d00000061
:1056a00052450000505f000041550000544f00007b
:1056b0003d000000434f00004e4600005f410000e7
:1056c00050500000454c00003d00000052200000fa
:1056d0004f500000544900004f4e000020000000d1
:1056e000204f0000505400003d00000020540000f6
:1056f00050460000453d00000020000052450000db
:10570000505f000041550000544f00003d31000043
:105710000020000052450000505f0000415500008d
:10572000544f00003d30000000200000434f0000b7
:105730004e4600005f41000050500000454c000004
:105740003d31000000200000434f00004e460000a5
:105750005f41000050500000454c00003d3000000b
:105760000053000051330000473d0000005300008b
:1057700051340000473d0000005200005352000029
:10578000503d00000052000053520000513d000007
:1057900000450000434e00004f3d00000052000055
:1057a00053430000503d0000005200002052000012
:1057b00045530000454100005520000057530000ac
:1057c000343600003d2500006420000054590000dc
:1057d000504500003d250000642000004c410000c1
:1057e000535400005f340000475f00005351000035
:1057f0003d250000642000004c410000535400008f
:105800005f340000475f0000525300005250000018
:105810003d250000642000004c410000535400006e
:105820005f340000475f00005253000051500000f9
:105830003d250000642000002d2d000020530000b5
:1058400051330000473d0000256400002053000054
:1058500051340000473d0000256400002052000044
:1058600053520000503d000025640000205200000b
:1058700053520000513d0000256400002045000007
:10588000434e00004f3d0000256400002052000000
:1058900053430000503d000025640000200000003c
:1058a00041430000543d0000005200002041000030
:1058b0004d5000004c4900002041000043540000be
:1058c0003d0000004e4f00004d3d00000052000022
:1058d00020410000504e0000204e00004f4d0000bf
:1058e0003d000000434f000055520000543d0000b1
:1058f0003100000054500000413d00000055000000
:10590000524700003d0000004e5500004d3d000094
:10591000005200002041000050500000454c0000a3
:10592000204e0000554d00003d00000020540000b6
:10593000504100003d00000020550000524700008b
:105940003d000000204300004f550000525400006d
:105950003d00000020440000454d00003d310000a6
:10596000004c00003d0000004e3d000000520000d1
:105970002042000049500000204e00003d00000081
:10598000204c00003d00000045460000464100005c
:10599000434500003d000000444d0000433d000031
:1059a00000520000545200003d000000544100002d
:1059b000433d0000004d000044530000433d000003
:1059c0000057000044530000563d000000570000ff
:1059d00044530000543d00000057000044530000b1
:1059e000473d00000057000044560000413d0000c4
:1059f00000440000533d000000480000544a0000ed
:105a00003d000000484d0000415800003d000000ee
:105a1000484d0000494e00003d0000005445000084
:105a20004c3d0000005200002043000046500000a2
:105a300041550000204e00004f4d00003d00000089
:105a400020440000544d0000463d000000200000ae
:105a5000485400004a3d000000200000444d000072
:105a6000433d000000200000544500004c3d000074
:105a700000200000445300003d00000020560000bc
:105a8000543d0000002000004d440000534300003e
:105a90003d00000020520000545200003d00000074
:105aa0002057000044530000563d00000020000035
:105ab00057440000535400003d00000020570000f0
:105ac00044530000473d0000002000005744000000
:105ad000564100003d0000002054000041430000fa
:105ae0003d000000204800004d410000583d0000ee
:105af00000200000484d0000494e00003d0000001d
:105b0000504900004e3d00000052000020430000bc
:105b100046500000494e000020500000494e000051
:105b20003d00000020430000563d000000520000f0
:105b30002043000046530000205300003d000000b9
:105b4000204600003d000000524100005a3d000088
:105b5000004d00004a4100003d00000052200000be
:105b6000435000005420000043500000453d000019
:105b700000200000454a00003d00000020450000d4
:105b8000483d000000200000534a00003d00000096
:105b900020530000483d000000200000534a000050
:105ba000413d00000020000053480000413d00003e
:105bb00000200000534a0000453d00000020000086
:105bc00053480000453d0000002000004d4a000001
:105bd000413d000000200000454100003d00000064
:105be00052200000445500005245000045200000ae
:105bf000002000004e530000564a00003d00000007
:105c000020530000524500004a3d000000200000e3
:105c100053500000484900004a3d000000200000a9
:105c200053500000484f00004a3d00000020000093
:105c3000204e000053560000483d000000200000a8
:105c400053520000454800003d0000002053000072
:105c500050480000494800003d000000205300006b
:105c6000504800004f4800003d0000005220000056
:105c7000444500004255000047200000002000007d
:105c80004d6f0000646500006d4f00006b3d00002b
:105c900000200000546f0000473100003d0000006c
:105ca000205300006d730000547000003d000000a0
:105cb000204c0000536f00006e2e00004574000061
:105cc000617400003d000000202e000046690000c5
:105cd00063300000213d000030000000202e000055
:105ce00046690000633000003d3d000030000000c8
:105cf00020410000432e000041540000726100006a
:105d000069740000657200003d000000202e000054
:105d1000506f000073690000746900006f6e00002e
:105d20006e6500003d000000202e00005479000048
:105d3000705000006f7300003d000000205700000d
:105d4000443d0000005200002044000054200000a8
:105d500000200000286d0000737100003d0000006d
:105d6000290000005220000046520000455100006a
:105d700020410000435400003d0000005553000046
:105d8000494e0000453d0000005200003134000043
:105d90003d00000052310000353d00000048000089
:105da000504e00003d000000485000004d450000ee
:105db0003d00000048500000443d00000048000045
:105dc000505400003d00000047460000543d0000d4
:105dd00000520000394400003d000000523900002c
:105de000503d000000520000395400003d0000000a
:105df000523900004d4500003d00000052310000c6
:105e0000314400003d0000005231000031500000dc
:105e10003d00000052310000315400003d00000000
:105e200052310000314d0000453d0000005200009d
:105e300031320000503d00000052000031320000bd
:105e40004d4500003d00000052310000325400007a
:105e50003d0000005220000047410000494e000074
:105e6000205600003d35000020480000504e000044
:105e70003d00000020480000504d0000453d00005e
:105e80000020000048500000443d000000200000b9
:105e900048500000543d000000200000474600002c
:105ea000543d00000020000052390000443d000035
:105eb000005800000020000052390000503d000052
:105ec0000020000052390000543d00000020000076
:105ed000523900004d4500003d00000020520000f6
:105ee00031310000443d000000200000523100002c
:105ef000315000003d000000205200003131000010
:105f0000543d00000020000052310000314d0000df
:105f1000453d00000030000058000000202a00002d
:105f20004d490000430000002052000031320000c3
:105f3000503d00000020000052310000324d0000b2
:105f4000453d0000002000005231000032540000a6
:105f50003d00000047410000494e0000204800007d
:105f6000504e00003d350000352000004850000034
:105f70004d4500003d350000302000004850000035
:105f8000443d00003435000020480000505400001b
:105f90003d3600003520000047460000543d00001b
:105fa0003335000020520000394400003d58000005
:105fb0003045000020520000395000003d580000dc
:105fc0003041000020520000395400003d580000cc
:105fd0003030000020520000394d0000453d0000e7
:105fe00058300000412000005231000031440000d0
:105ff0003d580000303000002052000031310000d8
:10600000503d0000583000003020000052310000a8
:10601000315400003d58000036300000205200008e
:10602000313100004d4500003d3000005832000085
:10603000302000002a4d000049430000205200009b
:1060400031320000503d0000583200003320000083
:1060500052310000324d0000453d00005832000032
:106060003520000052310000325400003d5800003d
:10607000323500002000000052200000475200008e
:106080004146000000200000474300003d000000a2
:10609000465400005020000041430000543d0000e1
:1060a0003020000054590000504500003d500000d1
:1060b0004155000020490000503d0000302e0000f6
:1060c000302e0000302e000030200000504f000025
:1060d000525400003d3200003120000049440000cd
:1060e0003d5a000020500000573d00005a000000bb
:1060f00043540000524c000052450000534500003c
:10610000415500002053000051330000473d00007e
:106110003939000020450000434e00004f3d00008b
:106120003020000052530000435000003d3000007a
:106130002053000051340000473d00003939000071
:106140002052000053520000513d0000302000005a
:1061500052530000525000003d3000000043000048
:106160004650000041550000204e00004f4d0000f9
:106170003d550000534900004e45000020440000fa
:10618000544d0000463d0000313200003320000035
:10619000485400004a3d0000323400003a3000000c
:1061a00030200000444d0000433d0000313000002d
:1061b000204800004d410000583d000031360000ed
:1061c000204800004d4900004e3d000031300000e5
:1061d00020440000533d00000043000046500000f2
:1061e000415500002057000044530000563d000078
:1061f00031320000372000005744000053540000a3
:106200003d310000323700002057000044530000a9
:10621000473d0000313200003720000057440000a5
:10622000564100003d31000032370000204d000093
:1062300044530000433d0000004700004149000076
:106240004e20000055530000494e0000453d00001f
:106250003100000043460000412000004c3d00009a
:106260000020000045460000464100004345000074
:106270003d31000000430000465300002053000061
:106280003d310000204600003d3300003420000076
:10629000433d000036350000204900003d3000003d
:1062a000204400003d300000004300004653000041
:1062b000205300003d000000204600003d3000005b
:1062c000204300003d300000204900003d30000028
:1062d000204400003d300000005200002047000034
:1062e00055530000494e00004500000052200000b8
:1062f000494d00004f440000205600003d000000c2
:106300002000000052440000523d00000044000004
:10631000454e000049450000443d00000053000088
:106320004d5300003d000000522000004953000082
:106330004420000041550000444900004f20000067
:1063400000540000505300003d00000052200000a7
:106350004c450000525200004f52000020480000ff
:106360004c4500003d00000020470000313d00008a
:1063700000200000543d000027000000270000001e
:1063800020450000313c0000204800004c45000042
:106390003d000000273e000000520000204c00009d
:1063a000434f00004e460000204300004f4e0000c7
:1063b000533d000000200000534d00005331000009
:1063c0003d000000205300004d530000323d00000e
:1063d0000020000049440000583d00000052000029
:1063e0002052000041430000435200004f43000090
:1063f0004845000020410000435400003d000000db
:106400005220000052450000424f00004f5400004f
:106410000052000020520000455000004f4e000086
:10642000445200004520000041430000543d00005c
:1064300000500000524900004f3d00000052000093
:10644000455000004c4900003d0000004241000062
:10645000534300003d000000522000005245000060
:1064600053450000415500002043000055520000f4
:106470003d00000020500000524900004f3d000048
:106480000020000052450000504c0000493d000033
:106490000020000042410000534300003d00000086
:1064a0004e4500003d00000052200000534900000e
:1064b0004d5500004c450000204e0000453d0000b9
:1064c00000470000534d00003d0000005220000036
:1064d000534c000045450000502000004753000089
:1064e0004d3d00005300000052200000534c0000be
:1064f0004545000050200000475300004d3d00007e
:106500004e000000574400003d00000052440000cf
:10651000503d000000520000444100003d000000da
:1065200053520000563d0000004f0000504500004f
:106530003d00000041550000545200003d000000a5
:1065400052200000534d0000534600004149000016
:106550004c2000004e4200003d000000205300008f
:106560004d5300003d00000020480000523d000057
:106570000020000041550000545200003d00000082
:1065800020520000415a00003d310000004300004d
:10659000505400003d000000522000005452000002
:1065a000414e00005350000041520000454e000093
:1065b0005420000043500000543d00000020000023
:1065c000464900004e3d00000020000050450000fc
:1065d0003d31000000530000593d00003100000033
:1065e0005220000054450000535400004155000063
:1065f000444900004f20000041430000543d00008a
:1066000000670000736d0000737400006174000087
:10661000653d000025690000204100005353000043
:106620003d2500006920000041450000533d000069
:1066300025690000200a00000044000045430000d6
:106640003d000000464f000052430000453d000061
:1066500000530000424300003d000000534800008a
:10666000433d00000044000050420000433d000054
:10667000004d0000433d0000005200002048000093
:1066800048520000204800003d0000005220000059
:106690004854000054500000534700004554000087
:1066a00000200000555200004c3d00000055000045
:1066b000524c00003d00000068740000747000003f
:1066c000733a00002f2f000000200000504f000000
:1066d000525400003d000000504f00005254000092
:1066e0003d00000020540000595000003d00000013
:1066f00054590000503d000000630000615f00003d
:1067000063650000727400002e700000656d00006b
:10671000006300006c5f000063650000727400009d
:106720005f740000776f00002e700000656d000040
:10673000006300006c5f00006b650000795f000083
:10674000747700006f2e0000706500006d0000007f
:1067500075700000647400005f7300006f660000d5
:106760007477000061720000652e0000686500000b
:106770007800000041550000443d0000006e00001c
:106780006f6e0000616200002e77000061760000ed
:1067900000720000696e0000672e00007761000043
:1067a00076000000544500004d5000004f3d0000b1
:1067b00000200000544500004d5000004f3d0000f7
:1067c00000540000494d0000454f000055540000a2
:1067d0003d00000020540000494d0000454f0000de
:1067e000555400003d0000004e420000545200008d
:1067f000593d0000002000004e42000054520000ad
:10680000593d00000053000045550000494c000070
:106810003d0000002053000045550000494c000099
:106820003d00000020520000455100005545000089
:1068300054450000204500004e200000434f00005a
:106840005552000053000000435500003d00000079
:106850004454000020000000522000005645000073
:1068600052490000464e0000554d000054450000be
:106870004c50000041550000205600004e500000d2
:106880003d00000052200000564500005253000019
:10689000494f00004e200000474500004e3d0000db
:1068a000004d000054470000534d000056350000d5
:1068b00000200000554300003d000000323600007b
:1068c0003038000031370000002000004e53000037
:1068d0003d000000565500003d000000205600001d
:1068e000553d0000002000004343000049440000e3
:1068f0003d0000002043000043490000443d0000eb
:106900005a000000204900004d450000493d0000ac
:1069100000200000494d0000454900003d5a00009c
:10692000002000004d4f0000443d000000410000e9
:10693000524e0000533d0000004e0000533d000049
:10694000005200002046000054500000204100008a
:10695000435400003d300000204400004546000044
:10696000494e0000453d000030200000005200006c
:106970002044000045460000494e0000452000002c
:106980000020000044550000414c00005f4500001d
:10699000544f00004e3d000030000000204c00002d
:1069a0004f520000413d000030000000204c00002c
:1069b000495400005f410000525200003d30000089
:1069c000002500006c580000256c000058250000d0
:1069d0006c580000002500006c64000000520000ac
:1069e000205200004547000020560000414c0000a6
:1069f0003d00000020430000413d00000020000059
:106a000052450000533d00000020000053490000a3
:106a10003d3100000041000050500000454c000096
:106a2000004100004d5000004c49000000410000b2
:106a3000504e00000042000049500000004300009a
:106a40004641000000430000465000004155000050
:106a50000043000046500000494e00000043000083
:106a60004653000000430000505400000043000063
:106a7000545200004c5200004553000045410000b4
:106a80005500000044450000464900004e45000006
:106a9000004400005400000044450000425500003e
:106aa000470000004455000052450000450000002a
:106ab000444f0000444f00000046000052450000d3
:106ac0005100000046540000500000004643000002
:106ad0005400000047410000494e000000470000fc
:106ae0005241000046000000475500005349000095
:106af0004e450000004800004852000000480000d9
:106b0000545400005053000047450000540000005a
:106b1000494d00004f440000004900004e4600006f
:106b20004f0000004953000044520000454300005c
:106b30004f520000440000004c4300004f4e000044
:106b4000460000004c450000525200004f52000029
:106b5000004c000045520000524500005552000014
:106b6000004c00004f520000414e0000554d000007
:106b7000004d0000534700005445000053540000ee
:106b8000004d00004f440000454d0000004d000046
:106b900041500000504900004e470000004f0000e7
:106ba000504500005241000054450000555200007d
:106bb000004f000050540000494f00004e000000fc
:106bc00050430000005000004155000053540000a5
:106bd0004100000050410000555400005354000093
:106be0000052000041430000435200004f430000a8
:106bf0004845000000520000455000004f4e000084
:106c0000445200004500000052450000424f000081
:106c10004f540000005200004547000000520000a1
:106c2000455300004541000055000000535400004a
:106c3000005300004d5300000053000020000000ee
:106c4000534900004d5500004c4500000053000022
:106c50004d53000046410000494c00000053000025
:106c6000594e00000054000052410000434500000e
:106c70000052000020540000524100004345000033
:106c800020430000593d000000540000574400001c
:106c90004700000054450000535400000054000019
:106ca000455300005441000055440000494f000086
:106cb00000540000524100004e53000050410000bb
:106cc000524500004e54000000560000414e0000a6
:106cd00041000000564100004c43000050540000a9
:106ce0000056000045520000534900004f4e00007e
:106cf0000056000045520000494600004e55000075
:106d00004d540000454c000050410000550000006b
:106d10005220000046410000494c000020000000c5
:106d200050610000732000006465000020720000c4
:106d3000657000006f6e0000736500002066000043
:106d4000616900006c200000612000003a20000012
:106d5000005300004d530000415400005420000037
:106d6000005300004d530000444e0000542000002a
:106d70000049000050410000554d000053470000fd
:106d8000204e00004f4d00003d000000204d00004f
:106d9000534700003d000000204900004e3d000028
:106da00000520000205000004155000041550000f5
:106db000444900004f20000050410000553d0000b4
:106dc00022000000495000004155000052410000df
:106dd000452000004e4f00004d3d00000022000005
:106de00020540000454c00003d00000020530000ee
:106df00054500000415500003d00000020430000b9
:106e00004f4d00003d00000049500000415500007a
:106e100052410000532000004e4f00004d3d000045
:106e2000004900005041000055410000415300005e
:106e3000204e00004f4d00003d0000005220000099
:106e400041500000504b00004f2000005041000016
:106e5000553d00002200000049500000415500004f
:106e600045410000532000004e4f00004d3d000002
:106e7000002000004e4f00003d00000020450000b3
:106e8000583d00000020000045520000523d000027
:106e90000049000050410000554400004d520000e0
:106ea000204e00004f4d00003d0000005220000029
:106eb0005041000055530000544100002050000094
:106ec000415500003d220000002200002053000038
:106ed00054500000415500003d00000020530000c8
:106ee00054470000505300003d00000052200000b5
:106ef00053540000204d0000453d000000200000dc
:106f00004e3d0000002000004e3d00005a000000f1
:106f1000204700004d3d00000020000047530000c6
:106f20003d00000020470000453d0000002000001b
:106f3000515300003d00000020510000534d00005f
:106f40003d000000204900004e3d000000200000f0
:106f50004f550000543d0000002000004750000045
:106f6000533d00000020000053520000563d000039
:106f70000030000000310000002000004f500000f1
:106f8000453d000000200000574400003d00000087
:106f900020530000483d000000200000534800003e
:106fa000413d000000200000545200003d00000060
:106fb00020450000453d0000002000004147000042
:106fc0003d0000000a00000020480000583d00007d
:106fd0002563000025630000256300002f250000c5
:106fe00063250000632500006300000052200000bc
:106ff0004643000054200000435600003d78000046
:10700000257800002f250000782000005352000052
:10701000453d0000782500006c7800002f25000019
:107020006c78000020530000504900003d780000bb
:10703000257800002f250000782000005350000024
:107040004f3d000078250000782f000025780000d3
:1070500020530000493d000078250000782f0000f3
:1070600025780000205300004f3d000078250000e7
:10707000782f00002578000020530000453d0000d7
:1070800078250000782f00002578000020560000a9
:10709000433d000078250000782f0000257800008f
:1070a00020520000425000003d780000257800008a
:1070b0002f2500007820000052450000413d0000cf
:1070c00078250000782f0000257800002056000069
:1070d000583d000078250000783a0000257800002f
:1070e0003a250000782f0000257800003a2500009e
:1070f000783a000025780000204800004252000045
:107100003d250000303200006425000030320000d0
:107110006425000030320000642500003032000099
:10712000642000006a3d0000253000003264000049
:1071300025300000326400002f680000005200007b
:1071400020560000414e0000412000005631000052
:10715000323d000000200000563400002e320000b6
:107160003d00000020560000332e0000333d00009b
:107170000020000056450000343d000000200000c3
:1071800056450000333d0000002000005645000039
:10719000323d00000020000056450000313d000057
:1071a0003000000020560000505600003d00000056
:1071b00020430000423d0000310000002043000059
:1071c000423d000030000000204600004f52000009
:1071d000434500003d000000256400000020000041
:1071e00053420000433d00000020000053480000cf
:1071f000433d0000002000004450000042430000d6
:107200003d000000204d0000433d00000020000034
:1072100028200000484d0000415800003d000000bb
:10722000204800004d4900004e3d000000200000b5
:107230002900000052200000534f00004654000077
:107240004d4100004a000000204e00004f4d00005c
:107250003d0000002053000055430000434500005e
:10726000535300000020000045520000524f000020
:107270005200000020520000455400005259000006
:10728000200000002f000000204d0000414a0000b7
:10729000200000002500000052200000485400009b
:1072a0005450000053200000005000004f530000d5
:1072b000542000000047000045540000200000005a
:1072c00053550000434300004553000053000000a5
:1072d00045520000524f0000523d0000534500004f
:1072e0004e440000494e0000470000004552000097
:1072f000524f0000523d000053450000525600001e
:107300004552000000450000525200004f5200005c
:107310003d45000058540000455200004e41000019
:107320004c00000045520000524f0000523d00004a
:10733000494e000054450000524e0000414c0000f0
:1073400000450000525200004f5200003d46000030
:107350004f5200004d41000054000000200000008a
:1073600020550000524c00003d680000747400007d
:10737000707300003a2f00002f0000003a00000058
:10738000457200007265000075720000203a00002e
:10739000207000006173000020640000276100007d
:1073a0006e740000656e00006e65000020640000d1
:1073b000efbf0000bd740000efbf0000bd63000020
:1073c00074ef0000bfbd000065000000436c0000ca
:1073d0006967000020330000205200007373000032
:1073e000696f00006b0a000000520000205300008b
:1073f00059350000200000005a0000003a3000001b
:10740000003a00003100000045720000724900009f
:10741000326300002025000063200000653d00006d
:107420002564000020250000642000002564000081
:1074300020200000200a00000045000052520000f9
:107440004f52000020490000326300003a20000043
:10745000544900004d450000204f000055540000e5
:1074600020490000444c0000450a0000004500008f
:10747000525200004f5200002049000032430000e9
:107480003a200000544900004d450000204f000004
:107490005554000020530000544100005254000095
:1074a0000a00000045520000524f00005220000028
:1074b00049320000433a000020540000494d0000ca
:1074c000452000004f5500005420000052450000a8
:1074d0005354000041520000540a000000450000cf
:1074e000525200004f520000204900003243000079
:1074f0003a200000544900004d450000204f000094
:107500005554000020410000444400005245000052
:10751000535300000a00000045520000524f000083
:107520005220000049320000433a0000205400007d
:10753000494d0000452000004f5500005420000038
:1075400044410000544100000a0000004552000080
:10755000524f00005220000049320000433a000020
:1075600020540000494d0000452000004f55000008
:1075700054200000535400004f5000000a00000047
:1075800045520000524f00005220000049320000d6
:10759000433a000020540000494d000045200000ff
:1075a0004f55000054200000414300004b200000d4
:1075b0004e4f00005420000052450000434500009b
:1075c00049560000454400000a00000045520000f2
:1075d000524f00005220000049320000433a0000a0
:1075e00020540000494d0000452000004f55000088
:1075f000542000004d41000053540000455200004b
:10760000204e00004f540000205200004541000071
:1076100044590000205400004f2000005245000053
:107620004345000049560000450a0000004500009f
:10763000525200004f5200003a2000004255000014
:10764000532000004e4f000054200000524500001f
:10765000414400005900000045520000524f000014
:10766000523a0000205300005441000052540000e0
:10767000204e00004f54000020530000454e0000f3
:107680004400000045520000524f0000523a0000f2
:1076900020410000444400005245000053530000c4
:1076a000205700005249000054450000204e0000c1
:1076b0004f54000020530000454e000044000000dd
:1076c00045520000524f0000523a00002052000084
:1076d0004547000049530000544500005220000077
:1076e0004e4f000054200000534500004e4400005f
:1076f00000450000525200004f5200003a200000a6
:107700004441000054410000204e00004f5400004e
:1077100020530000454e0000440000004552000088
:10772000524f0000523a000020530000544f000016
:10773000502000004e4f0000542000005345000030
:107740004e44000000450000525200004f5200001d
:107750003a200000524500005354000041520000fe
:10776000542000004e4f00005420000053450000fc
:107770004e44000000450000525200004f520000ed
:107780003a200000414400004452000045530000ec
:10779000532000005245000041440000204e0000ec
:1077a0004f54000020530000454e000044000000ec
:1077b00045520000524f0000523a000020440000a1
:1077c00041540000412000004e4f000054200000b2
:1077d0005245000043450000495600004544000062
:1077e000003800003536000033200000736f0000c1
:1077f0006d6d0000656900006c200000646500008c
:1078000020000000206d0000696e0000757400000b
:10781000657300000a0000003835000036330000b0
:10782000205000006173000020640000652000000b
:107830006475000072e9000065200000736f0000ad
:107840006d6d0000656900006c2000007072000022
:107850006f670000726100006d6d0000e965000057
:107860000a000000383500003633000020520000c6
:1078700065760000656900006c2000006120000052
:107880000048000000200000706f000075720000ca
:107890002074000065730000740a000000380000c6
:1078a00035360000332000005061000073200000d6
:1078b00064650000207200006576000065690000c4
:1078c0006c200000706f00007572000020740000d2
:1078d00065730000740a00000000000041700000a1
:1078e000706500006c200000757200006765000084
:1078f0006e7400000a000000686500006c6c0000f7
:107900006f00000000440000454d0000414e0000a3
:107910004445000020440000274100005050000072
:10792000454c0000205300004f520000544100001d
:107930004e540000202d00003e200000004e0000ac
:10794000b0200000544500004c2000003a20000008
:10795000000a0000004900004d5000004f53000095
:1079600053490000424c00004520000044450000ff
:1079700020500000415300005345000052200000f9
:107980004c27000041500000504500004c0a000008
:1079900000490000735600006f6900006365000035
:1079a000436100006c6c00005265000061640000df
:1079b000793d00003d3000000a00000067610000d2
:1079c00072640000652e0000776100007600000000
:1079d000466900006e2000006170000070650000c4
:1079e0006c20000070610000722000005450000004
:1079f000410a0000004c0000276100007070000088
:107a0000656c00002061000020e900006368000050
:107a10006f750000e92000007374000061740000bd
:107a2000757300003d000000200000007365000039
:107a30006e640000445400004d4600002d700000ac
:107a40002d200000000d00000a00000073650000fa
:107a50006e640000445400004d4600003d3d0000af
:107a6000300a000000730000656e000064440000ee
:107a7000544d0000462d0000743100002d20000000
:107a8000000d00000a540000524100004345000070
:107a9000494e0000464f0000200000002573000002
:107aa0002047000031330000453100003331000031
:107ab000202d00003e200000313400000a000000ac
:107ac000736500006e640000445400004d460000e1
:107ad0002d740000322d0000204d0000453d0000b7
:107ae0000041000050500000454c000020540000b0
:107af000455200004d4900004e4500002070000036
:107b00006172000020740000656d0000706f00005d
:107b10000a00000041500000504500004c200000c9
:107b200054450000524d0000494e00004520000021
:107b30006361000075730000652000006170000043
:107b4000706500006c200000757200006765000021
:107b50006e7400000a000000415000005045000013
:107b60004c200000534f000052540000414e0000d2
:107b70005420000054450000524d0000494e0000c2
:107b8000452000002d2000006c65000020630000ef
:107b90006f72000065730000706f00006e6400007b
:107ba000616e000074200000e0200000636f0000a0
:107bb00075700000e92000006c6100002063000087
:107bc0006f6e00006e65000063740000696f000056
:107bd0006e0a00000066000069700000686f000017
:107be0002e77000061760000004100005050000038
:107bf000454c0000205300004f520000544100004b
:107c00004e540000204300004f5500005254000025
:107c100020540000455200004d4900004e45000030
:107c2000207000006172000020700000686f00008a
:107c30006e690000650a00000041000070700000dd
:107c4000656c000020740000657200006d69000022
:107c50006ee90000206100007665000063200000ee
:107c60007375000063630000657300000a00000084
:107c700041700000706500006c200000656e00001f
:107c80002045000063680000656300002067000075
:107c90003133000020320000303e0000203600006a
:107ca000300a000000530000616200006f720000a3
:107cb00064610000676500002070000061720000d0
:107cc000205700004154000043480000444f00008a
:107cd00047200000737500006974000065200000f3
:107ce00061620000736500006e63000065200000a3
:107cf0006465000020720000616300006372000090
:107d00006f63000068e900000a0000004967000096
:107d10006e6f00007265000020410000707000006e
:107d2000656c00000a000000204900004d50000072
:107d3000554c000053450000203100002d0a000082
:107d400000530000696d0000706c000065200000a9
:107d50004170000070750000690a000000200000fa
:107d6000494d0000505500004c53000045200000d4
:107d7000312000002d20000052ef0000bfbd0000a8
:107d80006365000070740000696f00006e200000e1
:107d900041700000706500006c200000456e00001e
:107da00074720000616e0000740a0000004c000054
:107db000696700006e65000020560000616c0000dd
:107dc00069640000650a0000002d00004270000098
:107dd00020720000656c00006163000068650000af
:107de0002d3e000032350000300a00000043000044
:107df00061730000652000004170000070650000a4
:107e00006c200000536f000072740000616e00006f
:107e1000740a000000410000545400002052000089
:107e200041500000504500004c200000000a0000b6
:107e30000050000041530000204400004520000095
:107e40005241000050500000454c000020520000fc
:107e500045430000552000004f4e00002041000027
:107e600050500000454c00004c4500000a00000046
:107e700041500000504500004c200000454e0000dd
:107e800054520000414e0000540a0000002d000032
:107e90004152000045200000594f000055200000cd
:107ea0005355000052450000205400004f200000b0
:107eb0004d4100004b4500002041000020430000e0
:107ec000414c00004c2000003f2d00002d470000d9
:107ed00031350000203e00003e200000313000001f
:107ee000352000000a000000636f00006e6600008d
:107ef000697200006d2e00007761000076000000be
:107f00002d660000696e000020740000656d0000a1
:107f1000706f000020610000626100006e6400006c
:107f20006f6e00002061000070700000656c000042
:107f30002d310000303100000a0000002d42000009
:107f400070200000726500006c6100006368000032
:107f5000652d00003e20000031300000320a000094
:107f6000002d0000666900006e20000074650000ae
:107f70006d7000006f20000061620000616e000003
:107f8000646f00006e2000006170000070650000ea
:107f90006c2d000031300000320a0000002d00007e
:107fa00042700000203e0000206100007070000060
:107fb000656c0000202d00003e200000350a000006
:107fc0000023000023230000444500004255000028
:107fd000472000002d3e000020440000656d000099
:107fe000616e0000646500002041000070700000b8
:107ff000656c0000205600006f69000078000000ea
:10800000697300006f6c0000652e0000776100004e
:1080100076000000417200007265000074200000cc
:10802000656e0000206300006f7500007273000031
:108030000a0000004731000037200000646500009e
:108040006d200000534c000045450000502000000a
:10805000727300003d250000642000000a0000004b
:108060002020000041650000733d000025640000f1
:1080700020410000737300003d25000064200000d3
:108080007365000061740000723d0000256400000b
:108090002020000073650000616500006666000036
:1080a0003d250000642000000a0000004752000047
:1080b000414600000a0000000a0000004162000082
:1080c000616e0000646f00006e20000061720000ad
:1080d0007265000074200000313200000a000000c8
:1080e00041620000616e0000646f00006e200000bd
:1080f00061720000726500007420000031330000de
:108100000a000000000a00000a4700006f2000007b
:10811000536c00006565000070280000290a00000b
:1081200000540000524d0000543100003d25000075
:1081300064200000545200004d540000323d000005
:10814000256400002055000031520000584900000d
:10815000463d00002564000020550000325200001a
:1081600058490000463d00002564000020490000f9
:108170004f430000494600003d25000064200000f8
:10818000494f000043460000473900003d250000ec
:1081900064200000494f00004346000046360000be
:1081a0003d25000064200000494f000043460000c8
:1081b000463200003d2500006420000049740000a4
:1081c0005265000076650000696c00003d78000093
:1081d00025300000325800000a0000000a0a0000a2
:1081e000466900006e200000736c000065650000a9
:1081f00070280000293a000000540000524d000091
:10820000543100003d25000064200000545200005d
:108210004d540000323d0000256400002055000050
:108220003152000058490000463d0000256400001e
:10823000205500003252000058490000463d000021
:1082400025640000204900004f430000494600001b
:108250003d25000064200000494f00004346000017
:10826000473900003d25000064200000494f000010
:1082700043460000463600003d250000640a000029
:10828000000a00000a4e00004f200000736c00003e
:108290006565000070280000292000003a000000f9
:1082a000536f0000727400006965000020640000d4
:1082b00065200000736f00006d6d000065690000af
:1082c0006c2000003135000020470000313d0000e7
:1082d000256400000a00000053750000636300007d
:1082e0006573000073200000526500007365000094
:1082f000740a0000000000004150000050450000da
:108300004c200000454e000054520000414e000039
:108310005420000044450000544500004354000030
:10832000452000002d3e0000204d00004f4400007d
:108330004520000044450000205200004550000048
:108340004f4e0000534500002041000055540000ee
:108350004f4d0000415400004951000055450000b8
:10836000004e0000b0200000544500004c200000ea
:108370003a200000000a00000041000050500000b8
:10838000454c0000204500004e54000052410000c2
:108390004e540000204400004554000045430000b6
:1083a00054450000202d00003e2000004d4f0000ed
:1083b00044450000204400004520000052450000d4
:1083c000504f00004e530000452000004d4100007a
:1083d0004e550000454c000000720000696e000020
:1083e000672e000077610000760000004150000019
:1083f000504500004c200000454e00005452000043
:10840000414e00005420000054450000524d000031
:10841000494e000045200000322000003d3e000093
:10842000204c000065200000636f000072720000a5
:1084300065730000706f00006e640000616e0000e4
:1084400074200000e02000007261000063630000ff
:10845000726f000063680000e90a0000004100003c
:1084600050500000454c0000204500004e540000d4
:10847000524100004e5400002054000045520000bc
:108480004d4900004e45000020360000203d000010
:108490003e2000004c650000206300006f72000069
:1084a00072650000737000006f6e00006461000070
:1084b0006e74000020e00000207200006163000084
:1084c000637200006f63000068e900000a000000aa
:1084d000747300007420000061700000706500007b
:1084e0006c200000656e000074720000616e000078
:1084f000740a000000740000656d0000706f0000d9
:108500002064000065200000327300000a000000b3
:1085100050730000206400006520000074650000b6
:10852000737400002061000070700000656c000032
:10853000206500006e740000726100006e7400001f
:10854000206c00006f6e0000670a00000050000001
:108550007320000064650000207400006573000053
:108560007420000061700000706500006c20000045
:10857000656e000074720000616e000074200000df
:1085800054410000433d0000300a00000073000029
:108590007465000070200000323100000a00000005
:1085a0005220000053540000204900004e3d0000be
:1085b000000a0000004900004e490000542000005d
:1085c00047390000204800004d5400003d000000e5
:1085d0003a0000000d0a0000545200004143000020
:1085e000454900004e4600004f20000000250000d5
:1085f00073200000473900002e31000020250000c4
:1086000030320000643a000025300000326400007f
:10861000205400003d25000030320000643a000084
:1086200025300000326400000a00000043270000eb
:1086300045530000542000004c270000484500002e
:1086400055520000452000005445000053540000de
:108650000d0a00000044000065620000757400000f
:108660002074000065730000743300003e34000085
:108670000a00000041550000444900004f2000005e
:108680004f4b00000a000000524500004c41000022
:108690004e430000452000005445000053540000a4
:1086a0000a000000464900004e200000544500002a
:1086b000535400000a000000473900002031000038
:1086c000302000003e3e000020320000303100002b
:1086d0000a0000004739000020320000303100005d
:1086e000203e00003e20000032300000320a000030
:1086f0000047000039200000323000003220000026
:108700003e3e000020310000313000000a00000031
:10871000473900002032000030320000203e0000c7
:108720003e20000031310000310a000000730000db
:108730006d73000020530000590a00000073000010
:108740006d73000020530000544100005455000098
:10875000530a0000004700006f200000535400003f
:108760004550000020310000320a00000073000074
:108770006d73000020460000435400000a00000012
:10878000736d000073200000535900004e0a000072
:10879000007300006d73000020560000414e000081
:1087a000410a0000004a00006f75000072200000be
:1087b000736100006e7300002056000045520000f7
:1087c000494600004e5500004d0a000000470000d9
:1087d0007261000066200000392000002d2000009a
:1087e0006465000066610000756c0000740a00009a
:1087f000004100006d700000204f00006666000020
:108800000d000000416d0000702000004f6e000060
:108810000d000000576f000072640000203000005f
:10882000203d000020300000782500003036000098
:108830006c5800000a0000005772000069740000c4
:108840006520000046610000696c00000a0000001d
:108850004e65000077200000576f00007264000032
:1088600020300000203d000020300000782500006e
:10887000303600006c5800000a000000536500000c
:1088800074200000496e00006163000074690000fc
:1088900076650000205000006172000074690000dd
:1088a000746900006f6e00000a000000537700003a
:1088b00061700000204100006374000069760000d0
:1088c00065200000320a00000053000077610000bc
:1088d00070200000416300007469000076650000ac
:1088e000203100000a00000045720000726f000095
:1088f00072200000566100006c690000646900008d
:10890000747900000a000000202d0000204e0000b5
:108910006f740000206300006f6d0000706c000039
:1089200065740000652000004865000078200000a4
:108930004c6900006e6500000a0000004845000018
:10894000583a000020730000617500007420000098
:108950006164000072200000696e00006163000025
:10896000743d00003078000025300000386c0000b5
:10897000582000006c610000737400004164000026
:10898000647200003d30000078250000303800009f
:108990006c580000207200006564000065660000ed
:1089a0003d250000750a0000004300006f6e0000c6
:1089b000667700006f720000643a0000206c0000cf
:1089c000696700006e650000203a00003130000049
:1089d000206100006e6f0000726d0000616c00008d
:1089e0006520000028640000617400006120000020
:1089f00070650000726400007565000029200000a9
:108a00002d3e000020610000626100006e640000e5
:108a10006f6e00000a00000043460000472000007f
:108a200057520000495400004520000061640000d6
:108a3000647200003d3000007825000030380000ee
:108a40006c58000020760000616c00003d30000092
:108a500078250000303600006c5800000a00000045
:108a6000982f00008a4200009144000037710000f6
:108a7000cffb0000c0b50000a5db0000b5e9000099
:108a80005bc2000056390000f1110000f1590000ee
:108a9000a48200003f920000d55e00001cab0000e5
:108aa00098aa000007d80000015b000083120000b4
:108ab000be85000031240000c37d00000c5500007d
:108ac000745d0000be720000feb10000de80000098
:108ad000a7060000dc9b000074f100009bc10000b1
:108ae000c16900009be4000086470000beef000063
:108af000c69d0000c10f0000cca100000c240000a6
:108b00006f2c0000e92d0000aa840000744a0000c8
:108b1000dca90000b05c0000da880000f9760000f3
:108b2000525100003e9800006dc6000031a80000c0
:108b3000c827000003b00000c77f000059bf000035
:108b4000f30b0000e0c6000047910000a7d500002d
:108b500051630000ca0600006729000029140000c4
:108b6000850a0000b7270000382100001b2e0000f6
:108b7000fc6d00002c4d0000130d00003853000068
:108b8000547300000a650000bb0a00006a7600000a
:108b90002ec90000c2810000852c000072920000e6
:108ba000a1e80000bfa200004b6600001aa8000068
:108bb000708b00004bc20000a35100006cc7000086
:108bc00019e8000092d100002406000099d60000a8
:108bd000853500000ef4000070a000006a1000004f
:108be00016c10000a4190000086c0000371e000028
:108bf0004c77000048270000b5bc0000b0340000ee
:108c0000b30c00001c3900004aaa0000d84e000036
:108c10004fca00009c5b0000f36f00002e6800004c
:108c2000ee8200008f7400006f630000a5780000e2
:108c300014780000c884000008020000c78c0000ff
:108c4000faff0000be900000eb6c000050a4000092
:108c5000f7a30000f9be0000f278000071c6000022
:108c60002530000032780000000000004953000069
:108c700044200000312000003d200000494e00004b
:108c80004954000020440000757200006565000032
:108c9000206d0000736700003d250000640a00009d
:108ca000002d00002d2d00002d2000004953000054
:108cb00044200000322000003d200000504f000002
:108cc00057450000522d000055500000202d000097
:108cd0002d2d00002d2000000a0000002d2d000089
:108ce0002d2d00002049000053440000203d0000cd
:108cf0002052000045430000202d00002d2d0000d3
:108d00002d2000000a0000002d2d00002d2d000058
:108d10002049000053440000203d00002050000086
:108d20004c410000592000002d2d00002d2d000089
:108d3000200a0000002d000064650000662000008d
:108d400049530000442000003d20000073740000df
:108d50006f700000200a00000067000061720000d0
:108d6000646500002e77000061760000002d000091
:108d7000466900006e200000656e0000726500000c
:108d80006769000073740000726500006d65000083
:108d90006e7400002049000053440000203d000094
:108da00020730000746f0000702000000a000000b3
:108db0002d2d00002d2d0000205000004c41000002
:108dc0005920000049530000442000002d2d0000d0
:108dd0002d2d0000200a0000002d00002d2d000088
:108de0002d200000504c0000415900002049000097
:108df0005420000041470000414900004e2000007f
:108e00002d2d00002d2d0000002d00002d2d000027
:108e10002d200000535400004f5000002049000056
:108e200053440000202d00002d2d00002d200000b7
:108e30000a000000456e0000766f00006920000007
:108e4000534d000053200000494e0000464f0000e3
:108e50000a000000456e0000766f000069200000e7
:108e60004854000054500000532000005374000088
:108e70006174000075730000204900006e660000f8
:108e80006f0a0000004500006e7600006f69000068
:108e9000205300006f660000742000004d61000048
:108ea0006a200000537400006174000075730000b4
:108eb000204900006e6600006f0a000000460000b6
:108ec000494e0000204f00004b200000456e00007e
:108ed000766f000069200000534d00005320000011
:108ee000494e0000464f00000a00000046490000bd
:108ef0004e200000456e0000766f000069200000e3
:108f0000534d000053200000494e0000464f000022
:108f1000207300007572000020650000727200006e
:108f200020760000616c000072650000670a000096
:108f3000005300004d530000204900004e46000041
:108f40004f200000322000003e330000203e000091
:108f50003e200000000a0000004500006e76000080
:108f60006f690000204800005454000050200000a9
:108f7000535400004154000055530000205000009d
:108f8000415500000a000000456d000065740000b6
:108f900020480000545400005020000053540000aa
:108fa000415400005553000020500000415500007e
:108fb0000a000000456e0000766f00006920000086
:108fc000534f000046540000204d0000414a00006d
:108fd000205300005441000054550000532000006d
:108fe00050410000550a00000000000054560000e7
:108ff0003d3100000a0000005645000052490000c3
:10900000464e0000554d0000544500004c500000f5
:109010004155000020000000204e0000554d00008a
:109020003d00000020430000553d000000450000c9
:109030006d69000073730000696f00006e2000000e
:1090400064750000205300004d53000020640000b0
:109050006520000076650000726900006669000006
:1090600063610000746900006f6e00002000000062
:1090700064750000206e0000756d000065720000d0
:109080006f0a000000640000752000007265000097
:1090900073650000617500000a0000004175000062
:1090a000637500006e200000534d00005320000047
:1090b000766500007269000066200000656d0000a2
:1090c000697300002c20000043460000504100005e
:1090d00055200000544500004c200000696e00003f
:1090e000636f00007272000065630000740a000084
:1090f00000310000005300004d53000020640000c8
:109100006520000076650000726900006669000055
:1091100063610000746900006f6e0000207200003f
:1091200065630000750a0000003000000053000075
:109130004d530000206400006520000076650000ab
:1091400072690000666900006361000074690000d4
:109150006f6e0000204e00004f4e00002072000095
:1091600065630000752c000020560000543d00008f
:10917000300a000000000000456e0000766f00001d
:1091800069200000534d000053200000766100006c
:109190006e61000020640000656300000a000000aa
:1091a000564100004e410000000a0000522000001d
:1091b0004348000041520000474500002073000072
:1091c000746100007274000020620000617400008d
:1091d0003d25000064200000707300003d25000064
:1091e000642000004d4300003d250000640a00009b
:1091f000000a0000522000004348000041520000d5
:109200004745000020300000203e00003e200000c6
:109210004d65000073750000726500002056000067
:10922000505600000a0000000a52000020430000cf
:109230004841000052470000452000004152000014
:10924000524500005420000062610000743d00009f
:109250002564000020700000733d000025640000bc
:1092600020200000707600003d25000064200000f2
:109270004d4300003d250000640a0000000a000084
:1092800052200000434800004152000047450000c2
:1092900020310000203e00003e2000004d6500000f
:1092a00073750000726500002056000050560000e3
:1092b0000a0000000a52000020430000484100005c
:1092c000524700004520000052650000746f000006
:1092d0007572000020610000757400006f200000ae
:1092e00056500000563d0000256400000a000000b2
:1092f0002d2d00002d2d00002d2d000043410000dc
:1093000053450000203200003030000020410000b2
:1093100050500000454c0000205300004f52000008
:10932000544100004e5400002d2d00002d4d000032
:10933000414b0000455600004f49000043450000e6
:10934000434100004c4c00002d2d00000a0000009d
:10935000446500006d6100006e640000652000003f
:1093600067610000696e0000200000004469000091
:10937000666600000a0000002a480000503d000018
:1093800000250000640a000000500000686f000023
:109390000a000000506800006f2000004d450000ea
:1093a0000a00000054650000737400000a00000009
:1093b00052650000636f0000726400000a00000044
:1093c000204d0000617500007661000069730000a7
:1093d0002070000061720000616d000020740000c8
:1093e000797000006553000065740000417500004d
:1093f000646900006f430000686100006e6e000049
:10940000656c000020280000290a00000000000010
:10941000473100003d25000064200000534d00004e
:10942000535300006f720000742e0000415400007e
:109430003d25000064200000477300006d530000cc
:1094400074610000746500003d2500006420000088
:10945000534d0000534500006e7400002e41000083
:10946000543d000025640000205300004d530000cf
:10947000456e0000742e000041660000616300002c
:109480003d250000642000000a000000476600003f
:10949000303d0000256400002047000066310000d8
:1094a0003d2500006420000042700000543d000093
:1094b0002564000020530000656300004967000038
:1094c000417000003d25000064200000453100008f
:1094d0003d25000064200000453200003d250000cd
:1094e00064200000473900003d2500006420000092
:1094f000473100003d250000642000004733000094
:109500003d25000064200000446500007256000004
:10951000616c000052650000673d0000256300009b
:109520000a00000052650000626f00006f740000c6
:1095300020640000656d0000616e0000646500003d
:109540000a000000534d0000532000005245000067
:1095500043550000204e0000544500003d0000002f
:109560002044000041540000453d00000020000060
:109570004845000055520000453d00000020000015
:1095800049440000583d0000002500006400000030
:109590002054000045580000544500003d000000e4
:1095a0000d0a0000004400005420000000200000cc
:1095b000004800005454000050530000474500008c
:1095c00054000000534d000053520000455000006d
:1095d00020000000534d0000534300004d440000a4
:1095e000200000002d2d00002d2d00002d54000026
:1095f000454d0000504f000020320000656d000016
:109600006520000041500000505500004920000036
:10961000464900004e490000452d00002d2d000058
:109620002d0a000000550000706700002e54000055
:10963000656d0000706f0000203d00003d200000bf
:10964000300a000000520000207300006563000033
:109650007520000064650000636f00006e6e0000fe
:1096600065630000746500007263000068610000bb
:109670007267000065750000723d0000310a00004d
:109680000047000052410000460a0000000a0000a6
:10969000000000004346000050410000550000005b
:1096a00043460000504900004e00000047410000c2
:1096b000494e00000043000046410000204c0000dd
:1096c0003d0000004346000053200000533d0000d1
:1096d0000056000045520000534900004f4e000064
:1096e0000053000054000000564100004e410000ad
:1096f000004900004d4f00004400000047500000aa
:10970000530000000d0a00005452000041430000c5
:10971000454900004e4600004f20000000000000b8
:109720002564000000300000780000003058000080
:1097300000000000646500006661000075740000b0
:109740000a0000005645000052530000494f000037
:049750004e000000c7
:020000040000fa
:109754000400fa002047980031479800e0d8200020
:10976400104f78003e4090000004e0000e003200ec
:10977400e0d82000904078002e40900080c0600027
:109784002e40900080cf500016003200e0d8200018
:10979400904078002e40900080c07000e0d82000f7
:1097a400014878000f003700e0d82000904078008e
:1097b4002e40900080c060002e40900080cf50006a
:1097c40008003a002e40900080c0ea00e0d8200053
:1097d4001040780000c0600080407800e0d820008d
:1097e40001487800e0d82000104078009e407800be
:1097f40080cf50001000320025cb220044cb220041
:10980400e3d8200012c0b300a103200000cab300b3
:10981400cc8f02000100000025cb220044cb2200a3
:10982400e3d8200012c0b300a103200000cab30093
:10983400dc90020001000000e0d820001040780015
:109844001e4068000080fa00000006002400fa00b0
:10985400206798002e609000e94f50007f013e0081
:109864002e6090000080fb00100798001e009000fe
:109874004600dd00100798001e0090001004b000a0
:109884001007980021802a00f0b3200028d202009b
:109894000100000020079800ae009000f0b3200003
:1098a400008040000041eb00800078002e609000b2
:1098b400d2a0020001000000ae0090000080400031
:1098c40020079800000220000e00400025cb220053
:1098d40044cb22008001780012c0b3009e009000a7
:1098e40000cab300dc90020001000000ae0090004a
:1098f400f0b3200000804000b1802a0028d202008a
:1099040001000000ae009000008040002007980095
:109914000000eb00000f7800120037000e6090008a
:109924008080fb00220020001e0078000010dd0073
:10993400008060000000e00005003200660047007f
:109944001e00400011c3b300014878000400370032
:10995400660047001e00400001c3b30001487800c0
:109964001e0fe8001e007800e30f5000ebff3400e8
:10997400660047001e0040008040eb00014878006c
:10998400ae009000f0b3200000804000e6004700e5
:1099940028d2020001000000ae00900000804000c8
:1099a40020079800ae009000f0b320000080400033
:1099b400f1802a0028d2020001000000ae009000cd
:1099c40000804000200798000e6090008080fb001b
:1099d40000022000008060000000e000030032006c
:1099e40010c3b300604798000200370000c3b300ff
:1099f400604798000040eb0070479800ae0090006c
:109a0400f0b3200000804000e600470028d20200a6
:109a140001000000ae009000008040002007980084
:109a2400ae009000f0b320000080400031812a0095
:109a340028d2020001000000ae0090000080400027
:109a4400200798000e6090000080fb006100600019
:109a5400004078000004e0000300320010c3b300ab
:109a6400604798000200370000c3b30060479800c5
:109a74000040eb0070479800ae009000f0b3200067
:109a840000804000e600470028d2020001000000e8
:109a9400ae0090000080400020079800ae009000c7
:109aa400f0b320000080400071812a0028d2020017
:109ab40001000000ae0090000080400020079800e4
:109ac4000e6090008080fb00000420000080600095
:109ad4000000e0000300320010c3b30060479800a8
:109ae4000200370000c3b300604798000040eb0059
:109af40070479800ae009000f0b320000080400052
:109b0400e600470028d2020001000000ae009000e9
:109b14000080400020079800ae009000f0b32000c1
:109b240000804000b1812a0028d202000100000018
:109b3400ae009000008040002007980066004700b7
:109b4400920120008000eb00c80402000000000025
:109b5400e60047001e0090006300400024cb220072
:109b640043cb2200010178008000780000cab300d2
:109b7400c0d00200010000000040eb00705f9800bc
:109b84006e4090000004e00004003a0066004700c4
:109b9400f1812a0028d2020001000000ae009000ea
:109ba400f0b3200000804000e600470028d2020005
:109bb40001000000ae0090000080400020079800e3
:109bc400ae009000f0b320000080400011822a0013
:109bd40028d2020001000000ae0090000080400086
:109be4002007980066004700920120008000eb00e7
:109bf400c804020000000000e60047001e009000b8
:109c04007200400024cb220043cb220001017800e3
:109c14008000780000cab300c0d002000100000038
:109c24000040eb00705f98006e4090000004e0007c
:109c340004003a0066004700f1812a0028d202009d
:109c440001000000ae009000f0b32000008040004e
:109c5400e600470028d2020001000000ae00900098
:109c64000080400020079800ae009000f0b3200070
:109c74000080400051822a0028d202000100000026
:109c8400ae009000008040002007980000022000f1
:109c94000e004000220020008000eb00c8040200f7
:109ca400000000001e0090000080e8000102200077
:109cb4008e80400025cb220044cb22008101780015
:109cc40012c0b3008000780000cab300dc90020028
:109cd400010000000e609000e60047000041eb0028
:109ce400d2a0020001000000ae009000f0b32000fa
:109cf40000804000e600470028d202000100000076
:109d0400ae0090000080400020079800ae00900054
:109d1400f0b320000080400091822a0028d2020083
:109d240001000000ae009000008040002007980071
:109d340066004700920120008000eb00c804020086
:109d440000000000e60047001e0090001002b00072
:109d540025cb220044cb220081017800c2c0b3008d
:109d64008000780000cab300dc900200010000000b
:109d74000040eb00205798006e4090000004e00083
:109d840004003a0066004700f1812a0028d202004c
:109d940001000000ae009000f0b3200000804000fd
:109da400e600470028d2020001000000ae00900047
:109db4000080400020079800ae009000f0b320001f
:109dc40000804000d1822a0028d202000100000055
:109dd400ae009000008040002007980000022000a0
:109de4000e004000220020008000eb00c8040200a6
:109df400000000001e0090000000e80001022000a6
:109e04008e80400025cb220044cb220081017800c3
:109e140012c0b3008000780000cab300dc900200d6
:109e2400010000000e609000e60047000041eb00d6
:109e3400d2a0020001000000ae009000f0b32000a8
:109e440000804000e600470028d202000100000024
:109e5400ae00900000804000200798000080fa00c7
:109e6400000006000400fa001007980011832a007d
:109e74001e00900028d2020001000000000f7800ac
:109e840070b12000104078000004e00008003200a7
:109e94001e0078009e0090000080400071b12000f8
:109ea40028d20200010000001e0f40000700370006
:109eb4001e0078009e00900000804000f1812a007e
:109ec40028d20200010000001e0f40001e0078008e
:109ed4009e00900000804000c1832a0028d2020026
:109ee400010000001e0f4000204981006100600055
:109ef4000000e0000b003a0040e98000e30f50004e
:109f040008003a001e0078009e0090000080400087
:109f140011842a0028d20200010000001e0f400014
:109f2400070037001e0078009e009000008040006b
:109f340031842a0028d20200010000001e0f4000d4
:109f44001e0078009e0090000080400051842a008a
:109f540028d20200010000001e0f40009e0078007d
:109f6400f0b32000008040000041eb008000780046
:109f740000cab300d2a00200010000001e0f40007e
:109f84001e0078009e00900000804000b1842a00ea
:109f940028d20200010000001e0f40009e0078003d
:109fa400f0b3200000814000b00d8100c10d81009c
:109fb400c3c0b30096a10200010000001e0f4000c0
:109fc4001e0078009e0090000080400011852a0049
:109fd40028d20200010000001e0f40009e007800fd
:109fe400f0b3200000814000004f8100114f810038
:109ff400c3c0b30096a10200010000001e0f400080
:10a004000080fa00000006000a00fa00000f780041
:10a014001107980022079800330798004407980016
:10a0240070852a0084d60200010000001e0078001a
:10a0340084d602000100000090852a0084d6020024
:10a04400010000002e00900084d6020001000000f0
:10a054003e0090000000e00007003200f0852a0076
:10a0640084d60200010000003e00900084d6020065
:10a07400010000000300370050862a0084d6020045
:10a08400010000004e0090000000e00007003200d4
:10a09400c0862a0084d60200010000004e00900011
:10a0a40084d60200010000000300370020872a0044
:10a0b40084d602000100000090872a0084d60200a2
:10a0c400010000001e00900084d602000100000080
:10a0d40070852a0084d60200010000000080fa0086
:10a0e400000006000e00fa0050079800610798006f
:10a0f40064004700330020000001780001882a0032
:10a104005e009000dc3907000000e0000b00320024
:10a11400ce40900010c3b30080cf500004003a003a
:10a124008032210051c0b300014878000300370099
:10a134008032210011c0b300014878000000eb0018
:10a14400100798008b00370051882a00f0b32000d4
:10a1540028d2020001000000000f78009e00780061
:10a16400f0b3200000804000f1882a0028d20200c9
:10a17400010000001e0f40009e007800f0b3200094
:10a18400808040001e0090000040780022c0b30090
:10a19400d2a00200010000001e0f40009e007800c3
:10a1a400f0b320000080400021892a0028d2020058
:10a1b400010000001e0f40009e007800f0b3200054
:10a1c400808140001e0090006600b9000000780005
:10a1d400e4004000003121000080400010007800bd
:10a1e4000040780032c0b30083007800d2a002009f
:10a1f400010000001e0f40009e007800f0b3200014
:10a204000080400041892a0028d202000100000099
:10a214001e0f40009e007800f0b3200080804000b4
:10a224001e0090000040780022c0b300d2a00200bb
:10a23400010000001e0f40009e007800f0b32000d3
:10a244000080400021892a0028d202000100000079
:10a254001e0f40009e007800f0b320008081400073
:10a264001e0090006600b9008000780000312100d3
:10a2740000804000104078000041eb00830078002b
:10a28400d2a00200010000001e0f40001e0090003a
:10a294006600b90080007800003121000080400091
:10a2a40010407800e24f500025003a009e007800ec
:10a2b400f0b320000080400071892a0028d20200f7
:10a2c400010000001e0f40009e007800f0b3200043
:10a2d400808040001e009000004078000041eb00a8
:10a2e400d2a00200010000001e0f40009e00780072
:10a2f400f0b320000080400021892a0028d2020007
:10a30400010000001e0f40009e007800f0b3200002
:10a31400008140001e0090006600b9000000780033
:10a324008080e800003121000080400010007800a7
:10a3340082007800049f0200010000001e0f40000c
:10a344009e007800f0b320000080400071852a0050
:10a3540028d20200010000001e0f4000f0b32000cc
:10a3640084d60200010000001e0090000000e800f6
:10a37400100798001e009000f70f500072ff340081
:10a384000080fa00000006000600fa00100798009a
:10a39400210798001e0090003040900022c0b300b6
:10a3a400ae009000d2a0020001000000004f78002f
:10a3b4001e80fb00ae00900000804000a1892a00ae
:10a3c40028d2020001000000004078001e4f400027
:10a3d4001e80fb00ae009000808040001e009000b4
:10a3e4004040900022c0b300d2a00200010000004f
:10a3f400004078001e4f40001e80fb00ae0090001d
:10a4040000804000a1892a0028d202000100000037
:10a41400004078001e4f40001e80fb00ae009000fc
:10a42400808040001e0090006040900022c0b30075
:10a43400d2a0020001000000004078001e4f40003e
:10a444001e80fb00ae00900000804000c1892a00fd
:10a4540028d2020001000000004078001e4f400096
:10a464001e80fb00ae009000808040001e00900023
:10a474001040780022c0b300d2a002000100000006
:10a48400004078001e4f40001e80fb00ae0090008c
:10a4940000804000e1892a0028d202000100000067
:10a4a400004078001e4f40001e80fb00ae0090006c
:10a4b400808040001e0090001040900022c0b30035
:10a4c400d2a0020001000000004078001e4f4000ae
:10a4d4001e80fb00ae00900000804000e1892a004d
:10a4e40028d2020001000000004078001e4f400006
:10a4f4001e80fb00ae009000808040001e00900093
:10a504002040900022c0b300d2a00200010000004d
:10a51400004078001e4f40001e4078000080fa0082
:10a52400000006000400fa0010079800e00421006f
:10a53400f692020001000000018a2a001e00900029
:10a5440028d2020001000000000f78001e007800ed
:10a554009e0090000080400080007800600521008b
:10a5640089ff07000080fb001e0f40001e007800da
:10a574009e00900000804000b18a2a0028d2020088
:10a58400010000001e0f40001e0078009e00900095
:10a594000080400080007800e00421007aff07007a
:10a5a4000080fb001e0f40001e0078009e009000fb
:10a5b40000804000018b2a0028d202000100000024
:10a5c4001e0f40001e0078009e0090000080400096
:10a5d40080007800e00521006bff07000080fb008d
:10a5e4001e0f40001e0078009e0090000080400076
:10a5f400718b2a0028d20200010000001e0f4000c7
:10a604001e0078009e0090000080400080007800ca
:10a61400600621005cff07000080fb001e0f400065
:10a624001e0078009e00900000804000e18b2a000c
:10a6340028d20200010000001e0f40001e00780016
:10a644009e00900080804000106d8000049f0200f6
:10a65400010000001e0f40001e0078009e009000c4
:10a6640000804000318c2a0028d202000100000042
:10a674001e0f40001e0078009e0090008080400065
:10a68400d0062100104078000041eb00d2a0020067
:10a69400010000001e0f40001e0078009e00900084
:10a6a40000804000918c2a0028d2020001000000a2
:10a6b4001e0f40001e0078009e0090008080400025
:10a6c400c0802000104078000041eb00d2a00200be
:10a6d400010000001e0f40001e0078009e00900044
:10a6e40000804000218d2a0028d2020001000000d1
:10a6f4001e0f40001e0078009e00900080804000e5
:10a7040050da2000104078000041eb00d2a0020093
:10a71400010000001e0f40001e0078009e00900003
:10a7240000804000718d2a0028d202000100000040
:10a734001e0f40001e0078009e0090000080400024
:10a7440080007800001721000fff07000080fb0045
:10a754001e0f40001e0090000080fa00000006005a
:10a764001200fa0070079800010f98000040eb00f7
:10a77400004f7800a0c5b300004f78006400470084
:10a784003300200000017800d18d2a007e00900063
:10a79400393807000000e000600032004e409000ad
:10a7a4000000fb006101b900f0fb2f00f1ff2f0056
:10a7b4000200400083804800320120000300200092
:10a7c400820f5000838f580054003e000060010047
:10a7d400130037003f003700470037004f003700b1
:10a7e4002a003700170037000d0037004b003700f0
:10a7f400260037004900370048003700470037007b
:10a8040046003700450037001700370016003700b0
:10a814004200370041003700400037002400370071
:10a82400c3122000320620008040eb00208e2a0054
:10a8340074cc020000000000ce409000014f78006c
:10a8440036003700c3122000320620008040eb009f
:10a85400c08e2a0074cc020000000000ce4090009c
:10a86400014f78002d003700c3122000320620006b
:10a874008040eb00608f2a0074cc020000000000ce
:10a88400ce409000014f780024003700c31220000e
:10a89400320620008040eb0000902a0074cc0200b5
:10a8a40000000000ce409000014f78001b003700ec
:10a8b400c3122000320620008040eb00a0902a0042
:10a8c40074cc020000000000ce409000014f7800dc
:10a8d40012003700c3122000320620008040eb0033
:10a8e40040912a0074cc020000000000ce40900089
:10a8f400014f780009003700c312200032062000ff
:10a904008040eb00e0912a0074cc020000000000bb
:10a91400ce409000014f780000000000a1922a0070
:10a92400f0b3200028d202000100000010079800b4
:10a93400f1b320001e009000008040001e48780003
:10a944001e0090000000e80010079800f1b32000fa
:10a954001e009000008040008040eb000148780019
:10a964000080fa00000006001e00fa00881f78002c
:10a97400500f9800610f98006400470033002000d6
:10a984000001780091932a005e089000ba3707000e
:10a994000000e0000600320064004700f29d02005f
:10a9a40001000000e107220080487800030037001e
:10a9b400e007220021c0b30001487800e00722002c
:10a9c40090407800c0c3b30080cf5000030036002d
:10a9d400e0072200a1c0b3000148780064004700ea
:10a9e4003300200000017800d1932a005e08900013
:10a9f400a13707000000e000050032004e4090003f
:10aa040080407800f00722000148780003003700f6
:10aa1400f00722008040eb000148780078004700ee
:10aa24000001780031942a005e0890009ad3020055
:10aa3400010000000000e000490032004e089000d0
:10aa440064004000400f98000000eb0010079800dd
:10aa54000f0037004e089000de0890000080400090
:10aa64001040780080407800520522001e009000bb
:10aa740000004100014878004e0890000000e80002
:10aa8400400f98001e0090000000e8001007980096
:10aa94009e00900070022000808f500012003c0045
:10aaa4004e089000de0890000080400010407800be
:10aab400ea4f50000c0032004e089000de0890006f
:10aac4000080400010407800ed4f50000600320036
:10aad4004e089000de08900000804000104078008e
:10aae4000004e000dbff3a00510522001e00900044
:10aaf400008040008040eb00014878001e00900078
:10ab04000000e0000b003200e8d602000100000063
:10ab140080942a0084d6020001000000500522001f
:10ab2400b6d602000100000070852a0084d6020017
:10ab3400010000006e0890000000e00004003a00ec
:10ab4400000822008040eb00014878000400370030
:10ab5400ee08900000082200ba0502000000000080
:10ab640064004700430020000001780041952a005a
:10ab74005e089000403707000000e0001400320037
:10ab84006e0890000000e00011003a0064004700e5
:10ab940098a2020001000000d0988800e8d60200c4
:10aba40001000000d198800064004700811f7800f4
:10abb400f1952a00811f7800920402000000000031
:10abc400e48757006400470084d6020001000000b7
:10abd400640047003300200000017800a1962a0099
:10abe4005e089000243707000000e00046003200b1
:10abf400ce40900010c3b30080cf500013003a0041
:10ac04006e0890000000e00008003a00e8d6020058
:10ac14000100000020972a0084d6020001000000f1
:10ac2400b00e2000d09888000800370090bb2100a7
:10ac340011c0b30001487800e8d60200010000000a
:10ac440010992a0084d6020001000000ce40900032
:10ac540020c3b30080cf500013003a006e08900068
:10ac64000000e00008003a00e8d6020001000000fd
:10ac7400209b2a0084d602000100000080112000dd
:10ac8400d09888000800370090bb210021c0b30091
:10ac940001487800e8d6020001000000709d2a00f7
:10aca40084d6020001000000ce409000a0c5b3008d
:10acb40080cf500014003a006e0890000000e000bd
:10acc40009003a00e8d602000100000030a02a0082
:10acd40084d60200010000005080200011c0b3009f
:10ace400014878000800370090bb2100a1c5b300db
:10acf40001487800e8d6020001000000d0a12a0033
:10ad040084d60200010000006400470033002000e4
:10ad14000001780021a42a005e089000d6360700be
:10ad24000000e00009003200ce40900010c3b300e0
:10ad340080cf500005003a00d02a210011c0b30092
:10ad440001487800b0762100707e880064004700d6
:10ad54003300200000017800a1a42a005e089000be
:10ad6400c53607000000e000180032006400470008
:10ad7400f29d020001000000e106210080487800f5
:10ad8400e0062100104078000004e00004003200d6
:10ad9400e006210010407800f44f50000300360014
:10ada400e006210051c0b3000148780025cb220001
:10adb40044cb2200e306210012c0b300c1032000eb
:10adc40000cab300cc8f02000100000064004700f9
:10add4003300200000017800f1a42a005e089000ee
:10ade400a53607000000e0001800320064004700a8
:10adf400f29d020001000000f10621008048780065
:10ae0400f0062100104078000004e0000400320045
:10ae1400f006210010407800e64f400003003600a1
:10ae2400f006210001c5b3000148780025cb2200bb
:10ae340044cb2200f306210012c0b300d10320004a
:10ae440000cab300cc8f02000100000025cb220011
:10ae540044cb2200e306210012c0b300c10320004a
:10ae640000cab300dc9002000100000025cb2200e0
:10ae740044cb2200f306210012c0b300d10320000a
:10ae840000cab300dc900200010000006400470027
:10ae9400930020000001780041a52a005e0890007c
:10aea400753607000000e0000a003200e0062100c9
:10aeb4001044780064004700aea0020001000000c6
:10aec40080407800640047000841780010b902000f
:10aed4000100000064004700130020000001780016
:10aee400a1a52a005e089000633607000000e00078
:10aef4001a003200ce40900010c3b30080cf50003f
:10af04000f003a00d1988000800c20000080680077
:10af140000f0a7000000ea000000e9004f00de0096
:10af24008040780070802000014878006080200014
:10af340011c0b30001487800501f2000d098880049
:10af4400ce40900000c3b30080cf500003003a000d
:10af5400608020008040eb0001487800f0b32000be
:10af64008040eb0001487800640047003300200073
:10af740000017800f1a52a005e0890003e36070023
:10af84000000e000dd003200ce40900010c3b300aa
:10af940080cf5000d9003a0051a62a00f0b3200017
:10afa40028d2020001000000000f78007010810018
:10afb400610060000000e000080032009e0078009c
:10afc400f0b320000080400011842a0028d202003f
:10afd400010000001e0f4000070037009e007800ab
:10afe400f0b320000080400031842a0028d20200ff
:10aff400010000001e0f40009e007800f0b3200006
:10b004000080400061a72a0028d20200010000004d
:10b014001e0f400070108100620060000000e0001c
:10b02400080032009e007800f0b320000080400049
:10b0340011842a0028d20200010000001e0f4000e3
:10b04400070037009e007800f0b320000080400025
:10b0540031842a0028d20200010000001e0f4000a3
:10b064009e007800f0b320000080400021a82a0050
:10b0740028d20200010000001e0f400040e98000b9
:10b08400e30f500026003200e30f500005003e009d
:10b09400e10f500012003200e10f500018003e0092
:10b0a40007003700e50f50002d003200e50f500077
:10b0b40023003900e60f5000310032003800370019
:10b0c4009e007800f0b3200000804000c1a82a0050
:10b0d40028d20200010000001e0f40003800370093
:10b0e4009e007800f0b320000080400041a92a00af
:10b0f40028d20200010000001e0f4000300037007b
:10b104009e007800f0b3200000804000a1a92a002e
:10b1140028d20200010000001e0f40002800370062
:10b124009e007800f0b320000080400011aa2a009d
:10b1340028d20200010000001e0f4000200037004a
:10b144009e007800f0b320000080400061aa2a002d
:10b1540028d20200010000001e0f40001800370032
:10b164009e007800f0b320000080400001ab2a006c
:10b1740028d20200010000001e0f4000100037001a
:10b184009e007800f0b320000080400061ab2a00ec
:10b1940028d20200010000001e0f40000800370002
:10b1a4009e007800f0b3200000804000c1ab2a006c
:10b1b40028d20200010000001e0f40000000000021
:10b1c4009e007800f0b320000080400001ac2a000b
:10b1d40028d20200010000001e0f40009e007800eb
:10b1e400f0b3200080804000707e8000049f020045
:10b1f400010000001e0f40009e007800f0b3200004
:10b204000080400091ac2a0028d202000100000016
:10b214001e0f40009e007800f0b3200080804000a4
:10b22400507e8000049f0200010000001e0f4000b9
:10b234009e007800f0b320000080400011ad2a0089
:10b2440028d20200010000001e0f40009e0078007a
:10b25400f0b3200080804000607e8000049f0200e4
:10b26400010000001e0f40009e007800f0b3200093
:10b274000080400091ad2a0028d2020001000000a5
:10b284001e0f40009e007800f0b320008080400034
:10b29400407e8000049f0200010000001e0f400059
:10b2a4009e007800f0b320000080400001ae2a0028
:10b2b40028d20200010000001e0f40009e0078000a
:10b2c400f0b320000080400041ae2a0028d20200e2
:10b2d400010000001e0f40009e007800f0b3200023
:10b2e4008080400060fc2000104078000041eb00aa
:10b2f400d2a00200010000001e0f400064004700bd
:10b304003300200000017800c1ae2a005e089000de
:10b31400593507000000e00007003200ce409000dd
:10b3240010c3b30080cf500003003a00200781000f
:10b334000020a0002007890064004700330020009b
:10b344000001780081af2a005e0890004a350700aa
:10b354000000e00011003200ce40900010c3b300a2
:10b3640080cf50000a003a0011c0b30010c0b300ef
:10b37400f7f80700b0ef20008040eb0001487800a8
:10b3840050fc20008040eb000148780003003700a7
:10b394008040eb0010c0b300edf80700f0b32000cc
:10b3a400104078000004e0004b003a0001b02a008d
:10b3b400f0b3200028d2020001000000000f780042
:10b3c400e0d82000104078000080fb00610060009d
:10b3d400004078000004e000080032009e0078007d
:10b3e400f0b320000080400011842a0028d202001b
:10b3f400010000001e0f4000070037009e00780087
:10b40400f0b320000080400031842a0028d20200da
:10b41400010000001e0f40009e007800f0b32000e1
:10b4240000804000f1b02a0028d202000100000090
:10b434001e0f40009e007800f0b320008080400082
:10b44400e00621001040780012c0b300d2a0020030
:10b45400010000001e0f40009e007800f0b32000a1
:10b464000080400051b12a0028d2020001000000ef
:10b474001e0f40009e007800f0b320008080400042
:10b48400f00621001040780012c0b300d2a00200e0
:10b49400010000001e0f40009e007800f0b3200061
:10b4a40000804000b1b12a0028d20200010000004f
:10b4b4001e0f40009e007800f0b320008080400002
:10b4c400608020001040780012c0b300d2a00200b7
:10b4d400010000001e0f40004f0478000080fa00b5
:10b4e400000006000600fa001007980021079800e3
:10b4f40011b22a00f0b3200028d20200010000009b
:10b50400000f78009e007800f0b320008080400097
:10b5140060b120001040780012c0b300d2a0020035
:10b52400010000001e0f40000080fa000000060029
:10b534000600fa001007980021079800b1b22a000b
:10b54400f0b3200028d2020001000000000f7800b0
:10b55400a00d22001040780080407800f0b3200055
:10b564001e004000014878001e0fe8009e0078008d
:10b57400f0b3200000804000c1b32a0028d20200aa
:10b58400010000001e0f4000a10922001e017800e6
:10b59400f0b320000000410028d2020001000000a6
:10b5a4001e0f40009e007800f0b320000080400091
:10b5b40031b42a0028d20200010000001e0f40000e
:10b5c4009e007800f0b3200000804000218d2a0006
:10b5d40028d20200010000001e0f40009e007800e7
:10b5e400f0b320008080400050da20001040780042
:10b5f4000041eb00d2a00200010000001e0f400039
:10b604000080fa00000006001c00fa00400f9800b9
:10b61400510f9800630047003300200000017800b8
:10b6240051b42a004e089000933407000000e00053
:10b634002600320063004700f29d02000100000072
:10b6440020479800002b210010407800ae40900065
:10b6540080cf50001d003200002b2100ae4090002e
:10b664000148780025cb220044cb2200032b210083
:10b6740012c0b300e103200000cab300cc8f020063
:10b684000100000025cb220044cb2200032b210023
:10b6940012c0b300e103200000cab300dc90020032
:10b6a40001000000002b2100104078000080fb0006
:10b6b400610060000000e00004003a0011c0b30023
:10b6c400000120000634020001000000630047006e
:10b6d4003300200000017800a1b42a004e08900035
:10b6e400653407000000e0002400320063004700d6
:10b6f400f29d02000100000020479800102b210059
:10b7040010407800ae40900080cf50001b00320003
:10b71400102b2100ae40900001487800102b21002e
:10b724009040780040c6b30080cf5000030036003c
:10b73400102b2100c1c3b3000148780025cb22009f
:10b7440044cb2200132b210012c0b300f1032000cc
:10b7540000cab300cc8f02000100000025cb2200f8
:10b7640044cb2200132b210012c0b300f1032000ac
:10b7740000cab300dc90020001000000630047002f
:10b78400230020000001780001b52a004e08900033
:10b79400393407000000e0002a003200630047004b
:10b7a400f29d020001000000204798002e40900006
:10b7b400e14f50000a003a00002b210010407800ad
:10b7c400804078000154a000002b2100014878003b
:10b7d4000040eb00d0b8020001000000090037006f
:10b7e400002b210010407800804078000154a10013
:10b7f400002b21000148780010c0b300d0b802002b
:10b804000100000025cb220044cb2200032b2100a1
:10b8140012c0b300e103200000cab300cc8f0200c1
:10b824000100000025cb220044cb2200032b210081
:10b8340012c0b300e103200000cab300dc90020090
:10b84400010000006300470023002000000178008d
:10b85400a1b52a004e089000073407000000e0005c
:10b864002400320063004700f29d02000100000042
:10b87400204798002e409000e14f500007003a0006
:10b88400002b210010407800804078000164a00063
:10b89400002b21000148780006003700002b21000e
:10b8a40010407800804078000164a100002b210042
:10b8b4000148780025cb220044cb2200032b210031
:10b8c40012c0b300e103200000cab300cc8f020011
:10b8d4000100000025cb220044cb2200032b2100d1
:10b8e40012c0b300e103200000cab300dc900200e0
:10b8f4000100000061b62a00f0b3200028d2020043
:10b9040001000000000f78009e007800f0b32000d2
:10b914000080400001b72a0028d202000100000084
:10b924001e0f40009e007800f0b32000808040008d
:10b93400002b21001040780012c0b300d2a00200f6
:10b94400010000001e0f40009e007800f0b32000ac
:10b954000080400061b72a0028d2020001000000e4
:10b964001e0f40009e007800f0b32000808040004d
:10b97400102b21001040780012c0b300d2a00200a6
:10b98400010000001e0f4000002b21001040780031
:10b994008080fb0000022000008060000000e000c6
:10b9a400080032009e007800f0b3200000804000c0
:10b9b400d1b72a0028d20200010000001e0f400067
:10b9c400070037009e007800f0b32000008040009c
:10b9d40091b82a0028d20200010000001e0f400086
:10b9e400002b2100104078008080fb000004200020
:10b9f400008060000000e000080032009e00780033
:10ba0400f0b320000080400051b92a0028d202007f
:10ba1400010000001e0f4000070037009e00780060
:10ba2400f0b320000080400031ba2a0028d202007e
:10ba3400010000001e0f4000f0b320001e00400073
:10ba44008040eb00014878000080fa000000060006
:10ba54008000fa00889fbe008a9fbe00603f980065
:10ba6400713f98000e80e800330020000001780048
:10ba740011bb2a006e3890007f3307000000e000fd
:10ba84000e0032000e80e80098a2020001000000bf
:10ba940080407800b02e21000148780025cb220098
:10baa40044cb2200b32e210012c0b3000138200081
:10bab40000cab300cc8f02000100000025cb220095
:10bac40044cb2200b32e210012c0b3000138200061
:10bad40000cab300dc900200010000000e80e80000
:10bae400330020000001780071bb2a006e389000fa
:10baf400613307000000e0000e0032000e80e80011
:10bb040098a202000100000080407800a02e2100cd
:10bb14000148780025cb220044cb2200a32e21002b
:10bb240012c0b3001138200000cab300cc8f020049
:10bb34000100000025cb220044cb2200a32e2100cb
:10bb440012c0b3001138200000cab300dc90020018
:10bb5400010000000e80e80043002000000178008e
:10bb6400d1bb2a006e389000433307000000e00088
:10bb74000e0032000e80e80098a2020001000000ce
:10bb840080407800c02e21000148780025cb220097
:10bb940044cb2200c32e210012c0b3002138200060
:10bba40000cab300cc8f02000100000025cb2200a4
:10bbb40044cb2200c32e210012c0b3002138200040
:10bbc40000cab300dc900200010000000e80e8000f
:10bbd400430020000001780031bc2a006e38900038
:10bbe400253307000000e0000e0032000e80e8005c
:10bbf40098a202000100000080407800d02e2100ad
:10bc04000148780025cb220044cb2200d32e21000a
:10bc140012c0b3003138200000cab300cc8f020038
:10bc24000100000025cb220044cb2200d32e2100aa
:10bc340012c0b3003138200000cab300dc90020007
:10bc4400010000000e80e80043002000000178009d
:10bc540091bc2a006e389000073307000000e00012
:10bc64000e0032000e80e80098a2020001000000dd
:10bc740080407800e02e21000148780025cb220086
:10bc840044cb2200e32e210012c0b300413820002f
:10bc940000cab300cc8f02000100000025cb2200b3
:10bca40044cb2200e32e210012c0b300413820000f
:10bcb40000cab300dc900200010000000e80e8001e
:10bcc4004300200000017800f1bc2a006e38900087
:10bcd400e93207000000e0000e0032000e80e800a8
:10bce40098a202000100000080407800f02e21009c
:10bcf4000148780025cb220044cb2200f32e2100fa
:10bd040012c0b3005138200000cab300cc8f020027
:10bd14000100000025cb220044cb2200f32e210099
:10bd240012c0b3005138200000cab300dc900200f6
:10bd340001000000f02e2100104078008085fb00f7
:10bd4400e02e2100104078000085fb00d02e210059
:10bd5400104078008084fb00c02e21001040780041
:10bd64000084fb00a02e2100104078008083fb009b
:10bd7400b02e2100104078000083fb00202f21000a
:10bd8400104078008082fb00102f210010407800c2
:10bd94000082fb00002f2100104078008081fb000e
:10bda40050da2000104078000001fb00602e2100d2
:10bdb400104078008080fb000e80e8008b1f780024
:10bdc4008a1f7800891f7800881f7800871f7800f1
:10bdd400861f7800851f7800841f7800831f7800f1
:10bde400821f7800811f780051bd2a00811f7800ce
:10bdf4009204020000000000f88757000e80e8005b
:10be040080007800f0b3200028d202000100000076
:10be1400000f7800f0b320001e0040008040eb00cb
:10be2400014878004f05be004f04be000080fa00b0
:10be3400000006000800fa00200798003107980067
:10be44000e80e800130020000001780001c52a00dc
:10be54002e009000883207000000e0000b00320042
:10be6400ae40900000c3b30080cf500004003a00fd
:10be7400a0d520008040eb00014878000300370083
:10be8400a0d52000e1c1b3000148780051c52a00c3
:10be9400f0b3200028d2020001000000000f780057
:10bea400a0358000620060000000e0000500320060
:10beb400f0b320001e00400011c3b3000148780015
:10bec40004003700f0b320001e00400001c3b3009b
:10bed400014878001e0fe800f0b320001e00400067
:10bee4008040eb00014878000080fa000000060062
:10bef4000800fa0020079800310798000000eb00c2
:10bf040010079800f3012000a2d2210021c62a00c4
:10bf14002e009000583207000000e00016003200a6
:10bf2400a0d22100aea0020001000000000f7800a2
:10bf340005003700a0d221001e0040008040eb0025
:10bf4400014878001e0fe8001e007800ff0f500023
:10bf5400f8ff3400a0d2210025cb220044cb2200dc
:10bf64008001780002c2b300414c200000cab30033
:10bf7400cc8f020001000000a0d2210025cb2200ba
:10bf840044cb22008001780002c2b300414c20005f
:10bf940000cab300dc9002000100000090d421002c
:10bfa4008040eb000148780071c62a00f0b32000fd
:10bfb40028d20200010000009e0090000080400092
:10bfc400100798009e009000f0b32000008040000d
:10bfd400a1d2210028d20200010000009e0090009e
:10bfe40000804000100798001e0090000000e80048
:10bff40010079800f1b320001e009000008040005c
:10c004008040eb00014878000080fa000000060040
:10c014002400fa0000179800111798000040eb0064
:10c02400004f78007e0047000001780021c72a00f5
:10c034000e1090009ad30200010000000000e000fe
:10c044000300320010c0b3002047980002003700fc
:10c054000040eb00204798006300470033002000b5
:10c0640000017800a1c72a000e10900002320700d8
:10c074000000e0000500320063004700f29d02006a
:10c0840001000000004f780002003700c0c3b30075
:10c09400004f78006300470013002000000178007f
:10c0a400f1c72a000e109000f33107000000e000f1
:10c0b4000500320063004700f29d02000100000009
:10c0c40010479800020037000040eb00104798002a
:10c0d40063004700930120000001780041c82a0052
:10c0e4000e109000e43107000000e000650032000b
:10c0f40063004700ae43900026c0b3008042eb00cb
:10c104000042eb009e4190001e4178008040eb000d
:10c114004a5202000100000091c82a00f0b3200036
:10c1240028d2020001000000700f98007e089000e1
:10c1340080007800f0b3200000804000e300470056
:10c1440028d2020001000000fe0890000100400017
:10c15400700f98007e08900080007800f0b32000f3
:10c164000080400061c92a0028d2020001000000ba
:10c17400fe08900001004000700f98007e089000b7
:10c1840080007800f0b320000080400012c0b300ab
:10c19400800078001e407800d2a002000100000058
:10c1a400fe08900001004000700f98007e08900087
:10c1b40080007800f0b3200000804000c1c92a004c
:10c1c40028d2020001000000fe0890000100400097
:10c1d400700f98007e08900080007800f0b3200073
:10c1e4000080400012c0b300800078001e40900020
:10c1f400d2a0020001000000fe08900001004000ef
:10c20400700f98007e08900080007800f0b3200042
:10c214000080400021ca2a0028d202000100000048
:10c22400fe08900001004000700f98007e08900006
:10c2340080007800f0b320000080400012c0b300fa
:10c24400800078002e409000d2a00200010000007f
:10c25400fe08900001004000700f98007e089000d6
:10c2640080007800f0b3200000804000a1ca2a00ba
:10c2740028d2020001000000fe08900001004000e6
:10c28400700f98000080fa00000006000c00fa000d
:10c2940040079800510798000040eb00004f7800d9
:10c2a4000040eb0010479800640047002300200082
:10c2b4000001780011cb2a004e0090006e31070077
:10c2c4000000e00006003200ce40900010c3b3002e
:10c2d40080cf500002003a0010c0b300104798000d
:10c2e40064004700230020000001780041cb2a00ad
:10c2f4004e009000603107000000e00009003200a9
:10c3040064004700f29d020001000000004f780025
:10c314009e4090001e4078000cd9020001000000ed
:10c32400004f780071cb2a00f0b3200028d202001d
:10c3340001000000100798009e009000f0b3200058
:10c34400008040000041eb00800078001e4078002f
:10c35400d2a00200010000009e0090000080400076
:10c36400100798000080fa00000006002600fa007a
:10c37400101798002117980066004700230020003a
:10c384000001780001cc2a001e1090003a31070009
:10c394000000e0008e01320066004700f29d0200ba
:10c3a40001000000304798003e409000e94f5000e3
:10c3b40087013e003e4090000080fb00200798006b
:10c3c4002e0090004600dd00200798002e0090000b
:10c3d4001004b000200798006600470013002000f6
:10c3e4000001780041cc2a001e1090002231070081
:10c3f4000000e0004e003200ee40900010c3b30095
:10c4040080cf50004a003a0066004700a201200095
:10c414008000eb00c804020000000000e6004700b2
:10c424002e0090006300400025cb220044cb220064
:10c4340081017800f2c0b3008000780000cab30024
:10c44400cc8f020001000000e60047002e0090009f
:10c454007200400025cb220044cb220081017800e9
:10c46400f2c0b3008000780000cab300cc8f020091
:10c474000100000066004700a20120008000eb00dc
:10c48400c804020000000000e60047002e009000ef
:10c494000000e80025cb220044cb22008101780073
:10c4a40012c0b3008000780000cab300cc8f020031
:10c4b40001000000e60047002e0090001002b000ca
:10c4c40025cb220044cb220081017800c2c0b300f6
:10c4d4008000780000cab300cc8f02000100000085
:10c4e400e60047002e0090000080e80025cb2200e3
:10c4f40044cb22008101780012c0b3008000780090
:10c5040000cab300cc8f020001000000660047009f
:10c5140025cb220044cb22008001780012c0b30056
:10c52400ae00900000cab300cc8f020001000000ee
:10c53400660047009301200000017800b1812a00c1
:10c544001e109000cc3007000000e0001300320001
:10c55400ee409000a0c5b30080cf500005003a0023
:10c5640066004700a20120008000eb00c80402001e
:10c5740000000000e60047002e0090006300400029
:10c5840024cb220043cb22000101780080007800f4
:10c5940000cab3002ed1020001000000660047006b
:10c5a400930120000001780011822a001e109000df
:10c5b400b13007000000e00013003200ee409000ac
:10c5c400a0c5b30080cf500005003a0066004700c4
:10c5d400a20120008000eb00c8040200000000005b
:10c5e400e60047002e0090007200400024cb220099
:10c5f40043cb2200010178008000780000cab30018
:10c604002ed1020001000000660047003300200024
:10c6140000017800d1822a001e1090009630070095
:10c624000000e0001000320066004700f29d0200a6
:10c6340001000000006798002e0090000000e80050
:10c64400010220008e80400025cb220044cb220032
:10c654008101780012c0b3008000780000cab300e2
:10c66400cc8f02000100000066004700c3002000d8
:10c674000001780091822a001e1090007e3007008d
:10c684000000e00014003200ee409000a0c5b300aa
:10c6940080cf500005003a0066004700a201200048
:10c6a4008000eb00c804020000000000e600470020
:10c6b4002e0090001002b00025cb220044cb2200b3
:10c6c40081017800c2c0b3008000780000cab300c2
:10c6d400cc8f0200010000006600470033002000f8
:10c6e4000001780051822a001e1090006230070079
:10c6f4000000e0001000320066004700f29d0200d6
:10c7040001000000006798002e0090000080e800ff
:10c71400010220008e80400025cb220044cb220061
:10c724008101780012c0b3008000780000cab30011
:10c73400cc8f0200010000000040eb00004f7800a5
:10c744000040eb00104798006600470043002000bb
:10c7540000017800b1802a001e10900046300700c6
:10c764000000e0002c0032000040eb00204798005d
:10c77400260037002e4090000080fb000000470098
:10c78400604090000000fb0001032000810f500076
:10c794000600320011032000810f50000c0032000b
:10c7a4000000e00013003200150037002e40900016
:10c7b4000080fb00210020000008dd00804078009c
:10c7c4001e40900000c07000104798000c00370015
:10c7d4002e4090000080fb00210020000008dd00b6
:10c7e400804078001e40780000c07000004f780040
:10c7f4000300370040c0b300204798000000000049
:10c804002e4090000040e800204798002e40900001
:10c81400e34f5000d7ff36006600470013002000a6
:10c8240000017800f1802a001e10900012300700e9
:10c834000000e0000f0032006e4090000000fb009a
:10c8440001032000810f5000040032001103200076
:10c85400810f500005003200060037001e40900092
:10c864000054a00010479800020037001e54a00096
:10c87400000000006600470013002000000178005b
:10c8840031812a001e109000fb2f07000000e000f9
:10c894000f0032006e4090000000fb0001032000f6
:10c8a400810f50000400320011032000810f50005a
:10c8b40005003200060037001e4090000004a0006e
:10c8c40010479800020037001e04a000000000007a
:10c8d40066004700130020000001780071812a00df
:10c8e4001e109000e42f07000000e0000f0032004b
:10c8f4006e4090000000fb0001032000810f5000f7
:10c904000400320011032000810f500005003200a2
:10c91400060037001e4090000064a00010479800f5
:10c92400020037001e64a000000000001e407800d2
:10c934000004e00003003a001e4090000004e00000
:10c94400210032006600470025cb220044cb2200a0
:10c954008001780012c0b300ae00900000cab3009a
:10c96400dc900200010000006e40900070479800c7
:10c97400ee4090001e40780000c0700060479800b0
:10c98400ee4090001e40900000c0ea0000c060002d
:10c9940060479800fe4090006e40900080cf5000a9
:10c9a400090032006600470025cb220044cb220058
:10c9b4008001780012c0b300ae00900000cab3003a
:10c9c400cc8f0200010000003e4090009ff307005e
:10c9d4000080fa00000006005000fa00602798006a
:10c9e400712798004300200002fe2000c1cc2a00d9
:10c9f4006e209000a02f07000000e0000e0032001f
:10ca040000fe2000f29d02000100000020cf9800eb
:10ca1400a00420000e00400025cb220044cb2200bd
:10ca24008001780012c0b300d101200000cab30015
:10ca3400cc8f020001000000a00420000e00400082
:10ca440025cb220044cb22008001780012c0b30021
:10ca5400d101200000cab300dc90020001000000f4
:10ca64002ec890000080fb00b06a8800b16a800084
:10ca7400c00320000088b90000007800b06a880074
:10ca84003300200002fe200011cd2a006e20900009
:10ca9400792f07000000e0000b00320000fe2000a8
:10caa4009040780010c3b30000c068000080fb0011
:10cab4000000e9004f00de0000407800804078006c
:10cac40000c8b30022f307003300200002fe200058
:10cad40061cd2a006e209000672f07000000e0005f
:10cae4000b00320000fe20009040780010c3b30019
:10caf40000c068000080fb000000e9004f00de0079
:10cb0400004078008040780000c2b30010f30700b2
:10cb14005300200002fe2000b1cd2a006e209000b8
:10cb2400552f07000000e0001b00320000fe20002b
:10cb340098a202000100000040279800ce20900037
:10cb440050568100808f5000130032008004200072
:10cb54000e00400025cb220044cb22008001780047
:10cb640022c0b300512f200000cab300cc8f0200b2
:10cb740001000000a0ac220025cb220044cb2200ff
:10cb84008001780022c0b300512f200000cab300f6
:10cb9400dc900200010000003300200002fe2000af
:10cba40011ce2a006e209000332f07000000e00011
:10cbb4001500320000fe2000f29d0200010000007a
:10cbc400c1ac22008048780025cb220044cb22004f
:10cbd400c3ac220012c0b300712f200000cab300fe
:10cbe400cc8f02000100000025cb220044cb2200a0
:10cbf400c3ac220012c0b300712f200000cab300de
:10cc0400dc900200010000003300200002fe20003e
:10cc140071ce2a006e209000172f07000000e0005c
:10cc24001500320000fe2000f29d02000100000009
:10cc3400d1ac22008048780025cb220044cb2200ce
:10cc4400d3ac220012c0b300812f200000cab3006d
:10cc5400cc8f02000100000025cb220044cb22002f
:10cc6400d3ac220012c0b300812f200000cab3004d
:10cc7400dc900200010000003300200002fe2000ce
:10cc8400d1ce2a006e209000fb2e07000000e000a9
:10cc94001500320000fe2000f29d02000100000099
:10cca400e1ac22008048780025cb220044cb22004e
:10ccb400e3ac220012c0b300912f200000cab300dd
:10ccc400cc8f02000100000025cb220044cb2200bf
:10ccd400e3ac220012c0b300912f200000cab300bd
:10cce400dc900200010000003300200002fe20005e
:10ccf40031cf2a006e209000df2e07000000e000f4
:10cd04001500320000fe2000f29d02000100000028
:10cd1400f1ac22008048780025cb220044cb2200cd
:10cd2400f3ac220012c0b300a12f200000cab3004c
:10cd3400cc8f02000100000025cb220044cb22004e
:10cd4400f3ac220012c0b300a12f200000cab3002c
:10cd5400dc900200010000003300200002fe2000ed
:10cd640091cf2a006e209000c32e07000000e0003f
:10cd74001300320000fe2000f29d020001000000ba
:10cd840070c798007ec09000e44f500002003e003f
:10cd9400e0c1b30070c79800700420000e0040008a
:10cda40025cb220044cb22008001780012c0b300be
:10cdb4006103200000cab300cc8f02000100000010
:10cdc400e00320000e004000530020000001780022
:10cdd400d1cf2a006e209000a72e07000000e000ab
:10cde40028003200e00320000e00400010079800e5
:10cdf4000040eb0060c79800600420000e00400073
:10ce040080017800c2dc2000a1c3b3001e009000a2
:10ce140054d40200010000000000e00019003200b8
:10ce24006ec090000000fb000000e8009e0090002f
:10ce34000080400010079800600420000e004000ad
:10ce440080017800d2dc200001c2b3001e009000f3
:10ce540054d40200010000000000e0000900320088
:10ce6400c0dc200025cb220044cb220080017800c6
:10ce740022c0b300b101200000cab300cc8f02006d
:10ce8400010000000000eb002007980033002000a0
:10ce940002fe200021d02a006e209000762e07008a
:10cea4000000e0001600320000fe2000f29d0200a7
:10ceb4000100000031d720008048780030d72000de
:10cec4009040780020d720001040780080cf500098
:10ced4000300310030d7200001c1b30001487800bd
:10cee40025cb220044cb220033d7200012c0b3004c
:10cef4004141200000cab300cc8f020001000000b1
:10cf040025cb220044cb220033d7200012c0b3002b
:10cf14004141200000cab300dc900200010000007f
:10cf24003300200002fe200081d02a006e209000f1
:10cf3400512e07000000e0001600320000fe200021
:10cf4400f29d02000100000021d7200080487800f3
:10cf540020d720009040780030d72000104078007f
:10cf640080cf50000300360020d72000a1c0b300ba
:10cf74000148780025cb220044cb220023d720008f
:10cf840012c0b3003141200000cab300cc8f0200ac
:10cf94000100000025cb220044cb220023d720002f
:10cfa40012c0b3003141200000cab300dc9002007b
:10cfb40001000000c0dc200025cb220044cb22006d
:10cfc4008001780022c0b300b101200000cab30080
:10cfd400dc900200010000004301200002fe20005a
:10cfe40021c62a006e209000232e07000000e000d6
:10cff4000900320000fe200025cb220044cb220091
:10d004008001780042c1b3004100200000cab3008f
:10d01400cc8f020001000000420120008000eb00e0
:10d0240000fe2000c80402000000000000fe2000f2
:10d0340025cb220044cb22008001780042c1b300fa
:10d044004100200000cab300dc900200010000008f
:10d0540040ff20008040eb0001487800a00320003e
:10d064000e004000330020000001780041a52a0092
:10d074006e209000002e07000000e0000a0032003d
:10d08400a00320000e00400025cb220044cb220048
:10d094008001780032c0b3008101200000cab300cf
:10d0a400cc8f020001000000a00320000e0040000d
:10d0b400320020008000eb00c804020000000000e1
:10d0c400a00320000e00400025cb220044cb220008
:10d0d4008001780032c0b3008101200000cab3008f
:10d0e400dc900200010000000040eb00507f98003b
:10d0f400660047009301200000017800e1d02a0077
:10d104006e209000dc2d07000000e00032003200a9
:10d11400000220000e004000920120008000eb007d
:10d12400c804020000000000000220000e004000bd
:10d1340024cb220043cb22000001780061022000ae
:10d1440000cab300c0d00200010000000040eb00a0
:10d15400107f9800e6004700000220000e00400007
:10d16400a4050200000000000000e0001a003200e4
:10d174006600470024cb220043cb22000001780044
:10d184006102200000cab3002ed102000100000099
:10d1940010b3200011c0b3000148780040042000ff
:10d1a4000e00400031842a0028d202000100000051
:10d1b400400420000e00400025cb220044cb220076
:10d1c4008001780012c0b3005103200000cab300ec
:10d1d400cc8f02000100000066004700920120008d
:10d1e4008000eb00c8040200000000006600470055
:10d1f40024cb220043cb22000001780061022000ee
:10d2040000cab300c0d00200010000000040eb00df
:10d21400705f9800400420000e00400022002000af
:10d224008000eb00c804020000000000400420005d
:10d234000e00400025cb220044cb22008001780060
:10d2440012c0b3005103200000cab300dc900200f6
:10d25400010000000040eb0050c79800700420005b
:10d264000e00400025cb220044cb22008001780030
:10d2740012c0b3006103200000cab300dc900200b6
:10d284000100000025cb220044cb220033d720002c
:10d2940012c0b3004141200000cab300dc90020078
:10d2a4000100000025cb220044cb220023d720001c
:10d2b40012c0b3003141200000cab300dc90020068
:10d2c4000100000031d12a00f0b3200028d202006e
:10d2d40001000000000f78009e007800f0b32000e9
:10d2e4000080400001fe200028d20200010000005e
:10d2f4001e0f40009e007800f0b320000080400024
:10d3040001d22a0028d20200010000001e0f4000b2
:10d314009e007800f0b3200000804000a1032000ac
:10d324008e80400028d20200010000001e0f400041
:10d334009e007800f0b320000080400071d22a00e3
:10d3440028d20200010000001e0f40009e00780059
:10d35400f0b3200080804000c0dc20001040780042
:10d3640022c0b300d2a00200010000001e0f400042
:10d374009e007800f0b3200000804000e1892a007c
:10d3840028d20200010000001e0f40009e00780019
:10d39400f0b3200080804000d0dc200010407800f2
:10d3a40022c0b300d2a00200010000001e0f400002
:10d3b4009e007800f0b3200000804000d1d22a0003
:10d3c40028d20200010000001e0f40009e007800d9
:10d3d400f0b32000808040002ec8900022c0b3002b
:10d3e400d2a00200010000001e0f40009e00780041
:10d3f400f0b320000080400031d32a0028d202007c
:10d40400010000001e0f40009e007800f0b32000d1
:10d4140000804000e600470028d20200010000001e
:10d424001e0f40009e007800f0b3200000804000f2
:10d4340091d32a0028d20200010000001e0f4000f0
:10d444009e007800f0b32000808040007ec09000f1
:10d454000041eb00d2a00200010000001e0f4000ba
:10d464009e007800f0b3200000804000e1d32a0041
:10d4740028d20200010000001e0f40009e00780028
:10d48400f0b3200000804000410420008e80400062
:10d4940028d20200010000001e0f40009e00780008
:10d4a400f0b320000080400031d42a0028d20200ca
:10d4b400010000001e0f40009e007800f0b3200021
:10d4c4008080400050568100049f0200010000004b
:10d4d4001e0f40009e007800f0b320000080400042
:10d4e400a1d42a0028d20200010000001e0f40002f
:10d4f400e0d82000104078000004e00008003d005f
:10d504009e007800f0b320000080400011842a00bf
:10d5140028d20200010000001e0f4000070037005f
:10d524009e007800f0b320000080400031842a007f
:10d5340028d20200010000001e0f40009e00780067
:10d54400f0b320000080400001d52a0028d2020058
:10d55400010000001e0f40009e007800f0b3200080
:10d5640080804000c0ac2200104078000041eb00f5
:10d57400d2a00200010000001e0f40009e007800af
:10d58400f0b320000080400071d52a0028d20200a8
:10d59400010000001e0f40009e007800f0b3200040
:10d5a40080804000d0ac2200104078000041eb00a5
:10d5b400d2a00200010000001e0f40009e0078006f
:10d5c400f0b3200000804000e1d52a0028d20200f8
:10d5d400010000001e0f40009e007800f0b3200000
:10d5e40080804000e0ac2200104078000041eb0055
:10d5f400d2a00200010000001e0f40009e0078002f
:10d60400f0b320000080400051d62a0028d2020046
:10d61400010000001e0f40009e007800f0b32000bf
:10d6240080804000f0ac2200104078000041eb0004
:10d63400d2a00200010000001e0f40009e007800ee
:10d64400f0b3200000804000c1d62a0028d2020096
:10d65400010000001e0f4000e0d8200010407800b8
:10d664008080fb0000022000008060000000e000d9
:10d67400080032009e007800f0b3200000804000d3
:10d6840011842a0028d20200010000001e0f40006d
:10d69400070037009e007800f0b3200000804000af
:10d6a40031842a0028d20200010000001e0f40002d
:10d6b4009e007800f0b320000080400021d72a00ab
:10d6c40028d20200010000001e0f40009e007800d6
:10d6d400f0b320008080400030d720001040780054
:10d6e40022c0b300d2a00200010000001e0f4000bf
:10d6f4009e007800f0b320000080400091d72a00fb
:10d7040028d20200010000001e0f40009e00780095
:10d71400f0b320008080400020d720001040780023
:10d7240022c0b300d2a00200010000001e0f40007e
:10d734000080fa00000006000e00fa00500798006e
:10d74400610798006e0090000000e00013003a00aa
:10d7540064004700430020000001780001d82a003b
:10d764005e009000442c07000000e0000b00320033
:10d774000040eb00004f98006400470025cb2200d6
:10d7840044cb22008001780042c0b3008000eb004b
:10d7940000cab300cc8f02000100000064004700ff
:10d7a400420020008000eb00c804020000000000da
:10d7b4006400470025cb220044cb2200800178007e
:10d7c40042c0b3008000eb0000cab300dc9002004a
:10d7d400010000000040eb00004f98006400470087
:10d7e400c52c0700004f780051d82a00f0b3200060
:10d7f40028d2020001000000100798009e0090004b
:10d80400f0b3200000804000e400470028d202006a
:10d81400010000009e009000008040001007980066
:10d824009e009000f0b320000080400021d92a001f
:10d8340028d20200010000009e00900000804000f9
:10d84400100798009e009000f0b320000080400074
:10d854000041eb00800078001e407800d2a0020056
:10d86400010000009e009000008040001007980016
:10d874000080fa00000006000a00fa00004f980039
:10d884000e489000e34f500030003e000e489000d8
:10d894000080fb00000f78001e0078006500b900ce
:10d8a40000007800000f7800504120001e0f400057
:10d8b4000e80e80025cb220044cb220080017800b2
:10d8c40052c0b3009e00780000cab300dc9002008e
:10d8d400010000000e4890000080fb00ae40900064
:10d8e400c2db20004200dd00000041000148780056
:10d8f4000e4890000080fb00be409000d2db200068
:10d904004200dd0000004100014878000e4890000c
:10d914000080fb00ce409000c2db20004200dd000e
:10d92400000041000080e800014878000e489000a3
:10d934000080fb00de409000d2db20004200dd00ce
:10d94400000041000080e800014878000080fa00ef
:10d95400000006000400fa00204798002e409000c2
:10d96400e34f50005e003e002e409000c2ff0700cf
:10d9740071d92a00f0b3200028d20200010000006f
:10d98400000f78009e007800f0b3200080804000f3
:10d994002e4090000040e8000041eb00d2a00200bd
:10d9a400010000001e0f40009e007800f0b320002c
:10d9b4000080400001da2a0028d2020001000000a1
:10d9c4001e0f40009e007800f0b3200080804000cd
:10d9d4002e4090000080fb004200dd00c2db2000ee
:10d9e400624078000041eb00d2a002000100000078
:10d9f4001e0f40009e007800f0b32000008040001d
:10da040031812a0028d20200010000001e0f4000cc
:10da14009e007800f0b32000808040002e409000eb
:10da24000080fb004200dd00d2db20006240780071
:10da34000041eb00d2a00200010000001e0f4000d4
:10da44009e007800f0b320000080400051822a003c
:10da540028d20200010000001e0f40009e00780042
:10da6400f0b32000808040002e4090000080fb0036
:10da74004200dd000080e800c2db20006240780044
:10da84000041eb00d2a00200010000001e0f400084
:10da94009e007800f0b3200000804000f1802a004e
:10daa40028d20200010000001e0f40009e007800f2
:10dab400f0b32000808040002e4090000080fb00e6
:10dac4004200dd000080e800d2db200062407800e4
:10dad4000041eb00d2a00200010000001e0f400034
:10dae4000080fa00000006000e00fa0050079800bb
:10daf40061079800640047002300200000017800bb
:10db040011822a005e0090005b2b07000000e000f9
:10db14008b00320064004700f29d02000100000007
:10db2400004f78001e4078000004e00084003200ba
:10db34001e407800e44f500081003e001e4fe90073
:10db44001e80fb00100798001e0090006500b900bd
:10db540000007800100798009e00900050412000bb
:10db64000080400010079800640047003300200044
:10db74000001780001da2a005e0090003e2b0700c5
:10db84000000e0000d00320064004700f29d020036
:10db940001000000004f98006800470025cb2200d8
:10dba40044cb22008001780012c0b3009e00900094
:10dbb40000cab300cc8f02000100000064004700db
:10dbc400330020000001780031812a005e009000bb
:10dbd400292b07000000e0000f003200640047001a
:10dbe400f29d020001000000004f98001e0090000a
:10dbf4000000e800e800470025cb220044cb2200c7
:10dc04008101780012c0b3008000780000cab3001c
:10dc1400cc8f0200010000006400470033002000a4
:10dc24000001780051822a005e009000122b070048
:10dc34000000e0000f00320064004700f29d020083
:10dc440001000000004f98001e0090000080e800d2
:10dc5400e800470025cb220044cb22008101780054
:10dc640012c0b3008000780000cab300cc8f020059
:10dc74000100000064004700330020000001780028
:10dc8400f1802a005e009000fb2a07000000e000fb
:10dc94002900320064004700f29d020001000000e8
:10dca400004f98000e489000e14f500010003a00d9
:10dcb40064004700f29d020001000000004f98003c
:10dcc4001e00900063004000e800470025cb2200be
:10dcd40044cb22008101780012c0b3008000780098
:10dce40000cab300cc8f020001000000120037000c
:10dcf4000e4890000004e0000f003a006400470062
:10dd0400f29d020001000000004f98001e009000e8
:10dd140063004000e800470025cb220044cb2200ea
:10dd24008101780012c0b3008000780000cab300fb
:10dd3400cc8f0200010000001e40780005ff0700a0
:10dd44000080fa00000006000c00fa00400798006a
:10dd5400510798000e80e8001300200000017800ad
:10dd640041da2a004e009000c32a07000000e000b8
:10dd7400140032000e80e800f29d02000100000051
:10dd84000080fb00000f78009e0078006180600036
:10dd9400004078000004e000030032006000b80096
:10dda400b00d8900c10d89009e007800628060007a
:10ddb4000000e000030032006000b800004f89005a
:10ddc400114f89000e80e800330020000001780024
:10ddd40091da2a004e009000a72a07000000e00014
:10dde4001a0032000e80e800f29d020001000000db
:10ddf40060479800ee40900000ad2200104078008b
:10de040080cf5000110032006600470025cb22006d
:10de140044cb22008001780012c0b300b12f20004f
:10de240000cab300cc8f02000100000025cb220001
:10de340044cb220003ad220012c0b300b12f200056
:10de440000cab300dc90020001000000e1da2a00fd
:10de5400f0b3200028d2020001000000000f780077
:10de64009e007800f0b3200000814000b00d8100d6
:10de7400c10d8100c3c0b30096a1020001000000df
:10de84001e0f40009e007800f0b320000080400088
:10de940011852a0028d20200010000001e0f400054
:10dea4009e007800f0b3200000814000004f810004
:10deb400114f8100c3c0b30096a10200010000000d
:10dec4001e0f40009e007800f0b320000080400048
:10ded40091db2a0028d20200010000001e0f40003e
:10dee4009e007800f0b3200080804000a01b220038
:10def400104078000041eb00d2a0020001000000b5
:10df04001e0f40009e007800f0b320000080400007
:10df1400e1db2a0028d20200010000001e0f4000ad
:10df24009e007800f0b3200080804000b01b2200e7
:10df3400104078000041eb00d2a002000100000074
:10df44001e0f40009e007800f0b3200000804000c7
:10df540031dc2a0028d20200010000001e0f40001c
:10df64009e007800f0b3200080804000409e220094
:10df7400104078000041eb00d2a002000100000034
:10df84001e0f40009e007800f0b320000080400087
:10df940081dc2a0028d20200010000001e0f40008c
:10dfa4009e007800f0b3200080804000509e220044
:10dfb400104078000041eb00d2a0020001000000f4
:10dfc4001e0f40009e007800f0b320000080400047
:10dfd400d1dc2a0028d20200010000001e0f4000fc
:10dfe4009e007800f0b3200080804000609e2200f4
:10dff400104078000041eb00d2a0020001000000b4
:10e004001e0f40009e007800f0b320000080400006
:10e0140031dd2a0028d20200010000001e0f40005a
:10e024009e007800f0b3200080804000709e2200a3
:10e03400104078000041eb00d2a002000100000073
:10e044001e0f40009e007800f0b3200000804000c6
:10e0540091dd2a0028d20200010000001e0f4000ba
:10e064009e007800f0b3200080804000809e220053
:10e07400104078000041eb00d2a002000100000033
:10e084001e0f40009e007800f0b320000080400086
:10e09400f1dd2a0028d20200010000001e0f40001a
:10e0a4009e007800f0b3200080804000909e220003
:10e0b400104078000041eb00d2a0020001000000f3
:10e0c4001e0f40009e007800f0b320000080400046
:10e0d40051de2a0028d20200010000001e0f400079
:10e0e4009e007800f0b320008080400000ad220044
:10e0f400104078000041eb00d2a0020001000000b3
:10e104001e0f40000040eb00fe280200010000004a
:10e11400204798009e007800f0b320000080400063
:10e12400b1de2a0028d20200010000001e0f4000c8
:10e134009e007800f0b32000808040002e409000c4
:10e144000041eb00d2a00200010000001e0f4000bd
:10e154000080fa00000006000600fa00100798008c
:10e164002107980001df2a00f0b3200028d2020022
:10e1740001000000000f78009e007800f0b320003a
:10e184000080400091df2a0028d202000100000034
:10e194001e0f40009e007800f0b3200080804000f5
:10e1a400d0958000049f0200010000001e0f400073
:10e1b4009e007800f0b320000080400001e02a00b7
:10e1c40028d20200010000001e0f40009e007800cb
:10e1d400f0b320000081400090958000a19580005c
:10e1e4000000780082007800049f02000100000013
:10e1f4001e0f40009e007800f0b320000080400015
:10e2040071e02a0028d20200010000001e0f400025
:10e214009e007800f0b3200080804000b09580001c
:10e22400049f0200010000001e0f40009e007800c1
:10e23400f0b3200000804000f1e02a0028d2020060
:10e24400010000001e0f40009e007800f0b3200083
:10e2540080804000c0958000049f020001000000ff
:10e264001e0f40009e007800f0b3200000804000a4
:10e2740071e12a0028d20200010000001e0f4000b4
:10e284009e007800f0b3200080804000a0968000bb
:10e29400049f0200010000001e0f40009e00780051
:10e2a400f0b3200000804000f1e12a0028d20200ef
:10e2b400010000001e0f40009e007800f0b3200013
:10e2c4000081400060968000719680000000780014
:10e2d40082007800049f0200010000001e0f40002d
:10e2e4009e007800f0b320000080400061e22a0024
:10e2f40028d20200010000001e0f40009e0078009a
:10e30400f0b320008080400080968000049f0200cb
:10e31400010000001e0f40009e007800f0b32000b2
:10e3240000804000e1e22a0028d20200010000003f
:10e334001e0f40009e007800f0b320008080400053
:10e3440090968000049f0200010000001e0f400010
:10e354000080fa00000006000400fa00000f7800b4
:10e3640011079800f0b320006a3402000100000095
:10e374000080fa00000006000600fa00100798006a
:10e384002107980061e32a00f0b3200028d202009c
:10e3940001000000000f78009e007800f0b3200018
:10e3a40000804000f1e32a0028d2020001000000ae
:10e3b4001e0f40009e007800f0b3200080804000d3
:10e3c40080bb21001040780012c0b300d2a002002c
:10e3d400010000001e0f40009e007800f0b32000f2
:10e3e4000080400091e42a0028d2020001000000cd
:10e3f4001e0f40009e007800f0b320000081400012
:10e40400b0068100c1068100000078008200780017
:10e41400049f0200010000001e0f40009e007800cf
:10e42400f0b320000080400001e52a0028d2020059
:10e43400010000001e0f40009e007800f0b3200091
:10e4440080804000204981004500de006740600074
:10e4540012c0b300d2a00200010000001e0f400051
:10e464009e007800f0b320000080400081e52a007f
:10e4740028d20200010000001e0f40009e00780018
:10e48400f0b320008080400050d820001040780075
:10e4940012c0b300d2a00200010000001e0f400011
:10e4a40050d72000104078000004e000080032003b
:10e4b4009e007800f0b320000080400041e62a006e
:10e4c40028d20200010000001e0f400007003700a0
:10e4d4009e007800f0b3200000804000e1e62a00ae
:10e4e40028d20200010000001e0f40009e007800a8
:10e4f400f0b320000080400081e72a0028d2020007
:10e50400010000001e0f40009e007800f0b32000c0
:10e5140080804000801f220010007800614060006d
:10e5240012c0b300d2a00200010000001e0f400080
:10e534009e007800f0b320000080400061e82a00cb
:10e5440028d20200010000001e0f40009e00780047
:10e55400f0b3200080804000801f2200100078006b
:10e564000000d1006140600012c0b300d2a00200dc
:10e57400010000001e0f40009e007800f0b3200050
:10e584000080400041e92a0028d202000100000076
:10e594001e0f4000801f2200704090000004e00025
:10e5a40007003200801f22007040900080407800f5
:10e5b400f0b320001e00400001487800040037003a
:10e5c400f0b320001e004000a1c7b300014878004a
:10e5d4001e0fe800f0b320001e0040008040eb0056
:10e5e400014878000080fa00000006001400fa00d8
:10e5f40070079800010f9800225798000300370015
:10e604007e0090000000e800700798007e009000f3
:10e61400104078000004e0000a0032007e00900000
:10e624009040780000c2b30080cf5000f4ff3a005d
:10e63400050037007e0090000000e8007007980095
:10e6440001003700000000007e0090009040780038
:10e6540000c2b30080cf5000f6ff32007e0090006d
:10e66400104078000004e000900032000e80e800c2
:10e67400720020008000eb00c804020000000000cb
:10e684000040eb00104f9800e90047000e80e800be
:10e69400630040008101780000017800f1c2b300fa
:10e6a4007e00900054d40200010000000000e0004d
:10e6b4007e0032001e4890000000fb000000e800cd
:10e6c400fe0090000080400070079800e9004700b9
:10e6d4006a0047008101780000017800f1c2b300ac
:10e6e4007e00900054d40200010000000000e0000d
:10e6f4006e0032002e489000604798001e4890003b
:10e704000000fb000000e800fe00900000804000d4
:10e7140070079800e90047000e80e800660040009a
:10e72400810178000001780001c2b3007e009000ee
:10e7340054d40200010000000000e0005b0032003d
:10e744001e4890000000fb00fe0090000080400086
:10e7540070079800030037007e0090000000e80076
:10e76400700798007e0090009040780000c2b300cb
:10e7740080cf5000f8ff3200e90047000e80e80027
:10e784008101780000017800a1c3b3007e009000ed
:10e7940054d40200010000000000e00043003200f5
:10e7a4001e4890000000fb000000e800fe009000fe
:10e7b4000080400070079800e90047000e80e800e0
:10e7c4000000e8008101780000017800a1c3b300d3
:10e7d4007e00900054d40200010000000000e0001c
:10e7e400320032001e4890000000fb000000e800e8
:10e7f400fe0090000080400070079800e900470088
:10e804000e80e8000080e8008101780000017800b3
:10e8140001c2b3007e00900054d402000100000045
:10e824000000e000210032002e5090000004e000bf
:10e83400060032005e409000204f98000e48900081
:10e84400504798002e489000004f98006b004700f6
:10e854001300200000017800e1e92a007e00900006
:10e86400052807000000e000060032003e48900042
:10e874008040780000cdb30000c04000204f9800d5
:10e884000200370000c0eb00204f98002e48900093
:10e89400704798000e80e800a49302000100000075
:10e8a400e0042100f6920200010000002e509000c6
:10e8b4000004e0003f003a0060aa22001040780003
:10e8c4000004e0003b003a00e0042100f69202005c
:10e8d4000100000031ea2a00f0b3200028d202002f
:10e8e40001000000000f78009e007800f0b32000c3
:10e8f4000080400080007800e0042100a2ee0700c0
:10e904000080fb001e0f40009e007800f0b3200042
:10e9140000804000e1e92a0028d202000100000042
:10e924001e0f40009e007800f0b32000808040005d
:10e93400300521001040780012c0b300d2a00200bc
:10e94400010000001e0f40009e007800f0b320007c
:10e954000080400091ea2a0028d202000100000051
:10e964001e0f40009e007800f0b32000808040001d
:10e9740030052100104078000000fb001200200048
:10e984000010dd000040780012c0b300d2a00200e5
:10e99400010000001e0f40009e007800f0b320002c
:10e9a4000080400001eb2a0028d202000100000090
:10e9b4001e0f40000080fa00000006001000fa005c
:10e9c4006007980071079800640047001300200056
:10e9d4000001780001c52a006e009000a6270700f8
:10e9e4000000e0000500320064004700f29d0200d0
:10e9f40001000000004f7800020037000040eb00e7
:10ea0400004f780021eb2a00f0b3200028d2020046
:10ea140001000000100798009e009000f0b3200051
:10ea2400008040000041eb00800078001e40780028
:10ea3400d2a00200010000009e009000008040006f
:10ea4400100798001e4078000004e0000700320020
:10ea5400a0d52000e1c1b3000148780000c5b3008f
:10ea64000cb702000100000003003700a0d520000d
:10ea74008040eb00014878000080fa0000000600a6
:10ea8400ca00fa0030a7980041a798000040eb00a4
:10ea9400104798000040eb0040c799006900470008
:10eaa4003300200000017800e1eb2a003ea0900032
:10eab400712707000000e000080032009e48900023
:10eac40010c3b30080cf500004003a006f00470029
:10ead400cea09000cf150700cc1537006900470081
:10eae400430020000001780051ec2a003ea0900071
:10eaf400612707000000e0000800320069004700b9
:10eb040016a3020001000000018020008048780064
:10eb140000c5b3000cb70200010000006900470003
:10eb24004300200000017800a1ec2a003ea09000e0
:10eb3400512707000000e000080032006900470088
:10eb440016a3020001000000118020008048780014
:10eb540000c5b3000cb70200010000000040eb0048
:10eb6400004f78006900470033002000000178005e
:10eb7400f1ec2a003ea090003f2707000000e000cf
:10eb84008903320069004700f29d02000100000081
:10eb9400004f9800b0d52000104078000080fb00a2
:10eba4000000e8000000e00022003500b0d520009d
:10ebb400104078000080fb008000e8004006200040
:10ebc400808f50001b003c009e489000b0c2b300f0
:10ebd40080cf500017003a00b0d5200010407800d4
:10ebe4008040e800b0d520000148780025cb220001
:10ebf40044cb2200b3d5200012c0b300f1012000a1
:10ec040000cab300cc8f02000100000025cb220013
:10ec140044cb2200b3d5200012c0b300f101200080
:10ec240000cab300dc9002000100000010c0b30071
:10ec3400004f7800b0d52000104078000080fb0021
:10ec44000000e9000000e00022003500b0d52000fb
:10ec5400104078000080fb008000e900400620009e
:10ec6400808f50001b003c009e489000d0c2b3002f
:10ec740080cf500017003a00b0d520001040780033
:10ec84008040e900b0d520000148780025cb22005f
:10ec940044cb2200b3d5200012c0b300f101200000
:10eca40000cab300cc8f02000100000025cb220073
:10ecb40044cb2200b3d5200012c0b300f1012000e0
:10ecc40000cab300dc9002000100000010c0b300d1
:10ecd400004f78008e48900040c6b30080cf5000ab
:10ece40039033e00b0d52000904078000e489000d3
:10ecf40080cf5000340332009e489000b0c2b3006d
:10ed040080cf5000300332009e489000d0c2b30040
:10ed140080cf50002c0332008e489000b0d52000e4
:10ed24000148780025cb220044cb2200b3d5200033
:10ed340012c0b300f101200000cab300cc8f02005e
:10ed44000100000025cb220044cb2200b3d52000d3
:10ed540012c0b300f101200000cab300dc9002002d
:10ed64000100000010c0b300004f78000040eb0029
:10ed7400204798008e48900021479800ae409000ac
:10ed840020c5b30080cf5000fe013e002e4090000d
:10ed94000004e00002003a00a0cbb30030c79900a1
:10eda4002e409000e14f500002003a0020cab30008
:10edb40030c799002e409000e24f500002003a0004
:10edc40000cab30030c799002e409000e34f5000b2
:10edd40002003a00e0c9b30030c799002e40900009
:10ede400e44f500002003a00c0c9b30030c7990094
:10edf4002e409000e54f500002003a00a0c9b30035
:10ee040030c799002e409000e64f500002003a00af
:10ee140080c9b30030c799002e409000e74f5000de
:10ee240002003a0060c9b30030c799002e40900038
:10ee3400e84f500002003a0040c9b30030c79900bf
:10ee44002e409000e94f500002003a0020c9b30060
:10ee540030c799002e409000ea4f500002003a005b
:10ee640000c9b30030c799002e409000eb4f50000a
:10ee740002003a00e0c8b30030c799002e40900069
:10ee8400ec4f500002003a00c0c8b30030c79900ec
:10ee94002e409000ed4f500002003a00a0c8b3008d
:10eea40030c799002e409000ee4f500002003a0007
:10eeb40080c8b30030c799002e409000ef4f500037
:10eec40002003a0060c8b30030c799002e40900099
:10eed400f04f500002003a0040c8b30030c7990018
:10eee4002e409000f14f500002003a0020c8b300b9
:10eef40030c799002e409000f24f500002003a00b3
:10ef040000c8b30030c799002e409000f34f500062
:10ef140002003a00e0c7b30030c799002e409000c9
:10ef2400f44f500002003a00c0c7b30030c7990044
:10ef34002e409000f54f500002003a00a0c7b300e5
:10ef440030c799002e409000f64f500002003a005e
:10ef540080c7b30030c799002e409000f74f50008f
:10ef640002003a0060c7b30030c799002e409000f9
:10ef7400f84f500002003a0040c7b30030c7990070
:10ef84002e409000f94f500002003a0020c7b30011
:10ef940030c799002e409000fa4f500002003a000a
:10efa40000c7b30030c799002e409000fb4f5000bb
:10efb40002003a00e0c6b30030c799002e4090002a
:10efc400fc4f500002003a00c0c6b30030c799009d
:10efd4002e409000fd4f500002003a00a0c6b3003e
:10efe40030c799002e409000fe4f500002003a00b6
:10eff40080c6b30030c799002e409000ff4f5000e8
:10f0040002003a0060c6b30030c79900ae409000d9
:10f0140000c2b30080cf500002003a0040c6b300e3
:10f0240030c79900ae40900010c2b30080cf5000aa
:10f0340002003a0020c6b30030c79900ae409000e9
:10f0440020c2b30080cf500002003a0000c6b300d3
:10f0540030c79900ae40900030c2b30080cf50005a
:10f0640002003a00e0c5b30030c79900ae409000fa
:10f0740040c2b30080cf500002003a00c0c5b300c4
:10f0840030c79900ae40900050c2b30080cf50000a
:10f0940002003a00a0c5b30030c79900ae4090000a
:10f0a40060c2b30080cf500002003a0080c5b300b4
:10f0b40030c79900ae40900070c2b30080cf5000ba
:10f0c40002003a0060c5b30030c79900ae4090001a
:10f0d40080c2b30080cf500002003a0040c5b300a4
:10f0e40030c79900ae40900090c2b30080cf50006a
:10f0f40002003a0020c5b30030c79900ae4090002a
:10f10400a0c2b30080cf500002003a0000c5b30093
:10f1140030c79900ae409000b0c2b30080cf500019
:10f1240002003a00e0c4b30030c79900ae4090003a
:10f13400c0c2b30080cf500002003a00c0c4b30084
:10f1440030c79900ae409000d0c2b30080cf5000c9
:10f1540002003a00a0c4b30030c79900ae4090004a
:10f16400e0c2b30080cf500002003a0080c4b30074
:10f1740030c79900ae409000f0c2b30080cf500079
:10f1840002003a0060c4b30030c79900ae4090005a
:10f1940000c3b30080cf500002003a0040c4b30063
:10f1a40030c79900ae40900010c3b30080cf500028
:10f1b40002003a0020c4b30030c79900ae4090006a
:10f1c40020c3b30080cf500002003a0000c4b30053
:10f1d40030c79900ae40900030c3b30080cf5000d8
:10f1e40002003a00e0c3b30030c79900ae4090007b
:10f1f40040c3b30080cf500002003a00c0c3b30044
:10f2040030c79900ae40900050c3b30080cf500087
:10f2140002003a00a0c3b30030c79900ae4090008a
:10f2240060c3b30080cf500002003a0080c3b30033
:10f2340030c79900ae40900070c3b30080cf500037
:10f2440002003a0060c3b30030c79900ae4090009a
:10f2540080c3b30080cf500002003a0040c3b30023
:10f2640030c79900ae40900090c3b30080cf5000e7
:10f2740002003a0020c3b30030c79900ae409000aa
:10f28400a0c3b30080cf500002003a0000c3b30013
:10f2940030c79900ae409000b0c3b30080cf500097
:10f2a40002003a00e0c2b30030c79900ae409000bb
:10f2b400c0c3b30080cf500002003a00c0c2b30004
:10f2c40030c79900ae409000d0c3b30080cf500047
:10f2d40002003a00a0c2b30030c79900ae409000cb
:10f2e400e0c3b30080cf500002003a0080c2b300f4
:10f2f40030c79900ae409000f0c3b30080cf5000f7
:10f3040002003a0060c2b30030c79900ae409000da
:10f3140000c4b30080cf500002003a0040c2b300e2
:10f3240030c79900ae40900010c4b30080cf5000a5
:10f3340002003a0020c2b30030c79900ae409000ea
:10f3440020c4b30080cf500002003a0000c2b300d2
:10f3540030c79900ae40900030c4b30080cf500055
:10f3640002003a00e0c1b30030c79900ae409000fb
:10f3740040c4b30080cf500002003a00c0c1b300c3
:10f3840030c79900ae40900050c4b30080cf500005
:10f3940002003a00a0c1b30030c79900ae4090000b
:10f3a40060c4b30080cf500002003a0080c1b300b3
:10f3b40030c79900ae40900070c4b30080cf5000b5
:10f3c40002003a0060c1b30030c79900ae4090001b
:10f3d40080c4b30080cf500002003a0040c1b300a3
:10f3e40030c79900ae40900090c4b30080cf500065
:10f3f40002003a0020c1b30030c79900ae4090002b
:10f40400a0c4b30080cf500002003a0000c1b30092
:10f4140030c79900ae409000b0c4b30080cf500014
:10f4240002003a00e0c0b30030c79900ae4090003b
:10f43400c0c4b30080cf500002003a00c0c0b30083
:10f4440030c79900ae409000d0c4b30080cf5000c4
:10f4540002003a00a0c0b30030c79900ae4090004b
:10f46400e0c4b30080cf500002003a0080c0b30073
:10f4740030c79900ae409000f0c4b30080cf500074
:10f4840002003a0060c0b30030c79900ae4090005b
:10f4940000c5b30080cf500002003a0040c0b30062
:10f4a40030c79900ae40900010c5b30080cf500023
:10f4b40002003a0020c0b30030c79900ae4090006b
:10f4c40020c5b30080cf500002003a000040eb009a
:10f4d40030c799003ec0910080a0020001000000e6
:10f4e400104798000040eb0040c79900300c200002
:10f4f4000e00400025cb220044cb2200800178007e
:10f5040012c0b300a140200000cab300cc8f020097
:10f514000100000025cb220044cb220063d620004a
:10f5240012c0b300a140200000cab300dc90020066
:10f5340001000000400c20000e00400025cb2200fa
:10f5440044cb22008001780012c0b300e1402000c7
:10f5540000cab300cc8f02000100000025cb2200ba
:10f5640044cb2200a3d6200012c0b300e140200007
:10f5740000cab300dc9002000100000010c0b30018
:10f58400004f7800ae40900020c5b30080cf5000fb
:10f5940054003600ae40900080c5b30080cf5000c8
:10f5a40050003e00ae40900030c5b30080cf500004
:10f5b40002003a00a0c0b30030c79900ae409000ea
:10f5c40040c5b30080cf500002003a0080c0b300b1
:10f5d40030c79900ae40900050c5b30080cf5000b2
:10f5e40002003a0060c0b30030c79900ae409000fa
:10f5f40060c5b30080cf500002003a0040c0b300a1
:10f6040030c79900ae40900070c5b30080cf500061
:10f6140002003a0020c0b30030c79900ae40900009
:10f6240080c5b30080cf500002003a000040eb00d8
:10f6340030c799003ec0910080a002000100000084
:10f644001047980000c2b30040c79900300c200056
:10f654000e00400025cb220044cb2200800178001c
:10f6640012c0b300a140200000cab300cc8f020036
:10f674000100000025cb220044cb220063d62000e9
:10f6840012c0b300a140200000cab300dc90020005
:10f6940001000000400c20000e00400025cb220099
:10f6a40044cb22008001780012c0b300e140200066
:10f6b40000cab300cc8f02000100000025cb220059
:10f6c40044cb2200a3d6200012c0b300e1402000a6
:10f6d40000cab300dc9002000100000010c0b300b7
:10f6e400004f7800ae40900080c5b30080cf50003a
:10f6f40054003600ae409000e0c5b30080cf500007
:10f7040050003e00ae40900090c5b30080cf500042
:10f7140002003a00a0c0b30030c79900ae40900088
:10f72400a0c5b30080cf500002003a0080c0b300ef
:10f7340030c79900ae409000b0c5b30080cf5000f0
:10f7440002003a0060c0b30030c79900ae40900098
:10f75400c0c5b30080cf500002003a0040c0b300df
:10f7640030c79900ae409000d0c5b30080cf5000a0
:10f7740002003a0020c0b30030c79900ae409000a8
:10f78400e0c5b30080cf500002003a000040eb0017
:10f7940030c799003ec0910080a002000100000023
:10f7a4001047980000c4b30040c79900300c2000f3
:10f7b4000e00400025cb220044cb220080017800bb
:10f7c40012c0b300a140200000cab300cc8f0200d5
:10f7d4000100000025cb220044cb220063d6200088
:10f7e40012c0b300a140200000cab300dc900200a4
:10f7f40001000000400c20000e00400025cb220038
:10f8040044cb22008001780012c0b300e140200004
:10f8140000cab300cc8f02000100000025cb2200f7
:10f8240044cb2200a3d6200012c0b300e140200044
:10f8340000cab300dc9002000100000010c0b30055
:10f84400004f7800ae409000e0c5b30080cf500078
:10f854005d003600ae40900040c6b30080cf50003b
:10f8640059003e00ae409000f0c5b30080cf500078
:10f8740002003a00a0c0b30030c79900ae40900027
:10f8840000c6b30080cf500002003a0080c0b3002d
:10f8940030c79900ae40900010c6b30080cf50002e
:10f8a40002003a0060c0b30030c79900ae40900037
:10f8b40020c6b30080cf500002003a0040c0b3001d
:10f8c40030c79900ae40900030c6b30080cf5000de
:10f8d40002003a0020c0b30030c79900ae40900047
:10f8e40040c6b30080cf500002003a000040eb0055
:10f8f40030c799003ec0910080a0020001000000c2
:10f904001047980000c6b30040c79900300c20008f
:10f914000e00400025cb220044cb22008001780059
:10f9240012c0b300a140200000cab300cc8f020073
:10f934000100000025cb220044cb220063d6200026
:10f9440012c0b300a140200000cab300dc90020042
:10f9540001000000400c20000e00400025cb2200d6
:10f9640044cb22008001780012c0b300e1402000a3
:10f9740000cab300cc8f02000100000025cb220096
:10f9840044cb2200a3d6200012c0b300e1402000e3
:10f9940000cab300dc9002000100000010c0b300f4
:10f9a400004f78000800370025cb220044cb22000a
:10f9b400b3d5200012c0b300f101200000cab30087
:10f9c400dc900200010000006900470033002000c1
:10f9d4000001780041ed2a003ea09000a623070014
:10f9e4000000e0008903320069004700f29d020034
:10f9f40001000000004f9800d0d52000104078008e
:10fa04000080fb000000e8000000e0002200350058
:10fa1400d0d52000104078000080fb008000e80072
:10fa240040062000808f50001b003c009e48900040
:10fa3400b0c2b30080cf500017003a00d0d52000e8
:10fa4400104078008040e800d0d5200001487800bc
:10fa540025cb220044cb2200d3d5200012c0b30012
:10fa64001102200000cab300cc8f02000100000084
:10fa740025cb220044cb2200d3d5200012c0b300f2
:10fa84001102200000cab300dc9002000100000053
:10fa940010c0b300004f7800d0d52000104078008b
:10faa4000080fb000000e9000000e00022003500b7
:10fab400d0d52000104078000080fb008000e900d1
:10fac40040062000808f50001b003c009e489000a0
:10fad400d0c2b30080cf500017003a00d0d5200028
:10fae400104078008040e900d0d52000014878001b
:10faf40025cb220044cb2200d3d5200012c0b30072
:10fb04001102200000cab300cc8f020001000000e3
:10fb140025cb220044cb2200d3d5200012c0b30051
:10fb24001102200000cab300dc90020001000000b2
:10fb340010c0b300004f78008e48900040c6b30058
:10fb440080cf500039033e00d0d52000904078008b
:10fb54000e48900080cf5000340332009e4890003d
:10fb6400b0c2b30080cf5000300332009e489000f2
:10fb7400d0c2b30080cf50002c0332008e489000d6
:10fb8400d0d520000148780025cb220044cb2200a8
:10fb9400d3d5200012c0b3001102200000cab30064
:10fba400cc8f02000100000025cb220044cb2200b0
:10fbb400d3d5200012c0b3001102200000cab30044
:10fbc400dc9002000100000010c0b300004f780078
:10fbd4000040eb00304798008e4890003147980071
:10fbe400be40900020c5b30080cf5000fe013e000f
:10fbf4003e4090000004e00002003a00a0cbb300b5
:10fc040030c799003e409000e14f500002003a0096
:10fc140020cab30030c799003e409000e24f500024
:10fc240002003a0000cab30030c799003e40900079
:10fc3400e34f500002003a00e0c9b30030c7990016
:10fc44003e409000e44f500002003a00c0c9b300a7
:10fc540030c799003e409000e54f500002003a0042
:10fc6400a0c9b30030c799003e409000e64f500051
:10fc740002003a0080c9b30030c799003e409000aa
:10fc8400e74f500002003a0060c9b30030c7990042
:10fc94003e409000e84f500002003a0040c9b300d3
:10fca40030c799003e409000e94f500002003a00ee
:10fcb40020c9b30030c799003e409000ea4f50007d
:10fcc40002003a0000c9b30030c799003e409000da
:10fcd400eb4f500002003a00e0c8b30030c799006f
:10fce4003e409000ec4f500002003a00c0c8b30000
:10fcf40030c799003e409000ed4f500002003a009a
:10fd0400a0c8b30030c799003e409000ee4f5000a9
:10fd140002003a0080c8b30030c799003e4090000a
:10fd2400ef4f500002003a0060c8b30030c799009a
:10fd34003e409000f04f500002003a0040c8b3002b
:10fd440030c799003e409000f14f500002003a0045
:10fd540020c8b30030c799003e409000f24f5000d5
:10fd640002003a0000c8b30030c799003e4090003a
:10fd7400f34f500002003a00e0c7b30030c79900c7
:10fd84003e409000f44f500002003a00c0c7b30058
:10fd940030c799003e409000f54f500002003a00f1
:10fda400a0c7b30030c799003e409000f64f500002
:10fdb40002003a0080c7b30030c799003e4090006b
:10fdc400f74f500002003a0060c7b30030c79900f3
:10fdd4003e409000f84f500002003a0040c7b30084
:10fde40030c799003e409000f94f500002003a009d
:10fdf40020c7b30030c799003e409000fa4f50002e
:10fe040002003a0000c7b30030c799003e4090009a
:10fe1400fb4f500002003a00e0c6b30030c799001f
:10fe24003e409000fc4f500002003a00c0c6b300b0
:10fe340030c799003e409000fd4f500002003a0048
:10fe4400a0c6b30030c799003e409000fe4f50005a
:10fe540002003a0080c6b30030c799003e409000cb
:10fe6400ff4f500002003a0060c6b30030c799004b
:10fe7400be40900000c2b30080cf500002003a00a0
:10fe840040c6b30030c79900be40900010c2b30012
:10fe940080cf500002003a0020c6b30030c799005a
:10fea400be40900020c2b30080cf500002003a0050
:10feb40000c6b30030c79900be40900030c2b30002
:10fec40080cf500002003a00e0c5b30030c799006b
:10fed400be40900040c2b30080cf500002003a0000
:10fee400c0c5b30030c79900be40900050c2b300f3
:10fef40080cf500002003a00a0c5b30030c799007b
:10ff0400be40900060c2b30080cf500002003a00af
:10ff140080c5b30030c79900be40900070c2b300e2
:10ff240080cf500002003a0060c5b30030c799008a
:10ff3400be40900080c2b30080cf500002003a005f
:10ff440040c5b30030c79900be40900090c2b300d2
:10ff540080cf500002003a0020c5b30030c799009a
:10ff6400be409000a0c2b30080cf500002003a000f
:10ff740000c5b30030c79900be409000b0c2b300c2
:10ff840080cf500002003a00e0c4b30030c79900ab
:10ff9400be409000c0c2b30080cf500002003a00bf
:10ffa400c0c4b30030c79900be409000d0c2b300b3
:10ffb40080cf500002003a00a0c4b30030c79900bb
:10ffc400be409000e0c2b30080cf500002003a006f
:10ffd40080c4b30030c79900be409000f0c2b300a3
:10ffe40080cf500002003a0060c4b30030c79900cb
:10fff400be40900000c3b30080cf500002003a001e
:020000040001f9
:1000040040c4b30030c79900be40900010c3b30091
:1000140080cf500002003a0020c4b30030c79900da
:10002400be40900020c3b30080cf500002003a00cd
:1000340000c4b30030c79900be40900030c3b30081
:1000440080cf500002003a00e0c3b30030c79900eb
:10005400be40900040c3b30080cf500002003a007d
:10006400c0c3b30030c79900be40900050c3b30072
:1000740080cf500002003a00a0c3b30030c79900fb
:10008400be40900060c3b30080cf500002003a002d
:1000940080c3b30030c79900be40900070c3b30062
:1000a40080cf500002003a0060c3b30030c799000b
:1000b400be40900080c3b30080cf500002003a00dd
:1000c40040c3b30030c79900be40900090c3b30052
:1000d40080cf500002003a0020c3b30030c799001b
:1000e400be409000a0c3b30080cf500002003a008d
:1000f40000c3b30030c79900be409000b0c3b30042
:1001040080cf500002003a00e0c2b30030c799002b
:10011400be409000c0c3b30080cf500002003a003c
:10012400c0c2b30030c79900be409000d0c3b30032
:1001340080cf500002003a00a0c2b30030c799003b
:10014400be409000e0c3b30080cf500002003a00ec
:1001540080c2b30030c79900be409000f0c3b30022
:1001640080cf500002003a0060c2b30030c799004b
:10017400be40900000c4b30080cf500002003a009b
:1001840040c2b30030c79900be40900010c4b30011
:1001940080cf500002003a0020c2b30030c799005b
:1001a400be40900020c4b30080cf500002003a004b
:1001b40000c2b30030c79900be40900030c4b30001
:1001c40080cf500002003a00e0c1b30030c799006c
:1001d400be40900040c4b30080cf500002003a00fb
:1001e400c0c1b30030c79900be40900050c4b300f2
:1001f40080cf500002003a00a0c1b30030c799007c
:10020400be40900060c4b30080cf500002003a00aa
:1002140080c1b30030c79900be40900070c4b300e1
:1002240080cf500002003a0060c1b30030c799008b
:10023400be40900080c4b30080cf500002003a005a
:1002440040c1b30030c79900be40900090c4b300d1
:1002540080cf500002003a0020c1b30030c799009b
:10026400be409000a0c4b30080cf500002003a000a
:1002740000c1b30030c79900be409000b0c4b300c1
:1002840080cf500002003a00e0c0b30030c79900ac
:10029400be409000c0c4b30080cf500002003a00ba
:1002a400c0c0b30030c79900be409000d0c4b300b2
:1002b40080cf500002003a00a0c0b30030c79900bc
:1002c400be409000e0c4b30080cf500002003a006a
:1002d40080c0b30030c79900be409000f0c4b300a2
:1002e40080cf500002003a0060c0b30030c79900cc
:1002f400be40900000c5b30080cf500002003a0019
:1003040040c0b30030c79900be40900010c5b30090
:1003140080cf500002003a0020c0b30030c79900db
:10032400be40900020c5b30080cf500002003a00c8
:100334000040eb0030c799003ec0910080a002004d
:1003440001000000104798000040eb0040c79900ee
:10035400300c20000e00400025cb220044cb2200ac
:100364008001780012c0b300c140200000cab3006d
:10037400cc8f02000100000025cb220044cb2200d8
:1003840083d6200012c0b300c140200000cab300cd
:10039400dc90020001000000400c20000e00400030
:1003a40025cb220044cb22008001780012c0b30088
:1003b4000141200000cab300cc8f020001000000fc
:1003c40025cb220044cb2200c3d6200012c0b300a8
:1003d4000141200000cab300dc90020001000000cb
:1003e40010c0b300004f7800be40900020c5b30099
:1003f40080cf500054003600be40900080c5b3004a
:1004040080cf500050003e00be40900030c5b30085
:1004140080cf500002003a00a0c0b30030c799005a
:10042400be40900040c5b30080cf500002003a00a7
:1004340080c0b30030c79900be40900050c5b300df
:1004440080cf500002003a0060c0b30030c799006a
:10045400be40900060c5b30080cf500002003a0057
:1004640040c0b30030c79900be40900070c5b300cf
:1004740080cf500002003a0020c0b30030c799007a
:10048400be40900080c5b30080cf500002003a0007
:100494000040eb0030c799003ec0910080a00200ec
:1004a400010000001047980000c2b30040c7990043
:1004b400300c20000e00400025cb220044cb22004b
:1004c4008001780012c0b300c140200000cab3000c
:1004d400cc8f02000100000025cb220044cb220077
:1004e40083d6200012c0b300c140200000cab3006c
:1004f400dc90020001000000400c20000e004000cf
:1005040025cb220044cb22008001780012c0b30026
:100514000141200000cab300cc8f0200010000009a
:1005240025cb220044cb2200c3d6200012c0b30046
:100534000141200000cab300dc9002000100000069
:1005440010c0b300004f7800be40900080c5b300d7
:1005540080cf500054003600be409000e0c5b30088
:1005640080cf500050003e00be40900090c5b300c4
:1005740080cf500002003a00a0c0b30030c79900f9
:10058400be409000a0c5b30080cf500002003a00e6
:1005940080c0b30030c79900be409000b0c5b3001e
:1005a40080cf500002003a0060c0b30030c7990009
:1005b400be409000c0c5b30080cf500002003a0096
:1005c40040c0b30030c79900be409000d0c5b3000e
:1005d40080cf500002003a0020c0b30030c7990019
:1005e400be409000e0c5b30080cf500002003a0046
:1005f4000040eb0030c799003ec0910080a002008b
:10060400010000001047980000c4b30040c79900df
:10061400300c20000e00400025cb220044cb2200e9
:100624008001780012c0b300c140200000cab300aa
:10063400cc8f02000100000025cb220044cb220015
:1006440083d6200012c0b300c140200000cab3000a
:10065400dc90020001000000400c20000e0040006d
:1006640025cb220044cb22008001780012c0b300c5
:100674000141200000cab300cc8f02000100000039
:1006840025cb220044cb2200c3d6200012c0b300e5
:100694000141200000cab300dc9002000100000008
:1006a40010c0b300004f7800be409000e0c5b30016
:1006b40080cf50005d003600be40900040c6b300bd
:1006c40080cf500059003e00be409000f0c5b300fa
:1006d40080cf500002003a00a0c0b30030c7990098
:1006e400be40900000c6b30080cf500002003a0024
:1006f40080c0b30030c79900be40900010c6b3005c
:1007040080cf500002003a0060c0b30030c79900a7
:10071400be40900020c6b30080cf500002003a00d3
:1007240040c0b30030c79900be40900030c6b3004b
:1007340080cf500002003a0020c0b30030c79900b7
:10074400be40900040c6b30080cf500002003a0083
:100754000040eb0030c799003ec0910080a0020029
:10076400010000001047980000c6b30040c799007c
:10077400300c20000e00400025cb220044cb220088
:100784008001780012c0b300c140200000cab30049
:10079400cc8f02000100000025cb220044cb2200b4
:1007a40083d6200012c0b300c140200000cab300a9
:1007b400dc90020001000000400c20000e0040000c
:1007c40025cb220044cb22008001780012c0b30064
:1007d4000141200000cab300cc8f020001000000d8
:1007e40025cb220044cb2200c3d6200012c0b30084
:1007f4000141200000cab300dc90020001000000a7
:1008040010c0b300004f78000800370025cb220049
:1008140044cb2200d3d5200012c0b3001102200023
:1008240000cab300dc900200010000006900470028
:100834003300200000017800a1ed2a003ea09000c2
:100844000d2007000000e0007c033200690047002f
:10085400f29d020001000000004f9800f0d5200036
:10086400104078000080fb000000e8000000e00079
:1008740022003500f0d52000104078000080fb00f5
:100884008000e80040062000808f50001b003c00e0
:100894009e489000b0c2b30080cf500017003a00c9
:1008a400f0d52000104078008040e800f0d520000a
:1008b4000148780025cb220044cb2200f3d5200048
:1008c40012c0b3003102200000cab300cc8f020072
:1008d4000100000025cb220044cb2200f3d52000e8
:1008e40012c0b3003102200000cab300dc90020041
:1008f4000100000010c0b300004f7800f0d52000c4
:10090400104078000080fb000000e9000000e000d7
:1009140022003500f0d52000104078000080fb0054
:100924008000e90040062000808f50001b003c003e
:100934009e489000d0c2b30080cf500017003a0008
:10094400f0d52000104078008040e900f0d5200068
:100954000148780025cb220044cb2200f3d52000a7
:1009640012c0b3003102200000cab300cc8f0200d1
:100974000100000025cb220044cb2200f3d5200047
:1009840012c0b3003102200000cab300dc900200a0
:100994000100000010c0b300004f7800f0d5200023
:1009a400904078000e48900080cf5000230332001e
:1009b4009e489000b0c2b30080cf50001f033200a5
:1009c4009e489000d0c2b30080cf50001b03320079
:1009d4008e489000f0d520000148780025cb2200f5
:1009e40044cb2200f3d5200012c0b3003102200012
:1009f40000cab300cc8f02000100000010c0b30095
:100a0400004f78000040eb00404798008e4890006b
:100a140041479800ce40900020c5b30080cf5000dd
:100a2400fe013e004e4090000004e00002003a0047
:100a3400a0cbb30030c799004e409000e14f500066
:100a440002003a0020cab30030c799004e4090001b
:100a5400e24f500002003a0000cab30030c79900c8
:100a64004e409000e34f500002003a00e0c9b3004a
:100a740030c799004e409000e44f500002003a0005
:100a8400c0c9b30030c799004e409000e54f5000f4
:100a940002003a00a0c9b30030c799004e4090004c
:100aa400e64f500002003a0080c9b30030c79900f5
:100ab4004e409000e74f500002003a0060c9b30076
:100ac40030c799004e409000e84f500002003a00b1
:100ad40040c9b30030c799004e409000e94f500020
:100ae40002003a0020c9b30030c799004e4090007c
:100af400ea4f500002003a0000c9b30030c7990021
:100b04004e409000eb4f500002003a00e0c8b300a2
:100b140030c799004e409000ec4f500002003a005c
:100b2400c0c8b30030c799004e409000ed4f50004c
:100b340002003a00a0c8b30030c799004e409000ac
:100b4400ee4f500002003a0080c8b30030c799004d
:100b54004e409000ef4f500002003a0060c8b300ce
:100b640030c799004e409000f04f500002003a0008
:100b740040c8b30030c799004e409000f14f500078
:100b840002003a0020c8b30030c799004e409000dc
:100b9400f24f500002003a0000c8b30030c7990079
:100ba4004e409000f34f500002003a00e0c7b300fb
:100bb40030c799004e409000f44f500002003a00b4
:100bc400c0c7b30030c799004e409000f54f5000a5
:100bd40002003a00a0c7b30030c799004e4090000d
:100be400f64f500002003a0080c7b30030c79900a6
:100bf4004e409000f74f500002003a0060c7b30027
:100c040030c799004e409000f84f500002003a005f
:100c140040c7b30030c799004e409000f94f5000d0
:100c240002003a0020c7b30030c799004e4090003c
:100c3400fa4f500002003a0000c7b30030c79900d1
:100c44004e409000fb4f500002003a00e0c6b30053
:100c540030c799004e409000fc4f500002003a000b
:100c6400c0c6b30030c799004e409000fd4f5000fd
:100c740002003a00a0c6b30030c799004e4090006d
:100c8400fe4f500002003a0080c6b30030c79900fe
:100c94004e409000ff4f500002003a0060c6b3007f
:100ca40030c79900ce40900000c2b30080cf5000fe
:100cb40002003a0040c6b30030c79900ce4090000d
:100cc40010c2b30080cf500002003a0020c6b30027
:100cd40030c79900ce40900020c2b30080cf5000ae
:100ce40002003a0000c6b30030c79900ce4090001d
:100cf40030c2b30080cf500002003a00e0c5b30018
:100d040030c79900ce40900040c2b30080cf50005d
:100d140002003a00c0c5b30030c79900ce4090002d
:100d240050c2b30080cf500002003a00a0c5b30007
:100d340030c79900ce40900060c2b30080cf50000d
:100d440002003a0080c5b30030c79900ce4090003d
:100d540070c2b30080cf500002003a0060c5b300f7
:100d640030c79900ce40900080c2b30080cf5000bd
:100d740002003a0040c5b30030c79900ce4090004d
:100d840090c2b30080cf500002003a0020c5b300e7
:100d940030c79900ce409000a0c2b30080cf50006d
:100da40002003a0000c5b30030c79900ce4090005d
:100db400b0c2b30080cf500002003a00e0c4b300d8
:100dc40030c79900ce409000c0c2b30080cf50001d
:100dd40002003a00c0c4b30030c79900ce4090006e
:100de400d0c2b30080cf500002003a00a0c4b300c8
:100df40030c79900ce409000e0c2b30080cf5000cd
:100e040002003a0080c4b30030c79900ce4090007d
:100e1400f0c2b30080cf500002003a0060c4b300b7
:100e240030c79900ce40900000c3b30080cf50007b
:100e340002003a0040c4b30030c79900ce4090008d
:100e440010c3b30080cf500002003a0020c4b300a6
:100e540030c79900ce40900020c3b30080cf50002b
:100e640002003a0000c4b30030c79900ce4090009d
:100e740030c3b30080cf500002003a00e0c3b30097
:100e840030c79900ce40900040c3b30080cf5000db
:100e940002003a00c0c3b30030c79900ce409000ae
:100ea40050c3b30080cf500002003a00a0c3b30087
:100eb40030c79900ce40900060c3b30080cf50008b
:100ec40002003a0080c3b30030c79900ce409000be
:100ed40070c3b30080cf500002003a0060c3b30077
:100ee40030c79900ce40900080c3b30080cf50003b
:100ef40002003a0040c3b30030c79900ce409000ce
:100f040090c3b30080cf500002003a0020c3b30066
:100f140030c79900ce409000a0c3b30080cf5000ea
:100f240002003a0000c3b30030c79900ce409000dd
:100f3400b0c3b30080cf500002003a00e0c2b30057
:100f440030c79900ce409000c0c3b30080cf50009a
:100f540002003a00c0c2b30030c79900ce409000ee
:100f6400d0c3b30080cf500002003a00a0c2b30047
:100f740030c79900ce409000e0c3b30080cf50004a
:100f840002003a0080c2b30030c79900ce409000fe
:100f9400f0c3b30080cf500002003a0060c2b30037
:100fa40030c79900ce40900000c4b30080cf5000f9
:100fb40002003a0040c2b30030c79900ce4090000e
:100fc40010c4b30080cf500002003a0020c2b30026
:100fd40030c79900ce40900020c4b30080cf5000a9
:100fe40002003a0000c2b30030c79900ce4090001e
:100ff40030c4b30080cf500002003a00e0c1b30017
:1010040030c79900ce40900040c4b30080cf500058
:1010140002003a00c0c1b30030c79900ce4090002e
:1010240050c4b30080cf500002003a00a0c1b30006
:1010340030c79900ce40900060c4b30080cf500008
:1010440002003a0080c1b30030c79900ce4090003e
:1010540070c4b30080cf500002003a0060c1b300f6
:1010640030c79900ce40900080c4b30080cf5000b8
:1010740002003a0040c1b30030c79900ce4090004e
:1010840090c4b30080cf500002003a0020c1b300e6
:1010940030c79900ce409000a0c4b30080cf500068
:1010a40002003a0000c1b30030c79900ce4090005e
:1010b400b0c4b30080cf500002003a00e0c0b300d7
:1010c40030c79900ce409000c0c4b30080cf500018
:1010d40002003a00c0c0b30030c79900ce4090006f
:1010e400d0c4b30080cf500002003a00a0c0b300c7
:1010f40030c79900ce409000e0c4b30080cf5000c8
:1011040002003a0080c0b30030c79900ce4090007e
:10111400f0c4b30080cf500002003a0060c0b300b6
:1011240030c79900ce40900000c5b30080cf500076
:1011340002003a0040c0b30030c79900ce4090008e
:1011440010c5b30080cf500002003a0020c0b300a5
:1011540030c79900ce40900020c5b30080cf500026
:1011640002003a000040eb0030c799003ec09100f5
:1011740080a0020001000000104798000040eb002e
:1011840040c79900300c20000e00400025cb2200ff
:1011940044cb22008001780012c0b30091402000ab
:1011a40000cab300cc8f02000100000025cb22004e
:1011b40044cb220053d6200012c0b300914020003b
:1011c40000cab300dc90020001000000400c2000c3
:1011d4000e00400025cb220044cb22008001780081
:1011e40012c0b300d140200000cab300cc8f02006b
:1011f4000100000025cb220044cb220093d620001e
:1012040012c0b300d140200000cab300dc90020039
:101214000100000010c0b300004f7800ce409000e1
:1012240020c5b30080cf500054003600ce4090005b
:1012340080c5b30080cf500050003e00ce409000e7
:1012440030c5b30080cf500002003a00a0c0b30004
:1012540030c79900ce40900040c5b30080cf500005
:1012640002003a0080c0b30030c79900ce4090001d
:1012740050c5b30080cf500002003a0060c0b300f4
:1012840030c79900ce40900060c5b30080cf5000b5
:1012940002003a0040c0b30030c79900ce4090002d
:1012a40070c5b30080cf500002003a0020c0b300e4
:1012b40030c79900ce40900080c5b30080cf500065
:1012c40002003a000040eb0030c799003ec0910094
:1012d40080a00200010000001047980000c2b30083
:1012e40040c79900300c20000e00400025cb22009e
:1012f40044cb22008001780012c0b300914020004a
:1013040000cab300cc8f02000100000025cb2200ec
:1013140044cb220053d6200012c0b30091402000d9
:1013240000cab300dc90020001000000400c200061
:101334000e00400025cb220044cb2200800178001f
:1013440012c0b300d140200000cab300cc8f020009
:101354000100000025cb220044cb220093d62000bc
:1013640012c0b300d140200000cab300dc900200d8
:101374000100000010c0b300004f7800ce40900080
:1013840080c5b30080cf500054003600ce4090009a
:10139400e0c5b30080cf500050003e00ce40900026
:1013a40090c5b30080cf500002003a00a0c0b30043
:1013b40030c79900ce409000a0c5b30080cf500044
:1013c40002003a0080c0b30030c79900ce409000bc
:1013d400b0c5b30080cf500002003a0060c0b30033
:1013e40030c79900ce409000c0c5b30080cf5000f4
:1013f40002003a0040c0b30030c79900ce409000cc
:10140400d0c5b30080cf500002003a0020c0b30022
:1014140030c79900ce409000e0c5b30080cf5000a3
:1014240002003a000040eb0030c799003ec0910032
:1014340080a00200010000001047980000c4b3001f
:1014440040c79900300c20000e00400025cb22003c
:1014540044cb22008001780012c0b30091402000e8
:1014640000cab300cc8f02000100000025cb22008b
:1014740044cb220053d6200012c0b3009140200078
:1014840000cab300dc90020001000000400c200000
:101494000e00400025cb220044cb220080017800be
:1014a40012c0b300d140200000cab300cc8f0200a8
:1014b4000100000025cb220044cb220093d620005b
:1014c40012c0b300d140200000cab300dc90020077
:1014d4000100000010c0b300004f7800ce4090001f
:1014e400e0c5b30080cf500054003600ce409000d9
:1014f40040c6b30080cf500050003e00ce40900064
:10150400f0c5b30080cf500002003a00a0c0b30081
:1015140030c79900ce40900000c6b30080cf500081
:1015240002003a0080c0b30030c79900ce4090005a
:1015340010c6b30080cf500002003a0060c0b30070
:1015440030c79900ce40900020c6b30080cf500031
:1015540002003a0040c0b30030c79900ce4090006a
:1015640030c6b30080cf500002003a0020c0b30060
:1015740030c79900ce40900040c6b30080cf5000e1
:1015840002003a000040eb0030c799003ec09100d1
:1015940080a00200010000001047980000c6b300bc
:1015a40040c79900300c20000e00400025cb2200db
:1015b40044cb22008001780012c0b3009140200087
:1015c40000cab300cc8f02000100000025cb22002a
:1015d40044cb220053d6200012c0b3009140200017
:1015e40000cab300dc90020001000000400c20009f
:1015f4000e00400025cb220044cb2200800178005d
:1016040012c0b300d140200000cab300cc8f020046
:101614000100000025cb220044cb220093d62000f9
:1016240012c0b300d140200000cab300dc90020015
:101634000100000010c0b300004f780025cb220049
:1016440044cb2200f3d5200012c0b30031022000a5
:1016540000cab300dc9002000100000069004700ea
:101664003300200000017800f1ed2a003ea0900034
:10167400811c07000000e000840332006900470079
:10168400f29d020001000000004f980040d62000a7
:10169400104078000080fb000000e8000000e0003b
:1016a4002200350040d62000104078000080fb0066
:1016b4008000e80040062000808f50001b003c00a2
:1016c4009e489000b0c2b30080cf500017003a008b
:1016d40040d62000104078008040e80040d620002a
:1016e4000148780025cb220044cb220043d62000b9
:1016f40012c0b3008140200000cab300cc8f0200a6
:101704000100000025cb220044cb220043d6200058
:1017140012c0b3008140200000cab300dc90020074
:101724000100000010c0b300004f780040d6200034
:10173400104078000080fb000000e9000000e00099
:101744002200350040d62000104078000080fb00c5
:101754008000e90040062000808f50001b003c0000
:101764009e489000d0c2b30080cf500017003a00ca
:1017740040d62000104078008040e90040d6200088
:101784000148780025cb220044cb220043d6200018
:1017940012c0b3008140200000cab300cc8f020005
:1017a4000100000025cb220044cb220043d62000b8
:1017b40012c0b3008140200000cab300dc900200d4
:1017c4000100000010c0b300004f780040d6200094
:1017d400904078000e48900080cf50002b033200d8
:1017e4009e489000b0c2b30080cf5000270332005f
:1017f4009e489000d0c2b30080cf50002303320033
:101804008e48900040d620000148780025cb220065
:1018140044cb220043d6200012c0b30081402000f4
:1018240000cab300cc8f02000100000025cb2200c7
:1018340044cb220043d6200012c0b30081402000d4
:1018440000cab300dc9002000100000010c0b30025
:10185400004f78000040eb00504798008e489000fd
:1018640051479800de40900020c5b30080cf50005f
:10187400fe013e005e4090000004e00002003a00d9
:10188400a0cbb30030c799005e409000e14f5000f8
:1018940002003a0020cab30030c799005e409000ad
:1018a400e24f500002003a0000cab30030c799006a
:1018b4005e409000e34f500002003a00e0c9b300dc
:1018c40030c799005e409000e44f500002003a0097
:1018d400c0c9b30030c799005e409000e54f500086
:1018e40002003a00a0c9b30030c799005e409000de
:1018f400e64f500002003a0080c9b30030c7990097
:101904005e409000e74f500002003a0060c9b30007
:1019140030c799005e409000e84f500002003a0042
:1019240040c9b30030c799005e409000e94f5000b1
:1019340002003a0020c9b30030c799005e4090000d
:10194400ea4f500002003a0000c9b30030c79900c2
:101954005e409000eb4f500002003a00e0c8b30034
:1019640030c799005e409000ec4f500002003a00ee
:10197400c0c8b30030c799005e409000ed4f5000de
:1019840002003a00a0c8b30030c799005e4090003e
:10199400ee4f500002003a0080c8b30030c79900ef
:1019a4005e409000ef4f500002003a0060c8b30060
:1019b40030c799005e409000f04f500002003a009a
:1019c40040c8b30030c799005e409000f14f50000a
:1019d40002003a0020c8b30030c799005e4090006e
:1019e400f24f500002003a0000c8b30030c799001b
:1019f4005e409000f34f500002003a00e0c7b3008d
:101a040030c799005e409000f44f500002003a0045
:101a1400c0c7b30030c799005e409000f54f500036
:101a240002003a00a0c7b30030c799005e4090009e
:101a3400f64f500002003a0080c7b30030c7990047
:101a44005e409000f74f500002003a0060c7b300b8
:101a540030c799005e409000f84f500002003a00f1
:101a640040c7b30030c799005e409000f94f500062
:101a740002003a0020c7b30030c799005e409000ce
:101a8400fa4f500002003a0000c7b30030c7990073
:101a94005e409000fb4f500002003a00e0c6b300e5
:101aa40030c799005e409000fc4f500002003a009d
:101ab400c0c6b30030c799005e409000fd4f50008f
:101ac40002003a00a0c6b30030c799005e409000ff
:101ad400fe4f500002003a0080c6b30030c79900a0
:101ae4005e409000ff4f500002003a0060c6b30011
:101af40030c79900de40900000c2b30080cf500090
:101b040002003a0040c6b30030c79900de4090009e
:101b140010c2b30080cf500002003a0020c6b300c8
:101b240030c79900de40900020c2b30080cf50003f
:101b340002003a0000c6b30030c79900de409000ae
:101b440030c2b30080cf500002003a00e0c5b300b9
:101b540030c79900de40900040c2b30080cf5000ef
:101b640002003a00c0c5b30030c79900de409000bf
:101b740050c2b30080cf500002003a00a0c5b300a9
:101b840030c79900de40900060c2b30080cf50009f
:101b940002003a0080c5b30030c79900de409000cf
:101ba40070c2b30080cf500002003a0060c5b30099
:101bb40030c79900de40900080c2b30080cf50004f
:101bc40002003a0040c5b30030c79900de409000df
:101bd40090c2b30080cf500002003a0020c5b30089
:101be40030c79900de409000a0c2b30080cf5000ff
:101bf40002003a0000c5b30030c79900de409000ef
:101c0400b0c2b30080cf500002003a00e0c4b30079
:101c140030c79900de409000c0c2b30080cf5000ae
:101c240002003a00c0c4b30030c79900de409000ff
:101c3400d0c2b30080cf500002003a00a0c4b30069
:101c440030c79900de409000e0c2b30080cf50005e
:101c540002003a0080c4b30030c79900de4090000f
:101c6400f0c2b30080cf500002003a0060c4b30059
:101c740030c79900de40900000c3b30080cf50000d
:101c840002003a0040c4b30030c79900de4090001f
:101c940010c3b30080cf500002003a0020c4b30048
:101ca40030c79900de40900020c3b30080cf5000bd
:101cb40002003a0000c4b30030c79900de4090002f
:101cc40030c3b30080cf500002003a00e0c3b30039
:101cd40030c79900de40900040c3b30080cf50006d
:101ce40002003a00c0c3b30030c79900de40900040
:101cf40050c3b30080cf500002003a00a0c3b30029
:101d040030c79900de40900060c3b30080cf50001c
:101d140002003a0080c3b30030c79900de4090004f
:101d240070c3b30080cf500002003a0060c3b30018
:101d340030c79900de40900080c3b30080cf5000cc
:101d440002003a0040c3b30030c79900de4090005f
:101d540090c3b30080cf500002003a0020c3b30008
:101d640030c79900de409000a0c3b30080cf50007c
:101d740002003a0000c3b30030c79900de4090006f
:101d8400b0c3b30080cf500002003a00e0c2b300f9
:101d940030c79900de409000c0c3b30080cf50002c
:101da40002003a00c0c2b30030c79900de40900080
:101db400d0c3b30080cf500002003a00a0c2b300e9
:101dc40030c79900de409000e0c3b30080cf5000dc
:101dd40002003a0080c2b30030c79900de40900090
:101de400f0c3b30080cf500002003a0060c2b300d9
:101df40030c79900de40900000c4b30080cf50008b
:101e040002003a0040c2b30030c79900de4090009f
:101e140010c4b30080cf500002003a0020c2b300c7
:101e240030c79900de40900020c4b30080cf50003a
:101e340002003a0000c2b30030c79900de409000af
:101e440030c4b30080cf500002003a00e0c1b300b8
:101e540030c79900de40900040c4b30080cf5000ea
:101e640002003a00c0c1b30030c79900de409000c0
:101e740050c4b30080cf500002003a00a0c1b300a8
:101e840030c79900de40900060c4b30080cf50009a
:101e940002003a0080c1b30030c79900de409000d0
:101ea40070c4b30080cf500002003a0060c1b30098
:101eb40030c79900de40900080c4b30080cf50004a
:101ec40002003a0040c1b30030c79900de409000e0
:101ed40090c4b30080cf500002003a0020c1b30088
:101ee40030c79900de409000a0c4b30080cf5000fa
:101ef40002003a0000c1b30030c79900de409000f0
:101f0400b0c4b30080cf500002003a00e0c0b30078
:101f140030c79900de409000c0c4b30080cf5000a9
:101f240002003a00c0c0b30030c79900de40900000
:101f3400d0c4b30080cf500002003a00a0c0b30068
:101f440030c79900de409000e0c4b30080cf500059
:101f540002003a0080c0b30030c79900de40900010
:101f6400f0c4b30080cf500002003a0060c0b30058
:101f740030c79900de40900000c5b30080cf500008
:101f840002003a0040c0b30030c79900de40900020
:101f940010c5b30080cf500002003a0020c0b30047
:101fa40030c79900de40900020c5b30080cf5000b8
:101fb40002003a000040eb0030c799003ec0910097
:101fc40080a0020001000000104798000040eb00d0
:101fd40040c79900300c20000e00400025cb2200a1
:101fe40044cb22008001780012c0b300b14020002d
:101ff40000cab300cc8f02000100000025cb2200f0
:1020040044cb220073d6200012c0b300b14020009c
:1020140000cab300dc90020001000000400c200064
:102024000e00400025cb220044cb22008001780022
:1020340012c0b300f140200000cab300cc8f0200ec
:102044000100000025cb220044cb2200b3d620009f
:1020540012c0b300f140200000cab300dc900200bb
:102064000100000010c0b300004f7800de40900073
:1020740020c5b30080cf500054003600de409000ed
:1020840080c5b30080cf500050003e00de40900079
:1020940030c5b30080cf500002003a00a0c0b300a6
:1020a40030c79900de40900040c5b30080cf500097
:1020b40002003a0080c0b30030c79900de409000af
:1020c40050c5b30080cf500002003a0060c0b30096
:1020d40030c79900de40900060c5b30080cf500047
:1020e40002003a0040c0b30030c79900de409000bf
:1020f40070c5b30080cf500002003a0020c0b30086
:1021040030c79900de40900080c5b30080cf5000f6
:1021140002003a000040eb0030c799003ec0910035
:1021240080a00200010000001047980000c2b30024
:1021340040c79900300c20000e00400025cb22003f
:1021440044cb22008001780012c0b300b1402000cb
:1021540000cab300cc8f02000100000025cb22008e
:1021640044cb220073d6200012c0b300b14020003b
:1021740000cab300dc90020001000000400c200003
:102184000e00400025cb220044cb220080017800c1
:1021940012c0b300f140200000cab300cc8f02008b
:1021a4000100000025cb220044cb2200b3d620003e
:1021b40012c0b300f140200000cab300dc9002005a
:1021c4000100000010c0b300004f7800de40900012
:1021d40080c5b30080cf500054003600de4090002c
:1021e400e0c5b30080cf500050003e00de409000b8
:1021f40090c5b30080cf500002003a00a0c0b300e5
:1022040030c79900de409000a0c5b30080cf5000d5
:1022140002003a0080c0b30030c79900de4090004d
:10222400b0c5b30080cf500002003a0060c0b300d4
:1022340030c79900de409000c0c5b30080cf500085
:1022440002003a0040c0b30030c79900de4090005d
:10225400d0c5b30080cf500002003a0020c0b300c4
:1022640030c79900de409000e0c5b30080cf500035
:1022740002003a000040eb0030c799003ec09100d4
:1022840080a00200010000001047980000c4b300c1
:1022940040c79900300c20000e00400025cb2200de
:1022a40044cb22008001780012c0b300b14020006a
:1022b40000cab300cc8f02000100000025cb22002d
:1022c40044cb220073d6200012c0b300b1402000da
:1022d40000cab300dc90020001000000400c2000a2
:1022e4000e00400025cb220044cb22008001780060
:1022f40012c0b300f140200000cab300cc8f02002a
:102304000100000025cb220044cb2200b3d62000dc
:1023140012c0b300f140200000cab300dc900200f8
:102324000100000010c0b300004f7800de409000b0
:10233400e0c5b30080cf500054003600de4090006a
:1023440040c6b30080cf500050003e00de409000f5
:10235400f0c5b30080cf500002003a00a0c0b30023
:1023640030c79900de40900000c6b30080cf500013
:1023740002003a0080c0b30030c79900de409000ec
:1023840010c6b30080cf500002003a0060c0b30012
:1023940030c79900de40900020c6b30080cf5000c3
:1023a40002003a0040c0b30030c79900de409000fc
:1023b40030c6b30080cf500002003a0020c0b30002
:1023c40030c79900de40900040c6b30080cf500073
:1023d40002003a000040eb0030c799003ec0910073
:1023e40080a00200010000001047980000c6b3005e
:1023f40040c79900300c20000e00400025cb22007d
:1024040044cb22008001780012c0b300b140200008
:1024140000cab300cc8f02000100000025cb2200cb
:1024240044cb220073d6200012c0b300b140200078
:1024340000cab300dc90020001000000400c200040
:102444000e00400025cb220044cb220080017800fe
:1024540012c0b300f140200000cab300cc8f0200c8
:102464000100000025cb220044cb2200b3d620007b
:1024740012c0b300f140200000cab300dc90020097
:102484000100000010c0b300004f7800690047004d
:10249400330020000001780041ee2a003ea09000a5
:1024a400f51807000000e00026003200690047002c
:1024b400f29d020001000000004f98000e489000b9
:1024c4000004e0001f0032000e489000ee4f500060
:1024d4001c003e0000d62000904078000e4890007a
:1024e40080cf50001700320069004700f29d0200bf
:1024f4000100000001d620008048780025cb22008e
:1025040044cb220003d6200012c0b30051022000a5
:1025140000cab300cc8f02000100000025cb2200ca
:1025240044cb220003d6200012c0b3005102200085
:1025340000cab300dc9002000100000010c0b30028
:10254400004f780069004700430020000001780034
:1025540091ee2a003ea09000c71807000000e0009a
:10256400040032006900470016a3020001000000c5
:10257400004f9800690047004300200000017800e4
:10258400e1ee2a003ea09000bb1807000000e00026
:10259400040032006900470016a302000100000095
:1025a400004f9800690047004300200000017800b4
:1025b40031ef2a003ea09000af1807000000e000b1
:1025c400040032006900470016a302000100000065
:1025d400004f980069004700430020000001780084
:1025e40081ef2a003ea09000a31807000000e0003d
:1025f400040032006900470016a302000100000035
:10260400004f980069004700430020000001780053
:10261400e1ef2a003ea09000971807000000e000b8
:10262400040032006900470016a302000100000004
:10263400004f980069004700430020000001780023
:1026440041f02a003ea090008b1807000000e00033
:10265400040032006900470016a3020001000000d4
:10266400004f9800690047004300200000017800f3
:10267400a1f02a003ea090007f1807000000e000af
:10268400040032006900470016a3020001000000a4
:10269400004f9800690047004300200000017800c3
:1026a40001f12a003ea09000731807000000e0002a
:1026b400040032006900470016a302000100000074
:1026c400004f980069004700430020000001780093
:1026d40071f12a003ea09000671807000000e00096
:1026e400a70132006900470016a3020001000000a0
:1026f400004f98009e489000b0c2b30080cf5000b5
:10270400bd003a00c0d520009040780040c3b3001b
:1027140080cf50003a003e00c0d5200090407800a1
:1027240000c2b30080cf5000350036001e40780050
:102734000004e00032003a00c0d520009040780048
:1027440010c2b30080cf500016003a00c0d520005c
:1027540041c5b3000148780025cb220044cb2200b8
:10276400c3d5200012c0b3000102200000cab30088
:10277400cc8f02000100000025cb220044cb2200b4
:10278400c3d5200012c0b3000102200000cab30068
:10279400dc9002000100000010c0b300004f78007c
:1027a40017003700c0d52000104078008040e900b1
:1027b400c0d520000148780025cb220044cb22005c
:1027c400c3d5200012c0b3000102200000cab30028
:1027d400cc8f02000100000025cb220044cb220054
:1027e400c3d5200012c0b3000102200000cab30008
:1027f400dc9002000100000010c0b300004f78001c
:10280400c0d520009040780040c5b30080cf500070
:102814003a003e00c0d5200090407800a0c4b30028
:1028240080cf5000350036001e4078000004e000e0
:1028340032003a00c0d5200090407800b0c4b30004
:1028440080cf500016003a00c0d5200041c7b30025
:102854000148780025cb220044cb2200c3d52000b8
:1028640012c0b3000102200000cab300cc8f0200e2
:102874000100000025cb220044cb2200c3d5200058
:1028840012c0b3000102200000cab300dc900200b1
:102894000100000010c0b300004f7800170037009b
:1028a400c0d52000104078008040e900c0d5200049
:1028b4000148780025cb220044cb2200c3d5200058
:1028c40012c0b3000102200000cab300cc8f020082
:1028d4000100000025cb220044cb2200c3d52000f8
:1028e40012c0b3000102200000cab300dc90020051
:1028f4000100000010c0b300004f7800c0d52000d4
:102904009040780040c7b30080cf50003a003e00aa
:10291400c0d5200090407800f0c5b30080cf5000af
:10292400350036001e4078000004e00032003a0012
:10293400c0d520009040780000c6b30080cf50007e
:1029440016003a00c0d5200001c6b3000148780043
:1029540025cb220044cb2200c3d5200012c0b300f3
:102964000102200000cab300cc8f02000100000065
:1029740025cb220044cb2200c3d5200012c0b300d3
:102984000102200000cab300dc9002000100000034
:1029940010c0b300004f780017003700c0d52000e6
:1029a400104078008040e900c0d52000014878003c
:1029b40025cb220044cb2200c3d5200012c0b30093
:1029c4000102200000cab300cc8f02000100000005
:1029d40025cb220044cb2200c3d5200012c0b30073
:1029e4000102200000cab300dc90020001000000d4
:1029f40010c0b300004f78009e489000d0c2b300ce
:102a040080cf5000bd003a00c0d52000904078002f
:102a140040c3b30080cf50003a003e00c0d5200030
:102a24009040780000c2b30080cf500035003600db
:102a34001e4078000004e00032003a00c0d52000b7
:102a44009040780040c3b30080cf500016003a0095
:102a5400c0d5200041c3b3000148780025cb220033
:102a640044cb2200c3d5200012c0b30001022000d1
:102a740000cab300cc8f02000100000025cb220065
:102a840044cb2200c3d5200012c0b30001022000b1
:102a940000cab300dc9002000100000010c0b300c3
:102aa400004f780017003700c0d520001040780090
:102ab4008040e800c0d520000148780025cb2200e2
:102ac40044cb2200c3d5200012c0b3000102200071
:102ad40000cab300cc8f02000100000025cb220005
:102ae40044cb2200c3d5200012c0b3000102200051
:102af40000cab300dc9002000100000010c0b30063
:102b0400004f7800c0d520009040780040c5b30045
:102b140080cf50003a003e00c0d52000904078009d
:102b2400a0c4b30080cf5000350036001e407800aa
:102b34000004e00032003a00c0d520009040780044
:102b440040c5b30080cf500016003a00c0d5200025
:102b540011c2b3000148780025cb220044cb2200e7
:102b6400c3d5200012c0b3000102200000cab30084
:102b7400cc8f02000100000025cb220044cb2200b0
:102b8400c3d5200012c0b3000102200000cab30064
:102b9400dc9002000100000010c0b300004f780078
:102ba40017003700c0d52000104078008040e800ae
:102bb400c0d520000148780025cb220044cb220058
:102bc400c3d5200012c0b3000102200000cab30024
:102bd400cc8f02000100000025cb220044cb220050
:102be400c3d5200012c0b3000102200000cab30004
:102bf400dc9002000100000010c0b300004f780018
:102c0400c0d520009040780040c7b30080cf50006a
:102c14003a003e00c0d5200090407800f0c5b300d3
:102c240080cf5000350036001e4078000004e000dc
:102c340032003a00c0d520009040780040c7b3006d
:102c440080cf500016003a00c0d52000b1c4b300b4
:102c54000148780025cb220044cb2200c3d52000b4
:102c640012c0b3000102200000cab300cc8f0200de
:102c74000100000025cb220044cb2200c3d5200054
:102c840012c0b3000102200000cab300dc900200ad
:102c94000100000010c0b300004f78001700370097
:102ca400c0d52000104078008040e800c0d5200046
:102cb4000148780025cb220044cb2200c3d5200054
:102cc40012c0b3000102200000cab300cc8f02007e
:102cd4000100000025cb220044cb2200c3d52000f4
:102ce40012c0b3000102200000cab300dc9002004d
:102cf4000100000010c0b300004f78008e4890001f
:102d0400c0d520001040780080cf5000240032004d
:102d14009e489000b0c2b30080cf50002000320023
:102d24009e489000d0c2b30080cf50001c003200f7
:102d34006800470025cb220044cb220080017800a4
:102d440012c0b3000102200000cab300cc8f0200fd
:102d54000100000025cb220044cb2200c3d5200073
:102d640012c0b3000102200000cab300dc900200cc
:102d74000100000010c0b300004f780008003700c5
:102d840025cb220044cb2200c3d5200012c0b300bf
:102d94000102200000cab300dc9002000100000020
:102da400690047004300200000017800d1f12a00a7
:102db4003ea09000b01607000000e000a70132001a
:102dc4006900470016a3020001000000004f9800ac
:102dd4009e489000b0c2b30080cf5000bd003a00be
:102de400e0d520009040780040c3b30080cf50006d
:102df4003a003e00e0d520009040780000c2b300c5
:102e040080cf5000350036001e4078000004e000fa
:102e140032003a00e0d520009040780010c2b300a0
:102e240080cf500016003a00e0d5200041c5b30021
:102e34000148780025cb220044cb2200e3d52000b2
:102e440012c0b3002102200000cab300cc8f0200dc
:102e54000100000025cb220044cb2200e3d5200052
:102e640012c0b3002102200000cab300dc900200ab
:102e74000100000010c0b300004f780017003700b5
:102e8400e0d52000104078008040e900e0d5200023
:102e94000148780025cb220044cb2200e3d5200052
:102ea40012c0b3002102200000cab300cc8f02007c
:102eb4000100000025cb220044cb2200e3d52000f2
:102ec40012c0b3002102200000cab300dc9002004b
:102ed4000100000010c0b300004f7800e0d52000ce
:102ee4009040780040c5b30080cf50003a003e00c7
:102ef400e0d5200090407800a0c4b30080cf5000fb
:102f0400350036001e4078000004e00032003a002c
:102f1400e0d5200090407800b0c4b30080cf5000ca
:102f240016003a00e0d5200041c7b30001487800fc
:102f340025cb220044cb2200e3d5200012c0b300ed
:102f44002102200000cab300cc8f0200010000005f
:102f540025cb220044cb2200e3d5200012c0b300cd
:102f64002102200000cab300dc900200010000002e
:102f740010c0b300004f780017003700e0d52000e0
:102f8400104078008040e900e0d520000148780036
:102f940025cb220044cb2200e3d5200012c0b3008d
:102fa4002102200000cab300cc8f020001000000ff
:102fb40025cb220044cb2200e3d5200012c0b3006d
:102fc4002102200000cab300dc90020001000000ce
:102fd40010c0b300004f7800e0d520009040780086
:102fe40040c7b30080cf50003a003e00e0d5200037
:102ff40090407800f0c5b30080cf50003500360013
:103004001e4078000004e00032003a00e0d52000c1
:103014009040780000c6b30080cf500016003a00fc
:10302400e0d5200001c6b3000148780025cb22007a
:1030340044cb2200e3d5200012c0b30021022000bb
:1030440000cab300cc8f02000100000025cb22008f
:1030540044cb2200e3d5200012c0b300210220009b
:1030640000cab300dc9002000100000010c0b300ed
:10307400004f780017003700e0d52000104078009a
:103084008040e900e0d520000148780025cb2200eb
:1030940044cb2200e3d5200012c0b300210220005b
:1030a40000cab300cc8f02000100000025cb22002f
:1030b40044cb2200e3d5200012c0b300210220003b
:1030c40000cab300dc9002000100000010c0b3008d
:1030d400004f78009e489000d0c2b30080cf5000cb
:1030e400bd003a00e0d520009040780040c3b30012
:1030f40080cf50003a003e00e0d520009040780098
:1031040000c2b30080cf5000350036001e40780066
:103114000004e00032003a00e0d52000904078003e
:1031240040c3b30080cf500016003a00e0d5200021
:1031340041c3b3000148780025cb220044cb2200d0
:10314400e3d5200012c0b3002102200000cab3005e
:10315400cc8f02000100000025cb220044cb2200ca
:10316400e3d5200012c0b3002102200000cab3003e
:10317400dc9002000100000010c0b300004f780092
:1031840017003700e0d52000104078008040e800a8
:10319400e0d520000148780025cb220044cb220052
:1031a400e3d5200012c0b3002102200000cab300fe
:1031b400cc8f02000100000025cb220044cb22006a
:1031c400e3d5200012c0b3002102200000cab300de
:1031d400dc9002000100000010c0b300004f780032
:1031e400e0d520009040780040c5b30080cf500067
:1031f4003a003e00e0d5200090407800a0c4b3001f
:1032040080cf5000350036001e4078000004e000f6
:1032140032003a00e0d520009040780040c5b30069
:1032240080cf500016003a00e0d5200011c2b30050
:103234000148780025cb220044cb2200e3d52000ae
:1032440012c0b3002102200000cab300cc8f0200d8
:103254000100000025cb220044cb2200e3d520004e
:1032640012c0b3002102200000cab300dc900200a7
:103274000100000010c0b300004f780017003700b1
:10328400e0d52000104078008040e800e0d5200020
:103294000148780025cb220044cb2200e3d520004e
:1032a40012c0b3002102200000cab300cc8f020078
:1032b4000100000025cb220044cb2200e3d52000ee
:1032c40012c0b3002102200000cab300dc90020047
:1032d4000100000010c0b300004f7800e0d52000ca
:1032e4009040780040c7b30080cf50003a003e00c1
:1032f400e0d5200090407800f0c5b30080cf5000a6
:10330400350036001e4078000004e00032003a0028
:10331400e0d520009040780040c7b30080cf500033
:1033240016003a00e0d52000b1c4b300014878008b
:1033340025cb220044cb2200e3d5200012c0b300e9
:103344002102200000cab300cc8f0200010000005b
:1033540025cb220044cb2200e3d5200012c0b300c9
:103364002102200000cab300dc900200010000002a
:1033740010c0b300004f780017003700e0d52000dc
:10338400104078008040e800e0d520000148780033
:1033940025cb220044cb2200e3d5200012c0b30089
:1033a4002102200000cab300cc8f020001000000fb
:1033b40025cb220044cb2200e3d5200012c0b30069
:1033c4002102200000cab300dc90020001000000ca
:1033d40010c0b300004f78008e489000e0d5200064
:1033e4001040780080cf5000240032009e489000a6
:1033f400b0c2b30080cf5000200032009e4890003d
:10340400d0c2b30080cf50001c00320068004700d7
:1034140025cb220044cb22008001780012c0b300e7
:103424002102200000cab300cc8f0200010000007a
:1034340025cb220044cb2200e3d5200012c0b300e8
:103444002102200000cab300dc9002000100000049
:1034540010c0b300004f78000800370025cb2200cd
:1034640044cb2200e3d5200012c0b3002102200087
:1034740000cab300dc9002000100000069004700ac
:10348400430020000001780041f22a003ea0900091
:10349400f91407000000e000a701320069004700aa
:1034a40016a3020001000000004f98009e489000ff
:1034b400b0c2b30080cf5000bd003a00d0d6200087
:1034c4009040780040c3b30080cf50003a003e00e3
:1034d400d0d620009040780000c2b30080cf5000c6
:1034e400350036001e4078000004e00032003a0047
:1034f400d0d620009040780010c2b30080cf500096
:1035040016003a00d0d6200041c5b3000148780027
:1035140025cb220044cb2200d3d6200012c0b30016
:103524001141200000cab300cc8f0200010000004a
:1035340025cb220044cb2200d3d6200012c0b300f6
:103544001141200000cab300dc9002000100000019
:1035540010c0b300004f780017003700d0d6200009
:10356400104078008040e900d0d62000014878005f
:1035740025cb220044cb2200d3d6200012c0b300b6
:103584001141200000cab300cc8f020001000000ea
:1035940025cb220044cb2200d3d6200012c0b30096
:1035a4001141200000cab300dc90020001000000b9
:1035b40010c0b300004f7800d0d6200090407800af
:1035c40040c5b30080cf50003a003e00d0d6200062
:1035d40090407800a0c4b30080cf5000350036007e
:1035e4001e4078000004e00032003a00d0d62000eb
:1035f40090407800b0c4b30080cf500016003a0069
:10360400d0d6200041c7b3000148780025cb220062
:1036140044cb2200d3d6200012c0b30011412000b5
:1036240000cab300cc8f02000100000025cb2200a9
:1036340044cb2200d3d6200012c0b3001141200095
:1036440000cab300dc9002000100000010c0b30007
:10365400004f780017003700d0d6200010407800c3
:103664008040e900d0d620000148780025cb220014
:1036740044cb2200d3d6200012c0b3001141200055
:1036840000cab300cc8f02000100000025cb220049
:1036940044cb2200d3d6200012c0b3001141200035
:1036a40000cab300dc9002000100000010c0b300a7
:1036b400004f7800d0d620009040780040c7b30077
:1036c40080cf50003a003e00d0d6200090407800d1
:1036d400f0c5b30080cf5000350036001e4078009e
:1036e4000004e00032003a00d0d620009040780078
:1036f40000c6b30080cf500016003a00d0d6200098
:1037040001c6b3000148780025cb220044cb220037
:10371400d3d6200012c0b3001141200000cab30068
:10372400cc8f02000100000025cb220044cb2200f4
:10373400d3d6200012c0b3001141200000cab30048
:10374400dc9002000100000010c0b300004f7800bc
:1037540017003700d0d62000104078008040e900e0
:10376400d0d620000148780025cb220044cb22008b
:10377400d3d6200012c0b3001141200000cab30008
:10378400cc8f02000100000025cb220044cb220094
:10379400d3d6200012c0b3001141200000cab300e8
:1037a400dc9002000100000010c0b300004f78005c
:1037b4009e489000d0c2b30080cf5000bd003a00b4
:1037c400d0d620009040780040c3b30080cf500092
:1037d4003a003e00d0d620009040780000c2b300ea
:1037e40080cf5000350036001e4078000004e00011
:1037f40032003a00d0d620009040780040c3b30095
:1038040080cf500016003a00d0d6200041c3b30048
:103814000148780025cb220044cb2200d3d62000d7
:1038240012c0b3001141200000cab300cc8f0200c3
:103834000100000025cb220044cb2200d3d6200077
:1038440012c0b3001141200000cab300dc90020092
:103854000100000010c0b300004f780017003700cb
:10386400d0d62000104078008040e800d0d6200058
:103874000148780025cb220044cb2200d3d6200077
:1038840012c0b3001141200000cab300cc8f020063
:103894000100000025cb220044cb2200d3d6200017
:1038a40012c0b3001141200000cab300dc90020032
:1038b4000100000010c0b300004f7800d0d62000f3
:1038c4009040780040c5b30080cf50003a003e00dd
:1038d400d0d6200090407800a0c4b30080cf500020
:1038e400350036001e4078000004e00032003a0043
:1038f400d0d620009040780040c5b30080cf50005f
:1039040016003a00d0d6200011c2b3000148780056
:1039140025cb220044cb2200d3d6200012c0b30012
:103924001141200000cab300cc8f02000100000046
:1039340025cb220044cb2200d3d6200012c0b300f2
:103944001141200000cab300dc9002000100000015
:1039540010c0b300004f780017003700d0d6200005
:10396400104078008040e800d0d62000014878005c
:1039740025cb220044cb2200d3d6200012c0b300b2
:103984001141200000cab300cc8f020001000000e6
:1039940025cb220044cb2200d3d6200012c0b30092
:1039a4001141200000cab300dc90020001000000b5
:1039b40010c0b300004f7800d0d6200090407800ab
:1039c40040c7b30080cf50003a003e00d0d620005c
:1039d40090407800f0c5b30080cf50003500360029
:1039e4001e4078000004e00032003a00d0d62000e7
:1039f4009040780040c7b30080cf500016003a00d2
:103a0400d0d62000b1c4b3000148780025cb2200f1
:103a140044cb2200d3d6200012c0b30011412000b1
:103a240000cab300cc8f02000100000025cb2200a5
:103a340044cb2200d3d6200012c0b3001141200091
:103a440000cab300dc9002000100000010c0b30003
:103a5400004f780017003700d0d6200010407800bf
:103a64008040e800d0d620000148780025cb220011
:103a740044cb2200d3d6200012c0b3001141200051
:103a840000cab300cc8f02000100000025cb220045
:103a940044cb2200d3d6200012c0b3001141200031
:103aa40000cab300dc9002000100000010c0b300a3
:103ab400004f78008e489000d0d620001040780047
:103ac40080cf5000240032009e489000b0c2b30062
:103ad40080cf5000200032009e489000d0c2b30036
:103ae40080cf50001c0032006800470025cb220024
:103af40044cb22008001780012c0b30011412000a1
:103b040000cab300cc8f02000100000025cb2200c4
:103b140044cb2200d3d6200012c0b30011412000b0
:103b240000cab300dc9002000100000010c0b30022
:103b3400004f78000800370025cb220044cb220038
:103b4400d3d6200012c0b3001141200000cab30034
:103b5400dc90020001000000a1f22a00f0b3200072
:103b640028d202000100000030079800be00900037
:103b7400f0b3200080804000b0d5200010407800d1
:103b84000041eb00d2a0020001000000be00900042
:103b94000080400030079800be009000f0b3200081
:103ba40000804000a1f32a0028d202000100000096
:103bb400be0090000080400030079800be009000d6
:103bc400f0b3200080804000d0d520001040780061
:103bd4000041eb00d2a0020001000000be009000f2
:103be4000080400030079800be009000f0b3200031
:103bf4000080400011f42a0028d2020001000000d5
:103c0400be0090000080400030079800be00900085
:103c1400f0b3200080804000f0d5200010407800f0
:103c24000041eb00d2a0020001000000be009000a1
:103c34000080400030079800be009000f0b32000e0
:103c44000080400071f42a0028d202000100000024
:103c5400be0090000080400030079800be00900035
:103c6400f0b320008080400040d62000104078004f
:103c74000041eb00d2a0020001000000be00900051
:103c84000080400030079800be009000f0b3200090
:103c940000804000d1f42a0028d202000100000074
:103ca400be0090000080400030079800be009000e5
:103cb400f0b320008080400000d62000104078003f
:103cc4000041eb00d2a0020001000000be00900001
:103cd4000080400030079800be009000f0b3200040
:103ce4000080400031f52a0028d2020001000000c3
:103cf400be0090000080400030079800be00900095
:103d0400f0b320000080400091f52a0028d2020080
:103d140001000000be0090000080400030079800c1
:103d2400be009000f0b320008080400050d62000f8
:103d34001040780058a20200010000003e009000ec
:103d44000080e80030079800be009000f0b3200027
:103d540000804000b1f52a0028d2020001000000d2
:103d6400be0090000080400030079800be00900024
:103d7400f0b320000080400091f52a0028d2020010
:103d840001000000be009000008040003007980051
:103d9400be009000f0b320008080400060d6200078
:103da4001040780058a20200010000003e0090007c
:103db4000080e80030079800be009000f0b32000b7
:103dc4000080400011f62a0028d202000100000001
:103dd400be0090000080400030079800be009000b4
:103de400f0b320000080400091f52a0028d20200a0
:103df40001000000be0090000080400030079800e1
:103e0400be009000f0b320008080400070d62000f7
:103e14001040780058a20200010000003e0090000b
:103e24000080e80030079800be009000f0b3200046
:103e34000080400071f62a0028d202000100000030
:103e4400be0090000080400030079800be00900043
:103e5400f0b320000080400091f52a0028d202002f
:103e640001000000be009000008040003007980070
:103e7400be009000f0b320008080400080d6200077
:103e84001040780058a20200010000003e0090009b
:103e94000080e80030079800be009000f0b32000d6
:103ea40000804000e1f62a0028d202000100000050
:103eb400be0090000080400030079800be009000d3
:103ec400f0b320000080400091f52a0028d20200bf
:103ed40001000000be009000008040003007980000
:103ee400be009000f0b320008080400090d62000f7
:103ef4001040780058a20200010000003e0090002b
:103f04000080e80030079800be009000f0b3200065
:103f14000080400051f72a0028d20200010000006e
:103f2400be0090000080400030079800be00900062
:103f3400f0b320000080400091f52a0028d202004e
:103f440001000000be00900000804000300798008f
:103f5400be009000f0b3200080804000a0d6200076
:103f64001040780058a20200010000003e009000ba
:103f74000080e80030079800be009000f0b32000f5
:103f840000804000c1f72a0028d20200010000008e
:103f9400be0090000080400030079800be009000f2
:103fa400f0b320000080400091f52a0028d20200de
:103fb40001000000be00900000804000300798001f
:103fc400be009000f0b3200080804000b0d62000f6
:103fd4001040780058a20200010000003e0090004a
:103fe4000080e80030079800be009000f0b3200085
:103ff4000080400031f82a0028d2020001000000ad
:10400400be0090000080400030079800be00900081
:10401400f0b3200000804000b1f82a0028d202004a
:1040240001000000be0090000080400030079800ae
:10403400be009000f0b3200080804000c0d6200075
:104044001040780058a20200010000003e009000d9
:104054000080e80030079800be009000f0b3200014
:1040640000804000e1f82a0028d20200010000008c
:10407400be0090000080400030079800be00900011
:10408400f0b320000080400041f92a0028d2020049
:1040940001000000be00900000804000300798003e
:1040a400be009000f0b320000080400091f52a008b
:1040b40028d2020001000000be00900000804000f1
:1040c40030079800be009000f0b3200080804000cc
:1040d400c0d520001040780058a202000100000062
:1040e4003e0090000080e80030079800be00900079
:1040f400f0b3200000804000b1f92a0028d2020069
:1041040001000000be0090000080400030079800cd
:10411400be009000f0b320000080400091f52a001a
:1041240028d2020001000000be0090000080400080
:1041340030079800be009000f0b32000808040005b
:10414400e0d520001040780058a2020001000000d1
:104154003e0090000080e80030079800be00900008
:10416400f0b320000080400031fa2a0028d2020077
:1041740001000000be00900000804000300798005d
:10418400be009000f0b320000080400091f52a00aa
:1041940028d2020001000000be0090000080400010
:1041a40030079800be009000f0b3200080804000eb
:1041b400d0d620001040780058a202000100000070
:1041c4003e0090000080e800300798001e40780010
:1041d400e14f50000d003a00801f22007040900013
:1041e4000004e00009003200801f22001000780063
:1041f400610060000000e00004003a00801f22001b
:10420400704090000cb70200010000000080fa002a
:1042140000000600b800fa00209f9800319f980023
:10422400a1fa2a000e00780028d202000100000042
:10423400be9890000e00780011ea07000080fa0092
:10424400000006000800fa002007980031079800d3
:10425400c1032b00f0b3200028d2020001000000ab
:10426400000f78000000eb00100798003a003700b8
:104274001e009000f50f5000340032001e00900024
:10428400e40f5000310032001e009000e50f500092
:104294002e0032001e009000e60f50002b0032006a
:1042a4001e009000e70f5000280032001e0090000e
:1042b400f00f5000250032009e007800f0b320007b
:1042c40000804000f1882a0028d20200010000008a
:1042d4001e0f40009e007800f0b320008080400054
:1042e4001e009000004078000041eb00d2a00200c4
:1042f400010000001e0f40009e007800f0b3200073
:104304000080400021892a0028d202000100000018
:104314001e0f40009e007800f0b320000081400092
:104324001e0090006600b90000007800e400400020
:1043340000312100008040001000780082007800e5
:10434400049f0200010000001e0f40001e009000a8
:104354000000e800100798001e009000f70f5000be
:10436400c3ff34009e007800f0b3200000804000ba
:1043740031042b0028d20200010000001e0f40006f
:104384009e007800f0b320008080400040e12000cf
:10439400104078000041eb00d2a0020001000000b0
:1043a4001e0f40000080fa0000000600aa00fa0078
:1043b40030979800419798000040eb0040479800e0
:1043c4006600470081042b0028d20200010000008f
:1043d40010079800660047005f0c07000060fe00ad
:1043e4006600470081072b0028d20200010000006c
:1043f4001007980066004700ce90900094dd0700f7
:104404000060fe0066004700f10a2b0028d202007b
:1044140001000000100798001e009000e60047000d
:10442400008040000041eb0080007800e0c1b30050
:10443400d2a00200010000009e0090000080400015
:1044440010079800e40047006600470062e1070097
:104454000060fe0066004700d10e2b0028d2020047
:1044640001000000100798001e009000e6004700bd
:104474000080400080007800e07f2000049f02005c
:10448400010000009e00900000804000100798008a
:10449400e4004700660047004fe107000060fe00ab
:1044a40066004700d1112b0028d202000100000051
:1044b40010079800e40047006600470055ff070016
:1044c4000060fe000000eb00000f78001e003700c3
:1044d40066004700a1122b0028d202000100000050
:1044e400100798001e009000e600470080804000fe
:1044f4001e007800004078000041eb00d2a00200ca
:10450400010000009e009000008040001007980009
:104514001e009000e60047000080400011132b00ad
:1045240028d20200010000009e009000008040009c
:1045340010079800e4004700660047008bdf07007f
:104544000060fe001e0fe8001e007800e90f500016
:10455400dfff360066004700b1132b0028d20200ab
:104564000100000010079800e400470066004700bf
:104574005de5070020002000000f78001e003700d2
:104584006600470051152b0028d2020001000000ec
:10459400100798001e009000e6004700808040004d
:1045a4001e007800004078000041eb00d2a0020019
:1045b400010000009e009000008040001007980059
:1045c4001e009000e600470000804000c1152b004b
:1045d40028d20200010000009e00900000804000ec
:1045e40010079800e4004700660047003ee5070016
:1045f4000060fe001e0fe8001e007800e40f50006b
:10460400dfff3400e0d8200001cab300014878007d
:1046140025cb220044cb2200e3d8200012c0b300f3
:10462400a103200000cab300cc8f020001000000e7
:1046340025cb220044cb2200e3d8200012c0b300d3
:10464400a103200000cab300dc90020001000000b6
:10465400e006210051c0b3000148780025cb2200b8
:1046640044cb2200e306210012c0b300c1032000a2
:1046740000cab300cc8f020001000000f006210044
:1046840001c5b3000148780025cb220044cb2200a9
:10469400f306210012c0b300d103200000cab30006
:1046a400cc8f020001000000f0d8200051cab300f2
:1046b4000148780025cb220044cb2200f3d8200007
:1046c40012c0b300b12e200000cab300cc8f020088
:1046d4000100000025cb220044cb2200f3d82000a7
:1046e40012c0b300b12e200000cab300dc90020057
:1046f40001000000400d23001066890020cc220038
:1047040025cb220044cb22008001780022c0b300d4
:10471400f12e200000cab300cc8f0200010000007b
:104724000000eb001066890020cc220025cb22007b
:1047340044cb22008001780022c0b300f12e200077
:1047440000cab300dc90020001000000006b2300eb
:104754002066890040cc220025cb220044cb2200d5
:104764008001780022c0b300112f200000cab300da
:10477400cc8f0200010000000000eb0020668900dd
:1047840040cc220025cb220044cb220080017800bb
:1047940022c0b300112f200000cab300dc90020035
:1047a40001000000401f20003066890060cc220018
:1047b40025cb220044cb22008001780022c0b30024
:1047c400312f200000cab300cc8f0200010000008a
:1047d4000000eb003066890060cc220025cb22006b
:1047e40044cb22008001780022c0b300312f200086
:1047f40000cab300dc9002000100000080cc22005b
:104804008040eb000148780025cb220044cb2200f5
:1048140083cc220012c0b3004102200000cab300be
:10482400cc8f02000100000025cb220044cb2200e3
:1048340083cc220012c0b3004102200000cab3009e
:10484400dc9002000100000000ad220021c3b3008f
:104854000148780025cb220044cb220003ad22007e
:1048640012c0b300b12f200000cab300cc8f0200e5
:104874000100000025cb220044cb220003ad22001e
:1048840012c0b300b12f200000cab300dc900200b4
:104894000100000040012000806b880000d7200048
:1048a40025cb220044cb22008001780022c0b30033
:1048b4009142200000cab300cc8f02000100000026
:1048c40000d7200025cb220044cb220080017800b1
:1048d40022c0b3009142200000cab300dc90020061
:1048e40001000000002b2100d1c2b3000148780070
:1048f40025cb220044cb2200032b210012c0b3009d
:10490400e103200000cab300cc8f020001000000c4
:1049140025cb220044cb2200032b210012c0b3007c
:10492400e103200000cab300dc9002000100000093
:10493400102b2100c1c3b3000148780025cb22000d
:1049440044cb2200132b210012c0b300f10320003a
:1049540000cab300cc8f02000100000025cb220066
:1049640044cb2200132b210012c0b300f10320001a
:1049740000cab300dc90020001000000702e210088
:1049840061c1b3000148780025cb220044cb22004a
:10499400732e210012c0b300c12f200000cab3003f
:1049a400cc8f02000100000025cb220044cb220062
:1049b400732e210012c0b300c12f200000cab3001f
:1049c400dc90020001000000802e210091c1b300a0
:1049d4000148780025cb220044cb2200832e2100fd
:1049e40012c0b300d12f200000cab300cc8f020044
:1049f4000100000025cb220044cb2200832e21009d
:104a040012c0b300d12f200000cab300dc90020012
:104a140001000000902e2100e1c4b3000148780099
:104a240025cb220044cb2200932e210012c0b300d8
:104a3400e12f200000cab300cc8f02000100000067
:104a440025cb220044cb2200932e210012c0b300b8
:104a5400e12f200000cab300dc9002000100000036
:104a6400d1162b00f0b3200028d202000100000070
:104a7400100798000080fa00000006000800fa0001
:104a8400200798003107980061172b00f0b320002d
:104a940028d2020001000000000f78000000eb00a3
:104aa40010079800180037001e0090000000e00076
:104ab400070034009e007800f0b32000008040001e
:104ac400a1892a0028d20200010000001e0f400024
:104ad400f2bc21001e0090007f00b90000007800a5
:104ae400800041001e017800f0b320000000410066
:104af40028d20200010000001e0f40001e0090009a
:104b04000000e800100798001e009000e30f50001a
:104b1400e5ff34009e007800f0b3200000804000e0
:104b240001182b0028d20200010000001e0f4000d3
:104b3400b1c421001e017800f0b320000000410040
:104b440028d20200010000001e0f40000080fa007d
:104b5400000006000600fa001007980021079800dc
:104b6400130020000e01780021182b001e00900075
:104b7400410f07000000e0000f0032009e40780063
:104b840010c3b30080cf500004003a0011c0b3003a
:104b94000001200006340200010000009e4078005d
:104ba40020c3b30080cf500003003a00d006210098
:104bb4008040eb0001487800130020000e017800cb
:104bc40071182b001e0090002b0f07000000e0005e
:104bd400070032009e40780010c3b30080cf50001d
:104be40003003a00c08020008040eb0001487800b8
:104bf400130020000e017800f1182b001e00900015
:104c04001d0f07000000e000070032009e407800fe
:104c140010c3b30080cf500003003a00e02a210003
:104c240011c0b30001487800f0b320003dd607005e
:104c34000080fa00000006000c00fa00400798000b
:104c4400510798000e80e80033002000000178002e
:104c540001c52a004e009000070f07000000e00085
:104c640038003200ae40900010c3b30080cf500033
:104c740034003a00a0c72200104078000004e0008d
:104c840030003a00a0c7220011c0b30001487800e8
:104c940010002000c09c880041192b00f0b32000b4
:104ca40028d2020001000000000f78009e00780066
:104cb400f0b32000008040008000780060052100ef
:104cc400b1d507000080fb001e0f40000e80e800f5
:104cd4003300200000017800111a2b004e009000d0
:104ce400e50e07000000e000160032000e80e80028
:104cf40098a2020001000000806b880000d7200009
:104d040025cb220044cb22008001780022c0b300ce
:104d14009142200000cab300cc8f020001000000c1
:104d240000d7200025cb220044cb2200800178004c
:104d340022c0b3009142200000cab300dc900200fc
:104d4400010000000080fa00000006000a00fa00da
:104d54003007980041079800611a2b00f0b3200037
:104d640028d2020001000000000f78009e007800a5
:104d7400f0b320000080400080007800001721007c
:104d840081d507000080fb001e0f40009e007800c4
:104d9400f0b3200000804000411b2b0028d2020009
:104da400010000001e0f40009e007800f0b32000b8
:104db40080804000c08b8000049f0200010000003e
:104dc4001e0f40009e007800f0b3200000804000d9
:104dd400218d2a0028d20200010000001e0f40008d
:104de4009e007800f0b3200080804000a0172100ce
:104df400104078000041eb00d2a002000100000046
:104e04001e0f40009e007800f0b320000080400098
:104e1400911b2b0028d20200010000001e0f40004d
:104e2400e00920001e005000100798001e009000aa
:104e34000000e000150034009e009000f0092000fe
:104e4400808f500011003c009e009000000721005c
:104e540000804000904078004147980001072100fd
:104e64001e017800f0b320000000410028d20200a7
:104e7400010000001e0f40009e009000000721006a
:104e840000804000ce409000014878009e007800e9
:104e9400f0b3200000804000e11b2b0028d2020068
:104ea400010000001e0f4000f00420009e00780066
:104eb400808f500058003c009e007800f0b3200022
:104ec40000804000011c2b0028d2020001000000d9
:104ed4001e0f40009e007800f0b3200000804000c8
:104ee40080007800c027210027d507000080fb0040
:104ef4001e0f40009e007800f0b3200000804000a8
:104f0400411b2b0028d20200010000001e0f4000ac
:104f14009e007800f0b32000808040002094800040
:104f2400049f0200010000001e0f40009e00780054
:104f3400f0b3200000804000218d2a0028d2020016
:104f4400010000001e0f40009e007800f0b3200016
:104f54008080400060282100104078000041eb0070
:104f6400d2a00200010000001e0f40009e00780045
:104f7400f0b3200000804000911b2b0028d20200d7
:104f8400010000001e0f4000e00920001e00500038
:104f9400100798001e0090000000e0001700340085
:104fa4009e009000f0092000808f500013003c0008
:104fb4001e009000c11020008080400000072100e6
:104fc400008040009040780041479800c1172100bc
:104fd4001e017800f0b320000000410028d2020036
:104fe400010000001e0f40009e009000c017210029
:104ff40000804000ce409000014878009e00780078
:10500400f0b3200000804000a11c2b0028d2020035
:10501400010000001e0f40000080fa00000006009e
:105024000800fa0020079800310798000e80e80075
:10503400130020000001780001c52a002e00900012
:105044000d0e07000000e0003a003200ae40900070
:1050540010c3b30080cf500004003200ae40900073
:1050640020c3b30080cf500032003a003e009000cd
:105074000000e00007003a002e40900080407800d5
:1050840000cdb30080c04000e0e02000014878007b
:10509400280037003e0090001ad3020001000000ef
:1050a4000000e00023003200a0dd20001040780062
:1050b4000004e0000e003a00be009000a0dd2000d5
:1050c40028d20200010000002e40900080407800a9
:1050d40000cdb30080c0400000e12000014878000a
:1050e40060aa220011c0b300014878001100370003
:1050f40040df2000104078000004e0000d003a007a
:10510400be00900040df200028d202000100000011
:105114002e4090008040780000cdb30080c0400055
:1051240010e120000148780060aa220011c0b300f9
:105134000148780060aa2200104078000004e000d2
:1051440052003a00d11c2b00f0b3200028d20200f8
:1051540001000000000f78009e007800f0b32000ea
:1051640080804000e0e02000104078000041eb0027
:10517400d2a00200010000001e0f40009e00780033
:10518400f0b3200000804000b11d2b0028d20200a3
:10519400010000001e0f4000a0dd20001040780038
:1051a4000004e000080032009e007800f0b3200004
:1051b40000804000a1dd200028d202000100000090
:1051c4001e0f4000070037009e007800f0b3200057
:1051d40000804000f1812a0028d202000100000072
:1051e4001e0f40009e007800f0b3200000804000b5
:1051f400211e2b0028d20200010000001e0f4000d7
:1052040040df2000104078000004e0000800320075
:105214009e007800f0b320000080400041df2000b1
:1052240028d20200010000001e0f400007003700d2
:105234009e007800f0b3200000804000f1812a0035
:1052440028d20200010000001e0f40009e007800da
:10525400f0b3200000804000911e2b0028d20200f1
:10526400010000001e0f40009e007800f0b32000f3
:1052740080804000f0e02000104078000041eb0006
:10528400d2a00200010000001e0f40000080fa00be
:10529400000006000800fa00200798003107980073
:1052a400f11e2b00f0b3200028d202000100000000
:1052b400000f78000e80e800130020000001780041
:1052c40001c52a002e0090006b0d07000000e000cd
:1052d4000a003200ae40900010c3b30080cf5000eb
:1052e40003003a00eeb6020001000000050037009a
:1052f40000c3b300204798000200370000c3b30086
:1053040020479800ae409000f0b320001e004000fb
:10531400014878001e0fe800f0b320001e00400092
:105324008040eb00014878000080fa00000006008d
:105334000600fa00100798002107980013002000c7
:105344000e01780001c52a001e0090004a0d0700d6
:105354000000e0000e0032009e407800d0c4b3008c
:1053640080cf500003003a0010ad220021c0b300ea
:10537400014878009e40780000c5b30080cf5000fb
:1053840003003a0010ad220011c0b30001487800b8
:1053940010ad2200104078000004e0000400320048
:1053a40001202b00f0b3200028d2020001000000ed
:1053b4000080fa00000006000800fa0020079800a8
:1053c400310798000e80e8001300200000017800e7
:1053d40001c52a002e009000270d07000000e00000
:1053e4001c003200ae40900010c3b30080cf5000c8
:1053f40007003a00409b8000e20f500004003a008e
:1054040080dd200011c0b30001487800030037009c
:1054140080dd20008040eb000148780091202b00c3
:10542400f0b3200028d2020001000000000f780031
:105434009e007800f0b320008080400080dd2000d2
:10544400104078000041eb00d2a0020001000000ef
:105454001e0f40000080fa00000006000c00fa0055
:1054640040079800510798000e80e80033002000a0
:105474000001780091212b004e009000fe0c0700e3
:105484000000e0001a0032000e80e800f29d0200e5
:105494000100000060479800ee409000702e21004b
:1054a4001040780080cf50001100320066004700a1
:1054b40025cb220044cb22008001780012c0b30027
:1054c400c12f200000cab300cc8f020001000000ed
:1054d40025cb220044cb2200732e210012c0b3003e
:1054e400c12f200000cab300dc90020001000000bc
:1054f4000e80e8003300200000017800f1212b0029
:105504004e009000dc0c07000000e0001a0032009e
:105514000e80e800f29d0200010000006047980040
:10552400ee409000802e21001040780080cf500083
:10553400110032006600470025cb220044cb220034
:105544008001780012c0b300d12f200000cab3003c
:10555400cc8f02000100000025cb220044cb2200a6
:10556400832e210012c0b300d12f200000cab30043
:10557400dc900200010000000e80e80033002000ef
:105584000001780061222b004e009000ba0c070045
:105594000000e0001d0032000e80e800f29d0200d1
:1055a4000100000060479800ae409000e0c4b300e2
:1055b40080cf500004003200ae40900010c4b3000d
:1055c40080cf500011003a000e80e80025cb220065
:1055d40044cb22008001780012c0b300e12f2000e8
:1055e40000cab300cc8f02000100000025cb2200ca
:1055f40044cb2200932e210012c0b300e12f2000df
:1056040000cab300dc90020001000000c1222b009c
:10561400f0b3200028d2020001000000000f78003f
:105624009e007800f0b3200080804000602e2100ae
:10563400104078000041eb00d2a0020001000000fd
:105644001e0f40009e007800f0b320000080400050
:10565400a1232b0028d20200010000001e0f4000ed
:105664009e007800f0b3200080804000702e21005e
:10567400104078000080fb00049f0200010000003d
:105684001e0f40009e007800f0b320000080400010
:1056940011242b0028d20200010000001e0f40003c
:1056a4009e007800f0b3200080804000802e21000e
:1056b400104078000080fb00049f020001000000fd
:1056c4001e0f40009e007800f0b3200000804000d0
:1056d40091242b0028d20200010000001e0f40007c
:1056e400902e21001040780080407800f0b3200014
:1056f4001e004000014878001e0fe800f0b32000af
:105704001e0040008040eb00014878000080fa0051
:10571400000006000200fa00000f780070b12000bb
:10572400104078000004e0001c0032000100370043
:105734001e0fe8001e0078009040780000c2b300fd
:1057440080cf5000070032001e007800104078001f
:105754000004e000f6ff3a00030037001e0fe800e3
:1057640001003700000000001e007800904078001f
:1057740000c2b30080cf5000f8ff32001e00780052
:10578400104078000004e000040032000041eb0007
:105794009e00780070b12000f10c0700f0b32000e7
:1057a400b0d107000080fa00000006001c00fa00d7
:1057b400500f9800930120000e01780041c82a0080
:1057c4005e0890002c0c07000000e0000c00320082
:1057d4009e407800a0c5b30080cf500004003a007a
:1057e40070b120008040eb000148780004003700cd
:1057f4008e00780070b1200028d202000100000061
:10580400f0b3200097d107000080fa0000000600e2
:105814000a00fa0030079800410798000e80e8005b
:10582400230020000001780001252b003e00900099
:10583400110c07000000e000200032002e40900010
:105844008040780000cdb30080c0400000da200022
:105854000148780000da2000104078000004e000dd
:105864001300320000da200010407800e44f5000aa
:105874000f003e0041252b00f0b3200028d2020087
:1058840001000000000f78009e007800f0b32000b3
:105894008080400000da2000104078000041eb00d6
:1058a400d2a00200010000001e0f400003003700d8
:1058b40000da20008040eb00014878000080fa0004
:1058c400000006001200fa0070079800010f98000b
:1058d4000e80e800130020000001780011262b0040
:1058e4007e009000e40b07000000e0001500320089
:1058f400ae40900030c5b30080cf500005003a00a0
:1059040061262b00f0b3200028d202000100000021
:10591400000f7800ae409000e0c4b30080cf500088
:1059240008003a0041272b00f0b3200028d20200df
:1059340001000000000f78000040eb008eb502006b
:10594400010000000080fa00000006000400fa00d4
:10595400000f780011079800106d8000520a200093
:1059640080007800f0b32000503d020001000000e8
:105974000080fa00000006000c00fa0030079800ce
:1059840041079800224f98000e00e8001300200001
:105994000001780021282b003e009000b60b070080
:1059a4000000e000110032001e40900080407800aa
:1059b40000cdb30000c04000104798001e40900086
:1059c400e64f500009003c009e4090003005210045
:1059d40001487800e0042100a493020001000000c3
:1059e400e0042100f6920200010000000e00e8002d
:1059f400330020000001780061282b003e00900055
:105a04009d0b07000000e000080032009e4090005b
:105a140010c3b30080cf500004003a0011c0b3009b
:105a24000002200006340200010000000e00e8001d
:105a34003300200000017800b1282b003e009000c4
:105a44008d0b07000000e000080032009e4090002b
:105a540010c3b30080cf500004003a0011c0b3005b
:105a64000004200006340200010000000e00e800db
:105a7400330020000001780001292b003e00900033
:105a84007d0b07000000e000310032009e409000d2
:105a940010c3b30080cf500011003a00f0d82000aa
:105aa40090407800a0c5b30080cf50000c003a00ad
:105ab400f0d8200051cab3000148780025cb220059
:105ac40044cb2200f3d8200012c0b300b12e200032
:105ad40000cab300cc8f020001000000140037009c
:105ae4009e40900000c3b30080cf500010003a00e5
:105af400f0d8200090407800a0c5b30080cf5000bb
:105b04000b003200f0d82000a1c5b3000148780092
:105b140025cb220044cb2200f3d8200012c0b300ce
:105b2400b12e200000cab300cc8f02000100000097
:105b340025cb220044cb2200f3d8200012c0b300ae
:105b4400b12e200000cab300dc9002000100000066
:105b54000e00e800330020000001780051292b00da
:105b64003e009000440b07000000e0001a003200e1
:105b74000e00e800f29d020001000000004f7800d2
:105b840000d92000104078009e4f50000a003200d7
:105b940000d920001e48780025cb220044cb2200e7
:105ba40003d9200012c0b300e12e200000cab300c4
:105bb400cc8f02000100000025cb220044cb220040
:105bc40003d9200012c0b300e12e200000cab300a4
:105bd400dc90020001000000106d8000530a2000d8
:105be4002e49900080007800f0b32000fc2f0200c2
:105bf400010000000080fa00000006000a00fa001c
:105c040030079800410798000e80e8001300200038
:105c140000017800a1292b003e009000160b07001c
:105c24000000e0000b003200ae40900010c3b3004f
:105c340080cf500004003a0011c0b30020c0b3006c
:105c4400c3ce0700030037008040eb0020c0b30040
:105c5400bfce0700012a2b00f0b3200028d2020097
:105c640001000000000f78009e007800f0b32000cf
:105c74008080400020ac22001040780012c0b300a5
:105c8400d2a00200010000001e0f40009e00780018
:105c9400f0b3200000804000e12a2b0028d202004b
:105ca400010000001e0f400080aa2200104078006e
:105cb4000004e000080032009e007800f0b32000e9
:105cc4000080400081aa220028d2020001000000c6
:105cd4001e0f4000070037009e007800f0b320003c
:105ce40000804000f1812a0028d202000100000057
:105cf4001e0f40009e007800f0b32000008040009a
:105d0400412b2b0028d20200010000001e0f40008e
:105d14009e007800f0b320000080400080007800ee
:105d240030ac220098d107000080fb001e0f400019
:105d34009e007800f0b3200000804000912b2b00df
:105d440028d20200010000001e0f4000e0d820000d
:105d5400104078000080fb00620060000000e0005a
:105d6400080032009e007800f0b32000008040005c
:105d740011842a0028d20200010000001e0f4000f6
:105d8400070037009e007800f0b320000080400038
:105d940031842a0028d20200010000001e0f4000b6
:105da4000e80e800130020000001780041da2a0088
:105db4003e009000b00a07000000e0000e00320030
:105dc400ae40900010c3b30080cf50000a003a00e8
:105dd40020ac22008040eb00014878009e0078004f
:105de400f0b3200000804000012c2b0028d20200d8
:105df400010000001e0f40000080fa0000000600b1
:105e04000800fa00300798000e80e80033002000f4
:105e140000017800712c2b003e009000960a0700c8
:105e24000000e000090032000e80e80098a20200a1
:105e34000100000010408800408020008040eb00fa
:105e440001487800401f2000d0988800c12c2b0006
:105e5400f0b3200028d2020001000000000f7800f7
:105e64009e007800f0b32000808040001040800045
:105e74000040780032c0b300d2a00200010000004c
:105e84001e0f40009e007800f0b320000080400008
:105e9400f12d2b0028d20200010000001e0f40004b
:105ea40081c322001e017800f0b3200000004100ed
:105eb40028d20200010000001e0f40000080fa00fa
:105ec400000006000a00fa00300798004107980015
:105ed400130020000e01780001c52a003e00900046
:105ee400650a07000000e0003b0032009e40780095
:105ef40010c3b30080cf5000040032009e407800ed
:105f040020c3b30080cf500015003a001e40780033
:105f14008040780000cdb30080c04000e0dc200069
:105f2400014878006400470000017800512e2b00de
:105f34003e0090009ad30200010000000000e0003f
:105f44000a003200e0dc2000104078008040780035
:105f54000134a000e0dc2000014878000300370091
:105f6400e0dc20008040eb00014878004e00900007
:105f74000000e0001800320020ad2200104078003c
:105f84000004e00014003a00c20120008000eb008d
:105f940020ad2200c804020000000000ce009000e2
:105fa40020ad220028d20200010000006400470056
:105fb40000017800b12e2b003e0090009ad302001d
:105fc400010000000000e00003003200d0ae220017
:105fd40011c0b30001487800e0dc200010407800d4
:105fe4000004e00007003200f0b320008040eb0022
:105ff4000148780060aa220011c0b300014878006b
:1060040011003700012f2b00f0b3200028d202002a
:1060140001000000200798002e0090008000780006
:10602400f0b3200080804000e0dc200010407800c5
:1060340012c0b300d2a0020001000000ae00900024
:1060440001004000200798000080fa0000000600cc
:106054000200fa00000f7800701d22001040780042
:106064000081fb00501f2200104078008080fb005c
:1060740040e98000821f7800811f7800801f78002b
:1060840010302b00801f7800f0b32000920402002f
:1060940000000000e88757000080fa0000000600b6
:1060a4000400fa00000f780011079800e0dc2000db
:1060b40011c0b3000148780060aa220011c0b300e7
:1060c400014878001e0090000000e0000e0032003d
:1060d40020ad2200104078000004e0000a003a00dd
:1060e4009e00900020ad220028d202000100000092
:1060f400c0ae220011c0b30001487800d0ae220027
:106104008040eb00014878000080fa00000006009f
:106114000e00fa0050079800610798000e80e8000e
:106124001300200000017800d1312b005e009000a4
:10613400d10907000000e0001c003200ae409000ce
:1061440010c3b30080cf500018003a0050e1200083
:1061540011c0b300014878006e0090000000e00018
:10616400120032006e009000104078000004e0003d
:106174000e003200ee00900080e1200028d20200e0
:10618400010000006e0090008040eb0001487800a0
:1061940060b1200010407800e94f500003003e0039
:1061a40060b12000a1c0b300014878000e80e8006f
:1061b400330020000001780021322b005e009000a3
:1061c400ad0907000000e0000b0032000e80e8007b
:1061d400349e0200010000000000fb00b070880043
:1061e400b07080000000e0000300320050e12000a5
:1061f4008040eb00014878000e80e8005300200046
:106204000001780091322b005e0090009a0907008b
:106214000000e000220032000e80e80098a2020094
:1062240001000000000f7800106681009e007800d5
:10623400808f50001a00320000e823009e0078008e
:10624400808f500016003e009e0078001166890081
:1062540020cc220025cb220044cb220080017800f0
:1062640022c0b300f12e200000cab300cc8f02007c
:10627400010000000000eb001066890020cc220021
:1062840025cb220044cb22008001780022c0b30039
:10629400f12e200000cab300dc90020001000000cf
:1062a4000e80e8005300200000017800e1322b004a
:1062b4005e009000700907000000e0002200320038
:1062c4000e80e80098a2020001000000000f780090
:1062d400206681009e007800808f50001a003200f2
:1062e400400125009e007800808f500016003e007b
:1062f4009e0078002166890040cc220025cb220034
:1063040044cb22008001780022c0b300112f20006a
:1063140000cab300cc8f0200010000000000eb00b3
:106324002066890040cc220025cb220044cb2200e9
:106334008001780022c0b300112f200000cab300ee
:10634400dc900200010000000e80e80053002000f1
:106354000001780031332b005e00900046090700ed
:106364000000e000220032000e80e80098a2020043
:1063740001000000000f7800306681009e00780064
:10638400808f50001a003200007721009e007800b0
:10639400808f500016003e009e0078003166890010
:1063a40060cc220025cb220044cb2200800178005f
:1063b40022c0b300312f200000cab300cc8f0200ea
:1063c400010000000000eb003066890060cc220070
:1063d40025cb220044cb22008001780022c0b300e8
:1063e400312f200000cab300dc900200010000003d
:1063f4000e80e800330020000001780091332b0068
:106404005e0090001c0907000000e0001a00320042
:106414000e80e800f29d020001000000004f980089
:106424008e48900080cc22001040780080cf50002d
:10643400110032006800470025cb220044cb220023
:106444008001780012c0b3004102200000cab300ea
:10645400cc8f02000100000025cb220044cb220097
:1064640083cc220012c0b3004102200000cab30052
:10647400dc90020001000000f0b32000f0350200bf
:10648400010000000080fa00000006000800fa0085
:106494002007980031079800d1332b00f0b3200077
:1064a40028d2020001000000000f78000000eb0079
:1064b400100798009e007800f0b320008080400010
:1064c4001e0090004200dd000080e80072ff200002
:1064d4006240780022c0b300d2a002000100000094
:1064e4001e0f40009e007800f0b320008080400022
:1064f4001e0090004200dd0062ff20006240780030
:1065040022c0b300d2a00200010000001e0f400010
:106514009e007800f0b32000808040001e009000b0
:106524004200dd0072ff20006240780022c0b30008
:10653400d2a00200010000001e0f40009e0078005f
:10654400f0b32000808040001e0090004200dd0077
:106554000080e80062ff20006240780022c0b3009f
:10656400d2a00200010000001e0f40009e0078002f
:10657400f0b3200000804000e1892a0028d2020004
:10658400010000001e0f40001e0090000000e80003
:10659400100798001e009000f30f500004003c0008
:1065a400500920009e007800808f5000c1ff340005
:1065b4000080fa0000000600ce00fa0050a7980000
:1065c40061a7980061342b00f0b3200028d20200a8
:1065d40001000000000f780071f18000002020000d
:1065e400008060000000e000a7013a00103981003b
:1065f4000000e000a4013a00e0d421008040eb0058
:1066040001487800e0d821008040eb000148780080
:106614009e007800f0b320000080400011352b006c
:1066240028d20200010000001e0f4000680047004d
:10663400030c20000001780071352b005ea090004f
:106644008d0807000000e0002b00320068004700be
:1066540003042000e2d42100c1352b008608070082
:106664000000eb0010079800030037001e009000a4
:106674000000e800100798009e009000f00320003e
:10668400808f50000f003c001e0090008080e800c6
:10669400c0d4210000804000104078000004e000d5
:1066a400080032001e0090008080e800c0d4210061
:1066b4000080400090407800f0c2b30080cf5000ca
:1066c400eaff3a009e009000e0d4210000804000e0
:1066d4008040eb00014878001e00900069004000f3
:1066e400e80047000080400080007800e0d82100e6
:1066f40028d20200010000009e007800f0b32000c0
:1067040000804000c1352b0028d2020001000000a7
:106714001e0f40009e007800f0b32000008040006f
:10672400e1d4210028d20200010000001e0f400025
:106734009e007800f0b3200000804000a1892a0068
:1067440028d20200010000001e0f40009e007800c5
:10675400f0b3200000804000e1d8210028d20200dc
:10676400010000001e0f40009e007800f0b32000de
:106774000080400051362b0028d2020001000000a6
:106784001e0f4000680047005300200000017800fd
:10679400c1362b005ea09000370807000000e0001f
:1067a400050032006800470098a2020001000000c2
:1067b40060ea880002003700b01b200060ea88000d
:1067c4009e007800f0b320008080400060ea8000e2
:1067d400049f0200010000001e0f40009e0078008c
:1067e400f0b320000080400021372b0028d20200a3
:1067f400010000001e0f4000680047001300200045
:106804000001780081372b005ea090001a08070071
:106814000000e0008000320068004700f29d0200a2
:1068240001000000e1e22100804878009e00780029
:10683400f0b3200080804000e0e2210010407800a6
:106844000080fb00049f0200010000001e0f4000b6
:10685400e0e22100104078000004e00005003a0066
:10686400d1372b00e0e0210028d202000100000013
:1068740069003700e0e2210010407800e14f500049
:1068840005003a0091382b00e0e0210028d20200f4
:106894000100000060003700e0e2210010407800b1
:1068a400e24f500005003a0091392b00e0e021004e
:1068b40028d202000100000057003700e0e2210066
:1068c40010407800e34f500005003a00813a2b0055
:1068d400e0e0210028d20200010000004e00370051
:1068e400e0e2210010407800e44f50004a003a00f2
:1068f400680047001300200000017800a13b2b0032
:106904005ea09000dc0707000000e00042003200b7
:1069140068004700f29d02000100000070479800e3
:106924007e4090000080fb00e30f50002100320005
:10693400e30f500007003c00e10f50001300320049
:10694400e10f500016003c000000e0000a00320095
:1069540031003700e50f500020003200e50f5000f1
:1069640019003500e60f500021003200e70f5000f7
:106974002400320028003700218e2a00e0e02100a4
:1069840028d202000100000023003700c18e2a0033
:10699400e0e0210028d20200010000001e003700c0
:1069a400f13b2b00e0e0210028d2020001000000ae
:1069b40019003700913c2b00e0e0210028d20200ae
:1069c4000100000014003700e1912a00e0e02100fa
:1069d40028d20200010000000f003700618f2a0056
:1069e400e0e0210028d20200010000000a00370084
:1069f40001902a00e0e0210028d2020001000000fa
:106a040005003700a1902a00e0e0210028d202000e
:106a1400010000000000000068004700630020003f
:106a240000017800213d2b005ea090009207070032
:106a34000000e000120032006800470098a2020043
:106a440001000000406589009e007800f0b320003a
:106a540000804000913d2b0028d20200010000007c
:106a64001e0f40009e007800f0b32000808040009c
:106a740040658100049f0200010000001e0f4000d9
:106a8400680047006300200000017800113e2b00dd
:106a94005ea09000780707000000e00015003200b7
:106aa40068004700a09e02000100000050658900b4
:106ab400616589009e007800f0b3200000804000ea
:106ac400a13e2b0028d20200010000001e0f40004e
:106ad4009e007800f0b320000081400050658100e2
:106ae4006165810063c0b30096a10200010000004b
:106af4001e0f40006800470043002000000178009a
:106b0400413f2b005ea090005b0707000000e000ff
:106b14001f0032006800470098a202000100000034
:106b2400200798002e009000e20f500002003e0063
:106b34003000200020079800ae009000f00f2000e5
:106b4400808f500002003600f00f200020079800cc
:106b5400ae009000716589009e007800f0b32000bb
:106b640000804000b13f2b0028d202000100000049
:106b74001e0f40009e007800f0b32000808040008b
:106b840070658100049f0200010000001e0f400098
:106b940068004700330020000001780031402b00da
:106ba4005ea09000340707000000e0001d003200e2
:106bb40068004700f29d0200010000006047980051
:106bc400ee40900040c6b30080cf50000200360073
:106bd40040c6b3006047980000cb2200ee4090000e
:106be400014878009e007800f0b320000080400047
:106bf400a1402b0028d20200010000001e0f40001b
:106c04009e007800f0b320008080400000cb22007a
:106c1400104078000080fb00049f02000100000087
:106c24001e0f4000e0d42100104078000004e00072
:106c34001e003200e0d82100104078000004e0007b
:106c4400190032006ea090000000e0000500320040
:106c5400eea0900080e3210028d202000100000091
:106c64000300370080e321008040eb0001487800f6
:106c740070f180000090a00070f188000000eb002b
:106c840080f18800090037009e007800f0b32000ee
:106c94000080400021412b0028d2020001000000a6
:106ca4001e0f40000100370000000000f0b3200078
:106cb4001e0040008040eb00014878000080fa008c
:106cc400000006005e00fa00302f9800412f980063
:106cd400522f9800632f98000e80e8009301200043
:106ce4000001780041c82a003e289000e20607000f
:106cf4000000e0005e0032007c00470063002000da
:106d04000001780041422b003e289000da0607007b
:106d14000000e0006c0032007c0047008000780036
:106d240020b32000a4050200000000000000e000e1
:106d340065003a00300220000e004000920120005d
:106d44008000eb00c80402000000000030022000b4
:106d54000e00400024cb220043cb22000001780027
:106d64006102200000cab300c0d00200010000008c
:106d74000040eb00407f98008e80e8003002200045
:106d84000e004000f0d3020001000000e54f500067
:106d94004d00360010b3200010407800e34f50003f
:106da40049003a0010b3200041c0b3000148780004
:106db4004e2890000000e000290032005e28900078
:106dc4000000e000260032006e2890000000e00081
:106dd40023003200d00320000e00400081422b002b
:106de40028d2020001000000000f78001e00780085
:106df400d10320008e80400000804000de289000f7
:106e040028d20200010000001e0f40001e0078007e
:106e1400d10320008e8040000080400001182b0028
:106e240028d20200010000001e0f40001e0078005e
:106e3400d10320008e80400000804000ee289000a6
:106e440028d20200010000001e0f4000d0032000e1
:106e54000e00400012c0b3008000eb00e3dd070029
:106e640060aa220011c0b300014878001600370060
:106e74000e80e800930120000001780011262b0009
:106e84003e2890007c0607000000e0000700320066
:106e9400ae40900010c3b30080cf500003003a000e
:106ea40010b3200021c0b3000148780010b32000c3
:106eb400104078000004e00003003a0010b3200002
:106ec40011c0b30001487800c1422b00f0b3200088
:106ed40028d2020001000000000f78009e00780014
:106ee400f0b320008080400010b3200010407800f0
:106ef4000041eb00d2a00200010000001e0f400080
:106f04000080fa00000006001a00fa00889fbe0004
:106f1400300f9800410f980021442b00f0b320005b
:106f240028d2020001000000100798009e00900083
:106f3400f0b320000080400011452b0028d202004d
:106f4400010000009e00900000804000100798009f
:106f54009e009000f0b320000080400091452b007b
:106f640028d20200010000009e0090000080400032
:106f7400100798009e009000f0b3200000804000ad
:106f8400e1452b0028d20200010000009e00900081
:106f940000804000100798006500470025cb2200c0
:106fa40044cb22008001780032c0b300710320007a
:106fb40000cab300dc900200010000009e009000b3
:106fc400f0b320000080400051462b0028d202007c
:106fd400010000009e00900000804000100798000f
:106fe4005e409000e14f400003003a0010c0b3003f
:106ff400004f7800020037000040eb00004f78009b
:107004009e009000f0b32000808040005e4090001d
:1070140058a20200010000009e0090000080400081
:107024001007980010c0b3004047980020003700b4
:107034009e009000f0b3200000804000e1892a0007
:1070440028d20200010000009e0090000080400051
:10705400100798009e009000f0b32000808040004c
:107064004e4090000080fb0000004700504090001c
:1070740058a20200010000009e0090000080400021
:10708400100798004e4090000080fb00000047006d
:1070940050409000e14f4000020032000040eb00fd
:1070a400004f78004e4090000040e80040479800b0
:1070b4004e409000e24f5000ddff36007300470061
:1070c4001300200000017800a1462b003e08900028
:1070d400e90507000000e000180032000040eb0062
:1070e40040579800be509000f0c2b30080cf5000cb
:1070f40007003600be50900090c3b30080cf50000c
:1071040003003e001e407800e14f500002003a00a8
:1071140000c3b300305798007300470025cb22000a
:1071240044cb22008001780012c0b300e1012000aa
:1071340000cab300cc8f0200010000009e00900042
:10714400f0b3200000804000e1462b0028d202006a
:10715400010000009e00900000804000100798008d
:107164007300470025cb220044cb22008001780025
:1071740012c0b300e101200000cab300dc90020099
:10718400010000000040eb0040579800be50900002
:10719400f0c2b30080cf50000b003600be50900008
:1071a40090c3b30080cf500007003e00be50900053
:1071b40000c3b30080cf5000100032001e4078009e
:1071c400e14f50000d003a0000c3b300305798005f
:1071d4000040eb00405798007300470025cb220085
:1071e40044cb22008001780012c0b300e1012000ea
:1071f40000cab300cc8f020001000000f300470076
:107204001e019000f0b320000000410028d20200cb
:10721400010000009e0090000080400010079800cc
:1072240000c62100104078000004e0001300320082
:107234009e009000f0b320000080400031472b00f6
:1072440028d20200010000009e009000008040004f
:107254001007980001c621001e019000f0b3200021
:107264000000410028d20200010000009e009000ae
:107274000080400010079800090037009e0090002d
:10728400f0b3200000804000a1472b0028d2020068
:10729400010000009e00900000804000100798004c
:1072a400a0bb2100104078000004e000130032006d
:1072b4009e009000f0b320000080400021482b0085
:1072c40028d20200010000009e00900000804000cf
:1072d40010079800a1bb21001e019000f0b320000c
:1072e4000000410028d20200010000009e0090002e
:1072f4000080400010079800090037009e009000ad
:10730400f0b320000080400091482b0028d20200f6
:10731400010000009e0090000080400010079800cb
:107324009e009000f0b320000080400011492b0023
:1073340028d20200010000009e009000008040005e
:1073440010079800f1bc21001e019000f0b320004a
:107354000000410028d20200010000009e009000bd
:107364000080400010079800690047009300200047
:107374000001780071492b003e0890003e0507008b
:107384000000e000060032009e48900010c3b300e5
:1073940080cf500002003a0010c0b300004f7800c4
:1073a4001e407800e14f500068003a006900470031
:1073b4009300200000017800d1492b003e08900082
:1073c4002d0507000000e000600032000040eb00e3
:1073d40040479800080037004e4090000080fb00b2
:1073e400000047008040eb00514098004e40900060
:1073f4000040e800404798004e409000e24f5000a3
:10740400f5ff36000040eb00404798000000eb0019
:107414001007980026003700e90047001e0090007e
:107424000080400090407800a0c3b30080cf50009b
:1074340004003a004e4090000040e80040479800a5
:10744400180037004e4090000080fb00ce409000b2
:107454008180fb0081004700d1409000c408dd001a
:1074640000004700514098004e4090000084fb000b
:107474004e4090000080fb0000004700d044900084
:10748400e90047001e009000008040001040780092
:1074940046a002000100000080c0740008004700fc
:1074a400514098001e0090000000e800100798006a
:1074b400e90047001e009000008040001040780062
:1074c4000004e000030032004e409000e24f500000
:1074d400d1ff36004e409000e24f50001b003a00ae
:1074e4006500470025cb220044cb220080017800b0
:1074f40032c0b3007103200000cab300cc8f020075
:107504000100000000c3b300305798000040eb00b6
:10751400405798007300470025cb220044cb22003b
:107524008001780012c0b300e101200000cab3005a
:10753400cc8f0200010000000040eb00305798009f
:1075440073004700ce0890006ffe07004f04be0092
:107554000080fa00000006000200fa00000f780024
:10756400114a2b00f0b3200028d2020001000000d1
:107574000080fa00000006000600fa0010079800d8
:1075840021079800714b2b00f0b3200028d2020091
:1075940001000000000f78009e007800f0b3200086
:1075a40000804000114c2b0028d202000100000092
:1075b4001e0f40009e007800f0b3200000804000c1
:1075c400e14c2b0028d20200010000001e0f4000f5
:1075d4009e007800f0b3200000804000614d2b0035
:1075e40028d20200010000001e0f40000080fa00b3
:1075f400000006000400fa00100798000040eb00a9
:10760400004f78001e0090000000e00003003a00e4
:1076140010c0b300004f780024003700e0d82000e9
:10762400104078000080fb00620060000000e00071
:10763400170032001e00900090407800b0c2b300e2
:1076440080cf500012003a0020ac22001040780095
:10765400e14f500007003e0020ac220010407800ab
:107664008040e80020ac22000148780010c0b3003c
:10767400004f78009e00900080aa220028d20200c9
:107684000100000030ac2200f6920200010000006c
:107694009e00900080aa220028d20200010000006f
:1076a40030ac2200f6920200010000001e40780077
:1076b4000080fa00000006002800fa002017980055
:1076c40031179800c2978000d397800070942300ec
:1076d40051af27000002690081826900c2978000cf
:1076e400d397800080e72d0031af250000016900a9
:1076f40081816900c6978000d797800060ae27001b
:107704004163220000006b0081806b00640347002a
:10771400849fbe00829fbe00809fbe00104e2b003f
:10772400801f780006007800920402000000000028
:10773400ee8757000000eb00100798000000eb00f4
:10774400000f7800df0037001e007800ae109000b4
:10775400008040009e0078002e11900081004100be
:1077640091407800014178000105210091417800a1
:107774009e0078008140780081c0610081417800da
:10778400640247009e00900081004200914078000e
:1077940081c141009e0090008100e8008100470003
:1077a400c140900081c141009e0090008180e800aa
:1077b40081004700c140900081c0410081404100e8
:1077c400014878001e0090000000e80010079800af
:1077d400e40047001e009000008040001040780044
:1077e4000004e00002003a000000eb0010079800db
:1077f4001e007800ae109000008040009040780099
:10780400f0c2b30080cf5000070034001e0078009f
:10781400ae109000008040009040780090c3b30008
:1078240080cf5000a60034001e007800ae109000f7
:10783400008040009040780000c6b30080cf500024
:10784400070034001e007800ae1090000080400055
:1078540090407800a0c7b30080cf50009800340057
:107864001e007800ae109000008040009040780028
:1078740000c4b30080cf5000070034001e0078001d
:10788400ae1090000080400090407800a0c5b30086
:1078940080cf50008a0034001e007800ae109000a3
:1078a4000080400090407800a0c2b30080cf500018
:1078b400830032001e007800ae109000008040006b
:1078c4009040780030c2b30080cf50007c0032007a
:1078d4001e007800ae1090000080400090407800b8
:1078e400d0c2b30080cf5000750032001e00780073
:1078f400ae1090000080400090407800b0c2b30009
:1079040080cf50006e0032001e007800ae10900050
:10791400008040009040780010c2b30080cf500037
:10792400670032001e007800ae1090000080400016
:107934009040780060c2b30080cf500060003200f5
:107944001e007800ae109000008040009040780047
:10795400c0c7b30080cf5000590032001e00780029
:10796400ae109000008040009040780000c4b30046
:1079740080cf5000520032001e007800ae109000fc
:107984000080400090407800d0c3b30080cf500006
:107994004b0032001e007800ae10900000804000c2
:1079a4009e0078002e1190008100410091407800e3
:1079b400f143b200014878001e007800ae10900038
:1079c4000080400010407800e94f50000a003c005d
:1079d4001e007800ae109000008040009e007800e9
:1079e4002e11900081004100914078000143b000c5
:1079f40001487800270037001e007800ae10900080
:107a0400008040009040780030c2b30080cf500026
:107a14000a003c001e007800ae1090000080400078
:107a24009e0078002e119000810041009140780062
:107a34007145b00001487800160037001e00780038
:107a4400ae1090000080400090407800d0c3b30096
:107a540080cf50000a003c001e007800ae10900059
:107a6400008040009e0078002e11900081004100ab
:107a740091407800fdc040000148780005003700bf
:107a84001e007800ae10900000804000a1c2b30038
:107a9400014878001e007800ae109000008040007d
:107aa400104078000004e00005003a001e00780051
:107ab400ae10900000804000a1c5b30001487800da
:107ac4001e0fe8003e1090009e007800808f50004a
:107ad4001dff35003e109000ae1090000080400065
:107ae4008040eb00014878002e1090000080fa00de
:107af400000006006c00fa004037980051379800e7
:107b0400c0978000d197800061004000e080480069
:107b1400c0978800d1978800c0978000d1978000d3
:107b2400320220000e014100809fbe00b04e2b00a7
:107b3400801f780002007800920402000000000018
:107b4400e6875700f14e2b00f0b3200028d2020044
:107b540001000000000f78009e007800f0b32000c0
:107b640000804000310220008e80400028d20200b4
:107b7400010000001e0f40009e007800f0b32000ba
:107b840000804000a14f2b0028d202000100000019
:107b94001e0f40000040eb00206798000e80e800b4
:107ba40001022000c4fe07009e007800f0b320000c
:107bb400008040008e80e80028d20200010000000e
:107bc4001e0f4000310220008e8040000e80e8002d
:107bd400e28b0200010000009e007800f0b3200058
:107be40000804000f14f2b0028d202000100000069
:107bf4001e0f40009e007800f0b32000008040007b
:107c0400310220008e80400028d2020001000000d2
:107c14001e0f4000f0b320001e0040008040eb0027
:107c2400014878000080fa00000006000e00fa0007
:107c3400300798004107980052079800630798009e
:107c4400f0b320008040eb00014878006400470056
:107c54000001780051502b003e0090009ad302009e
:107c6400010000000000e0000400320060aa2200cd
:107c740011c0b300014878000300370060aa220055
:107c84008040eb00014878003e00900010407800ee
:107c94000000fb006101b900f0fb2f00f1ff2f0091
:107ca40002004000838048005201200003002000ad
:107cb400820f5000838f58008b023e000060010049
:107cc4001500370030003700390037006f003700e7
:107cd400850237009c003700b9003700d400370014
:107ce400e6003700800237007f023700fe003700cd
:107cf4001a0137007c023700370137004901370089
:107d0400790237006401370097013700dc0137003e
:107d14007502370033023700b1502b003e0090004b
:107d240054d10200010000000000e0000300320012
:107d3400ce0090003e009000b5d0070011512b00fa
:107d44003e00900054d10200010000000000e00059
:107d540003003200ce0090003e00900035d00700b2
:107d640071512b003e00900054d10200010000002c
:107d74000000e0003d023200ce0090003e00900082
:107d84005bd0070058023700b1512b003e00900031
:107d940054d10200010000000000e000350232006e
:107da400ce0090003e00900038d107004e0237000c
:107db400f1512b003e00900054d10200010000005c
:107dc4000000e00003003200ce0090003e0090006e
:107dd40066d1070031522b003e00900054d10200be
:107de400010000000000e00003003200ce0090001b
:107df4003e009000f8d2070091522b003e00900004
:107e040054d10200010000000000e0000300320031
:107e1400ce0090003e00900047d60700f1522b00a0
:107e24003e00900054d10200010000000000e00078
:107e340003003200ce0090003e0090002ad70700d5
:107e440031532b003e00900054d102000100000089
:107e54000000e00003003200ce0090003e009000dd
:107e6400b9d7070071532b003e00900054d1020093
:107e7400010000000000e00000023200ce0090008b
:107e84003e009000f2ce07001702370021542b0069
:107e94003e00900054d10200010000000000e00008
:107ea40003003200ce0090003e009000b2fd0700b7
:107eb40091542b003e00900054d1020001000000b8
:107ec4000000e000040032000041eb00ce0090000e
:107ed4003e009000c5d90700c1542b003e0090001d
:107ee40054d10200010000000000e0000300320051
:107ef400ce0090003e0090001fd9070021552b00b2
:107f04003e00900054d10200010000000000e00097
:107f140003003200ce0090003e0090008ed807008f
:107f240081552b003e00900054d102000100000056
:107f34000000e000d301320060a1200011c0b300b2
:107f440001487800e8013700d1552b003e0090002d
:107f540054d10200010000000000e00006003200dd
:107f64004e0090000000e00003003a00ce009000b4
:107f74003e00900091da070021562b003e0090004d
:107f840054d10200010000000000e00002003200b1
:107f94003e00900070fd070061562b003e009000eb
:107fa40054d10200010000000000e000b7013200db
:107fb400ce0090003e009000e7d80700ca013700c9
:107fc400a1562b003e00900054d102000100000095
:107fd4000000e00003003200ce0090003e0090005c
:107fe400a7da0700f1562b003e00900054d102009e
:107ff400010000000000e00003003200ce00900009
:108004003e0090008ff0070041572b003e00900087
:1080140054d10200010000000000e0009d01320084
:10802400ce0090003e009000e0f00700ae01370063
:10803400b1572b003e00900054d102000100000013
:108044000000e00003003200ce0090003e009000eb
:108054000ef90700f1572b003e00900054d10200a6
:10806400010000000000e0008c013200ce0090000e
:108074003e00900050f907009b01370081582b0007
:108084003e00900054d10200010000000000e00016
:1080940003003200ce0090003e00900077f207000b
:1080a400d1582b003e00900054d102000100000082
:1080b4000000e00003003200ce0090003e0090007b
:1080c400a4f2070021592b003e00900054d1020075
:1080d400010000000000e00003003200ce00900028
:1080e4003e009000d4f20700c1592b003e009000de
:1080f40054d10200010000000000e000030032003f
:10810400ce0090003e009000c5f30700215a2b00da
:108114003e00900054d10200010000000000e00085
:1081240006003a00915a2b003e00900054d1020000
:10813400010000000000e00003003200ce009000c7
:108144003e00900001f30700115b2b003e009000fd
:1081540054d102000100000063013700915b2b0041
:108164003e00900054d10200010000000000e00035
:1081740003003200ce0090003e00900078c9070052
:10818400115c2b003e00900054d10200010000005d
:108194000000e00003003200ce0090003e0090009a
:1081a400f1c90700715c2b003e00900054d102001d
:1081b400010000000000e0003a0132004e0090008f
:1081c4000000e00039013a00ce0090003e0090002b
:1081d400c4c7070044013700f15c2b003e00900047
:1081e40054d10200010000000000e000030032004e
:1081f400ce0090003e009000cdcc0700915d2b0096
:108204003e00900054d10200010000000000e00094
:1082140028013200ce0090003e009000facc070006
:1082240031013700015e2b003e00900054d1020062
:10823400010000000000e00003003200ce009000c6
:108244003e009000a7cc0700315e2b003e0090005a
:1082540054d10200010000000000e00004003200dc
:1082640012c0b300ce0090003e009000c2f507009b
:10827400a15e2b003e00900054d1020001000000da
:108284000000e0000d013200ce0090003e0090009e
:1082940083f7070014013700115f2b003e009000a4
:1082a40054d10200010000000000e000060032008a
:1082b4004e0090000000e00003003a00ce00900061
:1082c4003e009000f3f30700b15f2b003e009000e6
:1082d40054d10200010000000000e000060032005a
:1082e4004e0090000000e00003003a00ce00900031
:1082f4003e00900030f4070041602b003e009000e7
:1083040054d10200010000000000e000030032002c
:10831400ce0090003e00900005f40700b1602b00f1
:108324003e00900054d10200010000000000e00073
:1083340003003200ce0090003e009000edfd0700e7
:10834400f1602b003e00900054d1020001000000b7
:108354000000e000db003200ce0090003e00900000
:108364003ef40700e000370061612b003e009000fe
:1083740054d10200010000000000e00005003200ba
:108384000041eb00ce0090003e0090007af507001b
:10839400d500370091612b003e00900054d10200bb
:1083a400010000000000e000050032004e009000d3
:1083b4000000e00002003a003e009000fbf40700d9
:1083c400d1612b003e00900054d102000100000056
:1083d4000000e000050032004e0090000000e000c4
:1083e40002003a003e009000caf4070001622b002c
:1083f4003e00900054d10200010000000000e000a3
:1084040003003200ce0090003e00900000f507000b
:1084140001ab2a003e00900054d10200010000008c
:108424000000e00003003200ce0090003e00900007
:1084340024f5070071622b003e00900054d1020025
:10844400010000000000e00003003200ce009000b4
:108454003e009000e9f50700f1622b003e00900019
:1084640054d10200010000000000e0009700320037
:10847400ce0090003e00900034f507009a003700cb
:1084840031632b003e00900054d102000100000033
:108494000000e000290032004e0090000000e000df
:1084a40026003a0080802000104078000004e0009c
:1084b40004003200808020008040eb0001487800f6
:1084c400030037008080200011c0b3000148780009
:1084d40091632b00f0b3200028d2020001000000b9
:1084e400200798002e00900080007800f0b3200050
:1084f4008080400080802000104078000041eb0024
:10850400d2a0020001000000ae0090000100400073
:10851400200798002e00900080007800f0b320001f
:108524000080400071852a0028d20200010000006a
:10853400ae009000010040002007980051642b0019
:108544003e00900054d10200010000000000e00051
:10855400040032004e0090000000e00001003a00e8
:10856400ffff3700a1642b003e00900054d10200ad
:10857400010000000000e000050032004e00900001
:108584000000e00002003a003e009000b0f6070050
:10859400f1642b003e00900054d102000100000061
:1085a4000000e00003003200ce0090003e00900086
:1085b40044f6070091652b003e00900054d1020060
:1085c400010000000000e000420032004e00900074
:1085d4000000e00041003a003e00900008f6070069
:1085e4004100370051662b003e00900054d1020038
:1085f400010000000000e00003003200ce00900003
:108604003e009000c2f60700a1662b003e009000d9
:1086140054d102000100000011672b003e009000bd
:1086240054d10200010000000000e0000300320009
:10863400ce0090003e00900033fa070091672b00b3
:108644003e00900054d10200010000000000e00050
:1086540024003200ee0190005e019000ce009000f4
:108664003e00900097f907001f003700000000004b
:108674001d003700000000001b0037000000000050
:108684001900370000000000170037000000000048
:108694001500370000000000130037000000000040
:1086a40011003700000000000f0037000000000038
:1086b4000d003700000000000b0037000000000030
:1086c4000900370000000000070037000000000028
:1086d4000500370000000000030037000000000020
:1086e400010037000000000060aa2200104078005a
:1086f4000004e00007003200f0b320008040eb00eb
:108704000148780060b12000e1c1b300014878005d
:1087140057003700f0b32000104078000004e00058
:1087240034003a004e009000b2fb07002047980046
:108734002e4090000004e0002200320081682b00eb
:10874400f0b3200028d202000100000020079800a6
:108754000000eb00000f78000b0037002e009000a3
:108764009e0078003e019000810041001141780094
:10877400f1b32000827078002e0090000000e80021
:10878400200798001e0fe800ae009000400a200069
:10879400808f500006003c001e007800be00900050
:1087a40000804000104078000004e000ebff3a0035
:1087b4002e009000f1b320000041eb00827078009d
:1087c4001b003700e8d602000100000000692b00fe
:1087d40084d60200010000004e00900084d60200fe
:1087e4000100000070852a0084d602000100000008
:1087f4000f0037004e0090000000e0000900320036
:10880400ce00900080aa2200a4050200000000000f
:108814000000e00003003a0020ac22008040eb009e
:108824000148780060b12000e1c1b300014878003c
:108834004e0090000000e0000d003a00f0b320006c
:10884400104078000004e00009003200f0b320007a
:1088540084d602000100000070852a0084d602003c
:1088640001000000f0b320008040eb0001487800d4
:108874000080fa00000006000e00fa00300798009d
:108884004107980052079800630798000000eb0026
:10889400000f78003e0090000000e000430032002a
:1088a4006400470000017800ce0090003e00900074
:1088b4009ad30200010000000000e0003b003200f7
:1088c4004e009000aea0020001000000ae00900037
:1088d40001004000200798000000eb0010079800fa
:1088e4000e0037001e009000de0090000080400063
:1088f400ae0090003e01900081004100914078005c
:10890400014878002e0090000000e800200798003d
:108914001e0090000000e800100798009e009000e0
:108924006e009000808f500019003d002e009000d2
:10893400be009000008040009040780000c2b30068
:1089440080cf5000120032002e009000be00900034
:108954000080400010407800ea4f50000c003200c4
:108964002e009000be00900000804000104078006f
:10897400ed4f5000060032002e009000be00900023
:1089840000804000104078000004e000d5ff3a0069
:108994001e009000de009000008040008040eb004c
:1089a4000148780010002000000f78001e007800b5
:1089b4000080fa00000006000e00fa00300798005c
:1089c4004107980052079800630798000000eb00e5
:1089d400000f78003e0090000000e00043003200e9
:1089e4006400470000017800ce0090003e00900033
:1089f4009ad30200010000000000e0003b003200b6
:108a04004e009000aea0020001000000ae009000f5
:108a140001004000200798000000eb0010079800b8
:108a24000e0037001e009000de0090000080400021
:108a3400ae0090003e01900081004100914078001a
:108a4400014878002e0090000000e80020079800fc
:108a54001e0090000000e800100798009e0090009f
:108a64006e009000808f500019003d002e00900091
:108a7400be009000008040009040780000c2b30027
:108a840080cf5000120032002e009000be009000f3
:108a94000080400010407800ea4f50000c00320083
:108aa4002e009000be00900000804000104078002e
:108ab400ed4f5000060032002e009000be009000e2
:108ac40000804000104078000004e000d5ff3a0028
:108ad4001e009000de009000008040008040eb000b
:108ae4000148780010002000000f78001e00780074
:108af4000080fa00000006000400fa001007980045
:108b04000040eb00004f7800040037001e00900086
:108b14000000e800100798001e4fe8001e009000b7
:108b240010407800fcd20200010000000000e000c8
:108b3400f6ff3a001e407800e44f500003003a006c
:108b440010c0b300004f7800020037000040eb0073
:108b5400004f78001e4078000080fa0000000600f4
:108b64000800fa001007980021079800624798004f
:108b74006e4090000080fb006100600000407800bf
:108b84000004e0000700320012c0b300ae00900001
:108b94001e009000e0b4020001000000004f7800c5
:108ba400060037000041eb00ae0090001e0090006c
:108bb400e0b4020001000000004f78001e4078007d
:108bc400e14f500007003a000002eb008001eb0087
:108bd400629c220051922200906a2b000ac5070071
:108be400060037000002eb008001eb001e0190003c
:108bf400ae009000106b2b0003c507001e407800e8
:108c04000080fa00000006000800fa0020479800df
:108c14002107980032079800916b2b0070a1200067
:108c240028d2020001000000000f78004201200059
:108c34008000eb0000fe2000c804020000000000d9
:108c440000fe200025cb220044cb220080017800c6
:108c540042c1b3004100200000cab300dc9002000e
:108c64000100000040ff20008040eb000148780034
:108c74009e00780070a120000080400001fe2000ca
:108c840028d20200010000001e0f40009e00780060
:108c940070a1200000804000616c2b0028d20200eb
:108ca400010000001e0f40009e00780070a120000b
:108cb40000804000be00900028d2020001000000a5
:108cc4001e0f40009e00780070a12000008040002c
:108cd40001cc2a0028d20200010000001e0f40002f
:108ce4009e00780070a12000008040000041eb004d
:108cf400800078002e409000d2a002000100000005
:108d04001e0f40009e00780070a1200000804000eb
:108d1400e18b2a0028d20200010000001e0f40004f
:108d24009e00780070a1200080804000106d8000bb
:108d3400049f0200010000001e0f40009e00780006
:108d440070a1200000804000c16c2b0028d20200da
:108d5400010000001e0f40009e00780070a120005a
:108d640000804000fc2e0200010000000080fb0097
:108d74001e0f400012c0b30071a120002e0090000d
:108d840077ff07000080fa00000006000c00fa00dc
:108d9400204798002107980032079800430798005d
:108da400244f98002e4890000004e0000600320092
:108db400116d2b0070a1200028d2020001000000d8
:108dc400000f780005003700216e2b0070a12000f1
:108dd40028d2020001000000000f780042012000a8
:108de4008000eb0000fe2000c80402000000000028
:108df40000fe200025cb220044cb22008001780015
:108e040042c1b3004100200000cab300dc9002005c
:108e14000100000040ff20008040eb000148780082
:108e24009e00780070a120000080400001fe200018
:108e340028d20200010000001e0f40002e489000be
:108e44000004e000080032009e00780070a12000b9
:108e540000804000f16e2b0028d2020001000000c7
:108e64001e0f4000070037009e00780070a120000c
:108e740000804000b1812a0028d2020001000000d5
:108e84001e0f40009e00780070a12000008040006a
:108e9400be00900028d20200010000001e0f400016
:108ea4002e4890000004e0001f003a009e00780065
:108eb40070a120000080400001cc2a0028d20200ca
:108ec400010000001e0f40009e00780070a12000e9
:108ed400008040000041eb00800078002e409000ac
:108ee400d2a00200010000001e0f40009e00780086
:108ef40070a1200000804000e18b2a0028d20200eb
:108f0400010000001e0f40009e00780070a12000a8
:108f140080804000106d8000049f0200010000006a
:108f24001e0f40000e0037009e00780070a1200044
:108f340000804000616f2b0028d202000100000075
:108f44001e0f40009e00780070a120008080400029
:108f5400106d8000049f0200010000001e0f4000fd
:108f64002e4890000004e000080032009e007800c3
:108f740070a1200000804000e16f2b0028d2020085
:108f8400010000001e0f4000070037009e0078001b
:108f940070a1200000804000f1802a0028d2020045
:108fa400010000001e0f40009e00780070a1200008
:108fb40000804000800078004e009000049f020072
:108fc400010000001e0f400012c0b30071a1200078
:108fd4002e009000e2fe07000080fa000000060068
:108fe4000a00fa00204798002107980032079800e9
:108ff4004307980041702b0070a1200028d2020082
:1090040001000000000f7800420120008000eb0006
:1090140000fe2000c80402000000000000fe200042
:1090240025cb220044cb22008001780042c1b3004a
:109034004100200000cab300dc90020001000000df
:1090440040ff20008040eb00014878009e0078003b
:1090540070a120000080400001fe200028d2020000
:10906400010000001e0f40009e00780070a1200047
:1090740000804000b1812a0028d2020001000000d3
:109084001e0f40009e00780070a120000080400068
:10909400be00900028d20200010000001e0f400014
:1090a4009e00780070a120000080400001cc2a00be
:1090b40028d20200010000001e0f40009e0078002c
:1090c40070a12000008040000041eb008000780087
:1090d4002e409000d2a00200010000001e0f4000ac
:1090e4009e00780070a1200000804000f1802a00da
:1090f40028d20200010000001e0f40009e007800ec
:1091040070a1200000804000800078004e00900094
:10911400049f0200010000001e0f40009e00780022
:1091240070a1200000804000e18b2a0028d20200b8
:10913400010000001e0f40009e00780070a1200076
:1091440080804000106d8000049f02000100000038
:1091540012c0b30071a120002e00900080fe070011
:109164000080fa00000006000800fa00204798007a
:10917400210798003207980011712b0070a120007c
:1091840028d2020001000000000f780042012000f4
:109194008000eb0000fe2000c80402000000000074
:1091a40000fe200025cb220044cb22008001780061
:1091b40042c1b3004100200000cab300dc900200a9
:1091c4000100000040ff20008040eb0001487800cf
:1091d4009e00780070a120000080400001fe200065
:1091e40028d20200010000001e0f40009e007800fb
:1091f40070a1200000804000b1812a0028d2020022
:10920400010000001e0f40009e00780070a12000a5
:1092140000804000be00900028d20200010000003f
:109224001e0f40009e00780070a1200000804000c6
:1092340001cc2a0028d20200010000001e0f4000c9
:109244009e00780070a12000008040000041eb00e7
:10925400800078002e409000d2a00200010000009f
:109264001e0f40009e00780070a120000080400086
:10927400e18b2a0028d20200010000001e0f4000ea
:109284009e00780070a1200080804000106d800056
:10929400049f02000100000012c0b30071a120006d
:1092a4002e0090002efe07000080fa000000060049
:1092b4000e00fa0020479800210798003207980012
:1092c400034f9800144f9800254f9800364f98008c
:1092d400474f98004e4890000004e000060032001a
:1092e400e1712b0070a1200028d2020001000000cf
:1092f400000f780005003700c1722b0070a1200018
:1093040028d2020001000000000f78004201200072
:109314008000eb0000fe2000c804020000000000f2
:1093240000fe200025cb220044cb220080017800df
:1093340042c1b3004100200000cab300dc90020027
:109344000100000040ff20008040eb00014878004d
:109354009e00780070a120000080400001fe2000e3
:1093640028d20200010000001e0f40004e48900069
:109374000004e000080032009e00780070a1200084
:1093840000804000f16e2b0028d202000100000092
:109394001e0f4000070037009e00780070a12000d7
:1093a40000804000b1812a0028d2020001000000a0
:1093b4001e0f40009e00780070a120000080400035
:1093c400be00900028d20200010000001e0f4000e1
:1093d4004e4890000004e0004f0032009e007800e8
:1093e40070a1200000804000616f2b0028d2020091
:1093f400010000001e0f40009e00780070a12000b4
:1094040080804000106d8000049f02000100000075
:109414001e0f40009e00780070a1200000804000d4
:1094240091732b0028d20200010000001e0f40009f
:109434009e00780070a12000008040000041eb00f5
:10944400800078000e489000d2a0020001000000c5
:109454001e0f40009e00780070a120000080400094
:10946400a1892a0028d20200010000001e0f40003a
:109474009e00780070a12000008040000041eb00b5
:10948400800078001e489000d2a002000100000075
:109494001e0f40009e00780070a120000080400054
:1094a400e1732b0028d20200010000001e0f4000cf
:1094b4009e00780070a12000008040000041eb0075
:1094c400800078003e489000d2a002000100000015
:1094d4001e0f40009e00780070a120000080400014
:1094e40031742b0028d20200010000001e0f40003e
:1094f4009e00780070a12000008040000041eb0035
:10950400800078002e489000d2a0020001000000e4
:109514001e0f40001e0037009e00780070a120003e
:109524000080400001cc2a0028d202000100000083
:109534001e0f40009e00780070a1200000804000b3
:109544000041eb00800078002e409000d2a0020081
:10955400010000001e0f40009e00780070a1200052
:1095640000804000e18b2a0028d2020001000000a4
:109574001e0f40009e00780070a1200080804000f3
:10958400106d8000049f0200010000001e0f4000c7
:1095940012c0b30071a120002e00900070fd0700de
:1095a4000080fa00000006000600fa002047980038
:1095b4002107980091742b0070a1200028d202008a
:1095c40001000000000f7800420120008000eb0041
:1095d40000fe2000c80402000000000000fe20007d
:1095e40025cb220044cb22008001780042c1b30085
:1095f4004100200000cab300dc900200010000001a
:1096040040ff20008040eb00014878009e00780075
:1096140070a120000080400001fe200028d202003a
:10962400010000001e0f40009e00780070a1200081
:109634000080400001cc2a0028d202000100000072
:109644001e0f40009e00780070a1200000804000a2
:109654000041eb00800078002e409000d2a0020070
:10966400010000001e0f40009e00780070a1200041
:1096740000804000e18b2a0028d202000100000093
:109684001e0f40009e00780070a1200080804000e2
:10969400106d8000049f02000100000022c0b3008e
:1096a40071a120002e0090002dfd07000080fa001b
:1096b400000006000201fa00889fbe008a9fbe00d7
:1096c4008c9fbe0040ff990051ff990062ff9900f2
:1096d40073ff990004479a0030c3b300004f780029
:1096e40010802000104078000083fb0000802000e0
:1096f400104078008082fb007ef891000082fb001d
:109704006ef891008081fb001e81fb004ef89100f1
:109714008080fb00800920000e004000861f780036
:10972400851f7800841f7800831f7800821f7800cb
:10973400811f780081322900811f78009204020081
:1097440000000000ee875700800920000e00400052
:109754006c2e0700a0c1b300005f99000040eb002d
:10976400105f9900800920000e004000652e07005c
:10977400d0c0b30036010700e8d6020001000000a3
:109784000e4092008086fb007ef891000086fb006c
:109794007ef891008085fb006ef891000085fb0047
:1097a4006ef891008084fb001e84fb009e83fb0006
:1097b4004ef891000083fb004ef891008082fb007c
:1097c40010802000104078000082fb0010802000f0
:1097d400104078008081fb00008020001040780059
:1097e4000081fb0000802000104078008080fb0096
:1097f4000e00e8008d1f78008c1f78008b1f780006
:109804008a1f7800891f7800881f7800871f7800d6
:10981400861f7800851f7800841f7800831f7800d6
:10982400821f7800811f780071352900811f78001c
:10983400610920005e04020000000000fc8757005c
:109844000040eb00705799000e00e80084d6020037
:10985400010000004f06be004f05be004f04be00cd
:109864000080fa00000006009a00fa00408f980079
:10987400536c8000426c800050d820001040780067
:109884008080fb0040d72000104078000080fb005f
:10989400831f7800821f7800811f7800801f780062
:1098a40050d72000801f7800ce889000811f780058
:1098b400703c2900801f78000e00780078040200b4
:1098c40000000000ee8757000040eb00605799004d
:1098d4000e00780084d60200010000000080fa0027
:1098e400000006000800fa00000f780021479800e5
:1098f4002207980033079800a20120008000eb00a3
:1099040040d72000c80402000000000040d7200017
:1099140011c0b300014878002e4090000004e0001c
:109924000600320040d720001040780080407800c4
:109934000114a00040d7200001487800f200200064
:109944009e00780050d7200022060200000000008c
:1099540040d820008040eb000148780060d8200007
:10996400e1c1b30001487800ae009000416c88006a
:10997400be009000516c8800a0c7220010407800ff
:10998400e14f500004003a0020c5b3000cb70200b8
:109994000100000015003700920020009e007800ae
:1099a400b03e2900f8050200000000000000e000bd
:1099b40007003200920020009e007800503f2900ea
:1099c400f8050200000000000000e00004003a0076
:1099d40040c5b3000cb702000100000003003700cb
:1099e40040c4b3000cb7020001000000f03f29009e
:1099f4009dff07000080fa00000006009800fa00ae
:109a040050d82000104078000080fb00801f7800b0
:109a140070402900801f780040412900801f780091
:109a24000e0078007804020000000000e68757006a
:109a34000040eb00605799000e00780084d60200c5
:109a44000100000050d82000104078000080fb0086
:109a540061006000004078000004e000070032006c
:109a640040d7200041c0b3000148780060d82000ee
:109a740031c0b3000148780005003700a20120007e
:109a84008000eb0040d72000c80402000000000062
:109a94000080fa00000006000400fa002047980045
:109aa4000040eb00004f78002e4090000004e000de
:109ab4001300320060fc2000104078008040e80071
:109ac40060fc20000148780060fc20001040780011
:109ad400ea4f50000d003600800e2000d098880018
:109ae400d0062100104078008040e800d006210014
:109af4000148780010c0b300004f7800030037001d
:109b040060fc20008040eb00014878001e40780093
:109b14000080fa00000006000200fa00004f7800fe
:109b24000039810063006000e10f500045003200fd
:109b3400e0d82000104078000080fb006100600045
:109b4400004078000004e0003f0032001e4078002e
:109b5400ed4f5000030032001e407800ea4f5000e1
:109b64001c003a0050fc2000104078000004e00083
:109b74001400320050fc20009040780070ccb300f8
:109b840080cf50000f003e0050fc200010407800b1
:109b94000080fb00c1ef20000041eb0082707800e0
:109ba4009043290084d6020001000000c0ef200089
:109bb40084d60200010000004044290084d602003b
:109bc4000100000050fc20008040eb0001487800b8
:109bd4001d00370050fc20009040780070ccb3008a
:109be40080cf500018003e0050fc20001040780048
:109bf4000080fb001e417800c1ef200082707800d5
:109c040050fc2000104078008040e80050fc200008
:109c140001487800f0072200104078009e40780048
:109c240080cf500008003a00f0072200104078006e
:109c34000004e00004003200a0c0b300b6ff070037
:109c440001003700000000000080fa000000060058
:109c54000200fa00004f7800e0d82000104078009d
:109c64000080fb0061006000004078000004e00018
:109c7400390032001e407800ed4f500003003200de
:109c84001e407800ea4f500021003a00b0ef200057
:109c9400104078000004e0002f003200b0ef2000f4
:109ca4009040780080ccb30080cf500029003e0063
:109cb400b0ef2000104078000080fb0021e320007a
:109cc4000041eb00827078007044290084d60200c1
:109cd4000100000020e3200084d6020001000000ff
:109ce4002045290084d6020001000000b0ef2000c6
:109cf4008040eb0001487800820c20008000eb00db
:109d040020e32000c8040200000000001200370015
:109d1400b0ef20009040780070ccb30080cf5000aa
:109d24000d003e00b0ef2000104078000080fb00e2
:109d34001e41780021e3200082707800b0ef2000fb
:109d4400104078008040e800b0ef2000014878001f
:109d540001003700000000000080fa000000060047
:109d64005400fa00881f780020d798002ed0900065
:109d740069ff0700e00d2200904078002ed090008b
:109d840080cf50000b003a00f00681000090a00044
:109d9400f006890080c2b3005fff070010c3b30060
:109da4005dff070090c2b3005bff0700d0c0b300a3
:109db40059ff0700000e2200904078002ed090003a
:109dc40080cf500013003a00f106810000202000eb
:109dd400008060000000e0000e003200000e22004f
:109de4008040eb0001487800000781000090a0004b
:109df4000007890080c2b30047ff070020c3b300f7
:109e040045ff070090c2b30043ff0700d0c0b30072
:109e140041ff07001107810000102000008060004e
:109e24000000e000580032002ed090000080fb00bb
:109e3400ed0f500023003200ed0f500003003c00f2
:109e4400ea0f5000310032004f003700b104200007
:109e5400810f50000f003200f1042000810f5000e8
:109e640049003a00200e220010407800e24f5000d2
:109e740004003a00200e220031c0b30001487800eb
:109e840041003700200e22008040eb00014878009a
:109e94003d003700200e220010407800e34f5000b0
:109ea40004003a00200e220041c0b30001487800ab
:109eb40035003700200e22008040eb000148780076
:109ec40031003700200e2200104078000004e0002a
:109ed40004003200200e220010407800e44f5000ad
:109ee40006003a00200e2200104078008040e8006e
:109ef400200e22000148780023003700200e2200a3
:109f040011c0b300014878001f003700200e220062
:109f140010407800e14f500004003200200e22006f
:109f240010407800e54f500013003a00200e220044
:109f3400104078008040e800200e2200014878009c
:109f4400200e220010407800e64f500008003a002e
:109f5400100781000090a0001007890010078100fd
:109f64000080a100100789000040eb00cafe070032
:109f74000000000004003700200e22008040eb00a7
:109f840001487800000000002ed09000ea4f5000f5
:109f94008b053a004021220010407800e14f500028
:109fa4003a003a0011078100002020000080600080
:109fb4000000e00035003200200781000000a0000e
:109fc40020078900200781000010a00020078900d5
:109fd400b00d8100c10d810061004000e0804800a7
:109fe400b00d8900c10d8900a01b2200104078002b
:109ff400e14f400005003200a01b22001040780011
:10a004008040e800a01b2200014878004021220083
:10a014008040eb0001487800200781000030a10057
:10a0240020078900401b220010407800e14f5000b7
:10a0340016003600401b2200104078000080fb0010
:10a044008000e900400e2200008040009040900013
:10a05400c0c7b30080cf50000c003a00401b220060
:10a06400104078008040e900401b2200014878003d
:10a07400401b2200104078008080fb00400e22002c
:10a08400008040008040eb001140980090f2800076
:10a094000000e0005805320090f2800041e5210004
:10a0a4000041eb00827078004021220010407800cb
:10a0b400e14f50000f003a0090f2800041e521008a
:10a0c400c2c7b3008270780091f28000d00f2000e4
:10a0d400808f500003003e0090f280000000e800f2
:10a0e40090f2880090f2800041e521000041eb00ed
:10a0f400827078000000eb0020079800200e2200f8
:10a1040010407800e54f500025003200200e220058
:10a1140010407800e64f50002100320041e5210054
:10a1240040f5210028d2020001000000d0212200c5
:10a13400104078000004e0001900320040f52100ce
:10a14400c8050200000000000040780000417800cb
:10a15400d121220040f52100f2d1020001000000cb
:10a164000000e0000e0032004201200041452900b9
:10a17400c0c82000ba04020000000000c0c82000cb
:10a1840084d6020001000000c021220011c0b300e7
:10a1940001487800d02122008040eb00014878007b
:10a1a400506480000000e00011003500506480001d
:10a1b400e30f50000e003c0020f721008040eb002c
:10a1c40001487800f2bc2100506480007f00b9008f
:10a1d400000078000000410041f5210066d2020031
:10a1e40001000000506480000000e8005064880012
:10a1f40020078100610060000000e000ff013a00d8
:10a2040020078100620060000000e000fb013a00ca
:10a2140090f28000e70f50007f01360072c0b30057
:10a224008146290040e52100f2d10200010000002e
:10a234000000e0007801320010c0b300004f780045
:10a24400e12b070040212200104078000004e000c8
:10a25400a2013a004021220011c0b3000148780055
:10a26400200781000020a0002007890070c0b300ef
:10a27400104798000000eb00900d89001f00370084
:10a284001e4090000080fb0041e52100e140780081
:10a29400f0c2b30080cf5000150034001e4090007f
:10a2a4000080fb0041e52100e140780090c3b30049
:10a2b40080cf50000e003c00900d81006a00b90070
:10a2c40000007800900d8900980d81001e409000d8
:10a2d4000080fb0041e521006140780046a00200b7
:10a2e400010000000080fb0000004400900d890084
:10a2f4001e4090000040e800104798001e40900067
:10a304008080fb0090f28000808f50000d003100af
:10a314001e4090000080fb0041e521006140780070
:10a324000004e000070032001e4090000080fb00a3
:10a3340041e52100e1407800c0c2b30080cf500065
:10a34400cfff3a001e4090008080fb0090f2800016
:10a35400808f5000270131001e4090000080fb00d8
:10a3640041e52100e1407800c0c2b30080cf500035
:10a3740020013a001e4090000040e8001047980079
:10a384001e4090000080fb0041e521006140780000
:10a394000004e000070032001e4090000080fb0033
:10a3a40041e52100e1407800c0c2b30080cf5000f5
:10a3b400f0ff3a001e4090000080fb0041e52100c0
:10a3c400e1407800c0c2b30080cf500009013a00d8
:10a3d4001e4090000040e800104798001e40900086
:10a3e4000080fb0041e52100e140780020c2b30079
:10a3f40080cf5000ff003a000000eb0010079800e7
:10a404001e4090000040e800104798000e003700fe
:10a414001e4090000080fb0041e52100e1407800ef
:10a424001e019000601822000000410001487800dd
:10a434001e4090000040e800104798001e00900065
:10a444000000e800100798001e4090008080fb0088
:10a4540090f28000808f5000100031001e40900068
:10a464000080fb0041e52100614078000004e00029
:10a474000a0032001e4090000080fb0041e52100ec
:10a48400e140780020c2b30080cf500003003200c6
:10a494001e009000f80f5000ddff34009e00900075
:10a4a40060182200008040008040eb0001487800e2
:10a4b4001e4090008080fb0090f28000808f50004e
:10a4c400cc0031001e4090000080fb0041e52100db
:10a4d400614078000004e000c60032001e40900095
:10a4e4000040e800104798001e4090000080fb00e8
:10a4f40041e52100614078000004e00007003200db
:10a504001e4090000080fb0041e52100e1407800fe
:10a51400c0c2b30080cf5000f0ff3a001e4090004c
:10a524000080fb0041e52100e1407800c0c2b30097
:10a5340080cf5000af003a001e4090000040e80079
:10a54400104798001e4090000080fb0041e5210068
:10a55400614078000004e000070032001e409000d3
:10a564000080fb0041e52100e1407800c0c2b30057
:10a5740080cf5000f0ff3a001e4090000080fb00a6
:10a5840041e52100e1407800c0c2b30080cf500013
:10a5940098003a001e4090000040e80010479800e0
:10a5a4001e4090000080fb0041e52100e14078005e
:10a5b40020c2b30080cf50008e003a001e409000ad
:10a5c4000040e80010479800401b22008040eb0048
:10a5d4000148780015003700401b22001040780025
:10a5e4000081fb001e4090000080fb0041e521003b
:10a5f400e1407800001a2200000041000148780080
:10a604001e4090000040e80010479800401b2200c4
:10a61400104078008040e800401b22000148780088
:10a624002e0090000000e800200798001e409000d3
:10a634008080fb0090f28000808f50001100310078
:10a644001e4090000080fb0041e52100614078003d
:10a654000004e0000b0032001e4090000080fb006c
:10a6640041e52100e1407800c0c2b30080cf500032
:10a6740004003200401b220010407800e74f5000d5
:10a68400d5ff3600ae009000f0092000808f500006
:10a6940058003c00401b2200104078008080fb00e2
:10a6a400001a2200008040008040eb00014878003e
:10a6b400030037001e4090000040e8001047980057
:10a6c4001e4090000080fb0041e5210061407800bd
:10a6d4000004e000070032001e4090000080fb00f0
:10a6e40041e52100e1407800c0c2b30080cf5000b2
:10a6f400f0ff3a001e4090000080fb0041e521007d
:10a70400e1407800c0c2b30080cf500039003a0065
:10a714001e4090000040e80010479800401b2200b3
:10a724008040eb000148780012003700401b2200f3
:10a73400104078000081fb001e4090000080fb0068
:10a7440041e52100e1407800801a22000000410028
:10a75400114098001e4090000040e8001047980007
:10a76400401b2200104078008040e800401b22007b
:10a77400014878001e4090008080fb0090f2800029
:10a78400808f5000110031001e4090000080fb00bb
:10a7940041e52100614078000004e0000b00320034
:10a7a4001e4090000080fb0041e52100e14078005c
:10a7b400b0c2b30080cf500004003200401b22001e
:10a7c40010407800e74f5000d8ff3600401b2200ad
:10a7d400104078008080fb00801a22000080400036
:10a7e4008040eb0011409800200781000020a10068
:10a7f40020078900401b22008040eb0001487800bc
:10a80400500e22008040eb000148780020c0b300c5
:10a81400004f7800310037000040eb00004f780013
:10a824001107810000202000008060000000e0008b
:10a834002a003a004021220010407800e14f5000e5
:10a8440026003a000040eb00104798001200370041
:10a85400401b2200104078000081fb001e40900045
:10a864000080fb0041e52100e1407800400e220019
:10a8740000004100114098001e4090000040e80094
:10a8840010479800401b2200104078008040e800e8
:10a89400401b2200014878001e4090008080fb008d
:10a8a40090f28000808f500005003100401b220090
:10a8b40090407800f0c9b30080cf5000e4ff360028
:10a8c400401b2200104078008080fb00400e2200d4
:10a8d400008040008040eb0011409800402122009d
:10a8e40010407800e14f500044003a001e407800c8
:10a8f400e14f5000050032001107810000202000c4
:10a90400008060000000e0003c003200200781006d
:10a914000000a00020078900200781000010a0008b
:10a9240020078900b00d8100c10d81006100400045
:10a93400e0804800b00d8900c10d8900402122004b
:10a944008040eb0001487800a01b220010407800f2
:10a95400e14f400005003200a01b220010407800a7
:10a964008040e800a01b2200014878001e407800c7
:10a974000004e00004003200200781000030a00041
:10a984002007890003003700200781000030a10060
:10a9940020078900401b220010407800e14f50003e
:10a9a40016003600401b2200104078000080fb0097
:10a9b4008000e900400e220000804000904090009a
:10a9c400c0c7b30080cf50000c003a00401b2200e7
:10a9d400104078008040e900401b220001487800c4
:10a9e400401b2200104078008080fb00400e2200b3
:10a9f400008040008040eb0011409800402122007c
:10aa0400104078000004e000ea023a0052c0b300ab
:10aa14000147290040e52100f2d1020001000000b5
:10aa24000000e0000e003a00a2c0b3006147290014
:10aa340040e52100f2d10200010000000000e00026
:10aa440007003a00a2c0b3001148290040e52100e4
:10aa5400f2d10200010000000000e0001a00320000
:10aa6400c0172100c210200001072100ba0402000f
:10aa740000000000e0042100f69202000100000042
:10aa840072002000e104210000172100ba04020032
:10aa94000000000041e521000007210066d2020009
:10aaa40001000000d0988000c08b880050da20009c
:10aab40090407800a017210001487800b0212200be
:10aac40011c0b30001487800b2c0b300c1482900e6
:10aad40040e52100f2d10200010000000000e00086
:10aae4001d00320050d82000104078000080fb0088
:10aaf400680060000000e0001000320050d8200020
:10ab04008040eb000148780040d7200021c0b3000a
:10ab14000148780040d72000104078008040780039
:10ab24000104a00040d7200001487800c0d82000cc
:10ab340031c0b3000148780005003700a2012000ad
:10ab44008000eb0040d72000c80402000000000091
:10ab54008049290044fb0700f01e8100700060005a
:10ab64000000e00094003a00b2c0b300f1492900ab
:10ab740040e52100f2d10200010000000000e000e5
:10ab84008d003200b0c0b300604798000300370066
:10ab94006e4090000040e800604798006e409000ce
:10aba4000080fb0041e52100614078000004e000e2
:10abb400070032006e4090000080fb0041e5210058
:10abc400e1407800c0c2b30080cf5000f0ff3a00eb
:10abd4006e4090000080fb0041e52100e1407800d8
:10abe400c0c2b30080cf500003003a006e40900012
:10abf4000040e800604798006e4090008080fb00b1
:10ac040040e5210000804000a09e020001000000f9
:10ac14000000780090f18800030037006e40900037
:10ac24000040e800604798006e4090000080fb0000
:10ac340041e52100614078000004e0000700320093
:10ac44006e4090000080fb0041e52100e140780067
:10ac5400c0c2b30080cf5000f0ff3a006e409000b5
:10ac64000080fb0041e52100e1407800c0c2b30050
:10ac740080cf500003003a006e4090000040e8008e
:10ac8400604798006e4090000080fb0041e5210081
:10ac9400e140780020c2b30080cf500023003a0086
:10aca4006e4090000040e8006047980003003700c1
:10acb4006e4090000040e800604798006e409000ad
:10acc4000080fb0041e52100614078000004e000c1
:10acd400070032006e4090000080fb0041e5210037
:10ace400e140780020c2b30080cf5000f0ff3a006a
:10acf4006e4090000080fb0041e52100e1407800b7
:10ad040020c2b30080cf500016003a006e4090007d
:10ad14000040e80060479800120037006e40900041
:10ad24000040e80060479800010037000000000080
:10ad34006e4090000080fb0041e5210061407800f6
:10ad44000004e000070032006e4090000080fb0029
:10ad540041e52100e1407800c0c2b30080cf50003b
:10ad6400eeff3a006e4090000080fb0041e52100b8
:10ad7400e1407800c0c2b30080cf500003003a0025
:10ad84006e4090000040e800604798006e409000dc
:10ad94008080fb0040e5210000804000a09e02006e
:10ada40001000000a0f18800b1f1880070f180007a
:10adb40000f0a00070f18800a2c0b300b14a2900dd
:10adc40040e52100f2d10200010000000000e00093
:10add4000a003200e0e521009040780010c3b3007f
:10ade40000c068000080fb000000e9004f00de00a6
:10adf40000407800e1cc220080487800f01e8100f9
:10ae0400700060000000e0009f00320040e5210077
:10ae1400400798004e00900090407800c0c3b300f3
:10ae240080cf50000f003a004e0090000000e80070
:10ae340090407800c0c3b30080cf500009003a00ae
:10ae44004e0090000080e80090407800c0c3b3003a
:10ae540080cf500003003a004e0090006300400091
:10ae6400400798004e0090009040780030c2b30034
:10ae740080cf5000050032004e00900090407800d2
:10ae8400b0c2b30080cf50000c003a00ce00900056
:10ae94006b004700811f7800614b2900811f7800f7
:10aea4007804020000000000e48757006b004700ac
:10aeb40084d6020001000000730037004e009000a9
:10aec40022c0b300114e2900f2d10200010000009b
:10aed4000000e0006c003a0000398100630060006b
:10aee400e10f500068003200003981006400600006
:10aef4000000e000380032004e00900090407800de
:10af0400a0c3b30080cf50005f003a000039810035
:10af14000020a10000398900404e290084d6020097
:10af2400010000000040eb00204f98000e003700a5
:10af3400d0368100ae4890008180fb004e01900025
:10af44008100410011417800a145220081004000a8
:10af5400824878000000e800d03689002e4890002e
:10af64000040e800204f98002e4890000080fb002d
:10af7400ce00900000804000104078000004e00003
:10af840004003200d1368100e0272000808f500079
:10af9400e7ff3600d1368100e0272000808f500083
:10afa40007003e00d0368100a14522008100400008
:10afb400a2c0b300824878000000e800d0368900bf
:10afc400d1368100a0452200008040008040eb0083
:10afd400014878002c0037000040eb00204f980017
:10afe4000e003700d0368100ae4890008180fb000f
:10aff4004e0190008100410011417800a1452200da
:10b0040081004000824878000000e800d0368900c2
:10b014002e4890000040e800204f98002e489000f1
:10b024000080fb00ce0090000080400010407800bb
:10b034000004e00004003200d1368100e027200043
:10b04400808f5000e7ff3600d1368100e0272000d2
:10b05400808f500007003e00d0368100a1452200b9
:10b0640081004000a2c0b300824878000000e800dc
:10b07400d0368900d1368100a045220000804000ee
:10b084008040eb000148780072c0b3009150290061
:10b0940040e52100f2d10200010000000000e000c0
:10b0a400ea00320040e52100c8050200000000006b
:10b0b400eb0f5000e50036004005220010407800f8
:10b0c4008040e8004005220001487800d0e52100d6
:10b0d4009040780010c3b30080cf500085003a0040
:10b0e400701d2200104078000080fb00e10f50002a
:10b0f40020003200e10f500003003c000000e0009b
:10b104000600320078003700e20f5000c60032001b
:10b11400e30f50006b003200730037000081200001
:10b12400104078000004e00008003a00008120008c
:10b1340051c0b30001487800e8d6020001000000c5
:10b144001051290084d6020001000000501f220083
:10b15400104078000004e000b5003200e8d6020098
:10b1640001000000c052290084d602000100000042
:10b17400b600370090c0b300104798000000eb0001
:10b1840010079800030037001e4090000040e800bc
:10b19400104798001e4090008080fb0090f28000d1
:10b1a400808f5000070031001e4090000080fb009b
:10b1b40041e52100e140780020c2b30080cf500077
:10b1c400f1ff3a001e4090000080fb0041e52100a1
:10b1d400e140780020c2b30080cf500023003a0041
:10b1e4001e4090000040e800104798000000eb006b
:10b1f400100798000e0037001e4090000080fb00ee
:10b2040041e52100e14078001e019000c01b2200ae
:10b2140000004100114098001e0090000000e8006a
:10b22400100798001e4090000040e8001047980066
:10b234001e4090008080fb0090f28000808f5000c0
:10b244000a0031001e4090000080fb0041e521000f
:10b25400e140780020c2b30080cf500003003200e8
:10b264001e009000f80f5000e3ff34001e00900011
:10b274000000e00005003a0041552900d01b2200df
:10b2840028d2020001000000100798009e009000e0
:10b29400c01b2200008040008040eb001140980059
:10b2a400701d220021c0b30001487800e8d60200d6
:10b2b400010000003056290084d60200010000007d
:10b2c40062003700f0e521009040780000c3b3002d
:10b2d40080cf500058003200b606a9004006200076
:10b2e400d09888005900370040062000d098880084
:10b2f40056003700d0e521009040780000c3b30029
:10b3040080cf500051003a00501f220010407800b6
:10b314000080fb00e10f500040003500e20f5000b8
:10b3240003003400e30f5000340032003b003700c8
:10b33400f0e521009040780020c3b30080cf500096
:10b3440005003200f0e521009040780030c3b300de
:10b3540080cf500003003a00501f220021c0b300e8
:10b3640001487800f0e521009040780000c3b30064
:10b3740080cf500018003a00501f220031c0b300a3
:10b3840001487800f0b722008040eb0001487800c3
:10b39400801f2200f040900000c5b30080cf500011
:10b3a4000d003200801f2200100078006100600050
:10b3b4000000e00005003200801f2200e040900001
:10b3c40000c5b30080cf50000300320000c5b300b5
:10b3d4000cb7020001000000f0e521009040780065
:10b3e40060c3b30080cf500015003a00501f220004
:10b3f40061c0b3000148780014003700f0e5210073
:10b404009040780000c3b30080cf50000e0032009b
:10b4140040062000d09888000c0037004006200029
:10b42400d0988800090037000000000007003700aa
:10b434000000000005003700000000000300370092
:10b4440000000000010037000000000042c0b3000b
:10b454001158290040e52100f2d10200010000004a
:10b464000000e00053003200701d220010407800fc
:10b474000004e00021003a00501f22001040780030
:10b484000004e0001d003a0040e98000e50f500090
:10b4940005003a000040eb008eb5020001000000f8
:10b4a4003000200040e98800701d220011c0b30064
:10b4b40001487800e8d60200010000006058290025
:10b4c40084d60200010000000081200011c0b300f6
:10b4d400014878000000eb00707e8800007d2000a9
:10b4e400607e88000000eb00407e8800d02a2100a6
:10b4f4008040eb00014878002e003700e8d60200b7
:10b5040001000000c05b290084d602000100000095
:10b51400c15c2900c0c8200028d20200010000003c
:10b52400100798009e009000c0c820008080400052
:10b53400701d2200104078000041eb00d2a00200f0
:10b54400010000009e009000008040001007980059
:10b55400c0c8200084d6020001000000215d29003b
:10b56400c0c8200028d20200010000001007980083
:10b574009e009000c0c8200080804000501f220020
:10b58400104078000041eb00d2a00200010000004e
:10b594009e0090000080400010079800c0c8200062
:10b5a40084d60200010000002045290084d6020050
:10b5b400010000000000eb0090f288000e0037004c
:10b5c4002ed09000ed4f50000b00320091f280001d
:10b5d400f0092000808f500007003e0090f28000a8
:10b5e4002ed1900041e521008270780090f2800015
:10b5f4000000e80090f288004f0478000080fa0010
:10b60400000006001600fa00200f9800805d290053
:10b6140084d6020001000000d0988000801f7800ca
:10b62400405f2900801f78000e0078007804020033
:10b6340000000000e48757000e00780084d6020062
:10b6440001000000705f290084d6020001000000a0
:10b654002e089000d0988800100781000090a00068
:10b66400100789006000200040e9880010c0b30082
:10b6740009f907000080fa00000006000200fa0041
:10b68400000f7800a0d2210090407800a0c5b3003c
:10b6940080cf500006003200a1d221001e007800a5
:10b6a40028d202000100000010c0b30010013700ce
:10b6b400f00a2200104078000004e0000801320083
:10b6c40031602900f00a220098d102000100000034
:10b6d4000000e00006003a0091602900f00a220010
:10b6e40098d10200010000000000e00006003200d2
:10b6f400f16029001e00780028d202000100000039
:10b7040010c0b300fa00370061612900f00a22007a
:10b7140098d10200010000000000e0000c003a0093
:10b72400c1612900f00a220098d102000100000042
:10b734000000e00006003a0021622900f00a22001d
:10b7440098d10200010000000000e0000600320071
:10b75400816229001e00780028d202000100000046
:10b7640010c0b300e2003700f1622900f00a2200a1
:10b7740098d10200010000000000e00006003a0039
:10b7840051632900f00a220098d102000100000050
:10b794000000e00006003200b16329001e007800ba
:10b7a40028d202000100000010c0b300d00037000e
:10b7b40001642900f00a220098d10200010000006f
:10b7c4000000e0000c003a0061642900f00a220045
:10b7d40098d10200010000000000e00006003a00d9
:10b7e400c1642900f00a220098d10200010000007f
:10b7f4000000e00006003200216529001e007800e8
:10b8040028d202000100000010c0b300b8003700c5
:10b8140021662900f00a220098d1020001000000ec
:10b824000000e00006003200816629001e00780056
:10b8340028d202000100000010c0b300ac003700a1
:10b8440081672900f00a220098d10200010000005b
:10b854000000e00006003a00e1672900f00a220037
:10b8640098d10200010000000000e0000600320050
:10b87400416829001e00780028d20200010000005f
:10b8840010c0b3009a003700d1682900f00a2200e2
:10b8940098d10200010000000000e0000600320020
:10b8a400316929001e00780028d20200010000003e
:10b8b40010c0b3008e003700e1692900f00a2200ad
:10b8c40098d10200010000000000e00006003200f0
:10b8d400416a29001e00780028d2020001000000fd
:10b8e40010c0b30082003700316b2900f00a220037
:10b8f40098d10200010000000000e0000c003a00b2
:10b90400916b2900f00a220098d102000100000086
:10b914000000e00006003a00f16b2900f00a220062
:10b9240098d10200010000000000e000060032008f
:10b93400516c29001e00780028d20200010000008a
:10b9440010c0b3006a003700516d2900f00a2200cc
:10b9540098d10200010000000000e00006003a0057
:10b96400b16d2900f00a220098d102000100000004
:10b974000000e00006003200116e29001e0078006d
:10b9840028d202000100000010c0b30058003700a4
:10b99400a16e2900f00a220098d1020001000000e3
:10b9a4000000e0000c003a00016f2900f00a2200b8
:10b9b40098d10200010000000000e00006003a00f7
:10b9c400616f2900f00a220098d1020001000000f2
:10b9d4000000e00006003200c16f29001e0078005c
:10b9e40028d202000100000010c0b300400037005c
:10b9f40071702900f00a220098d1020001000000b1
:10ba04000000e00006003200d17029001e0078001a
:10ba140028d202000100000010c0b3003400370037
:10ba240091712900f00a220098d10200010000005f
:10ba34000000e00006003a00f1712900f00a22003b
:10ba440098d10200010000000000e000060032006e
:10ba5400116e29001e00780028d2020001000000a7
:10ba640010c0b3002200370051722900f00a2200ee
:10ba740098d10200010000000000e000060032003e
:10ba8400b17229001e00780028d2020001000000d3
:10ba940010c0b3001600370001742900f00a220018
:10baa40098d10200010000000000e00006003a0006
:10bab40061742900f00a220098d1020001000000fc
:10bac4000000e00006003200c17429001e00780066
:10bad40028d202000100000010c0b30004003700a7
:10bae4001e0078008040eb00014878000040eb0025
:10baf4000080fa00000006001c06fa00889fbe00c1
:10bb0400e0d82000104078000080fb006100600055
:10bb1400004078000004e00004003a008080200027
:10bb2400104078000004e00013003200d198800037
:10bb340080668100808f50000f0032008166810092
:10bb4400d0988000811f7800801f7800d07529006c
:10bb5400801f7800c0c820007804020000000000a4
:10bb6400e6875700c0c8200084d602000100000008
:10bb7400d098800080668900d09880008000eb0017
:10bb84000220200003002000820f5000838f580001
:10bb940091243e000060010000023700d302370008
:10bba400e8023700180337005003370086033700d4
:10bbb400bf033700260437005f0437009c043700b6
:10bbc400e904370040053700790537005906370086
:10bbd40092063700f70637003c073700870737001f
:10bbe400eb073700180837007b2437004e0837006e
:10bbf4007f083700b0083700e10837001209370022
:10bc04004309370074093700a5093700d6093700fe
:10bc1400070a3700380a37006f243700770a3700dd
:10bc24009a0a3700c10a37006b243700e80a370044
:10bc34002c0b37006b0b37004111370068113700ac
:10bc44006524370094113700a6113700db11370043
:10bc5400f51137009b0b3700d90b37005e243700f2
:10bc6400001237000c123700311337003d13370030
:10bc7400fc133700081437005724370056243700c4
:10bc840055243700542437006a15370084153700cb
:10bc9400ab153700c0153700d21537003a163700f8
:10bca400461637004c2437004b2437004a2437000b
:10bcb40049243700482437004724370046243700f6
:10bcc40045243700442437004324370042243700f6
:10bcd4004124370040243700581637006b163700cc
:10bce400c0163700e31637003b2437000817370027
:10bcf4001517370038243700372437003624370027
:10bd040020173700341737005a1737006c173700dd
:10bd140031243700302437002f2437002e243700f5
:10bd24002d2437002c2437008c173700a117370037
:10bd3400c7173700d31737002724370026243700c6
:10bd440025243700242437002324370022243700f5
:10bd54007b193700202437001f243700821937004d
:10bd640092193700dd1937001b2437001a243700d5
:10bd740019243700182437001724370016243700f5
:10bd8400011837001218370092183700ab18370023
:10bd9400ca1837002d1937000f2437000e24370036
:10bda4000d2437000c2437000b2437000a243700f5
:10bdb40009243700082437000724370006243700f5
:10bdc40005243700042437000324370002243700f5
:10bdd4000124370000243700ff233700fe233700f7
:10bde400fd233700fc233700fb233700fa233700f9
:10bdf400f9233700f8233700f7233700f6233700f9
:10be0400f5233700f4233700f3233700f2233700f8
:10be1400f1233700f0233700e81937000f1a3700f1
:10be2400491a3700ec233700eb233700ea233700a5
:10be3400e9233700e8233700e7233700e6233700f8
:10be44004e1a37006e1a3700a51a3700e22337005e
:10be5400e1233700e0233700df233700de233700f8
:10be6400dd233700dc233700db233700da233700f8
:10be7400d9233700d8233700d7233700d6233700f8
:10be8400d5233700d4233700d3233700d2233700f8
:10be9400d1233700d0233700cf233700ce233700f8
:10bea400cd233700cc233700cb233700ca233700f8
:10beb400c9233700c82337007e0b3700400e3700f4
:10bec400660e3700c10e3700f60e37000d0f37002f
:10bed400150f3700c02337005e0f3700820f37007d
:10bee4002b0f3700a10f3700df0f37003b1037004f
:10bef40049103700b8233700531037005810370063
:10bf0400b5233700b4233700b3233700b2233700f7
:10bf1400b1233700b0233700af233700ae233700f7
:10bf2400ad233700ac233700ab233700aa233700f7
:10bf3400a9233700a8233700a31a3700af1a370004
:10bf4400c51a3700d11a3700dd1a3700f71a37003f
:10bf54000b1b3700121b37005c1b3700761b3700a6
:10bf64009d2337009c2337009b2337009a233700f7
:10bf740099233700982337009723370096233700f7
:10bf84003d1037004d1037009323370092233700bc
:10bf940091233700951b37008f2337008e233700fa
:10bfa4008d2337008c2337009a1b3700aa1b3700d8
:10bfb400f21b3700241c3700872337008623370001
:10bfc40085233700842337008323370082233700f7
:10bfd40081233700802337007f2337007e233700f7
:10bfe4007d2337007c2337007b2337007a233700f7
:10bff4007923370078233700ed1a3700f71a370012
:10c00400011b3700251b37002c1b37007223370018
:10c0140071233700702337006f2337006e233700f6
:10c024006d2337006c2337006b2337006a233700f6
:10c0340069233700682337006723370066233700f6
:10c044006523370064233700211c3700391c37006f
:10c05400a31c3700602337005f2337005e233700bb
:10c064005d2337005c2337005b2337005a233700f6
:10c0740059233700582337005723370056233700f6
:10c0840055233700542337005323370052233700f6
:10c0940051233700502337004f2337004e233700f6
:10c0a4004d2337004c2337004b2337004a233700f6
:10c0b40049233700482337004723370046233700f6
:10c0c40045233700442337004323370042233700f6
:10c0d40041233700402337003f2337003e233700f6
:10c0e4003d2337003c2337003b2337003a233700f6
:10c0f40039233700382337003723370036233700f6
:10c1040035233700342337003323370032233700f5
:10c1140031233700302337002f2337002e233700f5
:10c124002d2337002c2337002b2337002a233700f5
:10c1340029233700282337002723370026233700f5
:10c1440025233700242337002323370022233700f5
:10c1540021233700202337001f2337001e233700f5
:10c164001d233700b40937001b2337001a23370077
:10c1740019233700182337001723370016233700f5
:10c1840015233700142337001323370012233700f5
:10c1940011233700102337000f2337000e233700f5
:10c1a4000d2337000c2337000b2337000a233700f5
:10c1b40009233700082337000723370006233700f5
:10c1c40005233700042337000323370002233700f5
:10c1d40001233700002337001e01370034043700e1
:10c1e4006d043700b2043700be043700fa2237006a
:10c1f400f9223700f8223700f7223700f6223700f9
:10c20400f5223700f4223700f3223700f2223700f8
:10c21400f1223700f0223700ef223700ee223700f8
:10c22400ed223700ec223700eb223700ea223700f8
:10c23400e9223700e8223700e7223700e6223700f8
:10c24400e5223700e4223700e3223700e2223700f8
:10c25400e1223700e0223700df223700de223700f8
:10c26400dd223700dc223700db223700da223700f8
:10c27400d9223700d8223700d7223700d6223700f8
:10c28400d5223700d4223700d3223700d2223700f8
:10c29400d1223700d0223700cf223700ce223700f8
:10c2a400cd223700cc223700cb223700ca223700f8
:10c2b400c9223700c8223700c7223700c6223700f8
:10c2c400c52237005f1c3700b81c3700031d370038
:10c2d400371d3700b71d3700b01d3700192237004e
:10c2e400bd223700bc223700bb223700ba223700f8
:10c2f400d11d3700b8223700b7223700b6223700e5
:10c30400b5223700b4223700b3223700b2223700f7
:10c31400b1223700b0223700af223700ae223700f7
:10c32400ad223700ac223700ab223700aa223700f7
:10c33400a9223700a8223700a7223700a6223700f7
:10c34400a5223700a4223700a3223700a2223700f7
:10c35400a1223700a02237009f2237009e223700f7
:10c364009d2237009c223700ea1b3700f21b37005e
:10c3740099223700982237009722370096223700f7
:10c3840095223700942237009322370092223700f7
:10c39400fd1b37000c1c3700221c3700002f210026
:10c3a40080c0eb0001487800002f210080c0eb0022
:10c3b40001487800b666a900508020008040eb0058
:10c3c40001487800132307007c23070090b3200062
:10c3d400c1c0b3000148780040cb22008040eb008c
:10c3e40001487800400120009065890080bb21004d
:10c3f4008040eb0001487800902322008040eb004d
:10c404000148780090bb21008040eb00014878008f
:10c41400b0ef20008040eb000148780050fc200081
:10c424008040eb0001487800500522008040eb007a
:10c4340001487800000822008040eb0001487800a1
:10c44400f00722008040eb00014878000000eb0078
:10c4540010408800408020008040eb0001487800b4
:10c46400e8d6020001000000d0988000801f780008
:10c47400b0762900801f7800c0c82000780402002c
:10c4840000000000e4875700c0c8200084d60200e2
:10c4940001000000e8d602000100000090772900a6
:10c4a40084d60200010000002045290084d6020041
:10c4b40001000000419c200010c0b300206902006c
:10c4c4000100000000192000d09888000040eb0013
:10c4d4008eb50200010000000000eb00407e8800e1
:10c4e4000000eb00507e88000000eb00607e8800b6
:10c4f4000000eb00907e8800007d2000b07e880064
:10c50400a0fd20008040eb00014878000000eb0013
:10c51400707e88000000eb00807e88000000eb0045
:10c52400a07e8800802322008040eb000148780030
:10c53400400522008040eb0001487800e0d620004e
:10c544008040eb0001487800a00d2200f1c3b30045
:10c5540001487800a00d220090407800a028210016
:10c5640001487800a0092200f1c3b3000148780013
:10c57400b00922008040eb00014878000000eb0085
:10c58400506488000c003700506480007f00b900bc
:10c5940080007800f0bc210000804000e20120000f
:10c5a4008000eb00c804020000000000506480001a
:10c5b4000000e8005064880050648000e30f5000dd
:10c5c400f1ff34000080eb0050648800000e22006c
:10c5d4008040eb0001487800e00d22008040eb0031
:10c5e40001487800d02122008040eb000148780007
:10c5f400c02122008040eb0001487800dcc6a8007e
:10c60400b6a6a800e8d6020001000000d098800079
:10c6140011002000811f7800801f780070782900a5
:10c62400801f7800c0c820007804020000000000c9
:10c63400e6875700c0c8200084d60200010000002d
:10c64400f11e810000ff2f0000806000f01e8900b1
:10c654006d22370090b32000104078000004e00001
:10c664001900320090b32000104078008040e900a7
:10c6740090b3200001487800419c200010c0b30012
:10c684002069020001000000e8d602000100000059
:10c6940090b32000104078000080fb00801f7800d9
:10c6a400f0792900801f7800c0c8200078040200b7
:10c6b40000000000e4875700c0c8200084d60200b0
:10c6c400010000000500370010002000d098880009
:10c6d4003021220061c9b30001487800a0fd200088
:10c6e4008040eb000148780047223700d00d22003b
:10c6f4008040eb0001487800d08020001040780092
:10c704008040e800d080200001487800ae22070075
:10c71400c07a29007b22070000e2240001002000e7
:10c72400b0068900c106890020002000d098880046
:10c73400411f200010c0b300206902000100000066
:10c7440031223700110781000020200000806000a2
:10c754000000e0000b0032001000200040e98800d7
:10c764009922070000e2240001002000b00689009d
:10c77400c1068900207b29006222070030002000c6
:10c78400d0988800b0068100c1068100e00f5000f7
:10c79400e08f580097213a00907b290084d602004c
:10c7a40001000000d1988000100420000e00400019
:10c7b400811f7800415f2900811f780078040200fe
:10c7c40000000000e4875700100420000e00400021
:10c7d40084d6020001000000705f290084d60200a4
:10c7e4000100000001fa200010c0b300206902001b
:10c7f4000100000010c0b300a7f40700801120005e
:10c80400d098880000223700110781000020200002
:10c81400008060000000e0000e0032006a22070081
:10c82400a07d29003722070000e224000100200037
:10c83400b0068900c10689000000eb00d011890010
:10c8440040c4b3000cb702000100000070022000d5
:10c85400d0988800b0068100c1068100e00f500026
:10c86400e08f58001c003a00805d290084d6020045
:10c8740001000000d1988000500520000e00400007
:10c88400811f7800415f2900811f7800780402002d
:10c8940000000000e4875700500520000e0040000f
:10c8a40084d6020001000000705f290084d60200d3
:10c8b4000100000020002000d098880010078100ab
:10c8c4000090a000100789006000200040e9880063
:10c8d40010c0b30070f40700411f200010c0b30063
:10c8e4002069020001000000c72137001107810000
:10c8f40000202000008060000000e00009003200f9
:10c9040031220700007e2900fe21070000e22400f6
:10c9140001002000b0068900c106890050002000f3
:10c92400d0988800b0068100c1068100e00f500055
:10c93400e08f58001c003a00805d290084d6020074
:10c9440001000000d1988000900620000e004000f5
:10c95400811f7800415f2900811f7800780402005c
:10c9640000000000e4875700900620000e004000fd
:10c9740084d6020001000000705f290084d6020002
:10c984000100000030002000d098880060002000e2
:10c9940040e98800100781000090a000100789007a
:10c9a40010c0b3003cf40700411f200010c0b300c6
:10c9b4002069020001000000a0fd20008040eb007f
:10c9c40001487800902137001107810000202000e1
:10c9d400008060000000e0000f003200fa21070030
:10c9e40040f521008040eb0001487800f07e2900ea
:10c9f400c4210700b02122008040eb0001487800e8
:10ca040000e2240001002000b0068900c10689006c
:10ca140060002000d0988800b0068100c106810023
:10ca2400e00f5000e08f58001c003a00805d2900a0
:10ca340084d6020001000000d1988000d0072000b5
:10ca44000e004000811f7800415f2900811f78009b
:10ca54007804020000000000e4875700d00720009b
:10ca64000e00400084d6020001000000705f29001f
:10ca740084d6020001000000100781000090a0008d
:10ca84001007890040002000d09888006000200032
:10ca940040e9880010c0b300fff30700411f2000e5
:10caa40010c0b300206902000100000056213700c5
:10cab40040f52100104078000004e0003e00320000
:10cac40082c0b300917f290040f52100f2d1020019
:10cad400010000000000e00014003200c0f5210055
:10cae400104078000004e00010003200f0f621004d
:10caf4008040eb0001487800c1f5210000c6210008
:10cb040066d202000100000070002000d098880066
:10cb140000e2240001002000b0068900c10689005b
:10cb2400802322008040eb0001487800b0212200dd
:10cb3400104078000004e0001f00320080f621005d
:10cb44008040eb000148780041f5210000c6210037
:10cb540066d202000100000050002000d098880036
:10cb64006000200040e98800802322001040780003
:10cb74008040e8008023220001487800e8d60200c3
:10cb8400010000002080290084d60200010000007a
:10cb9400100781000090a000100789008023220064
:10cba40010407800e44f500094203600f00f20002d
:10cbb400d098880014213700b0068100c106810096
:10cbc400e00f5000e08f58001c003a00805d2900ff
:10cbd40084d6020001000000d198800010092000d2
:10cbe4000e004000811f7800415f2900811f7800fa
:10cbf4007804020000000000e487570010092000b8
:10cc04000e00400084d6020001000000705f29007d
:10cc140084d602000100000050002000d098880053
:10cc2400100781000090a000100789006000200018
:10cc340040e9880010c0b30097f30700411f2000ab
:10cc440010c0b3002069020001000000ee2037008c
:10cc54001107810000202000008060000000e00037
:10cc64000f0032005821070040f521008040eb00fe
:10cc740001487800e08029002221070000e2240016
:10cc840001002000b0068900c10689008000200050
:10cc9400d0988800b02122008040eb000148780041
:10cca400b0068100c1068100e00f5000e08f5800fb
:10ccb4001c003a00805d290084d6020001000000b7
:10ccc400d1988000500a20000e004000811f780097
:10ccd400415f2900811f78007804020000000000f1
:10cce400e4875700500a20000e00400084d602005a
:10ccf40001000000705f290084d6020001000000da
:10cd040050002000d0988800100781000090a000f7
:10cd1400100789006000200040e9880010c0b300bb
:10cd24005df30700411f200010c0b300206902001a
:10cd340001000000b420370040f5210010407800c5
:10cd44000004e0001400320080f621008040eb0073
:10cd54000148780041f52100a0bb210066d2020001
:10cd640001000000b0212200104078000004e0001f
:10cd7400030032006000200040e98800060037000c
:10cd840090002000d098880000e2240001002000d8
:10cd9400b0068900c1068900b0068100c106810081
:10cda400e00f5000e08f58001c003a00805d29001d
:10cdb40084d6020001000000d1988000900b20006e
:10cdc4000e004000811f7800415f2900811f780018
:10cdd4007804020000000000e4875700900b200054
:10cde4000e00400084d6020001000000705f29009c
:10cdf40084d602000100000070002000d098880052
:10ce0400100781000090a000100789006000200036
:10ce140040e9880010c0b3001ff30700411f200041
:10ce240010c0b30020690200010000007620370022
:10ce34001107810000202000008060000000e00055
:10ce440023003200e020070040f521008040eb0081
:10ce54000148780070812900aa20070000e224001c
:10ce640001002000b0068900c1068900a00020004e
:10ce7400d0988800b02122008040eb00014878005f
:10ce84000000eb00506488000c0037005064800000
:10ce94007f00b90080007800f0bc210000804000d1
:10cea400e20120008000eb00c80402000000000042
:10ceb400506480000000e8005064880050648000e2
:10cec400e30f5000f1ff34000000eb0050648800d1
:10ced400b0068100c1068100e00f5000e08f5800c9
:10cee4001c003a00805d290084d602000100000085
:10cef400d1988000d00c20000e004000811f7800e3
:10cf0400415f2900811f78007804020000000000be
:10cf1400e4875700d00c20000e00400084d60200a5
:10cf240001000000705f290084d6020001000000a7
:10cf340070002000d0988800100781000090a000a5
:10cf4400100789006000200040e9880010c0b30089
:10cf5400d1f20700411f200010c0b3002069020075
:10cf6400010000002820370040f52100104078001f
:10cf74000004e00008003200b021220010407800d4
:10cf84000004e00004003200400d2000d098880026
:10cf94006000200040e98800110781000020200083
:10cfa400008060000000e0001f003200b00020009c
:10cfb400d0988800e8d602000100000020822900f1
:10cfc40084d60200010000000000eb0050648800d9
:10cfd4000d003700f2bc2100506480007f00b900ce
:10cfe400000078000000410084d602000100000027
:10cff4009082290084d60200010000005064800061
:10d004000000e8005064880050648000e30f500082
:10d01400f0ff3400b082290084d602000100000031
:10d024000080eb0050648800b0068100c1068100d6
:10d03400e00f5000e08f58001e003a00805d290088
:10d0440084d6020001000000d1988000100e200058
:10d054000e004000811f7800415f2900811f780085
:10d064007804020000000000e4875700100e20003e
:10d074000e00400084d6020001000000705f290009
:10d0840084d602000100000090002000d09888009f
:10d09400100781000090a0001007890060002000a4
:10d0a40040e9880010c0b3007bf207000080eb0069
:10d0b40050648800411f200010c0b30020690200a2
:10d0c40001000000d01f370011078100002020005c
:10d0d400008060000000e0000f0032003a200700ea
:10d0e40040f521008040eb0001487800d0822900ff
:10d0f4000420070000e2240001002000b00689009b
:10d10400c1068900b02122008040eb00014878006c
:10d11400c0002000d0988800b0068100c1068100bc
:10d12400e00f5000e08f58001c003a00805d290099
:10d1340084d6020001000000d1988000500f200026
:10d144000e004000811f7800415f2900811f780094
:10d154007804020000000000e4875700500f20000c
:10d164000e00400084d6020001000000705f290018
:10d1740084d602000100000090002000d0988800ae
:10d18400100781000090a0001007890060002000b3
:10d1940040e9880010c0b3003ff20700411f20009f
:10d1a40010c0b3002069020001000000961f370080
:10d1b40040f52100104078000004e0001600320021
:10d1c40080f621008040eb000148780041f5210001
:10d1d400b0c4210066d2020001000000b021220088
:10d1e400104078000004e00005003200000d20002b
:10d1f400d09888006000200040e9880006003700cd
:10d2040000e2240001002000b0068900c106890064
:10d2140010192000d0988800b0068100c106810052
:10d22400e00f5000e08f58001c003a00805d290098
:10d2340084d6020001000000d198800090102000e4
:10d244000e004000811f7800415f2900811f780093
:10d254007804020000000000e487570090102000ca
:10d264000e00400084d6020001000000705f290017
:10d2740084d6020001000000b0002000d09888008d
:10d28400100781000090a0001007890060002000b2
:10d2940040e9880010c0b300fff10700411f2000df
:10d2a40010c0b3002069020001000000561f3700bf
:10d2b4001107810000202000008060000000e000d1
:10d2c4000f003200a02122008040eb0001487800ca
:10d2d400bd1f070040f521008040eb0001487800a5
:10d2e40060832900871f070000e22400010020005a
:10d2f400b0068900c106890020192000d098880052
:10d30400b0068100c1068100e00f5000e08f580094
:10d314001c003a00805d290084d602000100000050
:10d32400d1988000d01120000e004000811f7800a9
:10d33400415f2900811f780078040200000000008a
:10d34400e4875700d01120000e00400084d602006c
:10d3540001000000705f290084d602000100000073
:10d36400b0002000d0988800100781000090a00031
:10d37400100789006000200040e9880010c0b30055
:10d38400c5f10700411f200010c0b300206902004e
:10d39400010000001c1f370011078100002020003d
:10d3a400008060000000e0001b003200a021220089
:10d3b4008040eb0001487800d0002000d09888001d
:10d3c40040f52100104078000004e0001200320013
:10d3d400b2c0b3003184290040f52100f2d102002b
:10d3e400010000000000e0000200320030192000bb
:10d3f400d0988800b2c0b300f184290040f5210020
:10d40400f2d10200010000000000e000020032003e
:10d41400d0002000d0988800b0068100c1068100a9
:10d42400e00f5000e08f58001c003a00805d290096
:10d4340084d6020001000000d1988000101320005f
:10d444000e004000811f7800415f2900811f780091
:10d454007804020000000000e48757001013200045
:10d464000e00400084d6020001000000705f290015
:10d4740084d6020001000000b0002000d09888008b
:10d48400100781000090a0001007890060002000b0
:10d4940040e9880010c0b3007ff10700411f20005d
:10d4a40010c0b3002069020001000000d61e37003e
:10d4b400451f070040f521008040eb00014878003b
:10d4c400b08529000f1f070000e22400010020009e
:10d4d400b0068900c106890040192000d098880050
:10d4e400c91e370011078100002020000080600061
:10d4f4000000e00005003a00b0068100c10681008a
:10d50400e00f5000e08f580005003a009086290093
:10d5140084d6020001000000b00e2000d0988800dc
:10d52400411f200010c0b300206902000100000068
:10d53400b51e370011078100002020000080600024
:10d544000000e0000f003200a02122008040eb0028
:10d55400014878001c1f070040f521008040eb00c3
:10d5640001487800c0882900e61e070000e2240074
:10d5740001002000b0068900c1068900e0002000f7
:10d58400d0988800b0068100c1068100e00f5000e9
:10d59400e08f58001c003a00805d290084d6020008
:10d5a40001000000d1988000501420000e004000bb
:10d5b400811f7800415f2900811f780078040200f0
:10d5c40000000000e4875700501420000e004000c3
:10d5d40084d6020001000000705f290084d6020096
:10d5e40001000000b0002000d098880010078100de
:10d5f4000090a000100789006000200040e9880026
:10d6040010c0b30024f10700411f200010c0b30074
:10d6140020690200010000007b1e370040f5210054
:10d62400104078000004e0003c003200c2c0b300a7
:10d634006189290040f52100f2d1020001000000b7
:10d644000000e000090032002000200040e98800ca
:10d6540020012000d098880000e22400010020006e
:10d66400b0068900c10689002c003700e2c0b3006f
:10d67400318a290040f52100f2d1020001000000a6
:10d684000000e0000a003200f0002000d09888007a
:10d69400802322008040eb000148780000e224004f
:10d6a40001002000b0068900c10689001b00370074
:10d6b400e2c0b300218b290040f52100f2d1020021
:10d6c400010000000000e00009003200900d20007d
:10d6d400d098880011c0b300100020003834020034
:10d6e400010000006000200040e988000b003700c2
:10d6f40032c1b300118c290040f52100f2d102009f
:10d70400010000000000e00002003200800d200053
:10d71400d09888006000200040e98800b0068100ad
:10d72400c1068100e00f5000e08f58001c003a0051
:10d73400805d290084d6020001000000d198800099
:10d74400901520000e004000811f7800415f2900e1
:10d75400811f78007804020000000000e48757006d
:10d76400901520000e00400084d602000100000045
:10d77400705f290084d6020001000000d000200060
:10d78400d0988800100781000090a000100789003d
:10d7940010c0b300c0f007006000200040e988001a
:10d7a400411f200010c0b3002069020001000000e6
:10d7b400151e3700420020008000eb00502122009b
:10d7c400c8040200000000005021220025cb2200e2
:10d7d40044cb22008001780042c0b3008000eb00fb
:10d7e40000cab300dc900200010000009021220076
:10d7f4008040eb0001487800502122007ec50200e1
:10d80400000000000004e000150032006e1e070056
:10d81400508d29003b1e070050212200391e0700ad
:10d82400f08d2900371e070000e2240001002000cb
:10d83400b0068900c106890000012000d098880044
:10d84400411f200010c0b300206902000100000045
:10d85400802322008040eb0001487800ea1d370055
:10d8640080232200104078008040e80080232200ba
:10d8740001487800e8d6020001000000208e29004b
:10d8840084d60200010000000171220010c0b30020
:10d894002069020001000000100781000090a00030
:10d8a400100789008023220010407800e24f5000c6
:10d8b400541d36006090290084d602000100000047
:10d8c400f00f2000d0988800cf1d37001107810089
:10d8d40000202000008060000000e00021003200f1
:10d8e400e080200021c8b3000148780000812000b6
:10d8f40021c0b30001487800e8d60200010000000e
:10d904003094290084d602000100000090232200f4
:10d91400104078000004e00006003a009023220042
:10d9240011c0b30001487800f02a210011c0b300ef
:10d9340001487800241e070020952900e31d0700f4
:10d9440000e2240001002000b0068900c10689001d
:10d9540010012000d098880040f521008040eb00a1
:10d9640001487800b0068100c1068100e00f500034
:10d97400e08f58001c003a00805d290084d6020024
:10d9840001000000d1988000d01620000e00400055
:10d99400811f7800415f2900811f7800780402000c
:10d9a40000000000e4875700d01620000e0040005d
:10d9b40084d6020001000000705f290084d60200b2
:10d9c40001000000d0002000d098880010078100da
:10d9d4000090a000100789006000200040e9880042
:10d9e40010c0b3002cf00700411f200010c0b3008a
:10d9f4002069020001000000831d37001107810027
:10da040000202000008060000000e0002b003200b5
:10da140062c0b300a195290040f52100f2d10200b3
:10da2400010000000000e00020003200a0f5210009
:10da34001040780046a00200010000000080fb00b6
:10da440010079800b0f5210090407800f0c2b300b0
:10da540080cf500011003400b0f5210090407800d0
:10da640090c3b30080cf50000c003c001e00900017
:10da74006a00b9000000780010079800b0f5210092
:10da84001040780046a00200010000000080fb0066
:10da94009e00900000804000100798001e00900037
:10daa400004078005a3b0200010000000000eb0037
:10dab400507e880020012000d0988800b0068100a4
:10dac400c1068100e00f5000e08f58001a003a00b0
:10dad400805d290084d6020001000000d1988000f6
:10dae400101820000e004000811f7800415f2900bb
:10daf400811f78007804020000000000e4875700ca
:10db0400101820000e00400084d60200010000001e
:10db1400705f290084d60200010000001007810014
:10db24000090a0001007890000012000d098880010
:10db340010c0b300d8ef0700c021220010407800c5
:10db44000004e000b11c3200d0988000801f7800ef
:10db540010962900801f7800c0c8200078040200b5
:10db640000000000e4875700c0c8200084d60200eb
:10db740001000000411f200010c0b3002069020012
:10db840001000000e01f2000d09888001e1d37000f
:10db9400d08020008040eb0001487800110781000c
:10dba40000202000008060000000e0000900320036
:10dbb400851d0700b0972900521d070000e22400cc
:10dbc40001002000b0068900c10689003001200050
:10dbd400d0988800b0068100c1068100e00f500093
:10dbe400e08f580013003a00805d290084d60200bb
:10dbf40001000000501920000e00400084d60200ed
:10dc040001000000705f290084d6020001000000ba
:10dc140000012000d0988800100781000090a00027
:10dc2400100789006000200040e9880010c0b3009c
:10dc340099ef0700411f200010c0b30020690200c3
:10dc440001000000f01c37001107810000202000b3
:10dc5400008060000000e000110032005a1d07003f
:10dc640000e2240001002000b0068900c1068900fa
:10dc740060982900231d070050012000d0988800d7
:10dc840000e2240001002000b0068900c1068900da
:10dc9400411f200010c0b3002069020001000000f1
:10dca400b0068100c1068100e00f5000e08f5800eb
:10dcb400581c3a00805d290084d60200010000004f
:10dcc400d1988000901a20000e004000811f780037
:10dcd400415f2900811f78007804020000000000e1
:10dce400e4875700901a20000e00400084d60200fa
:10dcf40001000000705f290084d6020001000000ca
:10dd040020012000d0988800100781000090a00016
:10dd1400100789006000200040e9880010c0b300ab
:10dd24005def0700b81c37001107810000202000b8
:10dd3400008060000000e00009003200221d07009e
:10dd440000e2240001002000b0068900c106890019
:10dd540020992900eb1c070060012000d09888005e
:10dd6400b0068100c1068100e00f5000e08f58002a
:10dd74001a003a00805d290084d6020001000000e8
:10dd8400d1988000d01b20000e004000811f780035
:10dd9400415f2900811f7800780402000000000020
:10dda400e4875700d01b20000e00400084d60200f8
:10ddb40001000000705f290084d602000100000009
:10ddc40020012000d0988800100781000090a00056
:10ddd4001007890010c0b3002fef0700411f200077
:10dde40010c0b3002069020001000000861c370047
:10ddf4001107810000202000008060000000e00086
:10de040009003200f01c070000e224000100200099
:10de1400b0068900c1068900d0992900b91c070001
:10de240070012000d0988800b0068100c1068100ee
:10de3400e00f5000e08f58001a003a00805d29007e
:10de440084d6020001000000d1988000101d20003b
:10de54000e004000811f7800415f2900811f780077
:10de64007804020000000000e4875700101d200021
:10de74000e00400084d6020001000000705f2900fb
:10de840084d602000100000020012000d098880000
:10de9400100781000090a0001007890010c0b30093
:10dea400fdee0700411f200010c0b30020690200ee
:10deb40001000000541c37001107810000202000dd
:10dec400008060000000e00009003200be1c070072
:10ded40000e2240001002000b0068900c106890088
:10dee400c09a2900871c070080012000d098880070
:10def400b0068100c1068100e00f5000e08f580099
:10df04001a003a00805d290084d602000100000056
:10df1400d1988000501e20000e004000811f780020
:10df2400415f2900811f780078040200000000008e
:10df3400e4875700501e20000e00400084d60200e3
:10df440001000000705f290084d602000100000077
:10df540020012000d0988800100781000090a000c4
:10df64001007890010c0b300cbee0700411f20004a
:10df740010c0b3002069020001000000221c370019
:10df84001107810000202000008060000000e000f4
:10df9400090032008c1c070000e22400010020006c
:10dfa400b0068900c1068900509b2900551c070052
:10dfb40090012000d0988800b0068100c10681003d
:10dfc400e00f5000e08f58001a003a00805d2900ed
:10dfd40084d6020001000000d1988000901f200028
:10dfe4000e004000811f7800415f2900811f7800e6
:10dff4007804020000000000e4875700901f20000e
:10e004000e00400084d6020001000000705f290069
:10e0140084d602000100000020012000d09888006e
:10e02400100781000090a0001007890010c0b30001
:10e0340099ee0700411f200010c0b30020690200c0
:10e0440001000000f01b37001107810000202000b0
:10e05400008060000000e000090032005a1c070044
:10e0640000e2240001002000b0068900c1068900f6
:10e07400f09b2900231c0700a0012000d0988800f1
:10e08400b0068100c1068100e00f5000e08f580007
:10e094001a003a00805d290084d6020001000000c5
:10e0a400d1988000d02020000e004000811f78000d
:10e0b400415f2900811f78007804020000000000fd
:10e0c400e4875700d02020000e00400084d60200d0
:10e0d40001000000705f290084d6020001000000e6
:10e0e40020012000d0988800100781000090a00033
:10e0f4001007890010c0b30067ee0700411f20001d
:10e1040010c0b3002069020001000000be1b3700ec
:10e114001107810000202000008060000000e00062
:10e1240009003200281c070000e22400010020003e
:10e13400b0068900c1068900a09c2900f11b0700d4
:10e14400b0012000d0988800b0068100c10681008b
:10e15400e00f5000e08f58001a003a00805d29005b
:10e1640084d6020001000000d19880001022200013
:10e174000e004000811f7800415f2900811f780054
:10e184007804020000000000e487570010222000f9
:10e194000e00400084d6020001000000705f2900d8
:10e1a40084d602000100000020012000d0988800dd
:10e1b400100781000090a0001007890010c0b30070
:10e1c40035ee0700411f200010c0b3002069020093
:10e1d400010000008c1b3700110781000020200083
:10e1e400008060000000e00009003200f61b070018
:10e1f40000e2240001002000b0068900c106890065
:10e20400509d2900bf1b0700c0012000d098880042
:10e21400b0068100c1068100e00f5000e08f580075
:10e224001a003a00805d290084d602000100000033
:10e23400d1988000502320000e004000811f7800f8
:10e24400415f2900811f780078040200000000006b
:10e25400e4875700502320000e00400084d60200bb
:10e2640001000000705f290084d602000100000054
:10e2740020012000d0988800100781000090a000a1
:10e284001007890010c0b30003ee0700411f2000ef
:10e2940010c0b30020690200010000005a1b3700bf
:10e2a4001107810000202000008060000000e000d1
:10e2b40009003200c41b070000e224000100200012
:10e2c400b0068900c1068900009e29008d1b070045
:10e2d400d0012000d0988800b0068100c1068100da
:10e2e400e00f5000e08f58001a003a00805d2900ca
:10e2f40084d6020001000000d19880009024200000
:10e304000e004000811f7800415f2900811f7800c2
:10e314007804020000000000e487570090242000e5
:10e324000e00400084d6020001000000705f290046
:10e3340084d602000100000020012000d09888004b
:10e34400100781000090a0001007890010c0b300de
:10e35400d1ed0700411f200010c0b3002069020066
:10e3640001000000281b3700110781000020200055
:10e37400008060000000e00009003200921b0700ea
:10e3840000e2240001002000b0068900c1068900d3
:10e39400b09e29005b1b0700e0012000d098880094
:10e3a400b0068100c1068100e00f5000e08f5800e4
:10e3b4001a003a00805d290084d6020001000000a2
:10e3c400d1988000d02520000e004000811f7800e5
:10e3d400415f2900811f78007804020000000000da
:10e3e400e4875700d02520000e00400084d60200a8
:10e3f40001000000705f290084d6020001000000c3
:10e4040020012000d0988800100781000090a0000f
:10e414001007890010c0b3009fed0700411f2000c2
:10e4240010c0b3002069020001000000f61a370092
:10e434001107810000202000008060000000e0003f
:10e4440009003200601b070000e2240001002000e4
:10e45400b0068900c1068900f09b2900291b07002a
:10e46400f0012000d0988800b0068100c106810028
:10e47400e00f5000e08f58001a003a00805d290038
:10e4840084d6020001000000d198800010272000eb
:10e494000e004000811f7800415f2900811f780031
:10e4a4007804020000000000e487570010272000d1
:10e4b4000e00400084d6020001000000705f2900b5
:10e4c40084d602000100000020012000d0988800ba
:10e4d400100781000090a0001007890010c0b3004d
:10e4e4006ded0700411f200010c0b3002069020039
:10e4f40001000000c41a3700110781000020200029
:10e50400008060000000e00018003200f0d5200018
:10e5140090407800801f220011409800801f220044
:10e524009040900040c6b30080cf500003003600f6
:10e53400801f2200e1c0b3001140980000e22400d3
:10e5440001002000b0068900c10689001e1b0700d7
:10e55400b02122008040eb0001487800609f290030
:10e56400e81a070020022000d0988800b006810035
:10e57400c1068100e00f5000e08f58001a003a00f5
:10e58400805d290084d6020001000000d19880003b
:10e59400502820000e004000811f7800415f2900b0
:10e5a400811f78007804020000000000e48757000f
:10e5b400502820000e00400084d602000100000014
:10e5c400705f290084d602000100000020012000b1
:10e5d400d0988800100781000090a00010078900df
:10e5e40010c0b3002ced0700411f200010c0b30081
:10e5f4002069020001000000831a3700110781001e
:10e6040000202000008060000000e00013003200c1
:10e6140050ea8000610060000000e0000d0032005c
:10e62400e91a070090a02900b61a070050ea8000f2
:10e634000000a10050ea8800803821000100200079
:10e64400b0068900c106890020022000d098880005
:10e654000200370030022000d0988800b006810004
:10e66400c1068100e00f5000e08f580002003a001c
:10e67400800c2000e3f30700813e200010c0b300ab
:10e6840020690200010000005f1a370011078100b1
:10e6940000202000008060000000e0000200320042
:10e6a40030022000d0988800b02122001040780069
:10e6b4000004e0000e00320070a1290084d602009c
:10e6c40001000000b02122008040eb0001487800e6
:10e6d400100781000090a000100789001007810036
:10e6e4000080a1001007890030022000d098880023
:10e6f400b0068100c1068100e00f5000e08f580091
:10e7040005003a00100781000090a000100789005e
:10e7140030022000d09888004106200010c0b300c9
:10e724002069020001000000371a37001107810038
:10e7340000202000008060000000e000180032008b
:10e74400500b2200cdf307009f1a0700500b220044
:10e75400104078000004e0000900320040a32900c2
:10e76400681a0700500b2200661a070080a42900cb
:10e77400641a070050022000d09888000400370073
:10e7840080a529005f1a070050022000d098880055
:10e7940000e2240001002000b0068900c1068900bf
:10e7a400b0068100c1068100e00f5000e08f5800e0
:10e7b40002003a00f001200092f30700017d2000de
:10e7c40010c0b30020690200010000000e1a3700d7
:10e7d4001107810000202000008060000000e0009c
:10e7e40009003200781a0700e0a62900451a07003c
:10e7f40000e2240001002000b0068900c10689005f
:10e8040030172000d0988800b0068100c10681002e
:10e81400e00f5000e08f580002003a00f0012000a1
:10e8240078f307004106200010c0b30020690200fd
:10e8340001000000f41937001107810000202000b6
:10e84400008060000000e0000500320050ea800013
:10e854000000a00050ea880060022000d0988800e0
:10e86400b0212200104078000004e0000e003200c5
:10e87400b02122008040eb000148780050ea80007b
:10e884000000a10050ea8800100781000090a00059
:10e8940010078900100781000080a100100789007b
:10e8a40060022000d0988800b0068100c106810073
:10e8b400e00f5000e08f580005003a0050ea800055
:10e8c4000000a10050ea8800600220004df3070018
:10e8d4004106200010c0b3002069020001000000be
:10e8e400c919370011078100002020000080600052
:10e8f4000000e0000800320000e2240001002000d3
:10e90400b0068900c10689003000200040e9880073
:10e91400800c2000d0988800b0212200104078009c
:10e924000004e0000b00320000e22400010020009b
:10e93400b0068900c1068900c0a7290084d6020058
:10e94400010000003000200040e98800800c200015
:10e95400d0988800b0068100c1068100e00f500005
:10e96400e08f58001a003a00805d290084d6020026
:10e9740001000000d1988000902920000e00400082
:10e98400811f7800415f2900811f7800780402000c
:10e9940000000000e4875700902920000e0040008a
:10e9a40084d6020001000000705f290084d60200b2
:10e9b4000100000020012000d09888001007810089
:10e9c4000090a0001007890010c0b30032ec0700cb
:10e9d400411f200010c0b3002069020001000000a4
:10e9e4008919370011078100002020000080600091
:10e9f4000000e0001300320000e2240001002000c7
:10ea0400b0068900c1068900790047007201200020
:10ea1400f1a92900ba0402000000000079004700af
:10ea2400b8190700e0c3b3000c1a0700f002200075
:10ea3400d09888002103200010c0b3002069020090
:10ea440001000000b0068100c1068100e00f500003
:10ea5400e08f5800f1183a00805d290084d6020046
:10ea640001000000d1988000d02a20000e00400050
:10ea7400811f7800415f2900811f7800780402001b
:10ea840000000000e4875700d02a20000e00400058
:10ea940084d6020001000000705f290084d60200c1
:10eaa4000100000030002000d09888001007810089
:10eab4000090a0001007890010c0b300f6eb070017
:10eac40051193700f1068100002020000080600009
:10ead4000000e00016003200801f22006042900017
:10eae400801f2200d0419000801f220040419000ee
:10eaf400801f2200b0409000801f22002040900020
:10eb0400ecea0700b019070000032000d098880041
:10eb140000fa200001002000b0068900c106890027
:10eb2400a10f200010c0b300206902000100000002
:10eb3400b0068100c1068100e00f5000e08f58004c
:10eb4400b8183a00805d290084d602000100000054
:10eb5400d1988000102c20000e004000811f780006
:10eb6400415f2900811f7800780402000000000042
:10eb7400e4875700102c20000e00400084d60200c9
:10eb840001000000705f290084d60200010000002b
:10eb940010c0b300c0eb0700100781000090a00074
:10eba4001007890070022000d098880061092000b5
:10ebb40010c0b300206902000100000012193700e0
:10ebc4001107810000202000008060000000e000a8
:10ebd40012003200d01181000000e00009003a0068
:10ebe40010002000d011890040002000d098880037
:10ebf400e115200010c0b3002069020001000000ec
:10ec04000600370010072000d0988800e115200086
:10ec140010c0b3002069020001000000b0068100aa
:10ec2400c1068100e00f5000e08f58007f183a00c1
:10ec3400805d290084d6020001000000d198800084
:10ec4400502d20000e004000811f7800415f2900f4
:10ec5400811f78007804020000000000e487570058
:10ec6400502d20000e00400084d602000100000058
:10ec7400705f290084d602000100000010078100a3
:10ec84000090a00010078900d01181000000e0006e
:10ec940005003a0010002000d01189004000200037
:10eca400d0988800d818370010072000d098880022
:10ecb400d51837003000200040e988001039810061
:10ecc400e10f500012003a00f11e810000102000f4
:10ecd400008060000000e0000a003200204981004a
:10ece400610060000000e00003003200c003200067
:10ecf400d0988800c4183700101d2000d0988800d0
:10ed0400c1183700001d2000d0988800be183700b5
:10ed1400b16d800000082000008060000000e00069
:10ed240013003200701d2200104078000004e0003f
:10ed34000f003a00501f2200104078000004e00049
:10ed44000b003a0020078100610060000000e00031
:10ed540007003a0020078100620060000000e00024
:10ed640003003a0060102000d0988800a6183700ed
:10ed740070108100620060000000e00014003200a6
:10ed8400701d2200104078000004e00010003a00da
:10ed9400501f2200104078000004e0000c003a00ec
:10eda400b16d800000082000008060000000e000d9
:10edb40007003a00900c2000d0988800e11520004c
:10edc40010c0b30020690200010000008e18370053
:10edd40050802000104078000004e000030032005e
:10ede400e01f2000d09888008718370080bb2100de
:10edf400104078000004e0002100320080bb2100b4
:10ee040010407800e14f50000f003a00a00d22009e
:10ee14009040780010c3b30080cf50000a00320045
:10ee2400a00d22009040780050c3b30080cf500062
:10ee340005003200a00d220090407800f0c3b3001a
:10ee440080cf50000e003a0080bb210010407800b3
:10ee5400e24f500046003a00a00d22009040780096
:10ee640010c3b30080cf500005003200a00d220073
:10ee74009040780050c3b30080cf50003c003a006b
:10ee8400a00d22009040780010c3b30080cf500042
:10ee940005003200a00d22009040780050c3b3005a
:10eea40080cf500018003a00002b21001040780059
:10eeb4000080fb00680060000000e0000e003200eb
:10eec400109b80000000e0000b003a00409b800093
:10eed4000000e00008003a00709b80000000e000a1
:10eee40005003a0033692000120020008040eb0046
:10eef40060ab29007bea070080bb210011c0b3008e
:10ef0400014878001a003700002b210010407800d7
:10ef14000080fb00680060000000e0001100320087
:10ef2400109b80000000e0000e003a00409b80002f
:10ef34000000e0000b003a00709b80000000e0003d
:10ef440008003a00f0b722008040eb000148780046
:10ef540053692000120020008040eb0000ac29001f
:10ef640060ea070080bb210021c0b300014878009b
:10ef7400f0488100620060000000e00023003200dd
:10ef8400104981000000e00020003200801f2200b0
:10ef940010007800610060000000e0001b003a00ef
:10efa400801f220010007800620060000000e00072
:10efb4001600320040d72000104078000080fb008b
:10efc400610060000000e00010003a0023e9200026
:10efd400120020008040eb00503f290041ea070066
:10efe400104981000000e90010498900104981009e
:10eff4000000e00005003a00620020008000eb0001
:10f00400e0912200c80402000000000040d7200064
:10f01400104078000080fb00610060000040780030
:10f024000004e0001800320050d82000104078009e
:10f034000080fb00610060000000e00012003a0064
:10f04400c0d82000104078000004e0000e003a0010
:10f05400801f220010007800610060000000e000c2
:10f0640009003a0040d72000104078000080fb00df
:10f07400640060000000e00003003a00200d20005e
:10f08400d0988800e017370040d72000104078005f
:10f094000080fb00640060000000e0000300320018
:10f0a400500d2000d0988800d7173700701d22001b
:10f0b40010407800e34f500003003a00e00d810057
:10f0c4000020a100e00d8900701d2200104078008e
:10f0d400e24f50000e003a00e00d81006200600033
:10f0e4000000e00004003200e00d810064006000d4
:10f0f4000000e00006003200e00d81000020a100c5
:10f10400e00d890020052000d0988800be17370044
:10f11400517e800070382100808f5000030036003b
:10f1240020032000d0988800b7173700617e800044
:10f13400f07c2000808f50000d003600a00d2200ce
:10f144009040780010c3b30080cf50000500320017
:10f15400a00d22009040780050c3b30080cf50002f
:10f1640003003a0000052000d0988800a617370055
:10f17400917e8000f0e12400808f5000030036006f
:10f1840040102000d09888009f173700b07e800080
:10f194000000e00003003a00c0122000d09888006c
:10f1a40099173700801f220010007800610060006a
:10f1b4000000e00003003200e0062000d098880040
:10f1c4009117370000dd2000104078000004e000b3
:10f1d40003003200000a2000d09888008a17370004
:10f1e400a009220090407800f0c3b30080cf500003
:10f1f4001a003a00b0092200104078000004e00030
:10f2040016003a0040e98000e30f500013003a0072
:10f2140060da200010407800e54f50000f00340001
:10f2240060da200010407800ff4f50000b003c00d3
:10f2340050da2000104078000004e000070032009b
:10f24400817e800080b52100808f5000030036004d
:10f25400a0072000d09888006b173700701d22008b
:10f26400104078000004e0000a003a00e00d81003c
:10f274000020a100e00d8900501f220010407800fa
:10f28400e14f500003003a00a0052000d098880008
:10f294005d17370000108100610060000000e0008d
:10f2a40003003200a00a2000d098880056173700c7
:10f2b400d02a2100104078000004e000130032003e
:10f2c400717e800000772100808f50000f0036008f
:10f2d400701d2200104078000004e0000b003a008a
:10f2e400501f2200104078000004e00007003a009c
:10f2f40020078100610060000000e00003003a0084
:10f3040060062000d09888003f173700a17e800057
:10f3140080b52100808f50000f003600701d220040
:10f32400104078000004e0000b003a00501f220057
:10f33400104078000004e00007003a002007810034
:10f34400610060000000e00003003a005005200066
:10f35400d09888002c1737002007810064006000d3
:10f364000000e00003003200d0022000d0988800a2
:10f374002517370020078100620060000000e000cc
:10f3840003003200b0022000d09888001e17370016
:10f3940020498100610060000000e0002f0032007d
:10f3a400d02a2100104078000004e0002b003a002d
:10f3b400a028210090407800f0c3b30080cf500013
:10f3c40026003200a00d22009040780010c3b30044
:10f3d40080cf500005003200a00d2200904078003c
:10f3e40050c3b30080cf50001c003a00609c220040
:10f3f4001ad30200010000000000e0000e003200f9
:10f40400609c2200104078000004e0000a003200f2
:10f4140021498100000e2000008060000000e0000f
:10f424000e003a00c0032000d09888000000eb00d2
:10f43400407e8800f4163700204981000000a100b6
:10f4440020498900204981000040a1002049890009
:10f45400609c22008040eb00014878002007810076
:10f46400610060000000e00047003a0020078100ce
:10f47400620060000000e00043003a00204981007f
:10f48400610060000000e0003f003a00417e80001f
:10f4940070bb2000808f50003b00360090bb2100e1
:10f4a400104078000004e0001d00320090bb2100f1
:10f4b400104078000000fb00e20f5000080032000a
:10f4c400a1052000810f500008003200e10f500018
:10f4d4000a003a00b00e2000d098880007003700d8
:10f4e40080112000d098880004003700508020004c
:10f4f40011c0b300014878000000000090bb210057
:10f504008040eb0001487800e8d6020001000000ca
:10f51400a0ac290084d6020001000000ba1637000e
:10f5240080022000d0988800d00d2200104078007e
:10f534000004e00014003a00a02821009040780064
:10f54400f0c3b30080cf50000f003200a00d2200a2
:10f554009040780010c3b30080cf50000500320003
:10f56400a00d22009040780050c3b30080cf50001b
:10f5740005003a00a00f2000d09888000000eb009e
:10f58400407e8800a0163700701d220010407800cd
:10f594000004e00007003200501f220010407800f1
:10f5a4000004e0000300320040062000d0988800e8
:10f5b40095163700e00d8100610060000000e00056
:10f5c40004003a00d00e8100610060000000e000f9
:10f5d4000300320040062000d09888008a163700c5
:10f5e40040e98000e30f50000d00320040e9800044
:10f5f400e40f50000a00320040e98000e50f50009b
:10f6040007003200e8d602000100000050ae2900d5
:10f6140084d6020001000000800e2000d0988800eb
:10f6240070108100620060000000e00013003200ee
:10f63400701d2200104078000004e0000f003a0022
:10f64400501f2200104078000004e0000b003a0034
:10f6540020078100610060000000e00007003a001c
:10f6640020078100620060000000e00003003a000f
:10f67400900c2000d09888006316370050052200b3
:10f68400104078000004e0000b00320020498100a3
:10f69400610060000000e000040032000008220065
:10f6a400104078000004e00003003a00000f20003e
:10f6b400d09888005416370050ea80006400600037
:10f6c4000000e0001400320050ea80006100600095
:10f6d4000000e00007003200d0b0290084d6020008
:10f6e4000100000050ea80000020a10050ea8800d8
:10f6f4000900370050ea8000610060000000e0006b
:10f7040005003a00100781000090a000100789004e
:10f7140020022000d098880071f180000020200091
:10f72400008060000000e0001800320050ea800011
:10f73400610060000000e0000d003200a216070026
:10f74400e0cc220080c0eb0001487800a0b329007f
:10f754006c16070000e2240001002000b0068900b6
:10f76400c1068900b01c2000d098880026163700f6
:10f7740050ea8000610060000000e00003003a00ed
:10f7840050ea80000020a00050ea8800d198800050
:10f79400800c2000808f5000a6153a0060312100b3
:10f7a400104078000004e000a4153a002103200072
:10f7b40010c0b300206902000100000012163700d7
:10f7c40050b4290084d6020001000000e0d82000d3
:10f7d400104078000080fb00700060000000e00032
:10f7e4000e003a0080fd200010407800e14f5000e8
:10f7f4000a003a0080fd20008040eb0001487800b8
:10f8040050b529003f160700411f200010c0b30067
:10f814002069020001000000fb15370000b6290032
:10f824003816070000e2240001002000b006890019
:10f83400c1068900b02122008040eb000148780015
:10f84400a00c2000d0988800e115200010c0b3005f
:10f854002069020001000000eb1537001107810048
:10f8640000202000008060000000e0001c00320046
:10f87400701081000010a100701089005000200059
:10f8840040e9880080a9230001002000b006890017
:10f89400c1068900b00c2000d0988800dcc6a900fd
:10f8a400b6a6a900e8d6020001000000d0988000a6
:10f8b4008000eb00811f7800801f78007078290099
:10f8c400801f7800c0c820007804020000000000f7
:10f8d400e6875700c0c8200084d60200010000005b
:10f8e400b0068100c1068100e00f5000e08f58008f
:10f8f4000f003a00d0988000801f7800b0b629002d
:10f90400801f7800c0c820007804020000000000b6
:10f91400e4875700c0c8200084d60200010000001c
:10f92400800c2000d098880010c0b3005ae807006b
:10f93400b0212200104078000004e0000d003200e5
:10f94400d0988000801f7800b0b72900801f78000d
:10f95400c0c820007804020000000000e4875700bb
:10f96400c0c8200084d6020001000000800c2000e2
:10f97400d0988800c0212200104078000004e000e4
:10f9840030153200d0988000801f780080b929009b
:10f99400801f7800c0c82000780402000000000026
:10f9a400e4875700c0c8200084d60200010000008c
:10f9b400411f200010c0b3002069020001000000b4
:10f9c400e01f2000d09888008f153700b006810012
:10f9d400c1068100e00f5000e08f58002c003a006f
:10f9e400d19b8000d0988000811f7800801f780010
:10f9f400b0bc2900801f7800c0c820007804020031
:10fa040000000000e6875700c0c8200084d602002a
:10fa140001000000b082290084d602000100000029
:10fa24000000eb00407e880021498100000e200088
:10fa34000100700020498900d00d22008040eb00b5
:10fa440001487800a00d2200f1c3b30001487800fa
:10fa5400a00d220090407800a028210001487800e1
:10fa640000132100507e8800701081000010a10056
:10fa7400701089005000200040e98800800c2000ac
:10fa8400d0988800c00c2000d09888005e153700fc
:10fa94002103200010c0b30020690200010000000f
:10faa40059153700dcc6a800b6a6a800e8d602009f
:10fab40001000000d098800011002000811f780010
:10fac400801f780070782900801f7800c0c820004b
:10fad4007804020000000000e6875700c0c8200038
:10fae40084d6020001000000813e200010c0b30053
:10faf4002069020001000000d00c2000d09888008a
:10fb040041153700a09c29007e150700803821008c
:10fb140001002000b0068900c1068900e00c200025
:10fb2400d098880038153700b0068100c1068100de
:10fb3400e00f5000e08f58000500320011078100eb
:10fb440000202000008060000000e000bf143200ac
:10fb540050da200010407800e34f500007003a00cc
:10fb6400602e210010407800f94f5000030032004d
:10fb7400b06d80000070a000b06d880000132100fb
:10fb8400507e8800800c2000d09888001e15370015
:10fb9400f0d5200090407800801f2200114098008a
:10fba400801f22009040900040c6b30080cf5000d8
:10fbb40003003600801f2200e1c0b300114098000a
:10fbc40081150700e8d602000100000000be2900ec
:10fbd40084d6020001000000f0d520001040780017
:10fbe4000080fb00801f7800e0be2900801f7800a1
:10fbf400202322007804020000000000e48757005c
:10fc04002023220084d602000100000020bf290026
:10fc14003c150700803e200001002000b00689004a
:10fc2400c1068900100d2000d098880050d720000c
:10fc3400104078000004e00086143a00d0bf290088
:10fc440084d6020001000000000d2000d098880036
:10fc5400ed143700110781000020200000806000af
:10fc64000000e00005003a00b0068100c1068100f2
:10fc7400e00f5000e08f580078143a0040d720007d
:10fc840010407800804078000104a10040d7200093
:10fc94000148780050d82000104078008040780057
:10fca4000104a00050d820000148780040d720006b
:10fcb400104078000080fb00620060000000e0005b
:10fcc4000600320050d820001040780080407800b0
:10fcd4000134a00050d8200001487800800c200096
:10fce400d0988800c8143700110781000020200034
:10fcf400008060000000e00005003a00b0068100ca
:10fd0400c1068100e00f5000e08f580055143a00fe
:10fd14002d15070060c12900fa140700a0c72200ae
:10fd240010407800e14f500005003a0041062000e1
:10fd340010c0b30020690200010000000400370075
:10fd4400813e200010c0b3002069020001000000c1
:10fd54008038210001002000b0068900c106890016
:10fd6400300d2000d0988800a714370011078100b7
:10fd740000202000008060000000e00005003a0040
:10fd8400b0068100c1068100e00f5000e08f5800ea
:10fd940036143a0040d720001040780080407800a4
:10fda4000104a10040d7200001487800061507008f
:10fdb400b02122008040eb0001487800a0c7220057
:10fdc40010407800e14f500005003a00813e2000c9
:10fdd40010c0b300206902000100000004003700d5
:10fde400813e200010c0b300206902000100000021
:10fdf40070c22900c314070050d72000c1140700a3
:10fe040060c32900bf140700b0822900bd14070095
:10fe1400e8d602000100000080c3290084d6020055
:10fe24000100000050d7200084d602000100000029
:10fe34002045290084d6020001000000400d200066
:10fe4400d0988800810c200010c0b3002069020003
:10fe5400010000008038210001002000b006890064
:10fe6400c106890068143700b021220010407800d0
:10fe74000004e00005003a00b0068100c1068100dc
:10fe8400e00f5000e08f580032003a0040c42900cf
:10fe940075e6070050d820001040780080407800b4
:10fea4000124a00050d820000148780092c0b3007b
:10feb400b13e290050d72000f2d102000100000019
:10fec4000000e0001d003200bf140700b021220032
:10fed4008040eb00014878008038210001002000b8
:10fee400b0068900c1068900c0c4290084d6020076
:10fef4000100000092002000513f290050d720004b
:10ff0400ba0402000000000070c229007d1407003a
:10ff1400503f29007b14070060c3290079140700af
:10ff2400b082290077140700411f200010c0b300dd
:10ff3400206902000100000033143700800c200007
:10ff4400d0988800419c200010c0b30020690200b2
:10ff540001000000110781000020200000806000e3
:10ff64000000e000c313320000e22400010020007e
:10ff7400b0068900c106890050d8200010407800de
:10ff8400804078000104a00050d820000148780087
:10ff940040d72000104078000080fb006200600021
:10ffa4000000e0000600320050d820001040780025
:10ffb400804078000134a00050d820000148780027
:10ffc400800c2000d0988800810c200010c0b30061
:10ffd40020690200010000000b14370020c629002c
:10ffe4004814070050d720004614070060c32900b6
:10fff40044140700b08229004214070000e22400e0
:020000040002f8
:1000040001002000b0068900c1068900600d2000af
:10001400d0988800fc13370050d820001040780096
:100024000004e00005003200b0068100c106810032
:10003400e00f5000e08f580090133a00800c20002d
:10004400d0988800f013370010c7290084d6020026
:1000540001000000f00f2000d0988800ea13370058
:1000640090ca290084d6020001000000f00f20008d
:10007400d0988800e413370053140700b0212200fd
:100084008040eb000148780000e2240001002000d9
:10009400b0068900c1068900c0cd290019140700e3
:1000a400b00f2000d09888004106200010c0b30093
:1000b4002069020001000000d313370011078100fa
:1000c40000202000008060000000e00009003200f1
:1000d4008038210001002000b0068900c106890093
:1000e400c0122000d0988800d00d220011c0b300a7
:1000f40001487800b0212200104078000004e0009c
:1001040005003a00b0068100c1068100e00f5000ee
:10011400e08f580005003a00d00d22008040eb002b
:1001240001487800c0122000d098880041062000c1
:1001340010c0b3002069020001000000b2133700b0
:10014400a00d22009040780010c3b30080cf50006f
:1001540005003200a00d22009040780050c3b30087
:1001640080cf500019003a001107810000202000c0
:10017400008060000000e00005003a00b006810045
:10018400c1068100e00f5000e08f58000d003a00d6
:100194000d140700f0ce2900cc13070040192100ec
:1001a40001002000b0068900c1068900810c2000ee
:1001b40010c0b3002069020001000000900220007a
:1001c400d0988800000000008f133700800c2000b6
:1001d400d09888000000eb00407e88008a13370026
:1001e4001107810000202000008060000000e00072
:1001f40005003a00b0068100c1068100e00f5000fe
:10020400e08f58000e003a00800c2000d09888003f
:100214000000eb00407e880020078100620060003f
:100224000000e00006003200b0022000d0988800f0
:100234004106200010c0b300206902000100000044
:10024400c0212200104078000004e0000d133200a9
:10025400d0988000801f780010962900801f7800b5
:10026400c0c820007804020000000000e4875700a2
:10027400c0c8200084d6020001000000411f2000f5
:1002840010c0b3002069020001000000e01f20003c
:10029400d09888005c133700cb13070000e22400d9
:1002a40001002000b0068900c1068900e0cf2900c2
:1002b40094130700900d8100f8a2020001000000d1
:1002c40070d029008f130700c0022000d098880046
:1002d4004106200010c0b3002069020001000000a4
:1002e40049133700110781000020200000806000be
:1002f4000000e00005003a00b0068100c10681005c
:10030400e00f5000e08f5800e0123a00200781000f
:100314000010a10020078900800c2000d0988800dc
:1003240020078100680060000000e0000500320042
:10033400200781000030a1002007890080ab200045
:10034400407e8800b0068100c1068100e00f5000a5
:10035400e08f5800cf123a00200781000020a0004f
:1003640020078900805d290084d602000100000076
:10037400d1988000902e20000e004000811f78004c
:10038400415f2900811f780078040200000000000a
:10039400e4875700902e20000e00400084d602000f
:1003a40001000000705f290084d6020001000000f3
:1003b40010c0b300b8e50700131337008213070019
:1003c40000e2240001002000b0068900c106890073
:1003d400b0d029004b130700b0822900491307004d
:1003e400200781000010a100200789002007810058
:1003f4000000a10020078900200781000020a1003f
:10040400200789000000eb00407e8800e002200005
:10041400d09888004106200010c0b3002069020073
:1004240001000000f81237001107810000202000ad
:10043400008060000000e00005003a00b006810082
:10044400c1068100e00f5000e08f580093123a007b
:10045400800c2000d098880010c0b3008ee50700ff
:10046400e91237005813070040f521008040eb00e3
:100474000148780070d1290014130700801a26005f
:1004840001002000b0068900c10689003003200065
:10049400d0988800dc1237000000eb00507e880002
:1004a4001107810000202000008060000000e000af
:1004b400ed00320060032000d0988800a2c0b30091
:1004c40011d2290040f52100f2d102000100000000
:1004d4000000e00015003a00a2c0b300c1d2290018
:1004e40040f52100f2d10200010000000000e0000c
:1004f4000e003a00a2c0b30071d3290040f52100d8
:10050400f2d10200010000000000e00007003a0000
:10051400a2c0b30021d4290040f52100f2d1020089
:10052400010000000000e0002b0032003000200039
:1005340040e98800e005210010407800f94f5000a0
:1005440004003200b00d2200104078000004e000e6
:1005540003003200e0052100f692020001000000d1
:10056400b00d22008040eb0001487800c00d22004d
:100574008040eb0001487800d0f52100104078005d
:1005840080407800a00d220001487800a00d2200d0
:1005940090407800a028210001487800a00d220096
:1005a4009040780050c3b30080cf500005003a005b
:1005b4008040eb00002020003834020001000000dd
:1005c4002d0037008040eb0000202000063402009c
:1005d4000100000028003700a2c0b300d1d42900d4
:1005e40040f52100f2d10200010000000000e0000b
:1005f40007003a00a2c0b30081d5290040f52100cc
:10060400f2d10200010000000000e0001a003200f4
:10061400e8d602000100000030d6290084d602008a
:1006240001000000e01f2000d0988800d0f52100d0
:100634001040780080407800a00d22000148780026
:10064400a00d220090407800a028210001487800e5
:10065400c080200010407800e34f400011123e009b
:10066400c0802000104078008040e800c080200056
:100674000148780064123700a2c0b30061d8290091
:1006840040f52100f2d10200010000000000e0006a
:1006940015003a00a2c0b30011d9290040f5210089
:1006a400f2d10200010000000000e0000e003a0058
:1006b400a2c0b300c1d9290040f52100f2d1020043
:1006c400010000000000e00007003a00a2c0b300ef
:1006d40071da290040f52100f2d102000100000086
:1006e4000000e00047003200c00d220010407800f6
:1006f4008040e800c00d220001487800c00d2200af
:1007040010407800e84f500005003a00e8d6020097
:100714000100000020db290084d602000100000053
:10072400c00d220010407800f44f50002b0036001a
:10073400c00d22008040eb0001487800b00d22007b
:10074400104078000004e0001c003a00b00d2200c4
:1007540011c0b3000148780060062100f69202003f
:1007640001000000e8d6020001000000002b210077
:10077400104078000080fb006100600000407800b9
:100784000004e0000400320011c0b30000012000a6
:100794003834020001000000002b210010407800d2
:1007a4000080fb00640060000000e00003003200f1
:1007b400e02a210011c0b3000148780010dd2900af
:1007c40084d6020001000000e01f2000d0988800b9
:1007d4004000200040e988000b123700d0f52100ca
:1007e4001040780080407800a00d22000148780075
:1007f400a00d220090407800a02821000148780034
:10080400020037003000200040e9880082c0b300b5
:10081400d1df290040f52100f2d1020001000000df
:100824000000e0001000320060e0290035120700eb
:100834006512070040f521008040eb000148780074
:100844008038210001002000b0068900c10689001b
:10085400800c2000d098880081bb200010c0b30019
:100864002069020001000000b0068100c106810079
:10087400e00f5000e08f580017003a00805d290017
:1008840084d6020001000000d1988000d02f2000ff
:100894000e004000811f7800415f2900811f78000d
:1008a4007804020000000000e4875700d02f2000e5
:1008b4000e00400084d6020001000000705f290091
:1008c40084d6020001000000800c2000d09888002b
:1008d40010c0b30070e40700c0212200104078006b
:1008e4000004e00071113200d0988000801f78006d
:1008f40010962900801f7800c0c8200078040200e8
:1009040000000000e4875700c0c8200084d602001d
:1009140001000000411f200010c0b3002069020044
:1009240001000000e01f2000d0988800b6113700b5
:1009340020952900e51107002312070040f5210046
:100944008040eb000148780000fa200001002000fc
:10095400b0068900c106890050032000d0988800a1
:10096400a91137000000eb00507e880011078100b8
:1009740000202000008060000000e00087003200ba
:1009840062c0b300a195290040f52100f2d1020014
:10099400010000000000e0008000320060c0b300ed
:1009a4004047980010e1290084d6020001000000ad
:1009b4004e4090000080fb0041f52100e1407800aa
:1009c400f0c2b30080cf5000420034004e4090008b
:1009d4000080fb0041f52100e140780090c3b300a2
:1009e40080cf50003b003c004e4090000080fb0054
:1009f40041f521006140780046a00200010000009a
:100a04000080fb00100798004e4090000040e80072
:100a1400404798004e4090000080fb0041f52100c3
:100a2400e1407800f0c2b30080cf500018003400d9
:100a34004e4090000080fb0041f52100e140780029
:100a440090c3b30080cf500011003c001e00900002
:100a54006a00b90000007800100798004e4090002a
:100a64000080fb0041f521006140780046a00200af
:100a7400010000000080fb009e0090000080400008
:100a8400100798004e4090000040e800404798004e
:100a94001e009000004078005a3b02000100000054
:100aa400103120000e0040009e009000811f78004d
:100ab400e1e12900811f78007804020000000000b1
:100ac400e4875700103120000e00400084d6020055
:100ad400010000004e4090000040e80040479800ac
:100ae4004e4090000080fb0041f52100e140780079
:100af400f0c2b30080cf5000200034004e4090007c
:100b04000080fb0041f52100e140780090c3b30070
:100b140080cf500019003c004e4090000080fb0044
:100b240041f521006140780046a002000100000068
:100b34000080fb00100798001e0090000040780021
:100b44009e3c020001000000f03220000e00400034
:100b54009e009000811f780031e32900811f7800f6
:100b64007804020000000000e4875700f0322000ff
:100b74000e00400084d60200010000000000eb00db
:100b8400507e8800007d200001002000b00689000e
:100b9400c1068900800c2000d0988800b00681002e
:100ba400c1068100e00f5000e08f580017003a00a2
:100bb400805d290084d6020001000000d1988000e5
:100bc400d03420000e004000811f7800415f2900ce
:100bd400811f78007804020000000000e4875700b9
:100be400d03420000e00400084d602000100000032
:100bf400705f290084d6020001000000800c2000f0
:100c0400d098880010c0b300a3e30700c0212200dd
:100c1400104078000004e000a6103200d098800054
:100c2400801f780010962900801f7800c0c820001b
:100c34007804020000000000e4875700c0c82000c8
:100c440084d6020001000000411f200010c0b30040
:100c54002069020001000000e01f2000d0988800f5
:100c6400e91037005811070040f521008040eb00df
:100c74000148780060e4290022110700803e20002a
:100c840001002000b0068900c1068900700320001d
:100c9400d0988800dc103700110781000020200064
:100ca400008060000000e000560132000000eb000c
:100cb400507e880072c0b300f1e4290040f52100a1
:100cc400f2d10200010000000000e0004d013200fa
:100cd400d2c0b30071e5290040f52100f2d1020031
:100ce400010000000000e0004101320052c1b300e5
:100cf40051e6290040f52100f2d102000100000074
:100d04000000e0009a00320050da200041c0b30035
:100d14000148780050c1b300504798005e409000ed
:100d24000080fb0041f52100e1407800f0c2b300ef
:100d340080cf5000420034005e4090000080fb00f1
:100d440041f52100e140780090c3b30080cf50000a
:100d54003b003c005e4090000080fb0041f5210018
:100d64006140780046a00200010000000080fb0002
:100d7400100798005e4090000040e800504798003b
:100d84005e4090000080fb0041f52100e1407800c6
:100d9400f0c2b30080cf5000180034005e409000d1
:100da4000080fb0041f52100e140780090c3b300ce
:100db40080cf500011003c001e0090006a00b90072
:100dc40000007800100798005e4090000080fb004f
:100dd40041f521006140780046a0020001000000b6
:100de4000080fb009e0090000080400010079800e7
:100df4005e4090000040e800504798001e009000bc
:100e0400004078000a3d0200010000001036200076
:100e14000e0040009e009000811f7800b1e7290079
:100e2400811f78007804020000000000e487570066
:100e3400103620000e00400084d60200010000009d
:100e44005e4090000040e800504798005e409000eb
:100e54000080fb0041f52100e1407800f0c2b300be
:100e640080cf50003f0034005e4090000080fb00c3
:100e740041f52100e140780090c3b30080cf5000d9
:100e840038003c005e4090000080fb0041f52100ea
:100e94006140780046a00200010000000080fb00d1
:100ea400100798005e4090000040e800504798000a
:100eb4005e4090000080fb0041f52100e140780095
:100ec400f0c2b30080cf5000150034005e409000a3
:100ed4000080fb0041f52100e140780090c3b3009d
:100ee40080cf50000e003c001e0090006a00b90044
:100ef40000007800100798005e4090000080fb001e
:100f040041f521006140780046a002000100000084
:100f14000080fb009e0090000080400010079800b5
:100f24001e00900000407800e03c02000100000038
:100f3400f03720000e0040009e009000811f7800d2
:100f440001e92900811f78007804020000000000f4
:100f5400e4875700f03720000e00400084d60200da
:100f64000100000040032000d0988800a50037004d
:100f740050da200031c0b30001487800d0c0b3007b
:100f8400604798006e4090000080fb0041f521000e
:100f9400e1407800f0c2b30080cf5000420034003a
:100fa4006e4090000080fb0041f52100e140780094
:100fb40090c3b30080cf50003b003c006e409000d3
:100fc4000080fb0041f521006140780046a002004a
:100fd400010000000080fb00100798006e409000a4
:100fe4000040e800604798006e4090000080fb00dd
:100ff40041f52100e1407800f0c2b30080cf5000f9
:10100400180034006e4090000080fb0041f5210080
:10101400e140780090c3b30080cf500011003c0041
:101024001e0090006a00b9000000780010079800c4
:101034006e4090000080fb0041f521006140780083
:1010440046a00200010000000080fb009e0090000a
:1010540000804000100798006e4090000040e800b7
:10106400604798001e00900000407800443d020054
:1010740001000000d03920000e0040009e009000c6
:10108400811f780051ea2900811f7800780402004a
:1010940000000000e4875700d03920000e00400013
:1010a40084d60200010000006e4090000040e80079
:1010b400604798006e4090000080fb0041f52100dd
:1010c400e1407800f0c2b30080cf50003f0034000c
:1010d4006e4090000080fb0041f52100e140780063
:1010e40090c3b30080cf500038003c006e409000a5
:1010f4000080fb0041f521006140780046a0020019
:10110400010000000080fb00100798006e40900072
:101114000040e800604798006e4090000080fb00ab
:1011240041f52100e1407800f0c2b30080cf5000c7
:10113400150034006e4090000080fb0041f5210052
:10114400e140780090c3b30080cf50000e003c0013
:101154001e0090006a00b900000078001007980093
:101164006e4090000080fb0041f521006140780052
:1011740046a00200010000000080fb009e009000d9
:1011840000804000100798001e0090000040780086
:10119400343d020001000000b03b20000e0040007e
:1011a4009e009000811f7800a1eb2900811f780028
:1011b4007804020000000000e4875700b03b2000e0
:1011c4000e00400084d602000100000020db200055
:1011d4008040eb000148780010db20008040eb00e9
:1011e4000148780040032000d098880005003700ab
:1011f40050da200021c0b3000148780040032000e9
:10120400d0988800b0068100c1068100e00f50002c
:10121400e08f5800290f3a000000eb00507e880050
:10122400800c2000d098880010c0b3001ae2070098
:10123400750f370020812000904078003081200015
:101244001040780080cf50001e0f3a00e0c3b30076
:101254000210070000c2b3000c100700f0ec2900d4
:10126400a80f0700609c2200a60f0700f08d29003c
:10127400a40f0700d0032000d09888004106200066
:1012840010c0b300206902000100000080a92300ff
:1012940001002000b0068900c10689005a0f3700fa
:1012a400f106810000202000008060000000e000c2
:1012b4000b00320001078100002020000080600044
:1012c4000000e00006003200411f200010c0b300ff
:1012d4002069020001000000e0032000d09888008b
:1012e400b0068100c1068100e00f5000e08f580075
:1012f400f60e3a00e8d602000100000090ed290045
:1013040084d6020001000000af0f0700b0012000e6
:101314007c0f070080a9230001002000b00689008b
:10132400c1068900810c200010c0b30020690200ae
:101334000100000010042000d0988800320f37000c
:10134400b02122008040eb00014878000210200008
:101354008000eb0040f52100c804020000000000fa
:10136400990f070050922200660f070000232f00f8
:1013740001002000b0068900c1068900810c20000c
:1013840010c0b3002069020001000000f003200037
:10139400d09888001c0f3700a0012000801f78001f
:1013a400d0ee2900801f780000212200780402007a
:1013b40000000000e487570000212200510f0700bd
:1013c400d0c0b30022e20700810c200010c0b3009b
:1013d400206902000100000000042000d098880069
:1013e400090f3700110781000020200000806000f1
:1013f4000000e000310032000002eb008001eb004d
:10140400629c22005192220000ef29000650020043
:1014140000000000004f8100114f81006100400076
:10142400e0804800004f8900114f8900409e22004f
:1014340010407800e14f400005003200409e220039
:10144400104078008040e800409e22000148780067
:1014540020498100700060000000e00009003200b3
:10146400609e220010407800e14f400005003200e9
:10147400609e2200104078008040e800609e2200b8
:1014840001487800204981000000a100204989001a
:10149400204981000040a1002049890021498100a0
:1014a400f0f12f0080806000000620000100700031
:1014b40020498900800c2000d0988800b006810063
:1014c400c1068100e00f5000e08f58001e003a0072
:1014d400805d290084d6020001000000b0012000d4
:1014e400080f0700d1988000903d20000e004000b6
:1014f400811f7800415f2900811f78007804020071
:1015040000000000e4875700903d20000e004000da
:1015140084d6020001000000705f290084d6020016
:1015240001000000e8d602000100000080ef29005d
:1015340084d602000100000020042000d098880016
:1015440010c0b30054e10700b0212200104078001d
:101554000004e0005f0e3200e8d602000100000043
:10156400c0f0290084d602000100000020042000fd
:10157400d0988800a000200001002000b006890057
:10158400c1068900a00e3700b0068100c1068100a3
:10159400e00f5000e08f5800050032001107810071
:1015a40000202000008060000000e0004b0e3200ac
:1015b40020042000d0988800930e37000002eb002e
:1015c4008001eb00629c22005192220040f229002b
:1015d4000650020000000000204981000010a00015
:1015e40020498900204981000000a1002049890088
:1015f400204981000040a10020498900214981003f
:10160400000e20000100700020498900809e220005
:1016140010407800e14f400005003200809e220017
:10162400104078008040e800809e22000148780045
:10163400800c2000d0988800730e3700b02122005f
:101644008040eb0001487800400522008040eb0018
:1016540001487800dc0e070080a923000100200067
:10166400b0068900c1068900c0f22900970e070060
:1016740010052000d0988800411f200010c0b3003e
:1016840020690200010000005f0e3700110781008d
:1016940000202000008060000000e00019003200fb
:1016a40040052200104078000004e00013003a00d6
:1016b400501f220010407800e14f50000300320018
:1016c400501f22008040eb0001487800d00e8100ba
:1016d4000000a100d00e8900701d22008040eb00a4
:1016e40001487800e00d81000000a100e00d8900b0
:1016f40050ff20008040eb0001487800800c20005f
:10170400d0988800b0212200104078000004e00046
:1017140002003200800c2000d0988800b0068100be
:10172400c1068100e00f5000e08f580015003a0018
:10173400805d290084d6020001000000d09880005a
:10174400801f7800405f2900801f7800c0c82000f7
:101754007804020000000000e4875700c0c820009d
:1017640084d6020001000000705f290084d60200c4
:1017740001000000800c2000d098880010c0b30045
:10178400c5e007000000eb00607e8800c021220055
:10179400104078000004e000d20d3200d0988000a0
:1017a400801f780010962900801f7800c0c8200090
:1017b4007804020000000000e4875700c0c820003d
:1017c40084d6020001000000411f200010c0b300b5
:1017d4002069020001000000e01f2000d09888006a
:1017e400090e370050f32900460e0700760e070055
:1017f400007d200001002000b0068900c106890098
:101804000000eb00c00e8900701d220031c0b3003f
:1018140001487800f0b722008040eb0001487800ce
:10182400801f2200f040900000c5b30080cf50001c
:101834000d003200801f220010007800610060005b
:101844000000e00005003200801f2200e04090000c
:1018540000c5b30080cf50000300320000c5b300c0
:101864000cb702000100000030052000d098880069
:10187400e50d370011078100002020000080600082
:101884000000e00005003a00b0068100c1068100b6
:10189400e00f5000e08f5800940d3a00800c2000b7
:1018a400d0988800b0068100c1068100e00f500086
:1018b400e08f58008f0d3a00805d290084d6020025
:1018c40001000000d1988000d03e20000e004000ae
:1018d400811f7800415f2900811f7800780402008d
:1018e40000000000e4875700d03e20000e004000b6
:1018f40084d6020001000000705f290084d6020033
:101904000100000010c0b30063e00700be0d370003
:101914002d0e070080a9230001002000b0068900d5
:10192400c1068900a0f32900e80d07006005200026
:10193400d0988800411f200010c0b3002069020025
:1019440001000000b00d37001107810000202000c5
:10195400008060000000e00005003a00b00681004d
:10196400c1068100e00f5000e08f5800630d3a007b
:10197400800c2000d09888000000eb00a07e880036
:10198400a10d3700e00d8100610060000000e0005f
:1019940004003a00d00e8100610060000000e00005
:1019a4000300320040062000d0988800960d3700ce
:1019b400050e0700007d200001002000b00689000c
:1019c400c106890040f42900ce0d0700b0052000af
:1019d400d09888008c0d370011078100002020006a
:1019e400008060000000e00005003a00b0068100bd
:1019f400c1068100e00f5000e08f5800410d3a000d
:101a0400c0052000d0988800b0068100c10681007e
:101a1400e00f5000e08f58003c0d3a00805d290033
:101a240084d6020001000000d198800010402000fc
:101a340000004700811f7800415f2900811f780062
:101a44007804020000000000e487570010402000e2
:101a54000000470084d6020001000000705f2900e6
:101a640084d602000100000010c0b3000ae00700a1
:101a7400650d3700d40d070000e2240001002000aa
:101a8400b0068900c1068900501f220021c0b3009e
:101a9400014878000000eb00b00f8900c0f4290071
:101aa400980d0700b01d2200960d070000f52900cf
:101ab400940d0700d0052000d0988800520d3700ff
:101ac4001107810000202000008060000000e00079
:101ad40005003200d00e81000010a000d00e890055
:101ae40000052000d0988800b0068100c10681005e
:101af400e00f5000e08f5800060d3a00805d290089
:101b040084d6020001000000d198800050412000da
:101b140000004700811f7800415f2900811f780081
:101b24007804020000000000e487570050412000c0
:101b34000000470084d6020001000000705f290005
:101b440084d6020001000000800c2000d098880098
:101b540010c0b300d0df07002b0d370030f529008b
:101b6400680d0700701d22008040eb0001487800da
:101b7400501f22008040eb0001487800eeb60200be
:101b840001000000900d0700007d200001002000ee
:101b9400b0068900c10689000119200010c0b300f5
:101ba400206902000100000050062000d09888003f
:101bb400150d37001107810000202000008060000f
:101bc4000000e00005003a00b0068100c106810073
:101bd400e00f5000e08f5800d00c3a0000052000c0
:101be400d0988800b0068100c1068100e00f500043
:101bf400e08f5800cb0c3a00805d290084d60200a7
:101c040001000000d19880009042200000004700ad
:101c1400811f7800415f2900811f78007804020049
:101c240000000000e48757009042200000004700b5
:101c340084d6020001000000705f290084d60200ef
:101c44000100000010c0b30093df0700ee0c370062
:101c54005d0d070040f521008040eb00014878004d
:101c6400c0882900270d07008038210001002000ca
:101c7400b0068900c106890070062000d09888004b
:101c8400e10c370011078100002020000080600073
:101c94000000e0002f00320040f5210010407800e1
:101ca4000004e0002b003200c2c0b30061892900a7
:101cb40040f52100f2d10200010000000000e00024
:101cc40009003200800c2000d0988800a021220056
:101cd4008040eb0001487800d02a21008040eb00ce
:101ce4000148780019003700a02122001040780034
:101cf4008040e800a021220001487800a0212200b1
:101d040010407800e14f50000e003600e8d6020083
:101d14000100000080f5290084d6020001000000c3
:101d240040f5210084d6020001000000204529006e
:101d340084d6020001000000800e2000d0988800a4
:101d440002003700800c2000d09888000000eb00cf
:101d5400707e8800b0068100c1068100e00f50004b
:101d6400e08f5800710c3a00e8d602000100000030
:101d740050f6290084d6020001000000e01f200074
:101d8400d0988800a00c370040f521008040eb007b
:101d940001487800a00922002200200081f72900d0
:101da400ba04020000000000070d0700a0f7290094
:101db400d40c07008038210001002000b0068900ff
:101dc400c1068900b0072000d09888008e0c370027
:101dd4001107810000202000008060000000e00066
:101de4007200320040f52100104078000004e00049
:101df4006e00320062c0b30041f8290040f52100b2
:101e0400f2d10200010000000000e000670032008f
:101e14006000200010079800030037001e009000a7
:101e24000000e8001007980041f521001e00900012
:101e340000804000104078000004e00007003200f9
:101e440041f521001e009000008040009040780081
:101e540020c2b30080cf5000f0ff3a0041f52100ca
:101e64001e009000008040009040780020c2b30023
:101e740080cf500032003a001e0090000000e800bd
:101e8400100798000000eb00000f78000c003700ea
:101e940041f521001e0090000080400010407800b1
:101ea40080407800a00922001e004000014878000c
:101eb4001e0fe8001e0090000000e80010079800c4
:101ec40041f521001e009000008040001040780081
:101ed4000004e0001600320041f521001e009000cd
:101ee400008040009040780020c2b30080cf5000b2
:101ef4000f00320041f521001e00900000804000d8
:101f040010407800ed4f50000900320041f52100e7
:101f14001e0090000080400010407800ea4f5000fe
:101f2400030032001e007800f30f5000d8ff340085
:101f3400a00922001e0040008040eb000148780008
:101f44000000eb00807e8800800c2000d098880080
:101f5400a0d2210090407800a0c5b30080cf5000eb
:101f640012003a00a009220090407800f0c3b300a8
:101f740080cf500004003a00b009220010407800dd
:101f84000004e00009003200100781000090a00066
:101f9400100789008038210001002000b006890064
:101fa400c1068900c0072000d0988800b0068100cf
:101fb400c1068100e00f5000e08f5800dd0b3a00ad
:101fc400800c20008fe507000000eb00807e880075
:101fd4000d0c3700110781000020200000806000f4
:101fe4000000e00009003200770c0700b0f8290077
:101ff400440c07008038210001002000b00689004d
:10200400c1068900d0072000d0988800b00681005e
:10201400c1068100e00f5000e08f580002003a0032
:10202400e0072000d09888004106200010c0b300cb
:102034002069020001000000f30b37001107810042
:1020440000202000008060000000e0000f0032004b
:1020540040f521008040eb0001487800f00a22009e
:102064008040eb0001487800570c0700a0f72900d6
:10207400240c07008038210001002000b0068900ec
:10208400c1068900e0072000d0988800b0068100ce
:10209400c1068100e00f5000e08f580002003a00b2
:1020a400e0072000d09888004106200010c0b3004b
:1020b4002069020001000000d30b370040f5210025
:1020c400104078000004e0005200320062c0b30007
:1020d40041f8290040f52100f2d10200010000007e
:1020e4000000e0004b003200600020001007980060
:1020f400030037001e0090000000e800100798005d
:1021040041f521001e00900000804000104078003e
:102114000004e0000700320041f521001e00900099
:10212400008040009040780020c2b30080cf50006f
:10213400f0ff3a0041f521001e00900000804000ad
:102144009040780020c2b30080cf500031003a00a4
:102154001e0090000000e800100798000000eb004b
:10216400000f78000b00370041f521001e0090009d
:102174000080400090407800f00a22001e004000d9
:10218400014878001e0fe8001e0090000000e800df
:102194001007980041f521001e00900000804000c7
:1021a400104078000004e0001600320041f52100e0
:1021b4001e009000008040009040780020c2b300d0
:1021c40080cf50000f00320041f521001e00900026
:1021d4000080400010407800ed4f500009003200ac
:1021e40041f521001e00900000804000104078005e
:1021f400ea4f5000030032001e007800e40f500044
:10220400d9ff3400f00a22001e0040008040eb0099
:1022140001487800ec0b070080f92900b90b07008e
:102224008038210001002000b0068900c106890021
:10223400f0072000d09888004106200010c0b300a9
:1022440020690200010000006f0b370011078100b4
:1022540000202000008060000000e00009003a0037
:10226400b0212200104078000004e00005003a008c
:10227400b0068100c1068100e00f5000e08f5800d5
:102284002a003a00b02122008040eb000148780087
:10229400d052200000004700f8e40700d05220008c
:1022a40000004700510b220054d10200010000003d
:1022b4000000e00009003200500b220010407800ba
:1022c4000004e00017003a00d0522000000047004c
:1022d400104078000004e00012003200e8d602004a
:1022e4000100000050fa290084d602000100000019
:1022f400100781000090a0001007890010078100da
:102304000080a1001007890000e2240001002000e1
:10231400b0068900c106890010022000d098880008
:1023240002003700800c2000d0988800410620006d
:1023340010c0b3002069020001000000320b370016
:10234400100781000090a00010078900700220008f
:10235400d09888004101200010c0b3002069020019
:1023640001000000280b3700110781000020200025
:10237400008060000000e00005003a00b006810023
:10238400c1068100e00f5000e08f5800eb0a3a00cc
:10239400803e200001002000b0068900c1068900ab
:1023a40020072000d0988800170b37001107810000
:1023b40000202000008060000000e00005003a00da
:1023c400b0068100c1068100e00f5000e08f580084
:1023d400dc0a3a00f0d5200090407800801f2200eb
:1023e40011409800801f22009040900040c6b30026
:1023f40080cf500003003600801f2200e1c0b300ec
:1024040011409800700b070000fa20000100200022
:10241400b0068900c106890040fd2900390b070078
:10242400e8d6020001000000f0fd290084d6020075
:1024340001000000801f2200104090000080fb007b
:10244400801f7800e0be2900801f7800202322002e
:102454007804020000000000e487570020232200d3
:1024640084d602000100000030072000d0988800c4
:10247400b0068100c1068100e00f5000e08f5800d3
:10248400b20a3a00805d290084d6020001000000ef
:10249400d1988000d043200000004700811f7800bd
:1024a400415f2900811f78007804020000000000c9
:1024b400e4875700d04320000000470084d6020080
:1024c40001000000705f290084d6020001000000b2
:1024d40010c0b30070dd0700cb0a3700110781007c
:1024e40000202000008060000000e00005003a00a9
:1024f400b0068100c1068100e00f5000e08f580053
:10250400940a3a00801f2200900078000100a10084
:1025140001087800801f2200e0409000801f220004
:1025240071409800801f2200900078000110a000e4
:1025340001087800800c2000d0988800e8d60200ba
:1025440001000000d0fe290084d602000100000032
:10255400b0068100c1068100e00f5000e08f5800f2
:102564007e0a3a00805d290084d602000100000042
:10257400d19880001045200000004700811f78009a
:10258400415f2900811f78007804020000000000e8
:10259400e4875700104520000000470084d602005d
:1025a40001000000705f290084d6020001000000d1
:1025b40010c0b30038dd0700930a3700f0d52000bf
:1025c40090407800801f220011409800801f220054
:1025d4009040900040c6b30080cf50000300360006
:1025e400801f2200e1c0b30011409800e8d6020029
:1025f40001000000e0ff290084d602000100000071
:10260400801f2200104090000080fb00801f780093
:10261400e0be2900801f78002023220078040200f5
:1026240000000000e48757002023220084d6020023
:1026340001000000e40a070020bf2900b10a0700d6
:10264400803e200001002000b0068900c1068900f8
:10265400100a2000d09888006b0a37001107810007
:1026640000202000008060000000e00005003a0027
:10267400b0068100c1068100e00f5000e08f5800d1
:10268400380a3a0000dd20008040eb000148780061
:1026940010dd200011c0b30001487800e8d6020024
:1026a4000100000030012a0084d60200010000006d
:1026b400916e800010032000808f500004003600cb
:1026c400916e800080b52100808f5000020036009a
:1026d400c05d2000906e880000d620001040780075
:1026e4000004e0000400320000d62000104078000e
:1026f400ee4f50000300360000d62000e1c0b300c6
:1027040001487800b00a070003e22000120020000c
:102714008040eb00b03e290072dc0700803e2000c0
:1027240001002000b0068900c1068900200a2000ab
:10273400d0988800810c200010c0b30020690200ea
:1027440001000000300a370011078100002020003a
:10275400008060000000e00005003a00b00681003f
:10276400c1068100e00f5000e08f5800ff093a00d5
:10277400800c2000d0988800230a3700501f2200c4
:1027840010407800e34f50000d003200701d22000d
:1027940010407800e34f500009003200001081001f
:1027a4000000a10000108900001081000010a000aa
:1027b40000108900800c2000d0988800120a37008d
:1027c400810a070000e2240001002000b00689000d
:1027d400c106890080022a004a0a0700c02022009c
:1027e40010407800d8a2020001000000b082290045
:1027f400440a0700b00a2000d0988800020a370073
:102804001107810000202000008060000000e0002b
:1028140005003a00b0068100c1068100e00f5000b7
:10282400e08f5800d3093a00b02122008040eb0029
:1028340001487800640a070000c429000100200050
:10284400b0068900c106890000032a002d0a07008a
:10285400102022002b0a0700b0822900290a070051
:10286400c00a2000d0988800b0068100c10681000b
:10287400e00f5000e08f5800c0093a00805d290045
:1028840084d6020001000000d19880005046200048
:1028940000004700811f7800415f2900811f7800f4
:1028a4007804020000000000e4875700504620002e
:1028b4000000470084d6020001000000705f290078
:1028c40084d602000100000010c0b30072dc0700cf
:1028d40080032a0084d6020001000000ca093700e0
:1028e4001107810000202000008060000000e0004b
:1028f40005003200001081000000a10000108900d2
:10290400800c2000d0988800b0068100c1068100a8
:10291400e00f5000e08f580004003200b021220084
:10292400104078000004e00096093200805d290020
:1029340084d6020001000000d19880009047200056
:1029440000004700811f7800415f2900811f780043
:102954007804020000000000e4875700904720003c
:102964000000470084d6020001000000705f2900c7
:1029740084d6020001000000001081000000a100c4
:1029840000108900001081000010a00000108900d0
:10299400800c2000d0988800419c200010c0b30017
:1029a4002069020001000000b0068100c106810018
:1029b400e00f5000e08f580074093a0010c0b300d3
:1029c40035dc07009009370040062a00cd090700ce
:1029d400fd09070040f521008040eb000148780024
:1029e40000fa200001002000b0068900c106890019
:1029f400900e2000d098880083093700b00681002b
:102a0400c1068100e00f5000e08f5800050032003d
:102a14001107810000202000008060000000e00019
:102a24005c093200e809070040f521008040eb0012
:102a34000148780070d12900b209070000fa20008b
:102a440001002000b0068900c1068900a00e200004
:102a5400d09888006c093700b0068100c106810057
:102a6400e00f5000e08f580005003200110781008c
:102a740000202000008060000000e00047093200d0
:102a8400b00e2000d09888005f09370080a9230089
:102a940001002000b0068900c1068900c00e200094
:102aa400d0988800f0062a009609070080072a00bb
:102ab40084d60200010000000000eb0040e9880019
:102ac400b0068100c1068100e00f5000e08f58007d
:102ad40034093a00d1988000d04820000000470013
:102ae400811f7800b1082a00811f78007804020051
:102af40000000000e4875700d04820000000470091
:102b040084d60200010000000000eb0040e98800c8
:102b1400d00e2000d0988800014b200010c0b300d4
:102b24002069020001000000370937000000eb00b3
:102b340040e9880060fc200010407800ea4f500013
:102b44000500360001f4210010c0b3002069020022
:102b5400010000000400370081bb200010c0b30056
:102b64002069020001000000e00e2000d0988800d7
:102b740060fc20008040eb00014878002209370007
:102b8400b666a8008157200010c0b3002069020077
:102b940001000000f00e2000d09888001a093700c8
:102ba400b666a9000000eb00d0988800160937002b
:102bb400b666a800e0092a0084d6020001000000dd
:102bc400419c200010c0b3002069020001000000f5
:102bd40090112000d09888000b093700b666a90030
:102be400a0112000d0988800017d200010c0b300ff
:102bf400206902000100000090b32000b1c0b300be
:102c0400014878000009370090b320001040780094
:102c14000004e0001b00320090b320001040780054
:102c24008040e90090b3200001487800017d200035
:102c340010c0b3002069020001000000e8d60200c1
:102c44000100000090b32000104078008080fb0059
:102c5400104a200000004700811f7800f179290004
:102c6400811f78007804020000000000e487570008
:102c7400104a20000000470084d602000100000032
:102c8400e1083700b0112000d098880030212200dc
:102c940061c9b30001487800db083700b666a800b4
:102ca4008157200010c0b300206902000100000019
:102cb400c0112000d0988800d3083700b666a90058
:102cc4000000eb00d0988800cf0837003e090700c9
:102cd400b02122008040eb0001487800500522001a
:102ce40008090700b08229000609070050052200e0
:102cf4008040eb0001487800100f2000d098880035
:102d0400c15d200010c0b300206902000100000072
:102d1400e0072200104078008080fb00803e200005
:102d24000088b90000007800cf80de00b00689007a
:102d3400c1068900b4083700b0068100c1068100cd
:102d4400e00f5000e08f58000900320011078100a5
:102d540000202000008060000000e00004003a0031
:102d6400b0212200104078000004e0008f083200f7
:102d740000082200104078000004e0001400320033
:102d8400710b2a00f0b3200028d2020001000000d9
:102d9400000f78009e007800f0b32000008040000f
:102da40041f5210028d20200010000001e0f40005e
:102db4000041eb00f1b3200000082200e0b402005f
:102dc40001000000000822008040eb000148780068
:102dd400800c2000d0988800810c200010c0b30023
:102de40020690200010000008708370060fc200011
:102df4008040eb00014878000000eb0040e98800c7
:102e0400813e200010c0b3002069020001000000d0
:102e14007d083700b02122008040eb000148780093
:102e2400e90807008038210001002000b00689006d
:102e3400c1068900a00b2a00b20807005010200028
:102e4400d0988800a100200010c0b30020690200bf
:102e5400010000006c0837001107810000202000e9
:102e6400008060000000e0003100320072c0b30056
:102e7400410c2a0040f52100f2d1020001000000bb
:102e84000000e0002a003200b0f5210090407800f4
:102e9400f0c2b30080cf500025003400b0f521000b
:102ea4009040780090c3b30080cf500020003c00d5
:102eb400b0f521001040780046a002000100000097
:102ec400612e210080487800c0f5210090407800f0
:102ed400f0c2b30080cf500015003400c0f52100cb
:102ee4009040780090c3b30080cf500010003c00a5
:102ef400602e2100104078006a00b90000007800bc
:102f040080407800602e210001487800c0f521003f
:102f14001040780046a0020001000000612e21004c
:102f24009140780081404000602e210001487800e3
:102f34001107810000202000008060000000e000f4
:102f440009003a00b0212200104078000004e0009b
:102f540005003a00b0068100c1068100e00f500070
:102f6400e08f580013083a00800c2000d0988800a5
:102f74000000eb00907e880023083700b021220077
:102f84008040eb00014878008f080700803821005a
:102f940001002000b0068900c106890050da200033
:102fa40010407800e44f50000d003a0070032000f8
:102fb4000e004000d1012000811f7800c10c2a00be
:102fc400811f78007804020000000000e4875700a5
:102fd400800d2a0084d60200010000001000370092
:102fe40050da200010407800e34f50000c003a0003
:102ff400700320000e00400091012000811f780022
:10300400c10c2a00811f780078040200000000002f
:10301400e4875700200f2a0084d602000100000034
:10302400700320000e0040003608070070102000d6
:10303400d09888004106200010c0b3002069020027
:1030440001000000f0073700110781000020200074
:10305400008060000000e00009003200b06d8000d4
:103064000070a100b06d8800800c2000d09888000a
:1030740000e22400907e880060ea2000507e8800f0
:103084001107810000202000008060000000e000a3
:1030940009003a00b0212200104078000004e0004a
:1030a40005003a00b0068100c1068100e00f50001f
:1030b400e08f5800c1073a00800c2000d0988800a7
:1030c400b02122008040eb0001487800ce07370091
:1030d400007d2000b07e8800b02122008040eb00fb
:1030e4000148780040e521008040eb000148780069
:1030f40040f521008040eb000148780032080700c9
:10310400007d200001002000b0068900c10689006e
:10311400c0102a00fb070700d0122000d0988800b6
:103124002103200010c0b300206902000100000048
:10313400b5073700110781000020200000806000df
:103144000000e0005b00320072c0b30061112a008d
:1031540040f52100f2d10200010000000000e0006f
:1031640054003200b0f521009040780000c3b30051
:1031740080cf500005003200b0f521009040780067
:1031840010c3b30080cf50004a003a00b0f52100cc
:10319400104078008040780000cdb30000c04000ab
:1031a4008040780080fd200001487800e0d82000ad
:1031b400104078000080fb00640060000000e00024
:1031c4002500320090fd200010407800e14f5000af
:1031d40021003a00b0f521009040780000c3b3000c
:1031e40080cf50000e003a00f7070700803e200011
:1031f40001002000b0068900c1068900e0112a0000
:10320400c0070700e0122000d098880021032000a6
:1032140010c0b3002069020001000000250037003f
:10322400e9070700803e200001002000b006890065
:10323400c106890090122a00b2070700e01220009c
:10324400d09888002103200010c0b3002069020038
:103254000100000017003700b0f52100904078000d
:1032640010c3b30080cf50000e003a00d607070009
:10327400803e200001002000b0068900c1068900bc
:1032840050b529009f070700e0122000d09888005d
:103294002103200010c0b3002069020001000000d7
:1032a4000400370000ee2200b07e8800800c20006d
:1032b400d0988800b0068100c1068100e00f50005c
:1032c400e08f58003f073a0040132a0084d60200da
:1032d40001000000800c2000d09888004a073700c5
:1032e4001107810000202000008060000000e00041
:1032f40005003a00b0068100c1068100e00f5000cd
:10330400e08f580031073a00800c2000d0988800e4
:103314003d073700104080000000e0002d073a0010
:10332400e0142a0084d6020001000000800c200072
:10333400d09888003407370060802000104078005f
:103344000004e00025073a00708020001040780057
:103354000004e0000600320090162a0084d6020021
:1033640001000000800c2000d09888002607370058
:1033740000192a0084d60200010000000000eb00be
:10338400d098880020073700508020008040eb0050
:1033940001487800b02122008040eb000148780009
:1033a4008907070080a9230001002000b0068900d6
:1033b400c1068900d01b2a0044070700f01f200023
:1033c400d0988800100737001107810000202000e2
:1033d400008060000000e000060032008038210018
:1033e40001002000b0068900c106890000202000e9
:1033f400d0988800b0212200104078000004e0003a
:1034040005003a00b0068100c1068100e00f5000bb
:10341400e08f5800f3063a0000202000d09888007e
:10342400f9063700b0068100c1068100e00f5000a4
:10343400e08f5800ed063a0010002000d098880074
:10344400f106370011078100002020000080600091
:103454000000e00040003200e0cc22001040780080
:10346400e14f500003003a00c01c2000d0988800af
:1034740039003700201c2a0084d602000100000015
:1034840050ea80000000a10050ea880050ea800061
:103494000020a00050ea880080f180000000e800cd
:1034a40080f1880081f1800070658100808f500078
:1034b40027003600701f2a0084d602000100000095
:1034c40070f180000090a10070f18800e0e221001a
:1034d40010407800e34f500010003a00902422007e
:1034e4008040eb0001487800f11e810000ff2f00ae
:1034f40000806000f01e8900f01e81000080a100a1
:10350400f01e890040002000103989002e070700b2
:10351400c0cd2900fb0607000600370071f18000ca
:10352400f0ff28008080600000002500010070008a
:1035340070f18800800c2000d0988800411f200082
:1035440010c0b3002069020001000000ae0637007d
:10355400800c2000d0988800b0068100c10681004c
:10356400e00f5000e08f58000b003a0010232a00af
:1035740084d602000100000050ea80000000a1008f
:1035840050ea880050ea80000020a00050ea880039
:10359400800c2000d0988800411f200010c0b30088
:1035a40020690200010000009706370080f18000c6
:1035b4000000e80080f1880081f1800070658100de
:1035c400808f500023003600f0262a0084d60200a3
:1035d4000100000070f180000090a10070f18800eb
:1035e400e0e2210010407800e34f500010003a0060
:1035f400902422008040eb0001487800f11e8100f5
:1036040000ff2f0000806000f01e8900f01e810082
:103614000080a100f01e89004000200010398900bc
:10362400e9060700c0cd2900b606070006003700ea
:1036340071f18000f0ff2800808060000000250008
:103644000100700070f18800800c2000d098880080
:103654006d06370011078100002020000080600003
:103664000000e0001800320061ea80007058200079
:1036740000004700811f7800e1d42100811f7800f9
:10368400d1282a00811f780078040200000000007d
:10369400e6875700cc060700b02122008040eb00eb
:1036a4000148780000e2240001002000b0068900ef
:1036b400c1068900705820000000470091060700e9
:1036c400d01c2000d0988800411f200010c0b300f7
:1036d40020690200010000004b0637001107810039
:1036e40000202000008060000000e0001a0032008a
:1036f40070f1800000f0a10070f188007058200083
:1037040000004700e1d82100811f7800312b2a00f6
:10371400811f78007804020000000000e48757004d
:10372400a9060700b02122008040eb000148780080
:1037340000c4290001002000b0068900c1068900e8
:1037440070582000000047006e060700e01c2000af
:10375400d098880011003700b02122001040780072
:103764000004e00005003a00b0068100c1068100b3
:10377400e00f5000e08f580008003a00802c2a0027
:1037840084d6020001000000b02122008040eb003a
:1037940001487800c01c2000d0988800411f2000f8
:1037a40010c0b300206902000100000016063700b3
:1037b400b0212200104078000004e00005003a0027
:1037c400b0068100c1068100e00f5000e08f580070
:1037d40010003a00502e2a0084d602000100000096
:1037e400b02122008040eb000148780070f1800095
:1037f40000f0a10070f18800c01c2000d09888005f
:10380400411f200010c0b300206902000100000025
:10381400fd05370071f18000000028000080600081
:103824000000e000f305320070f1800000f0a10018
:1038340070f18800a0f18000b1f1800093f1800064
:10384400d252200002014700809fbe00831f7800ef
:1038540050302a00801f78000200780078040200ab
:1038640000000000e8875700d05220000000470005
:1038740084d602000100000091f18000800c200039
:10388400808f500022003a00e0e2210010407800ce
:10389400e34f500013003a0010398100e10f50004b
:1038a40003003a00f01c2000d0988800d6053700a9
:1038b40071f18000f0ff28000080600000c0a000cb
:1038c40070f1880070f180000090a10070f1880010
:1038d4002000200010398900800c2000d098880036
:1038e400c905370071f18000f0ff280000806000f6
:1038f40000c0a00070f1880070f180000090a10069
:1039040070f18800800c2000d0988800be05370034
:1039140020322a0084d602000100000070f18000e9
:103924000090a10070f18800e0e2210010407800ce
:10393400e34f500010003a00902422008040eb0036
:1039440001487800f11e810000ff2f000080600014
:10395400f01e890010398100e10f500003003a0085
:1039640019060700c0cd2900e60507004000200025
:10397400103989000600370071f18000f0ff28003b
:1039840080806000000023000100700070f1880056
:10399400800c2000d09888009b05370010398100e6
:1039a400e10f500095053a00f01c2000d0988800e3
:1039b40095053700e0e22100104078000080fb000c
:1039c400e30f500003003200e40f500013003200f4
:1039d40015003700fc05070070332a00c9050700ed
:1039e4001000200010398900f11e810000ff2f0013
:1039f40000806000f01e8900f01e81000040a100dc
:103a0400f01e89009024220011c0b3000148780000
:103a1400601d2000d098880006003700800c20002c
:103a2400d098880003003700800c2000d0988800cc
:103a340000000000740537001107810000202000f9
:103a4400008060000000e000ec033200f01e810002
:103a54006f4060000080fb00e20f50006000320005
:103a6400e30f5000c70332000000e000cb033a002c
:103a7400808020008040eb0001487800a0f18000a5
:103a8400b1f18000201289003112890020128100d6
:103a940031128100e00f5000e08f580040003200e6
:103aa400c0388100d1388100e00f5000e08f580009
:103ab40012003200fa77020001000000c0388100d1
:103ac400d1388100d252200002014700809fbe00fd
:103ad400a0342a00801f78000200780078040200d5
:103ae40000000000e6875700d05220000000470085
:103af40084d6020001000000020037005a77020059
:103b0400010000006000b800001289001112890051
:103b1400f01e81000040a000f01e890000398100e1
:103b240063006000e10f500002003a00c05d200015
:103b34000100370000202000514b20008100470085
:103b4400801f780080382a00801f780001007800e8
:103b54007804020000000000e48757009a0507007b
:103b6400504b20000000470066050700007122004a
:103b740090128900406581008000780010c0b30075
:103b84002069020001000000f11e810000ff2f00e7
:103b9400008060000010a000f01e8900840337003c
:103ba40090392a0084d602000100000090242200eb
:103bb4008040eb0001487800f11e810000ff2f00d7
:103bc40000806000f01e890070f180000090a10068
:103bd40070f1880040002000103989007403370018
:103be400f01e81000040a100f01e89000039810010
:103bf40063006000e10f500066003a00e238810083
:103c0400f3388100c05d2000010020000200400064
:103c140083804800e0388900f1388900e238810067
:103c2400f3388100c0388100d1388100800f510001
:103c3400818f59001a003100f01e81000040a0005d
:103c4400f01e8900d04c200000004700c15d200018
:103c5400811f780081382a00811f780078040200cf
:103c640000000000e487570057050700d04c2000ef
:103c740000004700230507004065810080007800ac
:103c840010c0b300206902000100000050658100eb
:103c940061658100b0068900c106890044033700cc
:103ca400e0388100f1388100d2522000020147003f
:103cb400809fbe00c03a2a00801f7800020078006e
:103cc4007804020000000000e6875700d05220006c
:103cd4000000470084d60200010000000139810081
:103ce400c0ff2f00008060000010a0000039890090
:103cf400003981000020a00000398900904522008d
:103d04008040eb0001487800904122008040eb00a5
:103d1400014878000000eb00d0368900e0388100cb
:103d2400f13881000012890011128900f01e81000f
:103d34000040a000f01e8900504e20000000470003
:103d440001202000811f780081382a00811f78001b
:103d54007804020000000000e48757001a050700f9
:103d6400504e200000004700e60407004065810033
:103d74008000780010c0b300206902000100000038
:103d84005065810061658100b0068900c106890023
:103d9400070337000000eb0040079800241281005d
:103da4003512810002128100131281009045220015
:103db400104078000084fb00003781001137810037
:103dc400d7368100d652200006034700849fbe00e8
:103dd400829fbe00881f7800809fbe00871f7800e6
:103de400603e2a00801f78000600780078040200f4
:103df40000000000f2875700d05220000000470066
:103e040084d602000100000030422a0084d6020059
:103e1400010000009041220084d60200010000004d
:103e2400a0422a0084d60200010000000000eb003a
:103e340060079800880137000040eb00204f98008d
:103e44000040eb00604f980090452200104078003d
:103e54000004e000250032000040eb00304f9800e1
:103e6400120037002e4890000080fb00be489000ee
:103e74008180fb00a21c200001014100e1242200fa
:103e840081004100114190007158200081004700d9
:103e9400827078002e4890000040e800204f98007f
:103ea4003e4890000040e800304f980090452200c2
:103eb400904078003e48900080cf500004003600c7
:103ec400ae489000e0c7b30080cf5000e5ff360055
:103ed4009045220090407800614f98009045220060
:103ee4008040eb0001487800150037009041220023
:103ef4008040eb0001487800110037002e48900004
:103f04000080fb00ce009000c2202000010141008f
:103f1400e124220081004100114178007158200001
:103f240081004700827078002e4890000040e8002d
:103f3400204f98004e0090000000e80040079800d1
:103f4400d13681004e009000808f50000c00360066
:103f54004e009000c120200080804000e024220018
:103f64000080400010407800ea4f50000400320006
:103f7400ae489000e0c7b30080cf5000dfff3600aa
:103f84002e4890000080fb007158200081004700fb
:103f94000041eb0082707800d13681004e00900021
:103fa400808f50000b0036004e009000c12020008e
:103fb40080804000e024220000804000104078000f
:103fc400ea4f500003003a004e0090000000e80061
:103fd400400798002e4890000004e00017013200ca
:103fe400705820000000470010407800ed4f50004a
:103ff400140132007058200000004700104078007f
:10400400ea4f5000110132000040eb00704f98005d
:10401400705820000000470090407800a0c3b3000f
:1040240080cf50001e003a002e489000e24f50000e
:104034001b0036007058200000004700104090001c
:1040440046a0020001000000605798006e509000e6
:104054000080fb004400dd0000447800705820001c
:10406400000047002040900046a00200010000002c
:1040740000407400605798006e509000004040006b
:104084006b40400070579800ae4890007e509000fe
:1040940080cf50000200390010c0b300704f980068
:1040a4000039810063006000e20f50004f003a00c5
:1040b4007e4890000004e000220032002e48900068
:1040c4008080fb006e4890000080fb000080500060
:1040d400800078006e009000008040000080e800be
:1040e400600798007058200000004700ae48900018
:1040f400ae780200010000000004e000d5003200a8
:10410400d0422a0084d6020001000000a0388100b9
:10411400b138810000128900111289000000eb00ff
:104124006007980001398100c0ff2f000080600003
:10413400003989006000b800c0388900d13889008e
:10414400c50037000040eb00304f98000d003700e9
:104154003e4890000081fb003e4890000080fb0038
:104164007158200081004700e1407800804122001e
:1041740000004100114098003e4890000040e800d3
:10418400304f9800be4890002e48900080cf5000d9
:1041940004003100be489000e0c3b30080cf50005b
:1041a400ebff36003e4890008080fb0080412200f7
:1041b400008040008040eb001140980090452200b0
:1041c400be489000014878002e4890008080fb0093
:1041d4006e4890000080fb0000805000ee009000cc
:1041e40000804000600798009b0037007e489000e4
:1041f4000004e0006700320070582000000047000f
:10420400887d0200010000000004e0000e0032007e
:1042140060462a0084d60200010000007058200085
:104224000000470084d60200010000002045290058
:1042340084d6020001000000f01e81000060a0008e
:10424400f01e89003300370070582000000047003a
:10425400ae489000067f020001000000005f980055
:104264000e589000e14f50001d00360000128100ee
:10427400111281000e5990008281fb00d25220005d
:1042840002014700809fbe00831f7800e0472a0098
:10429400801f78000200780078040200000000000b
:1042a400e8875700d05220000000470084d602005f
:1042b40001000000705820000000470084d602006e
:1042c400010000002045290084d6020001000000fe
:1042d400f01e81000060a000f01e89000d00370070
:1042e4006e0090006101b80000128100111281007b
:1042f40002004000838048007258200002024700f8
:104304000001be00ae489000040078004878020026
:104314000100000020c0b300005798002e48900010
:10432400e84f50000e00360070582000000047008f
:10433400f040900000c3b30080cf500008003a0062
:1043440070582000000047008048900010c3b3005c
:1043540080cf500002003a000040eb000057980064
:104364002e4890008080fb006e4890000080fb0087
:1043740000805000800078000e5090000080fb0008
:1043840000804000ee00900000804000600798002c
:10439400310037000040eb00304f98000d0037002b
:1043a4003e4890000081fb003e4890000080fb00e6
:1043b4007158200081004700e140780080412200cc
:1043c40000004100114098003e4890000040e80081
:1043d400304f9800be4890002e48900080cf500087
:1043e40004003100be489000e0c3b30080cf500009
:1043f400ebff36003e4890008080fb0080412200a5
:10440400008040008040eb0011409800904522005d
:10441400be489000014878002e4890008080fb0040
:104424006e4890000080fb0000805000ee00900079
:10443400008040006007980007003700000000007b
:1044440005003700000000000300370000000000f2
:104454000100370000000000d13681004e009000ba
:10446400808f500005003600f11e810000042000fa
:10447400008060000000e0006ffe3200ee0090005b
:10448400e13689000000eb00d03689000039810054
:1044940063006000e20f500046003a00e2388100f9
:1044a400f338810000772100010020000201400060
:1044b400838148000012810011128100800f510095
:1044c400818f59003b003100b04a2a0084d6020093
:1044d40001000000a0388100b1388100227122005f
:1044e400124178008281fb007258200002014700cb
:1044f400809fbe00831f7800704e2a00801f7800c2
:10450400020078007804020000000000e8875700e9
:10451400705820000000470084d60200010000000b
:10452400406e220084d6020001000000e2388100bf
:10453400f3388100001281001112810074582000a8
:1045440004024700829fbe00809fbe0090502a0054
:10455400801f780004007800780402000000000046
:10456400ea875700705820000000470084d60200f4
:1045740001000000207122008040eb000148780017
:104584006000b800a0388900b13889006000b80024
:10459400c0388900d138890001398100c0ff2f005b
:1045a4000080600000398900f01e81000060a000d6
:1045b400f01e8900f11e81000004200000806000cc
:1045c4000000e0000c00320040532a0084d60200b0
:1045d40001000000f01e81000060a100f01e8900af
:1045e400f01e81000040a100f01e8900101d200073
:1045f400d0988800ee003700e03681006101b800f1
:1046040000128100111281000200400083804800e2
:1046140000128900111289000237810013378100ca
:10462400e03681008000eb000200400083804800f7
:1046340000378900113789000012810011128100ae
:10464400420620000289b900020178006002b90024
:104654008401780003014100430620000300b800f0
:10466400010141008200780022128100331281008e
:104674001e04020000000000100f9800210f980093
:104684001e099000ae0990004006200001002000a1
:10469400800f5100818f590004003600400620002d
:1046a40001002000100f9800210f98006012810073
:1046b400d152200001014700801f78001e0890009d
:1046c400ae089000809fbe00c0562a00801f78006c
:1046d400020078007804020000000000e887570018
:1046e400d05220000000470084d6020001000000e0
:1046f400221281003312810000fa20000100200000
:1047040002014000838148000012810011128100df
:10471400800f5100818f59001f003600f11e810067
:1047240000022000008060000000e0001a003a004f
:10473400f01e81000040a000f01e89000000eb0084
:10474400f0368900d04f20000000470001202000ef
:10475400811f780081382a00811f780078040200c4
:1047640000000000e487570097020700d04f2000a4
:1047740000004700630207000071220090128900c4
:10478400406581008000780010c0b30020690200f9
:10479400010000007a003700f0572a0084d6020096
:1047a40001000000902422008040eb0001487800c2
:1047b400f11e810000ff2f0000806000f01e8900c0
:1047c40070f180000090a10070f1880090452200f3
:1047d400104078000004e0001e00320090452200e2
:1047e400104078008080fb0080412200008040005f
:1047f4008040eb001140980090412200887d020027
:10480400010000000004e00004003200f01e8100fa
:104814000060a000f01e89000b00370090452200c4
:10482400104078008040780090412200067f02000a
:1048340001000000e14f500003003600f01e81002b
:104844000060a000f01e8900904522008040eb002b
:104854000148780000378100113781000001be0053
:10486400201281003112810000025100818259001e
:104874002212810033128100003781001137810038
:10488400f61e81004533de00614363000684fb00ad
:10489400f61e81004633de00614363008683fb001d
:1048a4007658200006034700849fbe00829fbe0006
:1048b400809fbe00881f7800871f780010592a0047
:1048c400801f7800060078007804020000000000d1
:1048d400f2875700705820000000470084d6020079
:1048e40001000000f11e810000042000008060002f
:1048f4000000e00005003a00f11e810000022000e3
:10490400008060000000e00006003a00a05c2a007d
:1049140084d60200010000005000200010398900f4
:1049240017003700905e2a0084d6020001000000c0
:10493400147d0200010000000000e00006003200c7
:1049440030602a0084d602000100000030002000fc
:10495400103989001600370060612a0084d60200ed
:10496400010000005000200010398900f11e810070
:1049740000ff2f0000806000f01e89000c0037004b
:104984000b003700b0622a00de01070001e22400b8
:1049940010c0b3002069020001000000f11e810074
:1049a40000ff2f0000806000f01e8900000000005e
:1049b400d1988000101d2000808f50000b00320021
:1049c40010398100e10f500003003a00601d2000ff
:1049d400d098880005003700fb010700c0cd2900ee
:1049e400c8010700800c2000d09888005065810021
:1049f40061658100b0068900c1068900b0212200ea
:104a0400104078000004e0001d00320085f18000b1
:104a140022128100331281000012810011128100e0
:104a24007458200004024700851f7800829fbe004e
:104a3400809fbe0040642a00801f78000400780034
:104a44007804020000000000ec8757007058200032
:104a54000000470084d6020001000000b0212200bb
:104a64008040eb0001487800f01e81000040a10066
:104a7400f01e8900101d2000d098880062013700c4
:104a8400b0068100c1068100e00f5000e08f58009d
:104a94005c013a002212810033128100001281006d
:104aa400111281007458200004024700829fbe0046
:104ab400809fbe0030682a00801f780004007800c0
:104ac4007804020000000000ea87570070582000b4
:104ad4000000470084d6020001000000f01e81009f
:104ae4000040a000f01e8900505120000000470043
:104af40001202000811f780081382a00811f78005e
:104b04007804020000000000e4875700ae010700ab
:104b140050512000000047007a01070040658100e1
:104b24008000780010c0b30020690200010000007a
:104b34005065810061658100b0068900c106890065
:104b440031013700f11e8100001020000080600058
:104b54000000e00082003a0020712200104078003a
:104b64000004e0004a00320020128100311281006a
:104b7400e00f5000e08f580045003200a838810053
:104b8400b9388100201281003112810042062000d0
:104b9400030020001e040200000000000001be000b
:104ba40000cb2200104078000080fb008000eb0066
:104bb400009ab90004027800028bb90086027800da
:104bc400050242000010b80001024200840078008f
:104bd400800f5400818f5c002d003600a2388100c4
:104be400b3388100007d200001002000800f5100b7
:104bf400818f590007003600a2388100b338810044
:104c040000832f00f1ff2f00020040008380480042
:104c1400010037006000b800c0388900d13889002d
:104c2400c2388100d3388100a0388100b1388100b6
:104c34007458200004024700829fbe00809fbe007b
:104c4400506c2a00801f7800040078007804020069
:104c540000000000ea875700705820000000470059
:104c640084d602000100000080702a0084d602006d
:104c740001000000406e220084d602000100000002
:104c8400a0422a0084d6020001000000030037007d
:104c94006000b800c0388900d13889004a01070093
:104ca400c0cd29001701070070a12000fa380200c6
:104cb4000100000080e32100104078000004e000bf
:104cc4000e00320080e321001ad30200010000002c
:104cd4000000e00009003200c0722a0084d60200fd
:104ce400010000000041eb0071a1200080e32100dd
:104cf400b2c50200000000000900370050742a0009
:104d040084d602000100000070a1200084d60200b5
:104d1400010000002045290084d6020001000000a3
:104d24000071220001002000b0068900c10689003c
:104d34000053270090128900f01e81000080a0001b
:104d4400f01e8900800c2000d0988800810c20007f
:104d540010c0b3002069020001000000aa0037005f
:104d6400b0068100c1068100e00f5000e08f5800ba
:104d740004003a0020498100610060000000e00066
:104d840003003200901281000000e0000d003a00a0
:104d9400f01e81000080a100f01e8900f11e810038
:104da40000ff2f0000806000f01e8900060107004c
:104db400100781000090a00010078900c01c20008b
:104dc400d0988800411f200010c0b3002069020061
:104dd400010000008c003700d0752a0084d6020040
:104de40001000000601d2000d09888000000000031
:104df4008500370000000000830037000000000039
:104e040081003700000000007f0037000000000030
:104e14007d003700000000007b0037000000000028
:104e24007900370000000000770037000000000020
:104e34007500370000000000730037000000000018
:104e440071003700000000006f0037000000000010
:104e54006d003700000000006b0037000000000008
:104e64006900370000000000670037000000000000
:104e740065003700000000006300370000000000f8
:104e840061003700000000005f00370000000000f0
:104e94005d003700000000005b00370000000000e8
:104ea40059003700000000005700370000000000e0
:104eb40055003700000000005300370000000000d8
:104ec40051003700000000004f00370000000000d0
:104ed4004d003700000000004b00370000000000c8
:104ee40049003700000000004700370000000000c0
:104ef40045003700000000004300370000000000b8
:104f040041003700000000003f00370000000000af
:104f14003d003700000000003b00370000000000a7
:104f2400390037000000000037003700000000009f
:104f34003500370000000000330037000000000097
:104f440031003700000000002f003700000000008f
:104f54002d003700000000002b0037000000000087
:104f6400290037000000000027003700000000007f
:104f74002500370000000000230037000000000077
:104f840021003700000000001f003700000000006f
:104f94001d003700000000001b0037000000000067
:104fa400190037000000000017003700000000005f
:104fb4001500370000000000130037000000000057
:104fc40011003700000000000f003700000000004f
:104fd4000d003700000000000b0037000000000047
:104fe400090037000000000007003700000000003f
:104ff4000500370000000000030037000000000037
:1050040001003700000000004f04be000080fa00d9
:10501400000006000000fa0080002000c01c880088
:105024009a23ef0020022000001d8800a223ef0035
:105034009960a80099e3a8009b43a8009b83a8005b
:105044000080fa00000006000000fa003081200011
:10505400104078000080fb00f11c800001417800c2
:105064004181200082707800308120001040780057
:105074008040e8003081200001487800d01c800086
:10508400620060000000e000040032009a23a900de
:10509400601281000000e80060128900d01c8000ca
:1050a400640060000000e000010032009a23a900bf
:1050b400d01c8000680060000000e00001003200a5
:1050c4009a63a9000080fa00000006000200fa00ba
:1050d400000f78001e0078000a000700420120003b
:1050e4009e007800d0212200220602000000000069
:1050f400102322008040eb00014878000080fa0071
:10510400000006000200fa00000f78006080200012
:10511400104078000004e00025003a001e007800ea
:10512400104078000004e0001a0032000000000083
:105134000100370000000000d11c80000010200096
:10514400008060000000e000fbff32001e007800d9
:10515400104078000000fb00e01c88001e0078006e
:1051640010407800bad207001e0fe8001e00780035
:10517400104078000004e000eeff3a000000000058
:10518400d11c800000102000008060000000e000be
:10519400fbff3200d02122008040eb000148780060
:1051a400c02122008040eb00014878000100370054
:1051b400000000000080fa00000006000000fa0071
:1051c4000080fa00000006000000fa00200e220011
:1051d4008040eb0001487800100781000090a10096
:1051e40010078900100781000080a00010078900c3
:1051f4000080fa00000006000200fa00004f780068
:10520400609e22009040780000ad2200104078009b
:1052140080cf50000400390000ad22001040780017
:105224000004e00002003a0010c0b3000900370097
:105234001e4078000004e00005003200e8d60200b9
:1052440001000000e0772a0084d60200010000007b
:105254000040eb000080fa00000006000200fa00a3
:10526400004f7800e00d22001e487800f00681000f
:105274000080a000f0068900f00681000090a100e3
:10528400f00689000080fa00000006000200fa001f
:10529400004f7800000e22001e48780000078100ad
:1052a4000080a00000078900000781000090a10091
:1052b400000789000080fa00000006002c00fa00b4
:1052c40025cb220044cb2200b3d5200012c0b3006a
:1052d400f101200000cab300dc90020001000000cc
:1052e40025cb220044cb2200c3d5200012c0b3003a
:1052f4000102200000cab300dc900200010000009b
:1053040025cb220044cb2200d3d5200012c0b30009
:105314001102200000cab300dc900200010000006a
:1053240025cb220044cb2200e3d5200012c0b300d9
:105334002102200000cab300dc900200010000003a
:1053440025cb220044cb2200d3d6200012c0b300c8
:105354001141200000cab300dc90020001000000eb
:1053640025cb220044cb2200f3d5200012c0b30089
:105374003102200000cab300dc90020001000000ea
:1053840025cb220044cb220003d6200012c0b30058
:105394005102200000cab300dc90020001000000aa
:1053a40025cb220044cb220053d6200012c0b300e8
:1053b4009140200000cab300dc900200010000000c
:1053c40025cb220044cb220063d6200012c0b300b8
:1053d400a140200000cab300dc90020001000000dc
:1053e40025cb220044cb220073d6200012c0b30088
:1053f400b140200000cab300dc90020001000000ac
:1054040025cb220044cb220083d6200012c0b30057
:10541400c140200000cab300dc900200010000007b
:1054240025cb220044cb220013d6200012c0b300a7
:105434005140200000cab300dc90020001000000cb
:1054440025cb220044cb220023d6200012c0b30077
:105454006140200000cab300dc900200010000009b
:1054640025cb220044cb220033d6200012c0b30047
:105474007140200000cab300dc900200010000006b
:1054840025cb220044cb220093d6200012c0b300c7
:10549400d140200000cab300dc90020001000000eb
:1054a40025cb220044cb2200a3d6200012c0b30097
:1054b400e140200000cab300dc90020001000000bb
:1054c40025cb220044cb2200b3d6200012c0b30067
:1054d400f140200000cab300dc900200010000008b
:1054e40025cb220044cb2200c3d6200012c0b30037
:1054f4000141200000cab300dc900200010000005a
:1055040025cb220044cb220043d6200012c0b30096
:105514008140200000cab300dc90020001000000ba
:10552400e8004700e27d2a0011000900b218780063
:105534000040eb0010479800130037001e40900015
:105544000080fb0000004000000047004000900085
:105554009040780040c6b30080cf5000070036006a
:105564001e4090000080fb00000040000000470047
:1055740040009000e1c0b300014878001e40900054
:105584000040e800104798001e409000f14f500082
:10559400eaff360000d62000104078000004e00046
:1055a4000400320000d6200010407800ee4f500076
:1055b4000300360000d62000e1c0b30001487800a3
:1055c400620020008000eb00e0912200c804020089
:1055d40000000000a20120008000eb0040d7200062
:1055e400c804020000000000f08020008040eb00ae
:1055f400014878000040eb00004f780004003700b9
:105604001e4078003e6c0200000000001e4fe800bf
:105614001e407800e34f5000f9ff360020c5b30068
:10562400443b0200010000000000eb00106689000a
:1056340020cc220025cb220044cb2200800178001c
:1056440022c0b300f12e200000cab300dc90020097
:10565400010000000000eb002066890040cc22001d
:1056640025cb220044cb22008001780022c0b30065
:10567400112f200000cab300dc90020001000000da
:105684000000eb003066890060cc220025cb2200ac
:1056940044cb22008001780022c0b300312f2000c7
:1056a40000cab300dc900200010000001066810013
:1056b4000000e000040032001166810000e82300cd
:1056c400808f500002003600400d230010668900d0
:1056d400206681000000e0000400320021668100a1
:1056e40040012500808f500002003600006b23002b
:1056f400206689003166810000772100808f500088
:1057040002003600401f20003066890025cb2200ad
:1057140044cb220083cc220012c0b30041022000fb
:1057240000cab300dc9002000100000080cc22001b
:1057340010407800e44f50000300360080cc220073
:105744008040eb000148780025cb220044cb2200a6
:10575400c3ac220012c0b300712f200000cab300f2
:10576400dc9002000100000025cb220044cb220083
:10577400d3ac220012c0b300812f200000cab300b2
:10578400dc9002000100000025cb220044cb220063
:10579400e3ac220012c0b300912f200000cab30072
:1057a400dc9002000100000025cb220044cb220043
:1057b400f3ac220012c0b300a12f200000cab30032
:1057c400dc90020001000000c0dc200025cb220098
:1057d40044cb22008001780022c0b300b101200034
:1057e40000cab300dc9002000100000000fe2000ab
:1057f40025cb220044cb22008001780042c1b300b3
:105804004100200000cab300dc9002000100000047
:1058140025cb220044cb2200f3d8200012c0b300d1
:10582400b12e200000cab300dc9002000100000089
:1058340025cb220044cb220003d9200012c0b300a0
:10584400e12e200000cab300dc9002000100000039
:10585400a0ac220025cb220044cb2200800178009a
:1058640022c0b300512f200000cab300dc90020014
:105874000100000025cb220044cb220003ad22000e
:1058840012c0b300b12f200000cab300dc900200a4
:105894000100000000ad220010407800e14f4000fc
:1058a40003003a0000ad220021c3b3000148780090
:1058b4006400470025cb220044cb220080017800fd
:1058c40012c0b300d101200000cab300dc90020072
:1058d400010000004e409000e14f400004003200ff
:1058e400ce409000c0c3b30080cf50000200360009
:1058f400a0c0b300404798004e4090000080fb00d9
:10590400b06a8800b16a8000c00320000088b90032
:1059140000007800b06a880025cb220044cb220026
:1059240023d7200012c0b3003141200000cab300c5
:10593400dc9002000100000025cb220044cb2200b1
:1059440033d7200012c0b3004141200000cab30085
:10595400dc9002000100000020d7200010407800f5
:10596400f84f50000a003e0030d720001040780065
:10597400f84f500006003e0030d7200090407800d9
:1059840020d720001040780080cf500006003e0051
:1059940020d72000a1c0b3000148780030d72000f0
:1059a40001c1b3000148780025cb220044cb22007a
:1059b400e3d8200012c0b300a103200000cab30042
:1059c400dc9002000100000025cb220044cb220021
:1059d400032b210012c0b300e103200000cab3006e
:1059e400dc9002000100000025cb220044cb220001
:1059f400132b210012c0b300f103200000cab3002e
:105a0400dc900200010000008000eb00d0792a0045
:105a14002a5d02000000000025cb220044cb2200b6
:105a2400b32e210012c0b3000138200000cab30015
:105a3400dc9002000100000025cb220044cb2200b0
:105a4400a32e210012c0b3001138200000cab300f5
:105a5400dc9002000100000025cb220044cb220090
:105a6400c32e210012c0b3002138200000cab300a5
:105a7400dc9002000100000025cb220044cb220070
:105a8400d32e210012c0b3003138200000cab30065
:105a9400dc9002000100000025cb220044cb220050
:105aa400e32e210012c0b3004138200000cab30025
:105ab400dc9002000100000025cb220044cb220030
:105ac400f32e210012c0b3005138200000cab300e5
:105ad400dc90020001000000102b210090407800af
:105ae40040c6b30080cf500003003600102b2100c5
:105af400c1c3b3000148780025cb220044cb220067
:105b0400732e210012c0b300c12f200000cab300bd
:105b1400dc9002000100000025cb220044cb2200cf
:105b2400832e210012c0b300d12f200000cab3007d
:105b3400dc9002000100000025cb220044cb2200af
:105b4400932e210012c0b300e12f200000cab3003d
:105b5400dc90020001000000702e2100104078004b
:105b6400e14f400003003a00702e210091c1b300c0
:105b740001487800802e210010407800e14f400059
:105b840003003a00802e2100d1c1b30001487800ff
:105b9400902e210010407800e14f400003003a00ad
:105ba400902e2100d1c1b30001487800e0d8200034
:105bb400104078000080fb00640060000000e000fa
:105bc4000400320090fd200011c0b30001487800a9
:105bd4000300370090fd20008040eb00014878006e
:105be400a0d2210025cb220044cb220080017800e2
:105bf40002c2b300414c200000cab300dc90020092
:105c04000100000090d421008040eb00014878009e
:105c14000000eb00100798000e0037009e00900073
:105c2400a0d221000080400010407800e14f4000e5
:105c340005003a008000eb00407d2a007a5f0200f4
:105c440000000000090037001e0090000000e8007a
:105c5400100798009e009000a0d221000080400010
:105c6400104078000004e000ecff3a0065004700b3
:105c740025cb220044cb22008001780022c0b3004f
:105c8400214c200000cab300dc9002000100000097
:105c9400de409000a0c5b30080cf500004003a005d
:105ca400ee40900030ccb30080cf50001b00320097
:105cb400002b210010407800804078000154a0009f
:105cc400002b21000148780025cb220044cb220080
:105cd400032b210012c0b300e103200000cab3006b
:105ce400cc8f020001000000a0c5b300504798000b
:105cf40030ccb300604798006500470025cb2200f4
:105d040044cb22008001780022c0b300214c200043
:105d140000cab300cc8f0200010000000080fa002a
:105d2400000006000400fa00000f78001107980034
:105d3400e20f20009e00900070a12000570707008a
:105d440012c0b30071a120001e007800b2c5020089
:105d5400000000000080fa00000006000600fa00bf
:105d6400000f78001107980042479800e30f2000c5
:105d74004e4190009e00900070a120009d000700fd
:105d840012c0b30071a120001e007800b2c5020049
:105d9400000000000080fa00000006000200fa0083
:105da400000f780070a120008c03070012c0b3001c
:105db40071a120001e007800b2c50200000000009e
:105dc4000080fa00000006000200fa00000f7800cc
:105dd40070a12000be02070012c0b30071a1200010
:105de4001e007800b2c50200000000000080fa0026
:105df400000006000200fa00000f78004036800020
:105e0400700060000000e000040032001e00780012
:105e140001c3b30001487800030037001e00780076
:105e240011c3b3000148780041368000000220000d
:105e3400008060000000e000040032001e00e80062
:105e440001c3b30001487800030037001e00e800d6
:105e540011c3b30001487800403680006800600038
:105e64000000e000040032001e80e80001c3b3001b
:105e740001487800030037001e80e80011c3b30016
:105e84000148780040368000640060000000e000b3
:105e9400050032009e0078006380400001c3b30017
:105ea40001487800040037009e00780063804000b9
:105eb40011c3b30001487800b0358000640060006d
:105ec4000000e000050032009e007800648040007d
:105ed40001c3b30001487800040037009e00780035
:105ee4006480400011c3b300014878009e0078002c
:105ef400658040008040eb000148780050c0b3004a
:105f04000080fa00000006000200fa00000f78008a
:105f1400d133800000402000008060000000e000d9
:105f2400040032001e00780011c3b3000148780059
:105f3400030037001e00780001c3b3000148780055
:105f4400d133800000802000008060000000e00069
:105f5400040032001e00e80011c3b30001487800b9
:105f6400030037001e00e80001c3b30001487800b5
:105f7400d133800000002100008060000000e000b8
:105f8400040032001e80e80011c3b3000148780009
:105f9400030037001e80e80001c3b3000148780005
:105fa400d133800000002200008060000000e00087
:105fb400050032009e0078006380400011c3b300e6
:105fc40001487800040037009e0078006380400098
:105fd40001c3b300014878009e007800648040004b
:105fe4008040eb000148780040c0b3000080fa0014
:105ff400000006000c00fa00200798003107980002
:10600400024f9800530798000e4890000004e000e7
:106014003d00320061752b002e00900028d2020052
:1060240001000000000f7800420120008000eb0016
:1060340000fe2000c80402000000000000fe200052
:1060440025cb220044cb22008001780042c1b3005a
:106054004100200000cab300dc90020001000000ef
:1060640040ff20008040eb00014878001e007800cb
:10607400ae0090000080400001fe200028d2020003
:10608400010000001e0f40001e007800ae009000ca
:106094000080400051762b0028d20200010000004d
:1060a4001e0f40001e007800ae00900000804000eb
:1060b400800078003e009000049f02000100000070
:1060c4001e0f40001e007800ae00900000804000cb
:1060d400e1762b0028d20200010000001e0f4000d0
:1060e4001e007800ae00900080804000e0cb2200cb
:1060f400104078000041eb00d2a002000100000033
:106104001e0f40001c01370061772b002e00900009
:1061140028d2020001000000000f78001e00780061
:10612400ae00900000804000800078003e009000a7
:10613400049f0200010000001e0f40005e0090005a
:106144007e0050009e0f50002d003400701d220070
:1061540010407800e34f50000f003a001e00780012
:10616400ae00900000804000f1772b0028d202009e
:10617400010000001e0f40001e007800ae009000d9
:1061840000804000d11b220028d202000100000040
:106194001e0f40001a003700501f220010407800e4
:1061a4000004e0000f0032001e007800ae009000f2
:1061b40000804000f1772b0028d20200010000008b
:1061c4001e0f40001e007800ae00900000804000ca
:1061d400b11d220028d20200010000001e0f400061
:1061e400070037001e007800ae00900000804000d9
:1061f40031782b0028d20200010000001e0f40005d
:106204005e009000690050009e0f50003000340082
:106214001e007800ae0090000080400081782b00c2
:1062240028d20200010000001e0f4000ceb502007b
:1062340001000000204798002e4090000080fb00e1
:10624400e10f50000a003200e20f50000e0032004d
:106254000000e00012003a001e007800ae0090003a
:1062640000804000e1c4b300014878001200370008
:106274001e007800ae0090000080400031c5b300dd
:10628400014878000c0037001e007800ae00900032
:1062940000804000f1c4b3000148780006003700d4
:1062a4001e007800ae00900000804000f1c3b300ef
:1062b40001487800000000001e0fe8001e0078006e
:1062c400ae009000008040008040eb000148780060
:1062d4005e009000690050009e0f500010003400d2
:1062e4001e007800ae00900000804000d1782b00a2
:1062f40028d20200010000001e0f40001e0078009a
:10630400ae0090008080400040e9800000407800aa
:1063140032c0b300d2a00200010000001e0f4000f2
:106324005e009000690050009e0f50001000340081
:106334001e007800ae0090000080400021792b0000
:1063440028d20200010000001e0f40001e00780049
:10635400ae0090008080400000668100004078001c
:1063640032c0b300d2a00200010000001e0f4000a2
:106374005e009000690050009e0f50001000340031
:106384001e007800ae0090000080400071792b0060
:1063940028d20200010000001e0f40001e007800f9
:1063a400ae0090008080400060da20001040780049
:1063b40022c0b300d2a00200010000001e0f400062
:1063c400b16d800000022000008060000000e00049
:1063d400140032005e009000690050009e0f5000cf
:1063e400100034001e007800ae00900000804000d1
:1063f400c1792b0028d20200010000001e0f4000ca
:106404001e007800ae00900080804000f0da20008a
:106414001040780022c0b300d2a0020001000000a6
:106424001e0f40005e009000690050009e0f500057
:106434000d0034001e007800ae0090000080400083
:10644400217a2b0028d20200010000001e0f400018
:106454001e007800ae0090000080400065fe07003a
:106464000080fb001e0f40005e0090006900500099
:106474009e0f50000d0034001e007800ae00900006
:1064840000804000717a2b0028d202000100000035
:106494001e0f40001e007800ae00900000804000f7
:1064a40099fe07000080fb001e0f40005e00900074
:1064b400690050009e0f5000100034001e00780048
:1064c400ae00900000804000d17a2b0028d2020058
:1064d400010000001e0f40001e007800ae00900076
:1064e40080804000e0cb2200104078000041eb00a7
:1064f400d2a00200010000001e0f40005e009000c8
:10650400690050009e0f50001b0034001e007800ec
:10651400ae00900000804000317b2b0028d20200a6
:10652400010000001e0f4000f0d8200090407800c9
:10653400a0c5b30080cf500008003a001e007800c8
:10654400ae00900000804000917b2b0028d2020016
:10655400010000001e0f4000070037001e007800f5
:10656400ae00900000804000b17b2b0028d20200d6
:10657400010000001e0f40005e0090006900500002
:106584009e0f5000100034001e007800ae009000f2
:1065940000804000d17b2b0028d2020001000000c3
:1065a4001e0f40001e007800ae0090008080400066
:1065b40000d92000104078000041eb00d2a0020076
:1065c400010000001e0f40000e4890000004e0008f
:1065d40050003a005e009000660050009e0f50008c
:1065e4004c0034001e007800ae0090000080400093
:1065f400317c2b0028d20200010000001e0f400055
:106604001e007800ae00900080804000300521001c
:10661400104078000041eb00d2a00200010000000d
:106624001e0f40005e009000690050009e0f500055
:10663400100034001e007800ae009000008040007e
:10664400817c2b0028d20200010000001e0f4000b4
:106654001e007800ae00900080804000509e220012
:10666400104078000041eb00d2a0020001000000bd
:106674001e0f40005e009000690050009e0f500005
:10668400100034001e007800ae009000008040002e
:10669400d17c2b0028d20200010000001e0f400014
:1066a4001e007800ae00900080804000709e2200a2
:1066b400104078000041eb00d2a00200010000006d
:1066c4001e0f40005e009000690050009e0f5000b5
:1066d400100034001e007800ae00900000804000de
:1066e400317d2b0028d20200010000001e0f400063
:1066f4001e007800ae0090008080400050da200038
:10670400104078000041eb00d2a00200010000001c
:106714001e0f40005e009000690050009e0f500064
:10672400130034001e007800ae009000008040008a
:10673400817d2b0028d20200010000001e0f4000c2
:106744001e007800ae0090000080400041da200076
:1067540091407800014878001e0fe8001e00780080
:10676400ae009000008040008040eb0001487800bb
:106774005e0090006b0050009e0f50000e0034002d
:106784001e007800ae00900000804000d17d2b00f8
:1067940028d20200010000001e0f40001e007800f5
:1067a400ae00900080804000a0978000049f02000b
:1067b400010000001e0f40000080fa0000000600e7
:1067c4000000fa00106d8000630a20000041eb0015
:1067d40080007800f0b3200006fe0700f0b320002c
:1067e40084d6020001000000207e2b0084d6020023
:1067f40001000000f0b320008040eb000148780065
:106804000080fa00000006000600fa001007980055
:1068140041479800116d80001e00900000806000c8
:106824000000e00003003a000040eb00004f780055
:106834000b003700116d80001e0090000080ea00fc
:1068440000806000106d880010c0b300004f780015
:106854004e4090000004e00001003200d8ff070021
:106864001e4078000080fa00000006000600fa00ce
:106874001007980041479800116d80001e00900099
:10688400808060001e009000808f500003003a005a
:106894000040eb00004f78000a003700116d8000c3
:1068a4001e00900001007000106d880010c0b3003d
:1068b400004f78004e4090000004e00001003200d8
:1068c400bfff07001e4078000080fa0000000600a9
:1068d4003a00fa00889fbe008a9fbe008c9fbe00cb
:1068e400000f9800402e2100104078008082fb00a9
:1068f400302e2100104078000082fb00202e210061
:10690400104078008081fb00a02c2100104078000a
:106914000081fb00902c2100104078008080fb0057
:10692400802c2100104078000080fb00851f780037
:10693400841f7800831f7800821f7800811f7800ed
:10694400801f7800407e2b00801f7800f10020001b
:106954000e0078005e04020000000000ee8757007d
:106964000040eb00704f9800e004210010407800d4
:106974008005fb0010052100104078008006fb0014
:1069840070052100104078000000fb00100f9800f3
:1069940060052100104078000000fb00200f9800e3
:1069a400a0052100104078000000fb00300f980083
:1069b40090052100104078000000fb00400f980073
:1069c40001978000510f9800f1968000610f9800a4
:1069d400e1968000710f98003196800001179800ad
:1069e40021968000111798001196800021179800b5
:1069f400d1968000311798000196800041179800c5
:106a0400c196800051179800f19580006117980095
:106a1400b196800071179800e1958000011f9800dd
:106a2400909e2200104078000080fb00101f980008
:106a3400809e2200104078000080fb00201f9800f8
:106a4400509e2200104078000080fb00301f980008
:106a5400409e2200104078000080fb00401f9800f8
:106a6400b01b2200104078000086fb00a01b22000f
:106a7400104078000085fb0099968000c89580003e
:106a840087968000b6958000629680007396800099
:106a940090958000a1958000a5968000d4958000f3
:106aa4008b1f78008d1f78009e0d90008b1f78003f
:106ab400ae0d90008b1f7800be0d90008b1f7800e8
:106ac400ce0d90008b1f7800de0d90008b1f780098
:106ad400ee0d90008b1f7800fe0d90008b1f780048
:106ae4008e1590008b1f78009e1590008b1f7800e8
:106af400ae1590008b1f7800be1590008b1f780098
:106b0400ce1590008b1f7800de1590008b1f780047
:106b1400ee1590008b1f7800fe1590008b1f7800f7
:106b24008e1d90008b1f78009e1d90008b1f780097
:106b3400ae1d90008b1f7800be1d90008b1f780047
:106b4400ce1d90008b1f78008c1f78008a1f780060
:106b5400891f7800881f7800871f7800861f7800b7
:106b6400829fbe00809fbe00851f7800841f78002e
:106b7400607f2b00801f7800010a20000e0890001f
:106b84005e040200000000006f04b1000e089000d3
:106b9400000ab0008040eb00014878000e08900025
:106ba400c8050200000000008000780030092000c1
:106bb400808f500004003e008e0078000e08900084
:106bc40090050200000000004f06be004f05be0005
:106bd4004f04be000080fa00000006001000fa0016
:106be40070079800f1892b007e00900028d20200e3
:106bf40001000000000f78001e007800fe009000e5
:106c04008080400090648100049f02000100000025
:106c14001e0f40001e007800fe009000008040001f
:106c2400b18a2b0028d20200010000001e0f400090
:106c34001e007800fe00900080804000a064810067
:106c4400049f0200010000001e0f40001e00780097
:106c5400fe00900000804000218b2b0028d202000f
:106c6400010000001e0f40001e007800fe0090008e
:106c7400008040008000780040ce2000049f020085
:106c8400010000001e0f40001e007800fe0090006e
:106c940000804000918b2b0028d2020001000000ec
:106ca4001e0f40001e007800fe009000808040000f
:106cb400c0648100049f0200010000001e0f400018
:106cc4001e007800fe00900000804000f18b2b0035
:106cd40028d20200010000001e0f40001e007800b0
:106ce400fe00900080804000e0648100049f020068
:106cf400010000001e0f40001e007800fe009000fe
:106d040000804000518c2b0028d2020001000000ba
:106d14001e0f40001e007800fe009000808040009e
:106d2400d0648100049f0200010000001e0f400097
:106d34001e007800fe00900000804000b18c2b0003
:106d440028d20200010000001e0f40001e0078003f
:106d5400fe00900000804000218d2b0028d202000c
:106d6400010000001e0f40001e007800fe0090008d
:106d740080804000f0648100049f02000100000054
:106d84001e0f400000ca220010407800e14f50005e
:106d940008003a001e007800fe00900000804000c9
:106da400818d2b0028d20200010000001e0f40003c
:106db400070037001e007800fe00900000804000ad
:106dc400e18d2b0028d20200010000001e0f4000bc
:106dd400d0338000640060000000e000080032004e
:106de4001e007800fe00900000804000b17b2b0064
:106df40028d20200010000001e0f400007003700e7
:106e04001e007800fe00900000804000917b2b0063
:106e140028d20200010000001e0f4000d033800081
:106e2400680060000000e000080032001e007800e6
:106e3400fe00900000804000b17b2b0028d20200ad
:106e4400010000001e0f4000070037001e007800fc
:106e5400fe00900000804000917b2b0028d20200ad
:106e6400010000001e0f40001e007800fe0090008c
:106e740000804000418e2b0028d202000100000057
:106e84001e0f4000b17080000e80e800811f780062
:106e9400c18e2b00811f78009204020000000000c4
:106ea400e48757001e007800fe0090000080400038
:106eb4008e80e80028d20200010000001e0f40006e
:106ec4001e007800fe00900000804000f18e2b0030
:106ed40028d20200010000001e0f40001e007800ae
:106ee400fe0090008080400010668100049f020034
:106ef400010000001e0f40001e007800fe009000fc
:106f040000804000518f2b0028d2020001000000b5
:106f14001e0f40001e007800fe009000808040009c
:106f240020668100049f0200010000001e0f400043
:106f34001e007800fe00900000804000b18f2b00fe
:106f440028d20200010000001e0f40001e0078003d
:106f5400fe0090008080400030668100049f0200a3
:106f6400010000001e0f40001e007800fe0090008b
:106f74000080400021902b0028d202000100000074
:106f84001e0f40001e007800fe009000808040002c
:106f940080cc22001040780012c0b300d2a00200be
:106fa400010000001e0f4000000920009e00780030
:106fb400808f500027003c001e007800fe009000e7
:106fc4000080400071902b0028d2020001000000d4
:106fd4001e0f40001e007800fe00900080804000dc
:106fe40030d720001040780022c0b300d2a00200a5
:106ff400010000001e0f40001e007800fe009000fb
:107004000080400001912b0028d202000100000002
:107014001e0f40001e007800fe009000808040009b
:1070240020d720001040780022c0b300d2a0020074
:10703400010000001e0f40001e007800fe009000ba
:107044000080400071912b0028d202000100000052
:107054001e0f40000080fa00000006000000fa0045
:10706400f0b32000ddfe0700f0b3200084d6020058
:1070740001000000207e2b0084d6020001000000e5
:10708400f0b320008040eb00014878000080fa0053
:10709400000006000400fa0010079800a1912b00dc
:1070a4001e00900028d2020001000000000f7800aa
:1070b4001e0078009e0090000080400041922b004a
:1070c40028d20200010000001e0f400042012000ef
:1070d4008000eb0000fe2000c80402000000000055
:1070e40000fe200025cb220044cb22008001780042
:1070f40042c1b3004100200000cab300dc9002008a
:107104000100000040ff20008040eb0001487800af
:107114001e0078009e0090000080400001fe2000c8
:1071240028d20200010000001e0f40001039810027
:10713400e40f50000c003200e50f50001200320042
:10714400e30f500018003a001e0078009e009000e3
:1071540000804000a1922b0028d202000100000010
:107164001e0f40001a0037001e0078009e00900099
:107174000080400031932b0028d20200010000005f
:107184001e0f4000120037001e0078009e00900081
:107194000080400031932b0028d20200010000003f
:1071a4001e0f40000a0037001e0078009e00900069
:1071b40080804000103981000040780022c0b30074
:1071c400d2a00200010000001e0f400000000000d9
:1071d4001e0fe8001e0078009e0090000080400012
:1071e4008040eb00014878000080fa0000000600af
:1071f4000800fa0030079800a1912b003e0090008f
:1072040028d2020001000000000f78001e00780060
:10721400be0090000080400041922b0028d2020062
:10722400010000001e0f4000420120008000eb001e
:1072340000fe2000c80402000000000000fe200040
:1072440025cb220044cb22008001780042c1b30048
:107254004100200000cab300dc90020001000000dd
:1072640040ff20008040eb00014878001e007800b9
:10727400be0090000080400001fe200028d20200e1
:10728400010000001e0f40001e007800be009000a8
:1072940000804000a1932b0028d2020001000000ce
:1072a4001e0f40001e007800be0090008080400049
:1072b40080f18000049f0200010000001e0f4000c6
:1072c4001e007800be0090000080400021942b0036
:1072d40028d20200010000001e0f40001e007800aa
:1072e400be0090008080400070658100049f020011
:1072f400010000001e0f40001e007800be00900038
:107304000080400041942b0028d2020001000000bc
:107314001e0f4000a0f18000b1f18000e00f50008a
:10732400e08f580025003200001281001112810004
:10733400420620000289b900020178006002b90007
:107344008401780003014100430620000300b800d3
:107354000101410082007800a2f18000b3f18000b5
:107364001e04020000000000100798002107980086
:107374001e019000ae019000400620000100200094
:10738400800f5100818f5900040036004006200010
:107394000100200010079800210798001e007800c3
:1073a400be009000808040001e009000049f0200f8
:1073b400010000001e0f4000080037001e00780086
:1073c400be00900000804000800078000000eb00c8
:1073d400049f0200010000001e0f40001e00780000
:1073e400be00900000804000a1942b0028d202002f
:1073f400010000001e0f40001e0fe8001e00780070
:10740400be009000008040008040eb0001487800fe
:107414000080fa00000006000400fa00100798003b
:10742400c1942b001e00900028d20200010000002d
:10743400000f780071f1800000802000008060005f
:107444000000e000080032001e0078009e0090005a
:107454000080400051952b0028d20200010000005a
:107464001e0f4000070037001e0078009e009000a9
:1074740000804000b1952b0028d2020001000000da
:107484001e0f400070f180004c00de006740600079
:107494000080fb00e30f50001e003200e30f500099
:1074a40005003c00e10f50000a003200e20f5000da
:1074b4001000320037003700e50f5000250032007d
:1074c400e50f50001b003500e60f50002900320084
:1074d400300037001e0078009e00900000804000bd
:1074e40001962b0028d20200010000001e0f40006c
:1074f400280037001e0078009e00900000804000a5
:1075040081962b0028d20200010000001e0f4000cb
:10751400200037001e0078009e009000008040008c
:1075240061972b0028d20200010000001e0f4000ca
:10753400180037001e0078009e0090000080400074
:1075440031982b0028d20200010000001e0f4000d9
:10755400100037001e0078009e009000008040005c
:1075640021992b0028d20200010000001e0f4000c8
:10757400080037001e0078009e0090000080400044
:10758400119a2b0028d20200010000001e0f4000b7
:10759400000000001e0078009e0090000080400063
:1075a400e19a2b0028d20200010000001e0f4000c7
:1075b4001e0078009e0090008080400090f18000c2
:1075c400049f0200010000001e0f40001e0078000e
:1075d4009e00900000804000019b2b0028d20200f6
:1075e400010000001e0f40001e0078009e00900065
:1075f40000804000e1d4210028d2020001000000f4
:107604001e0f40001e0078009e0090000080400085
:10761400e1d8210028d20200010000001e0f400022
:1076240060ea80000000e0000e0032001e007800d6
:107634009e00900000804000e19b2b0028d20200b5
:10764400010000001e0f40001e0078009e00900004
:107654008080400060ea8000049f02000100000076
:107664001e0f40001e0fe8001e0078009e009000d0
:10767400008040008040eb00014878000080fa0060
:10768400000006000200fa00004f780040da2000f3
:10769400104078009e4f50000300320040da200072
:1076a4001e48780046fc07000080fa00000006002f
:1076b4000400fa0020479800ae40900060da2000f1
:1076c40001487800ae40900030c6b30080cf50002f
:1076d40002003a000040eb0020479800b06d8000a3
:1076e4006f4060008080fb0060da20000080400072
:1076f400ae40900011409800b06d80006f40600073
:107704000040e8006f4060000080fb006f006000f4
:10771400b26d800001ff2f00810061000100700044
:10772400b06d8800b06d80006f4060000080fb0089
:10773400e70f500005003c00b16d800000022000fe
:10774400008060000000e0005a003200f0da2000ff
:107754008040eb00014878000040eb00004f7800c7
:107764000b003700f0da2000904078001e80fb0008
:107774006401400020da2000000041001040900025
:1077840080c04000f0da2000014878001e4fe80075
:107794001e407800e74f5000f2ff3600f0da200078
:1077a400104078000080fb004300de008040780039
:1077b400f0da200001487800b06d80006f4060006e
:1077c4000080fb00e70f500007003400b16d80001b
:1077d40000ff2f0000806000b06d8800b06d800055
:1077e4000050a000b06d8800b16d80000002200040
:1077f400008060000000e0002e003200f0da20007b
:1078040010407800e84f500004003600f0da200001
:1078140010407800ff4f50000c003600b16d80001e
:1078240000042000008060000000e000030032003b
:107834008040eb00100020000cfc0700b06d8000bd
:107844000060a000b06d88001a003700f0da200054
:107854009040780030c6b30080cf500007003a0053
:107864008040eb001000200000fc0700009c2b006f
:1078740084d60200010000000e003700f0da200078
:1078840010407800ee4f500007003600f0da200078
:1078940010407800ff4f500003003e008040eb0092
:1078a40010002000d8fb0700b06d80000060a1002c
:1078b400b06d880060da200010407800e54f500079
:1078c4001b00340060da20009040780020c6b3002a
:1078d40080cf500016003c00b06d80007000600046
:1078e4000000e00012003a00e08020001040780020
:1078f4000004e0000e003a00b06d80000040a000db
:10790400b06d8800e080200031c8b30001487800e1
:107914000081200041c0b30001487800e8d602008d
:1079240001000000609e2b0084d6020001000000cc
:107934000080fa00000006000200fa00004f780000
:1079440000db20001e48780050da20001040780048
:10795400e44f500006003a0000db2000904078001d
:10796400a02e21001040780080cf50000a00310082
:1079740050da200010407800e34f50000d003a0028
:1079840000db200090407800b02e210010407800e9
:1079940080cf50000700390050da200010407800f2
:1079a400e44f500003003a00b06d80000070a00066
:1079b400b06d88000080fa00000006000200fa00a2
:1079c400004f780020db20001e487800102f210093
:1079d4001e48780050da200010407800e44f500030
:1079e40009003a0020db200090407800c02e2100de
:1079f4001040780080cf500003003100b06d80004b
:107a04000070a000b06d88000080fa00000006003d
:107a14000200fa00004f780010db20001e487800b6
:107a2400202f21001e48780050da200010407800f2
:107a3400e44f500009003a0010db20009040780029
:107a4400d02e21001040780080cf50000300310078
:107a5400b06d80000070a000b06d88000080fa0056
:107a6400000006000200fa00004f780040db20000e
:107a74001e487800202f21001e4878000080fa005c
:107a8400000006000200fa00004f780030db2000fe
:107a94001e4878000080fa00000006001400fa0076
:107aa40070079800010f9800120f9800519f2b0047
:107ab4007e00900028d2020001000000000f780030
:107ac4001e007800fe0090000080400080007800d6
:107ad4000e089000049f0200010000001e0f4000e9
:107ae4001e007800fe00900000804000e19b2b0007
:107af40028d20200010000001e0f40001e08900062
:107b04007e0050009e0f50001f003400701d2200a4
:107b140010407800e34f500008003a001e0078003f
:107b2400fe00900000804000d11b220028d20200f9
:107b3400010000001e0f400013003700501f2200f8
:107b4400104078000004e000080032001e007800b5
:107b5400fe00900000804000b11d220028d20200e7
:107b6400010000001e0f4000070037001e007800cf
:107b7400fe00900000804000c19f2b0028d202002c
:107b8400010000001e0f40001e0890006900500014
:107b94009e0f5000300034001e007800fe0090005c
:107ba40000804000e19b2b0028d20200010000006d
:107bb4001e0f4000ceb502000100000020479800cf
:107bc4002e4090000000fb00e10f50000a0032003c
:107bd400e20f50000e0032000000e00012003a00f4
:107be4001e007800fe00900000804000e1c4b30055
:107bf40001487800120037001e007800fe00900053
:107c04000080400031c5b300014878000c00370003
:107c14001e007800fe00900000804000f1c4b30014
:107c240001487800060037001e007800fe0090002e
:107c340000804000f1c3b300014878000000000058
:107c44001e0fe8001e007800fe0090000080400037
:107c54008040eb00014878001e0890006900500045
:107c64009e0f5000100034001e007800fe009000ab
:107c740000804000e19b2b0028d20200010000009c
:107c84001e0f40001e007800fe009000808040001f
:107c940040e980000040780032c0b300d2a0020066
:107ca400010000001e0f40001e08900069005000f3
:107cb4009e0f5000100034001e007800fe0090005b
:107cc40000804000e19b2b0028d20200010000004c
:107cd4001e0f40001e007800fe00900080804000cf
:107ce400006681000040780032c0b300d2a00200d8
:107cf400010000001e0f40001e08900069005000a3
:107d04009e0f5000100034001e007800fe0090000a
:107d140000804000e19b2b0028d2020001000000fb
:107d24001e0f40001e007800fe009000808040007e
:107d340060da20001040780022c0b300d2a0020014
:107d4400010000001e0f4000b16d80000002200001
:107d5400008060000000e000150032001e08900062
:107d6400690050009e0f5000110034001e0078007e
:107d7400fe00900000804000e19b2b0028d202000e
:107d8400010000001e0f40001e007800fe0090005d
:107d940080804000f0da20001040780022c0b30058
:107da400d2a00200010000001e0f400007003700af
:107db4001e007800fe00900000804000e19f2b0030
:107dc40028d20200010000001e0f40001e0890008f
:107dd400690050009e0f50000d0034001e00780012
:107de400fe00900000804000e19b2b0028d202009e
:107df400010000001e0f40001e007800fe009000ed
:107e040000804000fbf707000080fb001e0f4000cd
:107e14001e089000690050009e0f50000d003400b1
:107e24001e007800fe00900000804000e19b2b00c3
:107e340028d20200010000001e0f40001e0078003e
:107e4400fe009000008040002ff807000080fb0037
:107e54001e0f40001e089000690050009e0f500045
:107e6400100034001e007800fe00900000804000e6
:107e7400e19b2b0028d20200010000001e0f4000ed
:107e84001e007800fe00900080804000e0cb2200bd
:107e9400104078000041eb00d2a002000100000075
:107ea4001e0f40001e089000690050009e0f5000f5
:107eb4001b0034001e007800fe009000008040008b
:107ec400e19b2b0028d20200010000001e0f40009d
:107ed400f0d8200090407800a0c5b30080cf5000b7
:107ee40008003a001e007800fe0090000080400068
:107ef400917b2b0028d20200010000001e0f4000dd
:107f0400070037001e007800fe009000008040004b
:107f1400b17b2b0028d20200010000001e0f40009c
:107f24001e089000690050009e0f5000100034009d
:107f34001e007800fe00900000804000e19b2b00b2
:107f440028d20200010000001e0f40001e0078002d
:107f5400fe0090008080400000d92000104078008e
:107f64000041eb00d2a00200010000001e0f4000ff
:107f74001e007800fe00900000804000e19b2b0072
:107f840028d20200010000001e0f40001e007800ed
:107f9400fe009000808040003005210010407800f1
:107fa4000041eb00d2a00200010000001e0f4000bf
:107fb4001e089000690050009e0f5000100034000d
:107fc4001e007800fe00900000804000e19b2b0022
:107fd40028d20200010000001e0f40001e0078009d
:107fe400fe00900080804000509e220010407800e7
:107ff4000041eb00d2a00200010000001e0f40006f
:108004001e089000690050009e0f500010003400bc
:108014001e007800fe00900000804000e19b2b00d1
:1080240028d20200010000001e0f40001e0078004c
:10803400fe00900080804000709e22001040780076
:108044000041eb00d2a00200010000001e0f40001e
:108054001e089000690050009e0f5000100034006c
:108064001e007800fe00900000804000e19b2b0081
:1080740028d20200010000001e0f40001e007800fc
:10808400fe0090008080400050da2000104078000c
:108094000041eb00d2a00200010000001e0f4000ce
:1080a4001e089000690050009e0f50001300340019
:1080b4001e007800fe00900000804000e19b2b0031
:1080c40028d20200010000001e0f40001e007800ac
:1080d400fe0090000080400041da200091407800ca
:1080e400014878001e0fe8001e007800fe00900092
:1080f400008040008040eb00014878001e0890009a
:108104006b0050009e0f50000e0034001e007800db
:10811400fe00900000804000e19b2b0028d202006a
:10812400010000001e0f40001e007800fe009000b9
:1081340080804000a0978000049f0200010000009e
:108144001e0f40001e0890006a0050009e0f500051
:108154004c0135001e007800fe00900000804000b5
:10816400e19b2b0028d20200010000001e0f4000fa
:108174001e007800fe009000808040009064810022
:10818400049f0200010000001e0f40001e08900022
:108194006a0050009e0f50003c0135001e0078001c
:1081a400fe00900000804000e19b2b0028d20200da
:1081b400010000001e0f40001e007800fe00900029
:1081c40080804000a0648100049f02000100000040
:1081d4001e0f40001e0890006a0050009e0f5000c1
:1081e4002c0135001e007800fe0090000080400045
:1081f400e19b2b0028d20200010000001e0f40006a
:108204001e007800fe00900000804000800078008e
:1082140040ce2000049f0200010000001e0f400019
:108224001e0890006a0050009e0f50001b0135008c
:108234001e007800fe00900000804000e19b2b00af
:1082440028d20200010000001e0f40001e0078002a
:10825400fe00900080804000c0648100049f020002
:10826400010000001e0f40001e0890006a0050002c
:108274009e0f50000b0135001e007800fe00900098
:1082840000804000e19b2b0028d202000100000086
:108294001e0f40001e007800fe0090008080400009
:1082a400e0648100049f0200010000001e0f4000f2
:1082b4001e0890006a0050009e0f5000fb0035001d
:1082c4001e007800fe00900000804000e19b2b001f
:1082d40028d20200010000001e0f40001e0078009a
:1082e400fe00900080804000d0648100049f020062
:1082f400010000001e0f40001e0890006a0050009c
:108304009e0f5000eb0035001e007800fe00900028
:1083140000804000e19f2b0028d2020001000000f1
:108324001e0f40001e007800fe00900000804000f8
:10833400e19b2b0028d20200010000001e0f400028
:108344001e007800fe00900080804000f0648100f0
:10835400049f0200010000001e0f40001e08900050
:108364006a0050009e0f5000d400350000ca22005d
:1083740010407800e14f500008003a001e007800d9
:10838400fe0090000080400011a02b0028d20200c3
:10839400010000001e0f4000070037001e00780097
:1083a400fe00900000804000e19f2b0028d20200d4
:1083b400010000001e0f4000d03380006400600004
:1083c4000000e000080032001e007800fe0090006b
:1083d40000804000b17b2b0028d202000100000085
:1083e4001e0f4000070037001e007800fe009000ba
:1083f40000804000917b2b0028d202000100000085
:108404001e0f4000d0338000680060000000e000d0
:10841400080032001e007800fe009000008040003a
:10842400b17b2b0028d20200010000001e0f400087
:10843400070037001e007800fe0090000080400016
:10844400917b2b0028d20200010000001e0f400087
:108454001e0890006a0050009e0f500099003500dd
:108464001e007800fe00900000804000e19b2b007d
:1084740028d20200010000001e0f4000b1708000ed
:108484000e80e800811f7800c18e2b00811f7800c8
:108494009204020000000000e48757001e007800e8
:1084a400fe009000008040008e80e80028d2020088
:1084b400010000001e0f40001e0890006a005000da
:1084c4009e0f5000810035001e007800fe009000d1
:1084d40000804000e19b2b0028d202000100000034
:1084e4001e0f40001e007800fe00900080804000b7
:1084f40010668100049f0200010000001e0f40006e
:108504001e0890006a0050009e0f50007100350054
:108514001e007800fe00900000804000e19b2b00cc
:1085240028d20200010000001e0f40001e00780047
:10853400fe0090008080400020668100049f0200bd
:10854400010000001e0f40001e0890006a00500049
:108554009e0f5000610035001e007800fe00900060
:1085640000804000e19b2b0028d2020001000000a3
:108574001e0f40001e007800fe0090008080400026
:1085840030668100049f0200010000001e0f4000bd
:108594001e0890006a0050009e0f500051003500e4
:1085a4001e007800fe00900000804000e19b2b003c
:1085b40028d20200010000001e0f40001e007800b7
:1085c400fe0090008080400080cc220010407800a3
:1085d40012c0b300d2a00200010000001e0f400030
:1085e4001e0890006a0050009e0f50003f003500a6
:1085f4001e007800fe00900000804000e19b2b00ec
:1086040028d20200010000001e0f40001e00780066
:10861400fe0090008080400030d720001040780099
:1086240022c0b300d2a00200010000001e0f4000cf
:108634001e0890006a0050009e0f50002d00350067
:108644001e007800fe00900000804000e19b2b009b
:1086540028d20200010000001e0f40001e00780016
:10866400fe0090008080400020d720001040780059
:1086740022c0b300d2a00200010000001e0f40007f
:108684001d003700000000001b0037000000000040
:108694001900370000000000170037000000000038
:1086a4001500370000000000130037000000000030
:1086b40011003700000000000f0037000000000028
:1086c4000d003700000000000b0037000000000020
:1086d4000900370000000000070037000000000018
:1086e4000500370000000000030037000000000010
:1086f40001003700000000000080fa0000000600be
:108704001600fa000e80e800012d2c0028d2020089
:1087140001000000000f78001e0078008e80e80041
:1087240000804000fc2e0200010000000080fb00dd
:108734001e0f40001e0078008e80e800008040007c
:10874400912d2c0028d20200010000001e0f4000d1
:108754000e80e80084d60200010000000080fa00c8
:10876400000006000200fa00e0042100f692020074
:108774000100000030012000000f78001e00780086
:108784000000e900c200dd0060ff2000808040009e
:108794001e0078004201dd0060ff2000000041005f
:1087a40042002000ba040200000000001e0fe9008d
:1087b4001e0078000000e000f0ff3c0010052100de
:1087c400104078008040780090ff20000148780035
:1087d400e0042100104078008040780060ff200011
:1087e40001487800f00421001040780080407800af
:1087f40070ff200001487800000521001040780037
:108804008040780080ff2000014878000080fa0052
:10881400000006006800fa00509a80008000eb0017
:10882400a20c200003002000820f5000838f580008
:1088340097063e0000600100ca0037000e013700b1
:10884400ce013700040237006a0237009006370071
:108854008f0637008e0637008d0637008c063700ea
:10886400d60237004e0337005c033700c0033700dd
:10887400fe033700c5043700f804370084063700c8
:10888400050537002805370036053700740537001d
:108894008c053700940537007d0637007c063700c9
:1088a4007b0637007a0637007906370078063700ea
:1088b40077063700760637007506370074063700ea
:1088c4007306370040023700710637007006370020
:1088d4006f0637006e0637006d0637006c063700ea
:1088e4006b0637006a0637006906370068063700ea
:1088f40067063700660637006506370064063700ea
:1089040063063700620637006106370060063700e9
:108914005f0637005e0637005d0637005c063700e9
:108924005b0637005a0637005906370058063700e9
:1089340057063700560637005506370054063700e9
:1089440053063700520637005106370050063700e9
:108954004f0637004e0637004d0637004c063700e9
:108964004b0637004a0637004906370048063700e9
:1089740047063700460637004506370044063700e9
:1089840043063700420637004106370040063700e9
:108994003f0637003e0637003d0637003c063700e9
:1089a400640537003a0637003906370038063700c1
:1089b40037063700360637003506370034063700e9
:1089c40033063700320637007a053700a70537002b
:1089d400b5053700f70537001b0637002c063700ae
:1089e4002b0637002a0637002606370028063700ec
:1089f400a4023700ce0237002506370024063700cc
:108a040023063700d1033700070437001504370065
:108a14004c0437001e0637001d0637001c063700bd
:108a24001b0637001a0637001906370018063700e8
:108a340017063700160637001506370014063700e8
:108a440013063700120637001106370010063700e8
:108a54000f0637000e0637000d0637000c063700e8
:108a64000b0637000a0637000906370008063700e8
:108a740007063700060637000506370004063700e8
:108a840003063700020637000106370000063700e8
:108a9400ff053700fe053700fd053700fc053700ec
:108aa400fb053700fa053700f9053700f8053700ec
:108ab400f7053700f6053700f5053700f4053700ec
:108ac400f3053700f2053700f1053700f0053700ec
:108ad400ef053700ee053700ed053700ec053700ec
:108ae400eb053700ea053700e9053700e8053700ec
:108af400e7053700e6053700e5053700e4053700ec
:108b0400e3053700e2053700e1053700e0053700eb
:108b1400df053700de053700dd053700dc053700eb
:108b2400db053700da053700d9053700d8053700eb
:108b3400d7053700d6053700d5053700d4053700eb
:108b4400d3053700d2053700d1053700d0053700eb
:108b5400cf053700ce053700cd0537001d0237009d
:108b640029023700c0dc200025cb220044cb2200a0
:108b74008001780022c0b300b101200000cab30014
:108b8400dc90020001000000e0dc20008040eb00eb
:108b940001487800c08222008040eb000148780040
:108ba400d08222008040eb0001487800e8d6020021
:108bb40001000000b02d2c0084d60200010000004a
:108bc400c0dc2000104078000041eb00c1c8200048
:108bd400d2a0020001000000c0c8200084d6020018
:108be40001000000802e2c0084d602000100000049
:108bf400d0dc2000104078000041eb00c1c8200008
:108c0400d2a0020001000000c0c8200084d60200e7
:108c140001000000902d2c0084d602000100000009
:108c240090052100104078000004e0000b003a0099
:108c3400a0052100104078000004e00007003a007d
:108c4400c0052100104078000004e00003003a0051
:108c540060052100f6920200010000006005210079
:108c64001040780080407800508522000148780048
:108c740010002000509a8800e0042100f6920200bf
:108c84000100000050852200104078008080fb0025
:108c9400e0042100104078000000fb00808f5000a9
:108ca4000b003200e004210010407800804078007e
:108cb4005085220001487800a0978000e10f400011
:108cc40003003200a09780000000e800a09788000d
:108cd400e004210010407800e14f500039003c00ce
:108ce40040852200104078000004e00038003a007b
:108cf400a01b220090407800b01b2200014878009d
:108d0400a01b22008040eb0001487800409e220016
:108d140090407800509e220001487800409e220036
:108d24008040eb0001487800609e2200904078006b
:108d3400709e220001487800609e22008040eb0073
:108d440001487800809e220090407800909e220086
:108d540001487800809e22008040eb0001487800a2
:108d6400a2012000212b2100c02c2100ba04020002
:108d740000000000a20120008000eb00202b210055
:108d8400c804020000000000f0ff270020968800bd
:108d9400802c2100a1c5b30001487800902c21004b
:108da400a1c5b30001487800a02c2100a1c5b300df
:108db400014878004085220011c0b30001487800c2
:108dc40003003700408522008040eb000148780012
:108dd400002b2100104078000080fb00620060003e
:108de4000000e0001e003200d0dc200010407800bb
:108df4000002fb00c0dc2000104078008001fb0072
:108e0400f0042100104078000001fb00e004210080
:108e1400104078008000fb000e80e800841f78007a
:108e2400831f7800821f7800811f7800a12e2c00f8
:108e3400811f7800712f2c00811f780041062000cb
:108e44004404020000000000ec8757000040eb00df
:108e540060e798000e80e80084d60200010000005c
:108e6400e004210090407800c0dc2000104078002d
:108e740080cf50001e003a00f0042100904078009a
:108e8400d0dc20001040780080cf5000180035005e
:108e9400f0042100104078008000fb00d0dc2000aa
:108ea400104078000000fb0063004000808f5000f9
:108eb4000f003c00c0822200104078000004e00053
:108ec4001e003a00e0dc20008040eb0001487800fe
:108ed400e8d602000100000060312c0084d60200b4
:108ee4000100000020002000509a88001300370081
:108ef400c0822200104078000004e0000f0032001d
:108f0400c08222008040eb0001487800e0d82000b5
:108f1400104078000004e00008003d00a00d22008d
:108f24009040780050c3b30080cf500003003a0053
:108f340010ad220021c0b30001487800e0dc20001d
:108f4400104078000080fb00630060000000e00037
:108f54000200320020002000509a8800509a8000bd
:108f6400e10f5000d2043a00017d200090c0b3000c
:108f740020690200010000000605370080bb2100c3
:108f840010407800e14f50002e003a00d02a210012
:108f9400104078000004e0002a003a00409b800062
:108fa4000000e00027003a00109b80000000e00071
:108fb40024003a00709b80000000e00021003a0089
:108fc40050d72000104078000004e0001d003a0053
:108fd40050d82000104078000004e00019003a0046
:108fe40040c5b3000cb7020001000000108120004e
:108ff4008040eb0001487800c082220011c0b30019
:109004000148780090d5200011c0b30001487800d1
:10901400f080200001c6b3000148780040c5b300c9
:10902400443b020001000000004f8100114f810009
:10903400404189005141890030002000509a880045
:10904400d4043700813e200090c0b30020690200a0
:1090540001000000cf04370080bb210010407800dd
:10906400e14f500046003a00409b80000000e000c1
:1090740043003a00109b80000000e00040003a00ea
:10908400709b80000000e0003d003a0050d72000b3
:10909400104078000004e00039003a0050d8200065
:1090a400104078000004e00035003a00801f2200e0
:1090b40010007800610060000000e00030003a0019
:1090c400801f220010007800620060000000e000b1
:1090d4002b003200801f2200f040900040c5b300f6
:1090e40080cf500026003a0040c5b300443b020044
:1090f40001000000b0322c0084d602000100000000
:1091040090d5200011c0b3000148780000dd200094
:1091140011c0b3000148780010dd20008040eb004e
:1091240001487800c05d2000906e8800e084220031
:109134008040eb0001487800f08422008040eb007e
:1091440001487800106d800090428900e0dc200026
:10915400104078000080fb00680060000000e00020
:109164000100320066fd070030022000509a88009a
:10917400c028210021c3b3000148780085043700ca
:10918400c15d200090c0b30020690200010000000e
:10919400801f220010007800610060000000e000e1
:1091a40045043a00801f2200f040900040c5b300ff
:1091b40080cf50004204320040c5b3000cb7020017
:1091c400010000007304370010dd20001040780017
:1091d4000004e00004003a00c02821001040780098
:1091e4000004e00038043a0040002000509a88004f
:1091f40068043700e0842200104078008040e800d2
:10920400e0842200014878002103200090c0b300cc
:109214002069020001000000b03580006400600095
:109224000000e00005003a00d084220010407800dd
:109234008040e800d084220001487800d0842200d5
:1092440010407800e94f500004003e00e0d62000b2
:1092540010407800e14f50001a003a00d0842200f8
:109264008040eb0001487800e8d6020001000000cd
:10927400a0332c0084d6020001000000a0002000ce
:10928400509a880011c0b300000220000634020086
:1092940001000000f0802000104078008040780039
:1092a4000104a000f080200001487800f080200034
:1092b40010407800804078000164a100f080200014
:1092c40001487800e084220010407800e64f400016
:1092d400ff033600c082220010407800e24f5000a5
:1092e4000c003e00e8d602000100000040342c00cf
:1092f40084d6020001000000017d200090c0b3006c
:10930400206902000100000030002000509a88000b
:109314002400370020352c0084d602000100000010
:10932400e0d6200010407800e14f500011003a00d0
:1093340011c0b30000022000063402000100000046
:10934400f080200010407800804078000104a000e4
:10935400f080200001487800f08020001040780060
:10936400804078000164a100f0802000014878006a
:109374000a00370011c0b300000220003834020094
:1093840001000000f0802000104078008040780048
:109394000164a100f080200001487800a0002000b2
:1093a400509a8800c0822200104078008040e80073
:1093b400c082220001487800f6033700c0352c0033
:1093c40084d6020001000000900c2000509a88000e
:1093d400f0033700309980000000e0000400320000
:1093e40031998000900f2000808f5000ba0336001e
:1093f400a00c2000509a8800a0362c0084d60200cd
:1094040001000000e303370020c5b300443b020021
:109414000100000090d520008040eb000148780056
:10942400f080200010407800804078000174a00093
:10943400f08020000148780020ad22001040780020
:109444000004e0000600320090372c0084d60200ad
:1094540001000000e0062000509a88000500370053
:1094640080382c0084d6020001000000f0062000a1
:10947400509a8800c028210021c3b3000148780015
:10948400c403370020498100610060000000e0004f
:1094940020003a00d0ae2200104078000004e00022
:1094a4000900320070392c0084d60200010000004b
:1094b400106d80008000780020ad2200942e020000
:1094c400010000000c003700f0392c0084d60200a3
:1094d40001000000c0ae22001040780080407800f7
:1094e400106d8000014178008000780020ad2200da
:1094f400b02e020001000000c20120008000eb0039
:1095040020ad2200c804020000000000f006200084
:10951400509a8800c0282100104078000004e00020
:109524006f033a00f0062000509a88009903370030
:10953400e08222008040eb0001487800e0dc20005b
:10954400104078000080fb00620060000000e00032
:109554000300320010002000509a880005003700f4
:10956400b03a2c0084d6020001000000c0002000a4
:10957400509a8800e0dc2000104078000080fb0056
:10958400680060000000e000010032005cfc07009d
:10959400e0dc20008040eb00014878007d033700c8
:1095a400e0822200104078008040e800e08222003f
:1095b40001487800e082220010407800e94f500012
:1095c4000300360020012000509a88007103370000
:1095d400c0002000509a88006e033700e082220009
:1095e400104078000080fb00504289005042810006
:1095f4004600dd0050428900504281001004b00052
:1096040050428900504281000080e80025cb2200ae
:1096140044cb22001385220012c0b30080007800de
:1096240000cab300dc900200010000001085220093
:109634009040780000c8b30080c06000c08422005d
:1096440001487800b0002000509a8800108522005c
:10965400104078000080fb00700060000000e00013
:1096640021033200920120008000eb00f0822200ee
:10967400c804020000000000f18222005042810070
:109684007200400024cb220043cb22000101780069
:109694008000780000cab300c0d0020001000000be
:1096a400808422008040eb0001487800f082220090
:1096b400104078000004e0000d033200f082220024
:1096c4001ad30200010000000000e0000a03320087
:1096d400c028210021c3b30001487800116d800027
:1096e40090428100808f50000b003200116d800089
:1096f40090428100808f50001a00320010852200b1
:10970400104078008080fb0000042000008060008e
:109714000000e00013003a00d0ac220010407800b2
:109724008080fb0030052100104078000000fb0021
:109734000088de0061006000004078000004e00062
:109744000800320010c0b300fe280200010000002f
:109754000004e00003003200d0002000509a88008a
:109764000c03370030072000509a880009033700a3
:10977400f0822200104078000004e0003200320041
:1097840020498100610060000000e00030003a00e0
:10979400d0ac2200104078008080fb00300521000e
:1097a400104078000000fb000088de0061006000cb
:1097b400004078000004e0000f003200c084220062
:1097c4001040780080407800106d800001417800de
:1097d40080007800f0822200b02e02000100000018
:1097e400e0002000509a8800c028210021c3b30063
:1097f4000148780016003700c028210021c3b300b7
:1098040001487800d0ac2200104078000004e00049
:1098140003003d0030072000509a88000c003700f8
:10982400c0ac2200104078000004e00003003d00ba
:1098340050072000509a880005003700f0002000ef
:10984400509a880002003700b0002000509a880027
:10985400c0282100104078000004e000a8023a006b
:10986400b0002000509a8800ca02370020498100c5
:10987400614060000080fb00610060000000e000c7
:109884002b003a00c028210021c3b300014878000e
:10989400c0842200104078000004e0000a003a006e
:1098a400f0ac2200104078008080fb0030052100dd
:1098b400104078000000fb000088de0061006000ba
:1098c4000000e00003003a00b0002000509a880035
:1098d40017003700c028210021c3b30001487800d5
:1098e400d0ac2200104078000004e00003003d00ea
:1098f40030072000509a880009003700c0ac2200cd
:10990400104078000004e00003003d0050072000f0
:10991400509a880002003700f0002000509a880016
:10992400813e200090c0b3002069020001000000c5
:10993400c0282100104078000004e00072023a00c0
:10994400b0002000509a880092023700f082220072
:10995400104078000004e0002a003200d0ac22005d
:10996400104078000004e00026003d0010c0b30061
:10997400fe280200010000000004e0002100320083
:1099840020498100610060000000e0001f003a00ef
:10999400e8d6020001000000703b2c0084d60200cf
:1099a40001000000f0822200e62e02000100000007
:1099b4000004e0000600320040072000509a8800ae
:1099c400c028210021c3b300014878000f003700ec
:1099d400c0ac2200104078000004e00003003d0009
:1099e40050072000509a880002003700f000200041
:1099f400509a8800c028210021c3b3000148780090
:109a04000200370050072000509a8800c028210027
:109a1400104078000004e0003d023a0050072000a6
:109a2400509a88005b023700204981006140600041
:109a34000080fb00610060000000e00002003a00ca
:109a440050072000509a8800c02821001040780058
:109a54000004e00030023a00b0002000509a880070
:109a64004c023700f0822200104078000004e0002d
:109a740025003200c0ac2200104078000004e00051
:109a840021003d0010c0b300fe28020001000000c8
:109a94000004e0001c0032002049810061006000e5
:109aa4000000e0001d003a00e8d6020001000000ba
:109ab400003c2c0084d6020001000000106d8000e0
:109ac40080007800f0822200942e02000100000041
:109ad4000004e0000600320060072000509a88006d
:109ae400c028210021c3b300014878000b003700cf
:109af400f0002000509a8800c028210021c3b30040
:109b04000148780005003700f0002000509a8800d2
:109b1400c028210021c3b30001487800c0282100d7
:109b2400104078000004e000fd013a00f00020003d
:109b3400509a8800c028210021c3b300014878004e
:109b44001402370020498100614060000080fb005e
:109b5400610060000000e00005003a00f000200011
:109b6400509a8800c028210021c3b300014878001e
:109b7400c0282100104078000004e000ea013a0007
:109b8400b0002000509a880002023700f0822200c0
:109b9400104078000004e00027003200f0ac2200fe
:109ba400104078008080fb003005210010407800d0
:109bb4000000fb000088de006100600000407800c7
:109bc4000004e0001c00320010c0b300fe280200b4
:109bd400010000000004e000170032002049810069
:109be400610060000000e00015003a00e8d60200c1
:109bf40001000000903c2c0084d60200010000000b
:109c0400f0822200d02e0200010000000004e000d7
:109c14000600320000012000509a8800c02821006c
:109c240021c3b3000148780005003700b0002000cc
:109c3400509a880002003700b0002000509a880033
:109c4400c0282100104078000004e000b8013a0068
:109c5400b0002000509a8800ce01370020498100ce
:109c6400614060000080fb00610060000000e000d3
:109c740002003a00b0002000509a8800c028210059
:109c8400104078000004e000ab013a00b00020006e
:109c9400509a8800bf013700320020008000eb009a
:109ca40080db2000c80402000000000080db2000ec
:109cb40025cb220044cb22008001780032c0b300bf
:109cc4008101200000cab300dc9002000100000002
:109cd400b0db20008040eb000148780080db2000ee
:109ce40090407800f0c2b30080cf50000b003400e5
:109cf40080db20009040780090c3b30080cf5000f8
:109d040006003c0040012000509a8800e0822200b6
:109d14008040eb00014878009e013700a005200038
:109d2400509a88009b013700e0822200104078009e
:109d34008040e800e082220001487800e0822200ae
:109d440010407800e94f500003003600a0052000c1
:109d5400509a88008f01370040012000509a8800f3
:109d64008c013700e0822200104078000080fb0064
:109d740050428900504281004600dd005042890073
:109d8400504281001004b0005042890050428100ca
:109d940025cb220044cb22008e01780012c0b300f0
:109da4008000780000cab300dc90020001000000cb
:109db40030012000509a88001e4078000080fb008b
:109dc40061006000004078000004e0005c013200a3
:109dd400920120008000eb00f0822200c8040200ff
:109de40000000000f1822200504281006300400024
:109df40024cb220043cb22000101780080007800ac
:109e040000cab300c0d00200010000008084220018
:109e14008040eb0001487800f08222001ad302004f
:109e2400010000000000e0004701320050428100c0
:109e34000000e80025cb220044cb22000385220049
:109e440012c0b3008000780000cab300dc900200a6
:109e54000100000050012000509a88004d01370095
:109e640010d92000104078000080fb0061006000e1
:109e7400004078000004e00035013200e082220056
:109e8400104078008040e8000085220010407800ef
:109e94008043eb0036c0b3008042eb0001427800ff
:109ea4008041eb000041780021c0b300f082220021
:109eb4004a5202000100000060012000509a88000c
:109ec4003401370010d92000104078000080fb00d6
:109ed400620060000000e0001f01320070012000f9
:109ee400509a88002b01370010d9200010407800c8
:109ef4008080fb0000022000008060000000e00081
:109f04000200320030012000509a880010d920004d
:109f1400104078008080fb00000420000080600076
:109f24000000e0000e01320030012000509a880049
:109f34001801370040062000509a8800c0ac220067
:109f4400104078008080fb0030052100104078002c
:109f54000000fb000088de00610060000040780023
:109f64000004e0000d00320010c0b300fe2802001f
:109f7400010000000004e000fb00320010b32000e8
:109f840021c0b30001487800419c200090c0b30078
:109f94002069020001000000fe003700e8d602003c
:109fa40001000000303d2c0084d6020001000000b6
:109fb400f8003700e0d82000104078000080fb0053
:109fc400640060000000e00025003200e0ac2200e4
:109fd400104078008080fb0030052100104078009c
:109fe4000000fb000088de00610060000040780093
:109ff4000004e0001a00320010c0b300fe28020082
:10a00400010000000004e00015003200e0cb220053
:10a01400104078008080fb00000220000080600077
:10a024000000e00007003200e0cb2200104078007e
:10a034000080fb0061006000004078000004e00044
:10a044000500320060062000509a8800e082220059
:10a054008040eb000148780000000000cd0037008c
:10a0640010002000509a8800ca003700e0822200c5
:10a07400104078008040e800e08222000148780027
:10a08400e082220010407800e94f500003003600bf
:10a09400c0062000509a8800be00370060062000e9
:10a0a400509a8800bb003700e082220010407800fc
:10a0b4000080fb0050428900504281004600dd00d0
:10a0c40050428900504281001004b000504289007f
:10a0d400504281000080e80025cb220044cb2200be
:10a0e4001385220012c0b3008000780000cab300b8
:10a0f400dc900200010000001085220090407800ee
:10a1040000c8b30080c06000c08422000148780009
:10a1140050062000509a88001085220010407800d4
:10a124000080fb00700060000000e000900032003e
:10a13400920120008000eb00f0822200c80402009b
:10a1440000000000f18222005042810072004000b1
:10a1540024cb220043cb2200010178008000780048
:10a1640000cab300c0d002000100000080842200b5
:10a174008040eb0001487800f08222001040780013
:10a184000004e0007c003200f08222001ad30200b6
:10a19400010000000000e00079003200c028210026
:10a1a40021c3b3000148780070062000509a88004b
:10a1b40078003700f0822200104078000004e000ac
:10a1c40018003200e0d82000104078000080fb0026
:10a1d400640060000000e0001200320020498100a9
:10a1e400610060000000e00010003a0012c0b300fb
:10a1f400f1b32000f0822200b2c50200000000008a
:10a20400c028210021c3b30001487800f0b3200026
:10a214008040eb000148780080062000509a8800b6
:10a224000200370050062000509a8800c028210000
:10a23400104078000004e00053003a00500620006b
:10a24400509a880053003700204981006140600023
:10a254000080fb00610060000000e00002003a00a2
:10a2640050062000509a8800c02821001040780031
:10a274000004e00046003a0050062000509a88008e
:10a284004400370010002000509a88004100370035
:10a29400e8d6020001000000703e2c0084d60200c3
:10a2a400010000000000eb00509a880039003700dc
:10a2b40000000000370037000000000035003700c0
:10a2c40000000000330037000000000031003700b8
:10a2d400000000002f003700000000002d003700b0
:10a2e400000000002b0037000000000029003700a8
:10a2f40000000000270037000000000025003700a0
:10a304000000000023003700000000002100370097
:10a31400000000001f003700000000001d0037008f
:10a32400000000001b003700000000001900370087
:10a33400000000001700370000000000150037007f
:10a344000000000013003700000000001100370077
:10a35400000000000f003700000000000d0037006f
:10a36400000000000b003700000000000900370067
:10a37400000000000700370000000000050037005f
:10a384000000000003003700000000000100370057
:10a3940000000000e0dc2000104078000080fb009a
:10a3a400680060000000e0001b003200b03580004f
:10a3b400640060000000e0000c003a00e0dc2000d3
:10a3c400104078000004e00013003500e0dc2000b9
:10a3d40010407800804078000174a000e0dc200088
:10a3e40001487800c6f807000b003700e0dc2000c5
:10a3f400104078000004e00007003d00e0dc20008d
:10a4040010407800804078000174a100e0dc200056
:10a4140001487800baf807000080fa00000006003e
:10a424000200fa00004f78001e80fb000000e000ec
:10a4340003003200e10f50000a003200120037001e
:10a44400a0358000620060000000e00003003200dc
:10a45400903f2c0084d6020001000000b426a9001d
:10a4640009003700a0358000620060000000e000b1
:10a4740003003a0020402c0084d6020001000000b2
:10a48400b426a800000000000080fa0000000600c6
:10a494000e00fa0020079800614798007247980060
:10a4a400034f9800144f9800254f9800364f98009a
:10a4b400474f98000040eb00004f78007e4090002a
:10a4c4000004e00002003a00c0c3b30070479800e3
:10a4d4002e009000104078000004e0004500320097
:10a4e40040e98000e30f500042003a003eb602000b
:10a4f40001000000e14f500020003a00109b800052
:10a504000000e0001d003a00e8d60200010000004f
:10a51400ee40900020d9200001487800ae00900061
:10a5240050b2220028d2020001000000f0b3220041
:10a53400fe4090000148780090b722009e489000a9
:10a5440001487800a0b72200ae4890000148780086
:10a55400b0b72200be48900001487800d0b722006e
:10a56400ce4890000148780010002000109b88001d
:10a5740010c0b300004f78001e0037000e48900052
:10a584000004e0001b003200e8d6020001000000d5
:10a59400e0c62b0084d6020001000000eeb60200e3
:10a5a40001000000ee409000a0b5220001487800b0
:10a5b400ae00900000b4220028d202000100000086
:10a5c400b0b52200fe40900001487800d0b72200c8
:10a5d4008040eb0001487800109b80000000e00000
:10a5e40002003a0000052000109b880010c0b30050
:10a5f400004f7800c0c72b001007980020c82b001c
:10a60400100798001e4078000080fa000000060041
:10a614000200fa00881f7800109b80008000eb0085
:10a624006208200003002000820f5000838f58002e
:10a63400bf053e000060010086003700a700370018
:10a64400dd003700eb0037002501370046013700f5
:10a65400b7053700b6053700b5053700b405370030
:10a66400b305370049013700b10537007a013700d7
:10a6740065033700ae053700a6033700b003370083
:10a68400ca033700d5033700df033700a8053700b6
:10a69400a7053700a6053700a5053700a405370030
:10a6a400a3053700a2053700a1053700a005370030
:10a6b4009f0537009e0537009d0537009c05370030
:10a6c4009b0537009a053700990537009805370030
:10a6d4009705370096053700e6033700fd0337007a
:10a6e4000b043700470437006c043700900537002b
:10a6f4008f0537008e0537008d053700700437004d
:10a704008b0537008a05370089053700880537002f
:10a71400870537008605370085053700840537002f
:10a72400830537008205370072043700860437003a
:10a7340094043700db0437001a0537007c05370022
:10a744007b0537007a053700790537002405370083
:10a75400770537007605370075053700740537002f
:10a76400730537007205370071053700700537002f
:10a774006f0537006e0537002c05370036053700a6
:10a784006b0537006a05370069053700680537002f
:10a79400670537006605370065053700640537002f
:10a7a400630537006205370061053700600537002f
:10a7b4005f0537005e0537005d0537005c0537002f
:10a7c4005b0537005a05370059053700580537002f
:10a7d400570537005605370055053700540537002f
:10a7e400530537005205370051053700500537002f
:10a7f4004f0537004e0537004d0537004c0537002f
:10a804004b0537004a05370049053700480537002e
:10a81400470537004605370045053700440537002e
:10a82400430537004205370041053700400537002e
:10a834003f0537003e0537003d053700c5013700a9
:10a84400de0137004f023700b6023700c00237007e
:10a85400c702370050b222008040eb000148780064
:10a8640000b422008040eb000148780020d9200089
:10a874008040eb000148780010d920008040eb00b4
:10a88400014878003eb6020001000000e14f50008c
:10a8940007003a0010d9200010407800804078006a
:10a8a4000104a00010d920000148780006003700f8
:10a8b40010d9200010407800804078000104a100e5
:10a8c40010d920000148780041012000d0c0b30015
:10a8d40020690200010000004a053700c0b72200c9
:10a8e40011c0b30001487800f0b7220011c0b300d2
:10a8f4000148780010d9200010407800804078008a
:10a904000104a10010d920000148780010d92000ca
:10a9140010407800804078000114a00010d9200075
:10a924000148780010d92000104078008040780059
:10a934000124a10010d920000148780010d920007a
:10a9440010407800804078000134a10010d9200024
:10a954000148780010d92000104078008040780029
:10a964000154a10010d920000148780010d920001a
:10a9740010407800804078000164a10010d92000c4
:10a984000148780040b222008040eb000148780082
:10a9940020d9200010407800e24f500003003a0014
:10a9a400b0002000109b88001605370030002000fe
:10a9b400109b88001305370040b222001040780035
:10a9c4008040e80040b222000148780040b22200f2
:10a9d40010407800e94f500003003600b00020001a
:10a9e400109b88000705370030002000109b88006a
:10a9f4000405370040b22200104078000080fb00bc
:10aa0400b05b8900b05b81004600dd00b05b89006b
:10aa1400b05b81001004b000b05b8900c1b52200b6
:10aa2400b05b81000080e80025cb220044cb2200eb
:10aa34008101780012c0b3008000780000cab3001e
:10aa4400dc9002000100000020002000109b880020
:10aa5400c0b52200104078000000fb0061006000d7
:10aa6400004078000004e000b704320092012000a6
:10aa74008000eb00c0b52200c80402000000000002
:10aa8400c1b52200b05b81007200400024cb2200db
:10aa940043cb2200010178008000780000cab30093
:10aaa400c0d002000100000050b722008040eb003b
:10aab40001487800c0b522001ad30200010000004a
:10aac4000000e000a2043200e028210041c1b300ec
:10aad4000148780040002000109b8800c90437001a
:10aae400c0b52200104078000004e00015003200d8
:10aaf40020498100610060000000e00013003a007a
:10ab040040b222001040780052b22200c1b52200a7
:10ab1400b6c80200000000000004e0000600320095
:10ab240050002000109b8800e0282100a1c0b30041
:10ab3400014878000500370020002000109b8800a1
:10ab44000200370020002000109b8800e02821002c
:10ab5400104078000004e0007f043a002000200048
:10ab6400109b8800a70437002049810061406000e1
:10ab74000080fb00610060000000e00078043a00ff
:10ab840020002000109b88009e0437003eb602007f
:10ab940001000000e14f500027003a0010c4b30048
:10aba400443b020001000000f0b322001040780092
:10abb4008040780050b2220060b60200010000001c
:10abc400e14f500014003a00e8d6020001000000f2
:10abd40030c82b0084d6020001000000f0c92b000d
:10abe40084d6020001000000b01d220084d60200b9
:10abf4000100000090ca2b0084d60200010000006e
:10ac040030d920008040eb0001487800d0002000bb
:10ac1400109b88007b043700e8d602000100000086
:10ac2400b0ca2b0084d6020001000000c00320003b
:10ac3400109b880073043700e8d60200010000006e
:10ac440090cc2b0084d6020001000000c003200039
:10ac5400109b88006b04370020d920001040780036
:10ac6400e24f500015003200d00e810062006000f7
:10ac74000000e0000800320092c0b300e1cd2b00d8
:10ac840050d72000f2d1020001000000d00e810054
:10ac94000010a100d00e8900f0b7220011c0b3004b
:10aca4000148780010d920001040780080407800d6
:10acb4000114a00010d920000148780030d92000e8
:10acc40090407800f0b322001040780080cf50000c
:10acd40013003900e8d602000100000080ce2b00ea
:10ace40084d6020001000000c0b7220021c0b300d6
:10acf40001487800eeb60200010000003001200097
:10ad0400109b880020d9200010407800e24f5000aa
:10ad140003003200f0fd200011c0b30001487800a8
:10ad2400501f220010407800e14f50000e04320002
:10ad3400501f220010407800e34f500063003a0097
:10ad440010d9200010407800804078000114a10040
:10ad540010d920000148780010d920001040780054
:10ad6400804078000124a00010d920000148780018
:10ad740020d92000104078000004e00037003200a1
:10ad8400320020008000eb0080db2000c8040200b9
:10ad94000000000080db200025cb220044cb2200f1
:10ada4008001780032c0b3008101200000cab300e2
:10adb400dc90020001000000b0db20008040eb00ca
:10adc4000148780025cb220044cb2200e306210071
:10add40012c0b300c103200000cab300dc9002001b
:10ade40001000000e0062100104078000004e000ab
:10adf40004003200e006210010407800f44f5000b7
:10ae040003003600e006210051c0b3000148780079
:10ae140025cb220044cb2200f306210012c0b3004c
:10ae2400d103200000cab300dc900200010000003e
:10ae3400f0062100104078000004e0000400320015
:10ae4400f006210010407800e64f40000300360071
:10ae5400f006210001c5b3000148780020d9200084
:10ae6400104078000004e0000d00320080db200078
:10ae7400104078000004e0000900320040c4b30030
:10ae8400443b02000100000020082000109b8800c1
:10ae9400f0b3220031c0b300014878000b00370042
:10aea40080d5200011c0b3000148780000c5b3006c
:10aeb4000cb7020001000000e0002000109b880095
:10aec400f0c4b300443b020001000000501f220004
:10aed400104078000004e00004003200501f2200fb
:10aee40010407800e64f5000a1033a00e8d6020073
:10aef40001000000b0cf2b0084d602000100000046
:10af0400501f22001040780032c0b300c1c8200096
:10af1400d2a0020001000000c0c8200084d60200b4
:10af24000100000040d12b0084d602000100000083
:10af340050b2220084d602000100000090ca2b0007
:10af440084d6020001000000c0032000109b88008a
:10af5400ac03370092c0b300e1cd2b0050d72000e2
:10af6400f2d10200010000000000e00003003a00fa
:10af740040c4b300443b0200010000004101200032
:10af8400d0c0b300206902000100000080b7220095
:10af9400104078008040e90080b722000148780022
:10afa40080b72200104078000004e00072033a00e9
:10afb40020082000109b88009203370020d920002d
:10afc40010407800e24f50000500320092c0b300f8
:10afd400e1cd2b0050d72000f2d102000100000087
:10afe40040c4b300443b02000100000020d920000b
:10aff40010407800e14f500026003a0010d920009c
:10b0040010407800804078000134a00010d920005e
:10b0140001487800e8d602000100000060d12b004e
:10b0240084d602000100000080db200084d60200e8
:10b034000100000030d22b0084d602000100000081
:10b04400e00621001044780080db2000aea002005e
:10b05400010000000040780008417800804078003a
:10b0640080db200010b90200010000000004e000b1
:10b0740005003a00e8d602000100000060d22b006f
:10b0840084d602000100000030082000109b8800d4
:10b094005c03370081db2000c0c8200028d20200f6
:10b0a40001000000000f7800c0c820001e0040000e
:10b0b400a1c2b300014878001e0fe8009e0078008a
:10b0c400c0c8200080804000106d800000407800df
:10b0d40032c0b300d2a00200010000001e0f4000e5
:10b0e400c0c820001e00400031c2b30001487800ef
:10b0f4001e0fe800c0c820001e0040008040eb0086
:10b1040001487800e8d602000100000030d32b008b
:10b1140084d6020001000000c0c8200084d60200ca
:10b124000100000030d22b0084d602000100000090
:10b13400e006210010447800c0c82000aea0020040
:10b144000100000000407800084178008040780049
:10b15400c0c8200010b90200010000000004e00093
:10b1640005003a00e8d602000100000060d22b007e
:10b1740084d602000100000040082000109b8800d3
:10b184002003370000108100610060000000e0002f
:10b19400fb023a0020d9200010407800e14f500013
:10b1a40031003a00f0b32200104078008040e900fa
:10b1b400f0b3220001487800f0b322001040780078
:10b1c4000004e0000b003200f006210090407800fb
:10b1d40080b722000148780010082000109b8800e6
:10b1e40041012000d0c0b30020690200010000002a
:10b1f4000403370010d42b00801f7800e0d42b0008
:10b20400801f7800c0c82000ac04020000000000c9
:10b21400e4875700c0c8200084d602000100000063
:10b2240080d5200011c0b3000148780000c5b300e8
:10b234000cb7020001000000e0002000109b880011
:10b24400f0c4b300443b02000100000010d9200008
:10b2540010407800804078000134a10010d920000b
:10b2640001487800e7023700c0c82000a1c2b3003b
:10b2740001487800106d80000040780032c0b300af
:10b28400d1c82000d2a002000100000000c92000a3
:10b2940031c2b3000148780010c920008040eb009f
:10b2a40001487800e8d602000100000000d62b0017
:10b2b40084d6020001000000c0c8200084d6020029
:10b2c4000100000090ca2b0084d602000100000097
:10b2d400e006210010447800c0c82000aea002009f
:10b2e40001000000004078000841780080407800a8
:10b2f400c0c8200010b90200010000000004e000f2
:10b3040005003a00e8d602000100000060d22b00dc
:10b3140084d602000100000040082000109b880031
:10b32400b802370000108100610060000000e000f6
:10b3340095023a0050082000109b880001fa200072
:10b34400d0c0b3002069020001000000ad02370044
:10b35400eeb602000100000060082000109b880087
:10b36400e028210031c0b30001487800a50237006d
:10b37400501f2200104078000004e00018003a003a
:10b384000000eb00109b880010d9200010407800ca
:10b39400804078000154a00010d9200001487800b2
:10b3a40010d9200010407800804078000114a100da
:10b3b40010d920000148780010d9200010407800ee
:10b3c400804078000124a10010d9200001487800b1
:10b3d40020c5b300443b020001000000890237008d
:10b3e400e0282100104078000004e00068023a00e0
:10b3f400e028210031c0b30001487800eeb6020015
:10b40400010000007f023700f0c4b300443b020097
:10b4140001000000f0fd20008040eb0001487800ae
:10b42400b06a80000000e0000e00320008b902009b
:10b4340001000000b16a8000810f5000090036004d
:10b44400e8d602000100000010d72b0084d60200c9
:10b4540001000000eeb6020001000000000120001f
:10b46400109b880000b42200104078000004e00023
:10b4740009003200e8d6020001000000a0d82b0029
:10b4840084d6020001000000eeb6020001000000b4
:10b4940000012000109b8800501f220010407800fb
:10b4a4000004e0000d003a0020012000109b8800f9
:10b4b400e8d6020001000000c0da2b0084d60200a6
:10b4c40001000000a3242000d20020008040eb00f3
:10b4d400b0de2b0074cc020000000000d0b72200c4
:10b4e400104078000004e0002b023200e8d602008d
:10b4f4000100000050df2b0084d602000100000090
:10b50400eeb602000100000000012000109b88003c
:10b514003c023700e028210031c0b3000148780024
:10b5240050ff20008040eb0001487800eeb6020096
:10b534000100000010012000109b88003102370038
:10b54400501f2200104078000004e00008003a0078
:10b5540020012000109b8800e8d6020001000000b2
:10b56400d0e12b0084d60200010000002502370040
:10b57400e0282100104078000004e00008023a00ae
:10b58400e028210031c0b30001487800eeb6020083
:10b594000100000050ff2000104078008040e800c7
:10b5a40050ff20000148780016023700d0c4b300d1
:10b5b400443b02000100000080d520008040eb00e5
:10b5c4000148780050ff20008040eb0001487800db
:10b5d40080022000109b88000a023700e028210026
:10b5e40031c0b3000148780050ff20008040eb00d8
:10b5f40001487800eeb6020001000000400120007e
:10b60400109b8800ff013700501f22001040780073
:10b614000004e00008003a00c0032000109b8800ea
:10b62400e8d602000100000080e32b0084d602006b
:10b6340001000000f3013700e028210010407800e9
:10b644000004e000d8013a00e028210031c0b30032
:10b6540001487800eeb602000100000050ff20000f
:10b66400104078008040e80050ff20000148780036
:10b67400e401370010d920001040780080407800a1
:10b684000154a00010d920000148780010d92000ee
:10b6940010407800804078000114a10010d92000e7
:10b6a4000148780010d920001040780080407800cc
:10b6b4000124a10010d920000148780040b22200e2
:10b6c4008040eb0001487800a0022000109b880015
:10b6d400cc01370040b22200104078008040e800de
:10b6e40040b222000148780040b2220010407800a5
:10b6f400e94f50000300360010032000109b88001f
:10b70400c0013700a0022000109b8800bd01370053
:10b71400d0c4b300443b02000100000040b2220048
:10b72400104078000080fb00b05b8900b05b8100b2
:10b734004600dd00b05b8900b05b81001004b000fe
:10b74400b05b8900c1b52200b05b81000080e800d5
:10b7540025cb220044cb22008101780012c0b30023
:10b764008000780000cab300dc90020001000000f1
:10b7740090022000109b8800c0b522001040780081
:10b784000000fb00620060000000e000880132005d
:10b79400920120008000eb00c0b52200c804020022
:10b7a40000000000c1b52200b05b810072004000bf
:10b7b40024cb220043cb22000101780080007800d2
:10b7c40000cab300c0d002000100000050b722003c
:10b7d4008040eb0001487800c0b522001ad3020073
:10b7e400010000000000e00073013200b0022000fc
:10b7f400109b8800e028210041c1b3000148780073
:10b8040080013700c0b52200104078000004e00039
:10b814001900320020498100610060000000e0004e
:10b8240017003a0008b90200010000008000780007
:10b8340040b22200104078008101780052b2220008
:10b84400c1b52200f2c70200000000000004e000bd
:10b8540006003200c0022000109b8800e02821006e
:10b86400a1c0b30001487800050037009002200011
:10b87400109b88000200370090022000109b880073
:10b88400e0282100104078000004e0004c013a0058
:10b8940090022000109b88005a0137002049810043
:10b8a400614060000080fb00610060000000e00077
:10b8b40045013a0090022000109b88005101370096
:10b8c40000b42200104078000004e00003003200bd
:10b8d40000052000109b88004a0137000000eb009f
:10b8e400109b880020c5b300443b02000100000007
:10b8f40044013700f0fd200011c0b3000148780076
:10b9040010d9200010407800804078000114a10074
:10b9140010d920000148780010d920001040780088
:10b92400804078000124a10010d92000014878004b
:10b9340040b222008040eb0001487800e003200080
:10b94400109b88002f01370040b22200104078007d
:10b954008040e80040b222000148780040b2220052
:10b9640010407800e94f50000300360050042000d6
:10b97400109b880023013700e0032000109b8800ff
:10b9840020013700d0c4b300443b02000100000092
:10b9940040b22200104078000080fb00b05b8900b8
:10b9a400b05b81004600dd00b05b8900b05b8100c4
:10b9b4001004b000b05b8900c1b52200b05b810007
:10b9c4000080e80025cb220044cb220081017800ce
:10b9d40012c0b3008000780000cab300dc900200fb
:10b9e40001000000c0b522001040780080407800bb
:10b9f40000c8b30080c06000e0b7220001487800ae
:10ba0400d0032000109b8800c0b5220010407800ad
:10ba14000000fb00640060000000e000ec00320065
:10ba2400920120008000eb00c0b52200c80402008f
:10ba340000000000c1b52200b05b8100720040002c
:10ba440024cb220043cb220001017800800078003f
:10ba540000cab300c0d002000100000050b72200a9
:10ba64008040eb0001487800c0b522001040780007
:10ba74000004e000d8003200c0b522001ad302004e
:10ba8400010000000000e000d5003200f0032000b7
:10ba9400109b8800e028210041c1b30001487800d0
:10baa400d8003700c0b52200104078000004e00040
:10bab4003300320020498100610060000000e00092
:10bac40031003a0090b7220090407800a0b72200dd
:10bad4001040780080cf500009003a00f0d82000d0
:10bae40090407800a0c5b30080cf5000040032001d
:10baf40011c0b3000004200038340200010000002b
:10bb0400e0b7220090407800b0b72200904278005d
:10bb1400c0b7220010427800a0b7220090417800fc
:10bb240090b722001041780040b222001040780003
:10bb3400814378000543780084427800034278000a
:10bb44008241780052b22200c1b522005ac90200d3
:10bb5400000000000004e0000600320000042000a1
:10bb6400109b8800e0282100a1c0b30001487800a0
:10bb740005003700d0032000109b88000200370026
:10bb8400d0032000109b8800e0282100104078009a
:10bb94000004e00094003a00d0032000109b8800c9
:10bba4009800370020498100614060000080fb005c
:10bbb400610060000000e00002003a00d0032000b1
:10bbc400109b880092c0b300e1cd2b0050d7200019
:10bbd400f2d10200010000000000e0008400320005
:10bbe40010d9200010407800804078000164a00043
:10bbf40010d920000148780000b4220010407800d9
:10bc04000004e0000300320000052000109b8800bf
:10bc14007c0037000000eb00109b880020c5b300b7
:10bc2400443b02000100000076003700eeb602003b
:10bc340001000000e028210031c0b3000148780071
:10bc440050ff20008040eb000148780010052000e0
:10bc5400109b88006b003700501f220010407800b2
:10bc64000004e00023003a0000b4220010407800f1
:10bc74000004e000190032003eb60200010000009a
:10bc8400e14f50005c003a00a0b5220090407800db
:10bc940020d9200001487800d0b722008040eb0072
:10bca4000148780001b4220050b2220028d20200d8
:10bcb40001000000b0b5220090407800f0b32200eb
:10bcc4000148780010002000109b880000b4220076
:10bcd4008040eb00014878004a0037000000eb0088
:10bce400109b880020c5b300443b02000100000003
:10bcf40044003700e0282100104078000004e000f0
:10bd04003f003a00e028210031c0b3000148780028
:10bd1400eeb602000100000050ff20001040780041
:10bd24008040e80050ff20000148780035003700cb
:10bd34000000eb00109b880020c5b300443b0200c8
:10bd4400010000002f003700000000002d00370024
:10bd5400000000002b00370000000000290037001d
:10bd64000000000027003700000000002500370015
:10bd7400000000002300370000000000210037000d
:10bd8400000000001f003700000000001d00370005
:10bd9400000000001b0037000000000019003700fd
:10bda40000000000170037000000000015003700f5
:10bdb40000000000130037000000000011003700ed
:10bdc400000000000f003700000000000d003700e5
:10bdd400000000000b0037000000000009003700dd
:10bde40000000000070037000000000005003700d5
:10bdf40000000000030037000000000001003700cd
:10be04000000000050ff200010407800e34f500075
:10be140006003600e8d602000100000030e52b00e1
:10be240084d6020001000000ffff37004f047800b1
:10be34000080fa00000006000000fa005091200083
:10be4400104078000080fb00a11d800001417800b3
:10be54006191200082707800509120001040780099
:10be64008040e8005091200001487800801d800047
:10be7400620060000000e00001003200b023a9006d
:10be8400801d8000640060000000e00001003200ba
:10be9400b043a900801d8000680060000000e0003d
:10bea40001003200b063a9000080fa00000006001f
:10beb4000200fa00889fbe008a9fbe00f2040700b9
:10bec4007a46a80080fd20008040eb0001487800fd
:10bed400b0ff2f0080668900b0ff2f00b066890094
:10bee400c02a210080c0eb00014878000000eb006c
:10bef40010408800408020008040eb00014878001a
:10bf04000000eb00e05988008080200011c0b300dd
:10bf1400014878000000eb00a09788000080200012
:10bf24008040eb0001487800108020008040eb0046
:10bf340001487800308120008040eb0001487800ff
:10bf4400208120008040eb000148780082212000fd
:10bf54008000eb0000072100c8040200000000007c
:10bf6400620120008000eb0020da2000c8040200f7
:10bf740000000000620c20008000eb0040922200d0
:10bf8400c804020000000000820d20008000eb00c5
:10bf9400400e2200c80402000000000072002000cd
:10bfa4008000eb0060052100c804020000000000ce
:10bfb400720020008000eb0060042100c80402002d
:10bfc40000000000720020008000eb0060062100e9
:10bfd400c804020000000000720020008000eb0092
:10bfe400e0052100c804020000000000a2012000b6
:10bff4008000eb0040d72000c804020000000000cd
:10c00400d20b20008000eb00a0bb2100c80402007a
:10c0140000000000820020008000eb00801f22004e
:10c02400c804020000000000820320008000eb002e
:10c03400a0dd2000c804020000000000a2012000ce
:10c044008000eb00202b2100c80402000000000047
:10c05400a20120008000eb00c02c2100c8040200d3
:10c0640000000000c20120008000eb0020ad22008f
:10c07400c804020000000000f0ff2700209688009a
:10c08400802c2100a1c5b30001487800902c210028
:10c09400a1c5b30001487800a02c2100a1c5b300bc
:10c0a40001487800202e2100a1c5b3000148780082
:10c0b400302e2100a1c5b30001487800402e210094
:10c0c400a1c5b30001487800621020008000eb0095
:10c0d400c0d42100c8040200000000000000eb00ee
:10c0e400000f7800090037001e007800c200dd0050
:10c0f40060ff200000804000420020008000eb0030
:10c10400c8040200000000001e0fe8001e007800b2
:10c11400f30f5000f4ff3400e005210091c1b30097
:10c124000148780080d520008040eb000148780069
:10c1340090d520008040eb0001487800a0d5200075
:10c144008040eb0001487800e0d820008040eb00fc
:10c1540001487800d02a21008040eb000148780093
:10c16400d08020008040eb000148780068d60200af
:10c17400010000000000eb00000f78000b00370006
:10c1840040d920001e0040008040eb0001487800a8
:10c1940081d920001e00780000004000008040008b
:10c1a4008000eb00010878001e0fe8001e007800f4
:10c1b400e30f5000f2ff34006000b800b0068900bd
:10c1c400c10689000000eb00504088000000eb002d
:10c1d400906589000000eb00407e88000000eb00c1
:10c1e400507e88000000eb00a07e88000000eb0079
:10c1f400607e88000000eb00907e8800007d2000b7
:10c20400b07e8800602e21008040eb000148780059
:10c214000000eb00707e88000000eb00807e880048
:10c22400008120008040eb0001487800b6e6a800b9
:10c23400b6c6a800ca06a800ca26a8002081200005
:10c244008040eb0001487800308120008040eb0002
:10c2540001487800409120008040eb0001487800bc
:10c26400509120008040eb000148780070b120001c
:10c274008040eb000148780010b320008040eb00c0
:10c284000148780000da20008040eb000148780083
:10c29400420020008000eb0000dd2000c804020002
:10c2a40000000000e20020008000eb0000202200db
:10c2b400c804020000000000d20b20008000eb0044
:10c2c400a0bb2100c80402000000000068040700ad
:10c2d400d1040700b10407008892020001000000a5
:10c2e40040cb22008040eb00014878004001200050
:10c2f4009065890060290200010000000040eb0005
:10c304001252020001000000e080200011c8b300b6
:10c3140001487800f0dc20008040eb000148780000
:10c324000081200041c0b300014878000000eb0008
:10c33400309d8800b0ef20008040eb000148780079
:10c3440050fc20008040eb0001487800b606a900ac
:10c35400a0c722008040eb0001487800e02a2100b9
:10c364008040eb0001487800002b21001040780049
:10c374008080fb0000022000008060000000e000dc
:10c38400040032000040eb00d0b8020001000000bd
:10c394000300370010c0b300d0b802000100000051
:10c3a400b443020001000000f004210010407800b2
:10c3b4000000fb00cf80de00c0978800d197880082
:10c3c400c0978000d1978000120720000289b9002d
:10c3d400020178006002b900840178000301410081
:10c3e400130720000300b800010141008200780017
:10c3f400c0978800d197880010052100104078006c
:10c404000001fb00cf91de00c0978000d19780002f
:10c414000200400083804800c0978800d1978800bc
:10c42400c0978000d1978000020720000289b900dc
:10c43400020178006002b900840178000301410020
:10c44400030720000300b8000101410082007800c6
:10c45400c0978800d1978800e0042100104078003c
:10c464000001fb00cf91de00c0978000d1978000cf
:10c474000200400083804800c0978800d19788005c
:10c48400c0978000d1978000f20620000289b9008d
:10c49400020178006002b9008401780003014100c0
:10c4a400f30620000300b800010141008200780077
:10c4b400c0978800d19788000005210010407800bb
:10c4c4000001fb00cf91de00c0978000d19780006f
:10c4d4000200400083804800c0978800d1978800fc
:10c4e40007003700000000000500370000000000ce
:10c4f40003003700000000000100370000000000c6
:10c504000060fe00c02a21008040eb000148780052
:10c5140000312100104078000004e00002003a00dd
:10c524000cc6020001000000c02a210011c0b300a3
:10c534000148780060312100104078000004e000d8
:10c5440002003a007edd020000000000c02a210043
:10c5540021c0b30001487800c031210010407800a8
:10c564000004e00002003a0098d802000100000034
:10c57400c02a210031c0b3000148780020322100d4
:10c58400104078000004e00002003a00d2d4020017
:10c5940001000000c02a210041c0b3000148780016
:10c5a40080322100104078000004e00002003a00cc
:10c5b40002a4020001000000c02a210051c0b300ff
:10c5c40001487800e0322100104078000004e000c7
:10c5d40002003a0080b3020001000000c02a2100da
:10c5e40071c0b30001487800c02a210091c0b30093
:10c5f4000148780060342100104078000004e00015
:10c6040002003a000c44020001000000c02a21008c
:10c61400a1c0b30001487800c03421001040780064
:10c624000004e00002003a0072d902000100000098
:10c63400c02a2100c1c0b300014878008035210020
:10c64400104078000004e00002003a0042c90200f1
:10c6540001000000c02a2100d1c0b30001487800c5
:10c66400e0352100104078000004e00002003a00a8
:10c674000a53020001000000c02a2100e1c0b300f7
:10c684000148780040362100104078000004e000a2
:10c6940002003a004ec2020001000000c02a21003c
:10c6a400f1c0b30001487800a036210010407800a2
:10c6b4000004e00002003a00526b02000100000096
:10c6c400c02a210011c1b30001487800603721005d
:10c6d400104078000004e00002003a00a296020034
:10c6e40001000000c02a210021c1b30001487800e4
:10c6f400c0372100104078000004e00002003a0036
:10c70400cebe020001000000c02a210031c1b300e6
:10c714000148780020382100104078000004e0002f
:10c7240002003a0012cc020001000000c02a2100dd
:10c7340041c1b300014878008038210010407800de
:10c744000004e00002003a00c0a902000100000059
:10c75400c02a210061c1b30001487800403921009a
:10c76400104078000004e00002003a00beb9020064
:10c7740001000000104080000000e0007100320061
:10c784001200370020812000104078000080fb0058
:10c7940041812000614078000080fb00901d8800ea
:10c7a40020812000104078000080fb00418120009f
:10c7b4000041eb0082707800208120001040780056
:10c7c4008040e8002081200001487800811d80001d
:10c7d40000102000008060000000e00035003200fe
:10c7e40020812000904078003081200010407800a3
:10c7f40080cf5000e3ff3a002f0037004080200034
:10c80400104078000080fb0081c32200e1407800e2
:10c8140040912000104078000080fb0062912000cd
:10c824006240780080cf500012003a00408020001f
:10c83400104078008040e8004080200001487800e3
:10c8440040802000104078000080fb0081c322005b
:10c85400614078000004e00009003a0040802000b4
:10c864008040eb0001487800100020001040880050
:10c8740003003700408020008040eb00014878002e
:10c8840040912000104078000080fb00619120005e
:10c89400614078000080fb00e01c8800409120008b
:10c8a400104078008040e800409120000148780062
:10c8b4000100370000000000d11c8000001020009f
:10c8c400008060000000e000380032004091200049
:10c8d40090407800509120001040780080cf5000a4
:10c8e400c6ff3a0031003700608020001040780015
:10c8f4000004e00007003a00208120001040780086
:10c904000080fb004181200061407800b2ce02002b
:10c914000000000020812000104078000080fb000f
:10c92400418120000041eb008270780020812000ca
:10c93400104078008040e800208120000148780001
:10c9440001003700000000002081200090407800a2
:10c95400308120001040780080cf5000e2ff3a0080
:10c964000c00370040912000104078000080fb004c
:10c97400619120006140780002d6020001000000ad
:10c9840040912000104078008040e8004091200051
:10c994000148780040912000904078005091200098
:10c9a4001040780080cf5000eeff3a0080d5200080
:10c9b400104078000004e00014003a0090d52000f4
:10c9c400104078000004e00010003a00a0d52000d8
:10c9d400104078000004e0000c003a00b0358000fc
:10c9e400610060000000e00004003200a0c72200e3
:10c9f40010407800e24f50000400320060d820005c
:10ca0400104078000004e0000400320010c0b300bd
:10ca14001252020001000000030037000040eb0046
:10ca24001252020001000000003a21001040780078
:10ca34000004e000abfe3200003a21008040eb002d
:10ca440001487800b0068100c1068100e00f500063
:10ca5400e08f580006003200b0068100c106810054
:10ca640061005000e0805800b0068900c1068900ca
:10ca7400504080000000e000090032005040800077
:10ca84000000e90050408800504080000000e000b1
:10ca940003003a0020af2c0084d6020001000000fd
:10caa400407e8000e10f400003003200407e8000a1
:10cab4000000e800407e8800507e8000e10f4000c6
:10cac40003003200507e80000000e800507e8800a1
:10cad400607e8000e10f400003003200607e800031
:10cae4000000e800607e8800707e8000e10f400056
:10caf40003003200707e80000000e800707e880031
:10cb0400807e8000e10f400003003200807e8000c0
:10cb14000000e800807e8800907e8000e10f4000e5
:10cb240003003200907e80000000e800907e8800c0
:10cb3400a07e8000e10f400003003200a07e800050
:10cb44000000e800a07e8800b07e80000000e000c5
:10cb540003003200b07e80000000e900b07e88004f
:10cb6400901281000000e000040032009012810065
:10cb74000000e9009012890009003700901281003a
:10cb8400e10f500006003a00901281000000e90015
:10cb94009012890030b12c0084d6020001000000fc
:10cba400309d80000000e800309d8800319d8000a9
:10cbb40000192000808f5000520036000000eb0066
:10cbc400309d8800f0dc2000104078000004e00074
:10cbd4002c003200f0dc20008040eb00014878009b
:10cbe400e0802000104078000004e00006003d00d2
:10cbf400e080200010407800804078000174a1009b
:10cc0400e080200001487800f08020001040780087
:10cc14000004e0003b003d00f0802000104078005c
:10cc24008080fb0000062000008060000000e0001f
:10cc340034003a00f080200010407800e3406000a7
:10cc4400f080200001487800f08020001040780037
:10cc54000004e00005003200f0802000104078005d
:10cc64008040e800f080200001487800f080200037
:10cc7400104078008040e8000081200001487800de
:10cc840020003700f0dc200011c0b3000148780018
:10cc9400e0802000104078000004e0000900320029
:10cca400e0802000104078000004e000050035001a
:10ccb400e0802000104078008040e900e0802000ff
:10ccc40001487800f0802000104078000004e00063
:10ccd4000c003200f0802000104078008080fb00bf
:10cce400000e2000008060000000e00005003a0013
:10ccf400f0802000104078008040e900f08020009f
:10cd040001487800109d80000000e800109d880014
:10cd1400119d8000803e2000808f5000f3fd36007e
:10cd24000000eb00109d880090958000a195800084
:10cd3400000078006f0060008004eb0000047800bd
:10cd44000801be00c0978000d19780000200400017
:10cd54008380480063004000e0804800c09788005a
:10cd6400d1978800403a2100104078000004e00088
:10cd740004003200403a21008040eb000148780072
:10cd840003003700403a210011c0b3000148780085
:10cd9400a0d52000104078000004e0000500320017
:10cda400a0d52000104078008040e900a0d52000e4
:10cdb4000148780092958000a3958000e0ff2f0041
:10cdc400f1ff2000800f5100818f590006003e00c2
:10cdd40090958000a195800061004000e0804800ab
:10cde40090958800a1958800701d2200104078005d
:10cdf400e34f500006003a00b0958000e10f400078
:10ce040003003200b09580000000e800b09588006f
:10ce1400501f220010407800e34f500006003a00f3
:10ce2400c0958000e10f400003003200c0958000ef
:10ce34000000e800c0958800701d220010407800b2
:10ce4400e34f500003003a00c00e81000000e800e8
:10ce5400c00e8900501f220010407800e34f50009c
:10ce640003003a00b00f81000000e800b00f890011
:10ce740060d82000104078000004e0000e0032006a
:10ce840060d82000104078008040e90060d820007d
:10ce94000148780060d82000104078000004e000c9
:10cea40005003a00a20120008000eb0040d72000da
:10ceb400c804020000000000c0d820001040780020
:10cec4000004e00005003200c0d8200010407800c3
:10ced4008040e900c0d8200001487800d0db800001
:10cee4000000e00003003200d0db80000000e90015
:10cef400d0db880030d9200010407800e14f40009a
:10cf04000500320030d92000104078008040e8004d
:10cf140030d920000148780021498100000e20000a
:10cf2400008060000000e0000d0032002049810014
:10cf34004500de00674060000040e9006740600093
:10cf44000080fb00670060004500dd00224981008d
:10cf5400f1f12f0081006100010070002049890077
:10cf6400b07080000000e00003003400b070800066
:10cf74000000e900b0708800b07080000000e0009c
:10cf840003003d00b07080000000e800b07088002d
:10cf940060b12000104078000004e0000500320079
:10cfa40060b12000104078008040e90060b12000aa
:10cfb40001487800b0282100104078000004e00007
:10cfc40005003200b0282100104078008040e900bc
:10cfd400b028210001487800c028210010407800c2
:10cfe4000004e00005003200c02821001040780051
:10cff4008040e900c028210001487800d0282100a1
:10d00400104078000004e00005003200d028210020
:10d01400104078008040e900d028210001487800c1
:10d02400e0282100104078000004e00005003200f0
:10d03400e0282100104078008040e900e028210029
:10d0440001487800f0282100104078000004e00036
:10d0540005003200f0282100104078008040e900eb
:10d06400f0282100014878000029210010407800b0
:10d074000004e0000500320000292100104078007f
:10d084008040e9000029210001487800102921008e
:10d09400104078000004e00005003200102921004f
:10d0a400104078008040e9001029210001487800f0
:10d0b40090d12100104078000004e0000500320007
:10d0c40090d12100104078008040e90090d12100e7
:10d0d4000148780000812000104078000004e0003e
:10d0e4000500320000812000104078008040e900f3
:10d0f4000081200001487800104080000000e0001a
:10d1040003003200104080000000e9001040880055
:10d11400907080000000e80090708800917080009a
:10d1240000e12000808f50000800360030b22c004f
:10d1340084d602000100000050e1200011c0b300b9
:10d14400014878000000eb00907088009095800002
:10d15400a195800000007800670060008005eb0066
:10d16400000578000a00be00e00f5000e08f580070
:10d17400e0fc3a0080802000104078000004e000c9
:10d18400defc32006200200011b42c00c0c8200074
:10d19400ba04020000000000c1c82000c0c820007a
:10d1a40024a1020000000000f0b3200084d6020095
:10d1b4000100000070b42c0084d6020001000000bd
:10d1c400e8d6020001000000c0c8200084d6020096
:10d1d40001000000f0b320008040eb00014878001b
:10d1e400c7fc37000200fa00004f78001e80fb00e5
:10d1f4006600b90080007800003121000080400002
:10d204008040eb00014878000080fa00000006002e
:10d214000200fa00004f78001e80fb006600b9008f
:10d2240080007800003121000080400021c0b3005c
:10d23400014878000080fa00000006000400fa00ab
:10d24400004f7800110798001e80fb006600b900ab
:10d254008000780020312100008040009e00900072
:10d26400010878001e80fb006600b9008000780089
:10d27400003121000080400011c0b3000148780053
:10d284000080fa00000006000000fa0040002000c0
:10d29400d03388000000240070348800a226ef00f8
:10d2a400c00c2000b03588003000200050368800c3
:10d2b40000182000f0368800303f2400b033880086
:10d2c4000000240050348800e0232000f03488005b
:10d2d4004000200090358800c007200030368800c8
:10d2e400c0342000d03688008826ef009c26ef004a
:10d2f400b026ef00c426ef00d826ef00ec26ef009e
:10d304008626ef009a26ef00ae26ef0040002000ac
:10d3140010368800d626ef00ea26ef000020200011
:10d324005037880000042000b03688007c26ef00c7
:10d334009026ef00a426ef00b826ef00cc26ef00dd
:10d34400e026ef00001f2000f03388009226ef0053
:10d35400a626ef00ba26ef00e226ef0001088000bf
:10d36400f00b2000008160006004200071052000a3
:10d3740003102000804978008149780082497800b0
:10d38400813f8000f00f2800808060000050200062
:10d3940001007000803f8800b13e800000f82f003b
:10d3a40000806000b000b300b03e8800e13d800022
:10d3b40000fc2f00008060000020a000e03d8800f9
:10d3c400913d8000f00f2c0080806000005022000e
:10d3d40001007000903d8800713f800000f82f002c
:10d3e400008060003000b300703f8800a13d8000e1
:10d3f40000fc2f00008060003001b300a03d8800d5
:10d40400b13e8000f00f28008080600000a0200062
:10d4140001007000b03e8800f13e8000f00f28004b
:10d42400808060000030210001007000f03e880020
:10d43400b13d800000fc2f0000806000e000b300dc
:10d44400b03d880000088000000178000260a00060
:10d45400600420007105200003102000804978003a
:10d4640081497800824978000080fa0000000600b3
:10d474000000fa0041058000f0ff280000806000f1
:10d4840000c0a000400588009021ef00f0e72300d1
:10d49400900c880000002800a00c88008860a90077
:10d4a4009860a80041068000f0f82f00008060001a
:10d4b4000040a000400688007105800080ff2f0016
:10d4c400008060000000a0007005880061058000f5
:10d4d400f0ff28000080600000c0a0006005880004
:10d4e40041068000f08f2f00008060000080a000c3
:10d4f40040068800b1058000f0ff2800008060002d
:10d5040000c0a000b0058800b1058000f08f2f0096
:10d51400008060000080a000b005880081068000c3
:10d52400f0f82f00008060000040a0008006880012
:10d5340081068000f0ff28000080600000c0a00089
:10d544008006880081068000f08f2f000080600034
:10d554000080a00080068800e726a800e926a9002c
:10d56400d2c6a800d4c6a900d446a900d246a800b1
:10d57400d466a900d266a800d486a900d286a800e1
:10d58400d4a6a900d2a6a8005fe6a8008a60a900d4
:10d594009a60a8000080fa00000006000200fa0069
:10d5a4000000eb00000f7800160037001e00780022
:10d5b4006600b9008000780000312100008040003e
:10d5c4008040eb00014878001e0078006600b90036
:10d5d4008000780020312100008040008000eb00b2
:10d5e400010878001e0078006600b9008000780009
:10d5f40040312100008040008000eb0001087800e9
:10d604001e0fe8001e007800f70f5000e7ff3400fb
:10d614000080fa00000006000000fa00000728005d
:10d62400303a88004827ef0000a32000503a8800d1
:10d6340060002000603a88004e27ef005027ef007a
:10d644005627ef005a27ef00f422ef000080fa007b
:10d65400000006000200fa00004f78001e80fb0064
:10d66400603a88004627a8000080fa0000000600ff
:10d674000200fa000100370000000000303a800088
:10d68400610060000000e000fbff32009138800080
:10d69400010f78001e0078000080fa0000000600e8
:10d6a4000000fa00403680004400de006140600063
:10d6b4000080fb0061006000b16e80000100a100e9
:10d6c40001007000b06e8800403680004500de0026
:10d6d400614060000080fb006100600000004000c9
:10d6e400b16e80000110a10001007000b06e8800ce
:10d6f400403680004300de00614060000080fb0093
:10d70400610060004200dd00b16e80000120a100d4
:10d7140001007000b06e8800403680004200de00d8
:10d72400614060000080fb00610060004300dd0098
:10d73400b16e80000130a10001007000b06e88005d
:10d74400a06e80004800de006140600080407800e8
:10d754000040eb0060b10200010000006140600085
:10d764000080fb00610060004800dd00b16e8000b5
:10d774000180a10001007000b06e8800a06e8000de
:10d784004900de00614060008040780010c0b300b2
:10d7940060b1020001000000614060000080fb00f5
:10d7a400610060004900dd00b16e80000190a100bd
:10d7b40001007000b06e8800a06e80004a00de0098
:10d7c400614060008040780020c0b30060b1020076
:10d7d40001000000614060000080fb006100600007
:10d7e4004a00dd00b16e800001a0a10001007000bc
:10d7f400b06e8800a06e80004b00de0061406000c7
:10d804008040780030c0b30060b102000100000025
:10d81400614060000080fb00610060004b00dd009f
:10d82400b16e800001b0a10001007000b06e8800ec
:10d83400d198800000192000808f5000040032002d
:10d84400d1988000a0112000808f50000f003a0072
:10d8540090b3200010407800614060006140600097
:10d86400614060000080fb00610060004800dd0052
:10d87400b16e80000180a10001007000b06e8800cc
:10d884000081200061c0b30001487800b06e8000c0
:10d894004800de00614060000080fb006100600021
:10d8a4004a00dd00d133800001a0a1000100700016
:10d8b400d0338800b06e80004900de006140600013
:10d8c4000080fb00610060004b00dd00d13380006c
:10d8d40001b0a10001007000d0338800b06e800058
:10d8e4004a00de00614060000080fb0061006000cf
:10d8f4004c00dd00d133800001c0a10001007000a4
:10d90400d0338800b06e80004b00de0061406000c0
:10d914000080fb00610060004d00dd00d133800019
:10d9240001d0a10001007000d0338800a06e8000f7
:10d93400e1406000b06e80006140600080cf500024
:10d9440038003a00a06e80000000d100e140600081
:10d95400b06e80000000d1006140600080cf5000b4
:10d9640030003a00a06e80004200de00e14060001a
:10d97400b06e80004200de006140600080cf500045
:10d9840028003a00a06e80004300de00e140600001
:10d99400b06e80004300de006140600080cf500024
:10d9a40020003a00a06e80004800de00e1406000e4
:10d9b400b06e80004800de006140600080cf5000ff
:10d9c40018003a00a06e80004900de00e1406000cb
:10d9d400b06e80004900de006140600080cf5000de
:10d9e40010003a00a06e80004a00de00e1406000b2
:10d9f400b06e80004a00de006140600080cf5000bd
:10da040008003a00a06e80004b00de00e140600098
:10da1400b06e80004b00de006140600080cf50009b
:10da24005e00320060b12000104078000004e00085
:10da340002003200e233020001000000b06e8000f8
:10da4400614060000080fb0061006000a16e800006
:10da54000100a10001007000a06e8800b06e80007b
:10da64000000d100614060000080fb0061006000a4
:10da740000004000a16e80000110a10001007000b0
:10da8400a06e8800b06e80004200de00614060003d
:10da94000080fb00610060004200dd00a16e800098
:10daa4000120a10001007000a06e8800b06e80000b
:10dab4004300de00614060000080fb006100600004
:10dac4004300dd00a16e80000130a1000100700060
:10dad400a06e8800b06e80004400de0061406000eb
:10dae4000080fb00610060004400dd00a16e800046
:10daf4000140a10001007000a06e8800b06e80009b
:10db04004800de00614060000080fb0061006000ae
:10db14004800dd00a16e80000180a10001007000ba
:10db2400a06e8800b06e80004900de006140600095
:10db34000080fb00610060004900dd00a16e8000f0
:10db44000190a10001007000a06e8800b06e8000fa
:10db54004a00de00614060000080fb00610060005c
:10db64004a00dd00a16e800001a0a1000100700048
:10db7400a06e8800b06e80004b00de006140600043
:10db84000080fb00610060004b00dd00a16e80009e
:10db940001b0a10001007000a06e8800709b80009d
:10dba40051062000810f5000e3023200510620008c
:10dbb400810f50001f003e00ea0f5000d4013200d4
:10dbc400ea0f50000c003e00e40f50003001320018
:10dbd400e40f500003003e000000e0004300320068
:10dbe40089043700e50f50003b013200e60f500076
:10dbf400aa01320084043700f40f50006902320095
:10dc0400f40f500005003e00eb0f50001c023200e0
:10dc1400ec0f50003e0232007b043700f50f500039
:10dc24007b02320041062000810f5000ae02320018
:10dc340075043700c1072000810f5000b90332007a
:10dc4400c1072000810f500014003e0091072000fe
:10dc5400810f50001403320091072000810f5000ff
:10dc640007003e0061062000810f5000d2023200fe
:10dc740081072000810f5000fa023200620437004d
:10dc8400a1072000810f500084033200b107200057
:10dc9400810f5000900332005b043700e10b200039
:10dca400810f5000f8033200e10b2000810f500077
:10dcb40007003e00d1072000810f5000ab03320063
:10dcc400e1072000810f5000e50332004e043700c5
:10dcd400f10b2000810f5000fc033200a10f200043
:10dce400810f5000110432004704370000812000e6
:10dcf400104078000004e0000700320040d9200002
:10dd040010407800e24f500003003a0010812000d8
:10dd140011c0b30001487800f6b802000100000009
:10dd24000004e000c8003a00501f220010407800b0
:10dd34000004e000c4003a00e0b320008040eb009f
:10dd44000148780040d9200010407800e24f50008c
:10dd54000800320000da200010407800e14f500043
:10dd640027003a0020498100610060000000e000c3
:10dd740023003a0000812000104078000004e000f5
:10dd840019003a0060e82b0084d60200010000006c
:10dd9400e0b3200010407800804078000114a00017
:10dda400e0b320000148780040d9200031c0b3001e
:10ddb40001487800002b2100104078008080fb008f
:10ddc40000042000008060000000e0000c0032002d
:10ddd40040e92b0084d60200010000004006200028
:10dde400709b8800060037001081200011c0b3002a
:10ddf4000148780040d9200041c0b30001487800b0
:10de040050d9200010407800e24f50000800320042
:10de140000da200010407800e24f50000d003a0074
:10de240020498100610060000000e00009003a0020
:10de3400e0b3200010407800804078000124a00066
:10de4400e0b320000148780050d9200031c0b3006d
:10de54000148780060d9200010407800e24f50005b
:10de64000800320000da200010407800e34f500030
:10de74000d003a0020498100610060000000e000cc
:10de840009003a00e0b32000104078008040780098
:10de94000134a000e0b320000148780060d92000dc
:10dea40031c0b3000148780070d9200010407800d8
:10deb400e24f50000800320000da200010407800e1
:10dec400e44f50000d003a002049810061006000d9
:10ded4000000e00009003a00e0b3200010407800a0
:10dee400804078000144a000e0b32000014878009d
:10def40070d9200031c0b3000148780000da200056
:10df0400104078000004e00007003200204981003e
:10df1400610060000000e00003003a0000da200025
:10df24008040eb0001487800e0b320001040780006
:10df34000004e00042003200f0fd200011c0b300f4
:10df440001487800f0d8200090407800a0c5b300c4
:10df540080cf500036003200a00d2200904078009f
:10df640010c3b30080cf500005003200a00d220082
:10df74009040780050c3b30080cf50002c003a008a
:10df8400c0bc22008040eb000148780050bc220055
:10df94008040eb0001487800b0bc220080c0eb0058
:10dfa400014878000029210081c2b30001487800ab
:10dfb400002b2100104078008080fb00000420002a
:10dfc400008060000000e00005003a0010ea2b0029
:10dfd40084d602000100000050002000709b8800dd
:10dfe400e080200011c8b30001487800e0cb220093
:10dff400104078000080fb00640060000000e00036
:10e004000f003200e0d82000104078000080fb00b0
:10e01400640060000000e0000800320011c0b3009a
:10e0240010c0b3000cd90200010000000400370046
:10e03400e00b2000709b8800010037000000000006
:10e044000000000098033700701d22001040780083
:10e05400e24f50006f033a00e00d8100620060005f
:10e064000000e0006d03320040d920001040780029
:10e07400e24f50006b033a00f0ea2b0084d6020012
:10e084000100000060002000709b880086033700b8
:10e09400c0bc2200104078008040e800c0bc2200d0
:10e0a40001487800c0bc220010407800e94f5000bd
:10e0b4000600360040012000709b8800c0bc22008e
:10e0c4008040eb00014878007703370050002000bf
:10e0d400709b880074033700c0bc22001040780095
:10e0e4000004e0004d003a00a0b922008040eb009b
:10e0f400014878000060fe00c0bc22001040780097
:10e104000080fb00105e8900105e81004600dd0087
:10e11400105e8900105e81001004b000105e89005a
:10e12400105e810025cb220044cb220073bc220068
:10e1340012c0b3008000780000cab300dc90020073
:10e144000100000070bc220090407800e0b3200081
:10e154001040780000c060000004e000230032009a
:10e16400920120008000eb0000b82200c8040200e5
:10e174000000000001b82200105e8100630040002e
:10e1840024cb220043cb22000101780080007800d8
:10e1940000cab300c0d002000100000090b9220000
:10e1a4008040eb000148780000b82200104078005d
:10e1b4000004e0000d00320000b822001ad302006f
:10e1c400010000000000e00008003200a0b92200b5
:10e1d400104078008040e800a0b92200014878008f
:10e1e40070ed2b0084d6020001000000c0bc2200a8
:10e1f400104078008040e800c0bc2200014878004c
:10e20400c0bc220010407800e94f5000baff36002d
:10e21400c0bc22008040eb0001487800c0bc220052
:10e22400104078000080fb00105e8900105e8100c1
:10e234004600dd00105e8900105e81001004b0000d
:10e24400105e8900105e810025cb220044cb2200a1
:10e2540073bc220012c0b3008000780000cab3006f
:10e26400dc9002000100000070bc220090407800a5
:10e27400e0b320001040780000c060000004e0001b
:10e2840003003200a0002000709b880006033700c2
:10e2940040002000709b88000303370040d9200011
:10e2a40010407800e34f500003003a0040d92000aa
:10e2b40041c0b3000148780040d9200010407800e4
:10e2c400e24f500003003a0040d9200031c0b300af
:10e2d4000148780040d92000104078000004e00094
:10e2e400d2023a0080dd200011c0b300014878005a
:10e2f40000cd020000000000a00f2000709b8800e9
:10e3040050ee2b0084d6020001000000e602370024
:10e31400920120008000eb00b0b92200c804020082
:10e3240000000000b1b92200105e810072004000bc
:10e3340024cb220043cb2200010178008000780026
:10e3440000cab300c0d002000100000040bb22009c
:10e354008040eb0001487800b0b9220010407800fa
:10e364000004e0001d003200105e81000080e8001f
:10e3740025cb220044cb220043bc220012c0b300b0
:10e384008000780000cab300dc90020001000000a5
:10e39400c20020008000eb0050bb2200c804020031
:10e3a4000000000051bb2200105e81001002b0008a
:10e3b40025cb220044cb220081017800c2c0b300e7
:10e3c4008000780000cab300dc9002000100000065
:10e3d40010bc22008040eb0001487800b0bc220051
:10e3e40010407800e14f40001f003a0092012000e5
:10e3f4008000eb0000b82200c80402000000000006
:10e4040001b82200105e81006300400024cb22008a
:10e4140043cb2200010178008000780000cab300d9
:10e42400c0d002000100000090b922008040eb003f
:10e434000148780000b82200104078000004e00091
:10e444000900320000b822001ad3020001000000c3
:10e454000000e00004003200c0bc220090407800bc
:10e46400b0bc220001487800b0002000709b8800f6
:10e474000029210041c1b300014878008a02370015
:10e48400b0b92200104078000004e000140032000b
:10e4940050bb2200104078000004e000100032005d
:10e4a40020498100610060000000e0000e003a0095
:10e4b400c0bc22001040780052bb2200b1b9220037
:10e4c40006c6020000000000c0002000709b880007
:10e4d4000029210041c1b30001487800020037003f
:10e4e400c0002000709b88000029210010407800a3
:10e4f4000004e0004f023a00c0002000709b880036
:10e504000029210041c1b3000148780066023700a8
:10e51400b0b92200104078000004e0001800320076
:10e5240040bc2200104078008080fb0000022000e4
:10e53400008060000000e0001100320020498100ea
:10e54400610060000000e0000f003a00c0bc22003f
:10e5540010407800b1b92200d6ca020000000000c1
:10e564000004e0000300320050bc220011c0b300dc
:10e574000148780040002000709b880002003700aa
:10e5840040002000709b8800002921001040780082
:10e594000004e00029023a0040002000709b88003b
:10e5a40041023700e0fd2000104078000004e00044
:10e5b40024023a0050bc2200104078000004e0001d
:10e5c4000d00320050012000709b880070c5b3001c
:10e5d400443b02000100000060bc2200c1c3b30040
:10e5e40001487800813e2000f0c0b3002069020099
:10e5f400010000002c02370070ef2b0084d60200cb
:10e604000100000080072000709b8800260237006c
:10e6140070c5b300443b02000100000060bc22004e
:10e62400104078008040e90060bc22000148780076
:10e6340060bc2200104078000004e00016003200a4
:10e64400e8d6020001000000b0f02b0084d60200de
:10e654000100000060bc2200104078000041eb0083
:10e66400c1c82000d2a0020001000000c0c82000e0
:10e6740084d602000100000070f12b0084d6020051
:10e6840001000000813e2000f0c0b30020690200b8
:10e69400010000000700370080072000709b8800fd
:10e6a400e8d602000100000090f12b0084d602009d
:10e6b40001000000f6b8020001000000e34f500022
:10e6c40008003a00a00f2000709b8800e8d60200e2
:10e6d4000100000080f32b0084d60200010000003a
:10e6e400f1013700f001370000e8230050408800b2
:10e6f40070f42b0084d602000100000000cd02005b
:10e704000000000083192000120020008040eb006c
:10e7140040f72b0074cc02000000000050062000db
:10e72400709b880001192000f0c0b300206902002a
:10e7340001000000dc013700504080000000e000d0
:10e7440005003a000000eb00709b880000f82b00e5
:10e7540084d602000100000040d920001040780057
:10e76400e34f500003003a0040d9200041c0b300f9
:10e774000148780040d9200010407800e24f500052
:10e7840003003a0040d9200031c0b30001487800aa
:10e7940040d92000104078000004e000ab013a00aa
:10e7a40060062000709b8800e0f92b0084d60200ec
:10e7b40001000000bc013700504080000000e00070
:10e7c40005003a000000eb00709b880010fb2b0052
:10e7d40084d602000100000040d9200010407800d7
:10e7e400e34f500003003a0040d9200041c0b30079
:10e7f4000148780040d9200010407800e24f5000d2
:10e8040003003a0040d9200031c0b3000148780029
:10e8140040d9200010407800e14f50008d013600af
:10e82400c0bc22008040eb0001487800e0b3200027
:10e8340010407800804078000114a000e0b320006c
:10e844000148780000cd02000000000050002000c4
:10e85400709b8800f0fc2b0084d6020001000000ad
:10e8640091013700b0bc220090407800c0bc220067
:10e8740001487800b0bc220010407800e14f40000d
:10e884000600320090072000709b880000292100b8
:10e89400e1c1b3000148780083013700a00f2000d4
:10e8a400709b880080013700701d220010407800a2
:10e8b4000004e0000b003a00501f220010407800d2
:10e8c4000004e00007003a00d00e810062006000fe
:10e8d4000000e00003003200d00e81000010a1000f
:10e8e400d00e890010d92000104078000080fb0071
:10e8f40061006000004078000004e0006000320025
:10e90400c0bc2200104078000080fb00105e89002b
:10e91400105e81004600dd00105e8900105e8100fb
:10e924001004b000105e8900105e81000000e80051
:10e9340025cb220044cb220083bc220012c0b300aa
:10e944008000780000cab300dc90020001000000df
:10e95400c0bc2200104078000080fb00105e8900db
:10e96400105e81004600dd00105e8900105e8100ab
:10e974001004b000105e8900105e810025cb2200d7
:10e9840044cb220073bc220012c0b3008000780084
:10e9940000cab300dc9002000100000070bc220039
:10e9a400104078008080fb0000042000008060009c
:10e9b4000000e00004003200a0bc220011c0b3003b
:10e9c4000148780003003700a0bc22008040eb001f
:10e9d4000148780070bc2200104078008080fb0061
:10e9e40000022000008060000000e000040032000b
:10e9f40090bc220011c0b300014878000300370026
:10ea040090bc22008040eb000148780010fe2b00ef
:10ea140084d6020001000000a0bc2200104278004d
:10ea2400a0b9220090417800c0bc220010407800b8
:10ea34000041e80080bc22009040780090bc220095
:10ea4400104078008043eb00044378008342780050
:10ea5400024278008041eb00014178008040780058
:10ea640000b822004a5202000100000000292100df
:10ea740041c1b30001487800a0072000709b8800c2
:10ea840000292100104078000004e000f3003a005f
:10ea9400e00b2000709b88000301370010d9200090
:10eaa400104078000080fb00620060000000e0007d
:10eab40002003200b0072000709b8800002921006a
:10eac400104078000004e000e6003a00e00b20006b
:10ead400709b8800f400370010d9200010407800a3
:10eae4008080fb0000022000008060000000e00045
:10eaf40002003200a00f2000709b880010d9200073
:10eb0400104078008080fb0000042000008060003a
:10eb14000000e000d5003200c0072000709b880090
:10eb2400e1003700c0bc2200104078008040e800bb
:10eb3400c0bc220001487800c0bc2200104078000c
:10eb4400e94f500006003600f0b722008040eb0089
:10eb540001487800e00b2000709b8800d200370049
:10eb6400d0072000709b8800cf003700c0bc220073
:10eb7400104078000080fb00105e8900105e810068
:10eb84004600dd00105e8900105e81001004b000b4
:10eb9400105e8900105e810025cb220044cb220048
:10eba40073bc220012c0b3008000780000cab30016
:10ebb400dc90020001000000c0072000709b880068
:10ebc40070bc220090407800e0b320001040780030
:10ebd40000c060000004e000a600320092012000a2
:10ebe4008000eb0000b82200c8040200000000000e
:10ebf40001b82200105e81006300400024cb220093
:10ec040043cb2200010178008000780000cab300e1
:10ec1400c0d002000100000090b922008040eb0047
:10ec24000148780000b82200104078000004e00099
:10ec34009200320000b822001ad302000100000042
:10ec44000000e0008f003200e0072000709b880085
:10ec54000029210041c0b300014878009200370028
:10ec640000292100104078000004e00087003a00e9
:10ec740090072000709b88000029210021c3b30065
:10ec84000148780088003700f00b2000709b880052
:10ec94000029210031c0b3000148780000cd0200f2
:10eca40000000000f0d8200090407800a0c5b30018
:10ecb40080cf50007700320011c0b3000004200060
:10ecc40038340200010000007700370000292100d9
:10ecd400104078000004e0000400320050d8200006
:10ece400104078000004e0006c003a00a00f2000ff
:10ecf400709b8800f0fd2000104078000004e000c4
:10ed040068003200f0b722008040eb000148780030
:10ed140093212000f20020008040eb0000002c0032
:10ed240074cc0200000000005f00370040d92000ce
:10ed340010407800e34f500009003a00e0b320008f
:10ed4400104078000080fb00620060000000e000da
:10ed54000300320040d9200041c0b30001487800cc
:10ed640050d9200010407800e34f500009003a00c9
:10ed7400e0b32000104078000080fb0064006000d5
:10ed84000000e0000300320050d9200041c0b3006d
:10ed94000148780060d9200010407800e34f50000b
:10eda40009003a00e0b32000104078000080fb0026
:10edb400680060000000e0000300320060d9200019
:10edc40041c0b3000148780070d920001040780099
:10edd400e34f500009003a00e0b3200010407800ef
:10ede4000080fb00700060000000e00003003200bf
:10edf40070d9200041c0b300014878000000eb0046
:10ee0400709b880028003700a00f2000709b8800aa
:10ee14002500370000000000230037000000000038
:10ee240021003700000000001f0037000000000030
:10ee34001d003700000000001b0037000000000028
:10ee44001900370000000000170037000000000020
:10ee54001500370000000000130037000000000018
:10ee640011003700000000000f0037000000000010
:10ee74000d003700000000000b0037000000000008
:10ee84000900370000000000070037000000000000
:10ee940005003700000000000300370000000000f8
:10eea40001003700000000000080fa0000000600a6
:10eeb4000000fa006000b800701289008112890015
:10eec4000000eb00901289006000b800a0128900d5
:10eed400b11289000080eb008080eb00c012890031
:10eee400d11289000000eb00e0128900f01e8100bd
:10eef4000070a100f01e8900f01e81000050a100e6
:10ef0400f01e8900f01e81000060a100f01e89003f
:10ef1400904522008040eb00014878009041220097
:10ef24008040eb0001487800f01e81000080a100c1
:10ef3400f01e8900f01e81000090a100f01e8900df
:10ef44000000eb00d03689000000eb00f0368900a9
:10ef54006000b8000037890011378900003e2200a4
:10ef64008040eb00014878006000b800101f890061
:10ef7400211f8900603e22008040eb000148780098
:10ef84000080eb008080eb002065890031658900fa
:10ef9400406e22008040eb0001487800207122007e
:10efa4008040eb00014878006000b800a038890078
:10efb400b13889006000b800c0388900d1388900b0
:10efc4006000b800e0388900f13889000139810017
:10efd400c0ff2f00008060000039890000398100e3
:10efe4000020a100003989000080fa00000006001a
:10eff4000000fa00f01e81000050a100f01e8900fc
:10f00400f01e81000060a100f01e890090452200de
:10f014008040eb0001487800904122008040eb00e2
:10f0240001487800f01e81000080a100f01e8900d4
:10f03400f01e81000090a100f01e89000000eb008a
:10f04400d03689000000eb00f03689006000b8007b
:10f0540000378900113789006000b800e038890062
:10f06400f138890001398100c0ff2f000080600061
:10f074000000a00000398900003981000020a100af
:10f08400003989000080fa00000006000a00fa0036
:10f0940010079800414798003207980043079800ea
:10f0a400a2388100b33881003e009000ce00900069
:10f0b400800f5100818f590024003100ce40900010
:10f0c400d0c2b30080cf500002003600d0c2b300db
:10f0d400404798000040eb00004f780009003700db
:10f0e4001e81fb001e80fb009e00900000804000fb
:10f0f40090407800406e22000000410001487800f2
:10f104001e4fe8004e4090009e40780080cf500093
:10f11400f3ff39004e4090008080fb00406e2200d7
:10f12400008040008040eb000148780020712200fc
:10f13400ce409000014878003e019000ce0190003e
:10f14400a2388900b33889000100370000000000ac
:10f154000080fa00000006000600fa00100798007c
:10f164004147980020712200104078000004e0001c
:10f174000500320020712200904078004e4090003b
:10f1840080cf5000020032000040eb00170037002f
:10f194000040eb00004f78000f0037001e80fb009a
:10f1a4009e00900000804000904078001e81fb008b
:10f1b4006049200000014100e024220000004100d9
:10f1c4001040780080cf5000020032000040eb0075
:10f1d400060037001e4fe8004e4090009e40780025
:10f1e40080cf5000edff390010c0b3000080fa005a
:10f1f400000006000600fa00008fbe0022079800f7
:10f204001e00be00c001dd00020020002e009000a0
:10f214008000eb0000007100818071000080fa0022
:10f22400000006000200fa00004f7800f0c2b300ac
:10f234009e40780080cf50000700360090c3b30092
:10f244009e40780080cf500003003e0000cdb30004
:10f254001e4040001700370000c4b3009e407800f1
:10f2640080cf50000700360060c4b3009e40780091
:10f2740080cf500003003e0090ccb3001e404000fd
:10f284000c00370000c6b3009e40780080cf5000c9
:10f294000700360060c6b3009e40780080cf50005f
:10f2a40003003e0090cab3001e4040000100370036
:10f2b40000c0eb000080fa00000006000400fa0021
:10f2c400100798001e00900010407800d5ff07003a
:10f2d400004f78001e0090000000e8001040780005
:10f2e400d0ff0700104798001e407800e14f40000f
:10f2f400030032001e409000e14f400002003a003b
:10f3040000c0eb00050037001e80fb004400dd0058
:10f31400804078001e40900000c070000080fa0019
:10f32400000006000a00fa00300798004107980020
:10f334003e029000ce02900000802f00f1ff2f00cb
:10f3440004037800050278008002780081007800c8
:10f3540005006300810062008101780000017800eb
:10f36400028fbe0020658100316581001e01be0050
:10f37400800f5100818f590002003a000040eb00d9
:10f384002d00370030002400003b88001e00780068
:10f39400103b88001e00be004008de00800078009c
:10f3a400f007200000806000203b880011048000ea
:10f3b4002107980083e0a90000000000000000007d
:10f3c40050052000303b8800a00a2000303b880014
:10f3d40061e7a80000000000000000000000000039
:10f3e400013b800000002800008060000000e00075
:10f3f400fbff3a0083e0a8000000000000000000ca
:10f404002e01900012048800013b800000002200bd
:10f41400008060000000e0000300320061a7a90042
:10f4240010c0b300040037001e01be00226589002d
:10f43400336589000040eb000080fa0000000600fc
:10f444001400fa00881f7800000f9800110f98002c
:10f454000e0990009e099000028fbe00a302800056
:10f464002307980000002000f10720001e03be00bf
:10f474000604780007037800800378008100780090
:10f4840007006400810063008102780000027800b4
:10f494000400be004008de0000007800a0028800de
:10f4a4009e007800310798003e0090001000ba00da
:10f4b400400798003e0090001080ba005007980062
:10f4c4002e019000a20288004e0090008000eb0004
:10f4d40060079800710798005e0090006102b80010
:10f4e400f00f2000010020000403780005027800da
:10f4f40080027800810078000500630081006200ca
:10f5040081017800000178000200be00c000dd0027
:10f51400000020006e019000fe01900000007100c8
:10f524008180710060079800710798006e00900058
:10f53400fe0090004f0478000080fa0000000600ee
:10f544004600fa00701f98000127980012279800bf
:10f55400232798007e1990008e219000c0ff2f0071
:10f56400f1ff2f0002037800030178008001780086
:10f57400810078000300630081006100810278004b
:10f5840000027800048fbe001e01be00220798000e
:10f594003307980022002000030020003e004100b1
:10f5a400ae80490040079800510798002e00900053
:10f5b400be009000a2ff0700600798007107980042
:10f5c4004e009000de0090009dff0700000f9800a1
:10f5d400110f9800020220000e0141006e009000fd
:10f5e400fe009000809fbe00a0402c00801f780089
:10f5f400020078009204020000000000e687570031
:10f60400000220000e00400084d602000100000029
:10f614001e219000ae2190006207980073079800a5
:10f6240010002400003b88001e007800103b880076
:10f634001e00be004008de0080007800f0072000b5
:10f6440000806000203b8800a3028000230f980004
:10f65400a00f2000a0028800ee009000310f980057
:10f664006e009000fe0090004008de0080007800ec
:10f67400f00f200000806000400f98000000eb00b5
:10f68400be0890000108bb000000eb00ce0890000b
:10f694000188bb000e099000320f98000e089000fc
:10f6a4009e0890004008de0080007800f00f2000e3
:10f6b40000806000400f980020002000be089000e9
:10f6c4000108bb0020002000ce0890000188bb0088
:10f6d400ae099000a302880011048000510f980025
:10f6e40083e0a90000000000000000005005200095
:10f6f400303b8800a00a2000303b880061e7a80066
:10f70400000000000000000000000000013b800039
:10f7140000002800008060000000e000fbff3a00c9
:10f7240083e0a80000000000000000005e099000d3
:10f7340012048800013b8000000022000080600069
:10f744000000e00006003200c0412c0084d6020014
:10f754000100000061a7a9000000eb0015003700bc
:10f764002e009000be00900035ff0700600f980047
:10f77400710f9800020220000e0141006e089000f3
:10f78400fe089000809fbe0080422c00801f7800fd
:10f79400020078009204020000000000e68757008f
:10f7a400000220000e00400084d602000100000088
:10f7b400100020000080fa00000006001000fa008b
:10f7c400500798006107980072079800603e220075
:10f7d4008040eb00014878007e0090000000e000cb
:10f7e40005003a00603e220011c0b30001487800d1
:10f7f40010c0b3006e0037005e009000ee00900071
:10f80400c8fe07000004e00005003200603e22004c
:10f8140021c0b3000148780020c0b3006400370061
:10f8240020002400003b8800a102800011079800fa
:10f83400a00f2000a00288005e009000103b88000a
:10f844005e009000ee0090004008de00800078002a
:10f85400f007200000806000203b88000000eb00df
:10f86400000f7800260037001e0078006300b900fe
:10f8740000007800fe0090000080400010407800f6
:10f884000080fb00200798001e0078006300b90088
:10f89400000078000000e800fe00900000804000b6
:10f8a400104078000080fb004800dd00ae009000ae
:10f8b40001007000200798001e0078006300b90062
:10f8c400000078000080e800fe0090000080400006
:10f8d400104078000080fb00300798001e0078007c
:10f8e40000004000ae0090000108bb001e0078003c
:10f8f40000004000be0090000188bb001e0fe8001d
:10f904009e007800f0072000808f5000d6ff36005c
:10f914009e009000a1028800110480004107980015
:10f9240083e0a90000000000000000005005200052
:10f93400303b8800a00a2000303b880061e7a80023
:10f94400000000000000000000000000013b8000f7
:10f9540000002800008060000000e000fbff3a0087
:10f9640083e0a8000000000000000000ce0090002a
:10f9740011048800013b8000000022000080600028
:10f984000000e0000600320061a7a900603e2200ea
:10f9940031c0b3000148780030c0b3000400370020
:10f9a400603e22008040eb00014878000040eb00fc
:10f9b4000080fa00000006000a00fa0040079800e0
:10f9c4006000b800008fbe00ce009000f0ff200061
:10f9d40000806000200798002e0090008080ea00dc
:10f9e400f0ff200000806000300798002e00900097
:10f9f4008000eb00008fbe003e0090006101b80063
:10fa04004c18dd00c410de00810070004c10dd00d5
:10fa14001e1f70001e9770001e00be000080fa00ba
:10fa2400000006001000fa00e0432c0084d6020017
:10fa340001000000013b80000040200000806000c5
:10fa44000000e0000b00320060452c0084d6020068
:10fa540001000000c0ff250051042000008fbe00fb
:10fa6400c0ff2500510020002007980031079800ae
:10fa74000a00370050462c0084d602000100000022
:10fa8400c0ff250051002000008fbe00c0ff2500ec
:10fa94005104200020079800310798000000eb0073
:10faa400c5ff070040079800510798001000200088
:10fab400c1ff070060079800710798004e0190008d
:10fac400de0190002e009000be0090009cfe070016
:10fad4000000e00002003a000000eb0009003700db
:10fae4006e019000fe0190001e00be0094fe07000f
:10faf4000000e00002003a000000eb0001003700c3
:10fb0400100020000080fa00000006000600fa0041
:10fb1400200798002e00900090407800a0c3b30006
:10fb240080cf50000200320010c0b3002a0037001a
:10fb340010002000000f7800200037001e0078001d
:10fb4400ae009000008040001040780020479800ec
:10fb5400ae409000f0c2b30080cf500004003400e7
:10fb6400ae40900090c3b30080cf50001200340028
:10fb7400ae40900000c4b30080cf500004003400b5
:10fb8400ae40900060c4b30080cf50000a0034003f
:10fb9400ae40900000c6b30080cf50000400340093
:10fba400ae40900060c6b30080cf50000200340025
:10fbb40010c0b300080037001e0fe8001e007800d4
:10fbc400ae00900000804000104078000004e00087
:10fbd400daff3a000040eb000080fa000000060063
:10fbe4000e00fa00881f7800600798006e009000ed
:10fbf40090407800a0c3b30080cf500002003200d0
:10fc040010c0b3007d0037006e0090000000e800d3
:10fc1400aafd070040479800ce40900000c2b30000
:10fc240080cf50000200360010c0b30073003700cc
:10fc34006e00900067004000a0fd07005047980048
:10fc44005e409000e54f50000200360010c0b30043
:10fc54006a0037006e0090006300400097fd0700c3
:10fc64000080fb004804dd006e0090006500400049
:10fc740092fd07000080fb00080070003007980028
:10fc84000040eb00004f78004e4090001e4f4000b3
:10fc94003e0090004800de00004078001e4f400007
:10fca4003e009000004078001e4f40005e409000ef
:10fcb4001e4f40000000eb00100798001c003700a6
:10fcc4001e0090000000400069004000ee0090001b
:10fcd4000080400079fd0700004f98009e009000ce
:10fce40030002800008060000000e00004003d00b7
:10fcf4000000e900c1ff2f00008070000000e80050
:10fd0400e30f500005003a000e4890000004e000a4
:10fd14000200320010c0b300380037000e489000d3
:10fd24001e4f40001e0090000000e80010079800dd
:10fd34004e4090008080fb001e009000808f500099
:10fd4400dfff3c004e4090000080fb0000004000bc
:10fd540069004000ee0090000080400057fd07005d
:10fd6400104f98001e40ea00204f9800ae489000c3
:10fd74001e48900080cf50000200320010c0b30033
:10fd84001e0037004e4090000080fb000000400041
:10fd94006b004000ee0090000080400010407800ae
:10fda400ea4f5000140032004e4090000080fb00e7
:10fdb400000040006b004000ee0090000080400016
:10fdc40010407800ed4f50000b0032004e40900080
:10fdd4000080fb00000040006b004000ee0090003b
:10fde40000804000104078000004e000020032006f
:10fdf40010c0b300010037000040eb004f0478004e
:10fe04000080fa00000006000800fa0020079800ad
:10fe1400614798006e409000e24f50002800360081
:10fe24002e0090000000e80024fd0700004f780039
:10fe340000c2b3009e40780080cf5000020036001c
:10fe440010c0b3001f0037001e407800004040007f
:10fe54006b40400010479800ee4090001e40900018
:10fe640080cf50000e0039002e0090005cff070088
:10fe74000004e0000500320040472c0084d6020054
:10fe84000100000020c0b3000e0037002e009000d7
:10fe94000e000700204798002e409000090037000c
:10fea4002e00900084d602000100000040482c007f
:10feb40084d602000100000010c0b3000100370026
:10fec40010c0b3000080fa00000006006e00fa00c3
:10fed400889fbe008a9fbe008c9fbe00503798004a
:10fee4000040eb00604f98005e3090000000e80096
:10fef400f2fc0700704f98005e30900063004000f1
:10ff0400eefc07000080fb004800dd00603798002d
:10ff14005e30900065004000e8fc07000080fb00b4
:10ff2400ee30900001007000000f98005e309000e9
:10ff340067004000e1fc0700205798002e50900015
:10ff44000004e0001f013a00f11e810000082000b7
:10ff5400008060000000e0001a013a00a012810055
:10ff6400b11281000e099000a2fc0700200f980036
:10ff7400310f98002e089000be0890008100d10037
:10ff84000080d300200f9800310f98002e099000b4
:10ff9400be0990000000200001042000020040007f
:10ffa40083804800400f9800510f98004e0990003c
:10ffb400de099000f0ef250051042000800f51006d
:10ffc400818f590013003600e01281000000e00028
:10ffd4000c003200c0128100d1128100e2252200ff
:10ffe400f6fd07000004e0000400320090c0b300f6
:10fff400604f98006e489000780137000000eb00d5
:020000040003f7
:10000400e0128900f01e81000070a000f01e89003b
:10001400ec003700c2128100d31281000080eb0093
:100024008080eb00800f5100818f590081003200e5
:10003400121f8100231f8100003e2200104078001f
:100044000080fb000000d100004078000080fb002d
:100054008000eb0002014000838148004e089000bc
:10006400de089000800f5100818f5900710032002a
:10007400f01e81004900de00614060008081fb00c9
:10008400101f8100211f8100e20220000e014100a7
:10009400831f7800809fbe004e089000de08900009
:1000a400809fbe00e0492c00801f78000200780089
:1000b4009204020000000000ec875700e0022000d8
:1000c4000e00400084d6020001000000e01281000e
:1000d4000000e0000c003200c0128100d112810047
:1000e400e2252200b5fd07000004e0000400320010
:1000f40090c0b300604f98006e48900037013700fd
:100104000000eb00e0128900f11e810000202000b5
:10011400008060000000e00004003a0030c0b3003a
:10012400604f98006e4890002c013700f01e81004b
:100134000090a100f01e8900008020000100200032
:10014400600f9800710f9800c2128100d3128100d1
:1001540000802f00f1ff2f000202780003017800d5
:100164008001780081007800030062008100610052
:1001740081067800000678000c00be001007980085
:10018400210798004e099000de09900000802f009e
:10019400f1ff2f000202780003017800800178004b
:1001a400810078000300620081006100810578000d
:1001b400000578000a00be00001798001117980087
:1001c400110037001e009000ae00900055fc07009f
:1001d4000004e00004003200a0c0b300604f9800a7
:1001e4006e489000fd0037001e019000ae019000a3
:1001f4006e089000fe0890000200400083804800d2
:1002040010079800210798001e019000ae0190008d
:100214000e1090009e109000800f5100818f5900a5
:10022400e8ff36000080eb008080eb00c0128900fc
:10023400d11289004e099000de099000121f890036
:10024400231f8900003e2200fe49900003487800e5
:10025400f01e81000090a100f01e89000000eb0058
:10026400000f7800530037009e0078006380600020
:10027400e30f50004d003200e01281000000e00066
:100284002c003a00c2128100d31281000080eb00de
:100294008080eb00800f5100818f590010003a00dc
:1002a4004e099000de09900000f02f00f1ff2f00ae
:1002b4000202780003017800800178008100780050
:1002c400030062008100610081047800000478006a
:1002d4000800be00c0128900d11289000600370050
:1002e400c0128100d11281000010b0000180b00062
:1002f400c0128900d11289000000eb003007980079
:1003040008003700be009000e02522000080400075
:1003140080c0eb00014878003e0090000000e80037
:1003240030079800be009000f0172000808f500026
:10033400f4ff3600ea1281001e007800000040003d
:1003440069004000de30900000804000dbfb0700c5
:10035400e12522008100450080487800e0128100f8
:100364000000e800e0128900e1128100001820007a
:10037400808f50000e003a00c0128100d11281001b
:10038400e22522000dfd07000004e0000400320015
:1003940080c0b300604f98006e4890008f00370013
:1003a4000000eb00e01289000100370000000000ab
:1003b4001e0fe8007e4890000080fb009e0f500056
:1003c400a9ff3e002e5090000004e00064003a00b3
:1003d400f11e810000082000008060000000e000a1
:1003e4005f0032007e489000e44f50000500360064
:1003f400504d2c0084d602000100000030c0b30030
:1004040076003700a0128100b11281000e0990001d
:1004140078fb070020179800311798002e109000e1
:10042400be1090008100d1000080d30020179800f6
:10043400311798002e119000be119000000020008a
:100444000104200002004000838048004017980007
:10045400511798004e119000de119000c0ff250046
:1004640051042000800f5100818f59000200360092
:100474000040eb00590037006000b80040079800c6
:10048400510798000000eb00600798001400370043
:100494006e0090000000400069004000de309000d3
:1004a4000080400085fb07008080fb006e00900008
:1004b4004300dd000008dd00cf80de004e01900027
:1004c400de019000000071008180710040079800f7
:1004d400510798006e0090000000e8006007980043
:1004e4007e4890008080fb006e009000808f50005a
:1004f400e7ff3c00e20220000e0141004e009000a4
:10050400de009000809fbe004e109000de10900030
:10051400809fbe00c0502c00801f7800020078002d
:100524009204020000000000ea875700e002200065
:100534000e00400084d60200010000004e0190002d
:10054400de0190004e109000de109000fcfb0700ce
:100554000000e0001f003a0010c0b3001f00370085
:100564002e509000e44f500013003a005e3090008b
:100574006900400051fb07000080fb004804dd00d7
:100584005e3090006b0040004cfb07000080fb00d5
:1005940008007000601798006e1090008000eb0057
:1005a400a0128900b1128900f01e81000090a00001
:1005b400f01e8900080037002e509000e14f5000d3
:1005c40005003a00f01e81000050a000f01e8900d2
:1005d40001003700000000000040eb004f06be00a1
:1005e4004f05be004f04be000080fa000000060064
:1005f4006401fa00889fbe008a9fbe008c9fbe00e3
:10060400001f9900111f99006000b800001798009e
:10061400111798006000b80020179800311798004f
:100624005f003700ae1090001e18910001004000da
:10063400104078000081fb008001eb000e10900058
:100644004200dd00000047000003b0000288be0045
:100654000e109000c200dd00000320000e004000d8
:10066400010040001000be004809dd00c801de00a2
:10067400830171004801dd002e1090008000e80025
:100684001e18910001004000104078000080fb001b
:100694008000eb0000017100818171000e10900058
:1006a4004200dd00000047000003b0000288be00e5
:1006b4000e109000c200dd00000320000e00400078
:1006c400010040001000be004809dd00c801de0042
:1006d400830171004801dd002e1090008080e80045
:1006e4001e18910001004000104078000080fb00bb
:1006f4008000eb0000017100818171000e109000f8
:100704004200dd00000047000003b0000288be0084
:100714000e109000c200dd00000320000e00400017
:10072400010040001000be004809dd00c801de00e1
:10073400830171004801dd002e109000e3004000a9
:100744001e18910001004000104078000080fb005a
:100754008000eb0000017100818171000e10900097
:100764004200dd00000047000003b0000288be0024
:100774000e1090009e10900061004000e080480040
:1007840000179800111798002e109000be109000ca
:1007940064004000e080480020179800311798005a
:1007a4000e1190009e119000f00020000100200026
:1007b400800f5100818f59009aff36008500370061
:1007c4000e1090009e10900062005000e0805800cf
:1007d400c200dd00000320000e00400001004000c4
:1007e4001000be008001d1004f09dd0083037100b9
:1007f4000101d1004f00dd00020370000e109000d3
:100804009e10900062005000e0805800c200dd009d
:10081400000320000e004000010040001000be0054
:10082400c301de004d09dd00830471004309de00cd
:100834004d00dd000204700008016b0089816b002b
:100844000e1090009e10900062005000e08058004e
:10085400c200dd00000320000e0040000100400043
:100864001000be00460add004a00de0000007200ef
:10087400ca08de0000016900818169000e10900041
:100884009e10900067005000e0805800c200dd0018
:10089400000320000e004000010040001000be00d4
:1008a40002024000838248000e1090009e109000c7
:1008b4006f005000e0805800c200dd0000032000fb
:1008c4000e004000010040001000be00c901dd0020
:1008d4004709de00830571004909dd004700de0099
:1008e400020570000e1090009e1090006f005000e2
:1008f400e0805800c200dd00000320000e0040002c
:10090400010040001000be00c201de004e09dd00ff
:10091400830671004209de004e00dd00020670000d
:100924000c016d008d816d00023799001337990019
:100934000e1090009e1090006f005000e080580050
:10094400c200dd00000320000e0040000100400052
:100954001000be00cd09dd004300de000080710000
:10096400c308de000e3191009e3191000000690041
:100974008180690004014000858148000e109000c8
:100984009e10900070005000e0805800c200dd000e
:10099400000320000e004000010040001000be00d3
:1009a40002014000838148000e1090004200dd00e7
:1009b400000047000003b0000288be000e10900043
:1009c4009e10900061004000e080480000179800ed
:1009d400111798000e1190009e119000f003200052
:1009e40001002000800f5100818f590074ff3600f0
:1009f4000e18910060229000f0229000048fbe0037
:100a04000e189100002b9000902b90002607980060
:100a1400370798000e18910020299000b029900003
:100a240042079800530798000e189100402a90003e
:100a3400d02a900064079800750798000e1891005a
:100a4400602b9000f02b9000060f9800170f980071
:100a54000e1891000031900090319000220f980000
:100a6400330f98000e18910020329000b03290009d
:100a7400440f9800550f98000e18910040339000d1
:100a8400d0339000660f9800770f98006000b8008c
:100a94000017980011179800ee0037000e08900018
:100aa400ca00dd001e0890004600de000100700050
:100ab400301f99001e089000ca00dd000e08900047
:100ac4004600de0001007000201f99000e0890000f
:100ad400c500dd001e0890004b00de000100700020
:100ae400501f99001e089000c500dd000e089000fc
:100af4004b00de0001007000401f99002e1a910087
:100b0400be1a91004e1b9100de1b910006016a0083
:100b140087816a000e089000c900de001e0890005c
:100b24004700dd0001007000701f99001e0890004e
:100b3400c900de000e0890004700dd0001007000cf
:100b4400601f99006e1a9100fe1a91000401690059
:100b5400858169006e089000fe0890000204400040
:100b6400838448000e0890009e0890002e0990008f
:100b7400be099000800278000102780082007800ab
:100b840003007800818062000000620070279900f1
:100b9400612799006e239100fe2391000e089000b6
:100ba4009e0890000080ea008180ea004e099000cf
:100bb400de0990008002780001027800820078004b
:100bc400030078008180620000006200102f990009
:100bd400012f99000e2891009e28910000006b00bf
:100be40081806b0008014000898148000e1090004c
:100bf400c200dd0000532c00008040001000be0045
:100c040002014000838148000e109000c200dd0004
:100c1400000320000e004000010040001000be0050
:100c24000200400083804800401798005117980044
:100c34001e007800ce00dd001e0090004200de00a1
:100c440001007000102799001e009000ce00dd0006
:100c54001e0078004200de000100700000279900a9
:100c64001e007800c300dd001e0090004d00de0071
:100c740001007000302799001e009000c300dd00c1
:100c84001e0078004d00de0001007000202799004e
:100c94000e2391009e2391002e229100be229100ea
:100ca40004016b0085816b001e007800c600de0025
:100cb4001e0090004a00dd000100700050279900da
:100cc4001e009000c600de001e0078004a00dd0011
:100cd40001007000402799004e239100de2391000b
:100ce40006046900878469002e019000be0190000b
:100cf4001e00be00800278000102780082007800a5
:100d0400030078008180620000006200302f9900a7
:100d1400212f99002e2b9100be2b91004e019000a3
:100d2400de0190001e00be008002780001027800ff
:100d34008200780003007800818062000000620075
:100d4400502f9900412f99004e289100de289100e0
:100d540000036b0081836b002e009000be009000a6
:100d64004e019000de0190008002780001027800bc
:100d74008200780003007800818062000000620035
:100d8400702f9900612f99006e289100fe28910020
:100d940000006b0081806b000800400089804800df
:100da40060179800711798004e099000de099000b2
:100db400620f9800730f98002e0a9000be0a9000ec
:100dc400440f9800550f98000e0b90009e0b900056
:100dd400260f9800370f98006e019000fe019000d6
:100de4004e109000de109000020040008380480006
:100df400000f9800110f98004e019000de01900042
:100e040062079800730798002e029000be029000bb
:100e140044079800550798001e03be002607980053
:100e2400370798004e119000de1190006e1090006c
:100e3400fe109000001f4100019749000e10900021
:100e44009e10900061004000e08048000017980068
:100e5400111798000e1190009e119000f0032000cd
:100e640001002000800f5100818f59000bff3600d4
:100e74000e189100f0209000602090003e01400088
:100e8400ae8148000200be000e1991006021980056
:100e9400712198000e18910000299000902990006b
:100ea4002e009000be0090000200400083804800a5
:100eb4000e19910000299800112998000e1891002c
:100ec40020299000b02990004e009000de00900090
:100ed40002004000838048000e19910020299800e8
:100ee400312998000e18910040299000d0299000d3
:100ef4006e009000fe0090000200400083804800d5
:100f04000e19910040299800512998000e1891005b
:100f140060299000f02990000e0890009e0890002f
:100f240002004000838048000e1991006029980057
:100f3400712998000e1891000031900090319000b2
:100f44002e089000be0890000200400083804800f4
:100f54000e19910000319800113198000e1891007b
:100f640020319000b03190004e089000de089000cf
:100f740002004000838048000e199100203198003f
:100f8400313198000e18910040319000d03190001a
:100f94006e089000fe089000020040008380480024
:100fa4000e19910040319800513198004f06be004f
:100fb4004f05be004f04be000080fa00000006008a
:100fc4000200fa00000f78001e0178006000b800eb
:100fd40000219800112198001e0278006000b800da
:100fe4006011b80020229800312298004222980013
:100ff400532298001e01780070662e0091a02600ee
:1010040060219800712198001e01780050e82a00a0
:1010140071b62b0000299800112998001e01780050
:1010240020372f00e1c62300202998003129980099
:101034001e017800a0532f00f1542a004029980083
:10104400512998001e017800f0272500e1102500a1
:1010540060299800712998001e017800c088260034
:1010640051b0290000319800113198001e01780018
:10107400b09a2d0031f821002031980031319800c8
:101084001e01780090d12c0001be2500403198004b
:10109400513198000080fa00000006000a00fa00ae
:1010a4002007980031079800420798006000b800b4
:1010b400008fbe00370037002e0090009020900073
:1010c400002090001e017800be01900002814100c2
:1010d40012417800ae01900000804100024878007f
:1010e4002e009000902090000020900061004000ad
:1010f400e08048002e019000002198001121980002
:101104002e00900000219000902190000004200007
:1011140001002000800f5100818f590019003a000e
:101124002e009000800078002e00900030fd070013
:101134002e00900020229000b022900040239000c6
:10114400d023900000202000010020006011b8008e
:101154000000420081804a0002014b0083814b0061
:101164002e029000202298003122980042229800fa
:10117400532298002e0190006000b80000219800ce
:101184001121980012002000030020001e0f4100ce
:101194005e9749004e0090008000eb00be0f5000a7
:1011a400ae8f5800c4ff3e000080fa000000060025
:1011b4000800fa0020079800310798002e009000dc
:1011c4000021900090219000028fbe002e0090001c
:1011d4000021900090219000700320000100200065
:1011e400800f5100818f590018003e002e0090009e
:1011f4001e00400001c8b30001487800120020001e
:10120400030020001e0f41005e97490008003700cc
:101214002e0090001e0040008040eb000148780042
:1012240012002000030020001e0f41005e974900b9
:1012340070032000010020001e01be00800f510039
:10124400818f5900f2ff3600200037002e009000f5
:101254001e00400001c8b3000148780012002000bd
:10126400030020001e0f41005e974900080037006c
:101274002e0090001e0040008040eb0001487800e2
:1012840012002000030020001e0f41005e97490059
:10129400f0032000010020001e01be00800f510059
:1012a400818f5900f2ff36002e00900080007800f4
:1012b4002e009000cefc07002e0090008203200038
:1012c4008000eb00c8040200000000002e00900023
:1012d40020229000b022900040239000d023900060
:1012e4002e00900000219000902190004318dd0012
:1012f400cd10de00810070004310dd006011b800e5
:101304000000420081804a0002014b0083814b00af
:101314002e02900020229800312298004222980048
:10132400532298002e009000b0209000402190009d
:10133400d021900020209000804078002e00900062
:10134400717898002e009000b02090004021900009
:10135400d0219000202090004800de00480add00e3
:1013640000007200804078002e00900061789800a0
:101374002e009000b020900040219000d0219000d9
:101384002020900001007800804078002e0090001a
:10139400517898002e009000b020900040219000d9
:1013a400d0219000202090004808de004812dd0083
:1013b40000007200804078002e0090004178980070
:1013c4002e009000b020900040219000d021900089
:1013d4002020900002007800804078002e009000c9
:1013e400317898002e009000b020900040219000a9
:1013f400d0219000202090004810de00481add0023
:1014040000007200804078002e009000217898003f
:101414002e009000b020900040219000d021900038
:101424002020900003007800804078002e00900077
:10143400117898002e009000b02090004021900078
:10144400d0219000202090004818de0080407800d1
:101454002e009000017898002e0090008000780003
:101464002e00900062fc07006000b800008fbe00f0
:10147400cb0037001e007800be00900000824000c0
:101484002e00900060219000f02190009e007800d2
:1014940080ff2f000088b900000078007800400029
:1014a400800278007083120004003b000603ea0007
:1014b4000618de008000eb0004003700061bdd0088
:1014c4000510de00000073008518de00004078007f
:1014d400004a78001e00780064004000be009000be
:1014e400008240002e009000002990009029900076
:1014f4009e00780080ff2f000088b900000078006b
:1015040078004000800278007083120004003b00e1
:101514000603ea000618de008000eb000400370032
:10152400061bdd000510de00000073008518de00d8
:1015340000407800004a78001e00780068004000ef
:10154400be009000008240002e00900020299000f0
:10155400b02990009e00780080ff2f000088b90019
:101564000000780078004000800278007083120048
:1015740004003b000603ea000618de008000eb00ce
:1015840004003700061bdd000510de0000007300b8
:101594008518de0000407800004a78001e007800bc
:1015a4006c004000be009000008240002e009000bd
:1015b40040299000d02990009e00780080ff2f00e1
:1015c4000088b900000078007800400080027800ac
:1015d4007083120004003b000603ea000618de00d4
:1015e4008000eb0004003700061bdd000510de0060
:1015f400000073008518de0000407800004a78007f
:101604001e00780070004000be0090000082400080
:101614002e00900060299000f02990009e00780030
:1016240080ff2f000088b900000078007800400097
:10163400800278007083120004003b000603ea0075
:101644000618de008000eb0004003700061bdd00f6
:101654000510de00000073008518de0000407800ed
:10166400004a78001e00780074004000be0090001c
:10167400008240002e0090000031900090319000d4
:101684009e00780080ff2f000088b90000007800d9
:1016940078004000800278007083120004003b0050
:1016a4000603ea000618de008000eb0004003700a1
:1016b400061bdd000510de00000073008518de0047
:1016c40000407800004a78001e007800780040004e
:1016d400be009000008240002e0090002031900057
:1016e400b03190009e00780080ff2f000088b90080
:1016f40000007800780040008002780070831200b7
:1017040004003b000603ea000618de008000eb003c
:1017140004003700061bdd000510de000000730026
:101724008518de0000407800004a78001e0078002a
:101734007c004000be009000008240002e0090001b
:1017440040319000d03190009e00780080ff2f003f
:101754000088b9000000780078004000800278001a
:101764007083120004003b000603ea000618de0042
:101774008000eb0004003700061bdd000510de00ce
:10178400000073008518de0000407800004a7800ed
:1017940012002000030020001e0f41005e97490044
:1017a4001e01be003000200001002000800f510007
:1017b400818f59002fff36000080fa0000000600d8
:1017c4009600fa00108f9800218f98000e80e80090
:1017d400fbfd07001e889000c80502000000000001
:1017e400000f78001e0178009e8890000e80e800ab
:1017f4002afe0700110720008e8040000e80e800ba
:101804006bfe07000000eb00000f78001b003700a0
:10181400100720000e0040001e0040001040780019
:101824008080fb00e00620000e004000811f78004d
:1018340001632c00811f7800920402000000000064
:10184400e48757001e00780000004000ae88900036
:1018540000804000eee89000014878001e00780007
:10186400000040000000e800ae88900000804000c6
:10187400fee89000014878001e0fe8001e00780082
:10188400ff0f5000e2ff34002e8890000004b000e7
:101894008040eb00014878000080fa000000060058
:1018a4006e00fa0050379800613798000000eb0092
:1018b400000f78000000eb00100798005e309000e5
:1018c400c805020000000000ec0f500073003a004d
:1018d4003c0037001e007800de309000008040009d
:1018e4009040780000c4b30080cf50001200340050
:1018f4001e007800de3090000080400090407800a8
:1019040060c4b30080cf50000b003c001e00780080
:10191400de30900000804000104078000042b000ab
:1019240080407800640147001e00900000004100e0
:1019340001487800080037001e007800de3090006f
:101944000080400090407800640147001e00900031
:1019540000004100014878001e0090000000e800eb
:10196400100798001e0fe8001e009000e20f5000c0
:101974000c0032001e009000e50f500009003200f8
:101984001e009000e80f5000060032001e00900078
:10199400eb0f5000030032001e009000ee0f5000c9
:1019a40008003a00e40047001e0090000080400058
:1019b400a1c3b300014878001e0090000000e800b5
:1019c400100798001e007800de3090000080400070
:1019d400104078000004e000040032009e009000f3
:1019e40030062000808f5000baff3400e400470026
:1019f4001e009000008040008040eb000148780009
:101a0400360037001e007800de3090000080400071
:101a14009040780000c4b30080cf5000120034001e
:101a24001e007800de309000008040009040780076
:101a340060c4b30080cf50000b003c001e0078004f
:101a4400de30900000804000104078000042b0007a
:101a540080407800640147001e00900000004100af
:101a640001487800080037001e007800de3090003e
:101a74000080400090407800640147001e00900000
:101a840000004100014878001e0090000000e800ba
:101a9400100798001e0fe800010037000000000046
:101aa4001e007800de309000008040001040780076
:101ab4000004e000040032009e0090003006200084
:101ac400808f5000cfff3400e40047001e009000d8
:101ad400008040008040eb0001487800640047002b
:101ae400ee30900036ff07000080fa000000060088
:101af4006800fa0060e7980071e79800c364810009
:101b0400a26481007ee090008000fb006ee0900003
:101b14000000fb00831f7800821f7800811f78007b
:101b2400801f780040a02b00801f78000e007800f2
:101b34009204020000000000ea8757000e007800bb
:101b440084d60200010000000080fa0000000600b4
:101b54000200fa00000f78000a0037001e00780027
:101b6400100078000000e00006003a00d0a12b002d
:101b740084d60200010000006402070010c0b30014
:101b84000a003700d02480007f0060000000e000dd
:101b9400f2ff3a00f124800000002400008060007d
:101ba4000000e000edff3a000040eb000080fa0086
:101bb400000006000200fa00000f78001e00780002
:101bc400e3ff0700e14f500002003a0010c0b300e9
:101bd400110037009a04a8000a0037001e0078009c
:101be400100078000000e00006003a0070a32b000b
:101bf40084d60200010000004402070010c0b300b4
:101c040005003700d0248000610060000000e0007f
:101c1400f2ff3a000040eb000080fa0000000600ea
:101c24000400fa00004f7800110798001e0090008d
:101c3400c7ff0700e14f500002003a0010c0b30094
:101c44000b0037009e40780061c060000080fb00fc
:101c5400610060004500dd00d12480000150a10036
:101c640001007000d02488009a84a8000040eb0092
:101c74000080fa00000006000200fa00000f78005d
:101c84001e007800b2ff0700e14f500002003a0046
:101c940010c0b300030037009aa4a8009a84a800d7
:101ca4000040eb000080fa00000006000200fa0089
:101cb400000f78001e007800a5ff0700e14f5000d8
:101cc40002003a0010c0b300110037009a24a800a3
:101cd4000a0037001e007800100078000000e000c1
:101ce40006003a0020a52b0084d602000100000063
:101cf4000602070010c0b30005003700d02480009e
:101d0400620060000000e000f2ff3a000040eb00d7
:101d14000080fa00000006000600fa002047980040
:101d240031479800220798002e00900088ff070092
:101d3400e14f500002003a0010c0b3001e0037000b
:101d44003e409000e14f500005003a002e409000c4
:101d54000004a0000080fb00b024880003003700ca
:101d64002e4090000080fb00b02488002e009000dc
:101d740077ff0700e14f500002003a0010c0b300a3
:101d84000d0037002e00900046000700004f780039
:101d94001e4078000004e00006003200f0a62b008c
:101da40084d6020001000000d801070010c0b3006f
:101db400010037000040eb000080fa00000006003c
:101dc4000400fa00004f7800110798001e009000ec
:101dd4005fff0700e14f500002003a0010c0b3005b
:101de400130037001e80fb00b02488001e00900002
:101df40057ff0700e14f500002003a0010c0b30043
:101e04000b0037001e00900026000700e14f500031
:101e140006003a00c0a82b0084d60200010000008e
:101e2400ba01070010c0b300010037000040eb0006
:101e34000080fa00000006000200fa00000f78009b
:101e44001e00780042ff0700e14f500002003a00f4
:101e540010c0b300110037009a44a8000a003700ec
:101e64001e007800100078000000e00006003a0030
:101e740060aa2b0084d6020001000000a301070021
:101e840010c0b30005003700d02480006400600057
:101e94000000e000f2ff3a000040eb000080fa008e
:101ea400000006000200fa00000f78001e0078000f
:101eb40027ff0700e14f50000c003a0010c0b300a8
:101ec400110037001e007800100078000000e000c8
:101ed40007003a0000ac2b0084d602000100000089
:101ee4008a01070020c0b30007003700000000008b
:101ef400f124800000002800008060000000e00061
:101f0400f0ff3a000040eb000080fa0000000600f9
:101f14000200fa00000f78001e0078000cff070092
:101f2400e14f500002003a0010c0b3001700370020
:101f34009a64a8000a0037001e0078001000780098
:101f44000000e00006003a0060ae2b0084d60200d8
:101f5400010000006d01070010c0b3000b00370042
:101f6400d0248000680060000000e000f2ff3a0026
:101f74001e007800f6fe0700e14f500002003a0010
:101f840010c0b300010037000040eb000080fa00ed
:101f9400000006000e00fa00204798002107980070
:101fa4006247980043079800540798006507980013
:101fb40000000000d0cb2200104078000004e000b4
:101fc400fcff3a006e009000810c200001087800ac
:101fd4005e00900011c0b300014878006e009000cc
:101fe400dbfe0700e14f500006003a005e0090005f
:101ff400104078008040780070c5b300bcfe070034
:102004006a0037005e00900021c0b30001487800e8
:102014006e009000e7fe0700e14f500006003a0012
:102024005e009000104078008040780070c5b300d6
:10203400affe07005d0037005e00900031c0b300c2
:10204400014878006e0190008040eb002e40900023
:1020540031ff0700e14f500006003a005e00900097
:10206400104078008040780070c5b300a0fe0700df
:102074004e0037005e00900041c0b3000148780074
:102084002e4090008080fb00000a2000808f5000ca
:102094000e003a002e0090004800de00004f780049
:1020a400ee0090001e40780045ff0700e14f50000d
:1020b40006003a005e0090001040780080407800ee
:1020c40070c5b3008afe0700380037002e00900068
:1020d40000407800ee00900039ff0700e14f500007
:1020e40006003a005e0090001040780080407800be
:1020f40070c5b3007efe07002c0037005e00900020
:1021040051c0b300014878000040eb00004f780054
:102114000f0037001e80fb00ce00900000804000be
:1021240010407800ee00900025ff0700e14f5000ba
:1021340006003a005e00900010407800804078006d
:1021440070c5b3006afe0700180037001e4fe80090
:102154006e4090009e40780080cf5000edff390023
:102164005e00900061c0b300014878006e009000ea
:1021740031ff0700e14f500006003a005e00900076
:10218400104078008040780070c5b30058fe070006
:10219400060037005e0090008040eb0001487800a4
:1021a400d0cb220051c0b300014878000080fa006f
:1021b400000006000e00fa0020479800210798004e
:1021c40062479800430798005407980065079800f1
:1021d4006e009000810c2000010878005e009000e1
:1021e40011c0b3000148780000000000d0cb2200e9
:1021f400104078000004e000fcff3a006e009000fc
:1022040053fe0700e14f500006003a005e009000c4
:10221400104078008040780020c5b30034fe0700e9
:10222400a40037005e00900021c0b300014878008c
:102234006e0090005ffe0700e14f500006003a0078
:102244005e009000104078008040780020c5b30004
:1022540027fe0700970037005e00900031c0b300ee
:10226400014878006e0190008040eb002e40900001
:10227400a9fe0700e14f500006003a005e009000fe
:10228400104078008040780020c5b30018fe070095
:10229400880037005e00900041c0b3000148780018
:1022a4002e4090008080fb00000a2000808f5000a8
:1022b4000e003a002e0090004800de00004f780027
:1022c400ee0090001e407800bdfe0700e14f500074
:1022d40006003a005e0090001040780080407800cc
:1022e40020c5b30002fe0700720037002e009000e4
:1022f40000407800ee009000b1fe0700e14f50006e
:1023040006003a005e00900010407800804078009b
:1023140020c5b300f6fd0700660037005e0090009c
:1023240071c0b300014878006e0090005ffe0700a2
:10233400e14f500006003a005e0090001040780023
:102344008040780020c5b300e9fd0700590037003c
:102354005e00900081c0b300014878006e019000d7
:1023640011c0b3002e4090006bfe0700e14f5000f7
:1023740006003a005e00900010407800804078002b
:1023840020c5b300dafd07004a0037005e00900064
:1023940091c0b300014878000040eb00004f780082
:1023a4002d0037006e009000d9fe0700e14f500069
:1023b40006003a005e0090001040780080407800eb
:1023c40020c5b300cafd07003a0037001e80fb0099
:1023d400ce00900000804000a1248000814078005d
:1023e400014878001e80fb008000e8006e409000e9
:1023f4000080fb00808f50000b003a00ee0090003c
:1024040010c0b30006fe0700e14f500011003a006f
:102414005e009000104078008040780020c5b30032
:10242400b3fd070023003700ee0090000040eb00ee
:10243400fbfd0700e14f500006003a005e009000eb
:10244400104078008040780020c5b300a8fd070044
:10245400180037001e4fe8006e4090009e40780040
:1024640080cf5000cfff39005e00900061c0b30000
:10247400014878006e0090006ffe0700e14f5000a5
:1024840006003a005e00900010407800804078001a
:1024940020c5b30096fd0700060037005e009000db
:1024a4008040eb0001487800d0cb220051c0b3003b
:1024b400014878000080fa00000006000000fa00dd
:1024c400da46a9000a003700de46a800000520000d
:1024d4000100200078d9020001000000de46a900b6
:1024e400000520000100200078d90200010000004e
:1024f400e0368000680060000000e000f2ff320077
:10250400da46a8000080fa00000006000000fa0085
:102514009e24ef0000002800d0248800c00420007e
:10252400c02488000080fa00000006000000fa00c1
:102534009be4a9000080fa00000006000400fa00f1
:1025440020479800ae40900000cfb30000cf600059
:102554001e80fb004400de00004f78001e4078001f
:102564006a00b90000007800004f78002e40900007
:102574006f406000204798002e4090001e4f40009e
:102584001e4078000080fa00000006000800fa00ef
:1025940020479800210798006247980040cb22000a
:1025a4008040eb000148780020cab300004f780057
:1025b4002e4090000080fb0025cb220044cb22005b
:1025c400ae0190006e419000800078001e407800bb
:1025d400f8fe070040cb2200a800070010c0b3009b
:1025e4000080fa00000006000a00fa004007980084
:1025f400720020008000eb004e009000c80402002e
:10260400000000000e00e80072c0b30080007800f3
:1026140020c0b300ddff0700e14f500030003a0056
:102624003e409000f043b200c4ff070080407800b1
:102634004e009000014878002e4090000074a100e4
:10264400beff0700804078004e00900011409800c3
:102654001e4090000074a100b8ff0700804078007d
:102664004e009000214098004e409000f043b2008c
:10267400b2ff0700804078004e009000314098007f
:102684005e409000e74060004e009000514098008a
:102694006e4090007f406000a8ff070080407800f3
:1026a4004e009000414098007e409000a3ff070038
:1026b400804078004e009000614098001e409000d9
:1026c4000004e00003003d0020c0b300004f780088
:1026d4000500370010c0b300004f78000200370037
:1026e4000040eb00004f78001e4078000080fa00a4
:1026f400000006000800fa0020479800210798000f
:102704006247980020cab300004f78002e40900022
:102714000080fb0025cb220044cb2200ae019000b8
:102724006e419000800078001e40780019fe07007a
:1027340040cb22005100070010c0b3000080fa0013
:10274400000006000a00fa00400798004e009000be
:102754000000e0002d0032004e0090005040900038
:10276400e64f50000800340072c0b3008e007800b9
:1027740020c0b30085ff07004e409000e740600092
:102784004e009000514098004e0090001040780098
:1027940021000700204798004e0090001040900050
:1027a4001d000700104798004e0090002040900044
:1027b40019000700004f78004e0090003040900050
:1027c40015000700304798004e00900050409000dc
:1027d40011000700404798004e00900040409000d0
:1027e4000d000700504798004e0090006040900094
:1027f400090007006047980072c0b3008e0078009b
:1028040020c0b300bbff07000100370010c0b300b5
:102814000080fa00000006000400fa002047980037
:102824002e4090008080fb00d0cc2c000008b80023
:102834004308de00004f78001e4078004400dd00ad
:10284400004f78002e4090000081fb00d0cc2c007b
:102854000010b8004308de006a00b90000007800e8
:1028640000005100204798002e4090001e4f400069
:102874001e4078000080fa00000006000200fa0002
:10288400000f78001e007800104078000080fb00e4
:10289400e50f50002b003200e50f50000c003c0007
:1028a400e20f500018003200e20f500003003c0019
:1028b400e10f50000f0032003b003700e30f5000df
:1028c40016003200e40f50001900320036003700c1
:1028d400e70f500025003200e70f50001e003500be
:1028e400e80f500026003200e90f500029003200a2
:1028f4002d00370070b12b0084d6020001000000c7
:1029040010c0b30029003700c0b22b0084d60200e7
:102914000100000020c0b3002400370020b42b00c5
:1029240084d602000100000030c0b3001f0037004d
:1029340000b62b0084d602000100000040c0b300a2
:102944001a00370090b72b0084d602000100000063
:1029540050c0b30015003700e0b82b0084d6020045
:102964000100000060c0b3001000370030ba2b0033
:1029740084d602000100000070c0b3000b003700d1
:10298400b0bb2b0084d602000100000080c0b3005d
:102994000600370080bd2b0084d602000100000031
:1029a40090c0b300010037000040eb000080fa0043
:1029b400000006000c00fa00300798004107980058
:1029c400520798000e00e80042c0b300800078006f
:1029d40090c0b300edfe0700e14f500019003a002b
:1029e4001e4090000074a100d4fe0700ce009000a9
:1029f400804878002e4090000074a100cffe0700ac
:102a0400be009000804878001e4090000004e00062
:102a1400050035002e4090000004e000020035005f
:102a240010002000010037000000eb008040780017
:102a34005e0090000148780010c0b300004f780099
:102a4400140037004e00900080c0eb00014878006d
:102a54003e00900080c0eb00014878001e409000ca
:102a64000004e000030035002e4090000004e00064
:102a740002003d0010002000010037000000eb00c0
:102a8400804078005e009000014878000040eb0030
:102a9400004f78001e4078000080fa000000060015
:102aa4000200fa0025cb220044cb22008e017800dc
:102ab40012c0b3006103200000cab300bdfd0700cb
:102ac4001e407800e44f500005003e001e40780090
:102ad4000004e00002003200e0c1b300004f7800bf
:102ae400c0dc200025cb220044cb220080017800ea
:102af40022c0b300b101200000cab300adfd07003d
:102b04001e417800d0dc200010407800804078001e
:102b1400c0dc200010407800020007000080fa00aa
:102b2400000006001000fa00404f9800514f980032
:102b3400624f98000040eb00004f78006e48900010
:102b4400e14f500002003e00e0c1b300604f980026
:102b54006e00470012c0b30080007800f0c0b300dc
:102b6400e4fe07006e4890000004e0001b00320001
:102b740030c8b300204f98006a00470012c0b30069
:102b840080007800e0c0b300dafe07001e40780041
:102b94000004a000004f7800e8d602000100000005
:102ba40010bf2b0084d60200010000006e48900084
:102bb400e50047000041eb00d2a002000100000044
:102bc4006500470084d602000100000020c02b00ed
:102bd40084d60200010000000c00370030c8b300a6
:102be400204f98006a00470012c0b30080007800ac
:102bf400e0c0b300bffe0700e8d6020001000000f9
:102c0400c0c02b0084d6020001000000de48900002
:102c1400b0c3b30080cf50002a003e004e4890005d
:102c2400f74f500027003e005e489000fafe070070
:102c3400104798004e489000f7fe07002047980080
:102c44001e4078000014a000004f7800e8d602006f
:102c54000100000020c32b0084d602000100000004
:102c64006500470022c0b300800078004e48900001
:102c7400d2a00200010000006500470084d60200d3
:102c84000100000010c42b0084d6020001000000e3
:102c94006500470022c0b300800078005e489000c1
:102ca400d2a00200010000006500470084d60200a3
:102cb4000100000030c42b0084d602000100000093
:102cc4000900370000c8b3001047980000c8b300db
:102cd40020479800e8d6020001000000f0c42b0051
:102ce40084d602000100000000c8b30030479800f9
:102cf40000c8b300404798000e00e80042c0b3008b
:102d04008000780090c0b3007afe07000040eb001a
:102d1400204f98006a00470012c0b300800078007a
:102d2400d0c0b30073fe070012c0b3008e00780059
:102d340010c0b3006ffe07000080fa000000060018
:102d44000200fa00881f780012c0b3008e007800d9
:102d540010c0b300c8920200010000000004e000ab
:102d6400070032001e4078000080fb006c00600009
:102d74000000e00002003200529502000100000051
:102d8400d09b8000ec0f500004003e00411f200047
:102d940010c1b3002069020001000000d09b800034
:102da400eb0f50006a003200eb0f50000e003e00a3
:102db400e50f50003d003200e50f500005003e00d5
:102dc4000000e0001a003200e10f50002100320040
:102dd400c8023700e60f50003a003200ea0f5000f4
:102de4004c003200c3023700ee0f50007f02320065
:102df400ee0f500005003e00ec0f5000b60032000c
:102e0400ed0f5000f4003200ba02370041062000f2
:102e1400810f5000a1023200810c2000810f50006c
:102e2400a7023200ef0f50007c023200b1023700db
:102e340080cd220001c5b3000148780060a12000c4
:102e44008040eb000148780010002000d09b8800ef
:102e5400bb02370080cd2200104078000004e0005f
:102e64000500320080cd2200104078008040e90047
:102e740080cd22000148780080cd220010407800e7
:102e84000004e00002003a00a0002000d09b88006b
:102e940060a12000104078000004e0009902320094
:102ea400a0002000d09b8800a502370080cd22001e
:102eb40081c2b3000148780060002000d09b8800e4
:102ec4009f023700701d2200104078000004e000cb
:102ed40009003a00501f2200104078000004e0006e
:102ee40005003a0080cd2200104078008040e900bf
:102ef40080cd22000148780080cd22001040780067
:102f04000004e00081023a00a0002000d09b880069
:102f14008b0237008d0207000004e0000600320037
:102f2400b0002000d09b880080cd2200a1c0b30057
:102f3400014878008202370060002000d09b88009e
:102f440080cd2200a1c0b300014878007c02370084
:102f54007e0207000004e0005500320080cd22000c
:102f6400104078000004e0004b003a0060b12000fb
:102f7400104078000004e00066023a00b6e6a800bb
:102f8400b6c6a800ca06a800ca26a800e8d6020049
:102f940001000000a0002c0084d602000100000003
:102fa40010c0b3008eb5020001000000aee3a8001b
:102fb400701081000000d100614060000080fb00bf
:102fc400801f7800a0012c00801f7800c0c820005a
:102fd4009204020000000000e4875700c0c82000eb
:102fe40084d6020001000000200781000000d10007
:102ff400614060008081fb00200781006140600027
:103004000081fb00501f2200104078008080fb00ec
:10301400701d2200104078000080fb00831f7800a0
:10302400821f7800811f7800801f780000032c0025
:10303400801f7800c0c82000920402000000000035
:10304400ea875700c0c8200084d6020001000000af
:103054006200200061052c00c0c82000ba040200f0
:1030640000000000c1c82000c0c8200024a1020044
:1030740000000000f0b3200084d60200010000002c
:10308400c0052c0084d6020001000000c00020000e
:10309400d09b88002a02370080cd2200104078009f
:1030a4008040e90080cd22000148780024023700e6
:1030b40050002000d09b8800ceb502000100000023
:1030c4000004e000150232000040eb008eb502005f
:1030d400010000001a0237001c0207000004e0008f
:1030e4000400320060b12000104078000004e000c9
:1030f4000f003200e8d6020001000000e0052c00b9
:1031040084d6020001000000ceb5020001000000d8
:103114000004e000030032000040eb008eb5020022
:103124000100000050002000d09b880004023700fa
:10313400ceb5020001000000e14f50000300320050
:1031440010c0b3008eb502000100000040e9800009
:103154000000e0000600320040e98000e50f500066
:103164000300320040e98000e60f5000ed013a0010
:1031740080cd220041c0b3000148780062002000e5
:1031840061052c00c0c82000ba0402000000000041
:10319400c1c82000c0c8200024a102000000000013
:1031a400f0b3200084d6020001000000c0052c000a
:1031b40084d6020001000000d0002000d09b8800cb
:1031c40010398100e60f5000d8013a00800c20002d
:1031d400d09b8800da013700dc0107000004e0001e
:1031e4000400320060b12000104078000004e000c8
:1031f4000f003200e8d602000100000000072c0096
:1032040084d6020001000000ceb5020001000000d7
:103214000004e000030032000040eb008eb5020021
:103224000100000050002000d09b8800c40137003a
:1032340040e980000000e0000600320040e9800020
:10324400e50f50000300320040e98000e60f500013
:10325400b8013a0080cd2200104078000004e0005c
:103264005c013a00e0002000d09b8800a0d520003b
:103274008040eb000148780080d520008040eb00be
:103284000148780090d520008040eb000148780088
:103294003038020001000000e233020001000000a7
:1032a4005295020001000000b6e6a800b6c6a800c8
:1032b400ca06a800ca26a8001100200010c1b30045
:1032c40020690200010000000000eb00707e88000d
:1032d400a20120008000eb0040d72000c8040200b7
:1032e400000000000060fe008000eb0020082c00bd
:1032f40024a1020000000000f0b3200084d60200e4
:1033040001000000f0b320008040eb000148780089
:10331400d02a210011c0b300014878000000eb005e
:10332400707e8800a0282100f1c3b3000148780012
:10333400008120008040eb0001487800000000007c
:10334400d11c800000102000008060000000e0001c
:10335400fbff3200811d800000102000008060000f
:103364000000e000f6ff32008fa6a800a2c6a80065
:10337400a2e6a90000192000e059880040d92000e5
:103384008040eb0001487800e0b320001040780052
:10339400804078000114a100e0b3200001487800c7
:1033a40030082c0084d60200010000000000000058
:1033b400d11c800000102000008060000000e000ac
:1033c400fbff3200811d800000102000008060009f
:1033d4000000e000f6ff32000060fe00010037004c
:1033e40000000000d11c800000102000008060005c
:1033f4000000e000faff3200811d80000010200070
:10340400008060000000e000f5ff3200410480000d
:1034140000802000008060000000e000f0ff3a001f
:103424005104800000002400008060000000e000df
:10343400ebff3a0050048000680060000000e000e8
:10344400e7ff3a000000000098e3a800aee3a800fc
:1034540000000000602f21008040eb00014878004c
:10346400d11c800000102000008060000000e000fb
:1034740058003200811d8000001020000080600090
:103484000000e0005300320041048000008020006e
:10349400008060000000e0004e003a00510480000b
:1034a40000002400008060000000e00049003a00b1
:1034b40050048000680060000000e00045003a000d
:1034c4004137800000202000008060000000e00000
:1034d40040003a00a1368000000420000080600013
:1034e4000000e0003b003a000040fe00602f210095
:1034f400104078000004fb00a03680004200de008b
:10350400614060008083fb00a03680004600de003e
:10351400614060000083fb00403780004900de000a
:10352400614060008082fb00500480004300de00a4
:10353400614060000082fb00500480004e00de0009
:10354400614060008081fb00400480004b00de008d
:10355400614060000081fb00801d80004800de00a7
:10356400614060008080fb00d01c80004800de00c9
:10357400614060000080fb00881f7800871f78008e
:10358400861f7800851f7800841f7800831f7800c9
:10359400821f7800811f7800801f780010092c009a
:1035a400801f7800c0c820009204020000000000c0
:1035b400f4875700e00e2c0084d6020001000000be
:1035c40000000000c0c8200084d6020001000000f2
:1035d4002f003700a03680004600de006140600006
:1035e4000083fb00403780004900de00614060003a
:1035f4008082fb00500480004300de0061406000d4
:103604000082fb00500480004e00de006140600038
:103614008081fb00400480004b00de0061406000bc
:103624000081fb00801d80004800de0061406000d6
:103634008080fb00d01c80004800de0061406000f8
:103644000080fb00861f7800851f7800841f7800a7
:10365400831f7800821f7800811f7800801f780004
:10366400d00f2c00801f7800c0c8200092040200f4
:1036740000000000f087570010142c0084d60200cc
:1036840001000000c0c8200084d602000100000030
:103694000060fe000e6b0200010000008892020030
:1036a40001000000d0958000e10f400003003200cb
:1036b400d09580000000e800d0958800d0338000c9
:1036c400680060000000e00006003200e095800021
:1036d400e10f400003003200e09580000000e800a4
:1036e400e095880040368000700060000000e00033
:1036f40006003a00f0958000e10f4000030032001c
:10370400f09580000000e800f095880041368000c4
:1037140000022000008060000000e0000c00320085
:1037240040368000680060000000e00008003200bd
:1037340040368000640060000000e00004003200b5
:10374400b0358000640060000000e00006003a002c
:1037540000968000e10f40000300320000968000d4
:103764000000e80000968800b44302000100000055
:103774008000eb0020082c0024a1020000000000bf
:10378400f0b3200084d6020001000000c0052c0024
:1037940084d6020001000000f0b320008040eb005a
:1037a4000148780050e1200011c0b30001487800be
:1037b4004006200060998800d1988000f00f200016
:1037c400808f50005d003a00e01f2000d0988800f0
:1037d4005b00370080cd2200104078008040e90073
:1037e40080cd22000148780055003700ceb5020094
:1037f400010000000004e000030032000040eb0080
:103804008eb50200010000000000eb00707e88000d
:10381400f0002000d09b88004900370050e12000d0
:1038240011c0b300014878000000eb00707e8800ee
:10383400e8d6020001000000d0988000801f7800c4
:1038440000152c00801f7800c0c8200092040200dc
:1038540000000000e4875700c0c8200084d602009e
:1038640001000000d1988000b00c2000808f50002f
:1038740004003a00007d200001002000b006890009
:10388400c1068900e0042100f69202000100000054
:1038940050002000d09b8800290037000000000061
:1038a4000000000000000000000000000000000014
:1038b400000000000000eb00d09b880020003700cf
:1038c400c0162c0084d602000100000046690200e4
:1038d4000100000083e0a9000000000000000000d7
:1038e4000000000000000000000000000000fe00d6
:1038f400130037000000eb00d09b8800000000009c
:103904000f003700000000000d0037000000000029
:103914000b00370000000000090037000000000021
:103924000700370000000000050037000000000019
:103934000300370000000000010037000000000011
:103944004f0478000080fa00000006000200fa002c
:1039540010398100e10f5000060032001039810057
:10396400e20f50000300320010398100e30f5000d1
:1039740002003a000040eb0097003700d198800025
:10398400f00f2000808f500002003a0010c0b300f6
:1039940091003700d1988000700e2000808f500075
:1039a40006003600d1988000d00e2000808f500091
:1039b40002003e000040eb0087003700d1988000f1
:1039c400d01f2000808f500006003600d198800060
:1039d40000202000808f500002003e000040eb00d9
:1039e4007d003700d1988000100f2000808f500098
:1039f40002003a000040eb0077003700d1988000c5
:103a0400b0032000808f500006003600d19880005b
:103a140000042000808f500002003e000040eb00b4
:103a24006d00370021498100000e200000806000f5
:103a34000000e000020032000040eb0066003700a6
:103a4400104080000000e000020032000040eb0063
:103a54006100370060802000104078000004e0001e
:103a6400020032000040eb005b003700002b210015
:103a7400104078008080fb0000042000008060007b
:103a84000000e0000e003200719b80004006200020
:103a9400808f500008003200719b80005006200087
:103aa400808f500004003200719b8000600620006b
:103ab400808f500002003a000040eb0046003700bf
:103ac40050d82000104078000004e00002003200ca
:103ad4000040eb004000370080bb2100104078001c
:103ae4000004e00002003a000040eb003a00370016
:103af400509a8000e20f5000020036000040eb00b4
:103b040035003700e09a80000000e0000200320037
:103b14000040eb0030003700109b80000000e00004
:103b2400020032000040eb002b003700409b800075
:103b34000000e000020032000040eb0026003700e5
:103b4400709b80000000e000020032000040eb00a7
:103b540021003700a09880000000e000020032003d
:103b64000040eb001c003700009c8000e10f500077
:103b7400020032000040eb0017003700c09c8000b8
:103b84000000e00005003200c09c8000e70f5000f8
:103b940002003e000040eb000f0037000040eb0045
:103ba400004f7800080037001e80fb0041d9200038
:103bb40061407800e54f500002003a000040eb00fd
:103bc400050037001e4fe8001e407800e34f500008
:103bd400f5ff360010c0b3000080fa0000000600b4
:103be4000600fa00200798000040eb0020479800e8
:103bf400ae009000010f78000d0037002e409000b9
:103c04006a00b90000007800204798001e00780080
:103c140010407800804078002e40900080c0400022
:103c240000cdb30000c04000204798001e0fe800fc
:103c34001e00780090407800f0c2b30080cf50009e
:103c4400050034001e0078009040780090c3b30053
:103c540080cf5000e9ff34002e4090000080fa002d
:103c6400000006000800fa0030079800be0090002b
:103c7400110798001e00900090407800d0c2b30055
:103c840080cf500006003a001e0090000000e800bb
:103c94001007980000c0eb00004f780002003700c6
:103ca40010c0b300004f78000040eb00404798007c
:103cb400100037004e4090006a00b9000000780000
:103cc40000407800404798001e00900010407800a3
:103cd400804078004e40900080c0400000cdb3008a
:103ce40000c04000404798001e0090000000e8001b
:103cf400100798001e00900090407800f0c2b300b6
:103d040080cf5000050034001e00900090407800e1
:103d140090c3b30080cf5000e6ff34001e4078000b
:103d2400ce4090008180fb000088b900000078003c
:103d3400004078000080fa00000006000800fa0045
:103d4400300798006000b800100798002107980019
:103d5400be009000010f78001c0037002e00900078
:103d64006a00b900000178001e0090006000b900ec
:103d740000007800000141009e009000a000200097
:103d84000008b80001014100820078001007980083
:103d94002107980010079800210798001e0078005a
:103da400104078000000fb000003b100cf80de006b
:103db4001e019000ae019000020040008380480084
:103dc40010079800210798001e0fe8001e007800d5
:103dd40090407800f0c2b30080cf5000050034005a
:103de4001e0078009040780090c3b30080cf50004c
:103df400daff34001e009000ae0090000080fa004c
:103e0400000006000800fa00200798003107980017
:103e1400be009000010f7800ae009000f070220008
:103e2400808f5000170036002e009000c400de0082
:103e3400703420000008b8004308de000040780019
:103e44000043b000804078003e00900001487800b4
:103e54003e0090000000e800300798002e0190001a
:103e6400c410de00703420000008b800c308de006f
:103e7400007122000088b9000000780000005100a1
:103e840020079800ae009000703e2000808f500004
:103e9400180036002e009000c300de00500c2200f3
:103ea4000008b8004408de00004078000043b00079
:103eb400804078003e009000014878003e00900069
:103ec4000000e800300798002e019000c310de00c7
:103ed400500c22000008b800c408de00803e200018
:103ee4000088b90000007800000051002007980005
:103ef4000a0037003e0090009e007800808f50003a
:103f0400060032003e00900001c3b300014878006f
:103f14003e0090000000e80030079800ae009000da
:103f240030062000808f5000180036002e009000cc
:103f3400c200de00b04721000008b8000100d10033
:103f4400004078000043b000804078003e009000bc
:103f5400014878003e0090000000e8003007980017
:103f64002e019000c210de00b04721000008b80006
:103f74008100d100400620000088b90000007800cc
:103f840000005100200798000a0037003e0090000e
:103f94009e007800808f5000060032003e009000a2
:103fa40001c3b300014878003e0090000000e8001f
:103fb400300798002e009000e90f50000d003600e5
:103fc400ae009000d0cc2c000008b8004308de00fe
:103fd400004078000043b000804078003e0090002c
:103fe400014878003e0090000000e8003007980087
:103ff4000a0037003e0090009e007800808f500039
:10400400060032003e00900001c3b300014878006e
:104014003e0090000000e800300798002e01900058
:10402400d0cc2c000010b8004308de006a00b900b0
:104034000000780000005100200798002e00900036
:10404400004078000043b000804078003e009000bb
:10405400014878003e0090000000e8003007980016
:104064003e0090008040eb0001487800be009000c4
:104074001e00780000805000100798001e00900079
:104084000080fa00000006000200fa00004f7800e9
:10409400f0c2b3009e40780080cf50000800340086
:1040a40090c3b3009e40780080cf500004003c00d1
:1040b4009e40780000cdb30000c040000d003700e2
:1040c40000c4b3009e40780080cf50000800340044
:1040d40060c4b3009e40780080cf500004003c00d0
:1040e4009e40780090ccb30000c04000010037002f
:1040f4000040eb000080fa00000006000200fa0015
:10410400004f78001e4078000004e00006003500ef
:104114001e407800e94f500003003c001e40780028
:104124000043b0000a0037001e407800e94f5000f9
:10413400060034001e407800ef4f500003003c009e
:104144001e4078007043b0000100370000c3b30084
:104154000080fa00000006000400fa00100798002e
:104164000000eb00000f78001e0090000000e0004b
:1041740008003200010037001e0fe8001e0078001e
:104184009e00900000804000104078000004e00091
:10419400f9ff3a001e0078000080fa0000000600d3
:1041a4000a00fa004047980031079800024f98002f
:1041b400be009000010f7800ce40900030c6b300de
:1041c40080cf500003003e000e489000e24f5000a4
:1041d400190036004e4090000080fb00c200de0053
:1041e400b04721000008b8000100d1000040780069
:1041f4000043b000804078003e0090000148780001
:104204003e0090000000e800300798004e40900007
:104214000081fb00c210de00b04721000008b80096
:104224008100d100400620000088b9000000780019
:1042340000005100404798004e409000e94f500064
:104244000e0036004e4090008080fb00d0cc2c0045
:104254000008b8004308de00004078000043b000c6
:10426400804078003e009000014878003e009000b5
:104274000000e800300798000d0037003e00900071
:104284009e007800808f500003003a000e48900092
:10429400e14f5000060036003e00900001c3b30019
:1042a400014878003e0090000000e80030079800c4
:1042b4004e4090000081fb00d0cc2c000010b800d0
:1042c4004308de006a00b9000000780000005100d5
:1042d400404798004e4090000043b0008040780072
:1042e4003e009000014878003e0090000000e80085
:1042f400300798003e0090008040eb0001487800b1
:104304003e009000804078001e0078000040780055
:1043140000c05000204798002e4090000080fb0011
:104324000080fa00000006000e00fa003007980032
:104334004107980052079800434f98003e009000b0
:10434400ce009000e00f5000e08f58004d00320086
:104354004e489000004fe9001e80fb00de009000f4
:10436400008040008040eb000148780018003700ce
:104374001e4fe9003e009000ce009000a2002000f5
:10438400030020003e040200000000001007980013
:10439400210798001e80fb00de0090000080400092
:1043a4009e009000814078000143b00001487800ed
:1043b4003e009000ce009000a200200003002000e8
:1043c4001e04020000000000300798004107980016
:1043d4001e4078000004e000050032003e0090001a
:1043e400ce009000e00f5000e08f5800e0ff3a004c
:1043f4001e4078000004e0001f0032000040eb0083
:10440400104798000d0037001e4090000080fb000c
:10441400de009000008040009e80fb005e01900062
:104424008100410091407800014878001e409000ce
:104434000040e800104798001e4fe8001e80fb0073
:10444400de00900000804000104078000004e0008e
:10445400edff3a001e4090000080fb00de0090005b
:10446400008040008040eb00014878001e4090002e
:104474000080fb000b0037004e4890000080fb00da
:10448400080037005e00900001c3b30001487800c3
:104494005e0090000000e8008040eb0001487800d6
:1044a400100020000080fa00000006000600fa0058
:1044b400881f780020479800210798002e4090001c
:1044c4006f4f6000ae40900000cfb30000c06000aa
:1044d400104798001e4090000080fb004400de005e
:1044e400104798001e40900004ff070080407800a9
:1044f4002e009000014878002e0090000004e8008f
:104504001e407800fdfe0700004c78002e0090004d
:104514000080e8008040eb00014878002000200083
:104524004f0478000080fa00000006000600fa003c
:10453400200798000000eb0010079800ae009000e0
:10454400010f78000c0037001e0090006a00b900cb
:1045540000007800100798001e00780010407800d2
:104564008000fb001e009000008040000003b100aa
:10457400100798001e0fe8001e0078009040780095
:10458400f0c2b30080cf5000050034001e00780054
:104594009040780090c3b30080cf5000eaff34000d
:1045a4001e0090000080fa00000006000800fa00d7
:1045b400604798006e4090008080fb000e007800f9
:1045c400811f780001b92c00811f78009204020039
:1045d40000000000e48757000e00780084280200e1
:1045e400010000000080fa00000006000c00fa0040
:1045f40050079800de009000811f780000b92c005d
:10460400801f78000e007800920402000000000071
:10461400e48757000e00780084280200010000009f
:104624000080fa00000006000600fa002007980047
:10463400ae00900011079800030037001e009000a0
:104644000000e800100798001e00900090407800d9
:1046540000c2b30080cf5000f8ff320022002000d7
:1046640031b92c001e009000f80502000000000083
:104674000000e000150032002200200061b92c0087
:104684001e009000f8050200000000000000e00099
:104694000e0032001e0090009040780080c7b300e6
:1046a40080cf5000090032001e0090009040780036
:1046b40080c5b30080cf5000040032001e0090007b
:1046c40047fd0700004f78004a0037001e009000a5
:1046d4009040780080c7b30080cf500005003200be
:1046e4001e0090009040780080c5b30080cf500039
:1046f40004003a001e0090000000e8001007980033
:10470400030037001e0090000080e80010079800a6
:104714000040eb00004f78002d0037001e40780069
:104724004400dd00004f78001e00900090407800a7
:10473400f0c2b30080cf50000b0034001e00900084
:104744009040780090c3b30080cf500006003c0036
:104754001e009000104078009e40400000cdb30041
:1047640000cf4000170037001e00900090407800f2
:1047740000c6b30080cf50000d0034001e0090002e
:104784009040780060c6b30080cf500008003c0021
:104794001e009000104078008040780000ceb300e6
:1047a40000c04000804078001e009000014878005e
:1047b4001e009000104078009e40400090ccb30052
:1047c40000cf40001e0090000000e8001007980091
:1047d4001e009000104078000004e0000500320044
:1047e4001e0090009040780000c2b30080cf5000bb
:1047f400caff3a001e4078000080fa00000006005c
:104804000000fa007a46a800609980008000eb005e
:104814004206200003002000820f5000838f5800be
:10482400d1023e00006001006400370085003700bb
:104834008e003700ab003700b4003700d1003700da
:10484400df003700f8003700010137002a01370084
:104854003301370097013700c3023700c202370023
:10486400c1023700c0023700bf023700be02370062
:10487400bd023700bc023700bb023700ba02370062
:10488400b9023700b8023700b7023700b602370062
:10489400b5023700b4023700b3023700b202370062
:1048a400b1023700b0023700af023700ae02370062
:1048b400ad023700ac023700ab023700aa02370062
:1048c400a9023700a8023700a7023700a602370062
:1048d400a5023700a4023700a3023700a202370062
:1048e400a1023700a00237009f0237009e02370062
:1048f4009d0237009c0237009b0237009a02370062
:104904009902370098023700970237009602370061
:104914009502370094023700930237009202370061
:1049240091023700900237008f0237008e02370061
:104934008d0237008c0237008b0237008a02370061
:104944008902370088023700870237008602370061
:104954008502370084023700830237008202370061
:1049640081023700800237007f0237007e02370061
:104974007d0237007c0237007b0237007a02370061
:104984007902370078023700770237007602370061
:104994007502370074023700730237007202370061
:1049a40071023700700237006f0237006e02370061
:1049b4006d0237006c0237006402370000c9220020
:1049c4008040eb0001487800e20020008000eb000a
:1049d40020c92200c80402000000000040e12000b9
:1049e4008040eb000148780000ca22008040eb00c0
:1049f4000148780050e120008040eb000148780035
:104a04000000eb00907088000000eb00b07088009c
:104a140080e120008040eb00014878007a66a9001c
:104a2400b6e6a800b6c6a900411f200040c0b300e6
:104a34002069020001000000100020006099880035
:104a44004c02370060c0b3002c6b02000100000070
:104a54002000200060998800a100200040c0b3001d
:104a64002069020001000000420237003a6b020094
:104a740001000000106589001165810040022000da
:104a84000088b90000007800906489009164810076
:104a940080a92300808f500004003c0091648100b1
:104aa40030902200808f500004003c00806481001c
:104ab4000000a10080648900030037008064810045
:104ac4000000a00080648900a100200040c0b30061
:104ad4002069020001000000300020006099880075
:104ae4002402370070c0b3002c6b020001000000e8
:104af4004000200060998800a100200040c0b3005d
:104b040020690200010000001a0237003a6b02001b
:104b14000100000010658900116581004002200039
:104b24000088b90000007800a0648900a1648100b5
:104b3400c00c2100808f500004003c00a16481005f
:104b440070bb2000808f500004003c008064810012
:104b54000010a10080648900030037008064810094
:104b64000010a00080648900a100200040c0b300b0
:104b740020690200010000005000200060998800b4
:104b8400fc013700806481000020a000806489005b
:104b940030002000b064890080c0b3002c6b020098
:104ba400010000006000200060998800a10020003e
:104bb40040c0b3002069020001000000ed0137008d
:104bc4003a6b020001000000106589001165810044
:104bd400400220000088b90000007800c064890009
:104be400c1648100c0762000808f500004003c0026
:104bf400c1648100306a2000808f500004003c00b2
:104c0400806481000030a1008064890003003700c3
:104c1400806481000030a00080648900700020005e
:104c240060998800d301370050c0b3002c6b020098
:104c3400010000008000200060998800a10020008d
:104c440040c0b3002069020001000000c901370020
:104c54003a6b0200010000001065890011658100b3
:104c6400400220000088b90000007800d064890068
:104c7400d0338000680060000000e0000b003a00c0
:104c8400d0648100f064890050e120001040780075
:104c9400e14f500003003a0050e1200021c0b3006e
:104ca400014878000000eb00907088003196800085
:104cb400d0648100808f500008003d00d0648100e2
:104cc40030968800e00421001040780012c4b3003c
:104cd40082404000a02c2100014878009000200070
:104ce40060998800a100200040c0b3002069020040
:104cf400010000009f01370040c0b3002c6b02008c
:104d040001000000a000200060998800a10020009c
:104d140040c0b30020690200010000009501370083
:104d24003a6b0200010000001065890011658100e2
:104d3400400220000088b90000007800e064890087
:104d440011968000e0648100808f500008003d00cf
:104d5400e064810010968800e0042100104078008f
:104d640012c4b30082404000802c21000148780026
:104d740021968000e0648100808f50000800340098
:104d8400e064810020968800e0042100104078004f
:104d940012c4b30082404000902c210001487800e6
:104da400e164810040902200808f500005003400af
:104db40011c0b300200020000634020001000000ee
:104dc40008003700e1648100f0702200808f5000f9
:104dd40004003c0011c0b30020002000383402005d
:104de40001000000d164810080af2200808f500058
:104df4000500340011c0b300800020000634020016
:104e04000100000024003700d1648100f07c200000
:104e1400808f500020003c00e00421001040780006
:104e24008000fb0020d72000104078000080fb00a9
:104e3400808f50000d003500e00421001040780000
:104e44008000fb0030d72000104078000080fb0079
:104e5400808f500005003d0011c0b3008000200089
:104e640038340200010000000b003700e0d82000b5
:104e7400104078008080fb00000420000080600067
:104e84000000e0000400320011c0b30080002000e4
:104e94003834020001000000b0002000609988004e
:104ea400a100200040c0b3002069020001000000fe
:104eb4003001370050e1200010407800e24f5000ec
:104ec4001d00360050e120008040eb0001487800ce
:104ed4000000eb009070880080e120001040780012
:104ee4000004e00014003200e8d6020001000000d3
:104ef400c08b2c0084d602000100000081e1200058
:104f0400008d2c008ab00200000000000041eb007c
:104f1400f1b3200080e12000b2c5020000000000cf
:104f2400f0b320008040eb000148780080e12000cd
:104f34008040eb000148780050e1200010407800e8
:104f4400e24f500003003a0050e1200031c0b300aa
:104f5400014878001166810020668100808f50002e
:104f640021003900400d23001066890020cc220066
:104f740025cb220044cb22008001780022c0b3005c
:104f8400f12e200000cab300cc8f02000100000003
:104f9400006b23002066890040cc220025cb220030
:104fa40044cb22008001780022c0b300112f2000de
:104fb40000cab300cc8f020001000000401f200093
:104fc4003066890060cc220025cb220044cb22002d
:104fd4008001780022c0b300312f200000cab30042
:104fe400cc8f02000100000040e120001040780056
:104ff4000080fb00e10f50004b003200e20f500034
:10500400a90032000000e000c0003a00e064810022
:105014008000780010668100808f50000b00310002
:10502400d064810080007800e06481000001780091
:105034003066810000004100808f5000030036007c
:10504400b07080000000e00003003d00b0708000fc
:105054000000e0001b00340000ca220011c0b300ad
:10506400014878007a66a800b6e6a900b6c6a8008a
:1050740040e1200011c0b3000148780080cc220038
:10508400104078000081fb00d1648100e06481005d
:10509400821f7800811f7800801f7800508d2c00bb
:1050a400801f7800c0c820009204020000000000a5
:1050b400e8875700c0c8200084d602000100000021
:1050c400060037007a66a900b6e6a800b6c6a900ad
:1050d40000ca22008040eb000148780050e1200023
:1050e400104078000004e0008c0032007a66a900c9
:1050f400b6e6a800b6c6a90040e1200021c0b3006e
:1051040001487800b2012000918f2c00c0c8200013
:10511400ba04020000000000c0c8200084d60200c7
:1051240001000000820037007a66a800b6e6a900f4
:10513400b6c6a800b07080000000e0002b00350067
:10514400b07080000000e00044003a0080cc2200ef
:10515400104078000080fb00610060000000e00067
:105164003e003a00e06481008000780020668100ff
:10517400808f500004003e00d1648100e06481000f
:10518400808f500006003c0080cc22001040780044
:105194000080fb00620060000000e00013003200a9
:1051a400e06481008000780020668100808f5000d8
:1051b40008003e00f1648100e0648100808f5000ab
:1051c40004003400d164810080382100808f5000b5
:1051d40022003c0080cc2200104078000080fb00bc
:1051e400620060000000e0001c00320000ca2200df
:1051f4008040eb00014878007a66a900b6e6a80072
:10520400b6c6a90040e120008040eb0001487800c8
:1052140080cc2200104078008081fb00f264810081
:10522400d1648100e0648100831f7800821f7800cc
:10523400811f7800801f780040912c00801f780027
:10524400c0c820009204020000000000ea87570052
:10525400c0c8200084d602000100000050e12000f4
:10526400104078000004e0002e0032007a66a900a5
:10527400b6e6a800b6c6a90040e1200021c0b300ec
:1052840001487800b2012000f1932c00c0c820002e
:10529400ba04020000000000c0c8200084d6020046
:1052a40001000000220037007a66a900b6e6a800d3
:1052b400b6c6a90050e12000104078000004e000c8
:1052c4001a003a007a66a800b6e6a900b6c6a80095
:1052d40040e120008040eb0001487800f064810048
:1052e400801f7800a0952c00801f7800c0c8200083
:1052f4009204020000000000e4875700c0c82000a8
:1053040084d60200010000000900370040e12000bb
:105314008040eb00014878000500370000000000e1
:105324000300370000000000010037000000000007
:105334001000200060998800813e200040c0b30026
:1053440020690200010000000a003700100020005c
:1053540060998800a100200040c0b30020690200c9
:1053640001000000030037000000eb006099880092
:10537400000000000080fa00000006000200fa00ad
:10538400609c8000ef0f5000c7013200ef0f500007
:105394000e003e00eb0f5000f0003200eb0f500007
:1053a40005003e000000e0001e003200e10f500046
:1053b4003e003200ac023700ed0f50005e013200b7
:1053c400ed0f50009c013e00f3003700910c2000cb
:1053d400810f5000f4013200910c2000810f500025
:1053e40006003e00f00f5000e60132004006b10016
:1053f400e40f50009c023e0024003700b10c200052
:10540400810f50007c023200b10c2000810f50004b
:105414002f023900a10f2000810f50008f023200ab
:10542400910237000080eb00705f8900f0d8200003
:105434009040780030bf22000148780000d9200055
:105444009040780050bf22000148780000ca220032
:105454009040780040bf220001487800e0cb220051
:1054640010407800e540600020bf22000148780029
:10547400813e200040c1b300206902000100000009
:1054840040062000609c88008c023700017d2000cb
:1054940040c1b3002069020001000000609c80004c
:1054a4000000e800609c880084023700f02a210094
:1054b400104078000004e00009003200f02a2100c6
:1054c4008040eb0001487800e0bc22008040eb0003
:1054d40001487800900c2000609c88007702370017
:1054e40070bf22008040eb0001487800e0cb22002e
:1054f40010407800654f600020bf22001040780003
:105504009e4f50000b0032000040eb00fe280200ca
:1055140001000000e14f500006003a0070bf220075
:1055240010407800804078000124a00070bf220061
:105534000148780060bf2200104078000004e000b9
:105544001c003200e0cb2200104078000080fb00f9
:10555400640060000000e00016003200e0cb22008e
:10556400104078008080fb00000320000080600071
:105574000000e0000f003a0060bf22008040eb0012
:105584000148780070bf2200104078008040780005
:105594000124a00070bf22000148780070bf2200df
:1055a40010407800804078000134a00070bf2200d1
:1055b4000148780030bf220090407800f0d82000e5
:1055c4001040780080cf50000c003a0050bf2200f9
:1055d4009040780000d920001040780080cf50001f
:1055e40006003a00116d80005056810080806000f2
:1055f400705f8100808f50000b0032000040eb0090
:10560400fe28020001000000e14f500006003a00ad
:1056140070bf220010407800804078000104a00090
:1056240070bf22000148780040bf220090407800fb
:1056340000ca22001040780080cf50000f003200d2
:10564400f0ac2200104078000004e0000b003d00a4
:105654000040eb00fe28020001000000e14f500072
:1056640006003a0070bf22001040780080407800a5
:105674000114a00070bf22000148780070bf22000e
:10568400104078000004e0002f003200509a80009f
:10569400e10f50002c003a0040e98000e30f500075
:1056a40029003a0060da2000104078000004e0008d
:1056b40025003400f6b80200010000000004e000f8
:1056c40021003a00501f2200104078000004e0003e
:1056d4001d003a00106d8000805f8900815f8100a9
:1056e4005056810000806000705f890000ca22006b
:1056f4009040780040bf22000148780000d9200083
:105704009040780050bf220001487800f0d8200073
:105714009040780030bf220001487800e0cb22009e
:1057240010407800e540600020bf22000148780066
:10573400c0002000609c8800e0bc22008040eb0098
:1057440001487800dd013700a10f200040c1b300fb
:105754002069020001000000d8013700e0bc2200eb
:10576400104078008040e800e0bc22000148780046
:10577400e0bc220010407800e94f500003003600de
:10578400a00f2000609c8800cc013700c0002000de
:10579400609c8800c9013700e0bc220010407800fa
:1057a4000080fb00505f8900505f81004600dd00ef
:1057b400505f8900505f81001004b000505f890081
:1057c400f1bc2200505f81000080e80025cb22005c
:1057d40044cb22008101780012c0b300800078001d
:1057e40000cab300dc90020001000000f0bc2200fb
:1057f4001040780080407800c0be22000148780044
:10580400b0002000609c8800c0be220010407800d8
:105814008080fb0000042000008060000000e000a5
:1058240021003200920120008000eb00f0bc220035
:10583400c804020000000000f1bc2200505f810097
:105844007200400024cb220043cb220001017800e7
:105854008000780000cab300c0d00200010000003c
:1058640080be22008040eb0001487800f0bc22009a
:10587400104078000004e0007f013200f0bc2200f8
:105884001ad30200010000000000e0007c01320095
:10589400d0002000609c88001029210041c1b30081
:1058a400014878008501370070bf2200104078005d
:1058b4000080fb00680060000000e000720132001c
:1058c400920120008000eb00f0bc2200c80402001a
:1058d40000000000f1bc2200505f81007200400013
:1058e40024cb220043cb2200010178008000780001
:1058f40000cab300c0d002000100000080be220034
:105904008040eb0001487800f0bc22001040780091
:105914000004e0005e013200f0bc22001ad3020051
:10592400010000000000e0005b01320040012000a3
:10593400609c880061013700f0bc220010407800b0
:105944000004e0003300320020498100610060005f
:105954000000e00031003a00701d22001040780081
:105964000004e00004003200701d220010407800a2
:10597400e34f500029003a00501f220010407800e5
:105984000004e00004003200501f220010407800a0
:10599400e34f500021003a0070bf2200104078000d
:1059a4000080fb0061006000004078000004e0001b
:1059b40015003200c0be22001040780080407800fc
:1059c40000c8b30080c06000805f8100014178009e
:1059d40080007800f0bc2200b02e0200010000001c
:1059e400411f200040c1b3002069020001000000f3
:1059f400e0002000609c880010292100a1c0b300b1
:105a04000148780005003700f0002000609c880001
:105a140002003700b0002000609c8800102921009b
:105a2400104078000004e0001d013a00b00020009e
:105a3400609c88002101370020498100614060009a
:105a44000080fb00610060000000e00011003a00eb
:105a54001029210041c1b30001487800c0be2200d2
:105a6400104078000004e00003003d0040012000e5
:105a7400609c880002003700f0002000609c8800d1
:105a8400411f200040c1b300206902000100000052
:105a94000a0137002103200040c1b300206902003d
:105aa4000100000005013700f0bc2200104078001e
:105ab4000004e0002a0032002049810061006000f7
:105ac4000000e00028003a00701d22001040780019
:105ad4000004e00004003200701d22001040780031
:105ae400e34f500020003a00501f2200104078007d
:105af4000004e00004003200501f2200104078002f
:105b0400e34f500018003a0070bf220010407800a4
:105b14000080fb00620060000000e0000d00320025
:105b2400f0bc2200d02e020001000000411f200022
:105b340040c1b30020690200010000000001200000
:105b4400609c880010292100a1c0b300014878009e
:105b54000500370040012000609c880002003700e7
:105b6400b0002000609c88001029210010407800bb
:105b74000004e000cc003a00b0002000609c8800e3
:105b8400ce00370020498100614060000080fb00a6
:105b9400610060000000e000c5003a00b000200091
:105ba400609c8800c5003700e0bc220010407800eb
:105bb4000080fb00505f8900505f81004600dd00db
:105bc400505f8900505f81001004b000505f89006d
:105bd400f1bc2200505f81000080e80025cb220048
:105be40044cb22008101780012c0b3008000780009
:105bf40000cab300dc90020001000000f0bc2200e7
:105c04001040780080407800c0be2200014878002f
:105c1400a00c2000609c8800c0be220010407800c8
:105c24008080fb0000042000008060000000e00091
:105c340023003200920120008000eb00f0bc22001f
:105c4400c804020000000000f1bc2200505f810083
:105c54007200400024cb220043cb220001017800d3
:105c64008000780000cab300c0d002000100000028
:105c740080be22008040eb0001487800f0bc220086
:105c8400104078000004e00009003200f0bc22005b
:105c94001ad30200010000000000e00004003200fa
:105ca4001029210041c1b300014878008300370066
:105cb400f0bc22008040eb00014878007f003700f0
:105cc400f0bc22008040eb00014878007b003700e4
:105cd400f0bc2200104078000004e00038003200dc
:105ce40020498100610060000000e00022003a00c9
:105cf400701d2200104078000004e000040032000f
:105d0400701d220010407800e34f50001a003a0042
:105d1400501f2200104078000004e000040032000c
:105d2400501f220010407800e34f500012003a0048
:105d3400f1bc220020ba2c0086b70200000000004b
:105d440012c0b300f1b32000f0bc2200b2c50200bf
:105d540000000000411f200040c1b3002069020080
:105d640001000000b00c2000609c88001029210074
:105d7400a1c0b30001487800102921001040780028
:105d84000004e0004c003a00e0bc2200104078001f
:105d94008040e800e0bc220001487800e0bc22001a
:105da40010407800e94f500002003600a00f200098
:105db40001003700900c2000609c88003f003700f1
:105dc400e0bc2200104078008040e800e0bc2200e3
:105dd40001487800e0bc220010407800e94f5000f0
:105de40002003600a00f200001003700900c2000b4
:105df400609c8800310037002049810061406000c8
:105e04000080fb00610060000000e0000e003a002a
:105e1400e0bc2200104078008040e800e0bc220092
:105e240001487800e0bc220010407800e94f50009f
:105e340002003600a00f200001003700900c200063
:105e4400609c88001d0037002103200040c1b3007e
:105e54002069020001000000180037001000200033
:105e6400609c88001500370010002000609c8800aa
:105e74000000000011003700000000000f00370090
:105e8400000000000d003700000000000b00370088
:105e94000000000009003700000000000700370080
:105ea4000000000005003700000000000300370078
:105eb4000000000001003700000000000080fa002c
:105ec400000006000200fa00004f78001147980015
:105ed4001e80fb0041d92000614078000080fb0057
:105ee400e40f50005c003200e40f50000c003c0052
:105ef400e10f500028003200e10f500003003c0085
:105f04000000e0000f003200cc003700e20f500028
:105f140030003200e30f500036003200c700370073
:105f2400e60f500093003200e60f50005400350095
:105f3400e70f50009d003200e80f5000ad00320022
:105f4400be0037001e4090000004e00005003a0047
:105f54001e80fb0041d9200012c0b300827078007b
:105f6400d40037001e407800e34f5000be003a00d2
:105f7400116d800000082000008060000000e00037
:105f8400bb00320011c0b300000820000634020038
:105f940001000000c70037001e4090000004e0002c
:105fa40004003a001e80fb0041d9200022c0b30047
:105fb400827078001e409000e14f5000ae003a001d
:105fc4001e80fb0041d920000041eb008270780064
:105fd400b80037001e409000e14f5000a8003a007e
:105fe4001e80fb0041d920000041eb008270780044
:105ff400b00037001e407800e34f500009003a001b
:10600400116d800000082000008060000000e000a6
:1060140004003a0011c0b300000820003834020024
:10602400010000001e407800e24f500096003a0044
:10603400116d800000402000008060000000e0003e
:1060440093003a0011c0b30000402000383402002d
:1060540001000000970037001e80fb0081d920005a
:1060640000004000008040008000eb000108780040
:106074001e80fb0041d9200052c0b300827078001a
:106084001e409000e14f50000b003a001e80fb00c0
:1060940041d920000041eb00827078001e80fb0093
:1060a40081d9200000004000008040008000eb0007
:1060b400010878007f0037001e407800e34f50004d
:1060c40009003a0011c0b30000082000383402006f
:1060d400010000001e80fb0041d9200072c0b30003
:1060e40082707800730037001e407800e24f500041
:1060f40009003a0011c0b300004020003834020007
:10610400010000001e80fb0041d9200082c0b300c2
:1061140082707800670037001e80fb0082d920005f
:106124008000400081004100910078008100e80077
:1061340082d92000000040000000410001087800de
:106144001e80fb0081d92000000040000080400038
:1061540090007800007d2000808f50004e003600b3
:106164001e80fb0041d9200062c0b3008270780019
:10617400500037001e409000e14f500048003a00a4
:106184001e80fb0041d920000041eb0082707800a2
:106194001e80fb0081d920000000400000804000e8
:1061a4008000eb0001087800420037001e40900098
:1061b400e14f50003c003a001e80fb0041d9200012
:1061c4000041eb00827078001e80fb0081d9200022
:1061d40000004000008040008000eb0001087800cf
:1061e40011c0b300000820000634020001000000c2
:1061f400300037001e409000e14f50002c003a0060
:106204001e80fb0041d920000041eb008270780021
:106214001e80fb0081d92000000040000080400067
:106224008000eb000108780011c0b300004020009a
:1062340006340200010000001e0037001e80fb002f
:1062440041d920000041eb00827078001e80fb00e1
:1062540081d9200000004000008040008000eb0055
:106264000108780013003700000000001100370017
:10627400000000000f003700000000000d00370090
:10628400000000000b003700000000000900370088
:106294000000000007003700000000000500370080
:1062a4000000000003003700000000000100370078
:1062b400000000000080fa00000006000400fa005c
:1062c40020479800314798000040eb00004f7800c9
:1062d4002e409000e34f500005013e0020cd2200e7
:1062e40081c0b30001487800106d80000000e00018
:1062f40007003a00e0cb2200104078000080fb0049
:1063040061006000004078000004e00006003200f4
:1063140020cd220010407800804078000124a000a5
:1063240020cd22000148780010d9200010407800c8
:106334000080fb006a0060000000e00004003200fe
:1063440020d9200010407800e24f50000a003a00a3
:10635400f0b7220010407800e14f500006003200f0
:10636400409b80000000e00016003200409b80004b
:10637400e80f500013003e0020cd220010407800aa
:10638400804078000104a00020cd2200014878005c
:10639400a0c72200104078000004e00009003a0081
:1063a400f0b7220010407800e14f500005003a0099
:1063b400a0c7220021c0b3000148780010002000cb
:1063c400c09c880010d92000104078000080fb0099
:1063d400640060000000e0001000320010d92000ca
:1063e400104078000080fb00680060000000e000be
:1063f4000a003a0020d9200010407800e24f5000f3
:106404000600320020cd2200104078008040780041
:106414000114a00020cd220001487800409b800098
:10642400e60f500012003a0020cd22001040780000
:10643400804078000114a00020cd2200014878009b
:106444002e4090000080fb004200dd000080e80048
:10645400d1db200061407800e14f500007003a0092
:1064640030cd220011c0b30001487800030037008a
:1064740030cd22008040eb0001487800e0cb2200c0
:10648400104078000080fb00640060000000e00021
:106494000600320020cd22001040780080407800b1
:1064a4000144a00020cd22000148780030998000ea
:1064b4000000e0000900320030998000e30f500032
:1064c40006003e0020cd2200104078008040780075
:1064d4000154a00020cd220001487800509a800089
:1064e400e20f50000600360020cd22001040780054
:1064f400804078000174a00020cd2200014878007b
:10650400f0802000104078000080fb0063006000f1
:106514000000e0000d003200f08020001040780000
:106524008080fb00000e2000008060000000e0007e
:1065340006003a0020cd2200104078008040780008
:106544000164a00020cd2200014878002e40900074
:106554000080fb004200dd00c1db2000e140780048
:1065640020cd22001040780000c060000004e0004c
:106574001700320010c0b300004f780020cd220075
:10658400104078008080fb00000220000080600042
:106594000000e000270032002e4090000080fb0045
:1065a4004200dd00c1db2000614078008080fb00f8
:1065b40000022000008060000000e0001d003200a6
:1065c4000081200061c0b300014878001900370041
:1065d400f0dc2000104078000004e00015003200d8
:1065e4002e4090000080fb004200dd00d1db200043
:1065f400e140780020cd22001040780000c0600007
:106604000004e0000200320010c0b300004f780024
:106614002e4090000004e00006003a00e0802000d4
:10662400104078000004e0000200320010c0b30003
:10663400004f78002e4090000080fb004200dd00f7
:106644000080e800c1db2000614078000004e00025
:10665400080032001e4078000004e000030032000d
:106664000040eb00004f78000200370010c0b30078
:10667400004f78003e4090009e40780080cf50004c
:106684000d0032002e4090000080fb004200dd002f
:10669400c1db2000614078008080fb000002200004
:1066a400008060000000e000030032000081200050
:1066b40071c0b300014878002e4090000080fb00b8
:1066c4004200dd000080e800d1db2000614078005a
:1066d4000004e0000600320030cd220010407800b3
:1066e400e14f500002003a0010c0b300004f7800a0
:1066f4001e4078000080fa00000006009c00fa00aa
:10670400889fbe008a1f7800102b2100104078005b
:106714000080fb00000f78001e007800e40f50009a
:1067240002003e0050002000000f78009e00780018
:1067340050c0b3002069020001000000e05980004d
:106744000000e00029003a00403680004400de00ea
:1067540061406000804078000040eb00d9fd0700f4
:10676400403680004500de006140600080407800d3
:1067740010c0b300d3fd0700403680004300de00a4
:10678400614060008040780020c0b300cdfd070068
:10679400403680004200de006140600080407800a6
:1067a40030c0b300c7fd070040d920001040780076
:1067b400e64f50000400320050d920001040780009
:1067c400e64f500005003a0011c0b300400020001d
:1067d40038340200010000000400370011c0b30087
:1067e400400020000634020001000000909980005f
:1067f4000000e80090998800002b210010407800e8
:106804000080fb00620060000000e00067003200ce
:1068140090998000e10f500003003200e40f500013
:106824002100320053003700200781000000d1000e
:10683400614060008082fb002007810061406000ad
:106844000082fb0043e98000204981006140600030
:106854000081fb00d19880000e80e800851f78003d
:10686400841f7800831f7800821f7800811f7800be
:1068740081a02c00811f7800610920005e040200c1
:1068840000000000ec8757000040eb00005f990017
:10689400e8d60200010000000e80e80084d6020061
:1068a4000100000041003700a028210010407800ba
:1068b4000085fb0039998000d8988000579a8000a1
:1068c400403680004500de00614060000083fb002c
:1068d400403680004400de00614060008082fb009e
:1068e40000812000104078000082fb00108120000d
:1068f400104078008081fb0050d9200010407800bf
:106904000081fb0040d92000104078008080fb000b
:106914000e80e8008a1f7800891f7800881f78009d
:10692400871f7800861f7800851f7800841f7800f1
:10693400831f7800821f7800811f780061a42c00d7
:10694400811f7800610920005e040200000000003d
:10695400f68757000040eb00005f9900e8d602007c
:10696400010000000e80e80084d60200010000004f
:106974000e00370091998000518f9800027d20000d
:106984001e00780080017800110009000381d800fe
:10699400de889000808f5000030039000000eb0077
:1069a4009099880001003700000000004f0578002e
:1069b4004f04be000080fa00000006000800fa0040
:1069c4001007980021079800624798000000eb0028
:1069d400000f780020498100610060000000e000a1
:1069e40008003a001e009000104078000004e00007
:1069f400040032002e009000104078000004e000f3
:106a040002003a000040eb00410037000000eb00b8
:106a1400000f7800080037001e0078009e009000e8
:106a24000080400090407800609c22001e004000de
:106a3400014878001e0fe8001e0078009e009000b8
:106a440000804000104078000004e00003003200a1
:106a54001e007800f80f5000efff3400609c220005
:106a64001e0040008040eb00014878000000eb006d
:106a7400000f7800080037001e007800ae00900078
:106a84000080400090407800409222001e004000a8
:106a9400114098001e0fe8001e007800ae00900020
:106aa40000804000104078000004e0000400320040
:106ab400f00920009e007800808f5000eeff340023
:106ac400409222001e0040008040eb0011409800dc
:106ad400204981000010a10020498900204981003b
:106ae4000000a000204989006e40900061406000d1
:106af4000080fb00610060004400dd00214981004a
:106b04000140a100010070002049890010c0b300b9
:106b14000080fa00000006000200fa00004f78002e
:106b24001e80fb00e10f50000b003200e20f50000a
:106b3400100032000000e00015003a0070108100df
:106b44000010a10070108900701081000000a100e5
:106b5400701089000e003700701081000010a00032
:106b640070108900701081000000a100701089006d
:106b740007003700701081000010a1007010890018
:106b8400701081000000a000701089000000000057
:106b94000080fa00000006000000fa007010810076
:106ba400620060000000e00006003a0070108100fe
:106bb400610060000000e00002003a000040eb00c9
:106bc4002100370070108100620060000000e000c6
:106bd40006003a0070108100610060000000e000cf
:106be4000200320020c0b30017003700701081008b
:106bf400620060000000e0000600320070108100b6
:106c0400610060000000e00002003a0010c0b30020
:106c14000d00370070108100620060000000e00089
:106c24000800320070108100610060000000e00084
:106c34000400320010c0b300b7ff070010c0b30057
:106c440001003700c0c0b3000080fa000000060055
:106c54000000fa0040e98000004078000080fa005b
:106c6400000006000000fa00006681000040780081
:106c74000080fa00000006000000fa00701d2200e7
:106c8400104078000004e00009003a00501f220080
:106c9400104078000004e00005003a0040e980005c
:106ca400e30f500002003a0010c0b30001003700a7
:106cb4000040eb000080fa00000006000800fa0023
:106cc40020079800614798000000eb00000f78004f
:106cd4002e009000aea002000100000010079800f2
:106ce400e5ff07000004e0000b0032001e009000e6
:106cf400f90f500008003c001e0090000000e00066
:106d0400050032002e0090001ad30200010000009a
:106d14000000e00002003a000040eb001e003700d3
:106d2400d00e81000010a100d00e890080972c00a5
:106d340084d6020001000000501f220011c0b300dd
:106d440001487800920120008000eb00b01d220071
:106d5400c8040200000000000000eb00000f7800ef
:106d6400080037001e007800ae009000008040004c
:106d740090407800a01d22001e00400011409800a1
:106d84001e0fe8001e0090009e007800808f5000c7
:106d9400f4ff350010c0b3000080fa0000000600c4
:106da4000000fa00701d2200104078000004e0008a
:106db40004003a00501f2200104078000004e00054
:106dc4000200320010c0b300010037000040eb00a5
:106dd4000080fa00000006000000fa006eff0700c1
:106de4000004e00008003a00e00d81000000a0006b
:106df400e00d8900d00e81000000a000d00e8900b3
:106e040010c0b300010037000040eb000080fa001e
:106e1400000006000e00fa00404f9800e8d6020079
:106e240001000000809a2c0084d6020001000000ba
:106e34004e4890000080fb0001052000810f5000a7
:106e44003900320001052000810f500007003c008a
:106e540041042000810f50000b003200d1042000b7
:106e6400810f500048003200a200370021052000a5
:106e7400810f50008300320041052000810f500033
:106e8400590032009b00370050d620009040780013
:106e9400801f22002140980010d6200090407800e6
:106ea400801f22003140980090d620009040780046
:106eb400801f220041409800c0d5200090407800f7
:106ec400801f220051409800f0d5200090407800a7
:106ed400801f220011409800609b2c0084d6020081
:106ee40001000000c09b2c0084d6020001000000b9
:106ef400801f2200104090000080fb00801f78005b
:106f0400109c2c00801f78000e0078009204020070
:106f140000000000e48757000e00780084d60200c9
:106f2400010000007800370060d62000904078000f
:106f3400801f22002140980020d620009040780035
:106f4400801f220031409800a0d620009040780095
:106f5400801f220041409800c0d520009040780056
:106f6400801f220051409800b0d520009040780046
:106f7400801f220011409800509c2c0084d60200ef
:106f8400010000006000370080d6200090407800a7
:106f9400801f22002140980020d6200090407800d5
:106fa400801f220031409800c0d620009040780015
:106fb400801f220041409800e0d5200090407800d6
:106fc400801f220051409800d0d5200090407800c6
:106fd400801f220011409800a09c2c0084d602003f
:106fe400010000004800370070d62000904078006f
:106ff400801f22002140980030d620009040780065
:10700400801f220031409800b0d6200090407800c4
:10701400801f220041409800d0d620009040780084
:10702400801f22005140980040d620001040780074
:107034000004e00008003a00e0d6200011c0b300cc
:107044000148780040d6200090407800801f22003c
:107054001140980007003700e0d620008040eb0084
:107064000148780040d6200090407800801f22001c
:1070740011409800209d2c0084d6020001000000dd
:107084002100370050d6200090407800b0cdb300e6
:1070940080c04000801f22002140980010d62000ac
:1070a40090407800b0cdb30080c04000801f220023
:1070b4003140980090d6200090407800801f220034
:1070c40041409800c0d5200090407800801f2200e5
:1070d40051409800f0d5200090407800801f220095
:1070e40011409800809d2c0084d60200010000000d
:1070f40005003700009e2c0084d602000100000029
:107104000040eb0014003700801f220090409000e4
:1071140040c6b30080cf500003003600801f220019
:10712400e1c0b30011409800801f2200ce489000b7
:1071340061409800801f2200900078000100a000a8
:1071440001087800801f2200900078000110a1003f
:107154000108780010c0b3000080fa0000000600a7
:107164000000fa00701d220010407800e24f500029
:1071740007003a00e00d8100620060000000e000ba
:1071840003003200e00d81000020a000e00d890022
:107194000040eb000080fa00000006000200fa0044
:1071a400004f78009e40780061c060000080fb00c2
:1071b4006100600000004000e10d81000110a100a9
:1071c40001007000e00d89000080fa000000060054
:1071d4000000fa00e00d81000000d1006140600071
:1071e4000080fa00000006000000fa00701d220072
:1071f400104078000080fa00000006000000fa0049
:10720400c00e81000080fa00000006000000fa00b1
:10721400b00f81000080fa00000006000600fa00aa
:107224001007980041479800524798000040eb002f
:10723400004f78004e409000ea4f500009003e0095
:107244004e4090000004e000060032005e409000d2
:10725400f44f500003003e005e4090000004e00044
:1072640002003a000040eb00360037000040eb001b
:10727400004f7800220037001e80fb009e00900023
:1072840000804000104078000000fb0091032000c3
:10729400810f50000a003c0001032000810f5000c0
:1072a4000a003d0031022000810f50000700320027
:1072b400a1022000810f5000040032000e003700ac
:1072c4001004b100e30f50000b003e001e81fb00d0
:1072d4001e80fb009e00900000804000104078005b
:1072e40080407800002022000000410011409800f6
:1072f4001e4fe800020037000040eb001100370089
:107304004e4090009e40780080cf5000daff390054
:10731400d0202200ce40900001487800c0202200f6
:10732400de40900001487800001081000010a100a8
:1073340000108900001081000000a00000108900e6
:1073440010c0b3000080fa00000006000000fa003c
:1073540000108100614060000080fa000000060017
:107364000000fa00001081000000d10061406000bc
:107374000080fa00000006003400fa00c09c80007f
:107384008000eb003206200003002000820f500032
:10739400838f58009d013e00006001009b0137006f
:1073a400620037007d00370090003700ad003700e1
:1073b400bd003700d7003700e7003700fb00370077
:1073c4000d0137006d013700800137008f01370050
:1073d4008e0137008d0137008c0137008b01370097
:1073e4008a01370089013700880137008701370097
:1073f4008601370085013700840137008301370097
:107404008201370081013700800137007f01370096
:107414007e0137007d0137007c0137007b01370096
:107424007a01370079013700780137007701370096
:107434007601370075013700740137007301370096
:107444007201370071013700700137006f01370096
:107454006e0137006d0137006c0137006b01370096
:107464006a01370069013700680137006701370096
:107474006601370065013700640137006301370096
:107484006201370061013700600137005f01370096
:107494005e0137005d0137005c0137005b01370096
:1074a4005a01370059013700580137005701370096
:1074b4005601370055013700540137005301370096
:1074c4005201370051013700500137004f01370096
:1074d4004e0137004d0137004c0137004b01370096
:1074e4004a01370049013700480137004701370096
:1074f4004601370045013700440137004301370096
:107504004201370041013700400137003f01370095
:107514003e0137003d0137003c0137003b01370095
:107524003a01370039013700e200370000d7200064
:1075340025cb220044cb22008001780022c0b30076
:107544009142200000cab300dc9002000100000058
:10755400806b8000801f780060632c00801f78009f
:107564000e0078009204020000000000e487570037
:107574000e00780084d602000100000044010700d8
:10758400a100200060c1b3002069020001000000d6
:1075940020002000c09c88001c01370010652c00ce
:1075a40084d602000100000000c822008040eb00e5
:1075b4000148780010c8220041c0b3000148780097
:1075c400b2c722002100200000c822003d010700ac
:1075d400411f200060c1b3002069020001000000c7
:1075e40030002000c09c880008013700a0c722009a
:1075f400104078000080fb00e10f500003003200cf
:10760400e20f5000070032000c003700e0662c0047
:1076140084d602000100000040002000c09c8800c5
:107624000f00370040682c0084d6020001000000df
:1076340080002000c09c880009003700a0c72200f9
:107644008040eb0001487800b0692c0084d6020029
:107654000100000080002000c09c880000000000a1
:10766400ea00370000c822008040eb00014878009f
:1076740010c8220041c0b30001487800b2c72200fc
:107684002100200000c822000e010700416a2000ea
:1076940060c1b30020690200010000005000200016
:1076a400c09c8800d9003700c31220003206200095
:1076b4008040eb00d06a2c0074cc02000000000073
:1076c40000c822008040eb000148780010c8220066
:1076d40051c0b30001487800b2c722002100200045
:1076e40000c82200f7000700816b8000803e200064
:1076f4000088b900000078008000780060c1b30001
:10770400206902000100000060002000c09c880085
:10771400be00370000c822008040eb00014878001a
:1077240010c82200c1c0b30001487800b2c72200cb
:107734002100200000c82200e200070021032000ed
:1077440060c1b30020690200010000007000200045
:10775400c09c8800ad003700a0c722008040eb0029
:1077640001487800706b2c0084d6020001000000f0
:1077740000cd02000000000000c822008040eb00a1
:107784000148780010c822008040eb0001487800ce
:10779400b2c722002100200000c82200c90007004f
:1077a4000000eb00c09c8800980037000000eb004c
:1077b4007064890000c822008040eb000148780012
:1077c40010c8220041c0b30001487800b2c72200ab
:1077d4002100200000c82200ba0007002103200075
:1077e40060c1b30020690200010000009000200085
:1077f400c09c880085003700501f2200104078008c
:10780400e34f500008003200501f2200104078005f
:10781400e64f500004003200501f22001040780050
:107824000004e00007003a00f0b72200104078009e
:10783400e14f500003003200a0002000c09c8800eb
:1078440072003700806d2c0084d602000100000015
:107854000000eb007064890000c822008040eb0047
:107864000148780010c8220071c0b30001487800b4
:10787400b2c722002100200000c8220091000700a6
:10788400706481000000e800706489003006200004
:10789400c09c8800c0c822008040eb0001487800ea
:1078a4002103200060c1b300206902000100000030
:1078b40056003700501f220010407800e34f50005c
:1078c40008003200501f220010407800e64f50009c
:1078d40004003200501f2200104078000004e00031
:1078e40007003a00f0b7220010407800e14f500042
:1078f40003003200a0002000c09c88004300370031
:10790400c0c82200104078008040e800c0c82200af
:1079140001487800c0c8220010407800f34f50009e
:1079240011003600c0c822008040eb0001487800f6
:10793400706481000000e800706489007164810053
:10794400806b8000808f5000070035000000eb0042
:107954007064890090002000c09c8800d06e2c00c8
:1079640084d60200010000002103200060c1b3009e
:1079740020690200010000002400370000c8220032
:107984008040eb000148780010c82200c1c0b30059
:1079940001487800b2c722002100200000c822005c
:1079a400480007002103200060c1b30020690200e1
:1079b4000100000050702c0084d602000100000079
:1079c400b0002000c09c880010003700a0c722002f
:1079d4008040eb000148780000c822008040eb00a2
:1079e4000148780010c822008040eb00014878006c
:1079f400b2c722002100200000c822003100070085
:107a04000000eb00c09c880000000000f0b72200da
:107a140010407800e14f50000c003200a0c7220053
:107a240010407800e24f500008003200501f22003e
:107a340010407800e14f500004003200501f220033
:107a440010407800e24f500002003a00b606a80049
:107a540001003700b606a900501f2200104078002c
:107a6400e34f500004003200501f22001040780001
:107a7400e64f500004003a00b606a900f0b7220011
:107a84008040eb00014878000080fa000000060006
:107a94000000fa001224ef001424ef001824ef0071
:107aa4002024ef002424ef002624ef002824ef00f4
:107ab4002a24ef0000322800802088000080fa0089
:107ac400000006001800fa00100f9800210f98001b
:107ad400320f98000000eb00000f78000000eb006c
:107ae400100798000000eb00700798000000eb00fe
:107af400000f98001000200060079800a366a900fa
:107b04001e0890000000e00005003a000000eb00b1
:107b140050079800700047002007980004003700c1
:107b2400ee009000510798009e08900021079800ed
:107b34003e0890000000e00005003a000000eb0061
:107b4400400798006e004700300798000500370092
:107b5400ee00900041079800be089000310798009d
:107b640000000000c0208000680060000000e00009
:107b7400fcff32001e00370000000000c02080001f
:107b8400680060000000e000fcff32002e0090005e
:107b9400104078000080fb00e0208800ae009000d8
:107ba4005e00900000804000200798001e0fe8004f
:107bb40000000000c0208000610060000000e000c0
:107bc400fcff3200e0208000804078003e009000fe
:107bd40001487800be0090004e00900000804000f4
:107be400300798001e0090000000e800100798007d
:107bf4002e0890009e007800808f5000deff390030
:107c0400a366a8001e0078000080fa0000000600a9
:107c14000200fa000040eb00004f7800f0e0200082
:107c2400104078000080fb00e10f50001300350085
:107c3400e20f500005003400e30f50000f003a003b
:107c440010c0b300004f78001200370020498100b3
:107c5400610060000000e0000b003a00214981004f
:107c6400000e2000008060000000e00008003a00e0
:107c740010c0b300004f7800060037000000eb008e
:107c8400009c88000300370000000000010037005a
:107c9400000000001e4078000080fa00000006008a
:107ca4000200fa00000f7800f0e020001040780095
:107cb4000080fb00e20f50001f003200e30f500071
:107cc40003003200e10f500008003200300037009a
:107cd4008001eb000001eb008000eb001e00780047
:107ce40018be020000000000290037008001eb00ec
:107cf4000001eb00a1dd20001e00780018be020088
:107d040000000000f0b32000104078000004e00000
:107d14001c0032000041eb00f1b32000a0dd200084
:107d2400b2c5020000000000f0b320008040eb0068
:107d340001487800160037008001eb000001eb00d9
:107d440041df20001e00780018be02000000000081
:107d5400f0b32000104078000004e0000b00320073
:107d64000041eb00f1b3200040df2000b2c5020067
:107d740000000000f0b320008040eb0001487800d0
:107d8400030037000000000001003700000000007d
:107d94000080fa00000006001600fa00009c800033
:107da400e70f5000f2003200e70f500010003e00d1
:107db400e20f500071003200e20f500005003e0057
:107dc4000000e0001b003200e10f500028003200e8
:107dd400ac013700e50f50009a003200e50f500067
:107de400b4003e00e30f50007d003200a5013700cf
:107df400ea0f50003c013200ea0f500005003e003b
:107e0400e80f500006013200e90f50001d01320056
:107e14009c013700ec0f500065013200ec0f50005c
:107e24004a013900810c2000810f50007901320091
:107e340094013700e0e020008040eb000148780026
:107e4400f0e020008040eb0001487800a0dd200035
:107e54008040eb000148780040df20008040eb00c8
:107e64000148780010002000009c88008801370039
:107e7400e0e02000104078000004e00008003a0030
:107e8400a0dd2000104078000004e00004003a0067
:107e940040df2000104078000004e000320032008f
:107ea400e0e02000104078000004e0000c00320004
:107eb400f0e0200031c0b30001487800e0e0200089
:107ec40010407800e14f500003003a0020002000e9
:107ed400009c88000200370090002000009c88006d
:107ee400a0dd2000104078000004e0000c00320007
:107ef400f0e0200011c0b3000148780000e1200048
:107f040010407800e14f500003003a0020002000a8
:107f1400009c88000200370090002000009c88002c
:107f240040df2000104078000004e0000c00320024
:107f3400f0e0200021c0b3000148780010e12000e7
:107f440010407800e14f500003003a002000200068
:107f5400009c88000200370090002000009c8800ec
:107f6400000000004a013700411f200020c1b30077
:107f740020690200010000004501370024ff0700ca
:107f84000004e000080032000e80e800a1b42c00d8
:107f940028d20200010000000e80e80040ff070024
:107fa40030002000009c8800f0e0200010407800a1
:107fb400e34f500005003a00810c200020c1b300bb
:107fc400206902000100000031013700813e2000d9
:107fd40020c1b30020690200010000002c01370019
:107fe4000bff07000004e000080032000e80e800e8
:107ff40001b52c0028d20200010000000e80e80028
:1080040027ff070050002000009c8800f0e02000bb
:1080140010407800e34f500005003a00810c200026
:1080240020c1b300206902000100000018013700dc
:10803400813e200020c1b30020690200010000003d
:1080440013013700f2fe07000004e0000b003200c9
:108054000e80e80061b52c0028d202000100000067
:108064000e80e8000eff0700a0cd22008040eb0048
:108074000148780060002000009c8800f0e02000a7
:1080840010407800e34f500005003a00810c2000b6
:1080940020c1b3002069020001000000fc00370089
:1080a400813e200020c1b3002069020001000000cd
:1080b400f7003700d6fe07000004e0001e0032007f
:1080c4000e80e800b1b52c0028d2020001000000a7
:1080d400000f78001e0078008e80e8008080400049
:1080e400a0cd2200104078000041eb00d2a0020095
:1080f400010000001e0f40000e80e800e8fe0700ab
:10810400a0cd2200104078008040e800a0cd2200dd
:1081140001487800a0cd220010407800e94f5000bb
:108124000500360070002000009c8800a0cd2200cd
:1081340011c0b30001487800f0e02000104078003e
:10814400e34f500005003a00810c200020c1b30029
:108154002069020001000000cd003700813e2000ac
:1081640020c1b3002069020001000000c8003700ec
:10817400a7fe07000004e0001b0032000e80e800a8
:1081840021b62c0028d2020001000000000f780064
:108194001e0078008e80e80080804000a0cd220080
:1081a400104078000041eb00d2a002000100000062
:1081b4001e0f40000e80e800b9fe0700a0cd22008b
:1081c400104078008040e800a0cd220001487800eb
:1081d400a0cd220010407800e44f50000200360089
:1081e40080002000009c8800f0e02000104078000f
:1081f400e34f500005003a00810c200020c1b30079
:108204002069020001000000a1003700813e200027
:1082140020c1b30020690200010000009c00370067
:108224007bfe07000004e000080032000e80e80036
:1082340091b62c0028d20200010000000e80e80054
:1082440097fe070090002000009c8800f0e02000ca
:1082540010407800e34f500005003a00810c2000e4
:1082640020c1b3002069020001000000880037002b
:10827400813e200020c1b3002069020001000000fb
:108284008300370062fe07000004e00008003200ab
:108294000e80e80011b72c0028d202000100000073
:1082a4000e80e8007efe0700a0002000009c8800ed
:1082b400f0e0200010407800e34f500005003a0041
:1082c400810c200020c1b3002069020001000000dd
:1082d4006f003700813e200020c1b30020690200f6
:1082e400010000006a00370049fe07000004e000b6
:1082f400080032000e80e80041b72c0028d20200aa
:10830400010000000e80e80065fe0700b0002000b8
:10831400009c8800f0e0200010407800e34f5000fb
:1083240005003a00810c200020c1b300206902003e
:108334000100000056003700813e200020c1b30038
:1083440020690200010000005100370030fe0700e0
:108354000004e000080032000e80e80091b72c0011
:1083640028d20200010000000e80e8004cfe070045
:10837400c0002000009c8800f0e02000104078003d
:10838400e34f500005003a00810c200020c1b300e7
:1083940020690200010000003d003700813e2000fa
:1083a40020c1b3002069020001000000380037003a
:1083b40017fe07000004e000080032000e80e80009
:1083c400e1b72c0028d20200010000000e80e80072
:1083d40033fe0700800c2000009c8800f0e02000a1
:1083e40010407800e34f500005003a00810c200053
:1083f40020c1b300206902000100000024003700fe
:10840400813e200020c1b300206902000100000069
:108414001f003700f0e02000104078000080fb00cf
:10842400e20f50000d003200e30f50000300320051
:10843400e10f5000050032000c003700e0e020009e
:108444008040eb000148780008003700a0dd2000e0
:108454008040eb00014878000400370040df200032
:108464008040eb000148780000000000f0e02000ac
:108474008040eb000148780010002000009c880038
:10848400030037000000eb00009c8800000000009f
:108494000080fa00000006000000fa00881f78003f
:1084a400409b80008000eb0052012000030020006c
:1084b400820f5000838f5800d3013e0000600100fa
:1084c40015003700d001370074003700ce013700a3
:1084d400cd013700cc013700a8003700ca013700ae
:1084e400c5003700e8003700fd00370002013700ff
:1084f400100137004f01370074013700c201370003
:10850400c1013700c0013700bf013700be01370089
:1085140077013700a1013700f6b80200010000001e
:10852400e34f500031003a0050c4b300443b020012
:1085340001000000e8d6020001000000c0172c0072
:1085440084d6020001000000101b2c0084d6020017
:1085540001000000d01b220084d6020001000000ac
:10856400b01b2c0084d602000100000080d520003e
:1085740011c0b30001487800f0db200010407800ff
:10858400e14f50000c00320030dc20001040780035
:10859400e14f50000800320070dc200010407800e9
:1085a400e14f500004003200b0dc2000104078009d
:1085b400e14f500004003a00d0c4b3000cb70200ed
:1085c400010000000300370000c5b3000cb702002f
:1085d4000100000011c0b3000004200006340200b2
:1085e4000100000060002000409b8800f6b80200f3
:1085f40001000000e24f500074013a00eab80200a2
:1086040001000000e14f500072013a0050c4b30071
:10861400443b020001000000e8d602000100000013
:10862400d01b2c0084d6020001000000101b2c007b
:1086340084d6020001000000d01b220084d6020070
:1086440001000000b01b2c0084d6020001000000d1
:1086540080dd20008040eb000148780080d52000b8
:1086640011c0b3000148780053062000e200200046
:1086740011c0b300d01e2c0074cc02000000000016
:1086840011c0b30000042000063402000100000001
:1086940020002000409b88005b01370050c4b300d9
:1086a400443b02000100000080dd200010407800ff
:1086b400e14f500023003a0000cd0200000000000a
:1086c40080dd20008040eb000148780080d5200048
:1086d40011c0b30001487800f0db2000104078009e
:1086e400e14f50000c00320030dc200010407800d4
:1086f400e14f50000800320070dc20001040780088
:10870400e14f500004003200b0dc2000104078003b
:10871400e14f500004003a00d0c4b3000cb702008b
:10872400010000000300370000c5b3000cb70200cd
:108734000100000060002000409b8800b2b80200e5
:1087440001000000f6b80200010000000004e0008f
:1087540022013a0000cd0200000000008000200049
:10876400409b8800e8d6020001000000601f2c0036
:1087740084d60200010000002301370090c4b30036
:10878400443b020001000000b06a80000000e000e9
:108794000d00320000b9020001000000b16a80003f
:1087a400810f500008003600eeb602000100000000
:1087b40080002000409b8800c15d2000e0c0b30021
:1087c4002069020001000000f6b802000100000068
:1087d4000004e00003013a0080002000409b880070
:1087e400e8d6020001000000f0222c0084d602002a
:1087f400010000000401370050ff20008040eb001e
:108804000148780080d520008040eb0001487800c2
:1088140000b9020001000000ee0f50001400360001
:10882400f0db200010407800e14f50000c003200d3
:1088340030dc200010407800e14f50000800320086
:1088440070dc200010407800e14f5000040032003a
:10885400b0dc200010407800e14f500007003a00df
:10886400d0c4b3000cb702000100000003003700bd
:1088740000c5b3000cb70200010000009000200006
:10888400409b8800e0003700d0c4b300443b0200a2
:1088940001000000f6b80200010000000004e0003e
:1088a40003003a00a0002000409b8800d600370057
:1088b400eeb602000100000050ff200010407800d6
:1088c4008040e80050ff200001487800813e2000ed
:1088d400e0c0b3002069020001000000ca003700b4
:1088e40080bf22008040eb0001487800c0002000d7
:1088f400409b8800c400370080bf220010407800ed
:108904008040e80080bf22000148780080bf220038
:1089140010407800e94f5000030036004001200069
:10892400409b8800b8003700c0002000409b8800ae
:10893400b500370080bf2200104078000080fb00a3
:10894400a0608900a06081004600dd00a06089006d
:10895400a06081001004b000a060890091bf2200d3
:10896400a06081000080e80025cb220044cb2200d7
:108974008101780012c0b3008000780000cab300ff
:10898400dc9002000100000090bf2200104078003b
:108994008040780000c8b30080c0600060c122003d
:1089a40001487800b0002000409b880090bf22005e
:1089b400104078000000fb00680060000000e00048
:1089c4008a003200920120008000eb0090bf220058
:1089d400c80402000000000091bf2200a0608100d2
:1089e4007200400024cb220043cb22000101780016
:1089f4008000780000cab300c0d00200010000006b
:108a040020c122008040eb000148780090bf220082
:108a1400104078000004e00076003200d00020000e
:108a2400409b8800f028210041c1b3000148780030
:108a34007500370090bf2200104078000004e00069
:108a44001900320020498100610060000000e0004c
:108a540017003a0060c122001044780000b90200f7
:108a6400010000008000780080bf220010407800e0
:108a74000842780081017800d21b220091bf2200b5
:108a8400c8c60200000000000004e0000300320039
:108a9400e0002000409b880005003700b000200063
:108aa400409b880002003700b0002000409b8800f3
:108ab400f0282100104078000004e0004f003a0044
:108ac400b0002000409b88004f00370020498100ff
:108ad400614060000080fb00610060000000e00075
:108ae40048003a00b0002000409b88004600370050
:108af4000000eb00409b880020c5b300443b02000b
:108b040001000000e0d82000104078008080fb00c5
:108b140000022000008060000000e0001900320024
:108b240000b9020001000000ee0f50000f003e00eb
:108b3400e8d602000100000080262c0084d6020042
:108b440001000000017d2000e0c0b30020690200a4
:108b540001000000b0272c0084d6020001000000b0
:108b640050012000409b880027003700e8d602000f
:108b74000100000080282c0084d6020001000000bf
:108b840021003700e8d6020001000000702a2c0002
:108b940084d60200010000001b0037000000eb0037
:108ba400409b8800e8d6020001000000702c2c00d5
:108bb40084d6020001000000e0dc200011c0b300f4
:108bc40001487800000000000f003700000000009a
:108bd4000d003700000000000b003700000000000b
:108be4000900370000000000070037000000000003
:108bf40005003700000000000300370000000000fb
:108c040001003700000000004f0478000080fa00e3
:108c1400000006000000fa00a0988000e30f500056
:108c2400ed003200e30f500005003e00e10f50005c
:108c34006b003200e10f500094003e000700370043
:108c4400e90f500034013200ef0f500043013200ad
:108c5400e80f5000f500320070013700e02a2100cf
:108c6400104078000004e0002a0032000040eb00cd
:108c7400fe280200010000000004e000250032008c
:108c8400a028210090407800f0c3b30080cf5000aa
:108c940020003200d02a2100104078000004e000b7
:108ca4001c003a0080bb210010407800e14f5000c6
:108cb40018003a00a00d22009040780010c3b300c1
:108cc40080cf500005003200a00d220090407800b3
:108cd40050c3b30080cf50000e003a00e8d6020023
:108ce40001000000a0712c0084d6020001000000e5
:108cf400e02a21008040eb000148780080c1220076
:108d04008040eb000148780020002000a0988800f3
:108d14003200370010398100e20f500012003a008f
:108d2400a10020000040eb002069020001000000c7
:108d3400e8d6020001000000a0722c0084d60200d4
:108d44000100000080c122008040eb00014878004f
:108d540080002000a0988800b0282100e1c1b30061
:108d6400014878004401370010398100e20f5000b7
:108d74001500360010398100e50f500012003e0046
:108d8400a10020000040eb00206902000100000067
:108d9400e8d602000100000030742c0084d60200e2
:108da4000100000080c122008040eb0001487800ef
:108db400f0002000a0988800b0282100e1c1b30091
:108dc4000148780005003700017d20000040eb00d9
:108dd4002069020001000000270137002601370046
:108de40080c12200104078008040e80080c1220049
:108df4000148780080c1220010407800e94f5000fb
:108e04000b003600e8d6020001000000f0752c00cb
:108e140084d6020001000000e02a21008040eb001b
:108e2400014878000000eb00a09888000200370099
:108e340020002000a0988800a00d22009040780017
:108e440010c3b30080cf5000f8003200a00d220000
:108e54009040780050c3b30080cf5000f50032003a
:108e6400e8d602000100000060772c0084d60200de
:108e740001000000e02a21008040eb000148780056
:108e84000000eb00a0988800fb00370080c122009e
:108e9400104078000080fb00a0618900a06181007f
:108ea4004600dd00a0618900a06181001004b000cb
:108eb400a061890091c12200a06181000080e800c6
:108ec40025cb220044cb22008101780012c0b300dc
:108ed4008000780000cab300dc90020001000000aa
:108ee40090c12200104078008040780060c32200c6
:108ef4000148780010002000a098880060c3220078
:108f0400104078008080fb00000420000080600096
:108f14000000e000c900320060c322001040780065
:108f24000004e000c7003500920120008000eb003f
:108f340090c12200c80402000000000091c1220078
:108f4400a06181007200400024cb220043cb2200a8
:108f5400010178008000780000cab300c0d002008c
:108f64000100000020c322008040eb00014878008b
:108f740090c12200104078000004e000b3003200e9
:108f840090c122001ad30200010000000000e0009a
:108f9400b000320030002000a0988800b0282100e2
:108fa400e1c1b30001487800e8d6020001000000e6
:108fb40090792c0084d602000100000090c12200a8
:108fc40084d6020001000000b07a2c0084d602008e
:108fd40001000000a8003700204981006100600002
:108fe4000000e0000a003a00f0b3200094520200ae
:108ff400000000000041eb00f1b3200090c122000a
:10900400b2c502000000000010002000a0988800f3
:10901400b0282100104078000004e0008f003a00de
:1090240010002000a0988800930037002049810098
:10903400610060000000e00027003a0070a12000f9
:109044000e3a02000100000080e321001040780085
:109054000004e0000e00320080e321001ad3020075
:10906400010000000000e00009003200d07a2c006a
:1090740084d602000100000012c0b30071a12000d8
:1090840080e32100b2c5020000000000090037009f
:10909400407c2c0084d602000100000070a1200056
:1090a40084d6020001000000b07a2c0084d60200ad
:1090b4000100000071f18000f0ff280000806000d2
:1090c40070f1880090002000a0988800b02821004a
:1090d40041c1b30001487800b02821001040780055
:1090e4000004e0005f003a0071f18000f0ff280006
:1090f4000080600070f1880010398100e20f500098
:1091040002003a0010002000103989000000eb0032
:10911400a098880058003700204981006100600051
:109124000000e00004003a0010002000103989001b
:109134000000eb00a0988800b028210010407800bf
:109144000004e00049003a001000200010398900b2
:109154000000eb00a09888004700370020498100f8
:10916400610060000000e0001d003a00a07d2c00ba
:1091740084d602000100000070a120004c380200d7
:109184000100000080e32100104078000004e000aa
:109194000600320012c0b30071a1200080e3210058
:1091a400b2c50200000000000300370070a12000d7
:1091b40084d602000100000010398100e30f500042
:1091c40003003a00600020001039890002003700d3
:1091d4000000eb00103989000000eb00a098880023
:1091e400b0282100104078000004e00021003a007b
:1091f40010398100e30f500003003a0060002000a2
:1092040010398900020037000000eb001039890092
:109214000000eb00a0988800170037000000eb0066
:10922400a098880000000000130037000000000030
:1092340011003700000000000f003700000000009c
:109244000d003700000000000b0037000000000094
:10925400090037000000000007003700000000008c
:109264000500370000000000030037000000000084
:1092740001003700000000000080fa000000060032
:109284000400fa00e09a8000e10f5000310132003e
:10929400e10f500003003900e20f50004701320093
:1092a4005601370020498100610060000000e000a1
:1092b4003a003a0020078100610060000000e000ed
:1092c40036003a0020078100620060000000e000e0
:1092d40032003a0020078100640060000000e000d2
:1092e4002e003a0010ad2200104078000004e00087
:1092f4002a00320010ad2200104078000080fb00ec
:10930400e10f500003003200e20f5000070032006a
:109314001d003700e8d602000100000020a92c003f
:1093240084d6020001000000ffff3700b16d800009
:1093340000ff2f0000806000b06d8800b06d8000d9
:109344000050a100b06d8800a0092200f1c3b30051
:1093540001487800b00922008040eb000148780001
:10936400a00d2200f1c3b30001487800a00d220033
:1093740090407800a028210001487800800e200049
:10938400d09888000000000010ad22008040eb005f
:1093940001487800800e2000d098880020078100c2
:1093a400614060000080fb006100600000407800c4
:1093b4000004e000df00320020078100620060004a
:1093c4000000e000db003a00e8d6020001000000e3
:1093d40020aa2c0084d6020001000000601822009c
:1093e40084d602000100000000ab2c0084d60200e9
:1093f40001000000001a220084d6020001000000cf
:1094040070ab2c0084d6020001000000901a2200e8
:1094140084d6020001000000f0ab2c0084d60200c8
:1094240001000000900d8100801f780050ac2c00da
:10943400801f7800c0c820009204020000000000d1
:10944400e4875700c0c8200084d602000100000051
:1094540080ac2c0084d6020001000000500e2200d3
:1094640084d602000100000000ad2c0084d6020066
:109474000100000031ad2c00f0b3200028d202001e
:1094840001000000100798009e009000f0b3200037
:1094940000804000011a220028d2020001000000ce
:1094a4009e00900000804000100798009e009000ed
:1094b400f0b320000080400071ad2c0028d20200df
:1094c400010000009e0090000080400010079800fa
:1094d4009e009000f0b3200000804000911a22000a
:1094e40028d20200010000009e009000008040008d
:1094f4001007980012c0b3008000eb00f0b3200006
:10950400f8720200000000000000eb00000f780079
:1095140082c0b30091ad2c00500e2200f2d10200a3
:10952400010000000000e0001d003a0017003700b1
:10953400400e22001e0040009040900000c6b30080
:1095440080cf500010003400400e22001e00400066
:1095540090409000a0c7b30080cf50000a003c00a8
:10956400400e22001e004000104090008040780011
:1095740000ceb30000c0400080407800400e2200be
:109584001e004000114098001e0fe800400e22000b
:109594001e004000104090000004e000e4ff3a0088
:1095a400200781000000a100200789002007810016
:1095b4000010a00020078900500e2200904078007f
:1095c40020c5b30080cf500005003a00600e220091
:1095d4009040780000c2b30080cf500014003200e5
:1095e400500e22009040780090c4b30080cf500009
:1095f40017003a00600e22009040780000c5b300c6
:1096040080cf500012003a00700e22009040780083
:1096140010c4b30080cf50000d003a00800e220029
:109624009040780050c5b30080cf500008003a0045
:10963400941a2200031a220062182200510e2200fa
:1096440020ae2c0006500200000000003900370054
:10965400941a2200031a220062182200510e2200da
:10966400a0ae2c000650020000000000f0b3200061
:109674008040eb0001487800601822001ad30200f1
:10968400010000000000e0002a003200931a2200ca
:10969400021a220061182200500e220018be020095
:1096a40000000000f0b32000104078000004e00047
:1096b4002000320020498100610060000000e000c9
:1096c40008003a000041eb00f1b3200060182200ca
:1096d400b2c502000000000020002000e09a8800cb
:1096e4000a003700f1b32000a09e220028d2020015
:1096f4000100000061182200b0a8220028d2020054
:109704000100000010002000e09a8800d028210009
:1097140041c1b30001487800f0b320008040eb0061
:109724000148780011c0b300000120000634020093
:1097340001000000e09a80000000e00033003a00dd
:1097440021032000c0c0b300206902000100000012
:109754003100370020498100610060000000e00012
:109764000b003a000041eb00a19e2200b0a82200a9
:10977400b2c502000000000020002000e09a88002a
:10978400d028210041c1b30001487800040037000b
:1097940021032000c0c0b3002069020001000000c2
:1097a400d0282100104078000004e00019003a009d
:1097b4000000eb00e09a8800170037002049810080
:1097c400610060000000e00004003200d0282100a5
:1097d400104078000004e00003003a000000eb00b1
:1097e400e09a88000c00370021032000c0c0b300b9
:1097f4002069020001000000070037000000eb00b0
:10980400e09a880000000000030037000000000018
:1098140001003700000000000080fa00000006008c
:109824002e00fa00309c8000e10f50001d00320031
:10983400e10f500003003900e20f5000b70032007e
:109844004801370010b3200010407800e14f500069
:109854000400320010b3200010407800e24f5000a2
:109864000b003a00d1988000f00f2000808f500048
:109874000700320010b3200090407800c0cd2200d1
:109884000148780010002000309c88004101370016
:10989400411f200030c1b300206902000100000014
:1098a4003c01370020498100610060000000e000b5
:1098b40033013a0080bb210010407800e14f500092
:1098c40031013a00d02a2100104078000004e00061
:1098d4002f013a000e80e800920120008000eb0086
:1098e400c8040200000000000e80e80024cb22001f
:1098f40043cb2200000178006102200000cab300bb
:10990400c0d00200010000000040eb00305f98006e
:109914000e80e8001ad30200010000000000e000fd
:109924006f003200607f2c0084d60200010000002a
:10993400700220000e004000f692020001000000b8
:109944000000eb00000f78009e00780020b3200098
:10995400808040007e60900022c0b300d2a002004c
:10996400010000001e0f40009e00780020b320007c
:10997400808040000e68900022c0b300d2a0020094
:10998400010000001e0f40009e00780020b320005c
:10999400808040001e68900022c0b300d2a0020064
:1099a400010000001e0f4000c17f2c00f0b3200016
:1099b40028d2020001000000000f78009e00780009
:1099c400f0b3200000804000c1802c0028d20200a7
:1099d400010000001e0f40009e007800f0b320003c
:1099e400008040008e80e80028d2020001000000c0
:1099f4001e0f40009e007800f0b32000008040005d
:109a040021812c0028d20200010000001e0f40001a
:109a14009e007800f0b320000080400021b32000b5
:109a240028d20200010000001e0f40000e80e80052
:109a340012c0b300f1b32000b2c502000000000060
:109a4400f0b320008040eb000148780010b3200000
:109a540031c0b3000148780020002000309c880009
:109a6400813e200030c1b3002069020001000000e3
:109a7400d0cd22008040eb000148780010b32000d4
:109a840031c0b30001487800e8d6020001000000ac
:109a940070812c0084d6020001000000c0cd220099
:109aa400104078000080fb00e10f500003003200fa
:109ab400e20f500005003200b600370080832c000e
:109ac40084d60200010000000400370030842c001a
:109ad40084d602000100000000000000ad00370041
:109ae400e8d6020001000000e0842c0084d60200c5
:109af4000100000010b320008040eb000148780012
:109b04008138210030c1b300206902000100000047
:109b14000000eb00309c88009e00370010b320004a
:109b240010407800e14f50000400320010b32000d0
:109b340010407800e24f500002003a00100020006c
:109b4400309c880010b3200010407800e44f50008f
:109b540031003a00500220000e0040002200200094
:109b64008000eb00c8040200000000005002200046
:109b74000e00400025cb220044cb22008001780057
:109b840012c0b3005103200000cab300dc900200ed
:109b940001000000de60900010c3b30080cf5000cd
:109ba4000f003200500220000e00400091872c006c
:109bb40066d2020001000000500220000e004000a6
:109bc40025cb220044cb22008001780012c0b300d0
:109bd4005103200000cab300cc8f02000100000032
:109be40010b320008040eb000148780020b320002f
:109bf4008040eb00014878000000eb00309c8800b6
:109c0400e8d6020001000000b0872c0084d60200d0
:109c1400010000005f003700d0cd22001040780022
:109c24008040e800d0cd220001487800d0cd220049
:109c3400104078000004e00045003a00c0cd220046
:109c4400104078000080fb00e10f50000300320058
:109c5400e20f50002a003200350037005002200085
:109c64000e004000220020008000eb00c804020027
:109c740000000000500220000e00400025cb22000e
:109c840044cb22008001780012c0b30051032000ad
:109c940000cab300dc90020001000000de60900006
:109ca40000c3b30080cf50000f00320050022000e8
:109cb4000e00400051892c0066d202000100000011
:109cc400500220000e00400025cb220044cb22008d
:109cd4008001780012c0b3005103200000cab30011
:109ce400cc8f020001000000e8d602000100000051
:109cf40070892c0084d60200010000000c0037009b
:109d0400024f8100134f8100404181005141810085
:109d1400800f5100818f590004003a00701d220009
:109d24008040eb000148780001003700000000008b
:109d34000000eb00309c880020b320008040eb0042
:109d44000148780010b320008040eb0001487800ff
:109d5400411f200030c1b30020690200010000004f
:109d64000c0037000000eb00309c880020b320007a
:109d74008040eb0001487800000000000500370037
:109d8400000000000300370000000000010037005d
:109d9400000000000080fa00000006000a00fa003b
:109da40030079800410798000000eb00000f78008e
:109db40002012000f10f20004e009000c8040200b0
:109dc400000000003e009000104078008080fb00fe
:109dd400b0022000808f50000a003a004e0090002c
:109de400b1cbb300014878001000200010079800a0
:109df400100020002007980010002000000f7800b9
:109e0400190037003e00900090407800f0c2b30083
:109e140080cf50000f0036003e0090009040780044
:109e240090c3b30080cf50000a003e004e00900063
:109e3400a1cab300014878000000eb0010079800a5
:109e4400100020002007980010002000000f780068
:109e5400050037004e009000c1cfb30001487800e0
:109e64000000eb00000f78001e0078000000e00006
:109e74004e0032003c0037002e009000ce009000cf
:109e8400008040009e0090003e019000810041004f
:109e94001141780001cdb30081404100c408dd00c8
:109ea400014878001e0090000000e80010079800a8
:109eb4001e009000be00900000804000904078009a
:109ec400f0c2b30080cf50001b0036001e0090008b
:109ed400be009000008040009040780090c3b30022
:109ee40080cf500014003e002e009000ce00900061
:109ef40000804000ae0090004e01900081004100bf
:109f040091407800014178009e009000be019000cd
:109f1400818041009141780001cdb30081c04100ae
:109f240081407100014878001e0090000000e800a4
:109f340010079800090037002e009000ce00900012
:109f440000804000ae0090004e019000810041006e
:109f540091407800f140b300014878002e00900051
:109f64000000e800200798001e009000be0090004a
:109f74000080400090407800f0c2b30080cf5000d1
:109f84000a0036001e009000be00900000804000d1
:109f94009040780090c3b30080cf500003003e008f
:109fa4001e009000f80f5000b3ff34000080fa0048
:109fb400000006000c00fa004007980051079800c2
:109fc4000000eb00000f7800a20120008000eb00ed
:109fd4005e009000c8040200000000004e009000e3
:109fe400104078000080fb00a10a2000810f50007f
:109ff4000d003200b10b2000810f500011003a0017
:10a004005e009000b1c2b300014878001000200047
:10a01400100798001000200020079800100020006e
:10a02400000f78000c0037000000eb0010079800c8
:10a03400100020002007980010002000000f780076
:10a04400050037005e009000a1c5b3000148780008
:10a054000000eb00000f78001e0078000000e00014
:10a06400430032000040eb0060479800370037009f
:10a074002e009000ce009000008040001040780038
:10a084008080fb00000f200080806000000f200013
:10a09400808f50002b0032001e009000de009000e4
:10a0a40000804000ae0090004e019000810041000d
:10a0b400914078008180fb00c408de008140780074
:10a0c4000143b000014878001e0090000000e80041
:10a0d400100798002e009000ce00900000804000f1
:10a0e400104078000080fb006f006000ef0f50000c
:10a0f400110032001e009000de009000008040003d
:10a10400ae0090004e019000810041009140780023
:10a11400efc060000143b000014878001e009000c9
:10a124000000e800100798002e0090000000e800ee
:10a13400200798000500370010c0b300604798005e
:10a144000200370010c0b300604798001e00900062
:10a15400f80f500006003c002e009000ee0f500057
:10a1640003003c006e4090000004e000c0ff320099
:10a174001e0078000080fa00000006001a00fa00b1
:10a1840000579800110f9800220f9800330f980081
:10a19400440f9800ce0a90003e0a90008e01780089
:10a1a400f2c0b3009e0890000e509000dc900200b4
:10a1b400010000009e407800b0c2b30080cf500080
:10a1c40020003a009e409000f0c2b30080cf5000bf
:10a1d4001c0036009e40900090c3b30080cf500016
:10a1e40018003e00ae409000f0c2b30080cf500093
:10a1f40014003600ae40900090c3b30080cf5000ee
:10a2040010003e008e0078002e089000e20020002e
:10a2140022060200000000002e0890006f0040009b
:10a224008040eb00014878004e0a9000be0990007f
:10a234002e0990009e0890000e5090000600070022
:10a2440003003700ae0890000e00780059ff0700a5
:10a254000080fa00000006001a00fa000057980077
:10a26400110f9800220f9800330f9800440f9800a4
:10a274008e0078002e089000c8fe0700ce0a9000d9
:10a284003e0a90008e017800f2c0b3009e08900050
:10a294000e509000cc8f0200010000000080fa00f4
:10a2a400000006000800fa00200798003107980013
:10a2b4000000eb00100798000000eb00000f78008e
:10a2c4003e009000aea002000100000010079800bc
:10a2d4000000eb00000f78000d0037001e0078002e
:10a2e400ae00900000804000904078001e0078008e
:10a2f4003e019000000041001040780080cf5000e3
:10a30400020032000000eb00060037001e0fe800d8
:10a314001e0090009e007800808f5000efff3500f3
:10a32400100020000080fa00000006000600fa0079
:10a3340010079800210798000000eb00000f780038
:10a344000d0037001e0078009e0090000080400041
:10a35400904078001e0078002e019000000041001b
:10a364001040780080cf5000020032000000eb0063
:10a37400190037001e0fe8001e0078009e009000b0
:10a3840000804000104078000004e0000600320025
:10a394001e007800ae00900000804000104078005d
:10a3a4000004e000e7ff3a001e0078009e009000e1
:10a3b40000804000904078001e0078002e0190003c
:10a3c400000041001040780000c068000080fb00dd
:10a3d4000000e9004f00de000080fa0000000600e3
:10a3e4000800fa00100798002107980062479800b7
:10a3f4000000eb00000f78000d0037001e0078000d
:10a404009e00900000804000904078001e0078007c
:10a414002e019000000041001040780080cf5000d1
:10a42400020032000000eb00060037001e0fe800b7
:10a434006e4090000080fb009e0f5000efff3c0038
:10a44400100020000080fa00000006000a00fa0054
:10a454003007980041079800ce009000110798003b
:10a46400be009000010f78000000eb002007980068
:10a474000b0037001e009000904078001e0078000a
:10a48400014878001e0090000000e80010079800c2
:10a494001e0fe8002e0090000000e800200798003e
:10a4a4001e009000104078000004e000f1ff3a0024
:10a4b4001e0078008040eb00014878002e009000d8
:10a4c4000080fa00000006000a00fa003007980035
:10a4d40041079800ce00900011079800be0090003c
:10a4e400010f78000000eb00200798000b003700f4
:10a4f4001e009000904078001e007800014878000b
:10a504001e0090000000e800100798001e0fe800ed
:10a514002e0090000000e800200798001e00900024
:10a52400104078000004e000f1ff3a001e007800bb
:10a534008040eb00014878002e0090000080fa0073
:10a54400000006000e00fa0040079800510798002a
:10a55400424f9800de00900011079800ce00900052
:10a56400010f78000000eb00200798000040eb008a
:10a57400604798000e0037001e009000904078005d
:10a584001e007800014878001e0090000000e800da
:10a59400100798001e0fe8002e0090000000e8004d
:10a5a400200798006e4090000040e8006047980043
:10a5b4001e009000104078000004e0000700320004
:10a5c4006e4090008000fb004e4890000000fb00ad
:10a5d4000000e900808f5000e7ff35001e0078007e
:10a5e4008040eb00014878002e0090000080fa00c3
:10a5f400000006000200fa00004f7800f0c2b30029
:10a604009e40780080cf50000600340090c3b30011
:10a614009e40780080cf500002003c0010002000d3
:10a62400010037000000eb000080fa000000060083
:10a634000400fa00100798000000eb00000f7800f7
:10a644001e00900090407800b0c2b30080cf50004c
:10a6540009003a001e0090000000e800100798006e
:10a66400060037001e0090000000e8001007980064
:10a674001e0fe80001003700000000001e009000db
:10a6840010407800dbff07000000e000f5ff3a000f
:10a694001e009000104078000004e0000200320028
:10a6a4000000eb00000f78001e0078000080fa0024
:10a6b400000006000800fa001007980041479800bf
:10a6c400320798000040eb00004f78000f0037007d
:10a6d4001e80fb009e009000008040001040780027
:10a6e4008000fb004e4090000080fb00808f5000f3
:10a6f40005003a009e80fb003e00900001087800af
:10a7040010002000080037001e4fe8001e80fb00e8
:10a714009e00900000804000104078000004e0009b
:10a72400ebff3a000000eb000080fa000000060096
:10a734000c00fa003007980041079800520798006f
:10a744000000eb00000f78000000eb0020079800e9
:10a754004e00900010407800204798001e007800ba
:10a76400be00900000804000e40047000101780032
:10a77400ae409000cfff0700e10f50000f003a00f9
:10a784002e0090001e004000be009000008040009b
:10a79400ce00900054d1020001000000e10f5000ef
:10a7a40008003a002e0090009e0040005e009000d9
:10a7b4000108780010002000060037000000eb00bc
:10a7c400040037002e0090001e0f40001e0fe8000a
:10a7d400e2ff37000080fa00000006000a00fa00d9
:10a7e4003007980041079800be00900011079800b8
:10a7f400030037001e0090000000e80010079800d6
:10a804001e009000104078000004e000f9ff3a00b8
:10a81400ce00900021079800030037002e0090001e
:10a824000000e800200798002e00900010407800f7
:10a834000004e000f9ff3a000040eb00004f78000c
:10a84400070037001e4fe8001e0090000000e900da
:10a85400100798002e0090000000e90020079800df
:10a864001e009000904078002e0090001040780068
:10a8740080cf500008003a009e0090003e009000f7
:10a88400808f500004003900ae0090004e0090000c
:10a89400808f5000ebff31001e4078000080fa00ea
:10a8a400000006000a00fa001007980041479800cb
:10a8b40032079800430798003e0090008040eb0068
:10a8c400014878004e0090008040eb000148780079
:10a8d4001c0037003e009000104078006a00b90068
:10a8e4000000780000407800804078003e0090002e
:10a8f400014878003e0090001040780080407800c5
:10a904001e0090001040780080c0400000cdb300cd
:10a9140000c04000804078003e009000014878006c
:10a924001e0090000000e800100798004e00900000
:10a93400104078000040e800804078004e0090000d
:10a94400014878001e00900010407800fcd20200fc
:10a95400010000000000e000deff3a001e0090004d
:10a96400904078004e40900080cf500004003200a8
:10a974001e009000104078000004e00003003a003c
:10a9840010002000000f7800020037000000eb00e8
:10a99400000f78001e0078000080fa000000060016
:10a9a4000400fa0030998000e30f50004c0032009c
:10a9b400e30f500005003e00e10f50001600320086
:10a9c400e10f50003f003e0009003700a10f2000b6
:10a9d400810f500060003200b10f2000810f500041
:10a9e40065003200ea0f5000400032006e0037006c
:10a9f400509a8000e20f500078003600519a80008f
:10aa0400b0122000808f500076003e00100020001d
:10aa140030998800780037000000eb00000f7800c0
:10aa24000000eb00100798000e0037001e00900095
:10aa34004200dd00c1db2000614078008080fb0023
:10aa440000022000008060000000e00002003200ec
:10aa540010002000000f78001e0090000000e800a5
:10aa6400100798001e009000e30f5000efff340021
:10aa74001e0078000000e0000b003a00017d200079
:10aa840030c0b3002069020001000000a00f2000c4
:10aa9400309988008040eb0000102000063402004a
:10aaa4000100000054003700017d200030c0b300d5
:10aab4002069020001000000200020003099880075
:10aac4004d003700017d200030c0b3002069020032
:10aad4000100000030002000309988004600370053
:10aae400a000200030998800430037001081200026
:10aaf400104078000004e0000c0032008040eb00bd
:10ab0400001020000634020001000000f080200044
:10ab140010407800804078000114a000f0802000ec
:10ab240001487800a00f200030998800008120009f
:10ab3400104078000004e0002c003a008040eb0054
:10ab4400001020003834020001000000a00f200093
:10ab54003099880028003700f080200010407800e9
:10ab6400804078000154a100f08020000148780062
:10ab7400b00f200030998800509a8000e10f5000f7
:10ab84001c003e00f08020001040780080407800d7
:10ab94000154a100f0802000014878000000eb007f
:10aba40030998800140037000000eb0030998800c9
:10abb400f080200010407800804078000154a1000b
:10abc400f080200001487800a0b92c0084d602004f
:10abd4000100000000000000070037000000000032
:10abe40005003700000000000300370000000000eb
:10abf40001003700000000000080fa000000060099
:10ac04000200fa00004f78006082220010407800b1
:10ac14009e4f500003003a00304181000090a00094
:10ac2400304189001e407800ea4f50000300320092
:10ac34001e407800ed4f500014003a00407222008c
:10ac4400104078000004e0001e0032004072220030
:10ac5400104078000080fb00517222000041eb009c
:10ac6400827078008001eb000001eb008000eb00b3
:10ac74005072220018be0200000000004072220040
:10ac84008040eb00014878000e0037001e40780039
:10ac9400ed4f50000b00320040722200104078004b
:10aca4000080fb001e4178005172220082707800ff
:10acb40040722200104078008040e8004072220078
:10acc400014878000080fa00000006000000fa0045
:10acd40080002000701d8800b023ef0020022000b7
:10ace400b01d8800b823ef009bc0a800afe3a80004
:10acf400b143a800b183a800b686a8000080fa007a
:10ad0400000006000200fa00000f78001e00780020
:10ad1400104078000004e000110032000000000040
:10ad24000100370000000000811d80000010200099
:10ad3400008060000000e000fbff32001e0078008d
:10ad4400104078000000fb00901d88001e0fe800f2
:10ad54001e007800104078000004e000f1ff3a0083
:10ad64000080fa00000006000200fa00000f7800dc
:10ad74001e007800104078000004e000110032004a
:10ad8400000000000100370000000000811d800069
:10ad940000102000008060000000e000fbff320093
:10ada4001e007800104078000080fb00901d880091
:10adb4001e0fe8001e007800104078000004e00038
:10adc400f1ff3a000080fa00000006000000fa00db
:10add40020b82c00cbff07000080fa00000006001a
:020000040000fa
:020000040003f7
:10ade400382c00001e0000008200000023462300cf
:10adf40049234e002354230052234100234e2300b1
:10ae0400532350002341230052234500234e2300a3
:10ae14005400000000080000aa0b0000800000009d
:10ae2400902c00001400000080000000d22c0000d0
:10ae34000400000080000000b22c00000c000000a0
:10ae440080000000242700000401000080000000ae
:10ae540028280000f6000000800000001e290000e1
:10ae6400cc00000080000000ea290000bc000000c3
:10ae740080000000242b00005c0000008000000023
:10ae8400f82b00002000000080000000802b000050
:10ae94004e00000080000000aa1300000e0800000d
:10aea40080000000d62c0000020000008200000098
:10aeb400feff0000d82c000002000000800000000b
:10aec400da2c00000200000080000000dc2c0000ee
:10aed4000200000080000000ce2b00002a000000c9
:10aee40080000000ca2c000008000000820000005e
:10aef4000100010000ff0000feff0000b81b00007d
:10af04009606000080000000742c00001c00000065
:10af140080000000182c00002000000080000000c9
:10af2400a62a00007e00000080000000be2c000065
:10af34000c00000080000000a42c00000e000000a3
:10af440082000000ffffff00fffa000060ea00003b
:10af540000050000050000004e220000d604000099
:10af640080000000562c00001e000000820000003b
:10af7400286e69006c29000025006800076c090030
:10af84004c836a009074a0007ac000008068880036
:10af940000846c0082008100de2c000002000000ae
:08afa400800000000000000025
:020000040000fa
:020000040003f7
:10afac000000fa000080fa00000006000200fa001f
:10afbc00004f78001e80fb00e10f500003003200b0
:10afcc00e20f50002500320051003700d0c921009b
:10afdc0025cb220044cb220080017800e2c1b300d3
:10afec001130200000cab300dc9002000100000008
:10affc00a0d1210025cb220044cb22008001780077
:10b00c0022c0b3001134200000cab300dc9002004f
:10b01c0001000000a0cd210025cb220044cb220052
:10b02c0080017800e2c1b3004134200000cab300b3
:10b03c00dc9002000100000090cf210025cb220003
:10b04c0044cb220080017800e2c1b30021362000fd
:10b05c0000cab300dc90020001000000d0c921003e
:10b06c0025cb220044cb220080017800e2c1b30042
:10b07c001138200000cab300dc900200010000006f
:10b08c00a0d1210025cb220044cb220080017800e6
:10b09c0022c0b300113c200000cab300dc900200b7
:10b0ac0001000000a0cd210025cb220044cb2200c2
:10b0bc0080017800e2c1b300413c200000cab3001b
:10b0cc00dc9002000100000090cf210025cb220073
:10b0dc0044cb220080017800e2c1b300213e200065
:10b0ec0000cab300dc9002000100000080d12100f6
:10b0fc0025cb220044cb22008001780012c0b30083
:10b10c002141200000cab300dc90020001000000c5
:10b11c0090d121008040eb00014878000080fa00bb
:10b12c00000006000000fa0000998000e10f5000ba
:10b13c001e003200e10f500003003900e20f5000f6
:10b14c00240032002c003700ca06a900ca26a80029
:10b15c00a00d22009040780010c3b30080cf5000a7
:10b16c0005003200a00d22009040780050c3b300bf
:10b17c0080cf500005003a00419c200020c0b30055
:10b18c00206902000100000004003700411f20006c
:10b19c0020c0b3002069020001000000009980006b
:10b1ac000000e8000099880016003700ca06a900c4
:10b1bc00ca26a900411f200020c0b300206902004c
:10b1cc0001000000009980000000e8000099880050
:10b1dc000c003700ca06a800ca26a900411f20008f
:10b1ec0020c0b30020690200010000000000eb0049
:10b1fc0000998800030037000000eb0000998800dc
:10b20c00000000000080fa00000006000200fa00b6
:10b21c00004f7800114798001e407800e54f500011
:10b22c000200360050c0b300004f78001049810076
:10b23c000000e00024003a00109b80000000e000b9
:10b24c0021003a00409b80000000e0001e003a0004
:10b25c00509a8000e10f50001b003a001e80fb004a
:10b26c00104989001e409000614060000080fb0086
:10b27c0061006000f14881000100a1000100700034
:10b28c00f0488900f04881000010a000f0488900c7
:10b29c001e4090000004e00003003a00800c2000e7
:10b2ac000049890002003700401f20000049890036
:10b2bc0090d5200011c0b3000148780040c5b30000
:10b2cc000cb702000100000010498100004078001a
:10b2dc000080fa00000006000000fa000080fa006e
:04b2ec000000060058
:020000040000fa
:020000040003f7
:10b2f000f03fb1000180b10006003500ee03090007
:10b3000000000000403fb1000180b100fbff3d00a4
:10b310001000b000203fb00002003500008009009e
:08b3200000000000000006001f
:020000040000fa
:02000004000af0
:04be0000ffffff0041
:020000040000fa
:02000004000af0
:04be2000ff1f000000
:020000040000fa
:02000004000af0
:04be300009ffff0007
:020000040000fa
:02000004000af0
:04be380047ffff00c1
:020000040000fa
:02000004000af0
:04be4000bbffff0045
:020000040000fa
:02000004000af0
:04be4800ffffff00f9
:020000040000fa
:02000004000af0
:04be5000df7fff0091
:020000040000fa
:02000004000af0
:04be5800ffffff00e9
:020000040000fa
:020000040100f9
:04300000feffff00d0
:00000001FF
